2024-10-14 19:13:56,213 - fl_main - INFO - data divide is iid
2024-10-14 19:13:56,256 - fed_utils - INFO - generating secret number and splitting it ...
2024-10-14 19:13:56,256 - fed_utils - INFO - secret_number : 11180969933556946136497705129194211707407667427509300213164525355435356644006
2024-10-14 19:13:56,256 - fed_utils - INFO - client_dict[f_00000].share : 10970318759026230112393084417946120829720722247353578547973501143718349402758
2024-10-14 19:13:56,256 - fed_utils - INFO - client_dict[f_00001].share : 210651174530716024104620711248090877686945180155721665191024211717007241248
2024-10-14 19:13:56,256 - server_base - INFO - Server set model shape and dtype ...
2024-10-14 19:13:56,256 - server_base - INFO - Server generate pk and sk ...
2024-10-14 19:13:56,314 - server_base - INFO - Public key : <PaillierPublicKey 1d6443fb25>
2024-10-14 19:13:56,315 - server_base - INFO - Private key : <PaillierPrivateKey for <PaillierPublicKey 1d6443fb25>>
2024-10-14 19:13:56,316 - fl_main - INFO - Training process start ...
2024-10-14 19:13:56,316 - fl_main - INFO - global round : 0
2024-10-14 19:13:56,316 - fl_main - INFO - the random client id to test accuracy : f_00001
2024-10-14 19:13:56,316 - fl_main - INFO - ----- client id [f_00000] -----
2024-10-14 19:13:56,317 - fl_main - INFO - client_dict[f_00000] training ...
2024-10-14 19:13:58,819 - client_base - INFO - client_dict[f_00000] training epoch : 0
2024-10-14 19:14:00,244 - client_base - INFO - client_dict[f_00000] training epoch : 1
2024-10-14 19:14:01,444 - fl_main - INFO - client_dict[f_00000] local model encrypting ...
2024-10-14 19:14:02,635 - fed_utils - INFO - encrypting key : conv1.weight, length : 150, cost time : 0m 1s
2024-10-14 19:14:02,684 - fed_utils - INFO - encrypting key : conv1.bias, length : 6, cost time : 0m 0s
2024-10-14 19:14:21,930 - fed_utils - INFO - encrypting key : conv2.weight, length : 2400, cost time : 0m 19s
2024-10-14 19:14:22,068 - fed_utils - INFO - encrypting key : conv2.bias, length : 16, cost time : 0m 0s
2024-10-14 19:20:43,580 - fed_utils - INFO - encrypting key : fc1.weight, length : 48000, cost time : 6m 21s
2024-10-14 19:20:44,543 - fed_utils - INFO - encrypting key : fc1.bias, length : 120, cost time : 0m 0s
2024-10-14 19:22:04,999 - fed_utils - INFO - encrypting key : fc2.weight, length : 10080, cost time : 1m 20s
2024-10-14 19:22:05,677 - fed_utils - INFO - encrypting key : fc2.bias, length : 84, cost time : 0m 0s
2024-10-14 19:22:12,521 - fed_utils - INFO - encrypting key : fc3.weight, length : 840, cost time : 0m 6s
2024-10-14 19:22:12,602 - fed_utils - INFO - encrypting key : fc3.bias, length : 10, cost time : 0m 0s
2024-10-14 19:22:12,602 - fl_main - INFO - Server receive client_dict[f_00000] info ...
2024-10-14 19:22:12,602 - fl_main - INFO - ----- client id [f_00001] -----
2024-10-14 19:22:13,386 - fl_main - INFO - client_dict[f_00001] testing accuracy : 0.104500
2024-10-14 19:22:13,386 - fl_main - INFO - client_dict[f_00001] training ...
2024-10-14 19:22:13,386 - client_base - INFO - client_dict[f_00001] training epoch : 0
2024-10-14 19:22:14,585 - client_base - INFO - client_dict[f_00001] training epoch : 1
2024-10-14 19:22:15,804 - fl_main - INFO - client_dict[f_00001] local model encrypting ...
2024-10-14 19:22:17,000 - fed_utils - INFO - encrypting key : conv1.weight, length : 150, cost time : 0m 1s
2024-10-14 19:22:17,049 - fed_utils - INFO - encrypting key : conv1.bias, length : 6, cost time : 0m 0s
2024-10-14 19:22:36,307 - fed_utils - INFO - encrypting key : conv2.weight, length : 2400, cost time : 0m 19s
2024-10-14 19:22:36,444 - fed_utils - INFO - encrypting key : conv2.bias, length : 16, cost time : 0m 0s
2024-10-14 19:28:58,862 - fed_utils - INFO - encrypting key : fc1.weight, length : 48000, cost time : 6m 22s
2024-10-14 19:28:59,832 - fed_utils - INFO - encrypting key : fc1.bias, length : 120, cost time : 0m 0s
2024-10-14 19:30:20,195 - fed_utils - INFO - encrypting key : fc2.weight, length : 10080, cost time : 1m 20s
2024-10-14 19:30:20,873 - fed_utils - INFO - encrypting key : fc2.bias, length : 84, cost time : 0m 0s
2024-10-14 19:30:27,732 - fed_utils - INFO - encrypting key : fc3.weight, length : 840, cost time : 0m 6s
2024-10-14 19:30:27,812 - fed_utils - INFO - encrypting key : fc3.bias, length : 10, cost time : 0m 0s
2024-10-14 19:30:27,812 - fl_main - INFO - Server receive client_dict[f_00001] info ...
2024-10-14 19:30:27,812 - fl_main - INFO - global aggregation process ...
2024-10-14 19:30:27,813 - fed_utils - INFO - server.n_data : 60000
2024-10-14 19:30:27,813 - fed_utils - INFO - client_dict[f_00000].n_data : 30000
2024-10-14 19:30:27,813 - fed_utils - INFO - client_dict[f_00000].weight : 0.500000
2024-10-14 19:30:27,813 - fed_utils - INFO - client_dict[f_00001].n_data : 30000
2024-10-14 19:30:27,813 - fed_utils - INFO - client_dict[f_00001].weight : 0.500000
2024-10-14 19:30:27,813 - fed_utils - INFO - recover secret number by clients: 5590484966778473044707127673746905818619865492981708132685086479883813519360
2024-10-14 19:30:27,813 - server_base - INFO - Server aggregate model with homomorphic encryption ...
2024-10-14 19:30:55,717 - fed_utils - INFO - decrypting key [conv1.weight].shape [torch.Size([6, 1, 5, 5])]
2024-10-14 19:30:55,717 - fed_utils - INFO - decrypted key [conv1.weight] : tensor([[[[ 0.1213,  0.0837,  0.3707,  0.2886,  0.1153],
          [ 0.1126,  0.1064,  0.3553,  0.2001,  0.2278],
          [ 0.1119,  0.2365, -0.0807, -0.0753,  0.2378],
          [ 0.1557, -0.1368,  0.1100,  0.0704,  0.2246],
          [-0.2684, -0.2524, -0.0708, -0.2374, -0.1453]]],


        [[[ 0.1400,  0.1866,  0.2497,  0.0051, -0.1188],
          [-0.1200, -0.0685,  0.2628,  0.2798, -0.0631],
          [-0.0939, -0.0375, -0.1088,  0.2642,  0.1011],
          [ 0.0027, -0.2295,  0.1387, -0.0595,  0.0062],
          [-0.0621, -0.2191, -0.1036, -0.1404,  0.0680]]],


        [[[-0.2209, -0.1055,  0.0673,  0.1498, -0.1069],
          [ 0.1099,  0.2105, -0.0942,  0.2637, -0.1036],
          [ 0.0706, -0.0105,  0.1420,  0.0456,  0.1277],
          [-0.0081,  0.1750,  0.2437, -0.0077,  0.1114],
          [ 0.1697,  0.3554,  0.2137, -0.0393,  0.1462]]],


        [[[ 0.0788,  0.0186,  0.0508,  0.1181,  0.1926],
          [ 0.2689,  0.2475, -0.0419,  0.2141, -0.1800],
          [ 0.0290,  0.2774,  0.1539, -0.0907, -0.1044],
          [ 0.2405,  0.2795,  0.2038,  0.2266,  0.2304],
          [-0.0115,  0.2652,  0.0877,  0.0142, -0.1409]]],


        [[[ 0.1563, -0.0815,  0.2178,  0.0954, -0.1646],
          [ 0.1326,  0.1940,  0.2572,  0.1401, -0.0560],
          [ 0.1156,  0.2104,  0.2469,  0.0945, -0.0097],
          [ 0.2113,  0.0324,  0.1284,  0.2337, -0.0314],
          [ 0.2534,  0.1442,  0.3259,  0.0312,  0.1643]]],


        [[[ 0.0711, -0.0235,  0.0082, -0.1884,  0.1531],
          [ 0.2139,  0.1336,  0.1500,  0.1370, -0.1693],
          [ 0.1878,  0.2889,  0.1930, -0.0377,  0.0884],
          [-0.1333, -0.0437,  0.2726,  0.2325,  0.1508],
          [ 0.0404,  0.3077,  0.2030,  0.2885, -0.1196]]]])
2024-10-14 19:30:55,732 - fed_utils - INFO - decrypting key [conv1.bias].shape [torch.Size([6])]
2024-10-14 19:30:55,732 - fed_utils - INFO - decrypted key [conv1.bias] : tensor([ 0.0768, -0.0467,  0.2561, -0.1313,  0.2532,  0.1692])
2024-10-14 19:31:01,206 - fed_utils - INFO - decrypting key [conv2.weight].shape [torch.Size([16, 6, 5, 5])]
2024-10-14 19:31:01,206 - fed_utils - INFO - decrypted key [conv2.weight] : tensor([[[[-8.2876e-02, -4.5148e-02, -5.5283e-02, -1.5543e-02, -4.0688e-02],
          [-6.6213e-02, -3.5591e-02,  4.1556e-02, -9.6362e-03, -6.0778e-03],
          [ 1.9900e-02, -2.0732e-02, -6.2695e-02, -4.8072e-02, -1.7287e-02],
          [ 4.9106e-03,  5.7637e-02,  6.9659e-02,  1.5905e-02, -7.4997e-02],
          [ 3.7304e-02,  9.2848e-02,  5.8155e-02, -9.1762e-02, -4.8139e-02]],

         [[-6.3200e-03,  1.4402e-02,  1.3756e-02,  1.7829e-02, -8.4130e-02],
          [-1.4127e-02, -5.8746e-02,  4.4151e-02, -6.0959e-02, -8.2412e-02],
          [-4.6697e-02,  2.1689e-02, -2.9862e-02, -6.4639e-03,  4.6396e-02],
          [ 8.6740e-03,  9.4310e-03, -4.1937e-02,  1.2032e-02, -1.3020e-02],
          [ 1.0086e-03, -6.2625e-03,  4.8051e-03, -6.1371e-02, -4.9253e-02]],

         [[ 7.4693e-02,  9.6528e-02,  2.5440e-02,  7.8784e-02, -2.4037e-02],
          [-7.7368e-02,  1.1411e-01,  4.0955e-02, -8.5145e-02, -3.2116e-02],
          [ 7.4569e-02,  7.4073e-04, -5.8110e-02, -9.9555e-02, -1.1689e-02],
          [ 1.1680e-01,  8.7674e-02, -7.4986e-02, -9.1076e-02, -2.8029e-02],
          [ 1.0356e-01,  2.7122e-02,  5.9552e-02, -4.2161e-02,  8.4131e-02]],

         [[ 1.4031e-02, -2.8071e-02,  1.5812e-02, -6.2794e-02, -3.2987e-02],
          [ 2.1252e-02,  7.7951e-02, -1.7877e-02,  8.3575e-02, -6.4239e-03],
          [ 3.5535e-03,  2.6366e-02, -1.9894e-02, -6.1492e-02, -6.7534e-02],
          [ 6.0773e-02,  1.1053e-01, -1.9773e-02, -6.5820e-02, -2.9045e-03],
          [ 1.6226e-02,  1.0728e-01, -1.8461e-02, -5.1272e-03,  2.4842e-02]],

         [[-4.4965e-02,  1.1272e-02,  7.0720e-02,  4.4071e-02,  5.5146e-02],
          [-3.2335e-02,  9.0198e-02, -2.6395e-02,  7.8315e-02, -6.3068e-02],
          [-1.4961e-02,  1.3830e-01,  4.8126e-03, -5.1647e-02,  4.3282e-02],
          [ 3.8620e-02,  1.3904e-01,  5.5566e-02,  1.4052e-02, -7.8087e-02],
          [ 7.6602e-02,  6.5755e-02,  5.9801e-02,  2.0471e-02, -3.1137e-02]],

         [[ 8.1848e-02,  8.2509e-02, -6.6034e-03, -7.5284e-02, -1.8718e-02],
          [-2.1534e-02,  7.5203e-03,  2.3878e-02, -4.8514e-02,  2.9589e-02],
          [ 1.8309e-02,  1.0811e-01,  2.2841e-02, -3.0254e-03, -3.2586e-02],
          [ 2.3614e-02,  4.1696e-02,  7.9553e-02, -7.1254e-02, -4.0322e-02],
          [-1.7689e-02,  7.7279e-02, -6.8114e-02,  7.1161e-02, -7.2826e-02]]],


        [[[ 3.7936e-02,  6.7260e-02,  9.1665e-02, -5.0321e-02,  7.5217e-02],
          [ 8.8901e-03, -2.9984e-02,  6.8993e-02, -2.5918e-02, -3.3661e-02],
          [-4.8829e-02, -6.6646e-02, -2.9071e-02, -4.8852e-02,  1.1714e-02],
          [ 1.0276e-01,  6.2894e-02,  2.0301e-03, -4.6169e-02, -1.4530e-02],
          [ 1.0967e-01,  7.8936e-02,  4.4818e-02,  1.5173e-02, -4.6113e-02]],

         [[ 5.9524e-02, -2.7764e-02,  8.1652e-02, -3.5038e-02, -3.2130e-02],
          [ 1.2350e-02, -3.1349e-02, -4.0066e-02, -7.5267e-02, -1.5203e-02],
          [-2.0447e-02, -1.7807e-02,  7.9993e-02,  6.2746e-02, -3.8535e-02],
          [ 1.3812e-03,  1.0768e-01,  6.5347e-02,  8.1430e-02,  2.5252e-02],
          [ 1.6681e-02,  7.7016e-02,  7.7119e-02, -3.5614e-03, -4.1902e-03]],

         [[-7.5996e-02, -2.5304e-02, -7.3905e-02, -3.3819e-02, -9.5105e-02],
          [ 1.4708e-03, -7.3998e-02,  2.9202e-02, -9.0399e-02, -5.3482e-02],
          [ 5.8020e-02,  5.3282e-02, -3.3891e-02,  3.5849e-02,  4.0952e-03],
          [ 7.2110e-02, -5.0370e-03,  7.8940e-02,  6.7267e-02, -4.3482e-02],
          [ 5.5985e-02, -8.8226e-02, -2.3518e-02, -4.2817e-02,  1.4430e-03]],

         [[ 3.8572e-02, -1.0792e-02,  2.7610e-02,  2.4500e-02, -8.9019e-02],
          [ 2.5768e-03,  1.8667e-03,  3.8570e-02,  3.0337e-02, -6.1118e-02],
          [-3.5431e-02, -5.1508e-02,  7.1756e-03,  2.9407e-02, -1.0122e-02],
          [-4.4712e-02,  6.5765e-02, -3.7076e-02,  1.3898e-02,  4.7727e-02],
          [-1.2076e-02, -2.5445e-02,  2.5697e-02,  4.2253e-03, -1.3740e-02]],

         [[-4.7027e-02,  7.6071e-03, -1.7794e-02,  5.5466e-02,  5.3367e-03],
          [-7.4619e-02,  7.3968e-02,  3.9378e-02, -6.2299e-02, -8.0360e-02],
          [ 6.4760e-02,  4.7084e-02,  1.4669e-02, -7.4411e-02, -2.6715e-02],
          [-2.0997e-02,  3.0213e-02,  8.9185e-03,  8.0186e-02,  7.7923e-02],
          [-2.2969e-02, -8.6900e-02,  8.3146e-02,  6.0317e-02, -4.5213e-02]],

         [[-2.1592e-02, -2.0390e-02,  4.3911e-02, -8.8645e-02,  6.2121e-02],
          [ 7.7307e-02, -3.6894e-02,  2.8840e-02,  1.6021e-02, -9.4110e-02],
          [-2.2754e-02, -5.0803e-02, -1.4411e-02,  8.0931e-02, -4.0536e-02],
          [-2.0511e-02,  2.7227e-02,  8.1081e-02,  8.8582e-02,  8.6983e-02],
          [-8.0647e-02, -4.6252e-02,  7.8005e-02,  6.9953e-02,  9.8920e-02]]],


        [[[-5.9437e-02,  5.6983e-02,  2.6563e-02, -6.8133e-02, -2.0893e-02],
          [ 5.8921e-02, -2.4294e-02,  7.5311e-02, -2.9731e-02,  5.0626e-02],
          [ 1.3856e-01,  1.1138e-01,  1.3557e-01,  7.9572e-02,  7.6233e-02],
          [ 2.7761e-02,  1.0013e-02,  4.7541e-02,  1.1973e-01,  8.5557e-02],
          [-4.1622e-02, -4.3607e-02,  1.8875e-02,  4.7515e-02, -1.3805e-02]],

         [[ 8.7388e-02, -1.9999e-02, -2.3428e-02,  1.1057e-02, -3.3102e-02],
          [ 9.8833e-02,  7.2904e-02, -4.0158e-02, -6.9361e-02, -8.0625e-02],
          [ 1.1302e-01,  7.0134e-02,  9.8997e-02,  1.8897e-02,  4.9724e-02],
          [ 7.8736e-02,  6.7279e-02,  2.6604e-02,  6.1319e-02,  8.8838e-02],
          [ 2.2871e-02, -7.1172e-02,  4.2892e-03, -2.8649e-02, -4.2682e-02]],

         [[-5.2510e-02,  1.0876e-01,  3.5198e-02,  8.2750e-02, -6.0021e-02],
          [ 4.9144e-03,  4.3002e-02,  9.8000e-02,  7.9896e-02,  1.7807e-02],
          [ 5.1118e-02, -4.2776e-02,  4.4407e-02,  9.4727e-02,  5.0980e-02],
          [-6.8122e-02,  6.0927e-02,  9.7676e-04,  3.8564e-02, -5.1665e-02],
          [ 7.6831e-03, -7.7761e-03,  4.5365e-02, -5.4616e-02, -5.6483e-02]],

         [[ 8.5719e-02,  1.0013e-01,  8.8754e-02, -1.7181e-02, -8.7285e-03],
          [-3.7785e-02,  1.2491e-01,  6.7554e-02,  5.0524e-02, -5.3086e-02],
          [-5.7543e-02,  8.2546e-02, -8.0955e-03,  1.1271e-01,  5.2213e-02],
          [ 4.3677e-02,  7.0341e-03,  5.6294e-02,  8.5822e-02,  3.0244e-02],
          [ 1.3260e-02, -1.7616e-02, -3.5690e-03, -5.0763e-02, -1.4194e-02]],

         [[ 4.5525e-02,  7.8250e-03,  6.8382e-02, -6.9113e-02,  8.8995e-03],
          [ 6.6562e-02,  2.3929e-02,  1.3560e-01,  2.9031e-02, -5.4813e-02],
          [ 5.1265e-02, -7.2357e-03,  1.3187e-01,  7.2983e-02,  5.4823e-02],
          [-5.0398e-02, -7.0018e-03, -3.9239e-02, -2.2944e-02,  6.8122e-02],
          [-2.9186e-02,  2.3001e-02,  6.3735e-02, -7.0093e-02, -7.7928e-03]],

         [[ 5.8865e-03,  5.8488e-02,  8.8605e-03,  7.2235e-02, -7.8907e-03],
          [ 3.0651e-02,  7.2558e-02,  1.0181e-01,  1.2377e-01, -5.4485e-02],
          [-3.8132e-02,  1.1197e-01,  1.2994e-01,  2.3529e-02, -3.2709e-02],
          [-3.6087e-03, -5.8081e-02,  3.7183e-02,  8.1539e-02, -6.7904e-02],
          [-6.1730e-02,  2.6567e-02,  6.4871e-02,  3.0537e-02, -9.0319e-02]]],


        ...,


        [[[-3.9109e-02, -2.1956e-03,  1.2162e-02, -7.0311e-02,  7.5854e-03],
          [ 1.1980e-01,  3.2838e-02,  6.4077e-02,  1.3703e-02,  6.4486e-02],
          [ 7.2493e-02,  1.6943e-01,  9.9648e-02,  1.6595e-01,  1.2934e-01],
          [-6.9731e-02, -5.3827e-02, -2.1635e-02,  2.1250e-02,  4.3309e-02],
          [-6.4584e-02, -2.0868e-02, -6.1783e-02, -9.1626e-02,  8.4409e-02]],

         [[ 7.3408e-02, -3.6168e-02,  5.6522e-02,  7.6509e-02, -2.1229e-04],
          [ 6.4792e-02,  1.0244e-01,  2.2328e-02,  7.2152e-02, -4.6235e-02],
          [ 1.0758e-01,  1.1095e-01,  9.4821e-02,  7.8551e-02,  3.6500e-03],
          [-5.2334e-02,  4.5116e-02,  2.1260e-02,  1.2126e-02,  8.1799e-03],
          [-6.8809e-02, -6.4666e-02, -7.8847e-02, -8.5658e-02,  4.2158e-02]],

         [[ 7.7618e-02,  4.8417e-02,  7.1488e-03,  1.0821e-01,  9.6429e-02],
          [ 6.7895e-02,  6.7386e-03,  1.1125e-01,  5.2210e-02,  5.8944e-02],
          [ 4.3622e-02,  2.5644e-02, -5.8003e-02, -1.4026e-02, -3.1283e-02],
          [-4.8006e-02, -1.2780e-01, -7.7516e-02,  1.6777e-02,  4.8443e-02],
          [ 3.8479e-02, -5.2879e-02, -2.5370e-02,  6.5541e-02,  7.2381e-02]],

         [[-9.4446e-03,  5.1105e-02, -3.7893e-02, -6.5453e-03,  3.1373e-02],
          [ 1.0061e-01,  5.7480e-02,  5.4450e-03,  7.0505e-02,  4.0042e-02],
          [-5.5996e-02,  4.0912e-02, -8.5487e-03, -4.8874e-02,  5.4910e-02],
          [-3.8247e-02, -2.1479e-03, -1.2457e-01,  2.2305e-02, -3.6200e-02],
          [-6.8602e-02,  2.1846e-02, -9.0097e-02,  3.8771e-02,  5.9261e-02]],

         [[ 3.9372e-02,  7.7209e-03,  5.9117e-02,  9.6190e-02,  7.4806e-02],
          [ 4.9775e-02,  2.0551e-02,  1.1512e-01,  6.5932e-02,  3.9825e-02],
          [-6.1183e-02,  3.4813e-02,  2.7823e-02,  6.4746e-02,  4.0564e-02],
          [-7.3209e-02, -1.1654e-01, -4.0575e-02, -2.0496e-02,  9.0273e-02],
          [-5.3813e-03, -1.1034e-01,  1.6710e-02, -6.2643e-02, -6.2194e-02]],

         [[ 1.2620e-02, -3.2931e-03,  4.3368e-02,  6.0010e-02, -4.1078e-02],
          [-3.4278e-02,  1.1785e-01,  8.4777e-02,  6.7517e-02,  1.4169e-01],
          [ 2.3611e-02, -3.2830e-03,  5.8981e-02,  6.0019e-02,  6.9195e-02],
          [-5.4392e-02, -4.9379e-02, -8.8964e-02, -8.7508e-02, -3.5257e-02],
          [-9.5780e-02,  2.3791e-02, -3.5913e-02,  5.5778e-02,  6.4711e-02]]],


        [[[ 9.9189e-02,  4.4689e-02, -9.2959e-03, -1.0782e-01, -7.8536e-02],
          [ 4.8088e-02,  8.2877e-02, -4.3516e-02, -7.0567e-02, -3.7655e-02],
          [ 4.4965e-02,  2.2555e-02,  1.7359e-02,  2.7023e-02,  5.2833e-03],
          [-6.5783e-02,  9.5854e-02,  1.4081e-01,  1.0485e-01,  1.6779e-02],
          [ 1.0645e-01,  1.5391e-01,  1.5324e-02,  8.7824e-02, -6.2878e-02]],

         [[ 6.1472e-02, -2.3101e-02,  4.2404e-02, -5.9415e-02, -4.6304e-03],
          [ 2.5019e-02,  8.1630e-02, -6.5534e-02, -5.7000e-02,  5.9185e-02],
          [ 1.7453e-02, -5.4903e-02, -5.7621e-02,  1.6787e-02,  6.5996e-02],
          [-4.1218e-02, -3.1338e-02,  1.1668e-02, -6.8344e-02,  7.7298e-02],
          [-3.9104e-03, -4.1855e-02,  3.5895e-02,  7.0376e-02,  1.5853e-02]],

         [[-3.2448e-02, -9.1913e-03,  5.5617e-02,  4.6326e-02,  8.8507e-02],
          [-8.6521e-02,  1.0598e-02,  3.6214e-02,  9.2721e-02,  5.0455e-02],
          [ 5.3477e-02,  1.0833e-02,  1.1040e-01,  2.5755e-02,  8.9317e-03],
          [ 6.6271e-02, -2.0420e-02,  1.3147e-01, -2.6713e-02, -6.3772e-02],
          [-7.7489e-02,  3.7552e-02,  8.5386e-03, -3.0889e-02,  2.7907e-02]],

         [[-2.6777e-02,  7.1883e-02, -5.7111e-02,  1.8042e-03,  3.0339e-02],
          [-2.3584e-02, -6.0394e-03,  9.7833e-02,  3.2039e-02,  1.1750e-01],
          [-7.8181e-02, -4.5776e-02,  1.2121e-01,  1.5514e-01, -9.2253e-03],
          [-8.7088e-02, -7.2404e-03,  1.7279e-01,  6.6559e-02,  4.0723e-02],
          [-7.3468e-02, -3.9088e-02,  7.0750e-02,  1.8250e-02, -7.9565e-02]],

         [[-5.6360e-02, -3.5196e-02,  6.3027e-02,  9.4861e-02,  9.4694e-02],
          [-3.8470e-03,  4.9900e-02,  3.0620e-02,  8.3240e-02,  9.9104e-02],
          [-9.5795e-02,  3.9510e-02,  1.6381e-01,  6.3794e-02,  5.7549e-02],
          [ 4.1063e-02,  1.2148e-01,  1.6880e-01,  1.4733e-01, -8.1142e-02],
          [ 1.0869e-02,  7.3617e-02,  1.2747e-01,  9.9751e-02, -4.0632e-02]],

         [[ 3.7332e-02, -7.2109e-02,  7.9683e-02,  7.3710e-02,  8.5325e-02],
          [-2.8007e-02, -4.4571e-02,  7.9819e-02,  6.4866e-02,  8.8944e-02],
          [-8.3148e-02, -3.6197e-02,  1.0760e-01,  8.8673e-02, -1.4996e-02],
          [ 7.2099e-02,  8.3087e-02,  1.5745e-02,  5.9857e-02, -7.4769e-02],
          [ 6.3155e-02,  3.4907e-02,  5.5660e-02, -1.7031e-02,  2.4203e-02]]],


        [[[-6.9389e-02,  3.8283e-02, -5.6925e-02, -6.6855e-02, -3.1453e-02],
          [ 5.5493e-02,  5.9381e-02, -6.1029e-02,  6.6974e-02, -8.9196e-02],
          [ 6.6709e-03,  3.6592e-02,  7.6862e-02, -2.1304e-02, -1.5857e-02],
          [-8.7300e-03, -3.0452e-02,  1.0675e-02,  4.4904e-02, -4.2365e-02],
          [ 3.5281e-02,  5.8964e-03, -3.2300e-02,  5.6197e-02,  7.0938e-02]],

         [[-4.4440e-02, -3.1152e-02,  2.5557e-02, -3.9936e-02,  6.2818e-02],
          [ 3.5109e-02,  6.9848e-03, -4.1106e-03,  4.0886e-02,  4.0495e-02],
          [-7.4055e-02, -4.4581e-02,  5.1105e-02,  4.9788e-02,  6.8752e-02],
          [-7.0387e-02,  1.4492e-02, -3.5506e-02, -1.3441e-02, -8.9773e-04],
          [ 5.9364e-02,  4.9420e-03, -1.0028e-02,  1.0449e-01,  8.1303e-02]],

         [[-9.2294e-02, -3.0820e-02, -2.2903e-02,  9.7323e-03, -4.9097e-02],
          [ 2.1244e-02, -5.8254e-02,  1.4145e-02,  3.1809e-02,  6.1364e-02],
          [ 2.8489e-02,  7.6322e-02,  3.3660e-02,  3.6652e-02,  8.9504e-02],
          [ 4.5546e-02,  2.0479e-02, -3.8657e-04,  9.5159e-02, -1.9447e-02],
          [ 5.6644e-02,  2.8575e-02, -1.0023e-02,  8.2925e-02, -4.0605e-02]],

         [[ 4.9718e-02, -6.6784e-02,  9.7087e-02,  1.0165e-01, -3.0606e-02],
          [-2.7643e-02,  5.6332e-02, -5.2537e-02, -2.4960e-02, -1.6379e-02],
          [-1.0150e-01,  3.0235e-02,  4.8709e-02, -2.1611e-02,  1.8376e-02],
          [-2.0206e-02, -1.4543e-02,  8.4862e-02, -5.7041e-02,  9.6632e-02],
          [ 8.8054e-03,  6.0274e-02,  3.6186e-02, -2.6308e-02,  8.6825e-02]],

         [[-4.9465e-02, -7.1712e-03,  4.0962e-02,  1.4050e-02,  2.3534e-02],
          [ 8.8628e-03, -5.4618e-02,  3.6909e-02,  8.7951e-02, -2.2991e-02],
          [-9.8374e-02,  2.3507e-02,  5.3982e-02,  4.2395e-02,  3.4102e-02],
          [-6.5633e-02,  7.2240e-02,  6.1682e-02, -2.9199e-02,  4.6075e-02],
          [-7.4593e-05,  7.5294e-02,  2.3275e-02,  4.2522e-02,  1.8549e-02]],

         [[-8.7029e-02,  5.4393e-02, -2.3407e-02,  8.2320e-02,  3.0066e-02],
          [-9.5087e-02,  5.9727e-02,  2.6230e-02, -4.0261e-02,  1.7481e-02],
          [-8.0671e-02,  5.0151e-02, -1.9848e-02,  1.0786e-01,  9.1210e-02],
          [-2.0291e-02, -1.9189e-02,  5.9817e-02, -7.2805e-03,  1.2760e-01],
          [-7.5604e-02, -6.6587e-02,  1.2837e-02, -8.5054e-03,  6.5447e-02]]]])
2024-10-14 19:31:01,247 - fed_utils - INFO - decrypting key [conv2.bias].shape [torch.Size([16])]
2024-10-14 19:31:01,247 - fed_utils - INFO - decrypted key [conv2.bias] : tensor([ 0.0146,  0.0035,  0.0504, -0.0333,  0.0641, -0.0724, -0.0330, -0.0401,
        -0.0648,  0.0327, -0.0731, -0.0062,  0.0018, -0.0213,  0.0494, -0.0116])
2024-10-14 19:32:51,033 - fed_utils - INFO - decrypting key [fc1.weight].shape [torch.Size([120, 400])]
2024-10-14 19:32:51,033 - fed_utils - INFO - decrypted key [fc1.weight] : tensor([[-0.0295, -0.0346,  0.0414,  ..., -0.0398, -0.0091,  0.0031],
        [-0.0134,  0.0006, -0.0091,  ...,  0.0030, -0.0224,  0.0163],
        [-0.0087,  0.0094,  0.0460,  ..., -0.0277,  0.0476,  0.0223],
        ...,
        [-0.0346,  0.0516,  0.0558,  ...,  0.0459, -0.0293,  0.0173],
        [ 0.0279, -0.0240, -0.0202,  ...,  0.0140,  0.0331, -0.0367],
        [-0.0336, -0.0290,  0.0462,  ..., -0.0426, -0.0423, -0.0497]])
2024-10-14 19:32:51,308 - fed_utils - INFO - decrypting key [fc1.bias].shape [torch.Size([120])]
2024-10-14 19:32:51,308 - fed_utils - INFO - decrypted key [fc1.bias] : tensor([ 4.2525e-02, -2.5561e-02, -3.0413e-02, -3.2588e-02,  4.5446e-02,
         2.6041e-03, -3.0752e-02, -2.8711e-03, -3.6904e-02, -1.8218e-02,
         2.8677e-02, -1.1920e-02, -3.6239e-02, -2.0948e-02,  4.8113e-02,
        -3.2039e-02, -3.5561e-02,  1.3021e-02, -8.4852e-03, -3.2927e-02,
         3.4841e-03,  4.9604e-02,  2.6693e-02, -5.9014e-03,  1.8331e-02,
        -1.5026e-02, -1.1704e-02, -2.8450e-02, -5.1263e-02,  1.2471e-02,
         5.2566e-03,  1.7371e-02,  2.4849e-02, -5.1543e-02,  2.4254e-02,
         1.9862e-02,  3.8831e-02,  3.0768e-02, -2.1454e-02,  1.1949e-02,
        -4.1489e-02, -1.1461e-02,  3.3735e-02,  2.9668e-02,  3.5479e-02,
        -1.6034e-02, -5.1192e-02,  9.0828e-03, -4.6081e-02, -4.1707e-02,
        -2.3933e-02, -3.5428e-02,  2.6280e-02, -3.0054e-02, -2.4547e-02,
        -3.1457e-02, -4.2400e-02, -1.8196e-02,  3.1694e-03,  4.9764e-02,
        -4.5200e-02, -2.8001e-02, -2.2511e-02,  4.2441e-02, -2.8882e-02,
        -2.1254e-02, -3.8660e-02,  1.4072e-03, -2.7192e-02, -2.7406e-02,
         3.8941e-02,  3.4874e-03,  3.2977e-02,  1.2006e-02,  2.3150e-02,
        -4.4121e-02, -2.5325e-02, -8.4346e-03,  2.9796e-03, -3.2854e-03,
         4.5742e-02, -1.4194e-02, -3.6428e-02,  3.2165e-02, -4.2599e-02,
        -4.4525e-02, -2.6036e-02, -4.0205e-02,  1.8784e-02,  3.4899e-05,
         4.7477e-02, -4.1158e-03, -3.1747e-02, -2.8136e-02, -1.2731e-02,
         3.1517e-02, -4.9865e-02, -3.1841e-02,  2.8826e-02,  1.6459e-02,
         1.7780e-02,  4.6390e-02, -1.9536e-02,  4.2483e-02, -1.8350e-03,
        -2.5793e-02, -2.9952e-02, -3.8785e-02, -2.3199e-02, -2.9576e-02,
         1.0060e-02, -3.8763e-02, -1.0723e-03,  1.3133e-02,  5.4681e-02,
        -4.9036e-04, -2.8870e-02,  4.7974e-02,  3.2541e-02,  2.0751e-02])
2024-10-14 19:33:14,580 - fed_utils - INFO - decrypting key [fc2.weight].shape [torch.Size([84, 120])]
2024-10-14 19:33:14,580 - fed_utils - INFO - decrypted key [fc2.weight] : tensor([[ 0.0603, -0.0958, -0.0314,  ...,  0.0289, -0.0083,  0.0474],
        [-0.0851,  0.0015, -0.0238,  ...,  0.0761,  0.0416, -0.0015],
        [ 0.0004,  0.0511,  0.0409,  ...,  0.0138, -0.0954, -0.0060],
        ...,
        [-0.0289,  0.0944, -0.0315,  ..., -0.1258, -0.0648, -0.0046],
        [ 0.0213, -0.0279, -0.0699,  ...,  0.0641,  0.0087, -0.0003],
        [ 0.0625, -0.0682,  0.0486,  ..., -0.0468,  0.0657, -0.0468]])
2024-10-14 19:33:14,772 - fed_utils - INFO - decrypting key [fc2.bias].shape [torch.Size([84])]
2024-10-14 19:33:14,773 - fed_utils - INFO - decrypted key [fc2.bias] : tensor([-0.0016, -0.0738, -0.0895, -0.0490,  0.0614,  0.0406, -0.0379, -0.0645,
        -0.0675,  0.0153,  0.0738, -0.0816,  0.0123,  0.0062,  0.0773,  0.0322,
         0.0138, -0.0250, -0.0260,  0.0741,  0.0325, -0.0664, -0.0760, -0.0371,
         0.0498,  0.0626,  0.0833,  0.0814, -0.0225,  0.0431, -0.0796,  0.0582,
         0.0800, -0.0830,  0.0771,  0.0688,  0.0164, -0.0902,  0.0233, -0.0624,
         0.0995, -0.0166,  0.0268, -0.0363, -0.0676,  0.0446, -0.0545,  0.0728,
         0.0183,  0.0603, -0.0689, -0.0427, -0.0629,  0.0242, -0.0038,  0.1003,
         0.0067, -0.0648, -0.0452,  0.0109, -0.0221, -0.0728,  0.0521, -0.0910,
         0.1097, -0.0142,  0.0340,  0.0240, -0.0511,  0.0781, -0.0840,  0.0016,
         0.0633, -0.0684,  0.0984, -0.0707,  0.0658,  0.0983,  0.0670, -0.0872,
         0.0565, -0.0132,  0.0554,  0.0054])
2024-10-14 19:33:16,689 - fed_utils - INFO - decrypting key [fc3.weight].shape [torch.Size([10, 84])]
2024-10-14 19:33:16,689 - fed_utils - INFO - decrypted key [fc3.weight] : tensor([[ 1.6064e-01,  1.0993e-01,  8.6504e-02, -4.5358e-03,  1.4961e-02,
          3.0700e-04, -9.9068e-02, -1.0332e-01,  4.3420e-02, -1.5692e-01,
         -4.6608e-02, -5.6523e-02, -8.0741e-02,  8.4148e-02, -4.8719e-02,
          5.0008e-02,  1.3764e-02,  1.9314e-01,  1.2052e-03, -3.2251e-02,
          5.9276e-02, -7.5606e-02,  8.0925e-02, -6.5459e-02,  3.7088e-03,
         -1.0249e-01,  2.9115e-02,  3.0596e-02,  1.1558e-01, -8.5526e-02,
          8.9781e-02, -8.6243e-02,  3.8348e-03, -6.4403e-02, -1.3428e-01,
         -9.6553e-02,  1.1716e-02,  2.3508e-02, -1.1689e-01, -5.6782e-02,
         -1.5425e-01, -5.3440e-02, -1.4992e-01,  4.7507e-02,  6.8543e-02,
         -1.5585e-01,  6.5942e-02,  1.2312e-01,  1.7539e-01,  4.7380e-02,
          5.6356e-02, -6.2306e-02,  5.9165e-02,  4.4938e-02, -8.5043e-02,
          2.7105e-02, -9.8966e-02,  3.8456e-02,  1.3155e-02,  8.9116e-02,
         -1.1545e-01,  1.0082e-01, -1.7709e-01,  1.8355e-02, -1.1589e-02,
         -5.7286e-02, -2.1076e-02,  7.9303e-03, -8.7554e-03, -8.2235e-02,
          1.0508e-02,  1.4682e-01,  5.8210e-02,  9.8386e-02,  2.7119e-02,
         -8.6054e-02,  3.3260e-03, -1.3361e-01,  3.4682e-02,  2.4157e-02,
         -1.5972e-01,  1.0258e-01, -5.5712e-02, -7.8484e-02],
        [ 6.2527e-02,  4.9718e-02, -5.3748e-02,  1.9094e-02,  6.6179e-02,
          5.3576e-02, -8.0725e-02,  9.9225e-02,  9.6103e-02,  6.0778e-02,
         -1.0859e-01,  9.1120e-02, -9.5787e-02, -1.5547e-01, -1.2761e-01,
          6.0122e-02,  5.6437e-02, -1.2621e-01, -7.6582e-02, -1.0619e-02,
          1.8683e-02, -7.9794e-02,  1.1191e-01,  1.5514e-01, -8.6545e-02,
          2.0517e-03,  5.6585e-03, -2.7965e-02, -2.9927e-02,  1.0151e-01,
         -1.2793e-01,  5.0540e-02,  1.4077e-01, -7.4799e-02,  3.3839e-02,
          1.3632e-02, -1.2917e-01,  3.8526e-02, -1.3185e-01,  1.0444e-01,
          8.7515e-02, -9.1351e-02, -8.0986e-02,  1.6601e-02,  2.0117e-02,
         -1.9319e-02,  7.6241e-02,  1.4020e-01, -4.1150e-02,  2.6707e-02,
         -1.6592e-02,  7.5080e-02,  2.3123e-02, -1.3314e-01, -1.1942e-02,
          1.1427e-01, -9.4273e-02,  6.6610e-02, -1.6876e-02, -1.4089e-01,
         -8.0361e-02,  2.2029e-02,  1.2604e-01,  8.3601e-02,  1.9188e-01,
         -5.9024e-02,  9.9002e-02,  3.1947e-02,  1.7797e-01,  2.0885e-01,
          6.7936e-02, -1.2803e-01, -3.4940e-02,  1.0353e-01,  1.4121e-01,
         -3.3713e-02,  7.5065e-02, -5.8289e-02, -1.4740e-01,  9.6324e-02,
          7.6669e-02, -5.6368e-02, -3.8432e-02, -2.6033e-02],
        [-5.6197e-02, -3.6133e-02, -3.5537e-02, -8.7829e-02, -6.2046e-02,
          3.3837e-02, -1.0212e-01, -4.8354e-03, -7.1993e-02,  8.9005e-02,
         -1.5283e-02, -8.7181e-02,  1.7816e-01, -1.2201e-01,  8.3753e-02,
         -1.0408e-01, -2.8400e-02, -7.6040e-02,  8.9546e-02, -6.6355e-02,
         -7.1313e-02,  6.0046e-02,  9.2931e-02, -2.8979e-02, -8.0404e-02,
          2.2311e-02, -7.5092e-02, -1.1029e-01,  1.0527e-01,  8.9600e-02,
          6.7577e-02, -3.5562e-02,  1.1127e-01, -4.0092e-03,  1.5864e-01,
         -4.4246e-02, -5.7696e-02,  8.8188e-02, -1.2085e-01,  3.2164e-02,
         -1.0652e-01, -2.6364e-02,  1.3370e-01,  2.4866e-02, -3.8875e-02,
          9.9989e-02, -7.4542e-03, -2.4673e-02, -6.4746e-02, -5.9033e-03,
          1.0878e-01, -1.9477e-02,  7.6295e-02,  4.3322e-02, -1.0587e-01,
          1.5797e-01, -1.4686e-01, -1.2943e-02, -2.7555e-03, -2.2668e-02,
         -8.5568e-02, -8.7107e-02, -1.4282e-01, -2.3327e-04, -7.9164e-02,
          3.6350e-02, -9.3170e-02, -8.9213e-02, -1.4333e-01,  1.3263e-01,
         -2.2244e-02,  1.4504e-01,  8.4030e-02, -1.7925e-03, -9.3825e-02,
          8.0544e-02,  2.3638e-02,  5.6042e-03, -1.6281e-01, -4.9077e-02,
          1.3618e-01,  1.6301e-01, -9.4729e-02, -8.3184e-02],
        [ 3.5311e-02,  7.6548e-02,  3.0412e-02, -8.2374e-02, -5.7760e-02,
         -2.5365e-02, -2.9664e-02, -2.8677e-02, -9.6860e-02,  2.4252e-01,
          6.0009e-02,  1.6832e-02,  1.2865e-01, -7.4346e-02,  7.3139e-02,
         -6.4424e-02, -8.6997e-02,  3.1110e-02, -7.2673e-02,  3.4186e-03,
          7.5108e-03,  3.7219e-02, -2.6757e-02,  1.0437e-01,  6.6557e-02,
          7.7807e-02, -9.3771e-02,  4.4363e-02,  6.2175e-02,  6.3432e-02,
         -1.9257e-01, -3.3839e-03,  9.9291e-02,  8.0451e-02, -4.1560e-02,
         -5.8741e-02,  3.9478e-02,  1.9308e-02,  1.0261e-01,  7.5340e-02,
         -1.0156e-01, -9.7876e-02,  2.5839e-02, -7.3859e-02, -4.6271e-02,
         -7.0944e-02, -2.9061e-02,  1.4480e-01,  3.9712e-02, -5.4697e-02,
         -1.7049e-02,  8.2023e-02, -7.7942e-02,  2.8013e-02, -6.8101e-03,
         -5.7030e-02,  6.1124e-02, -6.7481e-02, -3.4999e-02,  5.2811e-02,
          4.5208e-02, -3.6771e-02,  4.4155e-02, -7.3094e-03, -2.1691e-02,
          5.9289e-02,  6.1114e-02, -4.2673e-03, -7.3418e-03, -8.4129e-02,
          1.1578e-01, -1.9563e-01,  9.5929e-02, -1.1088e-01, -7.5968e-02,
         -6.6126e-02, -4.7550e-02, -7.9832e-02,  3.6803e-02,  2.0905e-02,
          3.7730e-02,  1.1129e-01, -1.3618e-01,  7.2293e-02],
        [ 4.3122e-03, -7.8813e-02, -1.0141e-01, -8.3255e-02, -7.8886e-02,
         -6.0099e-02, -3.1601e-02, -3.5560e-02,  4.9938e-03, -3.8771e-02,
          9.7089e-02, -8.9207e-02, -9.5516e-02, -3.4386e-02,  1.4567e-01,
          7.8070e-02,  7.5614e-02, -1.6239e-01,  2.5837e-02, -1.0951e-01,
          9.6453e-02,  8.1865e-02,  1.4372e-01, -1.1944e-02,  9.6645e-02,
         -4.9270e-03,  2.0450e-02, -6.4894e-02,  2.9054e-02,  8.3103e-02,
          1.2996e-01, -1.1216e-01, -8.6973e-03,  1.2702e-01, -4.8566e-02,
          9.2800e-02, -6.6953e-02, -6.0254e-02,  9.9875e-02, -5.3783e-02,
          4.3718e-02,  8.4647e-02,  1.2984e-03, -1.8550e-02, -1.0320e-01,
          2.0288e-01,  8.8646e-02, -1.4953e-01, -1.0481e-01,  7.7648e-02,
          1.0712e-01,  8.8613e-02, -5.4672e-02,  1.9303e-02, -7.9578e-02,
         -1.9014e-01,  8.8699e-02, -4.1290e-02,  4.0674e-02, -1.0383e-01,
          2.1348e-02, -3.1274e-02,  6.6653e-02, -1.0002e-01, -1.0909e-01,
          5.2550e-02,  1.3289e-02,  8.6537e-03,  1.2454e-01, -1.1505e-01,
          3.8763e-02, -6.2774e-03,  1.0147e-01,  1.0568e-02, -1.1040e-01,
          7.8586e-02, -1.3668e-01,  2.6066e-02,  5.1389e-02,  8.0686e-02,
          2.3295e-02, -5.4987e-02,  1.7301e-01, -6.8775e-02],
        [ 1.1817e-01, -9.5741e-02, -5.3312e-02,  6.3439e-02,  4.5047e-02,
          1.6550e-02,  1.0756e-02, -6.5638e-02,  8.7794e-02, -1.3234e-01,
         -9.5359e-02,  1.0369e-01,  7.0232e-02,  3.9384e-02,  3.9299e-02,
          5.5176e-02,  7.2934e-02,  6.2945e-02,  9.9143e-02, -2.7364e-02,
          3.6767e-02, -1.3265e-01, -1.0745e-01, -7.9636e-02,  4.5702e-03,
         -9.1579e-03,  4.2553e-02,  1.5185e-01,  5.6831e-03, -2.3245e-02,
         -3.1034e-03,  1.7639e-02, -2.9885e-02, -1.0510e-02, -8.7795e-02,
          6.4723e-02, -7.2700e-02, -7.1049e-02,  1.6249e-01,  2.8458e-03,
         -1.2617e-01, -7.3349e-02,  6.4779e-02, -9.8073e-02, -9.3010e-02,
         -1.6632e-01, -6.1515e-02, -1.1176e-01, -1.2424e-01, -1.0104e-01,
         -4.3990e-02,  1.5401e-01, -7.3508e-02,  2.3236e-02, -9.9814e-02,
         -4.1040e-02,  1.2087e-01, -3.5114e-02,  4.1597e-02,  2.4349e-01,
          9.9865e-02,  1.1877e-02,  1.9841e-01, -1.1971e-01,  1.1068e-02,
         -2.1138e-02, -5.1517e-02,  1.4377e-01, -9.1397e-02, -9.0735e-03,
          3.1328e-03, -3.8985e-02, -2.3005e-02,  7.8161e-03,  2.4302e-02,
         -6.7970e-03, -3.1421e-02, -1.0287e-02, -4.3289e-02,  5.3073e-02,
          5.8550e-02,  8.6492e-03, -1.0094e-01,  1.5107e-03],
        [ 9.5020e-02,  3.9857e-02,  1.8919e-02, -8.2690e-02,  2.6361e-02,
         -7.2456e-02, -1.4961e-01, -9.3920e-02,  1.0866e-01, -1.1375e-01,
         -9.9968e-02,  8.2938e-02,  1.9764e-02,  1.2897e-01,  1.8421e-01,
         -1.5178e-03, -9.6439e-03, -9.1384e-02, -4.3704e-02,  8.2731e-02,
          5.2991e-02,  1.0891e-01, -9.7278e-02, -1.3618e-01,  3.8303e-02,
         -8.1216e-02, -7.0487e-02,  1.1058e-01,  7.7913e-02,  7.8438e-02,
          2.2495e-01,  1.5938e-01,  1.2137e-02,  5.6682e-02,  5.1250e-02,
          7.5991e-02, -5.6090e-02,  1.0681e-01, -1.3805e-01,  3.1581e-02,
         -5.4799e-02,  2.1771e-02, -9.0506e-02,  1.9240e-02, -5.1605e-02,
         -6.5643e-02,  7.3523e-02, -1.8082e-02, -1.3089e-01, -4.4726e-02,
          2.5075e-02, -4.0773e-03, -2.6676e-02,  3.5805e-02,  8.1502e-02,
          5.1519e-02,  1.2330e-01,  1.0153e-01,  6.5847e-02, -1.7143e-02,
         -4.7500e-02, -1.3193e-01, -5.5957e-02, -1.3582e-01, -1.0392e-01,
         -5.0631e-02, -2.1730e-02,  8.2029e-02,  8.5275e-02, -1.2436e-02,
         -6.1136e-03,  6.0211e-02, -1.0778e-01, -1.1574e-01, -7.3269e-02,
         -3.8351e-02, -5.0459e-02, -2.0430e-01,  6.8242e-02,  9.6173e-02,
          2.6128e-03, -1.5643e-01,  2.7266e-02,  4.1997e-02],
        [-9.4493e-02,  4.7874e-02,  4.8058e-02,  1.0671e-02, -1.2158e-01,
          2.3856e-02,  1.2147e-01, -4.2585e-02, -2.8330e-02,  9.0125e-03,
         -1.0574e-01, -8.5754e-03, -7.2991e-03,  1.6580e-01, -1.6666e-02,
         -7.6436e-02, -2.6325e-03, -4.6553e-02, -5.9574e-02, -9.5123e-03,
         -5.6035e-02, -9.2959e-02, -3.4214e-02,  1.9867e-01,  6.3840e-03,
         -1.9972e-02,  4.2742e-03, -1.3091e-01, -1.1026e-01,  6.6127e-02,
         -7.0417e-02, -6.1182e-02, -7.5996e-02, -4.0264e-02, -3.7288e-03,
         -1.0653e-01, -5.5391e-02, -1.6569e-02, -8.2248e-02, -1.1169e-03,
          1.6252e-01, -4.5806e-02,  2.5470e-02,  6.3488e-02,  9.9005e-03,
          2.1406e-02,  6.8900e-02, -9.5075e-03,  1.4819e-02, -6.5452e-02,
          4.5251e-03,  5.4736e-02,  2.0923e-02, -9.1788e-02,  3.5332e-02,
          2.6404e-02, -1.9245e-01,  2.9464e-02,  3.3124e-02,  9.3747e-02,
          6.5692e-02,  9.2767e-02, -1.2441e-01,  5.4665e-02, -7.1240e-02,
         -1.0009e-01, -1.4545e-01,  2.9620e-02, -1.3133e-01, -3.3325e-02,
         -3.8137e-02, -6.5921e-02,  5.2419e-02, -4.8317e-02, -1.3222e-02,
          1.0582e-01, -7.7458e-02,  2.2521e-01,  1.5573e-01, -2.6841e-02,
          9.9753e-02,  9.6134e-02, -7.4191e-02,  7.1177e-02],
        [-1.0080e-01, -3.2051e-02,  8.0968e-02, -3.7951e-02, -8.6816e-03,
         -5.6632e-02,  1.2725e-01,  1.0443e-01,  1.0851e-02, -1.5207e-01,
          1.0500e-01, -2.6101e-02,  6.4671e-02, -1.1083e-01,  3.3202e-02,
          8.0265e-02,  2.0694e-02, -3.2765e-02, -1.0758e-01,  1.9694e-03,
         -8.1104e-03,  1.0731e-01, -2.2608e-02, -1.2115e-01, -1.2260e-01,
          9.2619e-02, -1.4267e-01,  8.0050e-03, -7.2861e-02,  5.2871e-03,
          4.3108e-02,  7.1540e-02,  1.3419e-01, -8.3838e-04, -1.5181e-02,
          5.5445e-03, -5.5279e-02, -5.4315e-02,  9.3784e-02,  7.9435e-02,
         -1.5657e-01,  4.3022e-02,  1.2792e-01, -4.5040e-02, -6.8868e-02,
         -1.0550e-02,  1.6294e-02, -7.7971e-02,  1.3688e-01,  7.9054e-02,
         -9.4068e-02,  4.8297e-02, -8.2846e-02,  1.8827e-02,  3.0560e-02,
          2.6208e-02, -1.1810e-02, -5.4696e-02, -7.0707e-02,  7.9532e-03,
          1.0543e-01,  6.4298e-02,  1.2144e-01,  1.3462e-01,  8.9954e-02,
         -9.8491e-02,  1.5220e-01, -3.9713e-02, -2.3509e-02, -5.2534e-02,
         -4.1442e-02,  6.4377e-02, -9.4848e-02, -1.1085e-01,  7.5052e-02,
          1.9339e-02,  1.3345e-01, -3.8027e-02,  4.6521e-02, -1.0207e-01,
         -4.1350e-02, -8.0167e-02,  1.0269e-02, -4.3967e-02],
        [ 1.8693e-02,  1.4378e-02, -1.1316e-01,  4.6974e-02, -1.8678e-01,
          1.0123e-01, -2.5906e-03, -6.2509e-02,  3.8414e-02, -3.9256e-02,
         -9.1681e-03,  1.0917e-01,  1.3198e-01, -3.6462e-02, -3.8420e-02,
         -5.4798e-02, -1.1715e-01,  5.7330e-02, -1.0504e-01, -8.7027e-02,
         -5.6085e-02,  8.2694e-03, -6.6823e-02, -8.7894e-03,  7.4969e-02,
         -3.1339e-02, -2.8321e-02, -1.2911e-01, -8.0789e-02, -8.0507e-02,
         -4.6967e-02, -1.6581e-01, -9.5865e-02, -3.6634e-02, -6.7242e-02,
         -1.3658e-03, -1.7792e-02, -6.5575e-02, -5.9897e-02, -3.6327e-02,
          1.5737e-01,  2.1064e-03, -4.3716e-02,  4.9833e-02,  9.9387e-02,
          1.6703e-01,  1.0785e-03,  2.1641e-02, -2.1869e-02, -7.4649e-02,
          5.3930e-02,  8.8399e-02, -6.8541e-03,  9.8202e-02,  9.2399e-03,
          5.3265e-03,  1.0522e-01, -1.7432e-02,  3.4242e-02, -6.1162e-02,
          9.7135e-02, -1.5837e-02,  5.1817e-02, -3.5692e-02, -4.6473e-02,
          6.1755e-03, -1.5817e-02,  1.3557e-02,  8.7452e-02, -1.2450e-01,
         -2.9130e-02,  8.4168e-02,  1.2173e-01, -9.6146e-02,  2.7878e-02,
         -9.2984e-02,  9.3196e-02,  1.5163e-01,  7.2374e-02, -4.8759e-02,
         -1.3514e-01, -9.0018e-02, -4.6350e-02,  8.7515e-02]])
2024-10-14 19:33:16,716 - fed_utils - INFO - decrypting key [fc3.bias].shape [torch.Size([10])]
2024-10-14 19:33:16,716 - fed_utils - INFO - decrypted key [fc3.bias] : tensor([ 0.0427,  0.1022,  0.0801, -0.0535,  0.0730,  0.0204, -0.0482,  0.0674,
        -0.0315, -0.0777])
2024-10-14 19:33:16,733 - fl_main - INFO - global round : 1
2024-10-14 19:33:16,733 - fl_main - INFO - the random client id to test accuracy : f_00000
2024-10-14 19:33:16,733 - fl_main - INFO - ----- client id [f_00000] -----
2024-10-14 19:33:16,733 - client_base - INFO - model_state_dict[conv1.weight] : tensor([[[[ 0.1211,  0.0854,  0.3712,  0.2890,  0.1155],
          [ 0.1127,  0.1087,  0.3560,  0.1996,  0.2264],
          [ 0.1130,  0.2382, -0.0799, -0.0759,  0.2359],
          [ 0.1570, -0.1351,  0.1123,  0.0715,  0.2243],
          [-0.2675, -0.2525, -0.0705, -0.2365, -0.1451]]],


        [[[ 0.1416,  0.1878,  0.2500,  0.0037, -0.1203],
          [-0.1184, -0.0668,  0.2643,  0.2804, -0.0634],
          [-0.0923, -0.0358, -0.1075,  0.2651,  0.1022],
          [ 0.0043, -0.2281,  0.1404, -0.0584,  0.0076],
          [-0.0611, -0.2194, -0.1033, -0.1405,  0.0687]]],


        [[[-0.2193, -0.1053,  0.0659,  0.1505, -0.1054],
          [ 0.1104,  0.2105, -0.0948,  0.2640, -0.1024],
          [ 0.0705, -0.0110,  0.1404,  0.0467,  0.1296],
          [-0.0083,  0.1757,  0.2439, -0.0065,  0.1139],
          [ 0.1686,  0.3544,  0.2133, -0.0395,  0.1477]]],


        [[[ 0.0797,  0.0210,  0.0534,  0.1196,  0.1935],
          [ 0.2694,  0.2499, -0.0385,  0.2166, -0.1791],
          [ 0.0288,  0.2792,  0.1569, -0.0887, -0.1032],
          [ 0.2410,  0.2822,  0.2072,  0.2290,  0.2338],
          [-0.0101,  0.2662,  0.0891,  0.0154, -0.1384]]],


        [[[ 0.1593, -0.0786,  0.2196,  0.0970, -0.1645],
          [ 0.1365,  0.1978,  0.2599,  0.1429, -0.0539],
          [ 0.1175,  0.2125,  0.2479,  0.0967, -0.0070],
          [ 0.2128,  0.0342,  0.1293,  0.2353, -0.0286],
          [ 0.2543,  0.1446,  0.3256,  0.0317,  0.1667]]],


        [[[ 0.0731, -0.0199,  0.0113, -0.1871,  0.1545],
          [ 0.2149,  0.1358,  0.1522,  0.1388, -0.1682],
          [ 0.1855,  0.2867,  0.1920, -0.0381,  0.0891],
          [-0.1329, -0.0437,  0.2725,  0.2328,  0.1528],
          [ 0.0418,  0.3091,  0.2036,  0.2889, -0.1178]]]], device='cuda:0')
2024-10-14 19:33:16,895 - client_base - INFO - recover_model_state_dict[conv1.weight] : tensor([[[[-inf, -inf, -inf, -inf, -inf],
          [-inf, -inf, -inf, -inf, -inf],
          [-inf, -inf, -inf, -inf, -inf],
          [-inf, -inf, -inf, -inf, -inf],
          [-inf, -inf, -inf, -inf, -inf]]],


        [[[-inf, -inf, -inf, -inf, -inf],
          [-inf, -inf, -inf, -inf, -inf],
          [-inf, -inf, -inf, -inf, -inf],
          [-inf, -inf, -inf, -inf, -inf],
          [-inf, -inf, -inf, -inf, -inf]]],


        [[[-inf, -inf, -inf, -inf, -inf],
          [-inf, -inf, -inf, -inf, -inf],
          [-inf, -inf, -inf, -inf, -inf],
          [-inf, -inf, -inf, -inf, -inf],
          [-inf, -inf, -inf, -inf, -inf]]],


        [[[-inf, -inf, -inf, -inf, -inf],
          [-inf, -inf, -inf, -inf, -inf],
          [-inf, -inf, -inf, -inf, -inf],
          [-inf, -inf, -inf, -inf, -inf],
          [-inf, -inf, -inf, -inf, -inf]]],


        [[[-inf, -inf, -inf, -inf, -inf],
          [-inf, -inf, -inf, -inf, -inf],
          [-inf, -inf, -inf, -inf, -inf],
          [-inf, -inf, -inf, -inf, -inf],
          [-inf, -inf, -inf, -inf, -inf]]],


        [[[-inf, -inf, -inf, -inf, -inf],
          [-inf, -inf, -inf, -inf, -inf],
          [-inf, -inf, -inf, -inf, -inf],
          [-inf, -inf, -inf, -inf, -inf],
          [-inf, -inf, -inf, -inf, -inf]]]], device='cuda:0')
2024-10-14 19:33:16,896 - client_base - INFO - model_state_dict[conv1.bias] : tensor([ 0.0767, -0.0465,  0.2555, -0.1304,  0.2541,  0.1700], device='cuda:0')
2024-10-14 19:33:16,896 - client_base - INFO - recover_model_state_dict[conv1.bias] : tensor([-inf, -inf, -inf, -inf, -inf, -inf], device='cuda:0')
2024-10-14 19:33:16,896 - client_base - INFO - model_state_dict[conv2.weight] : tensor([[[[-8.2405e-02, -4.3629e-02, -5.2942e-02, -1.3316e-02, -3.9969e-02],
          [-6.7032e-02, -3.4192e-02,  4.3907e-02, -8.4797e-03, -6.3495e-03],
          [ 2.1127e-02, -1.9460e-02, -6.2788e-02, -4.9302e-02, -1.8595e-02],
          [ 5.7005e-03,  5.7341e-02,  6.8794e-02,  1.4466e-02, -7.6256e-02],
          [ 3.5521e-02,  9.1101e-02,  5.7369e-02, -9.2750e-02, -4.8406e-02]],

         [[-6.7161e-03,  1.4736e-02,  1.4377e-02,  1.8159e-02, -8.4255e-02],
          [-1.4923e-02, -5.8922e-02,  4.4201e-02, -6.0435e-02, -8.2294e-02],
          [-4.6641e-02,  2.2078e-02, -2.9856e-02, -6.6882e-03,  4.5963e-02],
          [ 9.8928e-03,  1.0375e-02, -4.2141e-02,  1.1609e-02, -1.3357e-02],
          [ 1.3415e-03, -6.4065e-03,  4.0905e-03, -6.1717e-02, -4.9464e-02]],

         [[ 7.4950e-02,  9.6981e-02,  2.6816e-02,  7.9403e-02, -2.3958e-02],
          [-7.7129e-02,  1.1444e-01,  4.0524e-02, -8.6162e-02, -3.3133e-02],
          [ 7.3825e-02, -9.8668e-05, -5.9271e-02, -1.0012e-01, -1.2527e-02],
          [ 1.1453e-01,  8.6030e-02, -7.5651e-02, -9.1585e-02, -2.8210e-02],
          [ 1.0273e-01,  2.6851e-02,  5.9745e-02, -4.2355e-02,  8.3398e-02]],

         [[ 1.4445e-02, -2.8457e-02,  1.7676e-02, -6.1437e-02, -3.2354e-02],
          [ 2.2392e-02,  7.9104e-02, -1.6877e-02,  8.3629e-02, -7.2997e-03],
          [ 5.0049e-03,  2.7191e-02, -2.0544e-02, -6.2564e-02, -6.8462e-02],
          [ 6.0450e-02,  1.1029e-01, -2.0712e-02, -6.6521e-02, -3.5521e-03],
          [ 1.5139e-02,  1.0681e-01, -1.8295e-02, -4.8607e-03,  2.4630e-02]],

         [[-4.4841e-02,  1.1921e-02,  7.3084e-02,  4.6197e-02,  5.5850e-02],
          [-3.1825e-02,  9.0621e-02, -2.5821e-02,  7.8431e-02, -6.3824e-02],
          [-1.4827e-02,  1.3843e-01,  4.0857e-03, -5.2562e-02,  4.1811e-02],
          [ 3.7387e-02,  1.3807e-01,  5.5124e-02,  1.3356e-02, -7.9189e-02],
          [ 7.5256e-02,  6.5286e-02,  6.0100e-02,  2.0269e-02, -3.2056e-02]],

         [[ 8.1896e-02,  8.2858e-02, -5.0363e-03, -7.4006e-02, -1.7855e-02],
          [-2.1307e-02,  7.2384e-03,  2.3642e-02, -4.9186e-02,  2.8862e-02],
          [ 1.8818e-02,  1.0763e-01,  2.2516e-02, -3.4482e-03, -3.3230e-02],
          [ 2.2624e-02,  4.1101e-02,  7.9419e-02, -7.1621e-02, -4.1049e-02],
          [-1.8358e-02,  7.7026e-02, -6.7923e-02,  7.0742e-02, -7.3872e-02]]],


        [[[ 3.6797e-02,  6.5980e-02,  8.9620e-02, -5.1825e-02,  7.2856e-02],
          [ 7.4771e-03, -3.1135e-02,  6.8133e-02, -2.6939e-02, -3.5423e-02],
          [-4.8698e-02, -6.5225e-02, -2.7451e-02, -4.8409e-02,  1.1903e-02],
          [ 1.0410e-01,  6.5059e-02,  4.2628e-03, -4.4365e-02, -1.4179e-02],
          [ 1.0902e-01,  7.8135e-02,  4.4731e-02,  1.5553e-02, -4.6950e-02]],

         [[ 5.8665e-02, -2.8494e-02,  8.0889e-02, -3.5738e-02, -3.2885e-02],
          [ 1.1481e-02, -3.2255e-02, -4.1002e-02, -7.6133e-02, -1.5709e-02],
          [-2.1238e-02, -1.7944e-02,  7.9660e-02,  6.2318e-02, -3.8523e-02],
          [ 8.6947e-04,  1.0787e-01,  6.6199e-02,  8.1760e-02,  2.5492e-02],
          [ 1.6424e-02,  7.6504e-02,  7.7378e-02, -2.7776e-03, -4.0710e-03]],

         [[-7.6870e-02, -2.5627e-02, -7.4088e-02, -3.3834e-02, -9.5301e-02],
          [ 1.7453e-03, -7.2772e-02,  3.1038e-02, -8.8944e-02, -5.2590e-02],
          [ 5.9090e-02,  5.4368e-02, -3.2873e-02,  3.6821e-02,  4.2002e-03],
          [ 7.2381e-02, -5.2726e-03,  7.9034e-02,  6.7099e-02, -4.4323e-02],
          [ 5.5517e-02, -8.8851e-02, -2.3588e-02, -4.3806e-02,  1.3233e-03]],

         [[ 3.7637e-02, -1.2214e-02,  2.6309e-02,  2.3316e-02, -9.0460e-02],
          [ 2.2163e-03,  1.9980e-03,  3.9090e-02,  3.0307e-02, -6.1695e-02],
          [-3.4367e-02, -5.0173e-02,  9.3098e-03,  3.0638e-02, -9.5143e-03],
          [-4.3159e-02,  6.6125e-02, -3.6487e-02,  1.4884e-02,  4.7836e-02],
          [-1.2299e-02, -2.5938e-02,  2.5359e-02,  3.7909e-03, -1.3887e-02]],

         [[-4.8286e-02,  6.4334e-03, -1.8752e-02,  5.4591e-02,  4.4080e-03],
          [-7.4570e-02,  7.4706e-02,  4.0727e-02, -6.1479e-02, -8.0316e-02],
          [ 6.5612e-02,  4.8362e-02,  1.6835e-02, -7.3014e-02, -2.6379e-02],
          [-2.0291e-02,  3.0556e-02,  9.9540e-03,  8.1120e-02,  7.7847e-02],
          [-2.2851e-02, -8.7675e-02,  8.3164e-02,  6.0362e-02, -4.5003e-02]],

         [[-2.2202e-02, -2.0920e-02,  4.3119e-02, -8.9745e-02,  6.1020e-02],
          [ 7.8078e-02, -3.5905e-02,  3.0114e-02,  1.6915e-02, -9.3910e-02],
          [-2.2128e-02, -5.0195e-02, -1.2002e-02,  8.2031e-02, -4.0524e-02],
          [-2.0470e-02,  2.6462e-02,  8.1010e-02,  8.8829e-02,  8.6765e-02],
          [-8.0733e-02, -4.6676e-02,  7.7333e-02,  6.9253e-02,  9.8859e-02]]],


        [[[-5.9455e-02,  5.7273e-02,  2.6621e-02, -6.6954e-02, -1.9640e-02],
          [ 5.9477e-02, -2.1908e-02,  7.8117e-02, -2.7919e-02,  5.1564e-02],
          [ 1.3668e-01,  1.1068e-01,  1.3565e-01,  7.8525e-02,  7.5412e-02],
          [ 2.7478e-02,  1.0660e-02,  4.9106e-02,  1.2120e-01,  8.6997e-02],
          [-4.0985e-02, -4.1362e-02,  2.0573e-02,  4.9581e-02, -1.2223e-02]],

         [[ 8.7466e-02, -2.0074e-02, -2.3606e-02,  1.0500e-02, -3.2381e-02],
          [ 9.8645e-02,  7.3642e-02, -3.9294e-02, -6.9303e-02, -7.9753e-02],
          [ 1.1147e-01,  7.0227e-02,  9.8894e-02,  1.8839e-02,  4.9851e-02],
          [ 7.8768e-02,  6.8206e-02,  2.6620e-02,  6.1498e-02,  8.9235e-02],
          [ 2.3039e-02, -7.0204e-02,  5.2324e-03, -2.7718e-02, -4.1583e-02]],

         [[-5.2935e-02,  1.0820e-01,  3.6773e-02,  8.3362e-02, -5.9760e-02],
          [ 3.9747e-03,  4.2280e-02,  9.9155e-02,  7.9154e-02,  1.7561e-02],
          [ 5.0190e-02, -4.2618e-02,  4.5061e-02,  9.4266e-02,  5.1756e-02],
          [-6.7950e-02,  6.2810e-02,  2.2563e-03,  3.9628e-02, -5.0184e-02],
          [ 7.8186e-03, -6.7004e-03,  4.5070e-02, -5.4998e-02, -5.7000e-02]],

         [[ 8.6071e-02,  1.0062e-01,  9.1166e-02, -1.5516e-02, -7.7444e-03],
          [-3.8091e-02,  1.2419e-01,  6.9502e-02,  5.0806e-02, -5.2918e-02],
          [-5.7647e-02,  8.2378e-02, -6.2907e-03,  1.1221e-01,  5.3081e-02],
          [ 4.3525e-02,  7.9375e-03,  5.8042e-02,  8.6208e-02,  3.1987e-02],
          [ 1.2833e-02, -1.6867e-02, -2.9619e-03, -5.0802e-02, -1.4440e-02]],

         [[ 4.5319e-02,  8.0378e-03,  7.0178e-02, -6.7740e-02,  1.0150e-02],
          [ 6.5544e-02,  2.3632e-02,  1.3770e-01,  2.9261e-02, -5.4135e-02],
          [ 5.0387e-02, -7.3906e-03,  1.3358e-01,  7.3432e-02,  5.5646e-02],
          [-5.0845e-02, -5.4069e-03, -3.7225e-02, -2.2016e-02,  6.9751e-02],
          [-2.9421e-02,  2.3889e-02,  6.4003e-02, -7.0110e-02, -7.8687e-03]],

         [[ 6.1273e-03,  5.9738e-02,  1.0887e-02,  7.2790e-02, -7.1163e-03],
          [ 2.9149e-02,  7.2209e-02,  1.0209e-01,  1.2324e-01, -5.4421e-02],
          [-3.8466e-02,  1.1193e-01,  1.3001e-01,  2.3588e-02, -3.1778e-02],
          [-2.8117e-03, -5.6575e-02,  3.9180e-02,  8.2623e-02, -6.6461e-02],
          [-6.1500e-02,  2.7322e-02,  6.5123e-02,  3.0108e-02, -9.0746e-02]]],


        ...,


        [[[-3.7315e-02, -3.1898e-04,  1.3629e-02, -7.0089e-02,  7.5385e-03],
          [ 1.2135e-01,  3.4789e-02,  6.4610e-02,  1.4961e-02,  6.6243e-02],
          [ 7.3292e-02,  1.7077e-01,  1.0149e-01,  1.6768e-01,  1.3057e-01],
          [-6.8495e-02, -5.1147e-02, -1.8757e-02,  2.3671e-02,  4.4363e-02],
          [-6.3938e-02, -1.9898e-02, -6.0258e-02, -8.8830e-02,  8.8106e-02]],

         [[ 7.3684e-02, -3.5940e-02,  5.6494e-02,  7.6963e-02,  3.3422e-04],
          [ 6.5269e-02,  1.0347e-01,  2.2522e-02,  7.2551e-02, -4.5306e-02],
          [ 1.0740e-01,  1.1166e-01,  9.4526e-02,  7.8802e-02,  3.9224e-03],
          [-5.2422e-02,  4.5366e-02,  2.1884e-02,  1.2235e-02,  7.2947e-03],
          [-6.8488e-02, -6.4796e-02, -7.8524e-02, -8.4689e-02,  4.3331e-02]],

         [[ 7.8556e-02,  5.0091e-02,  7.9919e-03,  1.0889e-01,  9.6862e-02],
          [ 6.8741e-02,  8.0501e-03,  1.1265e-01,  5.3670e-02,  6.0197e-02],
          [ 4.5540e-02,  2.7974e-02, -5.6102e-02, -1.2434e-02, -2.9977e-02],
          [-4.6474e-02, -1.2662e-01, -7.6791e-02,  1.7570e-02,  5.1093e-02],
          [ 3.9565e-02, -5.2540e-02, -2.5371e-02,  6.6873e-02,  7.3932e-02]],

         [[-8.0643e-03,  5.3506e-02, -3.5975e-02, -5.9043e-03,  3.1681e-02],
          [ 1.0207e-01,  5.9785e-02,  8.3556e-03,  7.2339e-02,  4.1674e-02],
          [-5.4299e-02,  4.3061e-02, -5.5674e-03, -4.6977e-02,  5.5646e-02],
          [-3.6859e-02, -7.8772e-04, -1.2334e-01,  2.4137e-02, -3.3751e-02],
          [-6.7658e-02,  2.2141e-02, -9.0408e-02,  3.9152e-02,  6.1003e-02]],

         [[ 4.0574e-02,  1.0312e-02,  6.0840e-02,  9.7420e-02,  7.5445e-02],
          [ 5.1236e-02,  2.3320e-02,  1.1753e-01,  6.8115e-02,  4.1665e-02],
          [-5.9064e-02,  3.7844e-02,  3.0998e-02,  6.7042e-02,  4.2367e-02],
          [-7.1348e-02, -1.1497e-01, -3.8989e-02, -1.8557e-02,  9.2384e-02],
          [-4.2761e-03, -1.0985e-01,  1.6287e-02, -6.1750e-02, -5.9637e-02]],

         [[ 1.4158e-02, -9.0641e-04,  4.5369e-02,  6.1262e-02, -4.0150e-02],
          [-3.3743e-02,  1.2000e-01,  8.6905e-02,  6.9421e-02,  1.4267e-01],
          [ 2.5588e-02, -7.1432e-04,  6.1570e-02,  6.1446e-02,  7.0575e-02],
          [-5.1886e-02, -4.7884e-02, -8.7183e-02, -8.4367e-02, -3.2498e-02],
          [-9.4949e-02,  2.4312e-02, -3.5998e-02,  5.6584e-02,  6.6584e-02]]],


        [[[ 9.8317e-02,  4.4952e-02, -8.8526e-03, -1.0567e-01, -7.5492e-02],
          [ 4.7008e-02,  8.2662e-02, -4.1338e-02, -6.6419e-02, -3.4119e-02],
          [ 4.4206e-02,  2.2171e-02,  1.8648e-02,  2.8903e-02,  6.4330e-03],
          [-6.7010e-02,  9.6166e-02,  1.4220e-01,  1.0516e-01,  1.6335e-02],
          [ 1.0476e-01,  1.5547e-01,  1.8270e-02,  8.8040e-02, -6.4034e-02]],

         [[ 6.1121e-02, -2.3665e-02,  4.3005e-02, -5.9426e-02, -4.8203e-03],
          [ 2.3610e-02,  8.0974e-02, -6.5113e-02, -5.6257e-02,  6.0079e-02],
          [ 1.6530e-02, -5.5022e-02, -5.7188e-02,  1.7169e-02,  6.5956e-02],
          [-4.1132e-02, -3.0870e-02,  1.1511e-02, -6.9499e-02,  7.7153e-02],
          [-4.9541e-03, -4.1027e-02,  3.6547e-02,  6.9380e-02,  1.5001e-02]],

         [[-3.2395e-02, -1.0009e-02,  5.6539e-02,  4.9031e-02,  9.1103e-02],
          [-8.6720e-02,  1.0136e-02,  3.6889e-02,  9.4299e-02,  5.1969e-02],
          [ 5.2040e-02,  1.0116e-02,  1.1163e-01,  2.6212e-02,  8.0311e-03],
          [ 6.4717e-02, -2.0447e-02,  1.3296e-01, -2.6716e-02, -6.4239e-02],
          [-7.7690e-02,  3.9153e-02,  1.0439e-02, -2.9824e-02,  2.8452e-02]],

         [[-2.7109e-02,  7.0955e-02, -5.6781e-02,  5.6231e-03,  3.4342e-02],
          [-2.2548e-02, -6.3940e-03,  9.9435e-02,  3.5815e-02,  1.2011e-01],
          [-7.8318e-02, -4.6094e-02,  1.2362e-01,  1.5769e-01, -9.3644e-03],
          [-8.8641e-02, -6.5188e-03,  1.7589e-01,  6.7393e-02,  3.9328e-02],
          [-7.4444e-02, -3.7338e-02,  7.3996e-02,  1.9410e-02, -7.9437e-02]],

         [[-5.6662e-02, -3.5572e-02,  6.4004e-02,  9.8430e-02,  9.8867e-02],
          [-3.9128e-03,  4.8919e-02,  3.0939e-02,  8.6549e-02,  1.0202e-01],
          [-9.7248e-02,  3.8880e-02,  1.6568e-01,  6.5871e-02,  5.7833e-02],
          [ 3.8763e-02,  1.2219e-01,  1.7142e-01,  1.4897e-01, -8.2196e-02],
          [ 1.0184e-02,  7.5594e-02,  1.3131e-01,  1.0183e-01, -4.0275e-02]],

         [[ 3.6648e-02, -7.2215e-02,  8.1254e-02,  7.7041e-02,  8.8167e-02],
          [-2.8265e-02, -4.5601e-02,  8.0383e-02,  6.6484e-02,  9.0288e-02],
          [-8.3604e-02, -3.5459e-02,  1.0908e-01,  8.8940e-02, -1.5623e-02],
          [ 7.0424e-02,  8.4064e-02,  1.7778e-02,  5.9876e-02, -7.5335e-02],
          [ 6.2831e-02,  3.6106e-02,  5.8296e-02, -1.5393e-02,  2.4609e-02]]],


        [[[-7.0039e-02,  3.9365e-02, -5.4755e-02, -6.4750e-02, -3.0542e-02],
          [ 5.4487e-02,  6.0282e-02, -5.9297e-02,  6.7021e-02, -9.0225e-02],
          [ 6.1493e-03,  3.6506e-02,  7.6899e-02, -2.2066e-02, -1.7678e-02],
          [-9.1487e-03, -3.1071e-02,  9.1347e-03,  4.3890e-02, -4.2513e-02],
          [ 3.3652e-02,  4.0199e-03, -3.4454e-02,  5.5952e-02,  7.2726e-02]],

         [[-4.4558e-02, -3.1121e-02,  2.6026e-02, -3.9540e-02,  6.3866e-02],
          [ 3.4520e-02,  6.8739e-03, -3.6630e-03,  4.1468e-02,  4.1215e-02],
          [-7.4256e-02, -4.4985e-02,  5.1244e-02,  5.0424e-02,  6.8588e-02],
          [-7.0061e-02,  1.4815e-02, -3.5766e-02, -1.3033e-02, -4.1227e-04],
          [ 5.9320e-02,  4.3432e-03, -1.0942e-02,  1.0402e-01,  8.2062e-02]],

         [[-9.3042e-02, -2.9907e-02, -2.2337e-02,  9.1031e-03, -5.0341e-02],
          [ 2.0904e-02, -5.7462e-02,  1.3774e-02,  3.0236e-02,  5.9911e-02],
          [ 2.8903e-02,  7.6150e-02,  3.1698e-02,  3.4331e-02,  8.8722e-02],
          [ 4.5277e-02,  1.9541e-02, -2.4780e-03,  9.4087e-02, -1.8683e-02],
          [ 5.7097e-02,  2.8249e-02, -1.1208e-02,  8.2865e-02, -3.9290e-02]],

         [[ 4.8682e-02, -6.6523e-02,  9.8507e-02,  1.0255e-01, -3.2028e-02],
          [-2.8449e-02,  5.7412e-02, -5.1695e-02, -2.6019e-02, -1.8272e-02],
          [-1.0166e-01,  3.1703e-02,  4.7953e-02, -2.4204e-02,  1.6956e-02],
          [-1.9926e-02, -1.4819e-02,  8.3019e-02, -5.9485e-02,  9.7148e-02],
          [ 9.0542e-03,  6.0061e-02,  3.4243e-02, -2.7247e-02,  8.7961e-02]],

         [[-5.0591e-02, -6.6015e-03,  4.2016e-02,  1.4263e-02,  2.2317e-02],
          [ 7.8310e-03, -5.3404e-02,  3.7518e-02,  8.6763e-02, -2.5098e-02],
          [-9.8789e-02,  2.3810e-02,  5.2793e-02,  4.0011e-02,  3.2995e-02],
          [-6.5832e-02,  7.1701e-02,  5.9781e-02, -3.1813e-02,  4.6617e-02],
          [ 3.8766e-04,  7.4782e-02,  2.1193e-02,  4.1511e-02,  2.0289e-02]],

         [[-8.7366e-02,  5.4525e-02, -2.3260e-02,  8.2521e-02,  2.8734e-02],
          [-9.5679e-02,  5.9863e-02,  2.6006e-02, -4.1754e-02,  1.5945e-02],
          [-8.0584e-02,  4.9950e-02, -2.1344e-02,  1.0619e-01,  9.1340e-02],
          [-2.0679e-02, -2.0233e-02,  5.8086e-02, -8.6428e-03,  1.2890e-01],
          [-7.5596e-02, -6.6975e-02,  1.1595e-02, -9.0774e-03,  6.6365e-02]]]],
       device='cuda:0')
2024-10-14 19:33:16,946 - client_base - INFO - recover_model_state_dict[conv2.weight] : tensor([[[[-inf, -inf, -inf, -inf, -inf],
          [-inf, -inf, -inf, -inf, -inf],
          [-inf, -inf, -inf, -inf, -inf],
          [-inf, -inf, -inf, -inf, -inf],
          [-inf, -inf, -inf, -inf, -inf]],

         [[-inf, -inf, -inf, -inf, -inf],
          [-inf, -inf, -inf, -inf, -inf],
          [-inf, -inf, -inf, -inf, -inf],
          [-inf, -inf, -inf, -inf, -inf],
          [-inf, -inf, -inf, -inf, -inf]],

         [[-inf, -inf, -inf, -inf, -inf],
          [-inf, -inf, -inf, -inf, -inf],
          [-inf, -inf, -inf, -inf, -inf],
          [-inf, -inf, -inf, -inf, -inf],
          [-inf, -inf, -inf, -inf, -inf]],

         [[-inf, -inf, -inf, -inf, -inf],
          [-inf, -inf, -inf, -inf, -inf],
          [-inf, -inf, -inf, -inf, -inf],
          [-inf, -inf, -inf, -inf, -inf],
          [-inf, -inf, -inf, -inf, -inf]],

         [[-inf, -inf, -inf, -inf, -inf],
          [-inf, -inf, -inf, -inf, -inf],
          [-inf, -inf, -inf, -inf, -inf],
          [-inf, -inf, -inf, -inf, -inf],
          [-inf, -inf, -inf, -inf, -inf]],

         [[-inf, -inf, -inf, -inf, -inf],
          [-inf, -inf, -inf, -inf, -inf],
          [-inf, -inf, -inf, -inf, -inf],
          [-inf, -inf, -inf, -inf, -inf],
          [-inf, -inf, -inf, -inf, -inf]]],


        [[[-inf, -inf, -inf, -inf, -inf],
          [-inf, -inf, -inf, -inf, -inf],
          [-inf, -inf, -inf, -inf, -inf],
          [-inf, -inf, -inf, -inf, -inf],
          [-inf, -inf, -inf, -inf, -inf]],

         [[-inf, -inf, -inf, -inf, -inf],
          [-inf, -inf, -inf, -inf, -inf],
          [-inf, -inf, -inf, -inf, -inf],
          [-inf, -inf, -inf, -inf, -inf],
          [-inf, -inf, -inf, -inf, -inf]],

         [[-inf, -inf, -inf, -inf, -inf],
          [-inf, -inf, -inf, -inf, -inf],
          [-inf, -inf, -inf, -inf, -inf],
          [-inf, -inf, -inf, -inf, -inf],
          [-inf, -inf, -inf, -inf, -inf]],

         [[-inf, -inf, -inf, -inf, -inf],
          [-inf, -inf, -inf, -inf, -inf],
          [-inf, -inf, -inf, -inf, -inf],
          [-inf, -inf, -inf, -inf, -inf],
          [-inf, -inf, -inf, -inf, -inf]],

         [[-inf, -inf, -inf, -inf, -inf],
          [-inf, -inf, -inf, -inf, -inf],
          [-inf, -inf, -inf, -inf, -inf],
          [-inf, -inf, -inf, -inf, -inf],
          [-inf, -inf, -inf, -inf, -inf]],

         [[-inf, -inf, -inf, -inf, -inf],
          [-inf, -inf, -inf, -inf, -inf],
          [-inf, -inf, -inf, -inf, -inf],
          [-inf, -inf, -inf, -inf, -inf],
          [-inf, -inf, -inf, -inf, -inf]]],


        [[[-inf, -inf, -inf, -inf, -inf],
          [-inf, -inf, -inf, -inf, -inf],
          [-inf, -inf, -inf, -inf, -inf],
          [-inf, -inf, -inf, -inf, -inf],
          [-inf, -inf, -inf, -inf, -inf]],

         [[-inf, -inf, -inf, -inf, -inf],
          [-inf, -inf, -inf, -inf, -inf],
          [-inf, -inf, -inf, -inf, -inf],
          [-inf, -inf, -inf, -inf, -inf],
          [-inf, -inf, -inf, -inf, -inf]],

         [[-inf, -inf, -inf, -inf, -inf],
          [-inf, -inf, -inf, -inf, -inf],
          [-inf, -inf, -inf, -inf, -inf],
          [-inf, -inf, -inf, -inf, -inf],
          [-inf, -inf, -inf, -inf, -inf]],

         [[-inf, -inf, -inf, -inf, -inf],
          [-inf, -inf, -inf, -inf, -inf],
          [-inf, -inf, -inf, -inf, -inf],
          [-inf, -inf, -inf, -inf, -inf],
          [-inf, -inf, -inf, -inf, -inf]],

         [[-inf, -inf, -inf, -inf, -inf],
          [-inf, -inf, -inf, -inf, -inf],
          [-inf, -inf, -inf, -inf, -inf],
          [-inf, -inf, -inf, -inf, -inf],
          [-inf, -inf, -inf, -inf, -inf]],

         [[-inf, -inf, -inf, -inf, -inf],
          [-inf, -inf, -inf, -inf, -inf],
          [-inf, -inf, -inf, -inf, -inf],
          [-inf, -inf, -inf, -inf, -inf],
          [-inf, -inf, -inf, -inf, -inf]]],


        ...,


        [[[-inf, -inf, -inf, -inf, -inf],
          [-inf, -inf, -inf, -inf, -inf],
          [-inf, -inf, -inf, -inf, -inf],
          [-inf, -inf, -inf, -inf, -inf],
          [-inf, -inf, -inf, -inf, -inf]],

         [[-inf, -inf, -inf, -inf, -inf],
          [-inf, -inf, -inf, -inf, -inf],
          [-inf, -inf, -inf, -inf, -inf],
          [-inf, -inf, -inf, -inf, -inf],
          [-inf, -inf, -inf, -inf, -inf]],

         [[-inf, -inf, -inf, -inf, -inf],
          [-inf, -inf, -inf, -inf, -inf],
          [-inf, -inf, -inf, -inf, -inf],
          [-inf, -inf, -inf, -inf, -inf],
          [-inf, -inf, -inf, -inf, -inf]],

         [[-inf, -inf, -inf, -inf, -inf],
          [-inf, -inf, -inf, -inf, -inf],
          [-inf, -inf, -inf, -inf, -inf],
          [-inf, -inf, -inf, -inf, -inf],
          [-inf, -inf, -inf, -inf, -inf]],

         [[-inf, -inf, -inf, -inf, -inf],
          [-inf, -inf, -inf, -inf, -inf],
          [-inf, -inf, -inf, -inf, -inf],
          [-inf, -inf, -inf, -inf, -inf],
          [-inf, -inf, -inf, -inf, -inf]],

         [[-inf, -inf, -inf, -inf, -inf],
          [-inf, -inf, -inf, -inf, -inf],
          [-inf, -inf, -inf, -inf, -inf],
          [-inf, -inf, -inf, -inf, -inf],
          [-inf, -inf, -inf, -inf, -inf]]],


        [[[-inf, -inf, -inf, -inf, -inf],
          [-inf, -inf, -inf, -inf, -inf],
          [-inf, -inf, -inf, -inf, -inf],
          [-inf, -inf, -inf, -inf, -inf],
          [-inf, -inf, -inf, -inf, -inf]],

         [[-inf, -inf, -inf, -inf, -inf],
          [-inf, -inf, -inf, -inf, -inf],
          [-inf, -inf, -inf, -inf, -inf],
          [-inf, -inf, -inf, -inf, -inf],
          [-inf, -inf, -inf, -inf, -inf]],

         [[-inf, -inf, -inf, -inf, -inf],
          [-inf, -inf, -inf, -inf, -inf],
          [-inf, -inf, -inf, -inf, -inf],
          [-inf, -inf, -inf, -inf, -inf],
          [-inf, -inf, -inf, -inf, -inf]],

         [[-inf, -inf, -inf, -inf, -inf],
          [-inf, -inf, -inf, -inf, -inf],
          [-inf, -inf, -inf, -inf, -inf],
          [-inf, -inf, -inf, -inf, -inf],
          [-inf, -inf, -inf, -inf, -inf]],

         [[-inf, -inf, -inf, -inf, -inf],
          [-inf, -inf, -inf, -inf, -inf],
          [-inf, -inf, -inf, -inf, -inf],
          [-inf, -inf, -inf, -inf, -inf],
          [-inf, -inf, -inf, -inf, -inf]],

         [[-inf, -inf, -inf, -inf, -inf],
          [-inf, -inf, -inf, -inf, -inf],
          [-inf, -inf, -inf, -inf, -inf],
          [-inf, -inf, -inf, -inf, -inf],
          [-inf, -inf, -inf, -inf, -inf]]],


        [[[-inf, -inf, -inf, -inf, -inf],
          [-inf, -inf, -inf, -inf, -inf],
          [-inf, -inf, -inf, -inf, -inf],
          [-inf, -inf, -inf, -inf, -inf],
          [-inf, -inf, -inf, -inf, -inf]],

         [[-inf, -inf, -inf, -inf, -inf],
          [-inf, -inf, -inf, -inf, -inf],
          [-inf, -inf, -inf, -inf, -inf],
          [-inf, -inf, -inf, -inf, -inf],
          [-inf, -inf, -inf, -inf, -inf]],

         [[-inf, -inf, -inf, -inf, -inf],
          [-inf, -inf, -inf, -inf, -inf],
          [-inf, -inf, -inf, -inf, -inf],
          [-inf, -inf, -inf, -inf, -inf],
          [-inf, -inf, -inf, -inf, -inf]],

         [[-inf, -inf, -inf, -inf, -inf],
          [-inf, -inf, -inf, -inf, -inf],
          [-inf, -inf, -inf, -inf, -inf],
          [-inf, -inf, -inf, -inf, -inf],
          [-inf, -inf, -inf, -inf, -inf]],

         [[-inf, -inf, -inf, -inf, -inf],
          [-inf, -inf, -inf, -inf, -inf],
          [-inf, -inf, -inf, -inf, -inf],
          [-inf, -inf, -inf, -inf, -inf],
          [-inf, -inf, -inf, -inf, -inf]],

         [[-inf, -inf, -inf, -inf, -inf],
          [-inf, -inf, -inf, -inf, -inf],
          [-inf, -inf, -inf, -inf, -inf],
          [-inf, -inf, -inf, -inf, -inf],
          [-inf, -inf, -inf, -inf, -inf]]]], device='cuda:0')
2024-10-14 19:33:16,950 - client_base - INFO - model_state_dict[conv2.bias] : tensor([ 0.0141,  0.0036,  0.0503, -0.0334,  0.0657, -0.0724, -0.0333, -0.0403,
        -0.0647,  0.0325, -0.0731, -0.0052,  0.0012, -0.0210,  0.0497, -0.0121],
       device='cuda:0')
2024-10-14 19:33:16,950 - client_base - INFO - recover_model_state_dict[conv2.bias] : tensor([-inf, -inf, -inf, -inf, -inf, -inf, -inf, -inf, -inf, -inf, -inf, -inf, -inf, -inf, -inf, -inf],
       device='cuda:0')
2024-10-14 19:33:16,950 - client_base - INFO - model_state_dict[fc1.weight] : tensor([[-0.0295, -0.0346,  0.0414,  ..., -0.0398, -0.0090,  0.0031],
        [-0.0136,  0.0005, -0.0089,  ...,  0.0023, -0.0223,  0.0161],
        [-0.0086,  0.0098,  0.0455,  ..., -0.0279,  0.0473,  0.0225],
        ...,
        [-0.0343,  0.0515,  0.0555,  ...,  0.0463, -0.0287,  0.0176],
        [ 0.0274, -0.0242, -0.0200,  ...,  0.0139,  0.0334, -0.0367],
        [-0.0337, -0.0293,  0.0451,  ..., -0.0431, -0.0425, -0.0498]],
       device='cuda:0')
2024-10-14 19:33:16,951 - client_base - INFO - recover_model_state_dict[fc1.weight] : tensor([[-inf, -inf, -inf,  ..., -inf, -inf, -inf],
        [-inf, -inf, -inf,  ..., -inf, -inf, -inf],
        [-inf, -inf, -inf,  ..., -inf, -inf, -inf],
        ...,
        [-inf, -inf, -inf,  ..., -inf, -inf, -inf],
        [-inf, -inf, -inf,  ..., -inf, -inf, -inf],
        [-inf, -inf, -inf,  ..., -inf, -inf, -inf]], device='cuda:0')
2024-10-14 19:33:16,952 - client_base - INFO - model_state_dict[fc1.bias] : tensor([ 4.2534e-02, -2.5390e-02, -3.0883e-02, -3.2659e-02,  4.5432e-02,
         2.7263e-03, -3.0683e-02, -3.1272e-03, -3.6772e-02, -1.8127e-02,
         2.8600e-02, -1.2033e-02, -3.6240e-02, -2.0946e-02,  4.8070e-02,
        -3.2038e-02, -3.5530e-02,  9.9027e-03, -8.7497e-03, -3.2981e-02,
         3.4481e-03,  4.9535e-02,  2.6716e-02, -5.6783e-03,  1.8412e-02,
        -1.4998e-02, -1.1284e-02, -2.8120e-02, -5.1091e-02,  1.2317e-02,
         5.4022e-03,  1.7238e-02,  2.4840e-02, -5.1522e-02,  2.4254e-02,
         1.9596e-02,  3.8947e-02,  3.0768e-02, -2.1471e-02,  1.1569e-02,
        -4.1489e-02, -1.1553e-02,  3.3674e-02,  2.9557e-02,  3.4978e-02,
        -1.6054e-02, -5.1082e-02,  9.2584e-03, -4.5978e-02, -4.1703e-02,
        -2.3707e-02, -3.5406e-02,  2.6172e-02, -3.0041e-02, -2.4548e-02,
        -3.1035e-02, -4.2333e-02, -1.8449e-02,  3.2248e-03,  4.9797e-02,
        -4.5198e-02, -2.7950e-02, -2.2511e-02,  4.2435e-02, -2.8861e-02,
        -2.0473e-02, -3.9172e-02,  1.3879e-03, -2.6926e-02, -2.7388e-02,
         3.8639e-02,  3.5035e-03,  3.2964e-02,  1.2623e-02,  2.3160e-02,
        -4.4259e-02, -2.5689e-02, -8.4673e-03,  3.2996e-03, -3.8004e-03,
         4.5623e-02, -1.4091e-02, -3.6539e-02,  3.2272e-02, -4.2646e-02,
        -4.4421e-02, -2.5970e-02, -4.0235e-02,  1.8638e-02, -1.2100e-05,
         4.7353e-02, -4.4215e-03, -3.1747e-02, -2.8215e-02, -1.2728e-02,
         3.1374e-02, -4.9879e-02, -3.1636e-02,  2.8804e-02,  1.6460e-02,
         1.7725e-02,  4.6566e-02, -1.9539e-02,  4.2490e-02, -1.8435e-03,
        -2.5831e-02, -2.9768e-02, -3.8738e-02, -2.3269e-02, -2.9578e-02,
         1.0113e-02, -3.9102e-02, -9.8384e-04,  1.3320e-02,  5.4351e-02,
        -2.3185e-04, -2.8261e-02,  4.8156e-02,  3.2379e-02,  2.0757e-02],
       device='cuda:0')
2024-10-14 19:33:16,954 - client_base - INFO - recover_model_state_dict[fc1.bias] : tensor([-inf, -inf, -inf, -inf, -inf, -inf, -inf, -inf, -inf, -inf, -inf, -inf, -inf, -inf, -inf, -inf, -inf, -inf, -inf, -inf, -inf, -inf, -inf, -inf,
        -inf, -inf, -inf, -inf, -inf, -inf, -inf, -inf, -inf, -inf, -inf, -inf, -inf, -inf, -inf, -inf, -inf, -inf, -inf, -inf, -inf, -inf, -inf, -inf,
        -inf, -inf, -inf, -inf, -inf, -inf, -inf, -inf, -inf, -inf, -inf, -inf, -inf, -inf, -inf, -inf, -inf, -inf, -inf, -inf, -inf, -inf, -inf, -inf,
        -inf, -inf, -inf, -inf, -inf, -inf, -inf, -inf, -inf, -inf, -inf, -inf, -inf, -inf, -inf, -inf, -inf, -inf, -inf, -inf, -inf, -inf, -inf, -inf,
        -inf, -inf, -inf, -inf, -inf, -inf, -inf, -inf, -inf, -inf, -inf, -inf, -inf, -inf, -inf, -inf, -inf, -inf, -inf, -inf, -inf, -inf, -inf, -inf],
       device='cuda:0')
2024-10-14 19:33:16,954 - client_base - INFO - model_state_dict[fc2.weight] : tensor([[ 6.0289e-02, -9.5979e-02, -3.2096e-02,  ...,  2.7996e-02,
         -8.8989e-03,  4.7510e-02],
        [-8.5118e-02,  9.9688e-05, -2.4108e-02,  ...,  7.5787e-02,
          4.1553e-02, -3.2580e-03],
        [ 4.5065e-04,  4.8163e-02,  4.1068e-02,  ...,  1.7287e-02,
         -9.1920e-02, -8.8589e-03],
        ...,
        [-2.8969e-02,  9.4596e-02, -3.1754e-02,  ..., -1.2527e-01,
         -6.6311e-02, -3.4342e-03],
        [ 2.1279e-02, -2.9416e-02, -7.0337e-02,  ...,  6.4493e-02,
          1.0015e-02, -1.1263e-03],
        [ 6.2515e-02, -6.8070e-02,  4.8568e-02,  ..., -4.6694e-02,
          6.5622e-02, -4.6807e-02]], device='cuda:0')
2024-10-14 19:33:16,955 - client_base - INFO - recover_model_state_dict[fc2.weight] : tensor([[-inf, -inf, -inf,  ..., -inf, -inf, -inf],
        [-inf, -inf, -inf,  ..., -inf, -inf, -inf],
        [-inf, -inf, -inf,  ..., -inf, -inf, -inf],
        ...,
        [-inf, -inf, -inf,  ..., -inf, -inf, -inf],
        [-inf, -inf, -inf,  ..., -inf, -inf, -inf],
        [-inf, -inf, -inf,  ..., -inf, -inf, -inf]], device='cuda:0')
2024-10-14 19:33:16,956 - client_base - INFO - model_state_dict[fc2.bias] : tensor([-0.0017, -0.0742, -0.0900, -0.0488,  0.0620,  0.0415, -0.0396, -0.0645,
        -0.0675,  0.0148,  0.0739, -0.0816,  0.0125,  0.0055,  0.0764,  0.0317,
         0.0140, -0.0241, -0.0262,  0.0735,  0.0326, -0.0658, -0.0756, -0.0382,
         0.0486,  0.0611,  0.0805,  0.0810, -0.0236,  0.0424, -0.0802,  0.0580,
         0.0793, -0.0828,  0.0764,  0.0688,  0.0159, -0.0904,  0.0240, -0.0623,
         0.0996, -0.0165,  0.0269, -0.0363, -0.0676,  0.0448, -0.0545,  0.0731,
         0.0179,  0.0605, -0.0690, -0.0424, -0.0629,  0.0243, -0.0038,  0.1000,
         0.0070, -0.0648, -0.0452,  0.0108, -0.0216, -0.0729,  0.0526, -0.0908,
         0.1095, -0.0142,  0.0341,  0.0246, -0.0500,  0.0781, -0.0841,  0.0018,
         0.0633, -0.0673,  0.0989, -0.0707,  0.0662,  0.0985,  0.0667, -0.0868,
         0.0560, -0.0143,  0.0550,  0.0057], device='cuda:0')
2024-10-14 19:33:16,957 - client_base - INFO - recover_model_state_dict[fc2.bias] : tensor([-inf, -inf, -inf, -inf, -inf, -inf, -inf, -inf, -inf, -inf, -inf, -inf, -inf, -inf, -inf, -inf, -inf, -inf, -inf, -inf, -inf, -inf, -inf, -inf,
        -inf, -inf, -inf, -inf, -inf, -inf, -inf, -inf, -inf, -inf, -inf, -inf, -inf, -inf, -inf, -inf, -inf, -inf, -inf, -inf, -inf, -inf, -inf, -inf,
        -inf, -inf, -inf, -inf, -inf, -inf, -inf, -inf, -inf, -inf, -inf, -inf, -inf, -inf, -inf, -inf, -inf, -inf, -inf, -inf, -inf, -inf, -inf, -inf,
        -inf, -inf, -inf, -inf, -inf, -inf, -inf, -inf, -inf, -inf, -inf, -inf],
       device='cuda:0')
2024-10-14 19:33:16,957 - client_base - INFO - model_state_dict[fc3.weight] : tensor([[ 0.1638,  0.1099,  0.0851, -0.0050,  0.0185,  0.0017, -0.0941, -0.1033,
          0.0434, -0.1603, -0.0466, -0.0558, -0.0821,  0.0837, -0.0478,  0.0500,
          0.0141,  0.1962,  0.0018, -0.0330,  0.0593, -0.0699,  0.0829, -0.0667,
          0.0056, -0.1021,  0.0247,  0.0311,  0.1190, -0.0858,  0.0941, -0.0873,
          0.0059, -0.0664, -0.1371, -0.0965,  0.0121,  0.0237, -0.1187, -0.0568,
         -0.1569, -0.0496, -0.1481,  0.0475,  0.0685, -0.1573,  0.0660,  0.1221,
          0.1758,  0.0474,  0.0563, -0.0650,  0.0592,  0.0458, -0.0850,  0.0318,
         -0.0997,  0.0385,  0.0132,  0.0909, -0.1165,  0.1014, -0.1801,  0.0179,
         -0.0117, -0.0573, -0.0227,  0.0094, -0.0114, -0.0827,  0.0080,  0.1511,
          0.0552,  0.0985,  0.0239, -0.0859,  0.0043, -0.1353,  0.0343,  0.0241,
         -0.1588,  0.1011, -0.0545, -0.0785],
        [ 0.0596,  0.0497, -0.0478,  0.0181,  0.0639,  0.0535, -0.0765,  0.0992,
          0.0961,  0.0580, -0.1086,  0.0909, -0.0977, -0.1608, -0.1286,  0.0602,
          0.0585, -0.1268, -0.0766, -0.0135,  0.0187, -0.0804,  0.1135,  0.1547,
         -0.0853,  0.0015,  0.0055, -0.0287, -0.0335,  0.1014, -0.1297,  0.0487,
          0.1402, -0.0755,  0.0340,  0.0136, -0.1278,  0.0379, -0.1360,  0.1044,
          0.0824, -0.0883, -0.0816,  0.0166,  0.0201, -0.0190,  0.0763,  0.1430,
         -0.0430,  0.0267, -0.0161,  0.0752,  0.0231, -0.1338, -0.0119,  0.1121,
         -0.0965,  0.0666, -0.0169, -0.1461, -0.0830,  0.0220,  0.1219,  0.0848,
          0.1890, -0.0590,  0.0976,  0.0317,  0.1788,  0.2095,  0.0645, -0.1297,
         -0.0385,  0.1032,  0.1464, -0.0334,  0.0747, -0.0599, -0.1495,  0.0973,
          0.0741, -0.0568, -0.0388, -0.0265],
        [-0.0551, -0.0363, -0.0424, -0.0887, -0.0626,  0.0340, -0.1005, -0.0048,
         -0.0720,  0.0884, -0.0153, -0.0862,  0.1790, -0.1208,  0.0833, -0.1040,
         -0.0272, -0.0777,  0.0894, -0.0631, -0.0713,  0.0536,  0.0955, -0.0253,
         -0.0796,  0.0226, -0.0689, -0.1105,  0.1071,  0.0897,  0.0677, -0.0345,
          0.1091, -0.0056,  0.1604, -0.0443, -0.0605,  0.0908, -0.1241,  0.0321,
         -0.1037, -0.0238,  0.1322,  0.0249, -0.0389,  0.0989, -0.0074, -0.0295,
         -0.0642, -0.0059,  0.1088, -0.0223,  0.0763,  0.0409, -0.1059,  0.1579,
         -0.1472, -0.0129, -0.0028, -0.0204, -0.0877, -0.0872, -0.1439,  0.0029,
         -0.0787,  0.0364, -0.0938, -0.0914, -0.1465,  0.1319, -0.0190,  0.1472,
          0.0857, -0.0014, -0.0997,  0.0809,  0.0235,  0.0042, -0.1634, -0.0488,
          0.1367,  0.1683, -0.0958, -0.0830],
        [ 0.0390,  0.0765,  0.0258, -0.0800, -0.0534, -0.0256, -0.0240, -0.0287,
         -0.0969,  0.2406,  0.0600,  0.0167,  0.1277, -0.0748,  0.0735, -0.0644,
         -0.0885,  0.0296, -0.0720,  0.0056,  0.0075,  0.0405, -0.0294,  0.0994,
          0.0721,  0.0780, -0.0893,  0.0477,  0.0666,  0.0636, -0.1931, -0.0045,
          0.1014,  0.0794, -0.0375, -0.0587,  0.0383,  0.0211,  0.1035,  0.0753,
         -0.1031, -0.1056,  0.0250, -0.0739, -0.0463, -0.0760, -0.0291,  0.1444,
          0.0409, -0.0547, -0.0172,  0.0742, -0.0779,  0.0263, -0.0068, -0.0555,
          0.0618, -0.0675, -0.0350,  0.0550,  0.0397, -0.0382,  0.0441, -0.0076,
         -0.0148,  0.0593,  0.0617, -0.0029, -0.0118, -0.0849,  0.1215, -0.1934,
          0.0943, -0.1118, -0.0879, -0.0647, -0.0493, -0.0865,  0.0380,  0.0200,
          0.0404,  0.1129, -0.1379,  0.0723],
        [ 0.0029, -0.0788, -0.0954, -0.0834, -0.0804, -0.0608, -0.0342, -0.0356,
          0.0050, -0.0386,  0.0971, -0.0893, -0.0955, -0.0369,  0.1459,  0.0779,
          0.0744, -0.1618,  0.0264, -0.1123,  0.0965,  0.0826,  0.1432, -0.0118,
          0.0906, -0.0048,  0.0221, -0.0649,  0.0274,  0.0830,  0.1317, -0.1127,
         -0.0086,  0.1291, -0.0501,  0.0928, -0.0639, -0.0601,  0.1009, -0.0537,
          0.0474,  0.0843,  0.0035, -0.0185, -0.1032,  0.2090,  0.0885, -0.1444,
         -0.1090,  0.0777,  0.1071,  0.0958, -0.0543,  0.0203, -0.0796, -0.1904,
          0.0921, -0.0413,  0.0407, -0.1064,  0.0259, -0.0305,  0.0686, -0.1043,
         -0.1085,  0.0525,  0.0132,  0.0092,  0.1303, -0.1142,  0.0357, -0.0063,
          0.0993,  0.0126, -0.1049,  0.0790, -0.1366,  0.0257,  0.0506,  0.0832,
          0.0234, -0.0573,  0.1750, -0.0687],
        [ 0.1171, -0.0955, -0.0533,  0.0636,  0.0453,  0.0163,  0.0112, -0.0656,
          0.0878, -0.1298, -0.0954,  0.1017,  0.0693,  0.0382,  0.0366,  0.0552,
          0.0662,  0.0668,  0.0985, -0.0321,  0.0368, -0.1259, -0.1120, -0.0789,
          0.0045, -0.0104,  0.0296,  0.1487, -0.0014, -0.0233, -0.0079,  0.0160,
         -0.0309, -0.0117, -0.0940,  0.0647, -0.0739, -0.0723,  0.1677,  0.0029,
         -0.1263, -0.0774,  0.0634, -0.0981, -0.0930, -0.1670, -0.0615, -0.1091,
         -0.1255, -0.1010, -0.0441,  0.1567, -0.0734,  0.0219, -0.0998, -0.0435,
          0.1179, -0.0351,  0.0416,  0.2410,  0.1060,  0.0115,  0.2034, -0.1219,
          0.0077, -0.0211, -0.0496,  0.1454, -0.0866, -0.0119,  0.0045, -0.0448,
         -0.0248,  0.0079,  0.0320, -0.0057, -0.0291, -0.0050, -0.0389,  0.0524,
          0.0609,  0.0073, -0.1034,  0.0015],
        [ 0.0963,  0.0400,  0.0207, -0.0822,  0.0272, -0.0726, -0.1338, -0.0939,
          0.1087, -0.1137, -0.1000,  0.0825,  0.0224,  0.1329,  0.1827, -0.0015,
         -0.0084, -0.0910, -0.0440,  0.0874,  0.0530,  0.0951, -0.0954, -0.1360,
          0.0311, -0.0809, -0.0656,  0.1091,  0.0804,  0.0783,  0.2298,  0.1607,
          0.0066,  0.0577,  0.0519,  0.0760, -0.0544,  0.1070, -0.1371,  0.0317,
         -0.0537,  0.0247, -0.0900,  0.0192, -0.0516, -0.0639,  0.0735, -0.0218,
         -0.1363, -0.0447,  0.0251, -0.0004, -0.0268,  0.0300,  0.0815,  0.0509,
          0.1265,  0.1015,  0.0658, -0.0171, -0.0464, -0.1313, -0.0553, -0.1391,
         -0.1012, -0.0506, -0.0239,  0.0838,  0.0867, -0.0110, -0.0046,  0.0626,
         -0.1040, -0.1157, -0.0715, -0.0393, -0.0542, -0.2061,  0.0686,  0.0960,
          0.0061, -0.1574,  0.0307,  0.0421],
        [-0.0956,  0.0477,  0.0505,  0.0088, -0.1213,  0.0237,  0.1068, -0.0426,
         -0.0283,  0.0095, -0.1058, -0.0086, -0.0085,  0.1656, -0.0169, -0.0765,
         -0.0042, -0.0401, -0.0591, -0.0118, -0.0560, -0.0788, -0.0325,  0.1984,
          0.0097, -0.0198, -0.0013, -0.1322, -0.1127,  0.0662, -0.0695, -0.0592,
         -0.0716, -0.0388, -0.0113, -0.1065, -0.0562, -0.0171, -0.0824, -0.0011,
          0.1606, -0.0389,  0.0283,  0.0635,  0.0099,  0.0202,  0.0689, -0.0032,
          0.0197, -0.0655,  0.0045,  0.0583,  0.0209, -0.0841,  0.0353,  0.0288,
         -0.1963,  0.0295,  0.0331,  0.0925,  0.0715,  0.0936, -0.1252,  0.0569,
         -0.0720, -0.1001, -0.1423,  0.0289, -0.1310, -0.0300, -0.0413, -0.0655,
          0.0506, -0.0481, -0.0048,  0.1059, -0.0724,  0.2300,  0.1564, -0.0277,
          0.0976,  0.0917, -0.0752,  0.0712],
        [-0.1009, -0.0320,  0.0749, -0.0390, -0.0090, -0.0565,  0.1239,  0.1044,
          0.0109, -0.1507,  0.1050, -0.0255,  0.0655, -0.1027,  0.0361,  0.0803,
          0.0263, -0.0395, -0.1089,  0.0105, -0.0081,  0.0957, -0.0232, -0.1220,
         -0.1199,  0.0929, -0.1332,  0.0115, -0.0691,  0.0054,  0.0438,  0.0779,
          0.1323,  0.0007, -0.0085,  0.0055, -0.0537, -0.0538,  0.0938,  0.0794,
         -0.1559,  0.0476,  0.1272, -0.0450, -0.0689, -0.0143,  0.0164, -0.0843,
          0.1440,  0.0791, -0.0941,  0.0406, -0.0831,  0.0212,  0.0306,  0.0260,
         -0.0083, -0.0547, -0.0707,  0.0126,  0.1016,  0.0636,  0.1214,  0.1412,
          0.0901, -0.0985,  0.1548, -0.0409, -0.0272, -0.0545, -0.0353,  0.0657,
         -0.0893, -0.1146,  0.0650,  0.0163,  0.1351, -0.0385,  0.0482, -0.1050,
         -0.0430, -0.0753,  0.0135, -0.0439],
        [ 0.0163,  0.0143, -0.1104,  0.0495, -0.1914,  0.1010, -0.0147, -0.0625,
          0.0384, -0.0351, -0.0092,  0.1097,  0.1340, -0.0396, -0.0369, -0.0548,
         -0.1166,  0.0534, -0.1049, -0.0922, -0.0561,  0.0101, -0.0683, -0.0057,
          0.0729, -0.0312, -0.0319, -0.1296, -0.0820, -0.0804, -0.0524, -0.1703,
         -0.0933, -0.0361, -0.0625, -0.0014, -0.0199, -0.0685, -0.0586, -0.0364,
          0.1605, -0.0096, -0.0459,  0.0498,  0.0994,  0.1721,  0.0011,  0.0212,
         -0.0232, -0.0747,  0.0538,  0.0921, -0.0069,  0.0982,  0.0092,  0.0024,
          0.1046, -0.0174,  0.0342, -0.0606,  0.0947, -0.0159,  0.0532, -0.0383,
         -0.0502,  0.0062, -0.0181,  0.0111,  0.0882, -0.1239, -0.0350,  0.0787,
          0.1247, -0.0940,  0.0304, -0.0929,  0.0892,  0.1556,  0.0679, -0.0470,
         -0.1389, -0.0909, -0.0496,  0.0875]], device='cuda:0')
2024-10-14 19:33:16,965 - client_base - INFO - recover_model_state_dict[fc3.weight] : tensor([[-inf, -inf, -inf, -inf, -inf, -inf, -inf, -inf, -inf, -inf, -inf, -inf, -inf, -inf, -inf, -inf, -inf, -inf, -inf, -inf, -inf, -inf, -inf, -inf,
         -inf, -inf, -inf, -inf, -inf, -inf, -inf, -inf, -inf, -inf, -inf, -inf, -inf, -inf, -inf, -inf, -inf, -inf, -inf, -inf, -inf, -inf, -inf, -inf,
         -inf, -inf, -inf, -inf, -inf, -inf, -inf, -inf, -inf, -inf, -inf, -inf, -inf, -inf, -inf, -inf, -inf, -inf, -inf, -inf, -inf, -inf, -inf, -inf,
         -inf, -inf, -inf, -inf, -inf, -inf, -inf, -inf, -inf, -inf, -inf, -inf],
        [-inf, -inf, -inf, -inf, -inf, -inf, -inf, -inf, -inf, -inf, -inf, -inf, -inf, -inf, -inf, -inf, -inf, -inf, -inf, -inf, -inf, -inf, -inf, -inf,
         -inf, -inf, -inf, -inf, -inf, -inf, -inf, -inf, -inf, -inf, -inf, -inf, -inf, -inf, -inf, -inf, -inf, -inf, -inf, -inf, -inf, -inf, -inf, -inf,
         -inf, -inf, -inf, -inf, -inf, -inf, -inf, -inf, -inf, -inf, -inf, -inf, -inf, -inf, -inf, -inf, -inf, -inf, -inf, -inf, -inf, -inf, -inf, -inf,
         -inf, -inf, -inf, -inf, -inf, -inf, -inf, -inf, -inf, -inf, -inf, -inf],
        [-inf, -inf, -inf, -inf, -inf, -inf, -inf, -inf, -inf, -inf, -inf, -inf, -inf, -inf, -inf, -inf, -inf, -inf, -inf, -inf, -inf, -inf, -inf, -inf,
         -inf, -inf, -inf, -inf, -inf, -inf, -inf, -inf, -inf, -inf, -inf, -inf, -inf, -inf, -inf, -inf, -inf, -inf, -inf, -inf, -inf, -inf, -inf, -inf,
         -inf, -inf, -inf, -inf, -inf, -inf, -inf, -inf, -inf, -inf, -inf, -inf, -inf, -inf, -inf, -inf, -inf, -inf, -inf, -inf, -inf, -inf, -inf, -inf,
         -inf, -inf, -inf, -inf, -inf, -inf, -inf, -inf, -inf, -inf, -inf, -inf],
        [-inf, -inf, -inf, -inf, -inf, -inf, -inf, -inf, -inf, -inf, -inf, -inf, -inf, -inf, -inf, -inf, -inf, -inf, -inf, -inf, -inf, -inf, -inf, -inf,
         -inf, -inf, -inf, -inf, -inf, -inf, -inf, -inf, -inf, -inf, -inf, -inf, -inf, -inf, -inf, -inf, -inf, -inf, -inf, -inf, -inf, -inf, -inf, -inf,
         -inf, -inf, -inf, -inf, -inf, -inf, -inf, -inf, -inf, -inf, -inf, -inf, -inf, -inf, -inf, -inf, -inf, -inf, -inf, -inf, -inf, -inf, -inf, -inf,
         -inf, -inf, -inf, -inf, -inf, -inf, -inf, -inf, -inf, -inf, -inf, -inf],
        [-inf, -inf, -inf, -inf, -inf, -inf, -inf, -inf, -inf, -inf, -inf, -inf, -inf, -inf, -inf, -inf, -inf, -inf, -inf, -inf, -inf, -inf, -inf, -inf,
         -inf, -inf, -inf, -inf, -inf, -inf, -inf, -inf, -inf, -inf, -inf, -inf, -inf, -inf, -inf, -inf, -inf, -inf, -inf, -inf, -inf, -inf, -inf, -inf,
         -inf, -inf, -inf, -inf, -inf, -inf, -inf, -inf, -inf, -inf, -inf, -inf, -inf, -inf, -inf, -inf, -inf, -inf, -inf, -inf, -inf, -inf, -inf, -inf,
         -inf, -inf, -inf, -inf, -inf, -inf, -inf, -inf, -inf, -inf, -inf, -inf],
        [-inf, -inf, -inf, -inf, -inf, -inf, -inf, -inf, -inf, -inf, -inf, -inf, -inf, -inf, -inf, -inf, -inf, -inf, -inf, -inf, -inf, -inf, -inf, -inf,
         -inf, -inf, -inf, -inf, -inf, -inf, -inf, -inf, -inf, -inf, -inf, -inf, -inf, -inf, -inf, -inf, -inf, -inf, -inf, -inf, -inf, -inf, -inf, -inf,
         -inf, -inf, -inf, -inf, -inf, -inf, -inf, -inf, -inf, -inf, -inf, -inf, -inf, -inf, -inf, -inf, -inf, -inf, -inf, -inf, -inf, -inf, -inf, -inf,
         -inf, -inf, -inf, -inf, -inf, -inf, -inf, -inf, -inf, -inf, -inf, -inf],
        [-inf, -inf, -inf, -inf, -inf, -inf, -inf, -inf, -inf, -inf, -inf, -inf, -inf, -inf, -inf, -inf, -inf, -inf, -inf, -inf, -inf, -inf, -inf, -inf,
         -inf, -inf, -inf, -inf, -inf, -inf, -inf, -inf, -inf, -inf, -inf, -inf, -inf, -inf, -inf, -inf, -inf, -inf, -inf, -inf, -inf, -inf, -inf, -inf,
         -inf, -inf, -inf, -inf, -inf, -inf, -inf, -inf, -inf, -inf, -inf, -inf, -inf, -inf, -inf, -inf, -inf, -inf, -inf, -inf, -inf, -inf, -inf, -inf,
         -inf, -inf, -inf, -inf, -inf, -inf, -inf, -inf, -inf, -inf, -inf, -inf],
        [-inf, -inf, -inf, -inf, -inf, -inf, -inf, -inf, -inf, -inf, -inf, -inf, -inf, -inf, -inf, -inf, -inf, -inf, -inf, -inf, -inf, -inf, -inf, -inf,
         -inf, -inf, -inf, -inf, -inf, -inf, -inf, -inf, -inf, -inf, -inf, -inf, -inf, -inf, -inf, -inf, -inf, -inf, -inf, -inf, -inf, -inf, -inf, -inf,
         -inf, -inf, -inf, -inf, -inf, -inf, -inf, -inf, -inf, -inf, -inf, -inf, -inf, -inf, -inf, -inf, -inf, -inf, -inf, -inf, -inf, -inf, -inf, -inf,
         -inf, -inf, -inf, -inf, -inf, -inf, -inf, -inf, -inf, -inf, -inf, -inf],
        [-inf, -inf, -inf, -inf, -inf, -inf, -inf, -inf, -inf, -inf, -inf, -inf, -inf, -inf, -inf, -inf, -inf, -inf, -inf, -inf, -inf, -inf, -inf, -inf,
         -inf, -inf, -inf, -inf, -inf, -inf, -inf, -inf, -inf, -inf, -inf, -inf, -inf, -inf, -inf, -inf, -inf, -inf, -inf, -inf, -inf, -inf, -inf, -inf,
         -inf, -inf, -inf, -inf, -inf, -inf, -inf, -inf, -inf, -inf, -inf, -inf, -inf, -inf, -inf, -inf, -inf, -inf, -inf, -inf, -inf, -inf, -inf, -inf,
         -inf, -inf, -inf, -inf, -inf, -inf, -inf, -inf, -inf, -inf, -inf, -inf],
        [-inf, -inf, -inf, -inf, -inf, -inf, -inf, -inf, -inf, -inf, -inf, -inf, -inf, -inf, -inf, -inf, -inf, -inf, -inf, -inf, -inf, -inf, -inf, -inf,
         -inf, -inf, -inf, -inf, -inf, -inf, -inf, -inf, -inf, -inf, -inf, -inf, -inf, -inf, -inf, -inf, -inf, -inf, -inf, -inf, -inf, -inf, -inf, -inf,
         -inf, -inf, -inf, -inf, -inf, -inf, -inf, -inf, -inf, -inf, -inf, -inf, -inf, -inf, -inf, -inf, -inf, -inf, -inf, -inf, -inf, -inf, -inf, -inf,
         -inf, -inf, -inf, -inf, -inf, -inf, -inf, -inf, -inf, -inf, -inf, -inf]],
       device='cuda:0')
2024-10-14 19:33:16,966 - client_base - INFO - model_state_dict[fc3.bias] : tensor([ 0.0411,  0.1033,  0.0771, -0.0547,  0.0717,  0.0235, -0.0511,  0.0657,
        -0.0289, -0.0729], device='cuda:0')
2024-10-14 19:33:16,966 - client_base - INFO - recover_model_state_dict[fc3.bias] : tensor([-inf, -inf, -inf, -inf, -inf, -inf, -inf, -inf, -inf, -inf],
       device='cuda:0')
2024-10-14 19:33:17,760 - fl_main - INFO - client_dict[f_00000] testing accuracy : 0.914000
2024-10-14 19:33:17,760 - fl_main - INFO - client_dict[f_00000] training ...
2024-10-14 19:33:17,761 - client_base - INFO - client_dict[f_00000] training epoch : 0
2024-10-14 19:33:18,983 - client_base - INFO - client_dict[f_00000] training epoch : 1
2024-10-14 19:33:20,196 - fl_main - INFO - client_dict[f_00000] local model encrypting ...
2024-10-14 19:33:21,388 - fed_utils - INFO - encrypting key : conv1.weight, length : 150, cost time : 0m 1s
2024-10-14 19:33:21,437 - fed_utils - INFO - encrypting key : conv1.bias, length : 6, cost time : 0m 0s
2024-10-14 19:33:40,785 - fed_utils - INFO - encrypting key : conv2.weight, length : 2400, cost time : 0m 19s
2024-10-14 19:33:40,923 - fed_utils - INFO - encrypting key : conv2.bias, length : 16, cost time : 0m 0s
2024-10-14 19:40:04,505 - fed_utils - INFO - encrypting key : fc1.weight, length : 48000, cost time : 6m 23s
2024-10-14 19:40:05,467 - fed_utils - INFO - encrypting key : fc1.bias, length : 120, cost time : 0m 0s
2024-10-14 19:41:26,687 - fed_utils - INFO - encrypting key : fc2.weight, length : 10080, cost time : 1m 21s
2024-10-14 19:41:27,377 - fed_utils - INFO - encrypting key : fc2.bias, length : 84, cost time : 0m 0s
2024-10-14 19:41:34,278 - fed_utils - INFO - encrypting key : fc3.weight, length : 840, cost time : 0m 6s
2024-10-14 19:41:34,357 - fed_utils - INFO - encrypting key : fc3.bias, length : 10, cost time : 0m 0s
2024-10-14 19:41:34,373 - fl_main - INFO - Server receive client_dict[f_00000] info ...
2024-10-14 19:41:34,373 - fl_main - INFO - ----- client id [f_00001] -----
2024-10-14 19:41:34,374 - client_base - INFO - model_state_dict[conv1.weight] : tensor([[[[ 0.1215,  0.0821,  0.3703,  0.2882,  0.1151],
          [ 0.1125,  0.1041,  0.3545,  0.2007,  0.2292],
          [ 0.1108,  0.2348, -0.0814, -0.0747,  0.2397],
          [ 0.1545, -0.1384,  0.1077,  0.0693,  0.2250],
          [-0.2693, -0.2523, -0.0711, -0.2384, -0.1455]]],


        [[[ 0.1385,  0.1854,  0.2493,  0.0065, -0.1173],
          [-0.1217, -0.0701,  0.2612,  0.2792, -0.0629],
          [-0.0955, -0.0392, -0.1102,  0.2633,  0.1000],
          [ 0.0010, -0.2310,  0.1370, -0.0606,  0.0048],
          [-0.0631, -0.2189, -0.1040, -0.1403,  0.0673]]],


        [[[-0.2225, -0.1057,  0.0686,  0.1491, -0.1084],
          [ 0.1095,  0.2105, -0.0937,  0.2634, -0.1049],
          [ 0.0707, -0.0101,  0.1436,  0.0445,  0.1259],
          [-0.0079,  0.1743,  0.2435, -0.0089,  0.1089],
          [ 0.1708,  0.3564,  0.2141, -0.0392,  0.1446]]],


        [[[ 0.0780,  0.0162,  0.0483,  0.1166,  0.1918],
          [ 0.2685,  0.2452, -0.0454,  0.2115, -0.1808],
          [ 0.0293,  0.2755,  0.1508, -0.0926, -0.1056],
          [ 0.2400,  0.2769,  0.2004,  0.2241,  0.2270],
          [-0.0129,  0.2641,  0.0864,  0.0130, -0.1434]]],


        [[[ 0.1533, -0.0844,  0.2161,  0.0939, -0.1647],
          [ 0.1287,  0.1902,  0.2545,  0.1373, -0.0581],
          [ 0.1136,  0.2083,  0.2460,  0.0923, -0.0124],
          [ 0.2098,  0.0306,  0.1274,  0.2320, -0.0342],
          [ 0.2524,  0.1438,  0.3263,  0.0308,  0.1618]]],


        [[[ 0.0691, -0.0271,  0.0052, -0.1898,  0.1518],
          [ 0.2128,  0.1314,  0.1478,  0.1351, -0.1705],
          [ 0.1900,  0.2911,  0.1940, -0.0372,  0.0877],
          [-0.1338, -0.0437,  0.2727,  0.2321,  0.1488],
          [ 0.0390,  0.3063,  0.2025,  0.2882, -0.1214]]]], device='cuda:0')
2024-10-14 19:41:34,376 - client_base - INFO - recover_model_state_dict[conv1.weight] : tensor([[[[-inf, -inf, -inf, -inf, -inf],
          [-inf, -inf, -inf, -inf, -inf],
          [-inf, -inf, -inf, -inf, -inf],
          [-inf, -inf, -inf, -inf, -inf],
          [-inf, -inf, -inf, -inf, -inf]]],


        [[[-inf, -inf, -inf, -inf, -inf],
          [-inf, -inf, -inf, -inf, -inf],
          [-inf, -inf, -inf, -inf, -inf],
          [-inf, -inf, -inf, -inf, -inf],
          [-inf, -inf, -inf, -inf, -inf]]],


        [[[-inf, -inf, -inf, -inf, -inf],
          [-inf, -inf, -inf, -inf, -inf],
          [-inf, -inf, -inf, -inf, -inf],
          [-inf, -inf, -inf, -inf, -inf],
          [-inf, -inf, -inf, -inf, -inf]]],


        [[[-inf, -inf, -inf, -inf, -inf],
          [-inf, -inf, -inf, -inf, -inf],
          [-inf, -inf, -inf, -inf, -inf],
          [-inf, -inf, -inf, -inf, -inf],
          [-inf, -inf, -inf, -inf, -inf]]],


        [[[-inf, -inf, -inf, -inf, -inf],
          [-inf, -inf, -inf, -inf, -inf],
          [-inf, -inf, -inf, -inf, -inf],
          [-inf, -inf, -inf, -inf, -inf],
          [-inf, -inf, -inf, -inf, -inf]]],


        [[[-inf, -inf, -inf, -inf, -inf],
          [-inf, -inf, -inf, -inf, -inf],
          [-inf, -inf, -inf, -inf, -inf],
          [-inf, -inf, -inf, -inf, -inf],
          [-inf, -inf, -inf, -inf, -inf]]]], device='cuda:0')
2024-10-14 19:41:34,377 - client_base - INFO - model_state_dict[conv1.bias] : tensor([ 0.0769, -0.0469,  0.2567, -0.1323,  0.2523,  0.1685], device='cuda:0')
2024-10-14 19:41:34,377 - client_base - INFO - recover_model_state_dict[conv1.bias] : tensor([-inf, -inf, -inf, -inf, -inf, -inf], device='cuda:0')
2024-10-14 19:41:34,377 - client_base - INFO - model_state_dict[conv2.weight] : tensor([[[[-0.0833, -0.0467, -0.0576, -0.0178, -0.0414],
          [-0.0654, -0.0370,  0.0392, -0.0108, -0.0058],
          [ 0.0187, -0.0220, -0.0626, -0.0468, -0.0160],
          [ 0.0041,  0.0579,  0.0705,  0.0173, -0.0737],
          [ 0.0391,  0.0946,  0.0589, -0.0908, -0.0479]],

         [[-0.0059,  0.0141,  0.0131,  0.0175, -0.0840],
          [-0.0133, -0.0586,  0.0441, -0.0615, -0.0825],
          [-0.0468,  0.0213, -0.0299, -0.0062,  0.0468],
          [ 0.0075,  0.0085, -0.0417,  0.0125, -0.0127],
          [ 0.0007, -0.0061,  0.0055, -0.0610, -0.0490]],

         [[ 0.0744,  0.0961,  0.0241,  0.0782, -0.0241],
          [-0.0776,  0.1138,  0.0414, -0.0841, -0.0311],
          [ 0.0753,  0.0016, -0.0569, -0.0990, -0.0109],
          [ 0.1191,  0.0893, -0.0743, -0.0906, -0.0278],
          [ 0.1044,  0.0274,  0.0594, -0.0420,  0.0849]],

         [[ 0.0136, -0.0277,  0.0139, -0.0642, -0.0336],
          [ 0.0201,  0.0768, -0.0189,  0.0835, -0.0055],
          [ 0.0021,  0.0255, -0.0192, -0.0604, -0.0666],
          [ 0.0611,  0.1108, -0.0188, -0.0651, -0.0023],
          [ 0.0173,  0.1077, -0.0186, -0.0054,  0.0251]],

         [[-0.0451,  0.0106,  0.0684,  0.0419,  0.0544],
          [-0.0328,  0.0898, -0.0270,  0.0782, -0.0623],
          [-0.0151,  0.1382,  0.0055, -0.0507,  0.0448],
          [ 0.0399,  0.1400,  0.0560,  0.0147, -0.0770],
          [ 0.0779,  0.0662,  0.0595,  0.0207, -0.0302]],

         [[ 0.0818,  0.0822, -0.0082, -0.0766, -0.0196],
          [-0.0218,  0.0078,  0.0241, -0.0478,  0.0303],
          [ 0.0178,  0.1086,  0.0232, -0.0026, -0.0319],
          [ 0.0246,  0.0423,  0.0797, -0.0709, -0.0396],
          [-0.0170,  0.0775, -0.0683,  0.0716, -0.0718]]],


        [[[ 0.0391,  0.0685,  0.0937, -0.0488,  0.0776],
          [ 0.0103, -0.0288,  0.0699, -0.0249, -0.0319],
          [-0.0490, -0.0681, -0.0307, -0.0493,  0.0115],
          [ 0.1014,  0.0607, -0.0002, -0.0480, -0.0149],
          [ 0.1103,  0.0797,  0.0449,  0.0148, -0.0453]],

         [[ 0.0604, -0.0270,  0.0824, -0.0343, -0.0314],
          [ 0.0132, -0.0304, -0.0391, -0.0744, -0.0147],
          [-0.0197, -0.0177,  0.0803,  0.0632, -0.0385],
          [ 0.0019,  0.1075,  0.0645,  0.0811,  0.0250],
          [ 0.0169,  0.0775,  0.0769, -0.0043, -0.0043]],

         [[-0.0751, -0.0250, -0.0737, -0.0338, -0.0949],
          [ 0.0012, -0.0752,  0.0274, -0.0919, -0.0544],
          [ 0.0570,  0.0522, -0.0349,  0.0349,  0.0040],
          [ 0.0718, -0.0048,  0.0788,  0.0674, -0.0426],
          [ 0.0565, -0.0876, -0.0234, -0.0418,  0.0016]],

         [[ 0.0395, -0.0094,  0.0289,  0.0257, -0.0876],
          [ 0.0029,  0.0017,  0.0380,  0.0304, -0.0605],
          [-0.0365, -0.0528,  0.0050,  0.0282, -0.0107],
          [-0.0463,  0.0654, -0.0377,  0.0129,  0.0476],
          [-0.0119, -0.0250,  0.0260,  0.0047, -0.0136]],

         [[-0.0458,  0.0088, -0.0168,  0.0563,  0.0063],
          [-0.0747,  0.0732,  0.0380, -0.0631, -0.0804],
          [ 0.0639,  0.0458,  0.0125, -0.0758, -0.0270],
          [-0.0217,  0.0299,  0.0079,  0.0793,  0.0780],
          [-0.0231, -0.0861,  0.0831,  0.0603, -0.0454]],

         [[-0.0210, -0.0199,  0.0447, -0.0875,  0.0632],
          [ 0.0765, -0.0379,  0.0276,  0.0151, -0.0943],
          [-0.0234, -0.0514, -0.0168,  0.0798, -0.0405],
          [-0.0206,  0.0280,  0.0812,  0.0883,  0.0872],
          [-0.0806, -0.0458,  0.0787,  0.0707,  0.0990]]],


        [[[-0.0594,  0.0567,  0.0265, -0.0693, -0.0221],
          [ 0.0584, -0.0267,  0.0725, -0.0315,  0.0497],
          [ 0.1404,  0.1121,  0.1355,  0.0806,  0.0771],
          [ 0.0280,  0.0094,  0.0460,  0.1183,  0.0841],
          [-0.0423, -0.0459,  0.0172,  0.0454, -0.0154]],

         [[ 0.0873, -0.0199, -0.0233,  0.0116, -0.0338],
          [ 0.0990,  0.0722, -0.0410, -0.0694, -0.0815],
          [ 0.1146,  0.0700,  0.0991,  0.0190,  0.0496],
          [ 0.0787,  0.0664,  0.0266,  0.0611,  0.0884],
          [ 0.0227, -0.0721,  0.0033, -0.0296, -0.0438]],

         [[-0.0521,  0.1093,  0.0336,  0.0821, -0.0603],
          [ 0.0059,  0.0437,  0.0968,  0.0806,  0.0181],
          [ 0.0520, -0.0429,  0.0438,  0.0952,  0.0502],
          [-0.0683,  0.0590, -0.0003,  0.0375, -0.0531],
          [ 0.0075, -0.0089,  0.0457, -0.0542, -0.0560]],

         [[ 0.0854,  0.0996,  0.0863, -0.0188, -0.0097],
          [-0.0375,  0.1256,  0.0656,  0.0502, -0.0533],
          [-0.0574,  0.0827, -0.0099,  0.1132,  0.0513],
          [ 0.0438,  0.0061,  0.0545,  0.0854,  0.0285],
          [ 0.0137, -0.0184, -0.0042, -0.0507, -0.0139]],

         [[ 0.0457,  0.0076,  0.0666, -0.0705,  0.0076],
          [ 0.0676,  0.0242,  0.1335,  0.0288, -0.0555],
          [ 0.0521, -0.0071,  0.1301,  0.0725,  0.0540],
          [-0.0500, -0.0086, -0.0413, -0.0239,  0.0665],
          [-0.0290,  0.0221,  0.0635, -0.0701, -0.0077]],

         [[ 0.0056,  0.0572,  0.0068,  0.0717, -0.0087],
          [ 0.0322,  0.0729,  0.1015,  0.1243, -0.0545],
          [-0.0378,  0.1120,  0.1299,  0.0235, -0.0336],
          [-0.0044, -0.0596,  0.0352,  0.0805, -0.0693],
          [-0.0620,  0.0258,  0.0646,  0.0310, -0.0899]]],


        ...,


        [[[-0.0409, -0.0041,  0.0107, -0.0705,  0.0076],
          [ 0.1182,  0.0309,  0.0635,  0.0124,  0.0627],
          [ 0.0717,  0.1681,  0.0978,  0.1642,  0.1281],
          [-0.0710, -0.0565, -0.0245,  0.0188,  0.0423],
          [-0.0652, -0.0218, -0.0633, -0.0944,  0.0807]],

         [[ 0.0731, -0.0364,  0.0566,  0.0761, -0.0008],
          [ 0.0643,  0.1014,  0.0221,  0.0718, -0.0472],
          [ 0.1078,  0.1102,  0.0951,  0.0783,  0.0034],
          [-0.0522,  0.0449,  0.0206,  0.0120,  0.0091],
          [-0.0691, -0.0645, -0.0792, -0.0866,  0.0410]],

         [[ 0.0767,  0.0467,  0.0063,  0.1075,  0.0960],
          [ 0.0670,  0.0054,  0.1099,  0.0508,  0.0577],
          [ 0.0417,  0.0233, -0.0599, -0.0156, -0.0326],
          [-0.0495, -0.1290, -0.0782,  0.0160,  0.0458],
          [ 0.0374, -0.0532, -0.0254,  0.0642,  0.0708]],

         [[-0.0108,  0.0487, -0.0398, -0.0072,  0.0311],
          [ 0.0992,  0.0552,  0.0025,  0.0687,  0.0384],
          [-0.0577,  0.0388, -0.0115, -0.0508,  0.0542],
          [-0.0396, -0.0035, -0.1258,  0.0205, -0.0386],
          [-0.0695,  0.0216, -0.0898,  0.0384,  0.0575]],

         [[ 0.0382,  0.0051,  0.0574,  0.0950,  0.0742],
          [ 0.0483,  0.0178,  0.1127,  0.0638,  0.0380],
          [-0.0633,  0.0318,  0.0246,  0.0625,  0.0388],
          [-0.0751, -0.1181, -0.0422, -0.0224,  0.0882],
          [-0.0065, -0.1108,  0.0171, -0.0635, -0.0648]],

         [[ 0.0111, -0.0057,  0.0414,  0.0588, -0.0420],
          [-0.0348,  0.1157,  0.0826,  0.0656,  0.1407],
          [ 0.0216, -0.0059,  0.0564,  0.0586,  0.0678],
          [-0.0569, -0.0509, -0.0907, -0.0906, -0.0380],
          [-0.0966,  0.0233, -0.0358,  0.0550,  0.0628]]],


        [[[ 0.1001,  0.0444, -0.0097, -0.1100, -0.0816],
          [ 0.0492,  0.0831, -0.0457, -0.0747, -0.0412],
          [ 0.0457,  0.0229,  0.0161,  0.0251,  0.0041],
          [-0.0646,  0.0955,  0.1394,  0.1045,  0.0172],
          [ 0.1081,  0.1524,  0.0124,  0.0876, -0.0617]],

         [[ 0.0618, -0.0225,  0.0418, -0.0594, -0.0044],
          [ 0.0264,  0.0823, -0.0660, -0.0577,  0.0583],
          [ 0.0184, -0.0548, -0.0581,  0.0164,  0.0660],
          [-0.0413, -0.0318,  0.0118, -0.0672,  0.0774],
          [-0.0029, -0.0427,  0.0352,  0.0714,  0.0167]],

         [[-0.0325, -0.0084,  0.0547,  0.0436,  0.0859],
          [-0.0863,  0.0111,  0.0355,  0.0911,  0.0489],
          [ 0.0549,  0.0116,  0.1092,  0.0253,  0.0098],
          [ 0.0678, -0.0204,  0.1300, -0.0267, -0.0633],
          [-0.0773,  0.0360,  0.0066, -0.0320,  0.0274]],

         [[-0.0264,  0.0728, -0.0574, -0.0020,  0.0263],
          [-0.0246, -0.0057,  0.0962,  0.0283,  0.1149],
          [-0.0780, -0.0455,  0.1188,  0.1526, -0.0091],
          [-0.0855, -0.0080,  0.1697,  0.0657,  0.0421],
          [-0.0725, -0.0408,  0.0675,  0.0171, -0.0797]],

         [[-0.0561, -0.0348,  0.0621,  0.0913,  0.0905],
          [-0.0038,  0.0509,  0.0303,  0.0799,  0.0962],
          [-0.0943,  0.0401,  0.1619,  0.0617,  0.0573],
          [ 0.0434,  0.1208,  0.1662,  0.1457, -0.0801],
          [ 0.0116,  0.0716,  0.1236,  0.0977, -0.0410]],

         [[ 0.0380, -0.0720,  0.0781,  0.0704,  0.0825],
          [-0.0277, -0.0435,  0.0793,  0.0632,  0.0876],
          [-0.0827, -0.0369,  0.1061,  0.0884, -0.0144],
          [ 0.0738,  0.0821,  0.0137,  0.0598, -0.0742],
          [ 0.0635,  0.0337,  0.0530, -0.0187,  0.0238]]],


        [[[-0.0687,  0.0372, -0.0591, -0.0690, -0.0324],
          [ 0.0565,  0.0585, -0.0628,  0.0669, -0.0882],
          [ 0.0072,  0.0367,  0.0768, -0.0205, -0.0140],
          [-0.0083, -0.0298,  0.0122,  0.0459, -0.0422],
          [ 0.0369,  0.0078, -0.0301,  0.0564,  0.0691]],

         [[-0.0443, -0.0312,  0.0251, -0.0403,  0.0618],
          [ 0.0357,  0.0071, -0.0046,  0.0403,  0.0398],
          [-0.0739, -0.0442,  0.0510,  0.0492,  0.0689],
          [-0.0707,  0.0142, -0.0352, -0.0138, -0.0014],
          [ 0.0594,  0.0055, -0.0091,  0.1050,  0.0805]],

         [[-0.0915, -0.0317, -0.0235,  0.0104, -0.0479],
          [ 0.0216, -0.0590,  0.0145,  0.0334,  0.0628],
          [ 0.0281,  0.0765,  0.0356,  0.0390,  0.0903],
          [ 0.0458,  0.0214,  0.0017,  0.0962, -0.0202],
          [ 0.0562,  0.0289, -0.0088,  0.0830, -0.0419]],

         [[ 0.0508, -0.0670,  0.0957,  0.1007, -0.0292],
          [-0.0268,  0.0553, -0.0534, -0.0239, -0.0145],
          [-0.1013,  0.0288,  0.0495, -0.0190,  0.0198],
          [-0.0205, -0.0143,  0.0867, -0.0546,  0.0961],
          [ 0.0086,  0.0605,  0.0381, -0.0254,  0.0857]],

         [[-0.0483, -0.0077,  0.0399,  0.0138,  0.0248],
          [ 0.0099, -0.0558,  0.0363,  0.0891, -0.0209],
          [-0.0980,  0.0232,  0.0552,  0.0448,  0.0352],
          [-0.0654,  0.0728,  0.0636, -0.0266,  0.0455],
          [-0.0005,  0.0758,  0.0254,  0.0435,  0.0168]],

         [[-0.0867,  0.0543, -0.0236,  0.0821,  0.0314],
          [-0.0945,  0.0596,  0.0265, -0.0388,  0.0190],
          [-0.0808,  0.0504, -0.0184,  0.1095,  0.0911],
          [-0.0199, -0.0181,  0.0615, -0.0059,  0.1263],
          [-0.0756, -0.0662,  0.0141, -0.0079,  0.0645]]]], device='cuda:0')
2024-10-14 19:41:34,389 - client_base - INFO - recover_model_state_dict[conv2.weight] : tensor([[[[-inf, -inf, -inf, -inf, -inf],
          [-inf, -inf, -inf, -inf, -inf],
          [-inf, -inf, -inf, -inf, -inf],
          [-inf, -inf, -inf, -inf, -inf],
          [-inf, -inf, -inf, -inf, -inf]],

         [[-inf, -inf, -inf, -inf, -inf],
          [-inf, -inf, -inf, -inf, -inf],
          [-inf, -inf, -inf, -inf, -inf],
          [-inf, -inf, -inf, -inf, -inf],
          [-inf, -inf, -inf, -inf, -inf]],

         [[-inf, -inf, -inf, -inf, -inf],
          [-inf, -inf, -inf, -inf, -inf],
          [-inf, -inf, -inf, -inf, -inf],
          [-inf, -inf, -inf, -inf, -inf],
          [-inf, -inf, -inf, -inf, -inf]],

         [[-inf, -inf, -inf, -inf, -inf],
          [-inf, -inf, -inf, -inf, -inf],
          [-inf, -inf, -inf, -inf, -inf],
          [-inf, -inf, -inf, -inf, -inf],
          [-inf, -inf, -inf, -inf, -inf]],

         [[-inf, -inf, -inf, -inf, -inf],
          [-inf, -inf, -inf, -inf, -inf],
          [-inf, -inf, -inf, -inf, -inf],
          [-inf, -inf, -inf, -inf, -inf],
          [-inf, -inf, -inf, -inf, -inf]],

         [[-inf, -inf, -inf, -inf, -inf],
          [-inf, -inf, -inf, -inf, -inf],
          [-inf, -inf, -inf, -inf, -inf],
          [-inf, -inf, -inf, -inf, -inf],
          [-inf, -inf, -inf, -inf, -inf]]],


        [[[-inf, -inf, -inf, -inf, -inf],
          [-inf, -inf, -inf, -inf, -inf],
          [-inf, -inf, -inf, -inf, -inf],
          [-inf, -inf, -inf, -inf, -inf],
          [-inf, -inf, -inf, -inf, -inf]],

         [[-inf, -inf, -inf, -inf, -inf],
          [-inf, -inf, -inf, -inf, -inf],
          [-inf, -inf, -inf, -inf, -inf],
          [-inf, -inf, -inf, -inf, -inf],
          [-inf, -inf, -inf, -inf, -inf]],

         [[-inf, -inf, -inf, -inf, -inf],
          [-inf, -inf, -inf, -inf, -inf],
          [-inf, -inf, -inf, -inf, -inf],
          [-inf, -inf, -inf, -inf, -inf],
          [-inf, -inf, -inf, -inf, -inf]],

         [[-inf, -inf, -inf, -inf, -inf],
          [-inf, -inf, -inf, -inf, -inf],
          [-inf, -inf, -inf, -inf, -inf],
          [-inf, -inf, -inf, -inf, -inf],
          [-inf, -inf, -inf, -inf, -inf]],

         [[-inf, -inf, -inf, -inf, -inf],
          [-inf, -inf, -inf, -inf, -inf],
          [-inf, -inf, -inf, -inf, -inf],
          [-inf, -inf, -inf, -inf, -inf],
          [-inf, -inf, -inf, -inf, -inf]],

         [[-inf, -inf, -inf, -inf, -inf],
          [-inf, -inf, -inf, -inf, -inf],
          [-inf, -inf, -inf, -inf, -inf],
          [-inf, -inf, -inf, -inf, -inf],
          [-inf, -inf, -inf, -inf, -inf]]],


        [[[-inf, -inf, -inf, -inf, -inf],
          [-inf, -inf, -inf, -inf, -inf],
          [-inf, -inf, -inf, -inf, -inf],
          [-inf, -inf, -inf, -inf, -inf],
          [-inf, -inf, -inf, -inf, -inf]],

         [[-inf, -inf, -inf, -inf, -inf],
          [-inf, -inf, -inf, -inf, -inf],
          [-inf, -inf, -inf, -inf, -inf],
          [-inf, -inf, -inf, -inf, -inf],
          [-inf, -inf, -inf, -inf, -inf]],

         [[-inf, -inf, -inf, -inf, -inf],
          [-inf, -inf, -inf, -inf, -inf],
          [-inf, -inf, -inf, -inf, -inf],
          [-inf, -inf, -inf, -inf, -inf],
          [-inf, -inf, -inf, -inf, -inf]],

         [[-inf, -inf, -inf, -inf, -inf],
          [-inf, -inf, -inf, -inf, -inf],
          [-inf, -inf, -inf, -inf, -inf],
          [-inf, -inf, -inf, -inf, -inf],
          [-inf, -inf, -inf, -inf, -inf]],

         [[-inf, -inf, -inf, -inf, -inf],
          [-inf, -inf, -inf, -inf, -inf],
          [-inf, -inf, -inf, -inf, -inf],
          [-inf, -inf, -inf, -inf, -inf],
          [-inf, -inf, -inf, -inf, -inf]],

         [[-inf, -inf, -inf, -inf, -inf],
          [-inf, -inf, -inf, -inf, -inf],
          [-inf, -inf, -inf, -inf, -inf],
          [-inf, -inf, -inf, -inf, -inf],
          [-inf, -inf, -inf, -inf, -inf]]],


        ...,


        [[[-inf, -inf, -inf, -inf, -inf],
          [-inf, -inf, -inf, -inf, -inf],
          [-inf, -inf, -inf, -inf, -inf],
          [-inf, -inf, -inf, -inf, -inf],
          [-inf, -inf, -inf, -inf, -inf]],

         [[-inf, -inf, -inf, -inf, -inf],
          [-inf, -inf, -inf, -inf, -inf],
          [-inf, -inf, -inf, -inf, -inf],
          [-inf, -inf, -inf, -inf, -inf],
          [-inf, -inf, -inf, -inf, -inf]],

         [[-inf, -inf, -inf, -inf, -inf],
          [-inf, -inf, -inf, -inf, -inf],
          [-inf, -inf, -inf, -inf, -inf],
          [-inf, -inf, -inf, -inf, -inf],
          [-inf, -inf, -inf, -inf, -inf]],

         [[-inf, -inf, -inf, -inf, -inf],
          [-inf, -inf, -inf, -inf, -inf],
          [-inf, -inf, -inf, -inf, -inf],
          [-inf, -inf, -inf, -inf, -inf],
          [-inf, -inf, -inf, -inf, -inf]],

         [[-inf, -inf, -inf, -inf, -inf],
          [-inf, -inf, -inf, -inf, -inf],
          [-inf, -inf, -inf, -inf, -inf],
          [-inf, -inf, -inf, -inf, -inf],
          [-inf, -inf, -inf, -inf, -inf]],

         [[-inf, -inf, -inf, -inf, -inf],
          [-inf, -inf, -inf, -inf, -inf],
          [-inf, -inf, -inf, -inf, -inf],
          [-inf, -inf, -inf, -inf, -inf],
          [-inf, -inf, -inf, -inf, -inf]]],


        [[[-inf, -inf, -inf, -inf, -inf],
          [-inf, -inf, -inf, -inf, -inf],
          [-inf, -inf, -inf, -inf, -inf],
          [-inf, -inf, -inf, -inf, -inf],
          [-inf, -inf, -inf, -inf, -inf]],

         [[-inf, -inf, -inf, -inf, -inf],
          [-inf, -inf, -inf, -inf, -inf],
          [-inf, -inf, -inf, -inf, -inf],
          [-inf, -inf, -inf, -inf, -inf],
          [-inf, -inf, -inf, -inf, -inf]],

         [[-inf, -inf, -inf, -inf, -inf],
          [-inf, -inf, -inf, -inf, -inf],
          [-inf, -inf, -inf, -inf, -inf],
          [-inf, -inf, -inf, -inf, -inf],
          [-inf, -inf, -inf, -inf, -inf]],

         [[-inf, -inf, -inf, -inf, -inf],
          [-inf, -inf, -inf, -inf, -inf],
          [-inf, -inf, -inf, -inf, -inf],
          [-inf, -inf, -inf, -inf, -inf],
          [-inf, -inf, -inf, -inf, -inf]],

         [[-inf, -inf, -inf, -inf, -inf],
          [-inf, -inf, -inf, -inf, -inf],
          [-inf, -inf, -inf, -inf, -inf],
          [-inf, -inf, -inf, -inf, -inf],
          [-inf, -inf, -inf, -inf, -inf]],

         [[-inf, -inf, -inf, -inf, -inf],
          [-inf, -inf, -inf, -inf, -inf],
          [-inf, -inf, -inf, -inf, -inf],
          [-inf, -inf, -inf, -inf, -inf],
          [-inf, -inf, -inf, -inf, -inf]]],


        [[[-inf, -inf, -inf, -inf, -inf],
          [-inf, -inf, -inf, -inf, -inf],
          [-inf, -inf, -inf, -inf, -inf],
          [-inf, -inf, -inf, -inf, -inf],
          [-inf, -inf, -inf, -inf, -inf]],

         [[-inf, -inf, -inf, -inf, -inf],
          [-inf, -inf, -inf, -inf, -inf],
          [-inf, -inf, -inf, -inf, -inf],
          [-inf, -inf, -inf, -inf, -inf],
          [-inf, -inf, -inf, -inf, -inf]],

         [[-inf, -inf, -inf, -inf, -inf],
          [-inf, -inf, -inf, -inf, -inf],
          [-inf, -inf, -inf, -inf, -inf],
          [-inf, -inf, -inf, -inf, -inf],
          [-inf, -inf, -inf, -inf, -inf]],

         [[-inf, -inf, -inf, -inf, -inf],
          [-inf, -inf, -inf, -inf, -inf],
          [-inf, -inf, -inf, -inf, -inf],
          [-inf, -inf, -inf, -inf, -inf],
          [-inf, -inf, -inf, -inf, -inf]],

         [[-inf, -inf, -inf, -inf, -inf],
          [-inf, -inf, -inf, -inf, -inf],
          [-inf, -inf, -inf, -inf, -inf],
          [-inf, -inf, -inf, -inf, -inf],
          [-inf, -inf, -inf, -inf, -inf]],

         [[-inf, -inf, -inf, -inf, -inf],
          [-inf, -inf, -inf, -inf, -inf],
          [-inf, -inf, -inf, -inf, -inf],
          [-inf, -inf, -inf, -inf, -inf],
          [-inf, -inf, -inf, -inf, -inf]]]], device='cuda:0')
2024-10-14 19:41:34,393 - client_base - INFO - model_state_dict[conv2.bias] : tensor([ 0.0152,  0.0034,  0.0504, -0.0331,  0.0626, -0.0725, -0.0326, -0.0399,
        -0.0650,  0.0329, -0.0732, -0.0071,  0.0023, -0.0216,  0.0491, -0.0112],
       device='cuda:0')
2024-10-14 19:41:34,394 - client_base - INFO - recover_model_state_dict[conv2.bias] : tensor([-inf, -inf, -inf, -inf, -inf, -inf, -inf, -inf, -inf, -inf, -inf, -inf, -inf, -inf, -inf, -inf],
       device='cuda:0')
2024-10-14 19:41:34,394 - client_base - INFO - model_state_dict[fc1.weight] : tensor([[-0.0295, -0.0346,  0.0414,  ..., -0.0398, -0.0092,  0.0031],
        [-0.0132,  0.0007, -0.0092,  ...,  0.0037, -0.0225,  0.0165],
        [-0.0089,  0.0091,  0.0465,  ..., -0.0275,  0.0478,  0.0221],
        ...,
        [-0.0348,  0.0517,  0.0561,  ...,  0.0455, -0.0299,  0.0169],
        [ 0.0284, -0.0238, -0.0204,  ...,  0.0141,  0.0327, -0.0366],
        [-0.0336, -0.0288,  0.0472,  ..., -0.0421, -0.0421, -0.0496]],
       device='cuda:0')
2024-10-14 19:41:34,395 - client_base - INFO - recover_model_state_dict[fc1.weight] : tensor([[-inf, -inf, -inf,  ..., -inf, -inf, -inf],
        [-inf, -inf, -inf,  ..., -inf, -inf, -inf],
        [-inf, -inf, -inf,  ..., -inf, -inf, -inf],
        ...,
        [-inf, -inf, -inf,  ..., -inf, -inf, -inf],
        [-inf, -inf, -inf,  ..., -inf, -inf, -inf],
        [-inf, -inf, -inf,  ..., -inf, -inf, -inf]], device='cuda:0')
2024-10-14 19:41:34,395 - client_base - INFO - model_state_dict[fc1.bias] : tensor([ 4.2516e-02, -2.5731e-02, -2.9944e-02, -3.2517e-02,  4.5460e-02,
         2.4820e-03, -3.0820e-02, -2.6150e-03, -3.7035e-02, -1.8309e-02,
         2.8755e-02, -1.1807e-02, -3.6239e-02, -2.0950e-02,  4.8155e-02,
        -3.2040e-02, -3.5591e-02,  1.6139e-02, -8.2208e-03, -3.2873e-02,
         3.5202e-03,  4.9673e-02,  2.6669e-02, -6.1245e-03,  1.8249e-02,
        -1.5054e-02, -1.2123e-02, -2.8779e-02, -5.1434e-02,  1.2626e-02,
         5.1110e-03,  1.7504e-02,  2.4857e-02, -5.1565e-02,  2.4254e-02,
         2.0127e-02,  3.8715e-02,  3.0768e-02, -2.1436e-02,  1.2329e-02,
        -4.1489e-02, -1.1368e-02,  3.3796e-02,  2.9779e-02,  3.5980e-02,
        -1.6014e-02, -5.1302e-02,  8.9072e-03, -4.6184e-02, -4.1711e-02,
        -2.4159e-02, -3.5451e-02,  2.6388e-02, -3.0066e-02, -2.4546e-02,
        -3.1878e-02, -4.2466e-02, -1.7943e-02,  3.1139e-03,  4.9730e-02,
        -4.5203e-02, -2.8052e-02, -2.2511e-02,  4.2447e-02, -2.8903e-02,
        -2.2036e-02, -3.8147e-02,  1.4265e-03, -2.7458e-02, -2.7424e-02,
         3.9243e-02,  3.4714e-03,  3.2991e-02,  1.1389e-02,  2.3139e-02,
        -4.3982e-02, -2.4960e-02, -8.4020e-03,  2.6596e-03, -2.7704e-03,
         4.5861e-02, -1.4296e-02, -3.6316e-02,  3.2058e-02, -4.2552e-02,
        -4.4630e-02, -2.6101e-02, -4.0176e-02,  1.8929e-02,  8.1899e-05,
         4.7601e-02, -3.8101e-03, -3.1747e-02, -2.8058e-02, -1.2733e-02,
         3.1660e-02, -4.9851e-02, -3.2046e-02,  2.8849e-02,  1.6458e-02,
         1.7836e-02,  4.6213e-02, -1.9533e-02,  4.2476e-02, -1.8265e-03,
        -2.5755e-02, -3.0135e-02, -3.8833e-02, -2.3129e-02, -2.9573e-02,
         1.0007e-02, -3.8424e-02, -1.1608e-03,  1.2947e-02,  5.5010e-02,
        -7.4888e-04, -2.9479e-02,  4.7793e-02,  3.2702e-02,  2.0744e-02],
       device='cuda:0')
2024-10-14 19:41:34,397 - client_base - INFO - recover_model_state_dict[fc1.bias] : tensor([-inf, -inf, -inf, -inf, -inf, -inf, -inf, -inf, -inf, -inf, -inf, -inf, -inf, -inf, -inf, -inf, -inf, -inf, -inf, -inf, -inf, -inf, -inf, -inf,
        -inf, -inf, -inf, -inf, -inf, -inf, -inf, -inf, -inf, -inf, -inf, -inf, -inf, -inf, -inf, -inf, -inf, -inf, -inf, -inf, -inf, -inf, -inf, -inf,
        -inf, -inf, -inf, -inf, -inf, -inf, -inf, -inf, -inf, -inf, -inf, -inf, -inf, -inf, -inf, -inf, -inf, -inf, -inf, -inf, -inf, -inf, -inf, -inf,
        -inf, -inf, -inf, -inf, -inf, -inf, -inf, -inf, -inf, -inf, -inf, -inf, -inf, -inf, -inf, -inf, -inf, -inf, -inf, -inf, -inf, -inf, -inf, -inf,
        -inf, -inf, -inf, -inf, -inf, -inf, -inf, -inf, -inf, -inf, -inf, -inf, -inf, -inf, -inf, -inf, -inf, -inf, -inf, -inf, -inf, -inf, -inf, -inf],
       device='cuda:0')
2024-10-14 19:41:34,397 - client_base - INFO - model_state_dict[fc2.weight] : tensor([[ 0.0603, -0.0957, -0.0306,  ...,  0.0299, -0.0077,  0.0473],
        [-0.0851,  0.0029, -0.0236,  ...,  0.0763,  0.0417,  0.0002],
        [ 0.0004,  0.0540,  0.0408,  ...,  0.0103, -0.0989, -0.0031],
        ...,
        [-0.0289,  0.0941, -0.0313,  ..., -0.1263, -0.0633, -0.0059],
        [ 0.0214, -0.0265, -0.0695,  ...,  0.0637,  0.0073,  0.0005],
        [ 0.0625, -0.0683,  0.0486,  ..., -0.0469,  0.0657, -0.0468]],
       device='cuda:0')
2024-10-14 19:41:34,398 - client_base - INFO - recover_model_state_dict[fc2.weight] : tensor([[-inf, -inf, -inf,  ..., -inf, -inf, -inf],
        [-inf, -inf, -inf,  ..., -inf, -inf, -inf],
        [-inf, -inf, -inf,  ..., -inf, -inf, -inf],
        ...,
        [-inf, -inf, -inf,  ..., -inf, -inf, -inf],
        [-inf, -inf, -inf,  ..., -inf, -inf, -inf],
        [-inf, -inf, -inf,  ..., -inf, -inf, -inf]], device='cuda:0')
2024-10-14 19:41:34,399 - client_base - INFO - model_state_dict[fc2.bias] : tensor([-0.0014, -0.0735, -0.0891, -0.0491,  0.0608,  0.0398, -0.0361, -0.0645,
        -0.0675,  0.0158,  0.0737, -0.0815,  0.0121,  0.0070,  0.0783,  0.0327,
         0.0137, -0.0259, -0.0258,  0.0746,  0.0324, -0.0670, -0.0764, -0.0360,
         0.0511,  0.0640,  0.0861,  0.0819, -0.0214,  0.0438, -0.0791,  0.0584,
         0.0807, -0.0832,  0.0778,  0.0689,  0.0168, -0.0900,  0.0227, -0.0625,
         0.0994, -0.0168,  0.0267, -0.0363, -0.0675,  0.0444, -0.0545,  0.0725,
         0.0187,  0.0601, -0.0688, -0.0429, -0.0628,  0.0241, -0.0038,  0.1007,
         0.0063, -0.0648, -0.0451,  0.0110, -0.0226, -0.0727,  0.0515, -0.0912,
         0.1099, -0.0142,  0.0339,  0.0234, -0.0523,  0.0781, -0.0838,  0.0015,
         0.0633, -0.0696,  0.0979, -0.0706,  0.0655,  0.0981,  0.0673, -0.0875,
         0.0570, -0.0120,  0.0558,  0.0050], device='cuda:0')
2024-10-14 19:41:34,400 - client_base - INFO - recover_model_state_dict[fc2.bias] : tensor([-inf, -inf, -inf, -inf, -inf, -inf, -inf, -inf, -inf, -inf, -inf, -inf, -inf, -inf, -inf, -inf, -inf, -inf, -inf, -inf, -inf, -inf, -inf, -inf,
        -inf, -inf, -inf, -inf, -inf, -inf, -inf, -inf, -inf, -inf, -inf, -inf, -inf, -inf, -inf, -inf, -inf, -inf, -inf, -inf, -inf, -inf, -inf, -inf,
        -inf, -inf, -inf, -inf, -inf, -inf, -inf, -inf, -inf, -inf, -inf, -inf, -inf, -inf, -inf, -inf, -inf, -inf, -inf, -inf, -inf, -inf, -inf, -inf,
        -inf, -inf, -inf, -inf, -inf, -inf, -inf, -inf, -inf, -inf, -inf, -inf],
       device='cuda:0')
2024-10-14 19:41:34,400 - client_base - INFO - model_state_dict[fc3.weight] : tensor([[ 0.1574,  0.1100,  0.0879, -0.0041,  0.0114, -0.0011, -0.1041, -0.1033,
          0.0434, -0.1536, -0.0466, -0.0573, -0.0794,  0.0846, -0.0497,  0.0500,
          0.0135,  0.1900,  0.0007, -0.0315,  0.0593, -0.0813,  0.0789, -0.0642,
          0.0018, -0.1028,  0.0336,  0.0301,  0.1121, -0.0853,  0.0855, -0.0852,
          0.0018, -0.0624, -0.1314, -0.0966,  0.0113,  0.0233, -0.1151, -0.0568,
         -0.1516, -0.0573, -0.1517,  0.0475,  0.0685, -0.1544,  0.0659,  0.1241,
          0.1750,  0.0474,  0.0564, -0.0596,  0.0591,  0.0441, -0.0850,  0.0224,
         -0.0983,  0.0385,  0.0132,  0.0873, -0.1144,  0.1003, -0.1741,  0.0188,
         -0.0115, -0.0573, -0.0195,  0.0064, -0.0061, -0.0817,  0.0130,  0.1425,
          0.0612,  0.0983,  0.0304, -0.0863,  0.0023, -0.1319,  0.0350,  0.0242,
         -0.1606,  0.1041, -0.0569, -0.0784],
        [ 0.0655,  0.0497, -0.0597,  0.0201,  0.0684,  0.0536, -0.0849,  0.0992,
          0.0961,  0.0636, -0.1086,  0.0914, -0.0938, -0.1501, -0.1266,  0.0601,
          0.0543, -0.1257, -0.0766, -0.0077,  0.0187, -0.0792,  0.1103,  0.1556,
         -0.0878,  0.0026,  0.0058, -0.0272, -0.0264,  0.1016, -0.1261,  0.0523,
          0.1414, -0.0741,  0.0337,  0.0136, -0.1305,  0.0392, -0.1277,  0.1045,
          0.0926, -0.0944, -0.0803,  0.0166,  0.0201, -0.0197,  0.0762,  0.1374,
         -0.0393,  0.0267, -0.0171,  0.0749,  0.0232, -0.1325, -0.0119,  0.1164,
         -0.0920,  0.0666, -0.0169, -0.1357, -0.0778,  0.0220,  0.1302,  0.0824,
          0.1948, -0.0590,  0.1004,  0.0322,  0.1771,  0.2083,  0.0714, -0.1264,
         -0.0314,  0.1039,  0.1360, -0.0340,  0.0755, -0.0567, -0.1453,  0.0953,
          0.0792, -0.0560, -0.0381, -0.0256],
        [-0.0573, -0.0359, -0.0287, -0.0869, -0.0615,  0.0337, -0.1038, -0.0048,
         -0.0720,  0.0896, -0.0153, -0.0881,  0.1773, -0.1232,  0.0842, -0.1041,
         -0.0296, -0.0744,  0.0897, -0.0696, -0.0713,  0.0665,  0.0903, -0.0327,
         -0.0812,  0.0220, -0.0813, -0.1100,  0.1035,  0.0895,  0.0675, -0.0367,
          0.1134, -0.0025,  0.1569, -0.0442, -0.0549,  0.0856, -0.1176,  0.0322,
         -0.1093, -0.0289,  0.1352,  0.0249, -0.0389,  0.1010, -0.0075, -0.0198,
         -0.0653, -0.0059,  0.1087, -0.0167,  0.0763,  0.0457, -0.1059,  0.1581,
         -0.1466, -0.0129, -0.0028, -0.0250, -0.0834, -0.0870, -0.1418, -0.0034,
         -0.0796,  0.0364, -0.0925, -0.0871, -0.1401,  0.1334, -0.0255,  0.1428,
          0.0823, -0.0022, -0.0880,  0.0802,  0.0238,  0.0070, -0.1622, -0.0494,
          0.1356,  0.1577, -0.0936, -0.0833],
        [ 0.0316,  0.0766,  0.0351, -0.0848, -0.0621, -0.0252, -0.0354, -0.0287,
         -0.0969,  0.2445,  0.0600,  0.0169,  0.1296, -0.0739,  0.0728, -0.0645,
         -0.0855,  0.0326, -0.0734,  0.0012,  0.0075,  0.0339, -0.0242,  0.1094,
          0.0610,  0.0776, -0.0983,  0.0410,  0.0577,  0.0633, -0.1920, -0.0022,
          0.0972,  0.0815, -0.0456, -0.0587,  0.0407,  0.0175,  0.1017,  0.0754,
         -0.1000, -0.0901,  0.0267, -0.0739, -0.0463, -0.0659, -0.0291,  0.1452,
          0.0385, -0.0547, -0.0169,  0.0898, -0.0780,  0.0297, -0.0068, -0.0586,
          0.0604, -0.0675, -0.0350,  0.0506,  0.0507, -0.0353,  0.0442, -0.0070,
         -0.0286,  0.0593,  0.0606, -0.0057, -0.0029, -0.0834,  0.1100, -0.1979,
          0.0976, -0.1100, -0.0640, -0.0675, -0.0458, -0.0732,  0.0356,  0.0218,
          0.0350,  0.1097, -0.1345,  0.0723],
        [ 0.0058, -0.0788, -0.1074, -0.0831, -0.0774, -0.0594, -0.0290, -0.0356,
          0.0050, -0.0389,  0.0971, -0.0891, -0.0955, -0.0319,  0.1455,  0.0782,
          0.0768, -0.1630,  0.0253, -0.1067,  0.0964,  0.0811,  0.1443, -0.0121,
          0.1027, -0.0050,  0.0188, -0.0649,  0.0307,  0.0832,  0.1282, -0.1116,
         -0.0088,  0.1250, -0.0471,  0.0928, -0.0700, -0.0604,  0.0989, -0.0539,
          0.0401,  0.0850, -0.0009, -0.0185, -0.1032,  0.1968,  0.0888, -0.1546,
         -0.1006,  0.0776,  0.1072,  0.0814, -0.0550,  0.0183, -0.0796, -0.1899,
          0.0853, -0.0413,  0.0406, -0.1012,  0.0168, -0.0320,  0.0647, -0.0958,
         -0.1096,  0.0525,  0.0134,  0.0081,  0.1187, -0.1159,  0.0418, -0.0063,
          0.1036,  0.0085, -0.1159,  0.0782, -0.1368,  0.0264,  0.0522,  0.0782,
          0.0232, -0.0527,  0.1711, -0.0689],
        [ 0.1193, -0.0960, -0.0533,  0.0633,  0.0448,  0.0168,  0.0103, -0.0656,
          0.0878, -0.1349, -0.0953,  0.1057,  0.0712,  0.0405,  0.0420,  0.0551,
          0.0796,  0.0591,  0.0998, -0.0226,  0.0368, -0.1394, -0.1029, -0.0804,
          0.0047, -0.0079,  0.0555,  0.1550,  0.0128, -0.0232,  0.0017,  0.0193,
         -0.0289, -0.0093, -0.0816,  0.0647, -0.0715, -0.0698,  0.1572,  0.0028,
         -0.1261, -0.0693,  0.0661, -0.0981, -0.0930, -0.1656, -0.0615, -0.1144,
         -0.1230, -0.1010, -0.0439,  0.1513, -0.0736,  0.0246, -0.0998, -0.0386,
          0.1238, -0.0351,  0.0416,  0.2460,  0.0937,  0.0123,  0.1934, -0.1175,
          0.0144, -0.0211, -0.0534,  0.1421, -0.0962, -0.0063,  0.0018, -0.0332,
         -0.0212,  0.0078,  0.0166, -0.0079, -0.0337, -0.0155, -0.0477,  0.0537,
          0.0562,  0.0100, -0.0985,  0.0015],
        [ 0.0938,  0.0397,  0.0171, -0.0831,  0.0256, -0.0723, -0.1654, -0.0939,
          0.1087, -0.1138, -0.1000,  0.0834,  0.0171,  0.1251,  0.1857, -0.0015,
         -0.0109, -0.0917, -0.0434,  0.0781,  0.0530,  0.1228, -0.0991, -0.1364,
          0.0455, -0.0815, -0.0754,  0.1121,  0.0754,  0.0785,  0.2201,  0.1581,
          0.0177,  0.0557,  0.0506,  0.0760, -0.0578,  0.1066, -0.1390,  0.0315,
         -0.0559,  0.0188, -0.0910,  0.0192, -0.0516, -0.0674,  0.0736, -0.0143,
         -0.1255, -0.0447,  0.0250, -0.0078, -0.0266,  0.0416,  0.0815,  0.0521,
          0.1201,  0.1015,  0.0659, -0.0171, -0.0486, -0.1325, -0.0567, -0.1326,
         -0.1066, -0.0506, -0.0196,  0.0802,  0.0839, -0.0139, -0.0076,  0.0578,
         -0.1116, -0.1158, -0.0751, -0.0374, -0.0467, -0.2024,  0.0679,  0.0963,
         -0.0009, -0.1555,  0.0238,  0.0419],
        [-0.0934,  0.0480,  0.0456,  0.0125, -0.1219,  0.0240,  0.1362, -0.0426,
         -0.0283,  0.0086, -0.1057, -0.0086, -0.0061,  0.1660, -0.0165, -0.0764,
         -0.0011, -0.0530, -0.0601, -0.0072, -0.0560, -0.1071, -0.0359,  0.1990,
          0.0031, -0.0201,  0.0099, -0.1297, -0.1079,  0.0661, -0.0713, -0.0632,
         -0.0804, -0.0417,  0.0038, -0.1065, -0.0546, -0.0160, -0.0821, -0.0011,
          0.1645, -0.0527,  0.0227,  0.0635,  0.0099,  0.0226,  0.0689, -0.0158,
          0.0100, -0.0654,  0.0046,  0.0512,  0.0209, -0.0994,  0.0353,  0.0240,
         -0.1886,  0.0295,  0.0331,  0.0950,  0.0599,  0.0920, -0.1236,  0.0524,
         -0.0705, -0.1001, -0.1486,  0.0303, -0.1317, -0.0367, -0.0350, -0.0663,
          0.0542, -0.0486, -0.0216,  0.1057, -0.0825,  0.2204,  0.1550, -0.0260,
          0.1019,  0.1006, -0.0732,  0.0711],
        [-0.1007, -0.0321,  0.0870, -0.0369, -0.0084, -0.0567,  0.1306,  0.1044,
          0.0109, -0.1534,  0.1050, -0.0267,  0.0638, -0.1190,  0.0303,  0.0802,
          0.0151, -0.0260, -0.1063, -0.0066, -0.0081,  0.1189, -0.0220, -0.1203,
         -0.1253,  0.0923, -0.1522,  0.0045, -0.0766,  0.0052,  0.0424,  0.0652,
          0.1360, -0.0024, -0.0218,  0.0055, -0.0569, -0.0549,  0.0938,  0.0795,
         -0.1572,  0.0384,  0.1286, -0.0450, -0.0689, -0.0068,  0.0162, -0.0716,
          0.1298,  0.0791, -0.0940,  0.0560, -0.0826,  0.0164,  0.0306,  0.0264,
         -0.0153, -0.0547, -0.0707,  0.0033,  0.1093,  0.0650,  0.1215,  0.1280,
          0.0898, -0.0985,  0.1496, -0.0385, -0.0198, -0.0505, -0.0476,  0.0630,
         -0.1004, -0.1071,  0.0851,  0.0224,  0.1318, -0.0376,  0.0449, -0.0991,
         -0.0397, -0.0850,  0.0070, -0.0440],
        [ 0.0211,  0.0145, -0.1159,  0.0445, -0.1821,  0.1015,  0.0095, -0.0625,
          0.0384, -0.0434, -0.0092,  0.1086,  0.1300, -0.0333, -0.0400, -0.0548,
         -0.1177,  0.0612, -0.1052, -0.0819, -0.0561,  0.0064, -0.0654, -0.0119,
          0.0771, -0.0315, -0.0248, -0.1286, -0.0796, -0.0807, -0.0415, -0.1613,
         -0.0984, -0.0371, -0.0720, -0.0014, -0.0156, -0.0626, -0.0612, -0.0363,
          0.1542,  0.0138, -0.0415,  0.0498,  0.0994,  0.1620,  0.0011,  0.0221,
         -0.0205, -0.0746,  0.0540,  0.0847, -0.0068,  0.0982,  0.0092,  0.0083,
          0.1058, -0.0174,  0.0342, -0.0618,  0.0996, -0.0158,  0.0504, -0.0331,
         -0.0427,  0.0062, -0.0135,  0.0161,  0.0867, -0.1251, -0.0232,  0.0896,
          0.1188, -0.0983,  0.0254, -0.0930,  0.0972,  0.1477,  0.0768, -0.0505,
         -0.1314, -0.0891, -0.0431,  0.0875]], device='cuda:0')
2024-10-14 19:41:34,408 - client_base - INFO - recover_model_state_dict[fc3.weight] : tensor([[-inf, -inf, -inf, -inf, -inf, -inf, -inf, -inf, -inf, -inf, -inf, -inf, -inf, -inf, -inf, -inf, -inf, -inf, -inf, -inf, -inf, -inf, -inf, -inf,
         -inf, -inf, -inf, -inf, -inf, -inf, -inf, -inf, -inf, -inf, -inf, -inf, -inf, -inf, -inf, -inf, -inf, -inf, -inf, -inf, -inf, -inf, -inf, -inf,
         -inf, -inf, -inf, -inf, -inf, -inf, -inf, -inf, -inf, -inf, -inf, -inf, -inf, -inf, -inf, -inf, -inf, -inf, -inf, -inf, -inf, -inf, -inf, -inf,
         -inf, -inf, -inf, -inf, -inf, -inf, -inf, -inf, -inf, -inf, -inf, -inf],
        [-inf, -inf, -inf, -inf, -inf, -inf, -inf, -inf, -inf, -inf, -inf, -inf, -inf, -inf, -inf, -inf, -inf, -inf, -inf, -inf, -inf, -inf, -inf, -inf,
         -inf, -inf, -inf, -inf, -inf, -inf, -inf, -inf, -inf, -inf, -inf, -inf, -inf, -inf, -inf, -inf, -inf, -inf, -inf, -inf, -inf, -inf, -inf, -inf,
         -inf, -inf, -inf, -inf, -inf, -inf, -inf, -inf, -inf, -inf, -inf, -inf, -inf, -inf, -inf, -inf, -inf, -inf, -inf, -inf, -inf, -inf, -inf, -inf,
         -inf, -inf, -inf, -inf, -inf, -inf, -inf, -inf, -inf, -inf, -inf, -inf],
        [-inf, -inf, -inf, -inf, -inf, -inf, -inf, -inf, -inf, -inf, -inf, -inf, -inf, -inf, -inf, -inf, -inf, -inf, -inf, -inf, -inf, -inf, -inf, -inf,
         -inf, -inf, -inf, -inf, -inf, -inf, -inf, -inf, -inf, -inf, -inf, -inf, -inf, -inf, -inf, -inf, -inf, -inf, -inf, -inf, -inf, -inf, -inf, -inf,
         -inf, -inf, -inf, -inf, -inf, -inf, -inf, -inf, -inf, -inf, -inf, -inf, -inf, -inf, -inf, -inf, -inf, -inf, -inf, -inf, -inf, -inf, -inf, -inf,
         -inf, -inf, -inf, -inf, -inf, -inf, -inf, -inf, -inf, -inf, -inf, -inf],
        [-inf, -inf, -inf, -inf, -inf, -inf, -inf, -inf, -inf, -inf, -inf, -inf, -inf, -inf, -inf, -inf, -inf, -inf, -inf, -inf, -inf, -inf, -inf, -inf,
         -inf, -inf, -inf, -inf, -inf, -inf, -inf, -inf, -inf, -inf, -inf, -inf, -inf, -inf, -inf, -inf, -inf, -inf, -inf, -inf, -inf, -inf, -inf, -inf,
         -inf, -inf, -inf, -inf, -inf, -inf, -inf, -inf, -inf, -inf, -inf, -inf, -inf, -inf, -inf, -inf, -inf, -inf, -inf, -inf, -inf, -inf, -inf, -inf,
         -inf, -inf, -inf, -inf, -inf, -inf, -inf, -inf, -inf, -inf, -inf, -inf],
        [-inf, -inf, -inf, -inf, -inf, -inf, -inf, -inf, -inf, -inf, -inf, -inf, -inf, -inf, -inf, -inf, -inf, -inf, -inf, -inf, -inf, -inf, -inf, -inf,
         -inf, -inf, -inf, -inf, -inf, -inf, -inf, -inf, -inf, -inf, -inf, -inf, -inf, -inf, -inf, -inf, -inf, -inf, -inf, -inf, -inf, -inf, -inf, -inf,
         -inf, -inf, -inf, -inf, -inf, -inf, -inf, -inf, -inf, -inf, -inf, -inf, -inf, -inf, -inf, -inf, -inf, -inf, -inf, -inf, -inf, -inf, -inf, -inf,
         -inf, -inf, -inf, -inf, -inf, -inf, -inf, -inf, -inf, -inf, -inf, -inf],
        [-inf, -inf, -inf, -inf, -inf, -inf, -inf, -inf, -inf, -inf, -inf, -inf, -inf, -inf, -inf, -inf, -inf, -inf, -inf, -inf, -inf, -inf, -inf, -inf,
         -inf, -inf, -inf, -inf, -inf, -inf, -inf, -inf, -inf, -inf, -inf, -inf, -inf, -inf, -inf, -inf, -inf, -inf, -inf, -inf, -inf, -inf, -inf, -inf,
         -inf, -inf, -inf, -inf, -inf, -inf, -inf, -inf, -inf, -inf, -inf, -inf, -inf, -inf, -inf, -inf, -inf, -inf, -inf, -inf, -inf, -inf, -inf, -inf,
         -inf, -inf, -inf, -inf, -inf, -inf, -inf, -inf, -inf, -inf, -inf, -inf],
        [-inf, -inf, -inf, -inf, -inf, -inf, -inf, -inf, -inf, -inf, -inf, -inf, -inf, -inf, -inf, -inf, -inf, -inf, -inf, -inf, -inf, -inf, -inf, -inf,
         -inf, -inf, -inf, -inf, -inf, -inf, -inf, -inf, -inf, -inf, -inf, -inf, -inf, -inf, -inf, -inf, -inf, -inf, -inf, -inf, -inf, -inf, -inf, -inf,
         -inf, -inf, -inf, -inf, -inf, -inf, -inf, -inf, -inf, -inf, -inf, -inf, -inf, -inf, -inf, -inf, -inf, -inf, -inf, -inf, -inf, -inf, -inf, -inf,
         -inf, -inf, -inf, -inf, -inf, -inf, -inf, -inf, -inf, -inf, -inf, -inf],
        [-inf, -inf, -inf, -inf, -inf, -inf, -inf, -inf, -inf, -inf, -inf, -inf, -inf, -inf, -inf, -inf, -inf, -inf, -inf, -inf, -inf, -inf, -inf, -inf,
         -inf, -inf, -inf, -inf, -inf, -inf, -inf, -inf, -inf, -inf, -inf, -inf, -inf, -inf, -inf, -inf, -inf, -inf, -inf, -inf, -inf, -inf, -inf, -inf,
         -inf, -inf, -inf, -inf, -inf, -inf, -inf, -inf, -inf, -inf, -inf, -inf, -inf, -inf, -inf, -inf, -inf, -inf, -inf, -inf, -inf, -inf, -inf, -inf,
         -inf, -inf, -inf, -inf, -inf, -inf, -inf, -inf, -inf, -inf, -inf, -inf],
        [-inf, -inf, -inf, -inf, -inf, -inf, -inf, -inf, -inf, -inf, -inf, -inf, -inf, -inf, -inf, -inf, -inf, -inf, -inf, -inf, -inf, -inf, -inf, -inf,
         -inf, -inf, -inf, -inf, -inf, -inf, -inf, -inf, -inf, -inf, -inf, -inf, -inf, -inf, -inf, -inf, -inf, -inf, -inf, -inf, -inf, -inf, -inf, -inf,
         -inf, -inf, -inf, -inf, -inf, -inf, -inf, -inf, -inf, -inf, -inf, -inf, -inf, -inf, -inf, -inf, -inf, -inf, -inf, -inf, -inf, -inf, -inf, -inf,
         -inf, -inf, -inf, -inf, -inf, -inf, -inf, -inf, -inf, -inf, -inf, -inf],
        [-inf, -inf, -inf, -inf, -inf, -inf, -inf, -inf, -inf, -inf, -inf, -inf, -inf, -inf, -inf, -inf, -inf, -inf, -inf, -inf, -inf, -inf, -inf, -inf,
         -inf, -inf, -inf, -inf, -inf, -inf, -inf, -inf, -inf, -inf, -inf, -inf, -inf, -inf, -inf, -inf, -inf, -inf, -inf, -inf, -inf, -inf, -inf, -inf,
         -inf, -inf, -inf, -inf, -inf, -inf, -inf, -inf, -inf, -inf, -inf, -inf, -inf, -inf, -inf, -inf, -inf, -inf, -inf, -inf, -inf, -inf, -inf, -inf,
         -inf, -inf, -inf, -inf, -inf, -inf, -inf, -inf, -inf, -inf, -inf, -inf]],
       device='cuda:0')
2024-10-14 19:41:34,408 - client_base - INFO - model_state_dict[fc3.bias] : tensor([ 0.0443,  0.1011,  0.0831, -0.0523,  0.0743,  0.0173, -0.0454,  0.0691,
        -0.0341, -0.0826], device='cuda:0')
2024-10-14 19:41:34,409 - client_base - INFO - recover_model_state_dict[fc3.bias] : tensor([-inf, -inf, -inf, -inf, -inf, -inf, -inf, -inf, -inf, -inf],
       device='cuda:0')
2024-10-14 19:41:34,410 - fl_main - INFO - client_dict[f_00001] training ...
2024-10-14 19:41:34,410 - client_base - INFO - client_dict[f_00001] training epoch : 0
2024-10-14 19:41:35,515 - client_base - INFO - client_dict[f_00001] training epoch : 1
2024-10-14 19:41:36,766 - fl_main - INFO - client_dict[f_00001] local model encrypting ...
2024-10-14 19:41:37,961 - fed_utils - INFO - encrypting key : conv1.weight, length : 150, cost time : 0m 1s
2024-10-14 19:41:38,013 - fed_utils - INFO - encrypting key : conv1.bias, length : 6, cost time : 0m 0s
2024-10-14 19:41:57,752 - fed_utils - INFO - encrypting key : conv2.weight, length : 2400, cost time : 0m 19s
2024-10-14 19:41:57,889 - fed_utils - INFO - encrypting key : conv2.bias, length : 16, cost time : 0m 0s
