2024-11-19 16:49:25,846 - fl_main - INFO - data divide is iid
2024-11-19 16:49:25,878 - fed_utils - INFO - init global model cost time : 0m:0s:0ms
2024-11-19 16:49:25,891 - fed_utils - INFO - init global model cost time : 0m:0s:0ms
2024-11-19 16:49:25,892 - fed_utils - INFO - init global model cost time : 0m:0s:0ms
2024-11-19 16:49:25,893 - fed_utils - INFO - init global model cost time : 0m:0s:0ms
2024-11-19 16:49:25,894 - fed_utils - INFO - init global model cost time : 0m:0s:0ms
2024-11-19 16:49:25,895 - fed_utils - INFO - init global model cost time : 0m:0s:0ms
2024-11-19 16:49:25,895 - fed_utils - INFO - generating secret number and splitting it ...
2024-11-19 16:49:25,895 - fed_utils - INFO - secret_number : 15786395.000000
2024-11-19 16:49:25,895 - fed_utils - INFO - client_dict[f_00000].share : 1849447.000000
2024-11-19 16:49:25,895 - fed_utils - INFO - client_dict[f_00001].share : 150473.000000
2024-11-19 16:49:25,895 - fed_utils - INFO - client_dict[f_00002].share : 918253.000000
2024-11-19 16:49:25,895 - fed_utils - INFO - client_dict[f_00003].share : 163853.000000
2024-11-19 16:49:25,895 - fed_utils - INFO - client_dict[f_00004].share : 12704369.000000
2024-11-19 16:49:25,895 - server_base - INFO - Server set model shape and dtype ...
2024-11-19 16:49:25,895 - server_base - INFO - Server generate pk and sk ...
2024-11-19 16:49:25,919 - server_base - INFO - Server generate pk and sk done, time : 0m:0s:23ms
2024-11-19 16:49:25,919 - server_base - INFO - Public key : <PaillierPublicKey a27b57bd79>
2024-11-19 16:49:25,919 - server_base - INFO - Private key : <PaillierPrivateKey for <PaillierPublicKey a27b57bd79>>
2024-11-19 16:49:25,920 - fl_main - INFO - Training process start ...
2024-11-19 16:49:25,920 - fl_main - INFO - global round : 0
2024-11-19 16:49:25,920 - fl_main - INFO - the random client id to test accuracy : f_00003
2024-11-19 16:49:25,920 - fl_main - INFO - ----- client id [f_00000] -----
2024-11-19 16:49:25,921 - fed_utils - INFO - init global model cost time : 0m:0s:0ms
2024-11-19 16:49:25,921 - fl_main - INFO - client_dict[f_00000] training ...
2024-11-19 16:49:28,692 - client_base - INFO - client_dict[f_00000] training epoch : 0
2024-11-19 16:49:29,722 - client_base - INFO - local model train cost time : 0m:1s:29ms
2024-11-19 16:49:29,723 - client_base - INFO - model encode time : 0m:0s:1ms
2024-11-19 16:49:29,723 - fl_main - INFO - client_dict[f_00000] local model encrypting ...
2024-11-19 16:49:30,906 - fed_utils - INFO - encrypting key [conv1.weight].length : 150, cost time : 0m:1s:182ms
2024-11-19 16:49:30,954 - fed_utils - INFO - encrypting key [conv1.bias].length : 6, cost time : 0m:0s:47ms
2024-11-19 16:49:30,954 - fed_utils - INFO - load key [conv2.weight].length : 2400, cost time : 0m:0s:0ms
2024-11-19 16:49:30,954 - fed_utils - INFO - load key [conv2.bias].length : 16, cost time : 0m:0s:0ms
2024-11-19 16:49:30,955 - fed_utils - INFO - load key [fc1.weight].length : 48000, cost time : 0m:0s:1ms
2024-11-19 16:49:30,956 - fed_utils - INFO - load key [fc1.bias].length : 120, cost time : 0m:0s:0ms
2024-11-19 16:49:30,956 - fed_utils - INFO - load key [fc2.weight].length : 10080, cost time : 0m:0s:0ms
2024-11-19 16:49:30,956 - fed_utils - INFO - load key [fc2.bias].length : 84, cost time : 0m:0s:0ms
2024-11-19 16:49:37,582 - fed_utils - INFO - encrypting key [fc3.weight].length : 840, cost time : 0m:6s:625ms
2024-11-19 16:49:37,661 - fed_utils - INFO - encrypting key [fc3.bias].length : 10, cost time : 0m:0s:79ms
2024-11-19 16:49:37,661 - fl_main - INFO - Server receive client_dict[f_00000] info ...
2024-11-19 16:49:37,661 - fl_main - INFO - ----- client id [f_00001] -----
2024-11-19 16:49:37,662 - fed_utils - INFO - init global model cost time : 0m:0s:0ms
2024-11-19 16:49:37,662 - fl_main - INFO - client_dict[f_00001] training ...
2024-11-19 16:49:37,663 - client_base - INFO - client_dict[f_00001] training epoch : 0
2024-11-19 16:49:38,433 - client_base - INFO - local model train cost time : 0m:0s:769ms
2024-11-19 16:49:38,434 - client_base - INFO - model encode time : 0m:0s:1ms
2024-11-19 16:49:38,434 - fl_main - INFO - client_dict[f_00001] local model encrypting ...
2024-11-19 16:49:39,618 - fed_utils - INFO - encrypting key [conv1.weight].length : 150, cost time : 0m:1s:183ms
2024-11-19 16:49:39,666 - fed_utils - INFO - encrypting key [conv1.bias].length : 6, cost time : 0m:0s:48ms
2024-11-19 16:49:39,666 - fed_utils - INFO - load key [conv2.weight].length : 2400, cost time : 0m:0s:0ms
2024-11-19 16:49:39,666 - fed_utils - INFO - load key [conv2.bias].length : 16, cost time : 0m:0s:0ms
2024-11-19 16:49:39,668 - fed_utils - INFO - load key [fc1.weight].length : 48000, cost time : 0m:0s:1ms
2024-11-19 16:49:39,668 - fed_utils - INFO - load key [fc1.bias].length : 120, cost time : 0m:0s:0ms
2024-11-19 16:49:39,668 - fed_utils - INFO - load key [fc2.weight].length : 10080, cost time : 0m:0s:0ms
2024-11-19 16:49:39,668 - fed_utils - INFO - load key [fc2.bias].length : 84, cost time : 0m:0s:0ms
2024-11-19 16:49:46,447 - fed_utils - INFO - encrypting key [fc3.weight].length : 840, cost time : 0m:6s:779ms
2024-11-19 16:49:46,527 - fed_utils - INFO - encrypting key [fc3.bias].length : 10, cost time : 0m:0s:79ms
2024-11-19 16:49:46,527 - fl_main - INFO - Server receive client_dict[f_00001] info ...
2024-11-19 16:49:46,527 - fl_main - INFO - ----- client id [f_00002] -----
2024-11-19 16:49:46,528 - fed_utils - INFO - init global model cost time : 0m:0s:0ms
2024-11-19 16:49:46,528 - fl_main - INFO - client_dict[f_00002] training ...
2024-11-19 16:49:46,529 - client_base - INFO - client_dict[f_00002] training epoch : 0
2024-11-19 16:49:47,311 - client_base - INFO - local model train cost time : 0m:0s:782ms
2024-11-19 16:49:47,313 - client_base - INFO - model encode time : 0m:0s:1ms
2024-11-19 16:49:47,313 - fl_main - INFO - client_dict[f_00002] local model encrypting ...
2024-11-19 16:49:48,496 - fed_utils - INFO - encrypting key [conv1.weight].length : 150, cost time : 0m:1s:183ms
2024-11-19 16:49:48,544 - fed_utils - INFO - encrypting key [conv1.bias].length : 6, cost time : 0m:0s:47ms
2024-11-19 16:49:48,544 - fed_utils - INFO - load key [conv2.weight].length : 2400, cost time : 0m:0s:0ms
2024-11-19 16:49:48,544 - fed_utils - INFO - load key [conv2.bias].length : 16, cost time : 0m:0s:0ms
2024-11-19 16:49:48,545 - fed_utils - INFO - load key [fc1.weight].length : 48000, cost time : 0m:0s:1ms
2024-11-19 16:49:48,545 - fed_utils - INFO - load key [fc1.bias].length : 120, cost time : 0m:0s:0ms
2024-11-19 16:49:48,546 - fed_utils - INFO - load key [fc2.weight].length : 10080, cost time : 0m:0s:0ms
2024-11-19 16:49:48,546 - fed_utils - INFO - load key [fc2.bias].length : 84, cost time : 0m:0s:0ms
2024-11-19 16:49:55,171 - fed_utils - INFO - encrypting key [fc3.weight].length : 840, cost time : 0m:6s:625ms
2024-11-19 16:49:55,250 - fed_utils - INFO - encrypting key [fc3.bias].length : 10, cost time : 0m:0s:78ms
2024-11-19 16:49:55,250 - fl_main - INFO - Server receive client_dict[f_00002] info ...
2024-11-19 16:49:55,250 - fl_main - INFO - ----- client id [f_00003] -----
2024-11-19 16:49:55,251 - fed_utils - INFO - init global model cost time : 0m:0s:0ms
2024-11-19 16:49:55,252 - fl_main - INFO - client_dict[f_00003] training ...
2024-11-19 16:49:55,252 - client_base - INFO - client_dict[f_00003] training epoch : 0
2024-11-19 16:49:56,015 - client_base - INFO - local model train cost time : 0m:0s:762ms
2024-11-19 16:49:56,016 - client_base - INFO - model encode time : 0m:0s:1ms
2024-11-19 16:49:56,016 - fl_main - INFO - client_dict[f_00003] local model encrypting ...
2024-11-19 16:49:57,331 - fed_utils - INFO - encrypting key [conv1.weight].length : 150, cost time : 0m:1s:314ms
2024-11-19 16:49:57,379 - fed_utils - INFO - encrypting key [conv1.bias].length : 6, cost time : 0m:0s:48ms
2024-11-19 16:49:57,379 - fed_utils - INFO - load key [conv2.weight].length : 2400, cost time : 0m:0s:0ms
2024-11-19 16:49:57,379 - fed_utils - INFO - load key [conv2.bias].length : 16, cost time : 0m:0s:0ms
2024-11-19 16:49:57,381 - fed_utils - INFO - load key [fc1.weight].length : 48000, cost time : 0m:0s:1ms
2024-11-19 16:49:57,381 - fed_utils - INFO - load key [fc1.bias].length : 120, cost time : 0m:0s:0ms
2024-11-19 16:49:57,381 - fed_utils - INFO - load key [fc2.weight].length : 10080, cost time : 0m:0s:0ms
2024-11-19 16:49:57,381 - fed_utils - INFO - load key [fc2.bias].length : 84, cost time : 0m:0s:0ms
2024-11-19 16:50:04,002 - fed_utils - INFO - encrypting key [fc3.weight].length : 840, cost time : 0m:6s:620ms
2024-11-19 16:50:04,081 - fed_utils - INFO - encrypting key [fc3.bias].length : 10, cost time : 0m:0s:79ms
2024-11-19 16:50:04,081 - fl_main - INFO - Server receive client_dict[f_00003] info ...
2024-11-19 16:50:04,081 - fl_main - INFO - ----- client id [f_00004] -----
2024-11-19 16:50:04,082 - fed_utils - INFO - init global model cost time : 0m:0s:0ms
2024-11-19 16:50:04,082 - fl_main - INFO - client_dict[f_00004] training ...
2024-11-19 16:50:04,083 - client_base - INFO - client_dict[f_00004] training epoch : 0
2024-11-19 16:50:04,871 - client_base - INFO - local model train cost time : 0m:0s:788ms
2024-11-19 16:50:04,873 - client_base - INFO - model encode time : 0m:0s:1ms
2024-11-19 16:50:04,873 - fl_main - INFO - client_dict[f_00004] local model encrypting ...
2024-11-19 16:50:06,057 - fed_utils - INFO - encrypting key [conv1.weight].length : 150, cost time : 0m:1s:183ms
2024-11-19 16:50:06,105 - fed_utils - INFO - encrypting key [conv1.bias].length : 6, cost time : 0m:0s:47ms
2024-11-19 16:50:06,105 - fed_utils - INFO - load key [conv2.weight].length : 2400, cost time : 0m:0s:0ms
2024-11-19 16:50:06,105 - fed_utils - INFO - load key [conv2.bias].length : 16, cost time : 0m:0s:0ms
2024-11-19 16:50:06,106 - fed_utils - INFO - load key [fc1.weight].length : 48000, cost time : 0m:0s:1ms
2024-11-19 16:50:06,106 - fed_utils - INFO - load key [fc1.bias].length : 120, cost time : 0m:0s:0ms
2024-11-19 16:50:06,106 - fed_utils - INFO - load key [fc2.weight].length : 10080, cost time : 0m:0s:0ms
2024-11-19 16:50:06,106 - fed_utils - INFO - load key [fc2.bias].length : 84, cost time : 0m:0s:0ms
2024-11-19 16:50:12,869 - fed_utils - INFO - encrypting key [fc3.weight].length : 840, cost time : 0m:6s:762ms
2024-11-19 16:50:12,948 - fed_utils - INFO - encrypting key [fc3.bias].length : 10, cost time : 0m:0s:79ms
2024-11-19 16:50:12,948 - fl_main - INFO - Server receive client_dict[f_00004] info ...
2024-11-19 16:50:12,948 - fl_main - INFO - global aggregation process ...
2024-11-19 16:50:12,948 - fed_utils - INFO - server.n_data : 60000
2024-11-19 16:50:12,948 - fed_utils - INFO - client_dict[f_00000].weight : 0.200000
2024-11-19 16:50:12,948 - fed_utils - INFO - client_dict[f_00001].weight : 0.200000
2024-11-19 16:50:12,948 - fed_utils - INFO - client_dict[f_00002].weight : 0.200000
2024-11-19 16:50:12,948 - fed_utils - INFO - client_dict[f_00003].weight : 0.200000
2024-11-19 16:50:12,948 - fed_utils - INFO - client_dict[f_00004].weight : 0.200000
2024-11-19 16:50:12,948 - fed_utils - INFO - recover secret number by clients: 3157279.000000
2024-11-19 16:50:12,949 - server_base - INFO - Server aggregate model with homomorphic encryption ...
2024-11-19 16:50:14,387 - server_base - INFO - Server aggregate model done, cost time : 0m:1s:438ms
2024-11-19 16:50:14,729 - fed_utils - INFO - decrypting key [conv1.weight].shape [torch.Size([6, 1, 5, 5])]
2024-11-19 16:50:14,743 - fed_utils - INFO - decrypting key [conv1.bias].shape [torch.Size([6])]
2024-11-19 16:50:14,743 - fed_utils - INFO - decrypting key [conv2.weight].shape [torch.Size([16, 6, 5, 5])]
2024-11-19 16:50:14,743 - fed_utils - INFO - decrypting key [conv2.bias].shape [torch.Size([16])]
2024-11-19 16:50:14,743 - fed_utils - INFO - decrypting key [fc1.weight].shape [torch.Size([120, 400])]
2024-11-19 16:50:14,743 - fed_utils - INFO - decrypting key [fc1.bias].shape [torch.Size([120])]
2024-11-19 16:50:14,743 - fed_utils - INFO - decrypting key [fc2.weight].shape [torch.Size([84, 120])]
2024-11-19 16:50:14,743 - fed_utils - INFO - decrypting key [fc2.bias].shape [torch.Size([84])]
2024-11-19 16:50:16,656 - fed_utils - INFO - decrypting key [fc3.weight].shape [torch.Size([10, 84])]
2024-11-19 16:50:16,679 - fed_utils - INFO - decrypting key [fc3.bias].shape [torch.Size([10])]
2024-11-19 16:50:16,679 - fed_utils - INFO - decrypt time : [0m:2s:291ms]
2024-11-19 16:50:16,682 - fl_main - INFO - [global round : 0] aggregated model loss : 2.2469624370648495
2024-11-19 16:50:16,682 - fl_main - INFO - global round : 1
2024-11-19 16:50:16,682 - fl_main - INFO - the random client id to test accuracy : f_00001
2024-11-19 16:50:16,682 - fl_main - INFO - ----- client id [f_00000] -----
2024-11-19 16:50:16,683 - fed_utils - INFO - init global model cost time : 0m:0s:0ms
2024-11-19 16:50:16,684 - client_base - INFO - recover model cost time : 0m:0s:0ms
2024-11-19 16:50:16,684 - fl_main - INFO - client_dict[f_00000] training ...
2024-11-19 16:50:16,684 - client_base - INFO - client_dict[f_00000] training epoch : 0
2024-11-19 16:50:17,472 - client_base - INFO - local model train cost time : 0m:0s:788ms
2024-11-19 16:50:17,474 - client_base - INFO - model encode time : 0m:0s:1ms
2024-11-19 16:50:17,474 - fl_main - INFO - client_dict[f_00000] local model encrypting ...
2024-11-19 16:50:18,660 - fed_utils - INFO - encrypting key [conv1.weight].length : 150, cost time : 0m:1s:185ms
2024-11-19 16:50:18,708 - fed_utils - INFO - encrypting key [conv1.bias].length : 6, cost time : 0m:0s:48ms
2024-11-19 16:50:18,708 - fed_utils - INFO - load key [conv2.weight].length : 2400, cost time : 0m:0s:0ms
2024-11-19 16:50:18,708 - fed_utils - INFO - load key [conv2.bias].length : 16, cost time : 0m:0s:0ms
2024-11-19 16:50:18,709 - fed_utils - INFO - load key [fc1.weight].length : 48000, cost time : 0m:0s:0ms
2024-11-19 16:50:18,709 - fed_utils - INFO - load key [fc1.bias].length : 120, cost time : 0m:0s:0ms
2024-11-19 16:50:18,709 - fed_utils - INFO - load key [fc2.weight].length : 10080, cost time : 0m:0s:0ms
2024-11-19 16:50:18,709 - fed_utils - INFO - load key [fc2.bias].length : 84, cost time : 0m:0s:0ms
2024-11-19 16:50:25,343 - fed_utils - INFO - encrypting key [fc3.weight].length : 840, cost time : 0m:6s:634ms
2024-11-19 16:50:25,423 - fed_utils - INFO - encrypting key [fc3.bias].length : 10, cost time : 0m:0s:79ms
2024-11-19 16:50:25,424 - fl_main - INFO - Server receive client_dict[f_00000] info ...
2024-11-19 16:50:25,424 - fl_main - INFO - ----- client id [f_00001] -----
2024-11-19 16:50:25,425 - fed_utils - INFO - init global model cost time : 0m:0s:0ms
2024-11-19 16:50:25,425 - client_base - INFO - recover model cost time : 0m:0s:0ms
2024-11-19 16:50:26,231 - fl_main - INFO - global round [1] client_dict[f_00001].accuracy : 0.370400
2024-11-19 16:50:26,232 - fl_main - INFO - client_dict[f_00001] training ...
2024-11-19 16:50:26,232 - client_base - INFO - client_dict[f_00001] training epoch : 0
2024-11-19 16:50:27,109 - client_base - INFO - local model train cost time : 0m:0s:876ms
2024-11-19 16:50:27,111 - client_base - INFO - model encode time : 0m:0s:1ms
2024-11-19 16:50:27,111 - fl_main - INFO - client_dict[f_00001] local model encrypting ...
2024-11-19 16:50:28,386 - fed_utils - INFO - encrypting key [conv1.weight].length : 150, cost time : 0m:1s:275ms
2024-11-19 16:50:28,434 - fed_utils - INFO - encrypting key [conv1.bias].length : 6, cost time : 0m:0s:47ms
2024-11-19 16:50:28,434 - fed_utils - INFO - load key [conv2.weight].length : 2400, cost time : 0m:0s:0ms
2024-11-19 16:50:28,435 - fed_utils - INFO - load key [conv2.bias].length : 16, cost time : 0m:0s:0ms
2024-11-19 16:50:28,436 - fed_utils - INFO - load key [fc1.weight].length : 48000, cost time : 0m:0s:0ms
2024-11-19 16:50:28,436 - fed_utils - INFO - load key [fc1.bias].length : 120, cost time : 0m:0s:0ms
2024-11-19 16:50:28,436 - fed_utils - INFO - load key [fc2.weight].length : 10080, cost time : 0m:0s:0ms
2024-11-19 16:50:28,436 - fed_utils - INFO - load key [fc2.bias].length : 84, cost time : 0m:0s:0ms
2024-11-19 16:50:35,058 - fed_utils - INFO - encrypting key [fc3.weight].length : 840, cost time : 0m:6s:621ms
2024-11-19 16:50:35,137 - fed_utils - INFO - encrypting key [fc3.bias].length : 10, cost time : 0m:0s:79ms
2024-11-19 16:50:35,137 - fl_main - INFO - Server receive client_dict[f_00001] info ...
2024-11-19 16:50:35,137 - fl_main - INFO - ----- client id [f_00002] -----
2024-11-19 16:50:35,138 - fed_utils - INFO - init global model cost time : 0m:0s:0ms
2024-11-19 16:50:35,138 - client_base - INFO - recover model cost time : 0m:0s:0ms
2024-11-19 16:50:35,138 - fl_main - INFO - client_dict[f_00002] training ...
2024-11-19 16:50:35,139 - client_base - INFO - client_dict[f_00002] training epoch : 0
2024-11-19 16:50:35,915 - client_base - INFO - local model train cost time : 0m:0s:775ms
2024-11-19 16:50:35,917 - client_base - INFO - model encode time : 0m:0s:1ms
2024-11-19 16:50:35,917 - fl_main - INFO - client_dict[f_00002] local model encrypting ...
2024-11-19 16:50:37,099 - fed_utils - INFO - encrypting key [conv1.weight].length : 150, cost time : 0m:1s:182ms
2024-11-19 16:50:37,147 - fed_utils - INFO - encrypting key [conv1.bias].length : 6, cost time : 0m:0s:47ms
2024-11-19 16:50:37,147 - fed_utils - INFO - load key [conv2.weight].length : 2400, cost time : 0m:0s:0ms
2024-11-19 16:50:37,147 - fed_utils - INFO - load key [conv2.bias].length : 16, cost time : 0m:0s:0ms
2024-11-19 16:50:37,148 - fed_utils - INFO - load key [fc1.weight].length : 48000, cost time : 0m:0s:1ms
2024-11-19 16:50:37,148 - fed_utils - INFO - load key [fc1.bias].length : 120, cost time : 0m:0s:0ms
2024-11-19 16:50:37,149 - fed_utils - INFO - load key [fc2.weight].length : 10080, cost time : 0m:0s:0ms
2024-11-19 16:50:37,149 - fed_utils - INFO - load key [fc2.bias].length : 84, cost time : 0m:0s:0ms
2024-11-19 16:50:43,921 - fed_utils - INFO - encrypting key [fc3.weight].length : 840, cost time : 0m:6s:772ms
2024-11-19 16:50:44,000 - fed_utils - INFO - encrypting key [fc3.bias].length : 10, cost time : 0m:0s:79ms
2024-11-19 16:50:44,001 - fl_main - INFO - Server receive client_dict[f_00002] info ...
2024-11-19 16:50:44,001 - fl_main - INFO - ----- client id [f_00003] -----
2024-11-19 16:50:44,001 - fed_utils - INFO - init global model cost time : 0m:0s:0ms
2024-11-19 16:50:44,002 - client_base - INFO - recover model cost time : 0m:0s:0ms
2024-11-19 16:50:44,002 - fl_main - INFO - client_dict[f_00003] training ...
2024-11-19 16:50:44,003 - client_base - INFO - client_dict[f_00003] training epoch : 0
2024-11-19 16:50:44,781 - client_base - INFO - local model train cost time : 0m:0s:778ms
2024-11-19 16:50:44,782 - client_base - INFO - model encode time : 0m:0s:1ms
2024-11-19 16:50:44,783 - fl_main - INFO - client_dict[f_00003] local model encrypting ...
2024-11-19 16:50:45,970 - fed_utils - INFO - encrypting key [conv1.weight].length : 150, cost time : 0m:1s:187ms
2024-11-19 16:50:46,018 - fed_utils - INFO - encrypting key [conv1.bias].length : 6, cost time : 0m:0s:47ms
2024-11-19 16:50:46,018 - fed_utils - INFO - load key [conv2.weight].length : 2400, cost time : 0m:0s:0ms
2024-11-19 16:50:46,018 - fed_utils - INFO - load key [conv2.bias].length : 16, cost time : 0m:0s:0ms
2024-11-19 16:50:46,019 - fed_utils - INFO - load key [fc1.weight].length : 48000, cost time : 0m:0s:1ms
2024-11-19 16:50:46,020 - fed_utils - INFO - load key [fc1.bias].length : 120, cost time : 0m:0s:0ms
2024-11-19 16:50:46,020 - fed_utils - INFO - load key [fc2.weight].length : 10080, cost time : 0m:0s:0ms
2024-11-19 16:50:46,020 - fed_utils - INFO - load key [fc2.bias].length : 84, cost time : 0m:0s:0ms
2024-11-19 16:50:52,651 - fed_utils - INFO - encrypting key [fc3.weight].length : 840, cost time : 0m:6s:631ms
2024-11-19 16:50:52,731 - fed_utils - INFO - encrypting key [fc3.bias].length : 10, cost time : 0m:0s:79ms
2024-11-19 16:50:52,731 - fl_main - INFO - Server receive client_dict[f_00003] info ...
2024-11-19 16:50:52,731 - fl_main - INFO - ----- client id [f_00004] -----
2024-11-19 16:50:52,732 - fed_utils - INFO - init global model cost time : 0m:0s:0ms
2024-11-19 16:50:52,732 - client_base - INFO - recover model cost time : 0m:0s:0ms
2024-11-19 16:50:52,732 - fl_main - INFO - client_dict[f_00004] training ...
2024-11-19 16:50:52,733 - client_base - INFO - client_dict[f_00004] training epoch : 0
2024-11-19 16:50:53,501 - client_base - INFO - local model train cost time : 0m:0s:768ms
2024-11-19 16:50:53,503 - client_base - INFO - model encode time : 0m:0s:1ms
2024-11-19 16:50:53,503 - fl_main - INFO - client_dict[f_00004] local model encrypting ...
2024-11-19 16:50:54,689 - fed_utils - INFO - encrypting key [conv1.weight].length : 150, cost time : 0m:1s:185ms
2024-11-19 16:50:54,736 - fed_utils - INFO - encrypting key [conv1.bias].length : 6, cost time : 0m:0s:47ms
2024-11-19 16:50:54,737 - fed_utils - INFO - load key [conv2.weight].length : 2400, cost time : 0m:0s:0ms
2024-11-19 16:50:54,737 - fed_utils - INFO - load key [conv2.bias].length : 16, cost time : 0m:0s:0ms
2024-11-19 16:50:54,738 - fed_utils - INFO - load key [fc1.weight].length : 48000, cost time : 0m:0s:1ms
2024-11-19 16:50:54,738 - fed_utils - INFO - load key [fc1.bias].length : 120, cost time : 0m:0s:0ms
2024-11-19 16:50:54,738 - fed_utils - INFO - load key [fc2.weight].length : 10080, cost time : 0m:0s:0ms
2024-11-19 16:50:54,738 - fed_utils - INFO - load key [fc2.bias].length : 84, cost time : 0m:0s:0ms
2024-11-19 16:51:01,498 - fed_utils - INFO - encrypting key [fc3.weight].length : 840, cost time : 0m:6s:760ms
2024-11-19 16:51:01,578 - fed_utils - INFO - encrypting key [fc3.bias].length : 10, cost time : 0m:0s:79ms
2024-11-19 16:51:01,578 - fl_main - INFO - Server receive client_dict[f_00004] info ...
2024-11-19 16:51:01,578 - fl_main - INFO - global aggregation process ...
2024-11-19 16:51:01,578 - fed_utils - INFO - server.n_data : 60000
2024-11-19 16:51:01,578 - fed_utils - INFO - client_dict[f_00000].weight : 0.200000
2024-11-19 16:51:01,578 - fed_utils - INFO - client_dict[f_00001].weight : 0.200000
2024-11-19 16:51:01,578 - fed_utils - INFO - client_dict[f_00002].weight : 0.200000
2024-11-19 16:51:01,578 - fed_utils - INFO - client_dict[f_00003].weight : 0.200000
2024-11-19 16:51:01,578 - fed_utils - INFO - client_dict[f_00004].weight : 0.200000
2024-11-19 16:51:01,579 - fed_utils - INFO - recover secret number by clients: 3157279.000000
2024-11-19 16:51:01,579 - server_base - INFO - Server aggregate model with homomorphic encryption ...
2024-11-19 16:51:03,018 - server_base - INFO - Server aggregate model done, cost time : 0m:1s:438ms
2024-11-19 16:51:03,361 - fed_utils - INFO - decrypting key [conv1.weight].shape [torch.Size([6, 1, 5, 5])]
2024-11-19 16:51:03,375 - fed_utils - INFO - decrypting key [conv1.bias].shape [torch.Size([6])]
2024-11-19 16:51:03,375 - fed_utils - INFO - decrypting key [conv2.weight].shape [torch.Size([16, 6, 5, 5])]
2024-11-19 16:51:03,375 - fed_utils - INFO - decrypting key [conv2.bias].shape [torch.Size([16])]
2024-11-19 16:51:03,376 - fed_utils - INFO - decrypting key [fc1.weight].shape [torch.Size([120, 400])]
2024-11-19 16:51:03,376 - fed_utils - INFO - decrypting key [fc1.bias].shape [torch.Size([120])]
2024-11-19 16:51:03,376 - fed_utils - INFO - decrypting key [fc2.weight].shape [torch.Size([84, 120])]
2024-11-19 16:51:03,376 - fed_utils - INFO - decrypting key [fc2.bias].shape [torch.Size([84])]
2024-11-19 16:51:05,300 - fed_utils - INFO - decrypting key [fc3.weight].shape [torch.Size([10, 84])]
2024-11-19 16:51:05,323 - fed_utils - INFO - decrypting key [fc3.bias].shape [torch.Size([10])]
2024-11-19 16:51:05,323 - fed_utils - INFO - decrypt time : [0m:2s:305ms]
2024-11-19 16:51:05,326 - fl_main - INFO - [global round : 1] aggregated model accuracy : 0.3704
2024-11-19 16:51:05,326 - fl_main - INFO - [global round : 1] aggregated model loss : 1.40364364394162
2024-11-19 16:51:05,326 - fl_main - INFO - global round : 2
2024-11-19 16:51:05,326 - fl_main - INFO - the random client id to test accuracy : f_00004
2024-11-19 16:51:05,326 - fl_main - INFO - ----- client id [f_00000] -----
2024-11-19 16:51:05,327 - fed_utils - INFO - init global model cost time : 0m:0s:0ms
2024-11-19 16:51:05,328 - client_base - INFO - recover model cost time : 0m:0s:0ms
2024-11-19 16:51:05,328 - fl_main - INFO - client_dict[f_00000] training ...
2024-11-19 16:51:05,328 - client_base - INFO - client_dict[f_00000] training epoch : 0
2024-11-19 16:51:06,111 - client_base - INFO - local model train cost time : 0m:0s:782ms
2024-11-19 16:51:06,112 - client_base - INFO - model encode time : 0m:0s:1ms
2024-11-19 16:51:06,112 - fl_main - INFO - client_dict[f_00000] local model encrypting ...
2024-11-19 16:51:07,295 - fed_utils - INFO - encrypting key [conv1.weight].length : 150, cost time : 0m:1s:182ms
2024-11-19 16:51:07,343 - fed_utils - INFO - encrypting key [conv1.bias].length : 6, cost time : 0m:0s:47ms
2024-11-19 16:51:07,343 - fed_utils - INFO - load key [conv2.weight].length : 2400, cost time : 0m:0s:0ms
2024-11-19 16:51:07,343 - fed_utils - INFO - load key [conv2.bias].length : 16, cost time : 0m:0s:0ms
2024-11-19 16:51:07,344 - fed_utils - INFO - load key [fc1.weight].length : 48000, cost time : 0m:0s:0ms
2024-11-19 16:51:07,344 - fed_utils - INFO - load key [fc1.bias].length : 120, cost time : 0m:0s:0ms
2024-11-19 16:51:07,344 - fed_utils - INFO - load key [fc2.weight].length : 10080, cost time : 0m:0s:0ms
2024-11-19 16:51:07,344 - fed_utils - INFO - load key [fc2.bias].length : 84, cost time : 0m:0s:0ms
2024-11-19 16:51:14,137 - fed_utils - INFO - encrypting key [fc3.weight].length : 840, cost time : 0m:6s:792ms
2024-11-19 16:51:14,216 - fed_utils - INFO - encrypting key [fc3.bias].length : 10, cost time : 0m:0s:79ms
2024-11-19 16:51:14,217 - fl_main - INFO - Server receive client_dict[f_00000] info ...
2024-11-19 16:51:14,217 - fl_main - INFO - ----- client id [f_00001] -----
2024-11-19 16:51:14,218 - fed_utils - INFO - init global model cost time : 0m:0s:0ms
2024-11-19 16:51:14,219 - client_base - INFO - recover model cost time : 0m:0s:0ms
2024-11-19 16:51:14,219 - fl_main - INFO - client_dict[f_00001] training ...
2024-11-19 16:51:14,219 - client_base - INFO - client_dict[f_00001] training epoch : 0
2024-11-19 16:51:14,977 - client_base - INFO - local model train cost time : 0m:0s:757ms
2024-11-19 16:51:14,979 - client_base - INFO - model encode time : 0m:0s:1ms
2024-11-19 16:51:14,979 - fl_main - INFO - client_dict[f_00001] local model encrypting ...
2024-11-19 16:51:16,161 - fed_utils - INFO - encrypting key [conv1.weight].length : 150, cost time : 0m:1s:182ms
2024-11-19 16:51:16,209 - fed_utils - INFO - encrypting key [conv1.bias].length : 6, cost time : 0m:0s:47ms
2024-11-19 16:51:16,209 - fed_utils - INFO - load key [conv2.weight].length : 2400, cost time : 0m:0s:0ms
2024-11-19 16:51:16,209 - fed_utils - INFO - load key [conv2.bias].length : 16, cost time : 0m:0s:0ms
2024-11-19 16:51:16,210 - fed_utils - INFO - load key [fc1.weight].length : 48000, cost time : 0m:0s:0ms
2024-11-19 16:51:16,210 - fed_utils - INFO - load key [fc1.bias].length : 120, cost time : 0m:0s:0ms
2024-11-19 16:51:16,210 - fed_utils - INFO - load key [fc2.weight].length : 10080, cost time : 0m:0s:0ms
2024-11-19 16:51:16,210 - fed_utils - INFO - load key [fc2.bias].length : 84, cost time : 0m:0s:0ms
2024-11-19 16:51:22,836 - fed_utils - INFO - encrypting key [fc3.weight].length : 840, cost time : 0m:6s:625ms
2024-11-19 16:51:22,915 - fed_utils - INFO - encrypting key [fc3.bias].length : 10, cost time : 0m:0s:79ms
2024-11-19 16:51:22,915 - fl_main - INFO - Server receive client_dict[f_00001] info ...
2024-11-19 16:51:22,915 - fl_main - INFO - ----- client id [f_00002] -----
2024-11-19 16:51:22,916 - fed_utils - INFO - init global model cost time : 0m:0s:0ms
2024-11-19 16:51:22,917 - client_base - INFO - recover model cost time : 0m:0s:0ms
2024-11-19 16:51:22,917 - fl_main - INFO - client_dict[f_00002] training ...
2024-11-19 16:51:22,917 - client_base - INFO - client_dict[f_00002] training epoch : 0
2024-11-19 16:51:23,696 - client_base - INFO - local model train cost time : 0m:0s:778ms
2024-11-19 16:51:23,697 - client_base - INFO - model encode time : 0m:0s:1ms
2024-11-19 16:51:23,697 - fl_main - INFO - client_dict[f_00002] local model encrypting ...
2024-11-19 16:51:24,881 - fed_utils - INFO - encrypting key [conv1.weight].length : 150, cost time : 0m:1s:183ms
2024-11-19 16:51:24,929 - fed_utils - INFO - encrypting key [conv1.bias].length : 6, cost time : 0m:0s:47ms
2024-11-19 16:51:24,929 - fed_utils - INFO - load key [conv2.weight].length : 2400, cost time : 0m:0s:0ms
2024-11-19 16:51:24,929 - fed_utils - INFO - load key [conv2.bias].length : 16, cost time : 0m:0s:0ms
2024-11-19 16:51:24,930 - fed_utils - INFO - load key [fc1.weight].length : 48000, cost time : 0m:0s:0ms
2024-11-19 16:51:24,930 - fed_utils - INFO - load key [fc1.bias].length : 120, cost time : 0m:0s:0ms
2024-11-19 16:51:24,930 - fed_utils - INFO - load key [fc2.weight].length : 10080, cost time : 0m:0s:0ms
2024-11-19 16:51:24,930 - fed_utils - INFO - load key [fc2.bias].length : 84, cost time : 0m:0s:0ms
2024-11-19 16:51:31,685 - fed_utils - INFO - encrypting key [fc3.weight].length : 840, cost time : 0m:6s:755ms
2024-11-19 16:51:31,765 - fed_utils - INFO - encrypting key [fc3.bias].length : 10, cost time : 0m:0s:79ms
2024-11-19 16:51:31,765 - fl_main - INFO - Server receive client_dict[f_00002] info ...
2024-11-19 16:51:31,765 - fl_main - INFO - ----- client id [f_00003] -----
2024-11-19 16:51:31,766 - fed_utils - INFO - init global model cost time : 0m:0s:0ms
2024-11-19 16:51:31,766 - client_base - INFO - recover model cost time : 0m:0s:0ms
2024-11-19 16:51:31,766 - fl_main - INFO - client_dict[f_00003] training ...
2024-11-19 16:51:31,767 - client_base - INFO - client_dict[f_00003] training epoch : 0
2024-11-19 16:51:32,540 - client_base - INFO - local model train cost time : 0m:0s:772ms
2024-11-19 16:51:32,541 - client_base - INFO - model encode time : 0m:0s:1ms
2024-11-19 16:51:32,542 - fl_main - INFO - client_dict[f_00003] local model encrypting ...
2024-11-19 16:51:33,724 - fed_utils - INFO - encrypting key [conv1.weight].length : 150, cost time : 0m:1s:182ms
2024-11-19 16:51:33,772 - fed_utils - INFO - encrypting key [conv1.bias].length : 6, cost time : 0m:0s:48ms
2024-11-19 16:51:33,772 - fed_utils - INFO - load key [conv2.weight].length : 2400, cost time : 0m:0s:0ms
2024-11-19 16:51:33,772 - fed_utils - INFO - load key [conv2.bias].length : 16, cost time : 0m:0s:0ms
2024-11-19 16:51:33,773 - fed_utils - INFO - load key [fc1.weight].length : 48000, cost time : 0m:0s:0ms
2024-11-19 16:51:33,773 - fed_utils - INFO - load key [fc1.bias].length : 120, cost time : 0m:0s:0ms
2024-11-19 16:51:33,773 - fed_utils - INFO - load key [fc2.weight].length : 10080, cost time : 0m:0s:0ms
2024-11-19 16:51:33,774 - fed_utils - INFO - load key [fc2.bias].length : 84, cost time : 0m:0s:0ms
2024-11-19 16:51:40,398 - fed_utils - INFO - encrypting key [fc3.weight].length : 840, cost time : 0m:6s:624ms
2024-11-19 16:51:40,477 - fed_utils - INFO - encrypting key [fc3.bias].length : 10, cost time : 0m:0s:79ms
2024-11-19 16:51:40,477 - fl_main - INFO - Server receive client_dict[f_00003] info ...
2024-11-19 16:51:40,477 - fl_main - INFO - ----- client id [f_00004] -----
2024-11-19 16:51:40,478 - fed_utils - INFO - init global model cost time : 0m:0s:0ms
2024-11-19 16:51:40,478 - client_base - INFO - recover model cost time : 0m:0s:0ms
2024-11-19 16:51:41,304 - fl_main - INFO - global round [2] client_dict[f_00004].accuracy : 0.689200
2024-11-19 16:51:41,304 - fl_main - INFO - client_dict[f_00004] training ...
2024-11-19 16:51:41,305 - client_base - INFO - client_dict[f_00004] training epoch : 0
2024-11-19 16:51:42,163 - client_base - INFO - local model train cost time : 0m:0s:857ms
2024-11-19 16:51:42,165 - client_base - INFO - model encode time : 0m:0s:1ms
2024-11-19 16:51:42,165 - fl_main - INFO - client_dict[f_00004] local model encrypting ...
2024-11-19 16:51:43,406 - fed_utils - INFO - encrypting key [conv1.weight].length : 150, cost time : 0m:1s:240ms
2024-11-19 16:51:43,454 - fed_utils - INFO - encrypting key [conv1.bias].length : 6, cost time : 0m:0s:47ms
2024-11-19 16:51:43,454 - fed_utils - INFO - load key [conv2.weight].length : 2400, cost time : 0m:0s:0ms
2024-11-19 16:51:43,454 - fed_utils - INFO - load key [conv2.bias].length : 16, cost time : 0m:0s:0ms
2024-11-19 16:51:43,455 - fed_utils - INFO - load key [fc1.weight].length : 48000, cost time : 0m:0s:1ms
2024-11-19 16:51:43,455 - fed_utils - INFO - load key [fc1.bias].length : 120, cost time : 0m:0s:0ms
2024-11-19 16:51:43,455 - fed_utils - INFO - load key [fc2.weight].length : 10080, cost time : 0m:0s:0ms
2024-11-19 16:51:43,455 - fed_utils - INFO - load key [fc2.bias].length : 84, cost time : 0m:0s:0ms
2024-11-19 16:51:50,087 - fed_utils - INFO - encrypting key [fc3.weight].length : 840, cost time : 0m:6s:631ms
2024-11-19 16:51:50,166 - fed_utils - INFO - encrypting key [fc3.bias].length : 10, cost time : 0m:0s:79ms
2024-11-19 16:51:50,166 - fl_main - INFO - Server receive client_dict[f_00004] info ...
2024-11-19 16:51:50,166 - fl_main - INFO - global aggregation process ...
2024-11-19 16:51:50,167 - fed_utils - INFO - server.n_data : 60000
2024-11-19 16:51:50,167 - fed_utils - INFO - client_dict[f_00000].weight : 0.200000
2024-11-19 16:51:50,167 - fed_utils - INFO - client_dict[f_00001].weight : 0.200000
2024-11-19 16:51:50,167 - fed_utils - INFO - client_dict[f_00002].weight : 0.200000
2024-11-19 16:51:50,167 - fed_utils - INFO - client_dict[f_00003].weight : 0.200000
2024-11-19 16:51:50,167 - fed_utils - INFO - client_dict[f_00004].weight : 0.200000
2024-11-19 16:51:50,167 - fed_utils - INFO - recover secret number by clients: 3157279.000000
2024-11-19 16:51:50,167 - server_base - INFO - Server aggregate model with homomorphic encryption ...
2024-11-19 16:51:51,631 - server_base - INFO - Server aggregate model done, cost time : 0m:1s:463ms
2024-11-19 16:51:51,973 - fed_utils - INFO - decrypting key [conv1.weight].shape [torch.Size([6, 1, 5, 5])]
2024-11-19 16:51:51,986 - fed_utils - INFO - decrypting key [conv1.bias].shape [torch.Size([6])]
2024-11-19 16:51:51,986 - fed_utils - INFO - decrypting key [conv2.weight].shape [torch.Size([16, 6, 5, 5])]
2024-11-19 16:51:51,986 - fed_utils - INFO - decrypting key [conv2.bias].shape [torch.Size([16])]
2024-11-19 16:51:51,987 - fed_utils - INFO - decrypting key [fc1.weight].shape [torch.Size([120, 400])]
2024-11-19 16:51:51,987 - fed_utils - INFO - decrypting key [fc1.bias].shape [torch.Size([120])]
2024-11-19 16:51:51,987 - fed_utils - INFO - decrypting key [fc2.weight].shape [torch.Size([84, 120])]
2024-11-19 16:51:51,987 - fed_utils - INFO - decrypting key [fc2.bias].shape [torch.Size([84])]
2024-11-19 16:51:53,899 - fed_utils - INFO - decrypting key [fc3.weight].shape [torch.Size([10, 84])]
2024-11-19 16:51:53,922 - fed_utils - INFO - decrypting key [fc3.bias].shape [torch.Size([10])]
2024-11-19 16:51:53,922 - fed_utils - INFO - decrypt time : [0m:2s:291ms]
2024-11-19 16:51:53,925 - fl_main - INFO - [global round : 2] aggregated model accuracy : 0.6892
2024-11-19 16:51:53,925 - fl_main - INFO - [global round : 2] aggregated model loss : 0.43644231816750695
2024-11-19 16:51:53,925 - fl_main - INFO - global round : 3
2024-11-19 16:51:53,925 - fl_main - INFO - the random client id to test accuracy : f_00000
2024-11-19 16:51:53,925 - fl_main - INFO - ----- client id [f_00000] -----
2024-11-19 16:51:53,926 - fed_utils - INFO - init global model cost time : 0m:0s:0ms
2024-11-19 16:51:53,927 - client_base - INFO - recover model cost time : 0m:0s:0ms
2024-11-19 16:51:54,750 - fl_main - INFO - global round [3] client_dict[f_00000].accuracy : 0.868600
2024-11-19 16:51:54,750 - fl_main - INFO - client_dict[f_00000] training ...
2024-11-19 16:51:54,750 - client_base - INFO - client_dict[f_00000] training epoch : 0
2024-11-19 16:51:55,519 - client_base - INFO - local model train cost time : 0m:0s:768ms
2024-11-19 16:51:55,521 - client_base - INFO - model encode time : 0m:0s:1ms
2024-11-19 16:51:55,521 - fl_main - INFO - client_dict[f_00000] local model encrypting ...
2024-11-19 16:51:56,705 - fed_utils - INFO - encrypting key [conv1.weight].length : 150, cost time : 0m:1s:184ms
2024-11-19 16:51:56,753 - fed_utils - INFO - encrypting key [conv1.bias].length : 6, cost time : 0m:0s:47ms
2024-11-19 16:51:56,754 - fed_utils - INFO - load key [conv2.weight].length : 2400, cost time : 0m:0s:0ms
2024-11-19 16:51:56,754 - fed_utils - INFO - load key [conv2.bias].length : 16, cost time : 0m:0s:0ms
2024-11-19 16:51:56,755 - fed_utils - INFO - load key [fc1.weight].length : 48000, cost time : 0m:0s:0ms
2024-11-19 16:51:56,755 - fed_utils - INFO - load key [fc1.bias].length : 120, cost time : 0m:0s:0ms
2024-11-19 16:51:56,755 - fed_utils - INFO - load key [fc2.weight].length : 10080, cost time : 0m:0s:0ms
2024-11-19 16:51:56,755 - fed_utils - INFO - load key [fc2.bias].length : 84, cost time : 0m:0s:0ms
2024-11-19 16:52:03,527 - fed_utils - INFO - encrypting key [fc3.weight].length : 840, cost time : 0m:6s:772ms
2024-11-19 16:52:03,606 - fed_utils - INFO - encrypting key [fc3.bias].length : 10, cost time : 0m:0s:79ms
2024-11-19 16:52:03,607 - fl_main - INFO - Server receive client_dict[f_00000] info ...
2024-11-19 16:52:03,608 - fl_main - INFO - ----- client id [f_00001] -----
2024-11-19 16:52:03,608 - fed_utils - INFO - init global model cost time : 0m:0s:0ms
2024-11-19 16:52:03,609 - client_base - INFO - recover model cost time : 0m:0s:0ms
2024-11-19 16:52:03,609 - fl_main - INFO - client_dict[f_00001] training ...
2024-11-19 16:52:03,610 - client_base - INFO - client_dict[f_00001] training epoch : 0
2024-11-19 16:52:04,396 - client_base - INFO - local model train cost time : 0m:0s:785ms
2024-11-19 16:52:04,397 - client_base - INFO - model encode time : 0m:0s:1ms
2024-11-19 16:52:04,397 - fl_main - INFO - client_dict[f_00001] local model encrypting ...
2024-11-19 16:52:05,581 - fed_utils - INFO - encrypting key [conv1.weight].length : 150, cost time : 0m:1s:183ms
2024-11-19 16:52:05,628 - fed_utils - INFO - encrypting key [conv1.bias].length : 6, cost time : 0m:0s:47ms
2024-11-19 16:52:05,628 - fed_utils - INFO - load key [conv2.weight].length : 2400, cost time : 0m:0s:0ms
2024-11-19 16:52:05,628 - fed_utils - INFO - load key [conv2.bias].length : 16, cost time : 0m:0s:0ms
2024-11-19 16:52:05,629 - fed_utils - INFO - load key [fc1.weight].length : 48000, cost time : 0m:0s:0ms
2024-11-19 16:52:05,629 - fed_utils - INFO - load key [fc1.bias].length : 120, cost time : 0m:0s:0ms
2024-11-19 16:52:05,630 - fed_utils - INFO - load key [fc2.weight].length : 10080, cost time : 0m:0s:0ms
2024-11-19 16:52:05,630 - fed_utils - INFO - load key [fc2.bias].length : 84, cost time : 0m:0s:0ms
2024-11-19 16:52:12,398 - fed_utils - INFO - encrypting key [fc3.weight].length : 840, cost time : 0m:6s:768ms
2024-11-19 16:52:12,478 - fed_utils - INFO - encrypting key [fc3.bias].length : 10, cost time : 0m:0s:79ms
2024-11-19 16:52:12,478 - fl_main - INFO - Server receive client_dict[f_00001] info ...
2024-11-19 16:52:12,478 - fl_main - INFO - ----- client id [f_00002] -----
2024-11-19 16:52:12,479 - fed_utils - INFO - init global model cost time : 0m:0s:0ms
2024-11-19 16:52:12,479 - client_base - INFO - recover model cost time : 0m:0s:0ms
2024-11-19 16:52:12,479 - fl_main - INFO - client_dict[f_00002] training ...
2024-11-19 16:52:12,480 - client_base - INFO - client_dict[f_00002] training epoch : 0
2024-11-19 16:52:13,255 - client_base - INFO - local model train cost time : 0m:0s:774ms
2024-11-19 16:52:13,256 - client_base - INFO - model encode time : 0m:0s:1ms
2024-11-19 16:52:13,256 - fl_main - INFO - client_dict[f_00002] local model encrypting ...
2024-11-19 16:52:14,442 - fed_utils - INFO - encrypting key [conv1.weight].length : 150, cost time : 0m:1s:185ms
2024-11-19 16:52:14,489 - fed_utils - INFO - encrypting key [conv1.bias].length : 6, cost time : 0m:0s:47ms
2024-11-19 16:52:14,490 - fed_utils - INFO - load key [conv2.weight].length : 2400, cost time : 0m:0s:0ms
2024-11-19 16:52:14,490 - fed_utils - INFO - load key [conv2.bias].length : 16, cost time : 0m:0s:0ms
2024-11-19 16:52:14,490 - fed_utils - INFO - load key [fc1.weight].length : 48000, cost time : 0m:0s:0ms
2024-11-19 16:52:14,491 - fed_utils - INFO - load key [fc1.bias].length : 120, cost time : 0m:0s:0ms
2024-11-19 16:52:14,491 - fed_utils - INFO - load key [fc2.weight].length : 10080, cost time : 0m:0s:0ms
2024-11-19 16:52:14,491 - fed_utils - INFO - load key [fc2.bias].length : 84, cost time : 0m:0s:0ms
2024-11-19 16:52:21,130 - fed_utils - INFO - encrypting key [fc3.weight].length : 840, cost time : 0m:6s:638ms
2024-11-19 16:52:21,209 - fed_utils - INFO - encrypting key [fc3.bias].length : 10, cost time : 0m:0s:79ms
2024-11-19 16:52:21,209 - fl_main - INFO - Server receive client_dict[f_00002] info ...
2024-11-19 16:52:21,209 - fl_main - INFO - ----- client id [f_00003] -----
2024-11-19 16:52:21,210 - fed_utils - INFO - init global model cost time : 0m:0s:0ms
2024-11-19 16:52:21,210 - client_base - INFO - recover model cost time : 0m:0s:0ms
2024-11-19 16:52:21,210 - fl_main - INFO - client_dict[f_00003] training ...
2024-11-19 16:52:21,211 - client_base - INFO - client_dict[f_00003] training epoch : 0
2024-11-19 16:52:21,974 - client_base - INFO - local model train cost time : 0m:0s:763ms
2024-11-19 16:52:21,976 - client_base - INFO - model encode time : 0m:0s:1ms
2024-11-19 16:52:21,976 - fl_main - INFO - client_dict[f_00003] local model encrypting ...
2024-11-19 16:52:23,159 - fed_utils - INFO - encrypting key [conv1.weight].length : 150, cost time : 0m:1s:182ms
2024-11-19 16:52:23,207 - fed_utils - INFO - encrypting key [conv1.bias].length : 6, cost time : 0m:0s:47ms
2024-11-19 16:52:23,207 - fed_utils - INFO - load key [conv2.weight].length : 2400, cost time : 0m:0s:0ms
2024-11-19 16:52:23,207 - fed_utils - INFO - load key [conv2.bias].length : 16, cost time : 0m:0s:0ms
2024-11-19 16:52:23,208 - fed_utils - INFO - load key [fc1.weight].length : 48000, cost time : 0m:0s:0ms
2024-11-19 16:52:23,208 - fed_utils - INFO - load key [fc1.bias].length : 120, cost time : 0m:0s:0ms
2024-11-19 16:52:23,208 - fed_utils - INFO - load key [fc2.weight].length : 10080, cost time : 0m:0s:0ms
2024-11-19 16:52:23,208 - fed_utils - INFO - load key [fc2.bias].length : 84, cost time : 0m:0s:0ms
2024-11-19 16:52:29,977 - fed_utils - INFO - encrypting key [fc3.weight].length : 840, cost time : 0m:6s:769ms
2024-11-19 16:52:30,057 - fed_utils - INFO - encrypting key [fc3.bias].length : 10, cost time : 0m:0s:79ms
2024-11-19 16:52:30,057 - fl_main - INFO - Server receive client_dict[f_00003] info ...
2024-11-19 16:52:30,057 - fl_main - INFO - ----- client id [f_00004] -----
2024-11-19 16:52:30,057 - fed_utils - INFO - init global model cost time : 0m:0s:0ms
2024-11-19 16:52:30,058 - client_base - INFO - recover model cost time : 0m:0s:0ms
2024-11-19 16:52:30,058 - fl_main - INFO - client_dict[f_00004] training ...
2024-11-19 16:52:30,059 - client_base - INFO - client_dict[f_00004] training epoch : 0
2024-11-19 16:52:30,840 - client_base - INFO - local model train cost time : 0m:0s:781ms
2024-11-19 16:52:30,842 - client_base - INFO - model encode time : 0m:0s:1ms
2024-11-19 16:52:30,842 - fl_main - INFO - client_dict[f_00004] local model encrypting ...
2024-11-19 16:52:32,025 - fed_utils - INFO - encrypting key [conv1.weight].length : 150, cost time : 0m:1s:183ms
2024-11-19 16:52:32,073 - fed_utils - INFO - encrypting key [conv1.bias].length : 6, cost time : 0m:0s:47ms
2024-11-19 16:52:32,073 - fed_utils - INFO - load key [conv2.weight].length : 2400, cost time : 0m:0s:0ms
2024-11-19 16:52:32,073 - fed_utils - INFO - load key [conv2.bias].length : 16, cost time : 0m:0s:0ms
2024-11-19 16:52:32,075 - fed_utils - INFO - load key [fc1.weight].length : 48000, cost time : 0m:0s:1ms
2024-11-19 16:52:32,075 - fed_utils - INFO - load key [fc1.bias].length : 120, cost time : 0m:0s:0ms
2024-11-19 16:52:32,075 - fed_utils - INFO - load key [fc2.weight].length : 10080, cost time : 0m:0s:0ms
2024-11-19 16:52:32,075 - fed_utils - INFO - load key [fc2.bias].length : 84, cost time : 0m:0s:0ms
2024-11-19 16:52:38,710 - fed_utils - INFO - encrypting key [fc3.weight].length : 840, cost time : 0m:6s:635ms
2024-11-19 16:52:38,790 - fed_utils - INFO - encrypting key [fc3.bias].length : 10, cost time : 0m:0s:79ms
2024-11-19 16:52:38,790 - fl_main - INFO - Server receive client_dict[f_00004] info ...
2024-11-19 16:52:38,790 - fl_main - INFO - global aggregation process ...
2024-11-19 16:52:38,790 - fed_utils - INFO - server.n_data : 60000
2024-11-19 16:52:38,790 - fed_utils - INFO - client_dict[f_00000].weight : 0.200000
2024-11-19 16:52:38,790 - fed_utils - INFO - client_dict[f_00001].weight : 0.200000
2024-11-19 16:52:38,790 - fed_utils - INFO - client_dict[f_00002].weight : 0.200000
2024-11-19 16:52:38,790 - fed_utils - INFO - client_dict[f_00003].weight : 0.200000
2024-11-19 16:52:38,790 - fed_utils - INFO - client_dict[f_00004].weight : 0.200000
2024-11-19 16:52:38,790 - fed_utils - INFO - recover secret number by clients: 3157279.000000
2024-11-19 16:52:38,790 - server_base - INFO - Server aggregate model with homomorphic encryption ...
2024-11-19 16:52:40,227 - server_base - INFO - Server aggregate model done, cost time : 0m:1s:436ms
2024-11-19 16:52:40,569 - fed_utils - INFO - decrypting key [conv1.weight].shape [torch.Size([6, 1, 5, 5])]
2024-11-19 16:52:40,583 - fed_utils - INFO - decrypting key [conv1.bias].shape [torch.Size([6])]
2024-11-19 16:52:40,583 - fed_utils - INFO - decrypting key [conv2.weight].shape [torch.Size([16, 6, 5, 5])]
2024-11-19 16:52:40,583 - fed_utils - INFO - decrypting key [conv2.bias].shape [torch.Size([16])]
2024-11-19 16:52:40,583 - fed_utils - INFO - decrypting key [fc1.weight].shape [torch.Size([120, 400])]
2024-11-19 16:52:40,583 - fed_utils - INFO - decrypting key [fc1.bias].shape [torch.Size([120])]
2024-11-19 16:52:40,583 - fed_utils - INFO - decrypting key [fc2.weight].shape [torch.Size([84, 120])]
2024-11-19 16:52:40,583 - fed_utils - INFO - decrypting key [fc2.bias].shape [torch.Size([84])]
2024-11-19 16:52:42,626 - fed_utils - INFO - decrypting key [fc3.weight].shape [torch.Size([10, 84])]
2024-11-19 16:52:42,649 - fed_utils - INFO - decrypting key [fc3.bias].shape [torch.Size([10])]
2024-11-19 16:52:42,649 - fed_utils - INFO - decrypt time : [0m:2s:421ms]
2024-11-19 16:52:42,652 - fl_main - INFO - [global round : 3] aggregated model accuracy : 0.8686
2024-11-19 16:52:42,652 - fl_main - INFO - [global round : 3] aggregated model loss : 0.4610340887044787
2024-11-19 16:52:42,652 - fl_main - INFO - global round : 4
2024-11-19 16:52:42,652 - fl_main - INFO - the random client id to test accuracy : f_00003
2024-11-19 16:52:42,653 - fl_main - INFO - ----- client id [f_00000] -----
2024-11-19 16:52:42,653 - fed_utils - INFO - init global model cost time : 0m:0s:0ms
2024-11-19 16:52:42,654 - client_base - INFO - recover model cost time : 0m:0s:0ms
2024-11-19 16:52:42,654 - fl_main - INFO - client_dict[f_00000] training ...
2024-11-19 16:52:42,655 - client_base - INFO - client_dict[f_00000] training epoch : 0
2024-11-19 16:52:43,428 - client_base - INFO - local model train cost time : 0m:0s:773ms
2024-11-19 16:52:43,429 - client_base - INFO - model encode time : 0m:0s:1ms
2024-11-19 16:52:43,430 - fl_main - INFO - client_dict[f_00000] local model encrypting ...
2024-11-19 16:52:44,612 - fed_utils - INFO - encrypting key [conv1.weight].length : 150, cost time : 0m:1s:182ms
2024-11-19 16:52:44,660 - fed_utils - INFO - encrypting key [conv1.bias].length : 6, cost time : 0m:0s:47ms
2024-11-19 16:52:44,660 - fed_utils - INFO - load key [conv2.weight].length : 2400, cost time : 0m:0s:0ms
2024-11-19 16:52:44,660 - fed_utils - INFO - load key [conv2.bias].length : 16, cost time : 0m:0s:0ms
2024-11-19 16:52:44,661 - fed_utils - INFO - load key [fc1.weight].length : 48000, cost time : 0m:0s:0ms
2024-11-19 16:52:44,661 - fed_utils - INFO - load key [fc1.bias].length : 120, cost time : 0m:0s:0ms
2024-11-19 16:52:44,662 - fed_utils - INFO - load key [fc2.weight].length : 10080, cost time : 0m:0s:0ms
2024-11-19 16:52:44,662 - fed_utils - INFO - load key [fc2.bias].length : 84, cost time : 0m:0s:0ms
2024-11-19 16:52:51,283 - fed_utils - INFO - encrypting key [fc3.weight].length : 840, cost time : 0m:6s:621ms
2024-11-19 16:52:51,362 - fed_utils - INFO - encrypting key [fc3.bias].length : 10, cost time : 0m:0s:79ms
2024-11-19 16:52:51,363 - fl_main - INFO - Server receive client_dict[f_00000] info ...
2024-11-19 16:52:51,363 - fl_main - INFO - ----- client id [f_00001] -----
2024-11-19 16:52:51,364 - fed_utils - INFO - init global model cost time : 0m:0s:0ms
2024-11-19 16:52:51,365 - client_base - INFO - recover model cost time : 0m:0s:0ms
2024-11-19 16:52:51,365 - fl_main - INFO - client_dict[f_00001] training ...
2024-11-19 16:52:51,365 - client_base - INFO - client_dict[f_00001] training epoch : 0
2024-11-19 16:52:52,154 - client_base - INFO - local model train cost time : 0m:0s:788ms
2024-11-19 16:52:52,156 - client_base - INFO - model encode time : 0m:0s:1ms
2024-11-19 16:52:52,156 - fl_main - INFO - client_dict[f_00001] local model encrypting ...
2024-11-19 16:52:53,340 - fed_utils - INFO - encrypting key [conv1.weight].length : 150, cost time : 0m:1s:183ms
2024-11-19 16:52:53,387 - fed_utils - INFO - encrypting key [conv1.bias].length : 6, cost time : 0m:0s:47ms
2024-11-19 16:52:53,388 - fed_utils - INFO - load key [conv2.weight].length : 2400, cost time : 0m:0s:0ms
2024-11-19 16:52:53,388 - fed_utils - INFO - load key [conv2.bias].length : 16, cost time : 0m:0s:0ms
2024-11-19 16:52:53,389 - fed_utils - INFO - load key [fc1.weight].length : 48000, cost time : 0m:0s:0ms
2024-11-19 16:52:53,389 - fed_utils - INFO - load key [fc1.bias].length : 120, cost time : 0m:0s:0ms
2024-11-19 16:52:53,389 - fed_utils - INFO - load key [fc2.weight].length : 10080, cost time : 0m:0s:0ms
2024-11-19 16:52:53,389 - fed_utils - INFO - load key [fc2.bias].length : 84, cost time : 0m:0s:0ms
2024-11-19 16:53:00,165 - fed_utils - INFO - encrypting key [fc3.weight].length : 840, cost time : 0m:6s:776ms
2024-11-19 16:53:00,244 - fed_utils - INFO - encrypting key [fc3.bias].length : 10, cost time : 0m:0s:79ms
2024-11-19 16:53:00,245 - fl_main - INFO - Server receive client_dict[f_00001] info ...
2024-11-19 16:53:00,245 - fl_main - INFO - ----- client id [f_00002] -----
2024-11-19 16:53:00,246 - fed_utils - INFO - init global model cost time : 0m:0s:0ms
2024-11-19 16:53:00,246 - client_base - INFO - recover model cost time : 0m:0s:0ms
2024-11-19 16:53:00,246 - fl_main - INFO - client_dict[f_00002] training ...
2024-11-19 16:53:00,247 - client_base - INFO - client_dict[f_00002] training epoch : 0
2024-11-19 16:53:01,047 - client_base - INFO - local model train cost time : 0m:0s:799ms
2024-11-19 16:53:01,048 - client_base - INFO - model encode time : 0m:0s:1ms
2024-11-19 16:53:01,048 - fl_main - INFO - client_dict[f_00002] local model encrypting ...
2024-11-19 16:53:02,233 - fed_utils - INFO - encrypting key [conv1.weight].length : 150, cost time : 0m:1s:183ms
2024-11-19 16:53:02,280 - fed_utils - INFO - encrypting key [conv1.bias].length : 6, cost time : 0m:0s:47ms
2024-11-19 16:53:02,281 - fed_utils - INFO - load key [conv2.weight].length : 2400, cost time : 0m:0s:0ms
2024-11-19 16:53:02,281 - fed_utils - INFO - load key [conv2.bias].length : 16, cost time : 0m:0s:0ms
2024-11-19 16:53:02,282 - fed_utils - INFO - load key [fc1.weight].length : 48000, cost time : 0m:0s:0ms
2024-11-19 16:53:02,282 - fed_utils - INFO - load key [fc1.bias].length : 120, cost time : 0m:0s:0ms
2024-11-19 16:53:02,282 - fed_utils - INFO - load key [fc2.weight].length : 10080, cost time : 0m:0s:0ms
2024-11-19 16:53:02,282 - fed_utils - INFO - load key [fc2.bias].length : 84, cost time : 0m:0s:0ms
2024-11-19 16:53:08,907 - fed_utils - INFO - encrypting key [fc3.weight].length : 840, cost time : 0m:6s:624ms
2024-11-19 16:53:08,986 - fed_utils - INFO - encrypting key [fc3.bias].length : 10, cost time : 0m:0s:79ms
2024-11-19 16:53:08,986 - fl_main - INFO - Server receive client_dict[f_00002] info ...
2024-11-19 16:53:08,986 - fl_main - INFO - ----- client id [f_00003] -----
2024-11-19 16:53:08,987 - fed_utils - INFO - init global model cost time : 0m:0s:0ms
2024-11-19 16:53:08,987 - client_base - INFO - recover model cost time : 0m:0s:0ms
2024-11-19 16:53:09,809 - fl_main - INFO - global round [4] client_dict[f_00003].accuracy : 0.907000
2024-11-19 16:53:09,809 - fl_main - INFO - client_dict[f_00003] training ...
2024-11-19 16:53:09,810 - client_base - INFO - client_dict[f_00003] training epoch : 0
2024-11-19 16:53:10,586 - client_base - INFO - local model train cost time : 0m:0s:776ms
2024-11-19 16:53:10,588 - client_base - INFO - model encode time : 0m:0s:1ms
2024-11-19 16:53:10,588 - fl_main - INFO - client_dict[f_00003] local model encrypting ...
2024-11-19 16:53:11,771 - fed_utils - INFO - encrypting key [conv1.weight].length : 150, cost time : 0m:1s:182ms
2024-11-19 16:53:11,819 - fed_utils - INFO - encrypting key [conv1.bias].length : 6, cost time : 0m:0s:47ms
2024-11-19 16:53:11,819 - fed_utils - INFO - load key [conv2.weight].length : 2400, cost time : 0m:0s:0ms
2024-11-19 16:53:11,819 - fed_utils - INFO - load key [conv2.bias].length : 16, cost time : 0m:0s:0ms
2024-11-19 16:53:11,820 - fed_utils - INFO - load key [fc1.weight].length : 48000, cost time : 0m:0s:0ms
2024-11-19 16:53:11,820 - fed_utils - INFO - load key [fc1.bias].length : 120, cost time : 0m:0s:0ms
2024-11-19 16:53:11,820 - fed_utils - INFO - load key [fc2.weight].length : 10080, cost time : 0m:0s:0ms
2024-11-19 16:53:11,820 - fed_utils - INFO - load key [fc2.bias].length : 84, cost time : 0m:0s:0ms
2024-11-19 16:53:18,591 - fed_utils - INFO - encrypting key [fc3.weight].length : 840, cost time : 0m:6s:771ms
2024-11-19 16:53:18,671 - fed_utils - INFO - encrypting key [fc3.bias].length : 10, cost time : 0m:0s:79ms
2024-11-19 16:53:18,671 - fl_main - INFO - Server receive client_dict[f_00003] info ...
2024-11-19 16:53:18,671 - fl_main - INFO - ----- client id [f_00004] -----
2024-11-19 16:53:18,672 - fed_utils - INFO - init global model cost time : 0m:0s:0ms
2024-11-19 16:53:18,672 - client_base - INFO - recover model cost time : 0m:0s:0ms
2024-11-19 16:53:18,672 - fl_main - INFO - client_dict[f_00004] training ...
2024-11-19 16:53:18,673 - client_base - INFO - client_dict[f_00004] training epoch : 0
2024-11-19 16:53:19,443 - client_base - INFO - local model train cost time : 0m:0s:769ms
2024-11-19 16:53:19,444 - client_base - INFO - model encode time : 0m:0s:1ms
2024-11-19 16:53:19,444 - fl_main - INFO - client_dict[f_00004] local model encrypting ...
2024-11-19 16:53:20,627 - fed_utils - INFO - encrypting key [conv1.weight].length : 150, cost time : 0m:1s:182ms
2024-11-19 16:53:20,675 - fed_utils - INFO - encrypting key [conv1.bias].length : 6, cost time : 0m:0s:47ms
2024-11-19 16:53:20,675 - fed_utils - INFO - load key [conv2.weight].length : 2400, cost time : 0m:0s:0ms
2024-11-19 16:53:20,675 - fed_utils - INFO - load key [conv2.bias].length : 16, cost time : 0m:0s:0ms
2024-11-19 16:53:20,676 - fed_utils - INFO - load key [fc1.weight].length : 48000, cost time : 0m:0s:0ms
2024-11-19 16:53:20,676 - fed_utils - INFO - load key [fc1.bias].length : 120, cost time : 0m:0s:0ms
2024-11-19 16:53:20,676 - fed_utils - INFO - load key [fc2.weight].length : 10080, cost time : 0m:0s:0ms
2024-11-19 16:53:20,676 - fed_utils - INFO - load key [fc2.bias].length : 84, cost time : 0m:0s:0ms
2024-11-19 16:53:27,429 - fed_utils - INFO - encrypting key [fc3.weight].length : 840, cost time : 0m:6s:752ms
2024-11-19 16:53:27,508 - fed_utils - INFO - encrypting key [fc3.bias].length : 10, cost time : 0m:0s:79ms
2024-11-19 16:53:27,508 - fl_main - INFO - Server receive client_dict[f_00004] info ...
2024-11-19 16:53:27,508 - fl_main - INFO - global aggregation process ...
2024-11-19 16:53:27,509 - fed_utils - INFO - server.n_data : 60000
2024-11-19 16:53:27,509 - fed_utils - INFO - client_dict[f_00000].weight : 0.200000
2024-11-19 16:53:27,509 - fed_utils - INFO - client_dict[f_00001].weight : 0.200000
2024-11-19 16:53:27,509 - fed_utils - INFO - client_dict[f_00002].weight : 0.200000
2024-11-19 16:53:27,509 - fed_utils - INFO - client_dict[f_00003].weight : 0.200000
2024-11-19 16:53:27,509 - fed_utils - INFO - client_dict[f_00004].weight : 0.200000
2024-11-19 16:53:27,509 - fed_utils - INFO - recover secret number by clients: 3157279.000000
2024-11-19 16:53:27,509 - server_base - INFO - Server aggregate model with homomorphic encryption ...
2024-11-19 16:53:28,949 - server_base - INFO - Server aggregate model done, cost time : 0m:1s:440ms
2024-11-19 16:53:29,291 - fed_utils - INFO - decrypting key [conv1.weight].shape [torch.Size([6, 1, 5, 5])]
2024-11-19 16:53:29,304 - fed_utils - INFO - decrypting key [conv1.bias].shape [torch.Size([6])]
2024-11-19 16:53:29,305 - fed_utils - INFO - decrypting key [conv2.weight].shape [torch.Size([16, 6, 5, 5])]
2024-11-19 16:53:29,305 - fed_utils - INFO - decrypting key [conv2.bias].shape [torch.Size([16])]
2024-11-19 16:53:29,305 - fed_utils - INFO - decrypting key [fc1.weight].shape [torch.Size([120, 400])]
2024-11-19 16:53:29,305 - fed_utils - INFO - decrypting key [fc1.bias].shape [torch.Size([120])]
2024-11-19 16:53:29,305 - fed_utils - INFO - decrypting key [fc2.weight].shape [torch.Size([84, 120])]
2024-11-19 16:53:29,305 - fed_utils - INFO - decrypting key [fc2.bias].shape [torch.Size([84])]
2024-11-19 16:53:31,218 - fed_utils - INFO - decrypting key [fc3.weight].shape [torch.Size([10, 84])]
2024-11-19 16:53:31,241 - fed_utils - INFO - decrypting key [fc3.bias].shape [torch.Size([10])]
2024-11-19 16:53:31,241 - fed_utils - INFO - decrypt time : [0m:2s:291ms]
2024-11-19 16:53:31,243 - fl_main - INFO - [global round : 4] aggregated model accuracy : 0.907
2024-11-19 16:53:31,244 - fl_main - INFO - [global round : 4] aggregated model loss : 0.3401341020405718
2024-11-19 16:53:31,244 - fl_main - INFO - global round : 5
2024-11-19 16:53:31,244 - fl_main - INFO - the random client id to test accuracy : f_00003
2024-11-19 16:53:31,244 - fl_main - INFO - ----- client id [f_00000] -----
2024-11-19 16:53:31,245 - fed_utils - INFO - init global model cost time : 0m:0s:0ms
2024-11-19 16:53:31,245 - client_base - INFO - recover model cost time : 0m:0s:0ms
2024-11-19 16:53:31,246 - fl_main - INFO - client_dict[f_00000] training ...
2024-11-19 16:53:31,246 - client_base - INFO - client_dict[f_00000] training epoch : 0
2024-11-19 16:53:32,033 - client_base - INFO - local model train cost time : 0m:0s:786ms
2024-11-19 16:53:32,034 - client_base - INFO - model encode time : 0m:0s:1ms
2024-11-19 16:53:32,035 - fl_main - INFO - client_dict[f_00000] local model encrypting ...
2024-11-19 16:53:33,217 - fed_utils - INFO - encrypting key [conv1.weight].length : 150, cost time : 0m:1s:182ms
2024-11-19 16:53:33,265 - fed_utils - INFO - encrypting key [conv1.bias].length : 6, cost time : 0m:0s:47ms
2024-11-19 16:53:33,265 - fed_utils - INFO - load key [conv2.weight].length : 2400, cost time : 0m:0s:0ms
2024-11-19 16:53:33,265 - fed_utils - INFO - load key [conv2.bias].length : 16, cost time : 0m:0s:0ms
2024-11-19 16:53:33,266 - fed_utils - INFO - load key [fc1.weight].length : 48000, cost time : 0m:0s:0ms
2024-11-19 16:53:33,266 - fed_utils - INFO - load key [fc1.bias].length : 120, cost time : 0m:0s:0ms
2024-11-19 16:53:33,266 - fed_utils - INFO - load key [fc2.weight].length : 10080, cost time : 0m:0s:0ms
2024-11-19 16:53:33,266 - fed_utils - INFO - load key [fc2.bias].length : 84, cost time : 0m:0s:0ms
2024-11-19 16:53:39,895 - fed_utils - INFO - encrypting key [fc3.weight].length : 840, cost time : 0m:6s:628ms
2024-11-19 16:53:39,974 - fed_utils - INFO - encrypting key [fc3.bias].length : 10, cost time : 0m:0s:79ms
2024-11-19 16:53:39,975 - fl_main - INFO - Server receive client_dict[f_00000] info ...
2024-11-19 16:53:39,975 - fl_main - INFO - ----- client id [f_00001] -----
2024-11-19 16:53:39,976 - fed_utils - INFO - init global model cost time : 0m:0s:0ms
2024-11-19 16:53:39,976 - client_base - INFO - recover model cost time : 0m:0s:0ms
2024-11-19 16:53:39,976 - fl_main - INFO - client_dict[f_00001] training ...
2024-11-19 16:53:39,977 - client_base - INFO - client_dict[f_00001] training epoch : 0
2024-11-19 16:53:40,734 - client_base - INFO - local model train cost time : 0m:0s:756ms
2024-11-19 16:53:40,736 - client_base - INFO - model encode time : 0m:0s:1ms
2024-11-19 16:53:40,736 - fl_main - INFO - client_dict[f_00001] local model encrypting ...
2024-11-19 16:53:41,922 - fed_utils - INFO - encrypting key [conv1.weight].length : 150, cost time : 0m:1s:186ms
2024-11-19 16:53:41,988 - fed_utils - INFO - encrypting key [conv1.bias].length : 6, cost time : 0m:0s:66ms
2024-11-19 16:53:41,989 - fed_utils - INFO - load key [conv2.weight].length : 2400, cost time : 0m:0s:0ms
2024-11-19 16:53:41,989 - fed_utils - INFO - load key [conv2.bias].length : 16, cost time : 0m:0s:0ms
2024-11-19 16:53:41,990 - fed_utils - INFO - load key [fc1.weight].length : 48000, cost time : 0m:0s:1ms
2024-11-19 16:53:41,990 - fed_utils - INFO - load key [fc1.bias].length : 120, cost time : 0m:0s:0ms
2024-11-19 16:53:41,991 - fed_utils - INFO - load key [fc2.weight].length : 10080, cost time : 0m:0s:0ms
2024-11-19 16:53:41,991 - fed_utils - INFO - load key [fc2.bias].length : 84, cost time : 0m:0s:0ms
2024-11-19 16:53:48,749 - fed_utils - INFO - encrypting key [fc3.weight].length : 840, cost time : 0m:6s:758ms
2024-11-19 16:53:48,828 - fed_utils - INFO - encrypting key [fc3.bias].length : 10, cost time : 0m:0s:79ms
2024-11-19 16:53:48,828 - fl_main - INFO - Server receive client_dict[f_00001] info ...
2024-11-19 16:53:48,828 - fl_main - INFO - ----- client id [f_00002] -----
2024-11-19 16:53:48,829 - fed_utils - INFO - init global model cost time : 0m:0s:0ms
2024-11-19 16:53:48,830 - client_base - INFO - recover model cost time : 0m:0s:0ms
2024-11-19 16:53:48,830 - fl_main - INFO - client_dict[f_00002] training ...
2024-11-19 16:53:48,830 - client_base - INFO - client_dict[f_00002] training epoch : 0
2024-11-19 16:53:49,606 - client_base - INFO - local model train cost time : 0m:0s:775ms
2024-11-19 16:53:49,607 - client_base - INFO - model encode time : 0m:0s:1ms
2024-11-19 16:53:49,608 - fl_main - INFO - client_dict[f_00002] local model encrypting ...
2024-11-19 16:53:50,792 - fed_utils - INFO - encrypting key [conv1.weight].length : 150, cost time : 0m:1s:183ms
2024-11-19 16:53:50,839 - fed_utils - INFO - encrypting key [conv1.bias].length : 6, cost time : 0m:0s:47ms
2024-11-19 16:53:50,840 - fed_utils - INFO - load key [conv2.weight].length : 2400, cost time : 0m:0s:0ms
2024-11-19 16:53:50,840 - fed_utils - INFO - load key [conv2.bias].length : 16, cost time : 0m:0s:0ms
2024-11-19 16:53:50,841 - fed_utils - INFO - load key [fc1.weight].length : 48000, cost time : 0m:0s:0ms
2024-11-19 16:53:50,841 - fed_utils - INFO - load key [fc1.bias].length : 120, cost time : 0m:0s:0ms
2024-11-19 16:53:50,841 - fed_utils - INFO - load key [fc2.weight].length : 10080, cost time : 0m:0s:0ms
2024-11-19 16:53:50,841 - fed_utils - INFO - load key [fc2.bias].length : 84, cost time : 0m:0s:0ms
2024-11-19 16:53:57,627 - fed_utils - INFO - encrypting key [fc3.weight].length : 840, cost time : 0m:6s:785ms
2024-11-19 16:53:57,706 - fed_utils - INFO - encrypting key [fc3.bias].length : 10, cost time : 0m:0s:79ms
2024-11-19 16:53:57,706 - fl_main - INFO - Server receive client_dict[f_00002] info ...
2024-11-19 16:53:57,706 - fl_main - INFO - ----- client id [f_00003] -----
2024-11-19 16:53:57,707 - fed_utils - INFO - init global model cost time : 0m:0s:0ms
2024-11-19 16:53:57,707 - client_base - INFO - recover model cost time : 0m:0s:0ms
2024-11-19 16:53:58,527 - fl_main - INFO - global round [5] client_dict[f_00003].accuracy : 0.922700
2024-11-19 16:53:58,527 - fl_main - INFO - client_dict[f_00003] training ...
2024-11-19 16:53:58,527 - client_base - INFO - client_dict[f_00003] training epoch : 0
2024-11-19 16:53:59,290 - client_base - INFO - local model train cost time : 0m:0s:762ms
2024-11-19 16:53:59,292 - client_base - INFO - model encode time : 0m:0s:1ms
2024-11-19 16:53:59,292 - fl_main - INFO - client_dict[f_00003] local model encrypting ...
2024-11-19 16:54:00,477 - fed_utils - INFO - encrypting key [conv1.weight].length : 150, cost time : 0m:1s:184ms
2024-11-19 16:54:00,525 - fed_utils - INFO - encrypting key [conv1.bias].length : 6, cost time : 0m:0s:47ms
2024-11-19 16:54:00,525 - fed_utils - INFO - load key [conv2.weight].length : 2400, cost time : 0m:0s:0ms
2024-11-19 16:54:00,525 - fed_utils - INFO - load key [conv2.bias].length : 16, cost time : 0m:0s:0ms
2024-11-19 16:54:00,526 - fed_utils - INFO - load key [fc1.weight].length : 48000, cost time : 0m:0s:0ms
2024-11-19 16:54:00,526 - fed_utils - INFO - load key [fc1.bias].length : 120, cost time : 0m:0s:0ms
2024-11-19 16:54:00,526 - fed_utils - INFO - load key [fc2.weight].length : 10080, cost time : 0m:0s:0ms
2024-11-19 16:54:00,526 - fed_utils - INFO - load key [fc2.bias].length : 84, cost time : 0m:0s:0ms
2024-11-19 16:54:07,165 - fed_utils - INFO - encrypting key [fc3.weight].length : 840, cost time : 0m:6s:638ms
2024-11-19 16:54:07,244 - fed_utils - INFO - encrypting key [fc3.bias].length : 10, cost time : 0m:0s:79ms
2024-11-19 16:54:07,245 - fl_main - INFO - Server receive client_dict[f_00003] info ...
2024-11-19 16:54:07,245 - fl_main - INFO - ----- client id [f_00004] -----
2024-11-19 16:54:07,246 - fed_utils - INFO - init global model cost time : 0m:0s:0ms
2024-11-19 16:54:07,246 - client_base - INFO - recover model cost time : 0m:0s:0ms
2024-11-19 16:54:07,246 - fl_main - INFO - client_dict[f_00004] training ...
2024-11-19 16:54:07,247 - client_base - INFO - client_dict[f_00004] training epoch : 0
2024-11-19 16:54:08,023 - client_base - INFO - local model train cost time : 0m:0s:775ms
2024-11-19 16:54:08,024 - client_base - INFO - model encode time : 0m:0s:1ms
2024-11-19 16:54:08,024 - fl_main - INFO - client_dict[f_00004] local model encrypting ...
2024-11-19 16:54:09,211 - fed_utils - INFO - encrypting key [conv1.weight].length : 150, cost time : 0m:1s:186ms
2024-11-19 16:54:09,259 - fed_utils - INFO - encrypting key [conv1.bias].length : 6, cost time : 0m:0s:47ms
2024-11-19 16:54:09,259 - fed_utils - INFO - load key [conv2.weight].length : 2400, cost time : 0m:0s:0ms
2024-11-19 16:54:09,259 - fed_utils - INFO - load key [conv2.bias].length : 16, cost time : 0m:0s:0ms
2024-11-19 16:54:09,260 - fed_utils - INFO - load key [fc1.weight].length : 48000, cost time : 0m:0s:0ms
2024-11-19 16:54:09,260 - fed_utils - INFO - load key [fc1.bias].length : 120, cost time : 0m:0s:0ms
2024-11-19 16:54:09,260 - fed_utils - INFO - load key [fc2.weight].length : 10080, cost time : 0m:0s:0ms
2024-11-19 16:54:09,261 - fed_utils - INFO - load key [fc2.bias].length : 84, cost time : 0m:0s:0ms
2024-11-19 16:54:16,029 - fed_utils - INFO - encrypting key [fc3.weight].length : 840, cost time : 0m:6s:767ms
2024-11-19 16:54:16,108 - fed_utils - INFO - encrypting key [fc3.bias].length : 10, cost time : 0m:0s:79ms
2024-11-19 16:54:16,108 - fl_main - INFO - Server receive client_dict[f_00004] info ...
2024-11-19 16:54:16,108 - fl_main - INFO - global aggregation process ...
2024-11-19 16:54:16,108 - fed_utils - INFO - server.n_data : 60000
2024-11-19 16:54:16,108 - fed_utils - INFO - client_dict[f_00000].weight : 0.200000
2024-11-19 16:54:16,108 - fed_utils - INFO - client_dict[f_00001].weight : 0.200000
2024-11-19 16:54:16,108 - fed_utils - INFO - client_dict[f_00002].weight : 0.200000
2024-11-19 16:54:16,108 - fed_utils - INFO - client_dict[f_00003].weight : 0.200000
2024-11-19 16:54:16,108 - fed_utils - INFO - client_dict[f_00004].weight : 0.200000
2024-11-19 16:54:16,108 - fed_utils - INFO - recover secret number by clients: 3157279.000000
2024-11-19 16:54:16,109 - server_base - INFO - Server aggregate model with homomorphic encryption ...
2024-11-19 16:54:17,547 - server_base - INFO - Server aggregate model done, cost time : 0m:1s:437ms
2024-11-19 16:54:17,888 - fed_utils - INFO - decrypting key [conv1.weight].shape [torch.Size([6, 1, 5, 5])]
2024-11-19 16:54:17,902 - fed_utils - INFO - decrypting key [conv1.bias].shape [torch.Size([6])]
2024-11-19 16:54:17,902 - fed_utils - INFO - decrypting key [conv2.weight].shape [torch.Size([16, 6, 5, 5])]
2024-11-19 16:54:17,902 - fed_utils - INFO - decrypting key [conv2.bias].shape [torch.Size([16])]
2024-11-19 16:54:17,903 - fed_utils - INFO - decrypting key [fc1.weight].shape [torch.Size([120, 400])]
2024-11-19 16:54:17,903 - fed_utils - INFO - decrypting key [fc1.bias].shape [torch.Size([120])]
2024-11-19 16:54:17,903 - fed_utils - INFO - decrypting key [fc2.weight].shape [torch.Size([84, 120])]
2024-11-19 16:54:17,903 - fed_utils - INFO - decrypting key [fc2.bias].shape [torch.Size([84])]
2024-11-19 16:54:19,815 - fed_utils - INFO - decrypting key [fc3.weight].shape [torch.Size([10, 84])]
2024-11-19 16:54:19,838 - fed_utils - INFO - decrypting key [fc3.bias].shape [torch.Size([10])]
2024-11-19 16:54:19,838 - fed_utils - INFO - decrypt time : [0m:2s:291ms]
2024-11-19 16:54:19,840 - fl_main - INFO - [global round : 5] aggregated model accuracy : 0.9227000000000001
2024-11-19 16:54:19,840 - fl_main - INFO - [global round : 5] aggregated model loss : 0.3244397512803987
2024-11-19 16:54:19,841 - fl_main - INFO - global round : 6
2024-11-19 16:54:19,841 - fl_main - INFO - the random client id to test accuracy : f_00002
2024-11-19 16:54:19,841 - fl_main - INFO - ----- client id [f_00000] -----
2024-11-19 16:54:19,842 - fed_utils - INFO - init global model cost time : 0m:0s:0ms
2024-11-19 16:54:19,842 - client_base - INFO - recover model cost time : 0m:0s:0ms
2024-11-19 16:54:19,842 - fl_main - INFO - client_dict[f_00000] training ...
2024-11-19 16:54:19,843 - client_base - INFO - client_dict[f_00000] training epoch : 0
2024-11-19 16:54:20,629 - client_base - INFO - local model train cost time : 0m:0s:785ms
2024-11-19 16:54:20,630 - client_base - INFO - model encode time : 0m:0s:1ms
2024-11-19 16:54:20,631 - fl_main - INFO - client_dict[f_00000] local model encrypting ...
2024-11-19 16:54:21,814 - fed_utils - INFO - encrypting key [conv1.weight].length : 150, cost time : 0m:1s:183ms
2024-11-19 16:54:21,862 - fed_utils - INFO - encrypting key [conv1.bias].length : 6, cost time : 0m:0s:47ms
2024-11-19 16:54:21,862 - fed_utils - INFO - load key [conv2.weight].length : 2400, cost time : 0m:0s:0ms
2024-11-19 16:54:21,862 - fed_utils - INFO - load key [conv2.bias].length : 16, cost time : 0m:0s:0ms
2024-11-19 16:54:21,863 - fed_utils - INFO - load key [fc1.weight].length : 48000, cost time : 0m:0s:0ms
2024-11-19 16:54:21,863 - fed_utils - INFO - load key [fc1.bias].length : 120, cost time : 0m:0s:0ms
2024-11-19 16:54:21,863 - fed_utils - INFO - load key [fc2.weight].length : 10080, cost time : 0m:0s:0ms
2024-11-19 16:54:21,863 - fed_utils - INFO - load key [fc2.bias].length : 84, cost time : 0m:0s:0ms
2024-11-19 16:54:28,625 - fed_utils - INFO - encrypting key [fc3.weight].length : 840, cost time : 0m:6s:761ms
2024-11-19 16:54:28,704 - fed_utils - INFO - encrypting key [fc3.bias].length : 10, cost time : 0m:0s:79ms
2024-11-19 16:54:28,705 - fl_main - INFO - Server receive client_dict[f_00000] info ...
2024-11-19 16:54:28,705 - fl_main - INFO - ----- client id [f_00001] -----
2024-11-19 16:54:28,706 - fed_utils - INFO - init global model cost time : 0m:0s:0ms
2024-11-19 16:54:28,706 - client_base - INFO - recover model cost time : 0m:0s:0ms
2024-11-19 16:54:28,706 - fl_main - INFO - client_dict[f_00001] training ...
2024-11-19 16:54:28,707 - client_base - INFO - client_dict[f_00001] training epoch : 0
2024-11-19 16:54:29,468 - client_base - INFO - local model train cost time : 0m:0s:760ms
2024-11-19 16:54:29,469 - client_base - INFO - model encode time : 0m:0s:1ms
2024-11-19 16:54:29,469 - fl_main - INFO - client_dict[f_00001] local model encrypting ...
2024-11-19 16:54:30,652 - fed_utils - INFO - encrypting key [conv1.weight].length : 150, cost time : 0m:1s:182ms
2024-11-19 16:54:30,700 - fed_utils - INFO - encrypting key [conv1.bias].length : 6, cost time : 0m:0s:47ms
2024-11-19 16:54:30,700 - fed_utils - INFO - load key [conv2.weight].length : 2400, cost time : 0m:0s:0ms
2024-11-19 16:54:30,700 - fed_utils - INFO - load key [conv2.bias].length : 16, cost time : 0m:0s:0ms
2024-11-19 16:54:30,701 - fed_utils - INFO - load key [fc1.weight].length : 48000, cost time : 0m:0s:0ms
2024-11-19 16:54:30,701 - fed_utils - INFO - load key [fc1.bias].length : 120, cost time : 0m:0s:0ms
2024-11-19 16:54:30,701 - fed_utils - INFO - load key [fc2.weight].length : 10080, cost time : 0m:0s:0ms
2024-11-19 16:54:30,701 - fed_utils - INFO - load key [fc2.bias].length : 84, cost time : 0m:0s:0ms
2024-11-19 16:54:37,342 - fed_utils - INFO - encrypting key [fc3.weight].length : 840, cost time : 0m:6s:640ms
2024-11-19 16:54:37,422 - fed_utils - INFO - encrypting key [fc3.bias].length : 10, cost time : 0m:0s:79ms
2024-11-19 16:54:37,422 - fl_main - INFO - Server receive client_dict[f_00001] info ...
2024-11-19 16:54:37,422 - fl_main - INFO - ----- client id [f_00002] -----
2024-11-19 16:54:37,423 - fed_utils - INFO - init global model cost time : 0m:0s:0ms
2024-11-19 16:54:37,423 - client_base - INFO - recover model cost time : 0m:0s:0ms
2024-11-19 16:54:38,242 - fl_main - INFO - global round [6] client_dict[f_00002].accuracy : 0.933300
2024-11-19 16:54:38,242 - fl_main - INFO - client_dict[f_00002] training ...
2024-11-19 16:54:38,242 - client_base - INFO - client_dict[f_00002] training epoch : 0
2024-11-19 16:54:39,016 - client_base - INFO - local model train cost time : 0m:0s:773ms
2024-11-19 16:54:39,018 - client_base - INFO - model encode time : 0m:0s:1ms
2024-11-19 16:54:39,018 - fl_main - INFO - client_dict[f_00002] local model encrypting ...
2024-11-19 16:54:40,228 - fed_utils - INFO - encrypting key [conv1.weight].length : 150, cost time : 0m:1s:209ms
2024-11-19 16:54:40,277 - fed_utils - INFO - encrypting key [conv1.bias].length : 6, cost time : 0m:0s:48ms
2024-11-19 16:54:40,277 - fed_utils - INFO - load key [conv2.weight].length : 2400, cost time : 0m:0s:0ms
2024-11-19 16:54:40,277 - fed_utils - INFO - load key [conv2.bias].length : 16, cost time : 0m:0s:0ms
2024-11-19 16:54:40,278 - fed_utils - INFO - load key [fc1.weight].length : 48000, cost time : 0m:0s:0ms
2024-11-19 16:54:40,278 - fed_utils - INFO - load key [fc1.bias].length : 120, cost time : 0m:0s:0ms
2024-11-19 16:54:40,278 - fed_utils - INFO - load key [fc2.weight].length : 10080, cost time : 0m:0s:0ms
2024-11-19 16:54:40,278 - fed_utils - INFO - load key [fc2.bias].length : 84, cost time : 0m:0s:0ms
2024-11-19 16:54:47,175 - fed_utils - INFO - encrypting key [fc3.weight].length : 840, cost time : 0m:6s:897ms
2024-11-19 16:54:47,255 - fed_utils - INFO - encrypting key [fc3.bias].length : 10, cost time : 0m:0s:79ms
2024-11-19 16:54:47,255 - fl_main - INFO - Server receive client_dict[f_00002] info ...
2024-11-19 16:54:47,256 - fl_main - INFO - ----- client id [f_00003] -----
2024-11-19 16:54:47,256 - fed_utils - INFO - init global model cost time : 0m:0s:0ms
2024-11-19 16:54:47,257 - client_base - INFO - recover model cost time : 0m:0s:0ms
2024-11-19 16:54:47,257 - fl_main - INFO - client_dict[f_00003] training ...
2024-11-19 16:54:47,258 - client_base - INFO - client_dict[f_00003] training epoch : 0
2024-11-19 16:54:48,028 - client_base - INFO - local model train cost time : 0m:0s:769ms
2024-11-19 16:54:48,029 - client_base - INFO - model encode time : 0m:0s:1ms
2024-11-19 16:54:48,029 - fl_main - INFO - client_dict[f_00003] local model encrypting ...
2024-11-19 16:54:49,212 - fed_utils - INFO - encrypting key [conv1.weight].length : 150, cost time : 0m:1s:182ms
2024-11-19 16:54:49,260 - fed_utils - INFO - encrypting key [conv1.bias].length : 6, cost time : 0m:0s:48ms
2024-11-19 16:54:49,260 - fed_utils - INFO - load key [conv2.weight].length : 2400, cost time : 0m:0s:0ms
2024-11-19 16:54:49,260 - fed_utils - INFO - load key [conv2.bias].length : 16, cost time : 0m:0s:0ms
2024-11-19 16:54:49,261 - fed_utils - INFO - load key [fc1.weight].length : 48000, cost time : 0m:0s:0ms
2024-11-19 16:54:49,261 - fed_utils - INFO - load key [fc1.bias].length : 120, cost time : 0m:0s:0ms
2024-11-19 16:54:49,261 - fed_utils - INFO - load key [fc2.weight].length : 10080, cost time : 0m:0s:0ms
2024-11-19 16:54:49,261 - fed_utils - INFO - load key [fc2.bias].length : 84, cost time : 0m:0s:0ms
2024-11-19 16:54:55,887 - fed_utils - INFO - encrypting key [fc3.weight].length : 840, cost time : 0m:6s:625ms
2024-11-19 16:54:55,966 - fed_utils - INFO - encrypting key [fc3.bias].length : 10, cost time : 0m:0s:79ms
2024-11-19 16:54:55,967 - fl_main - INFO - Server receive client_dict[f_00003] info ...
2024-11-19 16:54:55,967 - fl_main - INFO - ----- client id [f_00004] -----
2024-11-19 16:54:55,967 - fed_utils - INFO - init global model cost time : 0m:0s:0ms
2024-11-19 16:54:55,968 - client_base - INFO - recover model cost time : 0m:0s:0ms
2024-11-19 16:54:55,968 - fl_main - INFO - client_dict[f_00004] training ...
2024-11-19 16:54:55,969 - client_base - INFO - client_dict[f_00004] training epoch : 0
2024-11-19 16:54:56,759 - client_base - INFO - local model train cost time : 0m:0s:790ms
2024-11-19 16:54:56,760 - client_base - INFO - model encode time : 0m:0s:1ms
2024-11-19 16:54:56,760 - fl_main - INFO - client_dict[f_00004] local model encrypting ...
2024-11-19 16:54:58,087 - fed_utils - INFO - encrypting key [conv1.weight].length : 150, cost time : 0m:1s:326ms
2024-11-19 16:54:58,135 - fed_utils - INFO - encrypting key [conv1.bias].length : 6, cost time : 0m:0s:47ms
2024-11-19 16:54:58,135 - fed_utils - INFO - load key [conv2.weight].length : 2400, cost time : 0m:0s:0ms
2024-11-19 16:54:58,135 - fed_utils - INFO - load key [conv2.bias].length : 16, cost time : 0m:0s:0ms
2024-11-19 16:54:58,136 - fed_utils - INFO - load key [fc1.weight].length : 48000, cost time : 0m:0s:0ms
2024-11-19 16:54:58,136 - fed_utils - INFO - load key [fc1.bias].length : 120, cost time : 0m:0s:0ms
2024-11-19 16:54:58,136 - fed_utils - INFO - load key [fc2.weight].length : 10080, cost time : 0m:0s:0ms
2024-11-19 16:54:58,136 - fed_utils - INFO - load key [fc2.bias].length : 84, cost time : 0m:0s:0ms
2024-11-19 16:55:04,758 - fed_utils - INFO - encrypting key [fc3.weight].length : 840, cost time : 0m:6s:621ms
2024-11-19 16:55:04,838 - fed_utils - INFO - encrypting key [fc3.bias].length : 10, cost time : 0m:0s:79ms
2024-11-19 16:55:04,838 - fl_main - INFO - Server receive client_dict[f_00004] info ...
2024-11-19 16:55:04,838 - fl_main - INFO - global aggregation process ...
2024-11-19 16:55:04,838 - fed_utils - INFO - server.n_data : 60000
2024-11-19 16:55:04,838 - fed_utils - INFO - client_dict[f_00000].weight : 0.200000
2024-11-19 16:55:04,838 - fed_utils - INFO - client_dict[f_00001].weight : 0.200000
2024-11-19 16:55:04,838 - fed_utils - INFO - client_dict[f_00002].weight : 0.200000
2024-11-19 16:55:04,838 - fed_utils - INFO - client_dict[f_00003].weight : 0.200000
2024-11-19 16:55:04,838 - fed_utils - INFO - client_dict[f_00004].weight : 0.200000
2024-11-19 16:55:04,838 - fed_utils - INFO - recover secret number by clients: 3157279.000000
2024-11-19 16:55:04,838 - server_base - INFO - Server aggregate model with homomorphic encryption ...
2024-11-19 16:55:06,298 - server_base - INFO - Server aggregate model done, cost time : 0m:1s:459ms
2024-11-19 16:55:06,642 - fed_utils - INFO - decrypting key [conv1.weight].shape [torch.Size([6, 1, 5, 5])]
2024-11-19 16:55:06,656 - fed_utils - INFO - decrypting key [conv1.bias].shape [torch.Size([6])]
2024-11-19 16:55:06,656 - fed_utils - INFO - decrypting key [conv2.weight].shape [torch.Size([16, 6, 5, 5])]
2024-11-19 16:55:06,656 - fed_utils - INFO - decrypting key [conv2.bias].shape [torch.Size([16])]
2024-11-19 16:55:06,656 - fed_utils - INFO - decrypting key [fc1.weight].shape [torch.Size([120, 400])]
2024-11-19 16:55:06,656 - fed_utils - INFO - decrypting key [fc1.bias].shape [torch.Size([120])]
2024-11-19 16:55:06,657 - fed_utils - INFO - decrypting key [fc2.weight].shape [torch.Size([84, 120])]
2024-11-19 16:55:06,657 - fed_utils - INFO - decrypting key [fc2.bias].shape [torch.Size([84])]
2024-11-19 16:55:08,581 - fed_utils - INFO - decrypting key [fc3.weight].shape [torch.Size([10, 84])]
2024-11-19 16:55:08,604 - fed_utils - INFO - decrypting key [fc3.bias].shape [torch.Size([10])]
2024-11-19 16:55:08,604 - fed_utils - INFO - decrypt time : [0m:2s:305ms]
2024-11-19 16:55:08,606 - fl_main - INFO - [global round : 6] aggregated model accuracy : 0.9333
2024-11-19 16:55:08,606 - fl_main - INFO - [global round : 6] aggregated model loss : 0.31700314175323513
2024-11-19 16:55:08,607 - fl_main - INFO - global round : 7
2024-11-19 16:55:08,607 - fl_main - INFO - the random client id to test accuracy : f_00001
2024-11-19 16:55:08,607 - fl_main - INFO - ----- client id [f_00000] -----
2024-11-19 16:55:08,608 - fed_utils - INFO - init global model cost time : 0m:0s:0ms
2024-11-19 16:55:08,608 - client_base - INFO - recover model cost time : 0m:0s:0ms
2024-11-19 16:55:08,608 - fl_main - INFO - client_dict[f_00000] training ...
2024-11-19 16:55:08,609 - client_base - INFO - client_dict[f_00000] training epoch : 0
2024-11-19 16:55:09,379 - client_base - INFO - local model train cost time : 0m:0s:769ms
2024-11-19 16:55:09,380 - client_base - INFO - model encode time : 0m:0s:1ms
2024-11-19 16:55:09,380 - fl_main - INFO - client_dict[f_00000] local model encrypting ...
2024-11-19 16:55:10,563 - fed_utils - INFO - encrypting key [conv1.weight].length : 150, cost time : 0m:1s:182ms
2024-11-19 16:55:10,611 - fed_utils - INFO - encrypting key [conv1.bias].length : 6, cost time : 0m:0s:47ms
2024-11-19 16:55:10,611 - fed_utils - INFO - load key [conv2.weight].length : 2400, cost time : 0m:0s:0ms
2024-11-19 16:55:10,611 - fed_utils - INFO - load key [conv2.bias].length : 16, cost time : 0m:0s:0ms
2024-11-19 16:55:10,612 - fed_utils - INFO - load key [fc1.weight].length : 48000, cost time : 0m:0s:0ms
2024-11-19 16:55:10,612 - fed_utils - INFO - load key [fc1.bias].length : 120, cost time : 0m:0s:0ms
2024-11-19 16:55:10,613 - fed_utils - INFO - load key [fc2.weight].length : 10080, cost time : 0m:0s:0ms
2024-11-19 16:55:10,613 - fed_utils - INFO - load key [fc2.bias].length : 84, cost time : 0m:0s:0ms
2024-11-19 16:55:17,395 - fed_utils - INFO - encrypting key [fc3.weight].length : 840, cost time : 0m:6s:782ms
2024-11-19 16:55:17,474 - fed_utils - INFO - encrypting key [fc3.bias].length : 10, cost time : 0m:0s:79ms
2024-11-19 16:55:17,475 - fl_main - INFO - Server receive client_dict[f_00000] info ...
2024-11-19 16:55:17,475 - fl_main - INFO - ----- client id [f_00001] -----
2024-11-19 16:55:17,476 - fed_utils - INFO - init global model cost time : 0m:0s:0ms
2024-11-19 16:55:17,476 - client_base - INFO - recover model cost time : 0m:0s:0ms
2024-11-19 16:55:18,302 - fl_main - INFO - global round [7] client_dict[f_00001].accuracy : 0.941700
2024-11-19 16:55:18,302 - fl_main - INFO - client_dict[f_00001] training ...
2024-11-19 16:55:18,303 - client_base - INFO - client_dict[f_00001] training epoch : 0
2024-11-19 16:55:19,079 - client_base - INFO - local model train cost time : 0m:0s:776ms
2024-11-19 16:55:19,080 - client_base - INFO - model encode time : 0m:0s:1ms
2024-11-19 16:55:19,081 - fl_main - INFO - client_dict[f_00001] local model encrypting ...
2024-11-19 16:55:20,263 - fed_utils - INFO - encrypting key [conv1.weight].length : 150, cost time : 0m:1s:182ms
2024-11-19 16:55:20,311 - fed_utils - INFO - encrypting key [conv1.bias].length : 6, cost time : 0m:0s:47ms
2024-11-19 16:55:20,311 - fed_utils - INFO - load key [conv2.weight].length : 2400, cost time : 0m:0s:0ms
2024-11-19 16:55:20,311 - fed_utils - INFO - load key [conv2.bias].length : 16, cost time : 0m:0s:0ms
2024-11-19 16:55:20,312 - fed_utils - INFO - load key [fc1.weight].length : 48000, cost time : 0m:0s:0ms
2024-11-19 16:55:20,312 - fed_utils - INFO - load key [fc1.bias].length : 120, cost time : 0m:0s:0ms
2024-11-19 16:55:20,313 - fed_utils - INFO - load key [fc2.weight].length : 10080, cost time : 0m:0s:0ms
2024-11-19 16:55:20,313 - fed_utils - INFO - load key [fc2.bias].length : 84, cost time : 0m:0s:0ms
2024-11-19 16:55:26,936 - fed_utils - INFO - encrypting key [fc3.weight].length : 840, cost time : 0m:6s:623ms
2024-11-19 16:55:27,054 - fed_utils - INFO - encrypting key [fc3.bias].length : 10, cost time : 0m:0s:117ms
2024-11-19 16:55:27,054 - fl_main - INFO - Server receive client_dict[f_00001] info ...
2024-11-19 16:55:27,054 - fl_main - INFO - ----- client id [f_00002] -----
2024-11-19 16:55:27,056 - fed_utils - INFO - init global model cost time : 0m:0s:1ms
2024-11-19 16:55:27,059 - client_base - INFO - recover model cost time : 0m:0s:0ms
2024-11-19 16:55:27,059 - fl_main - INFO - client_dict[f_00002] training ...
2024-11-19 16:55:27,060 - client_base - INFO - client_dict[f_00002] training epoch : 0
2024-11-19 16:55:27,893 - client_base - INFO - local model train cost time : 0m:0s:832ms
2024-11-19 16:55:27,894 - client_base - INFO - model encode time : 0m:0s:1ms
2024-11-19 16:55:27,895 - fl_main - INFO - client_dict[f_00002] local model encrypting ...
2024-11-19 16:55:29,077 - fed_utils - INFO - encrypting key [conv1.weight].length : 150, cost time : 0m:1s:182ms
2024-11-19 16:55:29,125 - fed_utils - INFO - encrypting key [conv1.bias].length : 6, cost time : 0m:0s:47ms
2024-11-19 16:55:29,125 - fed_utils - INFO - load key [conv2.weight].length : 2400, cost time : 0m:0s:0ms
2024-11-19 16:55:29,125 - fed_utils - INFO - load key [conv2.bias].length : 16, cost time : 0m:0s:0ms
2024-11-19 16:55:29,126 - fed_utils - INFO - load key [fc1.weight].length : 48000, cost time : 0m:0s:0ms
2024-11-19 16:55:29,126 - fed_utils - INFO - load key [fc1.bias].length : 120, cost time : 0m:0s:0ms
2024-11-19 16:55:29,126 - fed_utils - INFO - load key [fc2.weight].length : 10080, cost time : 0m:0s:0ms
2024-11-19 16:55:29,126 - fed_utils - INFO - load key [fc2.bias].length : 84, cost time : 0m:0s:0ms
2024-11-19 16:55:35,751 - fed_utils - INFO - encrypting key [fc3.weight].length : 840, cost time : 0m:6s:624ms
2024-11-19 16:55:35,830 - fed_utils - INFO - encrypting key [fc3.bias].length : 10, cost time : 0m:0s:79ms
2024-11-19 16:55:35,830 - fl_main - INFO - Server receive client_dict[f_00002] info ...
2024-11-19 16:55:35,830 - fl_main - INFO - ----- client id [f_00003] -----
2024-11-19 16:55:35,831 - fed_utils - INFO - init global model cost time : 0m:0s:0ms
2024-11-19 16:55:35,831 - client_base - INFO - recover model cost time : 0m:0s:0ms
2024-11-19 16:55:35,831 - fl_main - INFO - client_dict[f_00003] training ...
2024-11-19 16:55:35,832 - client_base - INFO - client_dict[f_00003] training epoch : 0
2024-11-19 16:55:36,605 - client_base - INFO - local model train cost time : 0m:0s:772ms
2024-11-19 16:55:36,606 - client_base - INFO - model encode time : 0m:0s:1ms
2024-11-19 16:55:36,606 - fl_main - INFO - client_dict[f_00003] local model encrypting ...
2024-11-19 16:55:37,789 - fed_utils - INFO - encrypting key [conv1.weight].length : 150, cost time : 0m:1s:182ms
2024-11-19 16:55:37,837 - fed_utils - INFO - encrypting key [conv1.bias].length : 6, cost time : 0m:0s:48ms
2024-11-19 16:55:37,837 - fed_utils - INFO - load key [conv2.weight].length : 2400, cost time : 0m:0s:0ms
2024-11-19 16:55:37,837 - fed_utils - INFO - load key [conv2.bias].length : 16, cost time : 0m:0s:0ms
2024-11-19 16:55:37,838 - fed_utils - INFO - load key [fc1.weight].length : 48000, cost time : 0m:0s:0ms
2024-11-19 16:55:37,838 - fed_utils - INFO - load key [fc1.bias].length : 120, cost time : 0m:0s:0ms
2024-11-19 16:55:37,838 - fed_utils - INFO - load key [fc2.weight].length : 10080, cost time : 0m:0s:0ms
2024-11-19 16:55:37,838 - fed_utils - INFO - load key [fc2.bias].length : 84, cost time : 0m:0s:0ms
2024-11-19 16:55:44,603 - fed_utils - INFO - encrypting key [fc3.weight].length : 840, cost time : 0m:6s:764ms
2024-11-19 16:55:44,682 - fed_utils - INFO - encrypting key [fc3.bias].length : 10, cost time : 0m:0s:79ms
2024-11-19 16:55:44,682 - fl_main - INFO - Server receive client_dict[f_00003] info ...
2024-11-19 16:55:44,683 - fl_main - INFO - ----- client id [f_00004] -----
2024-11-19 16:55:44,683 - fed_utils - INFO - init global model cost time : 0m:0s:0ms
2024-11-19 16:55:44,684 - client_base - INFO - recover model cost time : 0m:0s:0ms
2024-11-19 16:55:44,684 - fl_main - INFO - client_dict[f_00004] training ...
2024-11-19 16:55:44,685 - client_base - INFO - client_dict[f_00004] training epoch : 0
2024-11-19 16:55:45,448 - client_base - INFO - local model train cost time : 0m:0s:762ms
2024-11-19 16:55:45,449 - client_base - INFO - model encode time : 0m:0s:1ms
2024-11-19 16:55:45,449 - fl_main - INFO - client_dict[f_00004] local model encrypting ...
2024-11-19 16:55:46,635 - fed_utils - INFO - encrypting key [conv1.weight].length : 150, cost time : 0m:1s:185ms
2024-11-19 16:55:46,683 - fed_utils - INFO - encrypting key [conv1.bias].length : 6, cost time : 0m:0s:47ms
2024-11-19 16:55:46,683 - fed_utils - INFO - load key [conv2.weight].length : 2400, cost time : 0m:0s:0ms
2024-11-19 16:55:46,683 - fed_utils - INFO - load key [conv2.bias].length : 16, cost time : 0m:0s:0ms
2024-11-19 16:55:46,684 - fed_utils - INFO - load key [fc1.weight].length : 48000, cost time : 0m:0s:0ms
2024-11-19 16:55:46,684 - fed_utils - INFO - load key [fc1.bias].length : 120, cost time : 0m:0s:0ms
2024-11-19 16:55:46,684 - fed_utils - INFO - load key [fc2.weight].length : 10080, cost time : 0m:0s:0ms
2024-11-19 16:55:46,684 - fed_utils - INFO - load key [fc2.bias].length : 84, cost time : 0m:0s:0ms
2024-11-19 16:55:53,322 - fed_utils - INFO - encrypting key [fc3.weight].length : 840, cost time : 0m:6s:637ms
2024-11-19 16:55:53,401 - fed_utils - INFO - encrypting key [fc3.bias].length : 10, cost time : 0m:0s:79ms
2024-11-19 16:55:53,402 - fl_main - INFO - Server receive client_dict[f_00004] info ...
2024-11-19 16:55:53,402 - fl_main - INFO - global aggregation process ...
2024-11-19 16:55:53,402 - fed_utils - INFO - server.n_data : 60000
2024-11-19 16:55:53,402 - fed_utils - INFO - client_dict[f_00000].weight : 0.200000
2024-11-19 16:55:53,402 - fed_utils - INFO - client_dict[f_00001].weight : 0.200000
2024-11-19 16:55:53,402 - fed_utils - INFO - client_dict[f_00002].weight : 0.200000
2024-11-19 16:55:53,402 - fed_utils - INFO - client_dict[f_00003].weight : 0.200000
2024-11-19 16:55:53,402 - fed_utils - INFO - client_dict[f_00004].weight : 0.200000
2024-11-19 16:55:53,402 - fed_utils - INFO - recover secret number by clients: 3157279.000000
2024-11-19 16:55:53,402 - server_base - INFO - Server aggregate model with homomorphic encryption ...
2024-11-19 16:55:54,838 - server_base - INFO - Server aggregate model done, cost time : 0m:1s:436ms
2024-11-19 16:55:55,180 - fed_utils - INFO - decrypting key [conv1.weight].shape [torch.Size([6, 1, 5, 5])]
2024-11-19 16:55:55,194 - fed_utils - INFO - decrypting key [conv1.bias].shape [torch.Size([6])]
2024-11-19 16:55:55,194 - fed_utils - INFO - decrypting key [conv2.weight].shape [torch.Size([16, 6, 5, 5])]
2024-11-19 16:55:55,194 - fed_utils - INFO - decrypting key [conv2.bias].shape [torch.Size([16])]
2024-11-19 16:55:55,194 - fed_utils - INFO - decrypting key [fc1.weight].shape [torch.Size([120, 400])]
2024-11-19 16:55:55,194 - fed_utils - INFO - decrypting key [fc1.bias].shape [torch.Size([120])]
2024-11-19 16:55:55,194 - fed_utils - INFO - decrypting key [fc2.weight].shape [torch.Size([84, 120])]
2024-11-19 16:55:55,194 - fed_utils - INFO - decrypting key [fc2.bias].shape [torch.Size([84])]
2024-11-19 16:55:57,203 - fed_utils - INFO - decrypting key [fc3.weight].shape [torch.Size([10, 84])]
2024-11-19 16:55:57,243 - fed_utils - INFO - decrypting key [fc3.bias].shape [torch.Size([10])]
2024-11-19 16:55:57,243 - fed_utils - INFO - decrypt time : [0m:2s:404ms]
2024-11-19 16:55:57,247 - fl_main - INFO - [global round : 7] aggregated model accuracy : 0.9417000000000001
2024-11-19 16:55:57,247 - fl_main - INFO - [global round : 7] aggregated model loss : 0.14558830785005072
2024-11-19 16:55:57,248 - fl_main - INFO - global round : 8
2024-11-19 16:55:57,248 - fl_main - INFO - the random client id to test accuracy : f_00004
2024-11-19 16:55:57,248 - fl_main - INFO - ----- client id [f_00000] -----
2024-11-19 16:55:57,250 - fed_utils - INFO - init global model cost time : 0m:0s:1ms
2024-11-19 16:55:57,252 - client_base - INFO - recover model cost time : 0m:0s:0ms
2024-11-19 16:55:57,252 - fl_main - INFO - client_dict[f_00000] training ...
2024-11-19 16:55:57,253 - client_base - INFO - client_dict[f_00000] training epoch : 0
2024-11-19 16:55:58,062 - client_base - INFO - local model train cost time : 0m:0s:809ms
2024-11-19 16:55:58,064 - client_base - INFO - model encode time : 0m:0s:1ms
2024-11-19 16:55:58,064 - fl_main - INFO - client_dict[f_00000] local model encrypting ...
2024-11-19 16:55:59,250 - fed_utils - INFO - encrypting key [conv1.weight].length : 150, cost time : 0m:1s:186ms
2024-11-19 16:55:59,298 - fed_utils - INFO - encrypting key [conv1.bias].length : 6, cost time : 0m:0s:47ms
2024-11-19 16:55:59,298 - fed_utils - INFO - load key [conv2.weight].length : 2400, cost time : 0m:0s:0ms
2024-11-19 16:55:59,298 - fed_utils - INFO - load key [conv2.bias].length : 16, cost time : 0m:0s:0ms
2024-11-19 16:55:59,299 - fed_utils - INFO - load key [fc1.weight].length : 48000, cost time : 0m:0s:0ms
2024-11-19 16:55:59,299 - fed_utils - INFO - load key [fc1.bias].length : 120, cost time : 0m:0s:0ms
2024-11-19 16:55:59,300 - fed_utils - INFO - load key [fc2.weight].length : 10080, cost time : 0m:0s:0ms
2024-11-19 16:55:59,300 - fed_utils - INFO - load key [fc2.bias].length : 84, cost time : 0m:0s:0ms
2024-11-19 16:56:05,927 - fed_utils - INFO - encrypting key [fc3.weight].length : 840, cost time : 0m:6s:627ms
2024-11-19 16:56:06,007 - fed_utils - INFO - encrypting key [fc3.bias].length : 10, cost time : 0m:0s:79ms
2024-11-19 16:56:06,008 - fl_main - INFO - Server receive client_dict[f_00000] info ...
2024-11-19 16:56:06,008 - fl_main - INFO - ----- client id [f_00001] -----
2024-11-19 16:56:06,008 - fed_utils - INFO - init global model cost time : 0m:0s:0ms
2024-11-19 16:56:06,009 - client_base - INFO - recover model cost time : 0m:0s:0ms
2024-11-19 16:56:06,009 - fl_main - INFO - client_dict[f_00001] training ...
2024-11-19 16:56:06,010 - client_base - INFO - client_dict[f_00001] training epoch : 0
2024-11-19 16:56:06,781 - client_base - INFO - local model train cost time : 0m:0s:771ms
2024-11-19 16:56:06,783 - client_base - INFO - model encode time : 0m:0s:1ms
2024-11-19 16:56:06,783 - fl_main - INFO - client_dict[f_00001] local model encrypting ...
2024-11-19 16:56:07,966 - fed_utils - INFO - encrypting key [conv1.weight].length : 150, cost time : 0m:1s:182ms
2024-11-19 16:56:08,014 - fed_utils - INFO - encrypting key [conv1.bias].length : 6, cost time : 0m:0s:47ms
2024-11-19 16:56:08,014 - fed_utils - INFO - load key [conv2.weight].length : 2400, cost time : 0m:0s:0ms
2024-11-19 16:56:08,014 - fed_utils - INFO - load key [conv2.bias].length : 16, cost time : 0m:0s:0ms
2024-11-19 16:56:08,015 - fed_utils - INFO - load key [fc1.weight].length : 48000, cost time : 0m:0s:0ms
2024-11-19 16:56:08,015 - fed_utils - INFO - load key [fc1.bias].length : 120, cost time : 0m:0s:0ms
2024-11-19 16:56:08,015 - fed_utils - INFO - load key [fc2.weight].length : 10080, cost time : 0m:0s:0ms
2024-11-19 16:56:08,015 - fed_utils - INFO - load key [fc2.bias].length : 84, cost time : 0m:0s:0ms
2024-11-19 16:56:14,782 - fed_utils - INFO - encrypting key [fc3.weight].length : 840, cost time : 0m:6s:766ms
2024-11-19 16:56:14,861 - fed_utils - INFO - encrypting key [fc3.bias].length : 10, cost time : 0m:0s:79ms
2024-11-19 16:56:14,861 - fl_main - INFO - Server receive client_dict[f_00001] info ...
2024-11-19 16:56:14,861 - fl_main - INFO - ----- client id [f_00002] -----
2024-11-19 16:56:14,862 - fed_utils - INFO - init global model cost time : 0m:0s:0ms
2024-11-19 16:56:14,862 - client_base - INFO - recover model cost time : 0m:0s:0ms
2024-11-19 16:56:14,862 - fl_main - INFO - client_dict[f_00002] training ...
2024-11-19 16:56:14,863 - client_base - INFO - client_dict[f_00002] training epoch : 0
2024-11-19 16:56:15,648 - client_base - INFO - local model train cost time : 0m:0s:784ms
2024-11-19 16:56:15,650 - client_base - INFO - model encode time : 0m:0s:1ms
2024-11-19 16:56:15,650 - fl_main - INFO - client_dict[f_00002] local model encrypting ...
2024-11-19 16:56:16,833 - fed_utils - INFO - encrypting key [conv1.weight].length : 150, cost time : 0m:1s:182ms
2024-11-19 16:56:16,880 - fed_utils - INFO - encrypting key [conv1.bias].length : 6, cost time : 0m:0s:47ms
2024-11-19 16:56:16,880 - fed_utils - INFO - load key [conv2.weight].length : 2400, cost time : 0m:0s:0ms
2024-11-19 16:56:16,881 - fed_utils - INFO - load key [conv2.bias].length : 16, cost time : 0m:0s:0ms
2024-11-19 16:56:16,881 - fed_utils - INFO - load key [fc1.weight].length : 48000, cost time : 0m:0s:0ms
2024-11-19 16:56:16,882 - fed_utils - INFO - load key [fc1.bias].length : 120, cost time : 0m:0s:0ms
2024-11-19 16:56:16,882 - fed_utils - INFO - load key [fc2.weight].length : 10080, cost time : 0m:0s:0ms
2024-11-19 16:56:16,882 - fed_utils - INFO - load key [fc2.bias].length : 84, cost time : 0m:0s:0ms
2024-11-19 16:56:23,505 - fed_utils - INFO - encrypting key [fc3.weight].length : 840, cost time : 0m:6s:622ms
2024-11-19 16:56:23,584 - fed_utils - INFO - encrypting key [fc3.bias].length : 10, cost time : 0m:0s:79ms
2024-11-19 16:56:23,584 - fl_main - INFO - Server receive client_dict[f_00002] info ...
2024-11-19 16:56:23,584 - fl_main - INFO - ----- client id [f_00003] -----
2024-11-19 16:56:23,585 - fed_utils - INFO - init global model cost time : 0m:0s:0ms
2024-11-19 16:56:23,585 - client_base - INFO - recover model cost time : 0m:0s:0ms
2024-11-19 16:56:23,585 - fl_main - INFO - client_dict[f_00003] training ...
2024-11-19 16:56:23,586 - client_base - INFO - client_dict[f_00003] training epoch : 0
2024-11-19 16:56:24,353 - client_base - INFO - local model train cost time : 0m:0s:766ms
2024-11-19 16:56:24,355 - client_base - INFO - model encode time : 0m:0s:1ms
2024-11-19 16:56:24,355 - fl_main - INFO - client_dict[f_00003] local model encrypting ...
2024-11-19 16:56:25,538 - fed_utils - INFO - encrypting key [conv1.weight].length : 150, cost time : 0m:1s:183ms
2024-11-19 16:56:25,586 - fed_utils - INFO - encrypting key [conv1.bias].length : 6, cost time : 0m:0s:47ms
2024-11-19 16:56:25,586 - fed_utils - INFO - load key [conv2.weight].length : 2400, cost time : 0m:0s:0ms
2024-11-19 16:56:25,586 - fed_utils - INFO - load key [conv2.bias].length : 16, cost time : 0m:0s:0ms
2024-11-19 16:56:25,587 - fed_utils - INFO - load key [fc1.weight].length : 48000, cost time : 0m:0s:0ms
2024-11-19 16:56:25,587 - fed_utils - INFO - load key [fc1.bias].length : 120, cost time : 0m:0s:0ms
2024-11-19 16:56:25,587 - fed_utils - INFO - load key [fc2.weight].length : 10080, cost time : 0m:0s:0ms
2024-11-19 16:56:25,587 - fed_utils - INFO - load key [fc2.bias].length : 84, cost time : 0m:0s:0ms
2024-11-19 16:56:32,347 - fed_utils - INFO - encrypting key [fc3.weight].length : 840, cost time : 0m:6s:759ms
2024-11-19 16:56:32,426 - fed_utils - INFO - encrypting key [fc3.bias].length : 10, cost time : 0m:0s:79ms
2024-11-19 16:56:32,426 - fl_main - INFO - Server receive client_dict[f_00003] info ...
2024-11-19 16:56:32,426 - fl_main - INFO - ----- client id [f_00004] -----
2024-11-19 16:56:32,427 - fed_utils - INFO - init global model cost time : 0m:0s:0ms
2024-11-19 16:56:32,427 - client_base - INFO - recover model cost time : 0m:0s:0ms
2024-11-19 16:56:33,233 - fl_main - INFO - global round [8] client_dict[f_00004].accuracy : 0.950000
2024-11-19 16:56:33,233 - fl_main - INFO - client_dict[f_00004] training ...
2024-11-19 16:56:33,234 - client_base - INFO - client_dict[f_00004] training epoch : 0
2024-11-19 16:56:34,016 - client_base - INFO - local model train cost time : 0m:0s:782ms
2024-11-19 16:56:34,018 - client_base - INFO - model encode time : 0m:0s:1ms
2024-11-19 16:56:34,018 - fl_main - INFO - client_dict[f_00004] local model encrypting ...
2024-11-19 16:56:35,202 - fed_utils - INFO - encrypting key [conv1.weight].length : 150, cost time : 0m:1s:183ms
2024-11-19 16:56:35,249 - fed_utils - INFO - encrypting key [conv1.bias].length : 6, cost time : 0m:0s:47ms
2024-11-19 16:56:35,250 - fed_utils - INFO - load key [conv2.weight].length : 2400, cost time : 0m:0s:0ms
2024-11-19 16:56:35,250 - fed_utils - INFO - load key [conv2.bias].length : 16, cost time : 0m:0s:0ms
2024-11-19 16:56:35,251 - fed_utils - INFO - load key [fc1.weight].length : 48000, cost time : 0m:0s:0ms
2024-11-19 16:56:35,251 - fed_utils - INFO - load key [fc1.bias].length : 120, cost time : 0m:0s:0ms
2024-11-19 16:56:35,251 - fed_utils - INFO - load key [fc2.weight].length : 10080, cost time : 0m:0s:0ms
2024-11-19 16:56:35,251 - fed_utils - INFO - load key [fc2.bias].length : 84, cost time : 0m:0s:0ms
2024-11-19 16:56:41,877 - fed_utils - INFO - encrypting key [fc3.weight].length : 840, cost time : 0m:6s:626ms
2024-11-19 16:56:41,956 - fed_utils - INFO - encrypting key [fc3.bias].length : 10, cost time : 0m:0s:79ms
2024-11-19 16:56:41,956 - fl_main - INFO - Server receive client_dict[f_00004] info ...
2024-11-19 16:56:41,957 - fl_main - INFO - global aggregation process ...
2024-11-19 16:56:41,957 - fed_utils - INFO - server.n_data : 60000
2024-11-19 16:56:41,957 - fed_utils - INFO - client_dict[f_00000].weight : 0.200000
2024-11-19 16:56:41,957 - fed_utils - INFO - client_dict[f_00001].weight : 0.200000
2024-11-19 16:56:41,957 - fed_utils - INFO - client_dict[f_00002].weight : 0.200000
2024-11-19 16:56:41,957 - fed_utils - INFO - client_dict[f_00003].weight : 0.200000
2024-11-19 16:56:41,957 - fed_utils - INFO - client_dict[f_00004].weight : 0.200000
2024-11-19 16:56:41,957 - fed_utils - INFO - recover secret number by clients: 3157279.000000
2024-11-19 16:56:41,957 - server_base - INFO - Server aggregate model with homomorphic encryption ...
2024-11-19 16:56:43,548 - server_base - INFO - Server aggregate model done, cost time : 0m:1s:590ms
2024-11-19 16:56:43,889 - fed_utils - INFO - decrypting key [conv1.weight].shape [torch.Size([6, 1, 5, 5])]
2024-11-19 16:56:43,903 - fed_utils - INFO - decrypting key [conv1.bias].shape [torch.Size([6])]
2024-11-19 16:56:43,903 - fed_utils - INFO - decrypting key [conv2.weight].shape [torch.Size([16, 6, 5, 5])]
2024-11-19 16:56:43,903 - fed_utils - INFO - decrypting key [conv2.bias].shape [torch.Size([16])]
2024-11-19 16:56:43,903 - fed_utils - INFO - decrypting key [fc1.weight].shape [torch.Size([120, 400])]
2024-11-19 16:56:43,903 - fed_utils - INFO - decrypting key [fc1.bias].shape [torch.Size([120])]
2024-11-19 16:56:43,904 - fed_utils - INFO - decrypting key [fc2.weight].shape [torch.Size([84, 120])]
2024-11-19 16:56:43,904 - fed_utils - INFO - decrypting key [fc2.bias].shape [torch.Size([84])]
2024-11-19 16:56:45,816 - fed_utils - INFO - decrypting key [fc3.weight].shape [torch.Size([10, 84])]
2024-11-19 16:56:45,839 - fed_utils - INFO - decrypting key [fc3.bias].shape [torch.Size([10])]
2024-11-19 16:56:45,839 - fed_utils - INFO - decrypt time : [0m:2s:291ms]
2024-11-19 16:56:45,841 - fl_main - INFO - [global round : 8] aggregated model accuracy : 0.9500000000000001
2024-11-19 16:56:45,841 - fl_main - INFO - [global round : 8] aggregated model loss : 0.18993389026231505
2024-11-19 16:56:45,842 - fl_main - INFO - global round : 9
2024-11-19 16:56:45,842 - fl_main - INFO - the random client id to test accuracy : f_00000
2024-11-19 16:56:45,842 - fl_main - INFO - ----- client id [f_00000] -----
2024-11-19 16:56:45,843 - fed_utils - INFO - init global model cost time : 0m:0s:0ms
2024-11-19 16:56:45,843 - client_base - INFO - recover model cost time : 0m:0s:0ms
2024-11-19 16:56:46,672 - fl_main - INFO - global round [9] client_dict[f_00000].accuracy : 0.953500
2024-11-19 16:56:46,673 - fl_main - INFO - client_dict[f_00000] training ...
2024-11-19 16:56:46,673 - client_base - INFO - client_dict[f_00000] training epoch : 0
2024-11-19 16:56:47,437 - client_base - INFO - local model train cost time : 0m:0s:764ms
2024-11-19 16:56:47,439 - client_base - INFO - model encode time : 0m:0s:1ms
2024-11-19 16:56:47,439 - fl_main - INFO - client_dict[f_00000] local model encrypting ...
2024-11-19 16:56:48,622 - fed_utils - INFO - encrypting key [conv1.weight].length : 150, cost time : 0m:1s:182ms
2024-11-19 16:56:48,669 - fed_utils - INFO - encrypting key [conv1.bias].length : 6, cost time : 0m:0s:47ms
2024-11-19 16:56:48,670 - fed_utils - INFO - load key [conv2.weight].length : 2400, cost time : 0m:0s:0ms
2024-11-19 16:56:48,670 - fed_utils - INFO - load key [conv2.bias].length : 16, cost time : 0m:0s:0ms
2024-11-19 16:56:48,671 - fed_utils - INFO - load key [fc1.weight].length : 48000, cost time : 0m:0s:0ms
2024-11-19 16:56:48,671 - fed_utils - INFO - load key [fc1.bias].length : 120, cost time : 0m:0s:0ms
2024-11-19 16:56:48,671 - fed_utils - INFO - load key [fc2.weight].length : 10080, cost time : 0m:0s:0ms
2024-11-19 16:56:48,671 - fed_utils - INFO - load key [fc2.bias].length : 84, cost time : 0m:0s:0ms
2024-11-19 16:56:55,297 - fed_utils - INFO - encrypting key [fc3.weight].length : 840, cost time : 0m:6s:626ms
2024-11-19 16:56:55,376 - fed_utils - INFO - encrypting key [fc3.bias].length : 10, cost time : 0m:0s:79ms
2024-11-19 16:56:55,377 - fl_main - INFO - Server receive client_dict[f_00000] info ...
2024-11-19 16:56:55,378 - fl_main - INFO - ----- client id [f_00001] -----
2024-11-19 16:56:55,378 - fed_utils - INFO - init global model cost time : 0m:0s:0ms
2024-11-19 16:56:55,379 - client_base - INFO - recover model cost time : 0m:0s:0ms
2024-11-19 16:56:55,379 - fl_main - INFO - client_dict[f_00001] training ...
2024-11-19 16:56:55,379 - client_base - INFO - client_dict[f_00001] training epoch : 0
2024-11-19 16:56:56,152 - client_base - INFO - local model train cost time : 0m:0s:772ms
2024-11-19 16:56:56,154 - client_base - INFO - model encode time : 0m:0s:1ms
2024-11-19 16:56:56,154 - fl_main - INFO - client_dict[f_00001] local model encrypting ...
2024-11-19 16:56:57,484 - fed_utils - INFO - encrypting key [conv1.weight].length : 150, cost time : 0m:1s:330ms
2024-11-19 16:56:57,532 - fed_utils - INFO - encrypting key [conv1.bias].length : 6, cost time : 0m:0s:47ms
2024-11-19 16:56:57,532 - fed_utils - INFO - load key [conv2.weight].length : 2400, cost time : 0m:0s:0ms
2024-11-19 16:56:57,532 - fed_utils - INFO - load key [conv2.bias].length : 16, cost time : 0m:0s:0ms
2024-11-19 16:56:57,533 - fed_utils - INFO - load key [fc1.weight].length : 48000, cost time : 0m:0s:0ms
2024-11-19 16:56:57,533 - fed_utils - INFO - load key [fc1.bias].length : 120, cost time : 0m:0s:0ms
2024-11-19 16:56:57,534 - fed_utils - INFO - load key [fc2.weight].length : 10080, cost time : 0m:0s:0ms
2024-11-19 16:56:57,534 - fed_utils - INFO - load key [fc2.bias].length : 84, cost time : 0m:0s:0ms
2024-11-19 16:57:04,162 - fed_utils - INFO - encrypting key [fc3.weight].length : 840, cost time : 0m:6s:628ms
2024-11-19 16:57:04,242 - fed_utils - INFO - encrypting key [fc3.bias].length : 10, cost time : 0m:0s:79ms
2024-11-19 16:57:04,242 - fl_main - INFO - Server receive client_dict[f_00001] info ...
2024-11-19 16:57:04,242 - fl_main - INFO - ----- client id [f_00002] -----
2024-11-19 16:57:04,243 - fed_utils - INFO - init global model cost time : 0m:0s:0ms
2024-11-19 16:57:04,243 - client_base - INFO - recover model cost time : 0m:0s:0ms
2024-11-19 16:57:04,243 - fl_main - INFO - client_dict[f_00002] training ...
2024-11-19 16:57:04,244 - client_base - INFO - client_dict[f_00002] training epoch : 0
2024-11-19 16:57:05,023 - client_base - INFO - local model train cost time : 0m:0s:779ms
2024-11-19 16:57:05,025 - client_base - INFO - model encode time : 0m:0s:1ms
2024-11-19 16:57:05,025 - fl_main - INFO - client_dict[f_00002] local model encrypting ...
2024-11-19 16:57:06,208 - fed_utils - INFO - encrypting key [conv1.weight].length : 150, cost time : 0m:1s:183ms
2024-11-19 16:57:06,256 - fed_utils - INFO - encrypting key [conv1.bias].length : 6, cost time : 0m:0s:47ms
2024-11-19 16:57:06,256 - fed_utils - INFO - load key [conv2.weight].length : 2400, cost time : 0m:0s:0ms
2024-11-19 16:57:06,256 - fed_utils - INFO - load key [conv2.bias].length : 16, cost time : 0m:0s:0ms
2024-11-19 16:57:06,257 - fed_utils - INFO - load key [fc1.weight].length : 48000, cost time : 0m:0s:0ms
2024-11-19 16:57:06,257 - fed_utils - INFO - load key [fc1.bias].length : 120, cost time : 0m:0s:0ms
2024-11-19 16:57:06,258 - fed_utils - INFO - load key [fc2.weight].length : 10080, cost time : 0m:0s:0ms
2024-11-19 16:57:06,258 - fed_utils - INFO - load key [fc2.bias].length : 84, cost time : 0m:0s:0ms
2024-11-19 16:57:13,026 - fed_utils - INFO - encrypting key [fc3.weight].length : 840, cost time : 0m:6s:768ms
2024-11-19 16:57:13,105 - fed_utils - INFO - encrypting key [fc3.bias].length : 10, cost time : 0m:0s:79ms
2024-11-19 16:57:13,105 - fl_main - INFO - Server receive client_dict[f_00002] info ...
2024-11-19 16:57:13,106 - fl_main - INFO - ----- client id [f_00003] -----
2024-11-19 16:57:13,106 - fed_utils - INFO - init global model cost time : 0m:0s:0ms
2024-11-19 16:57:13,107 - client_base - INFO - recover model cost time : 0m:0s:0ms
2024-11-19 16:57:13,107 - fl_main - INFO - client_dict[f_00003] training ...
2024-11-19 16:57:13,107 - client_base - INFO - client_dict[f_00003] training epoch : 0
2024-11-19 16:57:13,885 - client_base - INFO - local model train cost time : 0m:0s:777ms
2024-11-19 16:57:13,886 - client_base - INFO - model encode time : 0m:0s:1ms
2024-11-19 16:57:13,887 - fl_main - INFO - client_dict[f_00003] local model encrypting ...
2024-11-19 16:57:15,070 - fed_utils - INFO - encrypting key [conv1.weight].length : 150, cost time : 0m:1s:183ms
2024-11-19 16:57:15,118 - fed_utils - INFO - encrypting key [conv1.bias].length : 6, cost time : 0m:0s:47ms
2024-11-19 16:57:15,118 - fed_utils - INFO - load key [conv2.weight].length : 2400, cost time : 0m:0s:0ms
2024-11-19 16:57:15,118 - fed_utils - INFO - load key [conv2.bias].length : 16, cost time : 0m:0s:0ms
2024-11-19 16:57:15,119 - fed_utils - INFO - load key [fc1.weight].length : 48000, cost time : 0m:0s:0ms
2024-11-19 16:57:15,119 - fed_utils - INFO - load key [fc1.bias].length : 120, cost time : 0m:0s:0ms
2024-11-19 16:57:15,119 - fed_utils - INFO - load key [fc2.weight].length : 10080, cost time : 0m:0s:0ms
2024-11-19 16:57:15,119 - fed_utils - INFO - load key [fc2.bias].length : 84, cost time : 0m:0s:0ms
2024-11-19 16:57:21,742 - fed_utils - INFO - encrypting key [fc3.weight].length : 840, cost time : 0m:6s:623ms
2024-11-19 16:57:21,822 - fed_utils - INFO - encrypting key [fc3.bias].length : 10, cost time : 0m:0s:79ms
2024-11-19 16:57:21,822 - fl_main - INFO - Server receive client_dict[f_00003] info ...
2024-11-19 16:57:21,822 - fl_main - INFO - ----- client id [f_00004] -----
2024-11-19 16:57:21,823 - fed_utils - INFO - init global model cost time : 0m:0s:0ms
2024-11-19 16:57:21,823 - client_base - INFO - recover model cost time : 0m:0s:0ms
2024-11-19 16:57:21,823 - fl_main - INFO - client_dict[f_00004] training ...
2024-11-19 16:57:21,824 - client_base - INFO - client_dict[f_00004] training epoch : 0
2024-11-19 16:57:22,620 - client_base - INFO - local model train cost time : 0m:0s:796ms
2024-11-19 16:57:22,622 - client_base - INFO - model encode time : 0m:0s:1ms
2024-11-19 16:57:22,622 - fl_main - INFO - client_dict[f_00004] local model encrypting ...
2024-11-19 16:57:23,808 - fed_utils - INFO - encrypting key [conv1.weight].length : 150, cost time : 0m:1s:185ms
2024-11-19 16:57:23,856 - fed_utils - INFO - encrypting key [conv1.bias].length : 6, cost time : 0m:0s:47ms
2024-11-19 16:57:23,856 - fed_utils - INFO - load key [conv2.weight].length : 2400, cost time : 0m:0s:0ms
2024-11-19 16:57:23,856 - fed_utils - INFO - load key [conv2.bias].length : 16, cost time : 0m:0s:0ms
2024-11-19 16:57:23,857 - fed_utils - INFO - load key [fc1.weight].length : 48000, cost time : 0m:0s:0ms
2024-11-19 16:57:23,857 - fed_utils - INFO - load key [fc1.bias].length : 120, cost time : 0m:0s:0ms
2024-11-19 16:57:23,857 - fed_utils - INFO - load key [fc2.weight].length : 10080, cost time : 0m:0s:0ms
2024-11-19 16:57:23,857 - fed_utils - INFO - load key [fc2.bias].length : 84, cost time : 0m:0s:0ms
2024-11-19 16:57:30,637 - fed_utils - INFO - encrypting key [fc3.weight].length : 840, cost time : 0m:6s:779ms
2024-11-19 16:57:30,716 - fed_utils - INFO - encrypting key [fc3.bias].length : 10, cost time : 0m:0s:79ms
2024-11-19 16:57:30,716 - fl_main - INFO - Server receive client_dict[f_00004] info ...
2024-11-19 16:57:30,716 - fl_main - INFO - global aggregation process ...
2024-11-19 16:57:30,717 - fed_utils - INFO - server.n_data : 60000
2024-11-19 16:57:30,717 - fed_utils - INFO - client_dict[f_00000].weight : 0.200000
2024-11-19 16:57:30,717 - fed_utils - INFO - client_dict[f_00001].weight : 0.200000
2024-11-19 16:57:30,717 - fed_utils - INFO - client_dict[f_00002].weight : 0.200000
2024-11-19 16:57:30,717 - fed_utils - INFO - client_dict[f_00003].weight : 0.200000
2024-11-19 16:57:30,717 - fed_utils - INFO - client_dict[f_00004].weight : 0.200000
2024-11-19 16:57:30,717 - fed_utils - INFO - recover secret number by clients: 3157279.000000
2024-11-19 16:57:30,717 - server_base - INFO - Server aggregate model with homomorphic encryption ...
2024-11-19 16:57:32,155 - server_base - INFO - Server aggregate model done, cost time : 0m:1s:438ms
2024-11-19 16:57:32,497 - fed_utils - INFO - decrypting key [conv1.weight].shape [torch.Size([6, 1, 5, 5])]
2024-11-19 16:57:32,510 - fed_utils - INFO - decrypting key [conv1.bias].shape [torch.Size([6])]
2024-11-19 16:57:32,511 - fed_utils - INFO - decrypting key [conv2.weight].shape [torch.Size([16, 6, 5, 5])]
2024-11-19 16:57:32,511 - fed_utils - INFO - decrypting key [conv2.bias].shape [torch.Size([16])]
2024-11-19 16:57:32,511 - fed_utils - INFO - decrypting key [fc1.weight].shape [torch.Size([120, 400])]
2024-11-19 16:57:32,511 - fed_utils - INFO - decrypting key [fc1.bias].shape [torch.Size([120])]
2024-11-19 16:57:32,511 - fed_utils - INFO - decrypting key [fc2.weight].shape [torch.Size([84, 120])]
2024-11-19 16:57:32,511 - fed_utils - INFO - decrypting key [fc2.bias].shape [torch.Size([84])]
2024-11-19 16:57:34,427 - fed_utils - INFO - decrypting key [fc3.weight].shape [torch.Size([10, 84])]
2024-11-19 16:57:34,450 - fed_utils - INFO - decrypting key [fc3.bias].shape [torch.Size([10])]
2024-11-19 16:57:34,450 - fed_utils - INFO - decrypt time : [0m:2s:294ms]
2024-11-19 16:57:34,452 - fl_main - INFO - [global round : 9] aggregated model accuracy : 0.9535
2024-11-19 16:57:34,452 - fl_main - INFO - [global round : 9] aggregated model loss : 0.26609013124592623
2024-11-19 16:57:34,453 - fl_main - INFO - global round : 10
2024-11-19 16:57:34,453 - fl_main - INFO - the random client id to test accuracy : f_00001
2024-11-19 16:57:34,453 - fl_main - INFO - ----- client id [f_00000] -----
2024-11-19 16:57:34,454 - fed_utils - INFO - init global model cost time : 0m:0s:0ms
2024-11-19 16:57:34,454 - client_base - INFO - recover model cost time : 0m:0s:0ms
2024-11-19 16:57:34,455 - fl_main - INFO - client_dict[f_00000] training ...
2024-11-19 16:57:34,455 - client_base - INFO - client_dict[f_00000] training epoch : 0
2024-11-19 16:57:35,221 - client_base - INFO - local model train cost time : 0m:0s:765ms
2024-11-19 16:57:35,222 - client_base - INFO - model encode time : 0m:0s:1ms
2024-11-19 16:57:35,222 - fl_main - INFO - client_dict[f_00000] local model encrypting ...
2024-11-19 16:57:36,406 - fed_utils - INFO - encrypting key [conv1.weight].length : 150, cost time : 0m:1s:183ms
2024-11-19 16:57:36,454 - fed_utils - INFO - encrypting key [conv1.bias].length : 6, cost time : 0m:0s:47ms
2024-11-19 16:57:36,454 - fed_utils - INFO - load key [conv2.weight].length : 2400, cost time : 0m:0s:0ms
2024-11-19 16:57:36,454 - fed_utils - INFO - load key [conv2.bias].length : 16, cost time : 0m:0s:0ms
2024-11-19 16:57:36,455 - fed_utils - INFO - load key [fc1.weight].length : 48000, cost time : 0m:0s:0ms
2024-11-19 16:57:36,455 - fed_utils - INFO - load key [fc1.bias].length : 120, cost time : 0m:0s:0ms
2024-11-19 16:57:36,455 - fed_utils - INFO - load key [fc2.weight].length : 10080, cost time : 0m:0s:0ms
2024-11-19 16:57:36,455 - fed_utils - INFO - load key [fc2.bias].length : 84, cost time : 0m:0s:0ms
2024-11-19 16:57:43,219 - fed_utils - INFO - encrypting key [fc3.weight].length : 840, cost time : 0m:6s:764ms
2024-11-19 16:57:43,299 - fed_utils - INFO - encrypting key [fc3.bias].length : 10, cost time : 0m:0s:79ms
2024-11-19 16:57:43,300 - fl_main - INFO - Server receive client_dict[f_00000] info ...
2024-11-19 16:57:43,300 - fl_main - INFO - ----- client id [f_00001] -----
2024-11-19 16:57:43,301 - fed_utils - INFO - init global model cost time : 0m:0s:0ms
2024-11-19 16:57:43,301 - client_base - INFO - recover model cost time : 0m:0s:0ms
2024-11-19 16:57:44,131 - fl_main - INFO - global round [10] client_dict[f_00001].accuracy : 0.958500
2024-11-19 16:57:44,131 - fl_main - INFO - client_dict[f_00001] training ...
2024-11-19 16:57:44,131 - client_base - INFO - client_dict[f_00001] training epoch : 0
2024-11-19 16:57:44,929 - client_base - INFO - local model train cost time : 0m:0s:798ms
2024-11-19 16:57:44,931 - client_base - INFO - model encode time : 0m:0s:1ms
2024-11-19 16:57:44,931 - fl_main - INFO - client_dict[f_00001] local model encrypting ...
2024-11-19 16:57:46,114 - fed_utils - INFO - encrypting key [conv1.weight].length : 150, cost time : 0m:1s:182ms
2024-11-19 16:57:46,162 - fed_utils - INFO - encrypting key [conv1.bias].length : 6, cost time : 0m:0s:47ms
2024-11-19 16:57:46,162 - fed_utils - INFO - load key [conv2.weight].length : 2400, cost time : 0m:0s:0ms
2024-11-19 16:57:46,162 - fed_utils - INFO - load key [conv2.bias].length : 16, cost time : 0m:0s:0ms
2024-11-19 16:57:46,163 - fed_utils - INFO - load key [fc1.weight].length : 48000, cost time : 0m:0s:0ms
2024-11-19 16:57:46,163 - fed_utils - INFO - load key [fc1.bias].length : 120, cost time : 0m:0s:0ms
2024-11-19 16:57:46,163 - fed_utils - INFO - load key [fc2.weight].length : 10080, cost time : 0m:0s:0ms
2024-11-19 16:57:46,163 - fed_utils - INFO - load key [fc2.bias].length : 84, cost time : 0m:0s:0ms
2024-11-19 16:57:52,787 - fed_utils - INFO - encrypting key [fc3.weight].length : 840, cost time : 0m:6s:623ms
2024-11-19 16:57:52,866 - fed_utils - INFO - encrypting key [fc3.bias].length : 10, cost time : 0m:0s:79ms
2024-11-19 16:57:52,866 - fl_main - INFO - Server receive client_dict[f_00001] info ...
2024-11-19 16:57:52,866 - fl_main - INFO - ----- client id [f_00002] -----
2024-11-19 16:57:52,867 - fed_utils - INFO - init global model cost time : 0m:0s:0ms
2024-11-19 16:57:52,867 - client_base - INFO - recover model cost time : 0m:0s:0ms
2024-11-19 16:57:52,867 - fl_main - INFO - client_dict[f_00002] training ...
2024-11-19 16:57:52,868 - client_base - INFO - client_dict[f_00002] training epoch : 0
2024-11-19 16:57:53,633 - client_base - INFO - local model train cost time : 0m:0s:765ms
2024-11-19 16:57:53,635 - client_base - INFO - model encode time : 0m:0s:1ms
2024-11-19 16:57:53,635 - fl_main - INFO - client_dict[f_00002] local model encrypting ...
2024-11-19 16:57:54,819 - fed_utils - INFO - encrypting key [conv1.weight].length : 150, cost time : 0m:1s:183ms
2024-11-19 16:57:54,866 - fed_utils - INFO - encrypting key [conv1.bias].length : 6, cost time : 0m:0s:47ms
2024-11-19 16:57:54,867 - fed_utils - INFO - load key [conv2.weight].length : 2400, cost time : 0m:0s:0ms
2024-11-19 16:57:54,867 - fed_utils - INFO - load key [conv2.bias].length : 16, cost time : 0m:0s:0ms
2024-11-19 16:57:54,868 - fed_utils - INFO - load key [fc1.weight].length : 48000, cost time : 0m:0s:0ms
2024-11-19 16:57:54,868 - fed_utils - INFO - load key [fc1.bias].length : 120, cost time : 0m:0s:0ms
2024-11-19 16:57:54,868 - fed_utils - INFO - load key [fc2.weight].length : 10080, cost time : 0m:0s:0ms
2024-11-19 16:57:54,868 - fed_utils - INFO - load key [fc2.bias].length : 84, cost time : 0m:0s:0ms
2024-11-19 16:58:01,626 - fed_utils - INFO - encrypting key [fc3.weight].length : 840, cost time : 0m:6s:758ms
2024-11-19 16:58:01,705 - fed_utils - INFO - encrypting key [fc3.bias].length : 10, cost time : 0m:0s:79ms
2024-11-19 16:58:01,706 - fl_main - INFO - Server receive client_dict[f_00002] info ...
2024-11-19 16:58:01,706 - fl_main - INFO - ----- client id [f_00003] -----
2024-11-19 16:58:01,706 - fed_utils - INFO - init global model cost time : 0m:0s:0ms
2024-11-19 16:58:01,707 - client_base - INFO - recover model cost time : 0m:0s:0ms
2024-11-19 16:58:01,707 - fl_main - INFO - client_dict[f_00003] training ...
2024-11-19 16:58:01,708 - client_base - INFO - client_dict[f_00003] training epoch : 0
2024-11-19 16:58:02,471 - client_base - INFO - local model train cost time : 0m:0s:763ms
2024-11-19 16:58:02,473 - client_base - INFO - model encode time : 0m:0s:1ms
2024-11-19 16:58:02,473 - fl_main - INFO - client_dict[f_00003] local model encrypting ...
2024-11-19 16:58:03,658 - fed_utils - INFO - encrypting key [conv1.weight].length : 150, cost time : 0m:1s:184ms
2024-11-19 16:58:03,706 - fed_utils - INFO - encrypting key [conv1.bias].length : 6, cost time : 0m:0s:48ms
2024-11-19 16:58:03,706 - fed_utils - INFO - load key [conv2.weight].length : 2400, cost time : 0m:0s:0ms
2024-11-19 16:58:03,706 - fed_utils - INFO - load key [conv2.bias].length : 16, cost time : 0m:0s:0ms
2024-11-19 16:58:03,707 - fed_utils - INFO - load key [fc1.weight].length : 48000, cost time : 0m:0s:0ms
2024-11-19 16:58:03,707 - fed_utils - INFO - load key [fc1.bias].length : 120, cost time : 0m:0s:0ms
2024-11-19 16:58:03,707 - fed_utils - INFO - load key [fc2.weight].length : 10080, cost time : 0m:0s:0ms
2024-11-19 16:58:03,708 - fed_utils - INFO - load key [fc2.bias].length : 84, cost time : 0m:0s:0ms
2024-11-19 16:58:10,335 - fed_utils - INFO - encrypting key [fc3.weight].length : 840, cost time : 0m:6s:627ms
2024-11-19 16:58:10,415 - fed_utils - INFO - encrypting key [fc3.bias].length : 10, cost time : 0m:0s:79ms
2024-11-19 16:58:10,415 - fl_main - INFO - Server receive client_dict[f_00003] info ...
2024-11-19 16:58:10,415 - fl_main - INFO - ----- client id [f_00004] -----
2024-11-19 16:58:10,416 - fed_utils - INFO - init global model cost time : 0m:0s:0ms
2024-11-19 16:58:10,416 - client_base - INFO - recover model cost time : 0m:0s:0ms
2024-11-19 16:58:10,416 - fl_main - INFO - client_dict[f_00004] training ...
2024-11-19 16:58:10,417 - client_base - INFO - client_dict[f_00004] training epoch : 0
2024-11-19 16:58:11,196 - client_base - INFO - local model train cost time : 0m:0s:779ms
2024-11-19 16:58:11,198 - client_base - INFO - model encode time : 0m:0s:1ms
2024-11-19 16:58:11,198 - fl_main - INFO - client_dict[f_00004] local model encrypting ...
2024-11-19 16:58:12,517 - fed_utils - INFO - encrypting key [conv1.weight].length : 150, cost time : 0m:1s:318ms
2024-11-19 16:58:12,565 - fed_utils - INFO - encrypting key [conv1.bias].length : 6, cost time : 0m:0s:47ms
2024-11-19 16:58:12,565 - fed_utils - INFO - load key [conv2.weight].length : 2400, cost time : 0m:0s:0ms
2024-11-19 16:58:12,565 - fed_utils - INFO - load key [conv2.bias].length : 16, cost time : 0m:0s:0ms
2024-11-19 16:58:12,566 - fed_utils - INFO - load key [fc1.weight].length : 48000, cost time : 0m:0s:0ms
2024-11-19 16:58:12,566 - fed_utils - INFO - load key [fc1.bias].length : 120, cost time : 0m:0s:0ms
2024-11-19 16:58:12,566 - fed_utils - INFO - load key [fc2.weight].length : 10080, cost time : 0m:0s:0ms
2024-11-19 16:58:12,566 - fed_utils - INFO - load key [fc2.bias].length : 84, cost time : 0m:0s:0ms
2024-11-19 16:58:19,188 - fed_utils - INFO - encrypting key [fc3.weight].length : 840, cost time : 0m:6s:621ms
2024-11-19 16:58:19,267 - fed_utils - INFO - encrypting key [fc3.bias].length : 10, cost time : 0m:0s:79ms
2024-11-19 16:58:19,267 - fl_main - INFO - Server receive client_dict[f_00004] info ...
2024-11-19 16:58:19,267 - fl_main - INFO - global aggregation process ...
2024-11-19 16:58:19,267 - fed_utils - INFO - server.n_data : 60000
2024-11-19 16:58:19,267 - fed_utils - INFO - client_dict[f_00000].weight : 0.200000
2024-11-19 16:58:19,267 - fed_utils - INFO - client_dict[f_00001].weight : 0.200000
2024-11-19 16:58:19,267 - fed_utils - INFO - client_dict[f_00002].weight : 0.200000
2024-11-19 16:58:19,267 - fed_utils - INFO - client_dict[f_00003].weight : 0.200000
2024-11-19 16:58:19,267 - fed_utils - INFO - client_dict[f_00004].weight : 0.200000
2024-11-19 16:58:19,268 - fed_utils - INFO - recover secret number by clients: 3157279.000000
2024-11-19 16:58:19,268 - server_base - INFO - Server aggregate model with homomorphic encryption ...
2024-11-19 16:58:20,727 - server_base - INFO - Server aggregate model done, cost time : 0m:1s:459ms
2024-11-19 16:58:21,069 - fed_utils - INFO - decrypting key [conv1.weight].shape [torch.Size([6, 1, 5, 5])]
2024-11-19 16:58:21,083 - fed_utils - INFO - decrypting key [conv1.bias].shape [torch.Size([6])]
2024-11-19 16:58:21,083 - fed_utils - INFO - decrypting key [conv2.weight].shape [torch.Size([16, 6, 5, 5])]
2024-11-19 16:58:21,083 - fed_utils - INFO - decrypting key [conv2.bias].shape [torch.Size([16])]
2024-11-19 16:58:21,083 - fed_utils - INFO - decrypting key [fc1.weight].shape [torch.Size([120, 400])]
2024-11-19 16:58:21,083 - fed_utils - INFO - decrypting key [fc1.bias].shape [torch.Size([120])]
2024-11-19 16:58:21,083 - fed_utils - INFO - decrypting key [fc2.weight].shape [torch.Size([84, 120])]
2024-11-19 16:58:21,083 - fed_utils - INFO - decrypting key [fc2.bias].shape [torch.Size([84])]
2024-11-19 16:58:22,995 - fed_utils - INFO - decrypting key [fc3.weight].shape [torch.Size([10, 84])]
2024-11-19 16:58:23,018 - fed_utils - INFO - decrypting key [fc3.bias].shape [torch.Size([10])]
2024-11-19 16:58:23,018 - fed_utils - INFO - decrypt time : [0m:2s:290ms]
2024-11-19 16:58:23,020 - fl_main - INFO - [global round : 10] aggregated model accuracy : 0.9585
2024-11-19 16:58:23,020 - fl_main - INFO - [global round : 10] aggregated model loss : 0.1315800647569463
2024-11-19 16:58:23,021 - fl_main - INFO - global round : 11
2024-11-19 16:58:23,021 - fl_main - INFO - the random client id to test accuracy : f_00002
2024-11-19 16:58:23,021 - fl_main - INFO - ----- client id [f_00000] -----
2024-11-19 16:58:23,022 - fed_utils - INFO - init global model cost time : 0m:0s:0ms
2024-11-19 16:58:23,022 - client_base - INFO - recover model cost time : 0m:0s:0ms
2024-11-19 16:58:23,022 - fl_main - INFO - client_dict[f_00000] training ...
2024-11-19 16:58:23,023 - client_base - INFO - client_dict[f_00000] training epoch : 0
2024-11-19 16:58:23,796 - client_base - INFO - local model train cost time : 0m:0s:772ms
2024-11-19 16:58:23,797 - client_base - INFO - model encode time : 0m:0s:1ms
2024-11-19 16:58:23,798 - fl_main - INFO - client_dict[f_00000] local model encrypting ...
2024-11-19 16:58:24,980 - fed_utils - INFO - encrypting key [conv1.weight].length : 150, cost time : 0m:1s:181ms
2024-11-19 16:58:25,027 - fed_utils - INFO - encrypting key [conv1.bias].length : 6, cost time : 0m:0s:47ms
2024-11-19 16:58:25,028 - fed_utils - INFO - load key [conv2.weight].length : 2400, cost time : 0m:0s:0ms
2024-11-19 16:58:25,028 - fed_utils - INFO - load key [conv2.bias].length : 16, cost time : 0m:0s:0ms
2024-11-19 16:58:25,029 - fed_utils - INFO - load key [fc1.weight].length : 48000, cost time : 0m:0s:0ms
2024-11-19 16:58:25,029 - fed_utils - INFO - load key [fc1.bias].length : 120, cost time : 0m:0s:0ms
2024-11-19 16:58:25,029 - fed_utils - INFO - load key [fc2.weight].length : 10080, cost time : 0m:0s:0ms
2024-11-19 16:58:25,029 - fed_utils - INFO - load key [fc2.bias].length : 84, cost time : 0m:0s:0ms
2024-11-19 16:58:31,801 - fed_utils - INFO - encrypting key [fc3.weight].length : 840, cost time : 0m:6s:771ms
2024-11-19 16:58:31,880 - fed_utils - INFO - encrypting key [fc3.bias].length : 10, cost time : 0m:0s:79ms
2024-11-19 16:58:31,881 - fl_main - INFO - Server receive client_dict[f_00000] info ...
2024-11-19 16:58:31,881 - fl_main - INFO - ----- client id [f_00001] -----
2024-11-19 16:58:31,882 - fed_utils - INFO - init global model cost time : 0m:0s:0ms
2024-11-19 16:58:31,882 - client_base - INFO - recover model cost time : 0m:0s:0ms
2024-11-19 16:58:31,882 - fl_main - INFO - client_dict[f_00001] training ...
2024-11-19 16:58:31,883 - client_base - INFO - client_dict[f_00001] training epoch : 0
2024-11-19 16:58:32,661 - client_base - INFO - local model train cost time : 0m:0s:777ms
2024-11-19 16:58:32,662 - client_base - INFO - model encode time : 0m:0s:1ms
2024-11-19 16:58:32,662 - fl_main - INFO - client_dict[f_00001] local model encrypting ...
2024-11-19 16:58:33,848 - fed_utils - INFO - encrypting key [conv1.weight].length : 150, cost time : 0m:1s:185ms
2024-11-19 16:58:33,896 - fed_utils - INFO - encrypting key [conv1.bias].length : 6, cost time : 0m:0s:47ms
2024-11-19 16:58:33,896 - fed_utils - INFO - load key [conv2.weight].length : 2400, cost time : 0m:0s:0ms
2024-11-19 16:58:33,896 - fed_utils - INFO - load key [conv2.bias].length : 16, cost time : 0m:0s:0ms
2024-11-19 16:58:33,897 - fed_utils - INFO - load key [fc1.weight].length : 48000, cost time : 0m:0s:0ms
2024-11-19 16:58:33,897 - fed_utils - INFO - load key [fc1.bias].length : 120, cost time : 0m:0s:0ms
2024-11-19 16:58:33,897 - fed_utils - INFO - load key [fc2.weight].length : 10080, cost time : 0m:0s:0ms
2024-11-19 16:58:33,897 - fed_utils - INFO - load key [fc2.bias].length : 84, cost time : 0m:0s:0ms
2024-11-19 16:58:40,520 - fed_utils - INFO - encrypting key [fc3.weight].length : 840, cost time : 0m:6s:622ms
2024-11-19 16:58:40,599 - fed_utils - INFO - encrypting key [fc3.bias].length : 10, cost time : 0m:0s:79ms
2024-11-19 16:58:40,599 - fl_main - INFO - Server receive client_dict[f_00001] info ...
2024-11-19 16:58:40,599 - fl_main - INFO - ----- client id [f_00002] -----
2024-11-19 16:58:40,600 - fed_utils - INFO - init global model cost time : 0m:0s:0ms
2024-11-19 16:58:40,601 - client_base - INFO - recover model cost time : 0m:0s:0ms
2024-11-19 16:58:41,429 - fl_main - INFO - global round [11] client_dict[f_00002].accuracy : 0.962600
2024-11-19 16:58:41,429 - fl_main - INFO - client_dict[f_00002] training ...
2024-11-19 16:58:41,429 - client_base - INFO - client_dict[f_00002] training epoch : 0
2024-11-19 16:58:42,335 - client_base - INFO - local model train cost time : 0m:0s:905ms
2024-11-19 16:58:42,338 - client_base - INFO - model encode time : 0m:0s:2ms
2024-11-19 16:58:42,338 - fl_main - INFO - client_dict[f_00002] local model encrypting ...
2024-11-19 16:58:43,542 - fed_utils - INFO - encrypting key [conv1.weight].length : 150, cost time : 0m:1s:204ms
2024-11-19 16:58:43,590 - fed_utils - INFO - encrypting key [conv1.bias].length : 6, cost time : 0m:0s:47ms
2024-11-19 16:58:43,590 - fed_utils - INFO - load key [conv2.weight].length : 2400, cost time : 0m:0s:0ms
2024-11-19 16:58:43,590 - fed_utils - INFO - load key [conv2.bias].length : 16, cost time : 0m:0s:0ms
2024-11-19 16:58:43,591 - fed_utils - INFO - load key [fc1.weight].length : 48000, cost time : 0m:0s:0ms
2024-11-19 16:58:43,591 - fed_utils - INFO - load key [fc1.bias].length : 120, cost time : 0m:0s:0ms
2024-11-19 16:58:43,591 - fed_utils - INFO - load key [fc2.weight].length : 10080, cost time : 0m:0s:0ms
2024-11-19 16:58:43,591 - fed_utils - INFO - load key [fc2.bias].length : 84, cost time : 0m:0s:0ms
2024-11-19 16:58:50,217 - fed_utils - INFO - encrypting key [fc3.weight].length : 840, cost time : 0m:6s:626ms
2024-11-19 16:58:50,297 - fed_utils - INFO - encrypting key [fc3.bias].length : 10, cost time : 0m:0s:79ms
2024-11-19 16:58:50,297 - fl_main - INFO - Server receive client_dict[f_00002] info ...
2024-11-19 16:58:50,297 - fl_main - INFO - ----- client id [f_00003] -----
2024-11-19 16:58:50,298 - fed_utils - INFO - init global model cost time : 0m:0s:0ms
2024-11-19 16:58:50,298 - client_base - INFO - recover model cost time : 0m:0s:0ms
2024-11-19 16:58:50,298 - fl_main - INFO - client_dict[f_00003] training ...
2024-11-19 16:58:50,299 - client_base - INFO - client_dict[f_00003] training epoch : 0
2024-11-19 16:58:51,103 - client_base - INFO - local model train cost time : 0m:0s:804ms
2024-11-19 16:58:51,105 - client_base - INFO - model encode time : 0m:0s:1ms
2024-11-19 16:58:51,105 - fl_main - INFO - client_dict[f_00003] local model encrypting ...
2024-11-19 16:58:52,288 - fed_utils - INFO - encrypting key [conv1.weight].length : 150, cost time : 0m:1s:182ms
2024-11-19 16:58:52,336 - fed_utils - INFO - encrypting key [conv1.bias].length : 6, cost time : 0m:0s:48ms
2024-11-19 16:58:52,336 - fed_utils - INFO - load key [conv2.weight].length : 2400, cost time : 0m:0s:0ms
2024-11-19 16:58:52,336 - fed_utils - INFO - load key [conv2.bias].length : 16, cost time : 0m:0s:0ms
2024-11-19 16:58:52,337 - fed_utils - INFO - load key [fc1.weight].length : 48000, cost time : 0m:0s:0ms
2024-11-19 16:58:52,337 - fed_utils - INFO - load key [fc1.bias].length : 120, cost time : 0m:0s:0ms
2024-11-19 16:58:52,338 - fed_utils - INFO - load key [fc2.weight].length : 10080, cost time : 0m:0s:0ms
2024-11-19 16:58:52,338 - fed_utils - INFO - load key [fc2.bias].length : 84, cost time : 0m:0s:0ms
2024-11-19 16:58:59,100 - fed_utils - INFO - encrypting key [fc3.weight].length : 840, cost time : 0m:6s:762ms
2024-11-19 16:58:59,180 - fed_utils - INFO - encrypting key [fc3.bias].length : 10, cost time : 0m:0s:79ms
2024-11-19 16:58:59,180 - fl_main - INFO - Server receive client_dict[f_00003] info ...
2024-11-19 16:58:59,180 - fl_main - INFO - ----- client id [f_00004] -----
2024-11-19 16:58:59,181 - fed_utils - INFO - init global model cost time : 0m:0s:0ms
2024-11-19 16:58:59,181 - client_base - INFO - recover model cost time : 0m:0s:0ms
2024-11-19 16:58:59,181 - fl_main - INFO - client_dict[f_00004] training ...
2024-11-19 16:58:59,182 - client_base - INFO - client_dict[f_00004] training epoch : 0
2024-11-19 16:58:59,982 - client_base - INFO - local model train cost time : 0m:0s:800ms
2024-11-19 16:58:59,983 - client_base - INFO - model encode time : 0m:0s:1ms
2024-11-19 16:58:59,984 - fl_main - INFO - client_dict[f_00004] local model encrypting ...
2024-11-19 16:59:01,171 - fed_utils - INFO - encrypting key [conv1.weight].length : 150, cost time : 0m:1s:186ms
2024-11-19 16:59:01,219 - fed_utils - INFO - encrypting key [conv1.bias].length : 6, cost time : 0m:0s:48ms
2024-11-19 16:59:01,219 - fed_utils - INFO - load key [conv2.weight].length : 2400, cost time : 0m:0s:0ms
2024-11-19 16:59:01,219 - fed_utils - INFO - load key [conv2.bias].length : 16, cost time : 0m:0s:0ms
2024-11-19 16:59:01,220 - fed_utils - INFO - load key [fc1.weight].length : 48000, cost time : 0m:0s:0ms
2024-11-19 16:59:01,220 - fed_utils - INFO - load key [fc1.bias].length : 120, cost time : 0m:0s:0ms
2024-11-19 16:59:01,220 - fed_utils - INFO - load key [fc2.weight].length : 10080, cost time : 0m:0s:0ms
2024-11-19 16:59:01,220 - fed_utils - INFO - load key [fc2.bias].length : 84, cost time : 0m:0s:0ms
2024-11-19 16:59:07,853 - fed_utils - INFO - encrypting key [fc3.weight].length : 840, cost time : 0m:6s:632ms
2024-11-19 16:59:07,932 - fed_utils - INFO - encrypting key [fc3.bias].length : 10, cost time : 0m:0s:79ms
2024-11-19 16:59:07,932 - fl_main - INFO - Server receive client_dict[f_00004] info ...
2024-11-19 16:59:07,932 - fl_main - INFO - global aggregation process ...
2024-11-19 16:59:07,932 - fed_utils - INFO - server.n_data : 60000
2024-11-19 16:59:07,932 - fed_utils - INFO - client_dict[f_00000].weight : 0.200000
2024-11-19 16:59:07,932 - fed_utils - INFO - client_dict[f_00001].weight : 0.200000
2024-11-19 16:59:07,932 - fed_utils - INFO - client_dict[f_00002].weight : 0.200000
2024-11-19 16:59:07,932 - fed_utils - INFO - client_dict[f_00003].weight : 0.200000
2024-11-19 16:59:07,932 - fed_utils - INFO - client_dict[f_00004].weight : 0.200000
2024-11-19 16:59:07,932 - fed_utils - INFO - recover secret number by clients: 3157279.000000
2024-11-19 16:59:07,932 - server_base - INFO - Server aggregate model with homomorphic encryption ...
2024-11-19 16:59:09,369 - server_base - INFO - Server aggregate model done, cost time : 0m:1s:436ms
2024-11-19 16:59:09,710 - fed_utils - INFO - decrypting key [conv1.weight].shape [torch.Size([6, 1, 5, 5])]
2024-11-19 16:59:09,724 - fed_utils - INFO - decrypting key [conv1.bias].shape [torch.Size([6])]
2024-11-19 16:59:09,724 - fed_utils - INFO - decrypting key [conv2.weight].shape [torch.Size([16, 6, 5, 5])]
2024-11-19 16:59:09,724 - fed_utils - INFO - decrypting key [conv2.bias].shape [torch.Size([16])]
2024-11-19 16:59:09,725 - fed_utils - INFO - decrypting key [fc1.weight].shape [torch.Size([120, 400])]
2024-11-19 16:59:09,725 - fed_utils - INFO - decrypting key [fc1.bias].shape [torch.Size([120])]
2024-11-19 16:59:09,725 - fed_utils - INFO - decrypting key [fc2.weight].shape [torch.Size([84, 120])]
2024-11-19 16:59:09,725 - fed_utils - INFO - decrypting key [fc2.bias].shape [torch.Size([84])]
2024-11-19 16:59:11,637 - fed_utils - INFO - decrypting key [fc3.weight].shape [torch.Size([10, 84])]
2024-11-19 16:59:11,660 - fed_utils - INFO - decrypting key [fc3.bias].shape [torch.Size([10])]
2024-11-19 16:59:11,660 - fed_utils - INFO - decrypt time : [0m:2s:291ms]
2024-11-19 16:59:11,662 - fl_main - INFO - [global round : 11] aggregated model accuracy : 0.9626
2024-11-19 16:59:11,662 - fl_main - INFO - [global round : 11] aggregated model loss : 0.07420519007003872
2024-11-19 16:59:11,663 - fl_main - INFO - global round : 12
2024-11-19 16:59:11,663 - fl_main - INFO - the random client id to test accuracy : f_00000
2024-11-19 16:59:11,663 - fl_main - INFO - ----- client id [f_00000] -----
2024-11-19 16:59:11,664 - fed_utils - INFO - init global model cost time : 0m:0s:0ms
2024-11-19 16:59:11,665 - client_base - INFO - recover model cost time : 0m:0s:0ms
2024-11-19 16:59:12,615 - fl_main - INFO - global round [12] client_dict[f_00000].accuracy : 0.966000
2024-11-19 16:59:12,615 - fl_main - INFO - client_dict[f_00000] training ...
2024-11-19 16:59:12,615 - client_base - INFO - client_dict[f_00000] training epoch : 0
2024-11-19 16:59:13,389 - client_base - INFO - local model train cost time : 0m:0s:773ms
2024-11-19 16:59:13,391 - client_base - INFO - model encode time : 0m:0s:1ms
2024-11-19 16:59:13,391 - fl_main - INFO - client_dict[f_00000] local model encrypting ...
2024-11-19 16:59:14,578 - fed_utils - INFO - encrypting key [conv1.weight].length : 150, cost time : 0m:1s:187ms
2024-11-19 16:59:14,626 - fed_utils - INFO - encrypting key [conv1.bias].length : 6, cost time : 0m:0s:47ms
2024-11-19 16:59:14,626 - fed_utils - INFO - load key [conv2.weight].length : 2400, cost time : 0m:0s:0ms
2024-11-19 16:59:14,626 - fed_utils - INFO - load key [conv2.bias].length : 16, cost time : 0m:0s:0ms
2024-11-19 16:59:14,627 - fed_utils - INFO - load key [fc1.weight].length : 48000, cost time : 0m:0s:0ms
2024-11-19 16:59:14,627 - fed_utils - INFO - load key [fc1.bias].length : 120, cost time : 0m:0s:0ms
2024-11-19 16:59:14,628 - fed_utils - INFO - load key [fc2.weight].length : 10080, cost time : 0m:0s:0ms
2024-11-19 16:59:14,628 - fed_utils - INFO - load key [fc2.bias].length : 84, cost time : 0m:0s:0ms
2024-11-19 16:59:21,255 - fed_utils - INFO - encrypting key [fc3.weight].length : 840, cost time : 0m:6s:627ms
2024-11-19 16:59:21,334 - fed_utils - INFO - encrypting key [fc3.bias].length : 10, cost time : 0m:0s:79ms
2024-11-19 16:59:21,335 - fl_main - INFO - Server receive client_dict[f_00000] info ...
2024-11-19 16:59:21,335 - fl_main - INFO - ----- client id [f_00001] -----
2024-11-19 16:59:21,336 - fed_utils - INFO - init global model cost time : 0m:0s:0ms
2024-11-19 16:59:21,337 - client_base - INFO - recover model cost time : 0m:0s:0ms
2024-11-19 16:59:21,337 - fl_main - INFO - client_dict[f_00001] training ...
2024-11-19 16:59:21,337 - client_base - INFO - client_dict[f_00001] training epoch : 0
2024-11-19 16:59:22,116 - client_base - INFO - local model train cost time : 0m:0s:778ms
2024-11-19 16:59:22,118 - client_base - INFO - model encode time : 0m:0s:1ms
2024-11-19 16:59:22,118 - fl_main - INFO - client_dict[f_00001] local model encrypting ...
2024-11-19 16:59:23,301 - fed_utils - INFO - encrypting key [conv1.weight].length : 150, cost time : 0m:1s:182ms
2024-11-19 16:59:23,348 - fed_utils - INFO - encrypting key [conv1.bias].length : 6, cost time : 0m:0s:47ms
2024-11-19 16:59:23,349 - fed_utils - INFO - load key [conv2.weight].length : 2400, cost time : 0m:0s:0ms
2024-11-19 16:59:23,349 - fed_utils - INFO - load key [conv2.bias].length : 16, cost time : 0m:0s:0ms
2024-11-19 16:59:23,350 - fed_utils - INFO - load key [fc1.weight].length : 48000, cost time : 0m:0s:0ms
2024-11-19 16:59:23,350 - fed_utils - INFO - load key [fc1.bias].length : 120, cost time : 0m:0s:0ms
2024-11-19 16:59:23,350 - fed_utils - INFO - load key [fc2.weight].length : 10080, cost time : 0m:0s:0ms
2024-11-19 16:59:23,350 - fed_utils - INFO - load key [fc2.bias].length : 84, cost time : 0m:0s:0ms
2024-11-19 16:59:30,107 - fed_utils - INFO - encrypting key [fc3.weight].length : 840, cost time : 0m:6s:757ms
2024-11-19 16:59:30,187 - fed_utils - INFO - encrypting key [fc3.bias].length : 10, cost time : 0m:0s:79ms
2024-11-19 16:59:30,187 - fl_main - INFO - Server receive client_dict[f_00001] info ...
2024-11-19 16:59:30,187 - fl_main - INFO - ----- client id [f_00002] -----
2024-11-19 16:59:30,188 - fed_utils - INFO - init global model cost time : 0m:0s:0ms
2024-11-19 16:59:30,188 - client_base - INFO - recover model cost time : 0m:0s:0ms
2024-11-19 16:59:30,188 - fl_main - INFO - client_dict[f_00002] training ...
2024-11-19 16:59:30,189 - client_base - INFO - client_dict[f_00002] training epoch : 0
2024-11-19 16:59:30,973 - client_base - INFO - local model train cost time : 0m:0s:783ms
2024-11-19 16:59:30,974 - client_base - INFO - model encode time : 0m:0s:1ms
2024-11-19 16:59:30,974 - fl_main - INFO - client_dict[f_00002] local model encrypting ...
2024-11-19 16:59:32,159 - fed_utils - INFO - encrypting key [conv1.weight].length : 150, cost time : 0m:1s:184ms
2024-11-19 16:59:32,207 - fed_utils - INFO - encrypting key [conv1.bias].length : 6, cost time : 0m:0s:47ms
2024-11-19 16:59:32,207 - fed_utils - INFO - load key [conv2.weight].length : 2400, cost time : 0m:0s:0ms
2024-11-19 16:59:32,207 - fed_utils - INFO - load key [conv2.bias].length : 16, cost time : 0m:0s:0ms
2024-11-19 16:59:32,208 - fed_utils - INFO - load key [fc1.weight].length : 48000, cost time : 0m:0s:0ms
2024-11-19 16:59:32,208 - fed_utils - INFO - load key [fc1.bias].length : 120, cost time : 0m:0s:0ms
2024-11-19 16:59:32,208 - fed_utils - INFO - load key [fc2.weight].length : 10080, cost time : 0m:0s:0ms
2024-11-19 16:59:32,208 - fed_utils - INFO - load key [fc2.bias].length : 84, cost time : 0m:0s:0ms
2024-11-19 16:59:38,833 - fed_utils - INFO - encrypting key [fc3.weight].length : 840, cost time : 0m:6s:624ms
2024-11-19 16:59:38,912 - fed_utils - INFO - encrypting key [fc3.bias].length : 10, cost time : 0m:0s:79ms
2024-11-19 16:59:38,912 - fl_main - INFO - Server receive client_dict[f_00002] info ...
2024-11-19 16:59:38,912 - fl_main - INFO - ----- client id [f_00003] -----
2024-11-19 16:59:38,913 - fed_utils - INFO - init global model cost time : 0m:0s:0ms
2024-11-19 16:59:38,913 - client_base - INFO - recover model cost time : 0m:0s:0ms
2024-11-19 16:59:38,913 - fl_main - INFO - client_dict[f_00003] training ...
2024-11-19 16:59:38,914 - client_base - INFO - client_dict[f_00003] training epoch : 0
2024-11-19 16:59:39,695 - client_base - INFO - local model train cost time : 0m:0s:781ms
2024-11-19 16:59:39,697 - client_base - INFO - model encode time : 0m:0s:1ms
2024-11-19 16:59:39,697 - fl_main - INFO - client_dict[f_00003] local model encrypting ...
2024-11-19 16:59:40,881 - fed_utils - INFO - encrypting key [conv1.weight].length : 150, cost time : 0m:1s:183ms
2024-11-19 16:59:40,928 - fed_utils - INFO - encrypting key [conv1.bias].length : 6, cost time : 0m:0s:47ms
2024-11-19 16:59:40,928 - fed_utils - INFO - load key [conv2.weight].length : 2400, cost time : 0m:0s:0ms
2024-11-19 16:59:40,928 - fed_utils - INFO - load key [conv2.bias].length : 16, cost time : 0m:0s:0ms
2024-11-19 16:59:40,929 - fed_utils - INFO - load key [fc1.weight].length : 48000, cost time : 0m:0s:0ms
2024-11-19 16:59:40,929 - fed_utils - INFO - load key [fc1.bias].length : 120, cost time : 0m:0s:0ms
2024-11-19 16:59:40,930 - fed_utils - INFO - load key [fc2.weight].length : 10080, cost time : 0m:0s:0ms
2024-11-19 16:59:40,930 - fed_utils - INFO - load key [fc2.bias].length : 84, cost time : 0m:0s:0ms
2024-11-19 16:59:47,702 - fed_utils - INFO - encrypting key [fc3.weight].length : 840, cost time : 0m:6s:771ms
2024-11-19 16:59:47,781 - fed_utils - INFO - encrypting key [fc3.bias].length : 10, cost time : 0m:0s:79ms
2024-11-19 16:59:47,781 - fl_main - INFO - Server receive client_dict[f_00003] info ...
2024-11-19 16:59:47,782 - fl_main - INFO - ----- client id [f_00004] -----
2024-11-19 16:59:47,782 - fed_utils - INFO - init global model cost time : 0m:0s:0ms
2024-11-19 16:59:47,783 - client_base - INFO - recover model cost time : 0m:0s:0ms
2024-11-19 16:59:47,783 - fl_main - INFO - client_dict[f_00004] training ...
2024-11-19 16:59:47,784 - client_base - INFO - client_dict[f_00004] training epoch : 0
2024-11-19 16:59:48,558 - client_base - INFO - local model train cost time : 0m:0s:774ms
2024-11-19 16:59:48,559 - client_base - INFO - model encode time : 0m:0s:1ms
2024-11-19 16:59:48,560 - fl_main - INFO - client_dict[f_00004] local model encrypting ...
2024-11-19 16:59:49,743 - fed_utils - INFO - encrypting key [conv1.weight].length : 150, cost time : 0m:1s:183ms
2024-11-19 16:59:49,791 - fed_utils - INFO - encrypting key [conv1.bias].length : 6, cost time : 0m:0s:47ms
2024-11-19 16:59:49,791 - fed_utils - INFO - load key [conv2.weight].length : 2400, cost time : 0m:0s:0ms
2024-11-19 16:59:49,791 - fed_utils - INFO - load key [conv2.bias].length : 16, cost time : 0m:0s:0ms
2024-11-19 16:59:49,792 - fed_utils - INFO - load key [fc1.weight].length : 48000, cost time : 0m:0s:0ms
2024-11-19 16:59:49,792 - fed_utils - INFO - load key [fc1.bias].length : 120, cost time : 0m:0s:0ms
2024-11-19 16:59:49,792 - fed_utils - INFO - load key [fc2.weight].length : 10080, cost time : 0m:0s:0ms
2024-11-19 16:59:49,792 - fed_utils - INFO - load key [fc2.bias].length : 84, cost time : 0m:0s:0ms
2024-11-19 16:59:56,415 - fed_utils - INFO - encrypting key [fc3.weight].length : 840, cost time : 0m:6s:622ms
2024-11-19 16:59:56,494 - fed_utils - INFO - encrypting key [fc3.bias].length : 10, cost time : 0m:0s:79ms
2024-11-19 16:59:56,494 - fl_main - INFO - Server receive client_dict[f_00004] info ...
2024-11-19 16:59:56,495 - fl_main - INFO - global aggregation process ...
2024-11-19 16:59:56,495 - fed_utils - INFO - server.n_data : 60000
2024-11-19 16:59:56,495 - fed_utils - INFO - client_dict[f_00000].weight : 0.200000
2024-11-19 16:59:56,495 - fed_utils - INFO - client_dict[f_00001].weight : 0.200000
2024-11-19 16:59:56,495 - fed_utils - INFO - client_dict[f_00002].weight : 0.200000
2024-11-19 16:59:56,495 - fed_utils - INFO - client_dict[f_00003].weight : 0.200000
2024-11-19 16:59:56,495 - fed_utils - INFO - client_dict[f_00004].weight : 0.200000
2024-11-19 16:59:56,495 - fed_utils - INFO - recover secret number by clients: 3157279.000000
2024-11-19 16:59:56,495 - server_base - INFO - Server aggregate model with homomorphic encryption ...
2024-11-19 16:59:58,086 - server_base - INFO - Server aggregate model done, cost time : 0m:1s:591ms
2024-11-19 16:59:58,428 - fed_utils - INFO - decrypting key [conv1.weight].shape [torch.Size([6, 1, 5, 5])]
2024-11-19 16:59:58,442 - fed_utils - INFO - decrypting key [conv1.bias].shape [torch.Size([6])]
2024-11-19 16:59:58,442 - fed_utils - INFO - decrypting key [conv2.weight].shape [torch.Size([16, 6, 5, 5])]
2024-11-19 16:59:58,442 - fed_utils - INFO - decrypting key [conv2.bias].shape [torch.Size([16])]
2024-11-19 16:59:58,442 - fed_utils - INFO - decrypting key [fc1.weight].shape [torch.Size([120, 400])]
2024-11-19 16:59:58,442 - fed_utils - INFO - decrypting key [fc1.bias].shape [torch.Size([120])]
2024-11-19 16:59:58,442 - fed_utils - INFO - decrypting key [fc2.weight].shape [torch.Size([84, 120])]
2024-11-19 16:59:58,442 - fed_utils - INFO - decrypting key [fc2.bias].shape [torch.Size([84])]
2024-11-19 17:00:00,354 - fed_utils - INFO - decrypting key [fc3.weight].shape [torch.Size([10, 84])]
2024-11-19 17:00:00,377 - fed_utils - INFO - decrypting key [fc3.bias].shape [torch.Size([10])]
2024-11-19 17:00:00,377 - fed_utils - INFO - decrypt time : [0m:2s:291ms]
2024-11-19 17:00:00,380 - fl_main - INFO - [global round : 12] aggregated model accuracy : 0.9660000000000001
2024-11-19 17:00:00,380 - fl_main - INFO - [global round : 12] aggregated model loss : 0.11225663432918054
2024-11-19 17:00:00,380 - fl_main - INFO - global round : 13
2024-11-19 17:00:00,381 - fl_main - INFO - the random client id to test accuracy : f_00003
2024-11-19 17:00:00,381 - fl_main - INFO - ----- client id [f_00000] -----
2024-11-19 17:00:00,382 - fed_utils - INFO - init global model cost time : 0m:0s:0ms
2024-11-19 17:00:00,382 - client_base - INFO - recover model cost time : 0m:0s:0ms
2024-11-19 17:00:00,382 - fl_main - INFO - client_dict[f_00000] training ...
2024-11-19 17:00:00,383 - client_base - INFO - client_dict[f_00000] training epoch : 0
2024-11-19 17:00:01,149 - client_base - INFO - local model train cost time : 0m:0s:766ms
2024-11-19 17:00:01,151 - client_base - INFO - model encode time : 0m:0s:1ms
2024-11-19 17:00:01,151 - fl_main - INFO - client_dict[f_00000] local model encrypting ...
2024-11-19 17:00:02,338 - fed_utils - INFO - encrypting key [conv1.weight].length : 150, cost time : 0m:1s:187ms
2024-11-19 17:00:02,386 - fed_utils - INFO - encrypting key [conv1.bias].length : 6, cost time : 0m:0s:47ms
2024-11-19 17:00:02,386 - fed_utils - INFO - load key [conv2.weight].length : 2400, cost time : 0m:0s:0ms
2024-11-19 17:00:02,386 - fed_utils - INFO - load key [conv2.bias].length : 16, cost time : 0m:0s:0ms
2024-11-19 17:00:02,387 - fed_utils - INFO - load key [fc1.weight].length : 48000, cost time : 0m:0s:0ms
2024-11-19 17:00:02,387 - fed_utils - INFO - load key [fc1.bias].length : 120, cost time : 0m:0s:0ms
2024-11-19 17:00:02,388 - fed_utils - INFO - load key [fc2.weight].length : 10080, cost time : 0m:0s:0ms
2024-11-19 17:00:02,388 - fed_utils - INFO - load key [fc2.bias].length : 84, cost time : 0m:0s:0ms
2024-11-19 17:00:09,011 - fed_utils - INFO - encrypting key [fc3.weight].length : 840, cost time : 0m:6s:623ms
2024-11-19 17:00:09,091 - fed_utils - INFO - encrypting key [fc3.bias].length : 10, cost time : 0m:0s:79ms
2024-11-19 17:00:09,092 - fl_main - INFO - Server receive client_dict[f_00000] info ...
2024-11-19 17:00:09,092 - fl_main - INFO - ----- client id [f_00001] -----
2024-11-19 17:00:09,093 - fed_utils - INFO - init global model cost time : 0m:0s:0ms
2024-11-19 17:00:09,093 - client_base - INFO - recover model cost time : 0m:0s:0ms
2024-11-19 17:00:09,093 - fl_main - INFO - client_dict[f_00001] training ...
2024-11-19 17:00:09,094 - client_base - INFO - client_dict[f_00001] training epoch : 0
2024-11-19 17:00:09,887 - client_base - INFO - local model train cost time : 0m:0s:792ms
2024-11-19 17:00:09,888 - client_base - INFO - model encode time : 0m:0s:1ms
2024-11-19 17:00:09,888 - fl_main - INFO - client_dict[f_00001] local model encrypting ...
2024-11-19 17:00:11,077 - fed_utils - INFO - encrypting key [conv1.weight].length : 150, cost time : 0m:1s:188ms
2024-11-19 17:00:11,125 - fed_utils - INFO - encrypting key [conv1.bias].length : 6, cost time : 0m:0s:47ms
2024-11-19 17:00:11,125 - fed_utils - INFO - load key [conv2.weight].length : 2400, cost time : 0m:0s:0ms
2024-11-19 17:00:11,125 - fed_utils - INFO - load key [conv2.bias].length : 16, cost time : 0m:0s:0ms
2024-11-19 17:00:11,126 - fed_utils - INFO - load key [fc1.weight].length : 48000, cost time : 0m:0s:0ms
2024-11-19 17:00:11,126 - fed_utils - INFO - load key [fc1.bias].length : 120, cost time : 0m:0s:0ms
2024-11-19 17:00:11,126 - fed_utils - INFO - load key [fc2.weight].length : 10080, cost time : 0m:0s:0ms
2024-11-19 17:00:11,126 - fed_utils - INFO - load key [fc2.bias].length : 84, cost time : 0m:0s:0ms
2024-11-19 17:00:17,906 - fed_utils - INFO - encrypting key [fc3.weight].length : 840, cost time : 0m:6s:779ms
2024-11-19 17:00:17,985 - fed_utils - INFO - encrypting key [fc3.bias].length : 10, cost time : 0m:0s:79ms
2024-11-19 17:00:17,985 - fl_main - INFO - Server receive client_dict[f_00001] info ...
2024-11-19 17:00:17,986 - fl_main - INFO - ----- client id [f_00002] -----
2024-11-19 17:00:17,986 - fed_utils - INFO - init global model cost time : 0m:0s:0ms
2024-11-19 17:00:17,987 - client_base - INFO - recover model cost time : 0m:0s:0ms
2024-11-19 17:00:17,987 - fl_main - INFO - client_dict[f_00002] training ...
2024-11-19 17:00:17,988 - client_base - INFO - client_dict[f_00002] training epoch : 0
2024-11-19 17:00:18,751 - client_base - INFO - local model train cost time : 0m:0s:763ms
2024-11-19 17:00:18,753 - client_base - INFO - model encode time : 0m:0s:1ms
2024-11-19 17:00:18,753 - fl_main - INFO - client_dict[f_00002] local model encrypting ...
2024-11-19 17:00:19,936 - fed_utils - INFO - encrypting key [conv1.weight].length : 150, cost time : 0m:1s:182ms
2024-11-19 17:00:19,984 - fed_utils - INFO - encrypting key [conv1.bias].length : 6, cost time : 0m:0s:47ms
2024-11-19 17:00:19,984 - fed_utils - INFO - load key [conv2.weight].length : 2400, cost time : 0m:0s:0ms
2024-11-19 17:00:19,984 - fed_utils - INFO - load key [conv2.bias].length : 16, cost time : 0m:0s:0ms
2024-11-19 17:00:19,985 - fed_utils - INFO - load key [fc1.weight].length : 48000, cost time : 0m:0s:0ms
2024-11-19 17:00:19,985 - fed_utils - INFO - load key [fc1.bias].length : 120, cost time : 0m:0s:0ms
2024-11-19 17:00:19,985 - fed_utils - INFO - load key [fc2.weight].length : 10080, cost time : 0m:0s:0ms
2024-11-19 17:00:19,985 - fed_utils - INFO - load key [fc2.bias].length : 84, cost time : 0m:0s:0ms
2024-11-19 17:00:26,609 - fed_utils - INFO - encrypting key [fc3.weight].length : 840, cost time : 0m:6s:623ms
2024-11-19 17:00:26,688 - fed_utils - INFO - encrypting key [fc3.bias].length : 10, cost time : 0m:0s:79ms
2024-11-19 17:00:26,688 - fl_main - INFO - Server receive client_dict[f_00002] info ...
2024-11-19 17:00:26,688 - fl_main - INFO - ----- client id [f_00003] -----
2024-11-19 17:00:26,689 - fed_utils - INFO - init global model cost time : 0m:0s:0ms
2024-11-19 17:00:26,689 - client_base - INFO - recover model cost time : 0m:0s:0ms
2024-11-19 17:00:27,653 - fl_main - INFO - global round [13] client_dict[f_00003].accuracy : 0.967700
2024-11-19 17:00:27,653 - fl_main - INFO - client_dict[f_00003] training ...
2024-11-19 17:00:27,653 - client_base - INFO - client_dict[f_00003] training epoch : 0
2024-11-19 17:00:28,435 - client_base - INFO - local model train cost time : 0m:0s:781ms
2024-11-19 17:00:28,437 - client_base - INFO - model encode time : 0m:0s:1ms
2024-11-19 17:00:28,437 - fl_main - INFO - client_dict[f_00003] local model encrypting ...
2024-11-19 17:00:29,620 - fed_utils - INFO - encrypting key [conv1.weight].length : 150, cost time : 0m:1s:182ms
2024-11-19 17:00:29,667 - fed_utils - INFO - encrypting key [conv1.bias].length : 6, cost time : 0m:0s:47ms
2024-11-19 17:00:29,667 - fed_utils - INFO - load key [conv2.weight].length : 2400, cost time : 0m:0s:0ms
2024-11-19 17:00:29,668 - fed_utils - INFO - load key [conv2.bias].length : 16, cost time : 0m:0s:0ms
2024-11-19 17:00:29,668 - fed_utils - INFO - load key [fc1.weight].length : 48000, cost time : 0m:0s:0ms
2024-11-19 17:00:29,669 - fed_utils - INFO - load key [fc1.bias].length : 120, cost time : 0m:0s:0ms
2024-11-19 17:00:29,669 - fed_utils - INFO - load key [fc2.weight].length : 10080, cost time : 0m:0s:0ms
2024-11-19 17:00:29,669 - fed_utils - INFO - load key [fc2.bias].length : 84, cost time : 0m:0s:0ms
2024-11-19 17:00:36,292 - fed_utils - INFO - encrypting key [fc3.weight].length : 840, cost time : 0m:6s:623ms
2024-11-19 17:00:36,372 - fed_utils - INFO - encrypting key [fc3.bias].length : 10, cost time : 0m:0s:79ms
2024-11-19 17:00:36,372 - fl_main - INFO - Server receive client_dict[f_00003] info ...
2024-11-19 17:00:36,372 - fl_main - INFO - ----- client id [f_00004] -----
2024-11-19 17:00:36,373 - fed_utils - INFO - init global model cost time : 0m:0s:0ms
2024-11-19 17:00:36,373 - client_base - INFO - recover model cost time : 0m:0s:0ms
2024-11-19 17:00:36,373 - fl_main - INFO - client_dict[f_00004] training ...
2024-11-19 17:00:36,374 - client_base - INFO - client_dict[f_00004] training epoch : 0
2024-11-19 17:00:37,155 - client_base - INFO - local model train cost time : 0m:0s:781ms
2024-11-19 17:00:37,156 - client_base - INFO - model encode time : 0m:0s:1ms
2024-11-19 17:00:37,157 - fl_main - INFO - client_dict[f_00004] local model encrypting ...
2024-11-19 17:00:38,339 - fed_utils - INFO - encrypting key [conv1.weight].length : 150, cost time : 0m:1s:182ms
2024-11-19 17:00:38,387 - fed_utils - INFO - encrypting key [conv1.bias].length : 6, cost time : 0m:0s:47ms
2024-11-19 17:00:38,387 - fed_utils - INFO - load key [conv2.weight].length : 2400, cost time : 0m:0s:0ms
2024-11-19 17:00:38,387 - fed_utils - INFO - load key [conv2.bias].length : 16, cost time : 0m:0s:0ms
2024-11-19 17:00:38,388 - fed_utils - INFO - load key [fc1.weight].length : 48000, cost time : 0m:0s:0ms
2024-11-19 17:00:38,388 - fed_utils - INFO - load key [fc1.bias].length : 120, cost time : 0m:0s:0ms
2024-11-19 17:00:38,388 - fed_utils - INFO - load key [fc2.weight].length : 10080, cost time : 0m:0s:0ms
2024-11-19 17:00:38,388 - fed_utils - INFO - load key [fc2.bias].length : 84, cost time : 0m:0s:0ms
2024-11-19 17:00:45,155 - fed_utils - INFO - encrypting key [fc3.weight].length : 840, cost time : 0m:6s:767ms
2024-11-19 17:00:45,235 - fed_utils - INFO - encrypting key [fc3.bias].length : 10, cost time : 0m:0s:79ms
2024-11-19 17:00:45,235 - fl_main - INFO - Server receive client_dict[f_00004] info ...
2024-11-19 17:00:45,235 - fl_main - INFO - global aggregation process ...
2024-11-19 17:00:45,235 - fed_utils - INFO - server.n_data : 60000
2024-11-19 17:00:45,235 - fed_utils - INFO - client_dict[f_00000].weight : 0.200000
2024-11-19 17:00:45,235 - fed_utils - INFO - client_dict[f_00001].weight : 0.200000
2024-11-19 17:00:45,235 - fed_utils - INFO - client_dict[f_00002].weight : 0.200000
2024-11-19 17:00:45,235 - fed_utils - INFO - client_dict[f_00003].weight : 0.200000
2024-11-19 17:00:45,235 - fed_utils - INFO - client_dict[f_00004].weight : 0.200000
2024-11-19 17:00:45,235 - fed_utils - INFO - recover secret number by clients: 3157279.000000
2024-11-19 17:00:45,235 - server_base - INFO - Server aggregate model with homomorphic encryption ...
2024-11-19 17:00:46,672 - server_base - INFO - Server aggregate model done, cost time : 0m:1s:436ms
2024-11-19 17:00:47,014 - fed_utils - INFO - decrypting key [conv1.weight].shape [torch.Size([6, 1, 5, 5])]
2024-11-19 17:00:47,027 - fed_utils - INFO - decrypting key [conv1.bias].shape [torch.Size([6])]
2024-11-19 17:00:47,027 - fed_utils - INFO - decrypting key [conv2.weight].shape [torch.Size([16, 6, 5, 5])]
2024-11-19 17:00:47,028 - fed_utils - INFO - decrypting key [conv2.bias].shape [torch.Size([16])]
2024-11-19 17:00:47,028 - fed_utils - INFO - decrypting key [fc1.weight].shape [torch.Size([120, 400])]
2024-11-19 17:00:47,028 - fed_utils - INFO - decrypting key [fc1.bias].shape [torch.Size([120])]
2024-11-19 17:00:47,028 - fed_utils - INFO - decrypting key [fc2.weight].shape [torch.Size([84, 120])]
2024-11-19 17:00:47,028 - fed_utils - INFO - decrypting key [fc2.bias].shape [torch.Size([84])]
2024-11-19 17:00:48,941 - fed_utils - INFO - decrypting key [fc3.weight].shape [torch.Size([10, 84])]
2024-11-19 17:00:48,964 - fed_utils - INFO - decrypting key [fc3.bias].shape [torch.Size([10])]
2024-11-19 17:00:48,964 - fed_utils - INFO - decrypt time : [0m:2s:292ms]
2024-11-19 17:00:48,967 - fl_main - INFO - [global round : 13] aggregated model accuracy : 0.9677
2024-11-19 17:00:48,967 - fl_main - INFO - [global round : 13] aggregated model loss : 0.15171089578421199
2024-11-19 17:00:48,967 - fl_main - INFO - global round : 14
2024-11-19 17:00:48,968 - fl_main - INFO - the random client id to test accuracy : f_00004
2024-11-19 17:00:48,968 - fl_main - INFO - ----- client id [f_00000] -----
2024-11-19 17:00:48,968 - fed_utils - INFO - init global model cost time : 0m:0s:0ms
2024-11-19 17:00:48,969 - client_base - INFO - recover model cost time : 0m:0s:0ms
2024-11-19 17:00:48,969 - fl_main - INFO - client_dict[f_00000] training ...
2024-11-19 17:00:48,969 - client_base - INFO - client_dict[f_00000] training epoch : 0
2024-11-19 17:00:49,750 - client_base - INFO - local model train cost time : 0m:0s:780ms
2024-11-19 17:00:49,752 - client_base - INFO - model encode time : 0m:0s:1ms
2024-11-19 17:00:49,752 - fl_main - INFO - client_dict[f_00000] local model encrypting ...
2024-11-19 17:00:50,938 - fed_utils - INFO - encrypting key [conv1.weight].length : 150, cost time : 0m:1s:185ms
2024-11-19 17:00:50,986 - fed_utils - INFO - encrypting key [conv1.bias].length : 6, cost time : 0m:0s:47ms
2024-11-19 17:00:50,986 - fed_utils - INFO - load key [conv2.weight].length : 2400, cost time : 0m:0s:0ms
2024-11-19 17:00:50,986 - fed_utils - INFO - load key [conv2.bias].length : 16, cost time : 0m:0s:0ms
2024-11-19 17:00:50,987 - fed_utils - INFO - load key [fc1.weight].length : 48000, cost time : 0m:0s:0ms
2024-11-19 17:00:50,987 - fed_utils - INFO - load key [fc1.bias].length : 120, cost time : 0m:0s:0ms
2024-11-19 17:00:50,987 - fed_utils - INFO - load key [fc2.weight].length : 10080, cost time : 0m:0s:0ms
2024-11-19 17:00:50,987 - fed_utils - INFO - load key [fc2.bias].length : 84, cost time : 0m:0s:0ms
2024-11-19 17:00:57,764 - fed_utils - INFO - encrypting key [fc3.weight].length : 840, cost time : 0m:6s:777ms
2024-11-19 17:00:57,844 - fed_utils - INFO - encrypting key [fc3.bias].length : 10, cost time : 0m:0s:79ms
2024-11-19 17:00:57,845 - fl_main - INFO - Server receive client_dict[f_00000] info ...
2024-11-19 17:00:57,845 - fl_main - INFO - ----- client id [f_00001] -----
2024-11-19 17:00:57,846 - fed_utils - INFO - init global model cost time : 0m:0s:0ms
2024-11-19 17:00:57,846 - client_base - INFO - recover model cost time : 0m:0s:0ms
2024-11-19 17:00:57,847 - fl_main - INFO - client_dict[f_00001] training ...
2024-11-19 17:00:57,847 - client_base - INFO - client_dict[f_00001] training epoch : 0
2024-11-19 17:00:58,616 - client_base - INFO - local model train cost time : 0m:0s:768ms
2024-11-19 17:00:58,617 - client_base - INFO - model encode time : 0m:0s:1ms
2024-11-19 17:00:58,618 - fl_main - INFO - client_dict[f_00001] local model encrypting ...
2024-11-19 17:00:59,801 - fed_utils - INFO - encrypting key [conv1.weight].length : 150, cost time : 0m:1s:183ms
2024-11-19 17:00:59,849 - fed_utils - INFO - encrypting key [conv1.bias].length : 6, cost time : 0m:0s:47ms
2024-11-19 17:00:59,849 - fed_utils - INFO - load key [conv2.weight].length : 2400, cost time : 0m:0s:0ms
2024-11-19 17:00:59,849 - fed_utils - INFO - load key [conv2.bias].length : 16, cost time : 0m:0s:0ms
2024-11-19 17:00:59,850 - fed_utils - INFO - load key [fc1.weight].length : 48000, cost time : 0m:0s:0ms
2024-11-19 17:00:59,850 - fed_utils - INFO - load key [fc1.bias].length : 120, cost time : 0m:0s:0ms
2024-11-19 17:00:59,850 - fed_utils - INFO - load key [fc2.weight].length : 10080, cost time : 0m:0s:0ms
2024-11-19 17:00:59,850 - fed_utils - INFO - load key [fc2.bias].length : 84, cost time : 0m:0s:0ms
2024-11-19 17:01:06,484 - fed_utils - INFO - encrypting key [fc3.weight].length : 840, cost time : 0m:6s:633ms
2024-11-19 17:01:06,563 - fed_utils - INFO - encrypting key [fc3.bias].length : 10, cost time : 0m:0s:79ms
2024-11-19 17:01:06,563 - fl_main - INFO - Server receive client_dict[f_00001] info ...
2024-11-19 17:01:06,563 - fl_main - INFO - ----- client id [f_00002] -----
2024-11-19 17:01:06,564 - fed_utils - INFO - init global model cost time : 0m:0s:0ms
2024-11-19 17:01:06,564 - client_base - INFO - recover model cost time : 0m:0s:0ms
2024-11-19 17:01:06,565 - fl_main - INFO - client_dict[f_00002] training ...
2024-11-19 17:01:06,565 - client_base - INFO - client_dict[f_00002] training epoch : 0
2024-11-19 17:01:07,333 - client_base - INFO - local model train cost time : 0m:0s:767ms
2024-11-19 17:01:07,334 - client_base - INFO - model encode time : 0m:0s:1ms
2024-11-19 17:01:07,334 - fl_main - INFO - client_dict[f_00002] local model encrypting ...
2024-11-19 17:01:08,517 - fed_utils - INFO - encrypting key [conv1.weight].length : 150, cost time : 0m:1s:182ms
2024-11-19 17:01:08,564 - fed_utils - INFO - encrypting key [conv1.bias].length : 6, cost time : 0m:0s:47ms
2024-11-19 17:01:08,565 - fed_utils - INFO - load key [conv2.weight].length : 2400, cost time : 0m:0s:0ms
2024-11-19 17:01:08,565 - fed_utils - INFO - load key [conv2.bias].length : 16, cost time : 0m:0s:0ms
2024-11-19 17:01:08,566 - fed_utils - INFO - load key [fc1.weight].length : 48000, cost time : 0m:0s:0ms
2024-11-19 17:01:08,566 - fed_utils - INFO - load key [fc1.bias].length : 120, cost time : 0m:0s:0ms
2024-11-19 17:01:08,566 - fed_utils - INFO - load key [fc2.weight].length : 10080, cost time : 0m:0s:0ms
2024-11-19 17:01:08,566 - fed_utils - INFO - load key [fc2.bias].length : 84, cost time : 0m:0s:0ms
2024-11-19 17:01:15,331 - fed_utils - INFO - encrypting key [fc3.weight].length : 840, cost time : 0m:6s:764ms
2024-11-19 17:01:15,410 - fed_utils - INFO - encrypting key [fc3.bias].length : 10, cost time : 0m:0s:79ms
2024-11-19 17:01:15,410 - fl_main - INFO - Server receive client_dict[f_00002] info ...
2024-11-19 17:01:15,410 - fl_main - INFO - ----- client id [f_00003] -----
2024-11-19 17:01:15,411 - fed_utils - INFO - init global model cost time : 0m:0s:0ms
2024-11-19 17:01:15,411 - client_base - INFO - recover model cost time : 0m:0s:0ms
2024-11-19 17:01:15,411 - fl_main - INFO - client_dict[f_00003] training ...
2024-11-19 17:01:15,412 - client_base - INFO - client_dict[f_00003] training epoch : 0
2024-11-19 17:01:16,174 - client_base - INFO - local model train cost time : 0m:0s:762ms
2024-11-19 17:01:16,176 - client_base - INFO - model encode time : 0m:0s:1ms
2024-11-19 17:01:16,176 - fl_main - INFO - client_dict[f_00003] local model encrypting ...
2024-11-19 17:01:17,360 - fed_utils - INFO - encrypting key [conv1.weight].length : 150, cost time : 0m:1s:183ms
2024-11-19 17:01:17,408 - fed_utils - INFO - encrypting key [conv1.bias].length : 6, cost time : 0m:0s:47ms
2024-11-19 17:01:17,408 - fed_utils - INFO - load key [conv2.weight].length : 2400, cost time : 0m:0s:0ms
2024-11-19 17:01:17,408 - fed_utils - INFO - load key [conv2.bias].length : 16, cost time : 0m:0s:0ms
2024-11-19 17:01:17,409 - fed_utils - INFO - load key [fc1.weight].length : 48000, cost time : 0m:0s:0ms
2024-11-19 17:01:17,409 - fed_utils - INFO - load key [fc1.bias].length : 120, cost time : 0m:0s:0ms
2024-11-19 17:01:17,409 - fed_utils - INFO - load key [fc2.weight].length : 10080, cost time : 0m:0s:0ms
2024-11-19 17:01:17,409 - fed_utils - INFO - load key [fc2.bias].length : 84, cost time : 0m:0s:0ms
2024-11-19 17:01:24,037 - fed_utils - INFO - encrypting key [fc3.weight].length : 840, cost time : 0m:6s:627ms
2024-11-19 17:01:24,116 - fed_utils - INFO - encrypting key [fc3.bias].length : 10, cost time : 0m:0s:79ms
2024-11-19 17:01:24,116 - fl_main - INFO - Server receive client_dict[f_00003] info ...
2024-11-19 17:01:24,117 - fl_main - INFO - ----- client id [f_00004] -----
2024-11-19 17:01:24,117 - fed_utils - INFO - init global model cost time : 0m:0s:0ms
2024-11-19 17:01:24,118 - client_base - INFO - recover model cost time : 0m:0s:0ms
2024-11-19 17:01:24,918 - fl_main - INFO - global round [14] client_dict[f_00004].accuracy : 0.970600
2024-11-19 17:01:24,918 - fl_main - INFO - client_dict[f_00004] training ...
2024-11-19 17:01:24,919 - client_base - INFO - client_dict[f_00004] training epoch : 0
2024-11-19 17:01:25,692 - client_base - INFO - local model train cost time : 0m:0s:773ms
2024-11-19 17:01:25,693 - client_base - INFO - model encode time : 0m:0s:1ms
2024-11-19 17:01:25,694 - fl_main - INFO - client_dict[f_00004] local model encrypting ...
2024-11-19 17:01:26,876 - fed_utils - INFO - encrypting key [conv1.weight].length : 150, cost time : 0m:1s:182ms
2024-11-19 17:01:26,924 - fed_utils - INFO - encrypting key [conv1.bias].length : 6, cost time : 0m:0s:47ms
2024-11-19 17:01:26,924 - fed_utils - INFO - load key [conv2.weight].length : 2400, cost time : 0m:0s:0ms
2024-11-19 17:01:26,924 - fed_utils - INFO - load key [conv2.bias].length : 16, cost time : 0m:0s:0ms
2024-11-19 17:01:26,925 - fed_utils - INFO - load key [fc1.weight].length : 48000, cost time : 0m:0s:0ms
2024-11-19 17:01:26,925 - fed_utils - INFO - load key [fc1.bias].length : 120, cost time : 0m:0s:0ms
2024-11-19 17:01:26,926 - fed_utils - INFO - load key [fc2.weight].length : 10080, cost time : 0m:0s:0ms
2024-11-19 17:01:26,926 - fed_utils - INFO - load key [fc2.bias].length : 84, cost time : 0m:0s:0ms
2024-11-19 17:01:33,694 - fed_utils - INFO - encrypting key [fc3.weight].length : 840, cost time : 0m:6s:768ms
2024-11-19 17:01:33,774 - fed_utils - INFO - encrypting key [fc3.bias].length : 10, cost time : 0m:0s:79ms
2024-11-19 17:01:33,774 - fl_main - INFO - Server receive client_dict[f_00004] info ...
2024-11-19 17:01:33,774 - fl_main - INFO - global aggregation process ...
2024-11-19 17:01:33,774 - fed_utils - INFO - server.n_data : 60000
2024-11-19 17:01:33,774 - fed_utils - INFO - client_dict[f_00000].weight : 0.200000
2024-11-19 17:01:33,774 - fed_utils - INFO - client_dict[f_00001].weight : 0.200000
2024-11-19 17:01:33,774 - fed_utils - INFO - client_dict[f_00002].weight : 0.200000
2024-11-19 17:01:33,774 - fed_utils - INFO - client_dict[f_00003].weight : 0.200000
2024-11-19 17:01:33,774 - fed_utils - INFO - client_dict[f_00004].weight : 0.200000
2024-11-19 17:01:33,774 - fed_utils - INFO - recover secret number by clients: 3157279.000000
2024-11-19 17:01:33,774 - server_base - INFO - Server aggregate model with homomorphic encryption ...
2024-11-19 17:01:35,234 - server_base - INFO - Server aggregate model done, cost time : 0m:1s:459ms
2024-11-19 17:01:35,576 - fed_utils - INFO - decrypting key [conv1.weight].shape [torch.Size([6, 1, 5, 5])]
2024-11-19 17:01:35,590 - fed_utils - INFO - decrypting key [conv1.bias].shape [torch.Size([6])]
2024-11-19 17:01:35,590 - fed_utils - INFO - decrypting key [conv2.weight].shape [torch.Size([16, 6, 5, 5])]
2024-11-19 17:01:35,590 - fed_utils - INFO - decrypting key [conv2.bias].shape [torch.Size([16])]
2024-11-19 17:01:35,590 - fed_utils - INFO - decrypting key [fc1.weight].shape [torch.Size([120, 400])]
2024-11-19 17:01:35,590 - fed_utils - INFO - decrypting key [fc1.bias].shape [torch.Size([120])]
2024-11-19 17:01:35,590 - fed_utils - INFO - decrypting key [fc2.weight].shape [torch.Size([84, 120])]
2024-11-19 17:01:35,590 - fed_utils - INFO - decrypting key [fc2.bias].shape [torch.Size([84])]
2024-11-19 17:01:37,502 - fed_utils - INFO - decrypting key [fc3.weight].shape [torch.Size([10, 84])]
2024-11-19 17:01:37,525 - fed_utils - INFO - decrypting key [fc3.bias].shape [torch.Size([10])]
2024-11-19 17:01:37,525 - fed_utils - INFO - decrypt time : [0m:2s:291ms]
2024-11-19 17:01:37,528 - fl_main - INFO - [global round : 14] aggregated model accuracy : 0.9706
2024-11-19 17:01:37,528 - fl_main - INFO - [global round : 14] aggregated model loss : 0.09637547407482203
2024-11-19 17:01:37,528 - fl_main - INFO - global round : 15
2024-11-19 17:01:37,529 - fl_main - INFO - the random client id to test accuracy : f_00004
2024-11-19 17:01:37,529 - fl_main - INFO - ----- client id [f_00000] -----
2024-11-19 17:01:37,529 - fed_utils - INFO - init global model cost time : 0m:0s:0ms
2024-11-19 17:01:37,530 - client_base - INFO - recover model cost time : 0m:0s:0ms
2024-11-19 17:01:37,530 - fl_main - INFO - client_dict[f_00000] training ...
2024-11-19 17:01:37,530 - client_base - INFO - client_dict[f_00000] training epoch : 0
2024-11-19 17:01:38,311 - client_base - INFO - local model train cost time : 0m:0s:780ms
2024-11-19 17:01:38,312 - client_base - INFO - model encode time : 0m:0s:1ms
2024-11-19 17:01:38,312 - fl_main - INFO - client_dict[f_00000] local model encrypting ...
2024-11-19 17:01:39,494 - fed_utils - INFO - encrypting key [conv1.weight].length : 150, cost time : 0m:1s:181ms
2024-11-19 17:01:39,542 - fed_utils - INFO - encrypting key [conv1.bias].length : 6, cost time : 0m:0s:47ms
2024-11-19 17:01:39,542 - fed_utils - INFO - load key [conv2.weight].length : 2400, cost time : 0m:0s:0ms
2024-11-19 17:01:39,543 - fed_utils - INFO - load key [conv2.bias].length : 16, cost time : 0m:0s:0ms
2024-11-19 17:01:39,543 - fed_utils - INFO - load key [fc1.weight].length : 48000, cost time : 0m:0s:0ms
2024-11-19 17:01:39,544 - fed_utils - INFO - load key [fc1.bias].length : 120, cost time : 0m:0s:0ms
2024-11-19 17:01:39,544 - fed_utils - INFO - load key [fc2.weight].length : 10080, cost time : 0m:0s:0ms
2024-11-19 17:01:39,544 - fed_utils - INFO - load key [fc2.bias].length : 84, cost time : 0m:0s:0ms
2024-11-19 17:01:46,314 - fed_utils - INFO - encrypting key [fc3.weight].length : 840, cost time : 0m:6s:769ms
2024-11-19 17:01:46,393 - fed_utils - INFO - encrypting key [fc3.bias].length : 10, cost time : 0m:0s:79ms
2024-11-19 17:01:46,394 - fl_main - INFO - Server receive client_dict[f_00000] info ...
2024-11-19 17:01:46,394 - fl_main - INFO - ----- client id [f_00001] -----
2024-11-19 17:01:46,395 - fed_utils - INFO - init global model cost time : 0m:0s:0ms
2024-11-19 17:01:46,396 - client_base - INFO - recover model cost time : 0m:0s:0ms
2024-11-19 17:01:46,396 - fl_main - INFO - client_dict[f_00001] training ...
2024-11-19 17:01:46,396 - client_base - INFO - client_dict[f_00001] training epoch : 0
2024-11-19 17:01:47,157 - client_base - INFO - local model train cost time : 0m:0s:760ms
2024-11-19 17:01:47,159 - client_base - INFO - model encode time : 0m:0s:1ms
2024-11-19 17:01:47,159 - fl_main - INFO - client_dict[f_00001] local model encrypting ...
2024-11-19 17:01:48,341 - fed_utils - INFO - encrypting key [conv1.weight].length : 150, cost time : 0m:1s:181ms
2024-11-19 17:01:48,389 - fed_utils - INFO - encrypting key [conv1.bias].length : 6, cost time : 0m:0s:47ms
2024-11-19 17:01:48,389 - fed_utils - INFO - load key [conv2.weight].length : 2400, cost time : 0m:0s:0ms
2024-11-19 17:01:48,389 - fed_utils - INFO - load key [conv2.bias].length : 16, cost time : 0m:0s:0ms
2024-11-19 17:01:48,390 - fed_utils - INFO - load key [fc1.weight].length : 48000, cost time : 0m:0s:0ms
2024-11-19 17:01:48,390 - fed_utils - INFO - load key [fc1.bias].length : 120, cost time : 0m:0s:0ms
2024-11-19 17:01:48,390 - fed_utils - INFO - load key [fc2.weight].length : 10080, cost time : 0m:0s:0ms
2024-11-19 17:01:48,390 - fed_utils - INFO - load key [fc2.bias].length : 84, cost time : 0m:0s:0ms
2024-11-19 17:01:55,012 - fed_utils - INFO - encrypting key [fc3.weight].length : 840, cost time : 0m:6s:621ms
2024-11-19 17:01:55,091 - fed_utils - INFO - encrypting key [fc3.bias].length : 10, cost time : 0m:0s:78ms
2024-11-19 17:01:55,091 - fl_main - INFO - Server receive client_dict[f_00001] info ...
2024-11-19 17:01:55,091 - fl_main - INFO - ----- client id [f_00002] -----
2024-11-19 17:01:55,092 - fed_utils - INFO - init global model cost time : 0m:0s:0ms
2024-11-19 17:01:55,092 - client_base - INFO - recover model cost time : 0m:0s:0ms
2024-11-19 17:01:55,092 - fl_main - INFO - client_dict[f_00002] training ...
2024-11-19 17:01:55,093 - client_base - INFO - client_dict[f_00002] training epoch : 0
2024-11-19 17:01:55,878 - client_base - INFO - local model train cost time : 0m:0s:784ms
2024-11-19 17:01:55,879 - client_base - INFO - model encode time : 0m:0s:1ms
2024-11-19 17:01:55,880 - fl_main - INFO - client_dict[f_00002] local model encrypting ...
2024-11-19 17:01:57,073 - fed_utils - INFO - encrypting key [conv1.weight].length : 150, cost time : 0m:1s:193ms
2024-11-19 17:01:57,154 - fed_utils - INFO - encrypting key [conv1.bias].length : 6, cost time : 0m:0s:80ms
2024-11-19 17:01:57,154 - fed_utils - INFO - load key [conv2.weight].length : 2400, cost time : 0m:0s:0ms
2024-11-19 17:01:57,154 - fed_utils - INFO - load key [conv2.bias].length : 16, cost time : 0m:0s:0ms
2024-11-19 17:01:57,156 - fed_utils - INFO - load key [fc1.weight].length : 48000, cost time : 0m:0s:1ms
2024-11-19 17:01:57,156 - fed_utils - INFO - load key [fc1.bias].length : 120, cost time : 0m:0s:0ms
2024-11-19 17:01:57,156 - fed_utils - INFO - load key [fc2.weight].length : 10080, cost time : 0m:0s:0ms
2024-11-19 17:01:57,156 - fed_utils - INFO - load key [fc2.bias].length : 84, cost time : 0m:0s:0ms
2024-11-19 17:02:03,896 - fed_utils - INFO - encrypting key [fc3.weight].length : 840, cost time : 0m:6s:739ms
2024-11-19 17:02:03,975 - fed_utils - INFO - encrypting key [fc3.bias].length : 10, cost time : 0m:0s:79ms
2024-11-19 17:02:03,975 - fl_main - INFO - Server receive client_dict[f_00002] info ...
2024-11-19 17:02:03,975 - fl_main - INFO - ----- client id [f_00003] -----
2024-11-19 17:02:03,976 - fed_utils - INFO - init global model cost time : 0m:0s:0ms
2024-11-19 17:02:03,976 - client_base - INFO - recover model cost time : 0m:0s:0ms
2024-11-19 17:02:03,977 - fl_main - INFO - client_dict[f_00003] training ...
2024-11-19 17:02:03,977 - client_base - INFO - client_dict[f_00003] training epoch : 0
2024-11-19 17:02:04,743 - client_base - INFO - local model train cost time : 0m:0s:766ms
2024-11-19 17:02:04,745 - client_base - INFO - model encode time : 0m:0s:1ms
2024-11-19 17:02:04,745 - fl_main - INFO - client_dict[f_00003] local model encrypting ...
2024-11-19 17:02:05,929 - fed_utils - INFO - encrypting key [conv1.weight].length : 150, cost time : 0m:1s:184ms
2024-11-19 17:02:05,977 - fed_utils - INFO - encrypting key [conv1.bias].length : 6, cost time : 0m:0s:47ms
2024-11-19 17:02:05,977 - fed_utils - INFO - load key [conv2.weight].length : 2400, cost time : 0m:0s:0ms
2024-11-19 17:02:05,977 - fed_utils - INFO - load key [conv2.bias].length : 16, cost time : 0m:0s:0ms
2024-11-19 17:02:05,978 - fed_utils - INFO - load key [fc1.weight].length : 48000, cost time : 0m:0s:0ms
2024-11-19 17:02:05,978 - fed_utils - INFO - load key [fc1.bias].length : 120, cost time : 0m:0s:0ms
2024-11-19 17:02:05,979 - fed_utils - INFO - load key [fc2.weight].length : 10080, cost time : 0m:0s:0ms
2024-11-19 17:02:05,979 - fed_utils - INFO - load key [fc2.bias].length : 84, cost time : 0m:0s:0ms
2024-11-19 17:02:12,757 - fed_utils - INFO - encrypting key [fc3.weight].length : 840, cost time : 0m:6s:778ms
2024-11-19 17:02:12,837 - fed_utils - INFO - encrypting key [fc3.bias].length : 10, cost time : 0m:0s:79ms
2024-11-19 17:02:12,837 - fl_main - INFO - Server receive client_dict[f_00003] info ...
2024-11-19 17:02:12,837 - fl_main - INFO - ----- client id [f_00004] -----
2024-11-19 17:02:12,838 - fed_utils - INFO - init global model cost time : 0m:0s:0ms
2024-11-19 17:02:12,838 - client_base - INFO - recover model cost time : 0m:0s:0ms
2024-11-19 17:02:13,660 - fl_main - INFO - global round [15] client_dict[f_00004].accuracy : 0.970900
2024-11-19 17:02:13,660 - fl_main - INFO - client_dict[f_00004] training ...
2024-11-19 17:02:13,661 - client_base - INFO - client_dict[f_00004] training epoch : 0
2024-11-19 17:02:14,439 - client_base - INFO - local model train cost time : 0m:0s:778ms
2024-11-19 17:02:14,440 - client_base - INFO - model encode time : 0m:0s:1ms
2024-11-19 17:02:14,441 - fl_main - INFO - client_dict[f_00004] local model encrypting ...
2024-11-19 17:02:15,623 - fed_utils - INFO - encrypting key [conv1.weight].length : 150, cost time : 0m:1s:182ms
2024-11-19 17:02:15,671 - fed_utils - INFO - encrypting key [conv1.bias].length : 6, cost time : 0m:0s:47ms
2024-11-19 17:02:15,671 - fed_utils - INFO - load key [conv2.weight].length : 2400, cost time : 0m:0s:0ms
2024-11-19 17:02:15,671 - fed_utils - INFO - load key [conv2.bias].length : 16, cost time : 0m:0s:0ms
2024-11-19 17:02:15,672 - fed_utils - INFO - load key [fc1.weight].length : 48000, cost time : 0m:0s:0ms
2024-11-19 17:02:15,672 - fed_utils - INFO - load key [fc1.bias].length : 120, cost time : 0m:0s:0ms
2024-11-19 17:02:15,672 - fed_utils - INFO - load key [fc2.weight].length : 10080, cost time : 0m:0s:0ms
2024-11-19 17:02:15,672 - fed_utils - INFO - load key [fc2.bias].length : 84, cost time : 0m:0s:0ms
2024-11-19 17:02:22,300 - fed_utils - INFO - encrypting key [fc3.weight].length : 840, cost time : 0m:6s:627ms
2024-11-19 17:02:22,380 - fed_utils - INFO - encrypting key [fc3.bias].length : 10, cost time : 0m:0s:79ms
2024-11-19 17:02:22,380 - fl_main - INFO - Server receive client_dict[f_00004] info ...
2024-11-19 17:02:22,380 - fl_main - INFO - global aggregation process ...
2024-11-19 17:02:22,380 - fed_utils - INFO - server.n_data : 60000
2024-11-19 17:02:22,380 - fed_utils - INFO - client_dict[f_00000].weight : 0.200000
2024-11-19 17:02:22,380 - fed_utils - INFO - client_dict[f_00001].weight : 0.200000
2024-11-19 17:02:22,380 - fed_utils - INFO - client_dict[f_00002].weight : 0.200000
2024-11-19 17:02:22,380 - fed_utils - INFO - client_dict[f_00003].weight : 0.200000
2024-11-19 17:02:22,380 - fed_utils - INFO - client_dict[f_00004].weight : 0.200000
2024-11-19 17:02:22,380 - fed_utils - INFO - recover secret number by clients: 3157279.000000
2024-11-19 17:02:22,381 - server_base - INFO - Server aggregate model with homomorphic encryption ...
2024-11-19 17:02:23,817 - server_base - INFO - Server aggregate model done, cost time : 0m:1s:436ms
2024-11-19 17:02:24,159 - fed_utils - INFO - decrypting key [conv1.weight].shape [torch.Size([6, 1, 5, 5])]
2024-11-19 17:02:24,172 - fed_utils - INFO - decrypting key [conv1.bias].shape [torch.Size([6])]
2024-11-19 17:02:24,172 - fed_utils - INFO - decrypting key [conv2.weight].shape [torch.Size([16, 6, 5, 5])]
2024-11-19 17:02:24,172 - fed_utils - INFO - decrypting key [conv2.bias].shape [torch.Size([16])]
2024-11-19 17:02:24,173 - fed_utils - INFO - decrypting key [fc1.weight].shape [torch.Size([120, 400])]
2024-11-19 17:02:24,173 - fed_utils - INFO - decrypting key [fc1.bias].shape [torch.Size([120])]
2024-11-19 17:02:24,173 - fed_utils - INFO - decrypting key [fc2.weight].shape [torch.Size([84, 120])]
2024-11-19 17:02:24,173 - fed_utils - INFO - decrypting key [fc2.bias].shape [torch.Size([84])]
2024-11-19 17:02:26,085 - fed_utils - INFO - decrypting key [fc3.weight].shape [torch.Size([10, 84])]
2024-11-19 17:02:26,108 - fed_utils - INFO - decrypting key [fc3.bias].shape [torch.Size([10])]
2024-11-19 17:02:26,108 - fed_utils - INFO - decrypt time : [0m:2s:290ms]
2024-11-19 17:02:26,110 - fl_main - INFO - [global round : 15] aggregated model accuracy : 0.9709000000000001
2024-11-19 17:02:26,110 - fl_main - INFO - [global round : 15] aggregated model loss : 0.1725199778009276
2024-11-19 17:02:26,111 - fl_main - INFO - global round : 16
2024-11-19 17:02:26,111 - fl_main - INFO - the random client id to test accuracy : f_00002
2024-11-19 17:02:26,111 - fl_main - INFO - ----- client id [f_00000] -----
2024-11-19 17:02:26,112 - fed_utils - INFO - init global model cost time : 0m:0s:0ms
2024-11-19 17:02:26,112 - client_base - INFO - recover model cost time : 0m:0s:0ms
2024-11-19 17:02:26,112 - fl_main - INFO - client_dict[f_00000] training ...
2024-11-19 17:02:26,113 - client_base - INFO - client_dict[f_00000] training epoch : 0
2024-11-19 17:02:26,899 - client_base - INFO - local model train cost time : 0m:0s:785ms
2024-11-19 17:02:26,900 - client_base - INFO - model encode time : 0m:0s:1ms
2024-11-19 17:02:26,900 - fl_main - INFO - client_dict[f_00000] local model encrypting ...
2024-11-19 17:02:28,235 - fed_utils - INFO - encrypting key [conv1.weight].length : 150, cost time : 0m:1s:334ms
2024-11-19 17:02:28,283 - fed_utils - INFO - encrypting key [conv1.bias].length : 6, cost time : 0m:0s:47ms
2024-11-19 17:02:28,283 - fed_utils - INFO - load key [conv2.weight].length : 2400, cost time : 0m:0s:0ms
2024-11-19 17:02:28,283 - fed_utils - INFO - load key [conv2.bias].length : 16, cost time : 0m:0s:0ms
2024-11-19 17:02:28,284 - fed_utils - INFO - load key [fc1.weight].length : 48000, cost time : 0m:0s:0ms
2024-11-19 17:02:28,284 - fed_utils - INFO - load key [fc1.bias].length : 120, cost time : 0m:0s:0ms
2024-11-19 17:02:28,284 - fed_utils - INFO - load key [fc2.weight].length : 10080, cost time : 0m:0s:0ms
2024-11-19 17:02:28,284 - fed_utils - INFO - load key [fc2.bias].length : 84, cost time : 0m:0s:0ms
2024-11-19 17:02:34,910 - fed_utils - INFO - encrypting key [fc3.weight].length : 840, cost time : 0m:6s:626ms
2024-11-19 17:02:34,990 - fed_utils - INFO - encrypting key [fc3.bias].length : 10, cost time : 0m:0s:79ms
2024-11-19 17:02:34,991 - fl_main - INFO - Server receive client_dict[f_00000] info ...
2024-11-19 17:02:34,991 - fl_main - INFO - ----- client id [f_00001] -----
2024-11-19 17:02:34,992 - fed_utils - INFO - init global model cost time : 0m:0s:0ms
2024-11-19 17:02:34,992 - client_base - INFO - recover model cost time : 0m:0s:0ms
2024-11-19 17:02:34,992 - fl_main - INFO - client_dict[f_00001] training ...
2024-11-19 17:02:34,993 - client_base - INFO - client_dict[f_00001] training epoch : 0
2024-11-19 17:02:35,752 - client_base - INFO - local model train cost time : 0m:0s:758ms
2024-11-19 17:02:35,753 - client_base - INFO - model encode time : 0m:0s:1ms
2024-11-19 17:02:35,753 - fl_main - INFO - client_dict[f_00001] local model encrypting ...
2024-11-19 17:02:36,938 - fed_utils - INFO - encrypting key [conv1.weight].length : 150, cost time : 0m:1s:184ms
2024-11-19 17:02:36,985 - fed_utils - INFO - encrypting key [conv1.bias].length : 6, cost time : 0m:0s:47ms
2024-11-19 17:02:36,985 - fed_utils - INFO - load key [conv2.weight].length : 2400, cost time : 0m:0s:0ms
2024-11-19 17:02:36,985 - fed_utils - INFO - load key [conv2.bias].length : 16, cost time : 0m:0s:0ms
2024-11-19 17:02:36,986 - fed_utils - INFO - load key [fc1.weight].length : 48000, cost time : 0m:0s:0ms
2024-11-19 17:02:36,986 - fed_utils - INFO - load key [fc1.bias].length : 120, cost time : 0m:0s:0ms
2024-11-19 17:02:36,987 - fed_utils - INFO - load key [fc2.weight].length : 10080, cost time : 0m:0s:0ms
2024-11-19 17:02:36,987 - fed_utils - INFO - load key [fc2.bias].length : 84, cost time : 0m:0s:0ms
2024-11-19 17:02:43,748 - fed_utils - INFO - encrypting key [fc3.weight].length : 840, cost time : 0m:6s:761ms
2024-11-19 17:02:43,827 - fed_utils - INFO - encrypting key [fc3.bias].length : 10, cost time : 0m:0s:79ms
2024-11-19 17:02:43,827 - fl_main - INFO - Server receive client_dict[f_00001] info ...
2024-11-19 17:02:43,827 - fl_main - INFO - ----- client id [f_00002] -----
2024-11-19 17:02:43,828 - fed_utils - INFO - init global model cost time : 0m:0s:0ms
2024-11-19 17:02:43,829 - client_base - INFO - recover model cost time : 0m:0s:0ms
2024-11-19 17:02:44,663 - fl_main - INFO - global round [16] client_dict[f_00002].accuracy : 0.974100
2024-11-19 17:02:44,663 - fl_main - INFO - client_dict[f_00002] training ...
2024-11-19 17:02:44,663 - client_base - INFO - client_dict[f_00002] training epoch : 0
2024-11-19 17:02:45,451 - client_base - INFO - local model train cost time : 0m:0s:788ms
2024-11-19 17:02:45,453 - client_base - INFO - model encode time : 0m:0s:1ms
2024-11-19 17:02:45,453 - fl_main - INFO - client_dict[f_00002] local model encrypting ...
2024-11-19 17:02:46,636 - fed_utils - INFO - encrypting key [conv1.weight].length : 150, cost time : 0m:1s:183ms
2024-11-19 17:02:46,684 - fed_utils - INFO - encrypting key [conv1.bias].length : 6, cost time : 0m:0s:47ms
2024-11-19 17:02:46,684 - fed_utils - INFO - load key [conv2.weight].length : 2400, cost time : 0m:0s:0ms
2024-11-19 17:02:46,685 - fed_utils - INFO - load key [conv2.bias].length : 16, cost time : 0m:0s:0ms
2024-11-19 17:02:46,685 - fed_utils - INFO - load key [fc1.weight].length : 48000, cost time : 0m:0s:0ms
2024-11-19 17:02:46,686 - fed_utils - INFO - load key [fc1.bias].length : 120, cost time : 0m:0s:0ms
2024-11-19 17:02:46,686 - fed_utils - INFO - load key [fc2.weight].length : 10080, cost time : 0m:0s:0ms
2024-11-19 17:02:46,686 - fed_utils - INFO - load key [fc2.bias].length : 84, cost time : 0m:0s:0ms
2024-11-19 17:02:53,310 - fed_utils - INFO - encrypting key [fc3.weight].length : 840, cost time : 0m:6s:624ms
2024-11-19 17:02:53,389 - fed_utils - INFO - encrypting key [fc3.bias].length : 10, cost time : 0m:0s:79ms
2024-11-19 17:02:53,389 - fl_main - INFO - Server receive client_dict[f_00002] info ...
2024-11-19 17:02:53,389 - fl_main - INFO - ----- client id [f_00003] -----
2024-11-19 17:02:53,390 - fed_utils - INFO - init global model cost time : 0m:0s:0ms
2024-11-19 17:02:53,391 - client_base - INFO - recover model cost time : 0m:0s:0ms
2024-11-19 17:02:53,391 - fl_main - INFO - client_dict[f_00003] training ...
2024-11-19 17:02:53,391 - client_base - INFO - client_dict[f_00003] training epoch : 0
2024-11-19 17:02:54,167 - client_base - INFO - local model train cost time : 0m:0s:775ms
2024-11-19 17:02:54,168 - client_base - INFO - model encode time : 0m:0s:1ms
2024-11-19 17:02:54,169 - fl_main - INFO - client_dict[f_00003] local model encrypting ...
2024-11-19 17:02:55,351 - fed_utils - INFO - encrypting key [conv1.weight].length : 150, cost time : 0m:1s:182ms
2024-11-19 17:02:55,399 - fed_utils - INFO - encrypting key [conv1.bias].length : 6, cost time : 0m:0s:47ms
2024-11-19 17:02:55,399 - fed_utils - INFO - load key [conv2.weight].length : 2400, cost time : 0m:0s:0ms
2024-11-19 17:02:55,399 - fed_utils - INFO - load key [conv2.bias].length : 16, cost time : 0m:0s:0ms
2024-11-19 17:02:55,400 - fed_utils - INFO - load key [fc1.weight].length : 48000, cost time : 0m:0s:0ms
2024-11-19 17:02:55,400 - fed_utils - INFO - load key [fc1.bias].length : 120, cost time : 0m:0s:0ms
2024-11-19 17:02:55,401 - fed_utils - INFO - load key [fc2.weight].length : 10080, cost time : 0m:0s:0ms
2024-11-19 17:02:55,401 - fed_utils - INFO - load key [fc2.bias].length : 84, cost time : 0m:0s:0ms
2024-11-19 17:03:02,156 - fed_utils - INFO - encrypting key [fc3.weight].length : 840, cost time : 0m:6s:755ms
2024-11-19 17:03:02,235 - fed_utils - INFO - encrypting key [fc3.bias].length : 10, cost time : 0m:0s:79ms
2024-11-19 17:03:02,235 - fl_main - INFO - Server receive client_dict[f_00003] info ...
2024-11-19 17:03:02,236 - fl_main - INFO - ----- client id [f_00004] -----
2024-11-19 17:03:02,236 - fed_utils - INFO - init global model cost time : 0m:0s:0ms
2024-11-19 17:03:02,237 - client_base - INFO - recover model cost time : 0m:0s:0ms
2024-11-19 17:03:02,237 - fl_main - INFO - client_dict[f_00004] training ...
2024-11-19 17:03:02,238 - client_base - INFO - client_dict[f_00004] training epoch : 0
2024-11-19 17:03:03,029 - client_base - INFO - local model train cost time : 0m:0s:791ms
2024-11-19 17:03:03,030 - client_base - INFO - model encode time : 0m:0s:1ms
2024-11-19 17:03:03,030 - fl_main - INFO - client_dict[f_00004] local model encrypting ...
2024-11-19 17:03:04,212 - fed_utils - INFO - encrypting key [conv1.weight].length : 150, cost time : 0m:1s:181ms
2024-11-19 17:03:04,260 - fed_utils - INFO - encrypting key [conv1.bias].length : 6, cost time : 0m:0s:47ms
2024-11-19 17:03:04,260 - fed_utils - INFO - load key [conv2.weight].length : 2400, cost time : 0m:0s:0ms
2024-11-19 17:03:04,260 - fed_utils - INFO - load key [conv2.bias].length : 16, cost time : 0m:0s:0ms
2024-11-19 17:03:04,261 - fed_utils - INFO - load key [fc1.weight].length : 48000, cost time : 0m:0s:0ms
2024-11-19 17:03:04,261 - fed_utils - INFO - load key [fc1.bias].length : 120, cost time : 0m:0s:0ms
2024-11-19 17:03:04,262 - fed_utils - INFO - load key [fc2.weight].length : 10080, cost time : 0m:0s:0ms
2024-11-19 17:03:04,262 - fed_utils - INFO - load key [fc2.bias].length : 84, cost time : 0m:0s:0ms
2024-11-19 17:03:10,889 - fed_utils - INFO - encrypting key [fc3.weight].length : 840, cost time : 0m:6s:627ms
2024-11-19 17:03:10,968 - fed_utils - INFO - encrypting key [fc3.bias].length : 10, cost time : 0m:0s:79ms
2024-11-19 17:03:10,968 - fl_main - INFO - Server receive client_dict[f_00004] info ...
2024-11-19 17:03:10,969 - fl_main - INFO - global aggregation process ...
2024-11-19 17:03:10,969 - fed_utils - INFO - server.n_data : 60000
2024-11-19 17:03:10,969 - fed_utils - INFO - client_dict[f_00000].weight : 0.200000
2024-11-19 17:03:10,969 - fed_utils - INFO - client_dict[f_00001].weight : 0.200000
2024-11-19 17:03:10,969 - fed_utils - INFO - client_dict[f_00002].weight : 0.200000
2024-11-19 17:03:10,969 - fed_utils - INFO - client_dict[f_00003].weight : 0.200000
2024-11-19 17:03:10,969 - fed_utils - INFO - client_dict[f_00004].weight : 0.200000
2024-11-19 17:03:10,969 - fed_utils - INFO - recover secret number by clients: 3157279.000000
2024-11-19 17:03:10,969 - server_base - INFO - Server aggregate model with homomorphic encryption ...
2024-11-19 17:03:12,535 - server_base - INFO - Server aggregate model done, cost time : 0m:1s:566ms
2024-11-19 17:03:12,878 - fed_utils - INFO - decrypting key [conv1.weight].shape [torch.Size([6, 1, 5, 5])]
2024-11-19 17:03:12,892 - fed_utils - INFO - decrypting key [conv1.bias].shape [torch.Size([6])]
2024-11-19 17:03:12,892 - fed_utils - INFO - decrypting key [conv2.weight].shape [torch.Size([16, 6, 5, 5])]
2024-11-19 17:03:12,892 - fed_utils - INFO - decrypting key [conv2.bias].shape [torch.Size([16])]
2024-11-19 17:03:12,892 - fed_utils - INFO - decrypting key [fc1.weight].shape [torch.Size([120, 400])]
2024-11-19 17:03:12,892 - fed_utils - INFO - decrypting key [fc1.bias].shape [torch.Size([120])]
2024-11-19 17:03:12,893 - fed_utils - INFO - decrypting key [fc2.weight].shape [torch.Size([84, 120])]
2024-11-19 17:03:12,893 - fed_utils - INFO - decrypting key [fc2.bias].shape [torch.Size([84])]
2024-11-19 17:03:14,806 - fed_utils - INFO - decrypting key [fc3.weight].shape [torch.Size([10, 84])]
2024-11-19 17:03:14,829 - fed_utils - INFO - decrypting key [fc3.bias].shape [torch.Size([10])]
2024-11-19 17:03:14,829 - fed_utils - INFO - decrypt time : [0m:2s:293ms]
2024-11-19 17:03:14,831 - fl_main - INFO - [global round : 16] aggregated model accuracy : 0.9741000000000001
2024-11-19 17:03:14,831 - fl_main - INFO - [global round : 16] aggregated model loss : 0.08641686479168849
2024-11-19 17:03:14,832 - fl_main - INFO - global round : 17
2024-11-19 17:03:14,832 - fl_main - INFO - the random client id to test accuracy : f_00001
2024-11-19 17:03:14,832 - fl_main - INFO - ----- client id [f_00000] -----
2024-11-19 17:03:14,833 - fed_utils - INFO - init global model cost time : 0m:0s:0ms
2024-11-19 17:03:14,833 - client_base - INFO - recover model cost time : 0m:0s:0ms
2024-11-19 17:03:14,834 - fl_main - INFO - client_dict[f_00000] training ...
2024-11-19 17:03:14,834 - client_base - INFO - client_dict[f_00000] training epoch : 0
2024-11-19 17:03:15,610 - client_base - INFO - local model train cost time : 0m:0s:775ms
2024-11-19 17:03:15,611 - client_base - INFO - model encode time : 0m:0s:1ms
2024-11-19 17:03:15,612 - fl_main - INFO - client_dict[f_00000] local model encrypting ...
2024-11-19 17:03:16,796 - fed_utils - INFO - encrypting key [conv1.weight].length : 150, cost time : 0m:1s:183ms
2024-11-19 17:03:16,844 - fed_utils - INFO - encrypting key [conv1.bias].length : 6, cost time : 0m:0s:47ms
2024-11-19 17:03:16,844 - fed_utils - INFO - load key [conv2.weight].length : 2400, cost time : 0m:0s:0ms
2024-11-19 17:03:16,844 - fed_utils - INFO - load key [conv2.bias].length : 16, cost time : 0m:0s:0ms
2024-11-19 17:03:16,845 - fed_utils - INFO - load key [fc1.weight].length : 48000, cost time : 0m:0s:0ms
2024-11-19 17:03:16,845 - fed_utils - INFO - load key [fc1.bias].length : 120, cost time : 0m:0s:0ms
2024-11-19 17:03:16,845 - fed_utils - INFO - load key [fc2.weight].length : 10080, cost time : 0m:0s:0ms
2024-11-19 17:03:16,845 - fed_utils - INFO - load key [fc2.bias].length : 84, cost time : 0m:0s:0ms
2024-11-19 17:03:23,468 - fed_utils - INFO - encrypting key [fc3.weight].length : 840, cost time : 0m:6s:622ms
2024-11-19 17:03:23,547 - fed_utils - INFO - encrypting key [fc3.bias].length : 10, cost time : 0m:0s:79ms
2024-11-19 17:03:23,548 - fl_main - INFO - Server receive client_dict[f_00000] info ...
2024-11-19 17:03:23,548 - fl_main - INFO - ----- client id [f_00001] -----
2024-11-19 17:03:23,549 - fed_utils - INFO - init global model cost time : 0m:0s:0ms
2024-11-19 17:03:23,549 - client_base - INFO - recover model cost time : 0m:0s:0ms
2024-11-19 17:03:24,371 - fl_main - INFO - global round [17] client_dict[f_00001].accuracy : 0.974000
2024-11-19 17:03:24,371 - fl_main - INFO - client_dict[f_00001] training ...
2024-11-19 17:03:24,372 - client_base - INFO - client_dict[f_00001] training epoch : 0
2024-11-19 17:03:25,133 - client_base - INFO - local model train cost time : 0m:0s:761ms
2024-11-19 17:03:25,135 - client_base - INFO - model encode time : 0m:0s:1ms
2024-11-19 17:03:25,135 - fl_main - INFO - client_dict[f_00001] local model encrypting ...
2024-11-19 17:03:26,320 - fed_utils - INFO - encrypting key [conv1.weight].length : 150, cost time : 0m:1s:184ms
2024-11-19 17:03:26,368 - fed_utils - INFO - encrypting key [conv1.bias].length : 6, cost time : 0m:0s:48ms
2024-11-19 17:03:26,368 - fed_utils - INFO - load key [conv2.weight].length : 2400, cost time : 0m:0s:0ms
2024-11-19 17:03:26,368 - fed_utils - INFO - load key [conv2.bias].length : 16, cost time : 0m:0s:0ms
2024-11-19 17:03:26,369 - fed_utils - INFO - load key [fc1.weight].length : 48000, cost time : 0m:0s:0ms
2024-11-19 17:03:26,369 - fed_utils - INFO - load key [fc1.bias].length : 120, cost time : 0m:0s:0ms
2024-11-19 17:03:26,369 - fed_utils - INFO - load key [fc2.weight].length : 10080, cost time : 0m:0s:0ms
2024-11-19 17:03:26,369 - fed_utils - INFO - load key [fc2.bias].length : 84, cost time : 0m:0s:0ms
2024-11-19 17:03:33,134 - fed_utils - INFO - encrypting key [fc3.weight].length : 840, cost time : 0m:6s:764ms
2024-11-19 17:03:33,213 - fed_utils - INFO - encrypting key [fc3.bias].length : 10, cost time : 0m:0s:79ms
2024-11-19 17:03:33,213 - fl_main - INFO - Server receive client_dict[f_00001] info ...
2024-11-19 17:03:33,213 - fl_main - INFO - ----- client id [f_00002] -----
2024-11-19 17:03:33,215 - fed_utils - INFO - init global model cost time : 0m:0s:1ms
2024-11-19 17:03:33,216 - client_base - INFO - recover model cost time : 0m:0s:0ms
2024-11-19 17:03:33,216 - fl_main - INFO - client_dict[f_00002] training ...
2024-11-19 17:03:33,217 - client_base - INFO - client_dict[f_00002] training epoch : 0
2024-11-19 17:03:34,010 - client_base - INFO - local model train cost time : 0m:0s:793ms
2024-11-19 17:03:34,012 - client_base - INFO - model encode time : 0m:0s:1ms
2024-11-19 17:03:34,012 - fl_main - INFO - client_dict[f_00002] local model encrypting ...
2024-11-19 17:03:35,195 - fed_utils - INFO - encrypting key [conv1.weight].length : 150, cost time : 0m:1s:183ms
2024-11-19 17:03:35,243 - fed_utils - INFO - encrypting key [conv1.bias].length : 6, cost time : 0m:0s:47ms
2024-11-19 17:03:35,243 - fed_utils - INFO - load key [conv2.weight].length : 2400, cost time : 0m:0s:0ms
2024-11-19 17:03:35,243 - fed_utils - INFO - load key [conv2.bias].length : 16, cost time : 0m:0s:0ms
2024-11-19 17:03:35,244 - fed_utils - INFO - load key [fc1.weight].length : 48000, cost time : 0m:0s:0ms
2024-11-19 17:03:35,244 - fed_utils - INFO - load key [fc1.bias].length : 120, cost time : 0m:0s:0ms
2024-11-19 17:03:35,245 - fed_utils - INFO - load key [fc2.weight].length : 10080, cost time : 0m:0s:0ms
2024-11-19 17:03:35,245 - fed_utils - INFO - load key [fc2.bias].length : 84, cost time : 0m:0s:0ms
2024-11-19 17:03:41,868 - fed_utils - INFO - encrypting key [fc3.weight].length : 840, cost time : 0m:6s:622ms
2024-11-19 17:03:41,947 - fed_utils - INFO - encrypting key [fc3.bias].length : 10, cost time : 0m:0s:79ms
2024-11-19 17:03:41,947 - fl_main - INFO - Server receive client_dict[f_00002] info ...
2024-11-19 17:03:41,947 - fl_main - INFO - ----- client id [f_00003] -----
2024-11-19 17:03:41,948 - fed_utils - INFO - init global model cost time : 0m:0s:0ms
2024-11-19 17:03:41,948 - client_base - INFO - recover model cost time : 0m:0s:0ms
2024-11-19 17:03:41,948 - fl_main - INFO - client_dict[f_00003] training ...
2024-11-19 17:03:41,949 - client_base - INFO - client_dict[f_00003] training epoch : 0
2024-11-19 17:03:42,847 - client_base - INFO - local model train cost time : 0m:0s:898ms
2024-11-19 17:03:42,849 - client_base - INFO - model encode time : 0m:0s:1ms
2024-11-19 17:03:42,849 - fl_main - INFO - client_dict[f_00003] local model encrypting ...
2024-11-19 17:03:44,032 - fed_utils - INFO - encrypting key [conv1.weight].length : 150, cost time : 0m:1s:183ms
2024-11-19 17:03:44,080 - fed_utils - INFO - encrypting key [conv1.bias].length : 6, cost time : 0m:0s:47ms
2024-11-19 17:03:44,080 - fed_utils - INFO - load key [conv2.weight].length : 2400, cost time : 0m:0s:0ms
2024-11-19 17:03:44,080 - fed_utils - INFO - load key [conv2.bias].length : 16, cost time : 0m:0s:0ms
2024-11-19 17:03:44,081 - fed_utils - INFO - load key [fc1.weight].length : 48000, cost time : 0m:0s:0ms
2024-11-19 17:03:44,081 - fed_utils - INFO - load key [fc1.bias].length : 120, cost time : 0m:0s:0ms
2024-11-19 17:03:44,082 - fed_utils - INFO - load key [fc2.weight].length : 10080, cost time : 0m:0s:0ms
2024-11-19 17:03:44,082 - fed_utils - INFO - load key [fc2.bias].length : 84, cost time : 0m:0s:0ms
2024-11-19 17:03:50,711 - fed_utils - INFO - encrypting key [fc3.weight].length : 840, cost time : 0m:6s:629ms
2024-11-19 17:03:50,790 - fed_utils - INFO - encrypting key [fc3.bias].length : 10, cost time : 0m:0s:79ms
2024-11-19 17:03:50,790 - fl_main - INFO - Server receive client_dict[f_00003] info ...
2024-11-19 17:03:50,790 - fl_main - INFO - ----- client id [f_00004] -----
2024-11-19 17:03:50,791 - fed_utils - INFO - init global model cost time : 0m:0s:0ms
2024-11-19 17:03:50,792 - client_base - INFO - recover model cost time : 0m:0s:0ms
2024-11-19 17:03:50,792 - fl_main - INFO - client_dict[f_00004] training ...
2024-11-19 17:03:50,792 - client_base - INFO - client_dict[f_00004] training epoch : 0
2024-11-19 17:03:51,548 - client_base - INFO - local model train cost time : 0m:0s:755ms
2024-11-19 17:03:51,550 - client_base - INFO - model encode time : 0m:0s:2ms
2024-11-19 17:03:51,551 - fl_main - INFO - client_dict[f_00004] local model encrypting ...
2024-11-19 17:03:52,734 - fed_utils - INFO - encrypting key [conv1.weight].length : 150, cost time : 0m:1s:183ms
2024-11-19 17:03:52,782 - fed_utils - INFO - encrypting key [conv1.bias].length : 6, cost time : 0m:0s:47ms
2024-11-19 17:03:52,782 - fed_utils - INFO - load key [conv2.weight].length : 2400, cost time : 0m:0s:0ms
2024-11-19 17:03:52,782 - fed_utils - INFO - load key [conv2.bias].length : 16, cost time : 0m:0s:0ms
2024-11-19 17:03:52,783 - fed_utils - INFO - load key [fc1.weight].length : 48000, cost time : 0m:0s:0ms
2024-11-19 17:03:52,783 - fed_utils - INFO - load key [fc1.bias].length : 120, cost time : 0m:0s:0ms
2024-11-19 17:03:52,783 - fed_utils - INFO - load key [fc2.weight].length : 10080, cost time : 0m:0s:0ms
2024-11-19 17:03:52,783 - fed_utils - INFO - load key [fc2.bias].length : 84, cost time : 0m:0s:0ms
2024-11-19 17:03:59,551 - fed_utils - INFO - encrypting key [fc3.weight].length : 840, cost time : 0m:6s:767ms
2024-11-19 17:03:59,631 - fed_utils - INFO - encrypting key [fc3.bias].length : 10, cost time : 0m:0s:79ms
2024-11-19 17:03:59,631 - fl_main - INFO - Server receive client_dict[f_00004] info ...
2024-11-19 17:03:59,631 - fl_main - INFO - global aggregation process ...
2024-11-19 17:03:59,631 - fed_utils - INFO - server.n_data : 60000
2024-11-19 17:03:59,631 - fed_utils - INFO - client_dict[f_00000].weight : 0.200000
2024-11-19 17:03:59,631 - fed_utils - INFO - client_dict[f_00001].weight : 0.200000
2024-11-19 17:03:59,631 - fed_utils - INFO - client_dict[f_00002].weight : 0.200000
2024-11-19 17:03:59,631 - fed_utils - INFO - client_dict[f_00003].weight : 0.200000
2024-11-19 17:03:59,631 - fed_utils - INFO - client_dict[f_00004].weight : 0.200000
2024-11-19 17:03:59,631 - fed_utils - INFO - recover secret number by clients: 3157279.000000
2024-11-19 17:03:59,631 - server_base - INFO - Server aggregate model with homomorphic encryption ...
2024-11-19 17:04:01,068 - server_base - INFO - Server aggregate model done, cost time : 0m:1s:436ms
2024-11-19 17:04:01,412 - fed_utils - INFO - decrypting key [conv1.weight].shape [torch.Size([6, 1, 5, 5])]
2024-11-19 17:04:01,426 - fed_utils - INFO - decrypting key [conv1.bias].shape [torch.Size([6])]
2024-11-19 17:04:01,426 - fed_utils - INFO - decrypting key [conv2.weight].shape [torch.Size([16, 6, 5, 5])]
2024-11-19 17:04:01,426 - fed_utils - INFO - decrypting key [conv2.bias].shape [torch.Size([16])]
2024-11-19 17:04:01,426 - fed_utils - INFO - decrypting key [fc1.weight].shape [torch.Size([120, 400])]
2024-11-19 17:04:01,426 - fed_utils - INFO - decrypting key [fc1.bias].shape [torch.Size([120])]
2024-11-19 17:04:01,427 - fed_utils - INFO - decrypting key [fc2.weight].shape [torch.Size([84, 120])]
2024-11-19 17:04:01,427 - fed_utils - INFO - decrypting key [fc2.bias].shape [torch.Size([84])]
2024-11-19 17:04:03,352 - fed_utils - INFO - decrypting key [fc3.weight].shape [torch.Size([10, 84])]
2024-11-19 17:04:03,375 - fed_utils - INFO - decrypting key [fc3.bias].shape [torch.Size([10])]
2024-11-19 17:04:03,375 - fed_utils - INFO - decrypt time : [0m:2s:306ms]
2024-11-19 17:04:03,377 - fl_main - INFO - [global round : 17] aggregated model accuracy : 0.9740000000000001
2024-11-19 17:04:03,377 - fl_main - INFO - [global round : 17] aggregated model loss : 0.0890417736506551
2024-11-19 17:04:03,378 - fl_main - INFO - global round : 18
2024-11-19 17:04:03,378 - fl_main - INFO - the random client id to test accuracy : f_00004
2024-11-19 17:04:03,378 - fl_main - INFO - ----- client id [f_00000] -----
2024-11-19 17:04:03,379 - fed_utils - INFO - init global model cost time : 0m:0s:0ms
2024-11-19 17:04:03,380 - client_base - INFO - recover model cost time : 0m:0s:0ms
2024-11-19 17:04:03,380 - fl_main - INFO - client_dict[f_00000] training ...
2024-11-19 17:04:03,380 - client_base - INFO - client_dict[f_00000] training epoch : 0
2024-11-19 17:04:04,143 - client_base - INFO - local model train cost time : 0m:0s:762ms
2024-11-19 17:04:04,145 - client_base - INFO - model encode time : 0m:0s:1ms
2024-11-19 17:04:04,145 - fl_main - INFO - client_dict[f_00000] local model encrypting ...
2024-11-19 17:04:05,329 - fed_utils - INFO - encrypting key [conv1.weight].length : 150, cost time : 0m:1s:184ms
2024-11-19 17:04:05,377 - fed_utils - INFO - encrypting key [conv1.bias].length : 6, cost time : 0m:0s:48ms
2024-11-19 17:04:05,377 - fed_utils - INFO - load key [conv2.weight].length : 2400, cost time : 0m:0s:0ms
2024-11-19 17:04:05,378 - fed_utils - INFO - load key [conv2.bias].length : 16, cost time : 0m:0s:0ms
2024-11-19 17:04:05,378 - fed_utils - INFO - load key [fc1.weight].length : 48000, cost time : 0m:0s:0ms
2024-11-19 17:04:05,379 - fed_utils - INFO - load key [fc1.bias].length : 120, cost time : 0m:0s:0ms
2024-11-19 17:04:05,379 - fed_utils - INFO - load key [fc2.weight].length : 10080, cost time : 0m:0s:0ms
2024-11-19 17:04:05,379 - fed_utils - INFO - load key [fc2.bias].length : 84, cost time : 0m:0s:0ms
2024-11-19 17:04:12,013 - fed_utils - INFO - encrypting key [fc3.weight].length : 840, cost time : 0m:6s:633ms
2024-11-19 17:04:12,107 - fed_utils - INFO - encrypting key [fc3.bias].length : 10, cost time : 0m:0s:94ms
2024-11-19 17:04:12,109 - fl_main - INFO - Server receive client_dict[f_00000] info ...
2024-11-19 17:04:12,109 - fl_main - INFO - ----- client id [f_00001] -----
2024-11-19 17:04:12,110 - fed_utils - INFO - init global model cost time : 0m:0s:1ms
2024-11-19 17:04:12,118 - client_base - INFO - recover model cost time : 0m:0s:3ms
2024-11-19 17:04:12,118 - fl_main - INFO - client_dict[f_00001] training ...
2024-11-19 17:04:12,119 - client_base - INFO - client_dict[f_00001] training epoch : 0
2024-11-19 17:04:12,999 - client_base - INFO - local model train cost time : 0m:0s:880ms
2024-11-19 17:04:13,001 - client_base - INFO - model encode time : 0m:0s:1ms
2024-11-19 17:04:13,001 - fl_main - INFO - client_dict[f_00001] local model encrypting ...
2024-11-19 17:04:14,183 - fed_utils - INFO - encrypting key [conv1.weight].length : 150, cost time : 0m:1s:182ms
2024-11-19 17:04:14,231 - fed_utils - INFO - encrypting key [conv1.bias].length : 6, cost time : 0m:0s:47ms
2024-11-19 17:04:14,231 - fed_utils - INFO - load key [conv2.weight].length : 2400, cost time : 0m:0s:0ms
2024-11-19 17:04:14,231 - fed_utils - INFO - load key [conv2.bias].length : 16, cost time : 0m:0s:0ms
2024-11-19 17:04:14,232 - fed_utils - INFO - load key [fc1.weight].length : 48000, cost time : 0m:0s:0ms
2024-11-19 17:04:14,232 - fed_utils - INFO - load key [fc1.bias].length : 120, cost time : 0m:0s:0ms
2024-11-19 17:04:14,233 - fed_utils - INFO - load key [fc2.weight].length : 10080, cost time : 0m:0s:0ms
2024-11-19 17:04:14,233 - fed_utils - INFO - load key [fc2.bias].length : 84, cost time : 0m:0s:0ms
2024-11-19 17:04:20,856 - fed_utils - INFO - encrypting key [fc3.weight].length : 840, cost time : 0m:6s:623ms
2024-11-19 17:04:20,935 - fed_utils - INFO - encrypting key [fc3.bias].length : 10, cost time : 0m:0s:79ms
2024-11-19 17:04:20,935 - fl_main - INFO - Server receive client_dict[f_00001] info ...
2024-11-19 17:04:20,936 - fl_main - INFO - ----- client id [f_00002] -----
2024-11-19 17:04:20,936 - fed_utils - INFO - init global model cost time : 0m:0s:0ms
2024-11-19 17:04:20,937 - client_base - INFO - recover model cost time : 0m:0s:0ms
2024-11-19 17:04:20,937 - fl_main - INFO - client_dict[f_00002] training ...
2024-11-19 17:04:20,938 - client_base - INFO - client_dict[f_00002] training epoch : 0
2024-11-19 17:04:21,697 - client_base - INFO - local model train cost time : 0m:0s:759ms
2024-11-19 17:04:21,699 - client_base - INFO - model encode time : 0m:0s:1ms
2024-11-19 17:04:21,699 - fl_main - INFO - client_dict[f_00002] local model encrypting ...
2024-11-19 17:04:22,883 - fed_utils - INFO - encrypting key [conv1.weight].length : 150, cost time : 0m:1s:183ms
2024-11-19 17:04:22,931 - fed_utils - INFO - encrypting key [conv1.bias].length : 6, cost time : 0m:0s:47ms
2024-11-19 17:04:22,931 - fed_utils - INFO - load key [conv2.weight].length : 2400, cost time : 0m:0s:0ms
2024-11-19 17:04:22,931 - fed_utils - INFO - load key [conv2.bias].length : 16, cost time : 0m:0s:0ms
2024-11-19 17:04:22,932 - fed_utils - INFO - load key [fc1.weight].length : 48000, cost time : 0m:0s:0ms
2024-11-19 17:04:22,932 - fed_utils - INFO - load key [fc1.bias].length : 120, cost time : 0m:0s:0ms
2024-11-19 17:04:22,932 - fed_utils - INFO - load key [fc2.weight].length : 10080, cost time : 0m:0s:0ms
2024-11-19 17:04:22,932 - fed_utils - INFO - load key [fc2.bias].length : 84, cost time : 0m:0s:0ms
2024-11-19 17:04:29,695 - fed_utils - INFO - encrypting key [fc3.weight].length : 840, cost time : 0m:6s:763ms
2024-11-19 17:04:29,774 - fed_utils - INFO - encrypting key [fc3.bias].length : 10, cost time : 0m:0s:79ms
2024-11-19 17:04:29,774 - fl_main - INFO - Server receive client_dict[f_00002] info ...
2024-11-19 17:04:29,775 - fl_main - INFO - ----- client id [f_00003] -----
2024-11-19 17:04:29,775 - fed_utils - INFO - init global model cost time : 0m:0s:0ms
2024-11-19 17:04:29,776 - client_base - INFO - recover model cost time : 0m:0s:0ms
2024-11-19 17:04:29,776 - fl_main - INFO - client_dict[f_00003] training ...
2024-11-19 17:04:29,776 - client_base - INFO - client_dict[f_00003] training epoch : 0
2024-11-19 17:04:30,535 - client_base - INFO - local model train cost time : 0m:0s:758ms
2024-11-19 17:04:30,537 - client_base - INFO - model encode time : 0m:0s:1ms
2024-11-19 17:04:30,537 - fl_main - INFO - client_dict[f_00003] local model encrypting ...
2024-11-19 17:04:31,722 - fed_utils - INFO - encrypting key [conv1.weight].length : 150, cost time : 0m:1s:185ms
2024-11-19 17:04:31,770 - fed_utils - INFO - encrypting key [conv1.bias].length : 6, cost time : 0m:0s:47ms
2024-11-19 17:04:31,770 - fed_utils - INFO - load key [conv2.weight].length : 2400, cost time : 0m:0s:0ms
2024-11-19 17:04:31,770 - fed_utils - INFO - load key [conv2.bias].length : 16, cost time : 0m:0s:0ms
2024-11-19 17:04:31,771 - fed_utils - INFO - load key [fc1.weight].length : 48000, cost time : 0m:0s:0ms
2024-11-19 17:04:31,771 - fed_utils - INFO - load key [fc1.bias].length : 120, cost time : 0m:0s:0ms
2024-11-19 17:04:31,772 - fed_utils - INFO - load key [fc2.weight].length : 10080, cost time : 0m:0s:0ms
2024-11-19 17:04:31,772 - fed_utils - INFO - load key [fc2.bias].length : 84, cost time : 0m:0s:0ms
2024-11-19 17:04:38,398 - fed_utils - INFO - encrypting key [fc3.weight].length : 840, cost time : 0m:6s:626ms
2024-11-19 17:04:38,477 - fed_utils - INFO - encrypting key [fc3.bias].length : 10, cost time : 0m:0s:79ms
2024-11-19 17:04:38,477 - fl_main - INFO - Server receive client_dict[f_00003] info ...
2024-11-19 17:04:38,477 - fl_main - INFO - ----- client id [f_00004] -----
2024-11-19 17:04:38,478 - fed_utils - INFO - init global model cost time : 0m:0s:0ms
2024-11-19 17:04:38,478 - client_base - INFO - recover model cost time : 0m:0s:0ms
2024-11-19 17:04:39,301 - fl_main - INFO - global round [18] client_dict[f_00004].accuracy : 0.975300
2024-11-19 17:04:39,301 - fl_main - INFO - client_dict[f_00004] training ...
2024-11-19 17:04:39,302 - client_base - INFO - client_dict[f_00004] training epoch : 0
2024-11-19 17:04:40,068 - client_base - INFO - local model train cost time : 0m:0s:766ms
2024-11-19 17:04:40,070 - client_base - INFO - model encode time : 0m:0s:1ms
2024-11-19 17:04:40,070 - fl_main - INFO - client_dict[f_00004] local model encrypting ...
2024-11-19 17:04:41,252 - fed_utils - INFO - encrypting key [conv1.weight].length : 150, cost time : 0m:1s:182ms
2024-11-19 17:04:41,300 - fed_utils - INFO - encrypting key [conv1.bias].length : 6, cost time : 0m:0s:47ms
2024-11-19 17:04:41,300 - fed_utils - INFO - load key [conv2.weight].length : 2400, cost time : 0m:0s:0ms
2024-11-19 17:04:41,300 - fed_utils - INFO - load key [conv2.bias].length : 16, cost time : 0m:0s:0ms
2024-11-19 17:04:41,301 - fed_utils - INFO - load key [fc1.weight].length : 48000, cost time : 0m:0s:0ms
2024-11-19 17:04:41,301 - fed_utils - INFO - load key [fc1.bias].length : 120, cost time : 0m:0s:0ms
2024-11-19 17:04:41,302 - fed_utils - INFO - load key [fc2.weight].length : 10080, cost time : 0m:0s:0ms
2024-11-19 17:04:41,302 - fed_utils - INFO - load key [fc2.bias].length : 84, cost time : 0m:0s:0ms
2024-11-19 17:04:48,061 - fed_utils - INFO - encrypting key [fc3.weight].length : 840, cost time : 0m:6s:759ms
2024-11-19 17:04:48,141 - fed_utils - INFO - encrypting key [fc3.bias].length : 10, cost time : 0m:0s:79ms
2024-11-19 17:04:48,141 - fl_main - INFO - Server receive client_dict[f_00004] info ...
2024-11-19 17:04:48,141 - fl_main - INFO - global aggregation process ...
2024-11-19 17:04:48,141 - fed_utils - INFO - server.n_data : 60000
2024-11-19 17:04:48,141 - fed_utils - INFO - client_dict[f_00000].weight : 0.200000
2024-11-19 17:04:48,141 - fed_utils - INFO - client_dict[f_00001].weight : 0.200000
2024-11-19 17:04:48,141 - fed_utils - INFO - client_dict[f_00002].weight : 0.200000
2024-11-19 17:04:48,141 - fed_utils - INFO - client_dict[f_00003].weight : 0.200000
2024-11-19 17:04:48,141 - fed_utils - INFO - client_dict[f_00004].weight : 0.200000
2024-11-19 17:04:48,142 - fed_utils - INFO - recover secret number by clients: 3157279.000000
2024-11-19 17:04:48,142 - server_base - INFO - Server aggregate model with homomorphic encryption ...
2024-11-19 17:04:49,601 - server_base - INFO - Server aggregate model done, cost time : 0m:1s:459ms
2024-11-19 17:04:49,942 - fed_utils - INFO - decrypting key [conv1.weight].shape [torch.Size([6, 1, 5, 5])]
2024-11-19 17:04:49,956 - fed_utils - INFO - decrypting key [conv1.bias].shape [torch.Size([6])]
2024-11-19 17:04:49,956 - fed_utils - INFO - decrypting key [conv2.weight].shape [torch.Size([16, 6, 5, 5])]
2024-11-19 17:04:49,956 - fed_utils - INFO - decrypting key [conv2.bias].shape [torch.Size([16])]
2024-11-19 17:04:49,956 - fed_utils - INFO - decrypting key [fc1.weight].shape [torch.Size([120, 400])]
2024-11-19 17:04:49,956 - fed_utils - INFO - decrypting key [fc1.bias].shape [torch.Size([120])]
2024-11-19 17:04:49,957 - fed_utils - INFO - decrypting key [fc2.weight].shape [torch.Size([84, 120])]
2024-11-19 17:04:49,957 - fed_utils - INFO - decrypting key [fc2.bias].shape [torch.Size([84])]
2024-11-19 17:04:51,869 - fed_utils - INFO - decrypting key [fc3.weight].shape [torch.Size([10, 84])]
2024-11-19 17:04:51,892 - fed_utils - INFO - decrypting key [fc3.bias].shape [torch.Size([10])]
2024-11-19 17:04:51,892 - fed_utils - INFO - decrypt time : [0m:2s:290ms]
2024-11-19 17:04:51,894 - fl_main - INFO - [global round : 18] aggregated model accuracy : 0.9753000000000001
2024-11-19 17:04:51,894 - fl_main - INFO - [global round : 18] aggregated model loss : 0.05140209918347769
2024-11-19 17:04:51,895 - fl_main - INFO - global round : 19
2024-11-19 17:04:51,895 - fl_main - INFO - the random client id to test accuracy : f_00004
2024-11-19 17:04:51,895 - fl_main - INFO - ----- client id [f_00000] -----
2024-11-19 17:04:51,896 - fed_utils - INFO - init global model cost time : 0m:0s:0ms
2024-11-19 17:04:51,896 - client_base - INFO - recover model cost time : 0m:0s:0ms
2024-11-19 17:04:51,896 - fl_main - INFO - client_dict[f_00000] training ...
2024-11-19 17:04:51,897 - client_base - INFO - client_dict[f_00000] training epoch : 0
2024-11-19 17:04:52,680 - client_base - INFO - local model train cost time : 0m:0s:782ms
2024-11-19 17:04:52,681 - client_base - INFO - model encode time : 0m:0s:1ms
2024-11-19 17:04:52,682 - fl_main - INFO - client_dict[f_00000] local model encrypting ...
2024-11-19 17:04:53,868 - fed_utils - INFO - encrypting key [conv1.weight].length : 150, cost time : 0m:1s:186ms
2024-11-19 17:04:53,916 - fed_utils - INFO - encrypting key [conv1.bias].length : 6, cost time : 0m:0s:47ms
2024-11-19 17:04:53,916 - fed_utils - INFO - load key [conv2.weight].length : 2400, cost time : 0m:0s:0ms
2024-11-19 17:04:53,916 - fed_utils - INFO - load key [conv2.bias].length : 16, cost time : 0m:0s:0ms
2024-11-19 17:04:53,917 - fed_utils - INFO - load key [fc1.weight].length : 48000, cost time : 0m:0s:0ms
2024-11-19 17:04:53,917 - fed_utils - INFO - load key [fc1.bias].length : 120, cost time : 0m:0s:0ms
2024-11-19 17:04:53,917 - fed_utils - INFO - load key [fc2.weight].length : 10080, cost time : 0m:0s:0ms
2024-11-19 17:04:53,917 - fed_utils - INFO - load key [fc2.bias].length : 84, cost time : 0m:0s:0ms
2024-11-19 17:05:00,682 - fed_utils - INFO - encrypting key [fc3.weight].length : 840, cost time : 0m:6s:764ms
2024-11-19 17:05:00,761 - fed_utils - INFO - encrypting key [fc3.bias].length : 10, cost time : 0m:0s:79ms
2024-11-19 17:05:00,762 - fl_main - INFO - Server receive client_dict[f_00000] info ...
2024-11-19 17:05:00,762 - fl_main - INFO - ----- client id [f_00001] -----
2024-11-19 17:05:00,763 - fed_utils - INFO - init global model cost time : 0m:0s:0ms
2024-11-19 17:05:00,763 - client_base - INFO - recover model cost time : 0m:0s:0ms
2024-11-19 17:05:00,763 - fl_main - INFO - client_dict[f_00001] training ...
2024-11-19 17:05:00,764 - client_base - INFO - client_dict[f_00001] training epoch : 0
2024-11-19 17:05:01,539 - client_base - INFO - local model train cost time : 0m:0s:775ms
2024-11-19 17:05:01,541 - client_base - INFO - model encode time : 0m:0s:1ms
2024-11-19 17:05:01,541 - fl_main - INFO - client_dict[f_00001] local model encrypting ...
2024-11-19 17:05:02,727 - fed_utils - INFO - encrypting key [conv1.weight].length : 150, cost time : 0m:1s:185ms
2024-11-19 17:05:02,775 - fed_utils - INFO - encrypting key [conv1.bias].length : 6, cost time : 0m:0s:47ms
2024-11-19 17:05:02,775 - fed_utils - INFO - load key [conv2.weight].length : 2400, cost time : 0m:0s:0ms
2024-11-19 17:05:02,775 - fed_utils - INFO - load key [conv2.bias].length : 16, cost time : 0m:0s:0ms
2024-11-19 17:05:02,776 - fed_utils - INFO - load key [fc1.weight].length : 48000, cost time : 0m:0s:0ms
2024-11-19 17:05:02,776 - fed_utils - INFO - load key [fc1.bias].length : 120, cost time : 0m:0s:0ms
2024-11-19 17:05:02,776 - fed_utils - INFO - load key [fc2.weight].length : 10080, cost time : 0m:0s:0ms
2024-11-19 17:05:02,776 - fed_utils - INFO - load key [fc2.bias].length : 84, cost time : 0m:0s:0ms
2024-11-19 17:05:09,406 - fed_utils - INFO - encrypting key [fc3.weight].length : 840, cost time : 0m:6s:630ms
2024-11-19 17:05:09,486 - fed_utils - INFO - encrypting key [fc3.bias].length : 10, cost time : 0m:0s:79ms
2024-11-19 17:05:09,486 - fl_main - INFO - Server receive client_dict[f_00001] info ...
2024-11-19 17:05:09,486 - fl_main - INFO - ----- client id [f_00002] -----
2024-11-19 17:05:09,487 - fed_utils - INFO - init global model cost time : 0m:0s:0ms
2024-11-19 17:05:09,487 - client_base - INFO - recover model cost time : 0m:0s:0ms
2024-11-19 17:05:09,487 - fl_main - INFO - client_dict[f_00002] training ...
2024-11-19 17:05:09,488 - client_base - INFO - client_dict[f_00002] training epoch : 0
2024-11-19 17:05:10,254 - client_base - INFO - local model train cost time : 0m:0s:766ms
2024-11-19 17:05:10,256 - client_base - INFO - model encode time : 0m:0s:1ms
2024-11-19 17:05:10,256 - fl_main - INFO - client_dict[f_00002] local model encrypting ...
2024-11-19 17:05:11,439 - fed_utils - INFO - encrypting key [conv1.weight].length : 150, cost time : 0m:1s:182ms
2024-11-19 17:05:11,487 - fed_utils - INFO - encrypting key [conv1.bias].length : 6, cost time : 0m:0s:47ms
2024-11-19 17:05:11,487 - fed_utils - INFO - load key [conv2.weight].length : 2400, cost time : 0m:0s:0ms
2024-11-19 17:05:11,487 - fed_utils - INFO - load key [conv2.bias].length : 16, cost time : 0m:0s:0ms
2024-11-19 17:05:11,488 - fed_utils - INFO - load key [fc1.weight].length : 48000, cost time : 0m:0s:0ms
2024-11-19 17:05:11,488 - fed_utils - INFO - load key [fc1.bias].length : 120, cost time : 0m:0s:0ms
2024-11-19 17:05:11,488 - fed_utils - INFO - load key [fc2.weight].length : 10080, cost time : 0m:0s:0ms
2024-11-19 17:05:11,488 - fed_utils - INFO - load key [fc2.bias].length : 84, cost time : 0m:0s:0ms
2024-11-19 17:05:18,248 - fed_utils - INFO - encrypting key [fc3.weight].length : 840, cost time : 0m:6s:760ms
2024-11-19 17:05:18,328 - fed_utils - INFO - encrypting key [fc3.bias].length : 10, cost time : 0m:0s:79ms
2024-11-19 17:05:18,328 - fl_main - INFO - Server receive client_dict[f_00002] info ...
2024-11-19 17:05:18,328 - fl_main - INFO - ----- client id [f_00003] -----
2024-11-19 17:05:18,329 - fed_utils - INFO - init global model cost time : 0m:0s:0ms
2024-11-19 17:05:18,329 - client_base - INFO - recover model cost time : 0m:0s:0ms
2024-11-19 17:05:18,329 - fl_main - INFO - client_dict[f_00003] training ...
2024-11-19 17:05:18,330 - client_base - INFO - client_dict[f_00003] training epoch : 0
2024-11-19 17:05:19,092 - client_base - INFO - local model train cost time : 0m:0s:761ms
2024-11-19 17:05:19,093 - client_base - INFO - model encode time : 0m:0s:1ms
2024-11-19 17:05:19,094 - fl_main - INFO - client_dict[f_00003] local model encrypting ...
2024-11-19 17:05:20,279 - fed_utils - INFO - encrypting key [conv1.weight].length : 150, cost time : 0m:1s:185ms
2024-11-19 17:05:20,327 - fed_utils - INFO - encrypting key [conv1.bias].length : 6, cost time : 0m:0s:47ms
2024-11-19 17:05:20,327 - fed_utils - INFO - load key [conv2.weight].length : 2400, cost time : 0m:0s:0ms
2024-11-19 17:05:20,328 - fed_utils - INFO - load key [conv2.bias].length : 16, cost time : 0m:0s:0ms
2024-11-19 17:05:20,328 - fed_utils - INFO - load key [fc1.weight].length : 48000, cost time : 0m:0s:0ms
2024-11-19 17:05:20,329 - fed_utils - INFO - load key [fc1.bias].length : 120, cost time : 0m:0s:0ms
2024-11-19 17:05:20,329 - fed_utils - INFO - load key [fc2.weight].length : 10080, cost time : 0m:0s:0ms
2024-11-19 17:05:20,329 - fed_utils - INFO - load key [fc2.bias].length : 84, cost time : 0m:0s:0ms
2024-11-19 17:05:26,958 - fed_utils - INFO - encrypting key [fc3.weight].length : 840, cost time : 0m:6s:628ms
2024-11-19 17:05:27,037 - fed_utils - INFO - encrypting key [fc3.bias].length : 10, cost time : 0m:0s:79ms
2024-11-19 17:05:27,037 - fl_main - INFO - Server receive client_dict[f_00003] info ...
2024-11-19 17:05:27,037 - fl_main - INFO - ----- client id [f_00004] -----
2024-11-19 17:05:27,038 - fed_utils - INFO - init global model cost time : 0m:0s:0ms
2024-11-19 17:05:27,038 - client_base - INFO - recover model cost time : 0m:0s:0ms
2024-11-19 17:05:27,991 - fl_main - INFO - global round [19] client_dict[f_00004].accuracy : 0.976700
2024-11-19 17:05:27,991 - fl_main - INFO - client_dict[f_00004] training ...
2024-11-19 17:05:27,992 - client_base - INFO - client_dict[f_00004] training epoch : 0
2024-11-19 17:05:28,785 - client_base - INFO - local model train cost time : 0m:0s:793ms
2024-11-19 17:05:28,787 - client_base - INFO - model encode time : 0m:0s:1ms
2024-11-19 17:05:28,787 - fl_main - INFO - client_dict[f_00004] local model encrypting ...
2024-11-19 17:05:29,971 - fed_utils - INFO - encrypting key [conv1.weight].length : 150, cost time : 0m:1s:183ms
2024-11-19 17:05:30,019 - fed_utils - INFO - encrypting key [conv1.bias].length : 6, cost time : 0m:0s:47ms
2024-11-19 17:05:30,019 - fed_utils - INFO - load key [conv2.weight].length : 2400, cost time : 0m:0s:0ms
2024-11-19 17:05:30,019 - fed_utils - INFO - load key [conv2.bias].length : 16, cost time : 0m:0s:0ms
2024-11-19 17:05:30,020 - fed_utils - INFO - load key [fc1.weight].length : 48000, cost time : 0m:0s:0ms
2024-11-19 17:05:30,020 - fed_utils - INFO - load key [fc1.bias].length : 120, cost time : 0m:0s:0ms
2024-11-19 17:05:30,020 - fed_utils - INFO - load key [fc2.weight].length : 10080, cost time : 0m:0s:0ms
2024-11-19 17:05:30,020 - fed_utils - INFO - load key [fc2.bias].length : 84, cost time : 0m:0s:0ms
2024-11-19 17:05:36,647 - fed_utils - INFO - encrypting key [fc3.weight].length : 840, cost time : 0m:6s:627ms
2024-11-19 17:05:36,727 - fed_utils - INFO - encrypting key [fc3.bias].length : 10, cost time : 0m:0s:79ms
2024-11-19 17:05:36,727 - fl_main - INFO - Server receive client_dict[f_00004] info ...
2024-11-19 17:05:36,727 - fl_main - INFO - global aggregation process ...
2024-11-19 17:05:36,727 - fed_utils - INFO - server.n_data : 60000
2024-11-19 17:05:36,727 - fed_utils - INFO - client_dict[f_00000].weight : 0.200000
2024-11-19 17:05:36,727 - fed_utils - INFO - client_dict[f_00001].weight : 0.200000
2024-11-19 17:05:36,727 - fed_utils - INFO - client_dict[f_00002].weight : 0.200000
2024-11-19 17:05:36,727 - fed_utils - INFO - client_dict[f_00003].weight : 0.200000
2024-11-19 17:05:36,727 - fed_utils - INFO - client_dict[f_00004].weight : 0.200000
2024-11-19 17:05:36,727 - fed_utils - INFO - recover secret number by clients: 3157279.000000
2024-11-19 17:05:36,727 - server_base - INFO - Server aggregate model with homomorphic encryption ...
2024-11-19 17:05:38,163 - server_base - INFO - Server aggregate model done, cost time : 0m:1s:435ms
2024-11-19 17:05:38,507 - fed_utils - INFO - decrypting key [conv1.weight].shape [torch.Size([6, 1, 5, 5])]
2024-11-19 17:05:38,521 - fed_utils - INFO - decrypting key [conv1.bias].shape [torch.Size([6])]
2024-11-19 17:05:38,521 - fed_utils - INFO - decrypting key [conv2.weight].shape [torch.Size([16, 6, 5, 5])]
2024-11-19 17:05:38,521 - fed_utils - INFO - decrypting key [conv2.bias].shape [torch.Size([16])]
2024-11-19 17:05:38,521 - fed_utils - INFO - decrypting key [fc1.weight].shape [torch.Size([120, 400])]
2024-11-19 17:05:38,521 - fed_utils - INFO - decrypting key [fc1.bias].shape [torch.Size([120])]
2024-11-19 17:05:38,521 - fed_utils - INFO - decrypting key [fc2.weight].shape [torch.Size([84, 120])]
2024-11-19 17:05:38,521 - fed_utils - INFO - decrypting key [fc2.bias].shape [torch.Size([84])]
2024-11-19 17:05:40,446 - fed_utils - INFO - decrypting key [fc3.weight].shape [torch.Size([10, 84])]
2024-11-19 17:05:40,469 - fed_utils - INFO - decrypting key [fc3.bias].shape [torch.Size([10])]
2024-11-19 17:05:40,469 - fed_utils - INFO - decrypt time : [0m:2s:305ms]
2024-11-19 17:05:40,471 - fl_main - INFO - [global round : 19] aggregated model accuracy : 0.9767
2024-11-19 17:05:40,471 - fl_main - INFO - [global round : 19] aggregated model loss : 0.03189955016109083
2024-11-19 17:05:40,472 - fl_main - INFO - global round : 20
2024-11-19 17:05:40,472 - fl_main - INFO - the random client id to test accuracy : f_00003
2024-11-19 17:05:40,472 - fl_main - INFO - ----- client id [f_00000] -----
2024-11-19 17:05:40,473 - fed_utils - INFO - init global model cost time : 0m:0s:0ms
2024-11-19 17:05:40,473 - client_base - INFO - recover model cost time : 0m:0s:0ms
2024-11-19 17:05:40,473 - fl_main - INFO - client_dict[f_00000] training ...
2024-11-19 17:05:40,474 - client_base - INFO - client_dict[f_00000] training epoch : 0
2024-11-19 17:05:41,238 - client_base - INFO - local model train cost time : 0m:0s:763ms
2024-11-19 17:05:41,239 - client_base - INFO - model encode time : 0m:0s:1ms
2024-11-19 17:05:41,240 - fl_main - INFO - client_dict[f_00000] local model encrypting ...
2024-11-19 17:05:42,565 - fed_utils - INFO - encrypting key [conv1.weight].length : 150, cost time : 0m:1s:325ms
2024-11-19 17:05:42,613 - fed_utils - INFO - encrypting key [conv1.bias].length : 6, cost time : 0m:0s:47ms
2024-11-19 17:05:42,613 - fed_utils - INFO - load key [conv2.weight].length : 2400, cost time : 0m:0s:0ms
2024-11-19 17:05:42,613 - fed_utils - INFO - load key [conv2.bias].length : 16, cost time : 0m:0s:0ms
2024-11-19 17:05:42,614 - fed_utils - INFO - load key [fc1.weight].length : 48000, cost time : 0m:0s:0ms
2024-11-19 17:05:42,614 - fed_utils - INFO - load key [fc1.bias].length : 120, cost time : 0m:0s:0ms
2024-11-19 17:05:42,614 - fed_utils - INFO - load key [fc2.weight].length : 10080, cost time : 0m:0s:0ms
2024-11-19 17:05:42,614 - fed_utils - INFO - load key [fc2.bias].length : 84, cost time : 0m:0s:0ms
2024-11-19 17:05:49,236 - fed_utils - INFO - encrypting key [fc3.weight].length : 840, cost time : 0m:6s:622ms
2024-11-19 17:05:49,316 - fed_utils - INFO - encrypting key [fc3.bias].length : 10, cost time : 0m:0s:79ms
2024-11-19 17:05:49,317 - fl_main - INFO - Server receive client_dict[f_00000] info ...
2024-11-19 17:05:49,317 - fl_main - INFO - ----- client id [f_00001] -----
2024-11-19 17:05:49,317 - fed_utils - INFO - init global model cost time : 0m:0s:0ms
2024-11-19 17:05:49,318 - client_base - INFO - recover model cost time : 0m:0s:0ms
2024-11-19 17:05:49,318 - fl_main - INFO - client_dict[f_00001] training ...
2024-11-19 17:05:49,319 - client_base - INFO - client_dict[f_00001] training epoch : 0
2024-11-19 17:05:50,093 - client_base - INFO - local model train cost time : 0m:0s:774ms
2024-11-19 17:05:50,095 - client_base - INFO - model encode time : 0m:0s:1ms
2024-11-19 17:05:50,095 - fl_main - INFO - client_dict[f_00001] local model encrypting ...
2024-11-19 17:05:51,277 - fed_utils - INFO - encrypting key [conv1.weight].length : 150, cost time : 0m:1s:182ms
2024-11-19 17:05:51,325 - fed_utils - INFO - encrypting key [conv1.bias].length : 6, cost time : 0m:0s:47ms
2024-11-19 17:05:51,325 - fed_utils - INFO - load key [conv2.weight].length : 2400, cost time : 0m:0s:0ms
2024-11-19 17:05:51,325 - fed_utils - INFO - load key [conv2.bias].length : 16, cost time : 0m:0s:0ms
2024-11-19 17:05:51,326 - fed_utils - INFO - load key [fc1.weight].length : 48000, cost time : 0m:0s:0ms
2024-11-19 17:05:51,326 - fed_utils - INFO - load key [fc1.bias].length : 120, cost time : 0m:0s:0ms
2024-11-19 17:05:51,327 - fed_utils - INFO - load key [fc2.weight].length : 10080, cost time : 0m:0s:0ms
2024-11-19 17:05:51,327 - fed_utils - INFO - load key [fc2.bias].length : 84, cost time : 0m:0s:0ms
2024-11-19 17:05:58,082 - fed_utils - INFO - encrypting key [fc3.weight].length : 840, cost time : 0m:6s:755ms
2024-11-19 17:05:58,161 - fed_utils - INFO - encrypting key [fc3.bias].length : 10, cost time : 0m:0s:79ms
2024-11-19 17:05:58,161 - fl_main - INFO - Server receive client_dict[f_00001] info ...
2024-11-19 17:05:58,162 - fl_main - INFO - ----- client id [f_00002] -----
2024-11-19 17:05:58,162 - fed_utils - INFO - init global model cost time : 0m:0s:0ms
2024-11-19 17:05:58,163 - client_base - INFO - recover model cost time : 0m:0s:0ms
2024-11-19 17:05:58,163 - fl_main - INFO - client_dict[f_00002] training ...
2024-11-19 17:05:58,164 - client_base - INFO - client_dict[f_00002] training epoch : 0
2024-11-19 17:05:58,929 - client_base - INFO - local model train cost time : 0m:0s:764ms
2024-11-19 17:05:58,930 - client_base - INFO - model encode time : 0m:0s:1ms
2024-11-19 17:05:58,930 - fl_main - INFO - client_dict[f_00002] local model encrypting ...
2024-11-19 17:06:00,118 - fed_utils - INFO - encrypting key [conv1.weight].length : 150, cost time : 0m:1s:187ms
2024-11-19 17:06:00,166 - fed_utils - INFO - encrypting key [conv1.bias].length : 6, cost time : 0m:0s:47ms
2024-11-19 17:06:00,166 - fed_utils - INFO - load key [conv2.weight].length : 2400, cost time : 0m:0s:0ms
2024-11-19 17:06:00,166 - fed_utils - INFO - load key [conv2.bias].length : 16, cost time : 0m:0s:0ms
2024-11-19 17:06:00,167 - fed_utils - INFO - load key [fc1.weight].length : 48000, cost time : 0m:0s:0ms
2024-11-19 17:06:00,167 - fed_utils - INFO - load key [fc1.bias].length : 120, cost time : 0m:0s:0ms
2024-11-19 17:06:00,167 - fed_utils - INFO - load key [fc2.weight].length : 10080, cost time : 0m:0s:0ms
2024-11-19 17:06:00,167 - fed_utils - INFO - load key [fc2.bias].length : 84, cost time : 0m:0s:0ms
2024-11-19 17:06:06,801 - fed_utils - INFO - encrypting key [fc3.weight].length : 840, cost time : 0m:6s:633ms
2024-11-19 17:06:06,880 - fed_utils - INFO - encrypting key [fc3.bias].length : 10, cost time : 0m:0s:79ms
2024-11-19 17:06:06,880 - fl_main - INFO - Server receive client_dict[f_00002] info ...
2024-11-19 17:06:06,881 - fl_main - INFO - ----- client id [f_00003] -----
2024-11-19 17:06:06,881 - fed_utils - INFO - init global model cost time : 0m:0s:0ms
2024-11-19 17:06:06,882 - client_base - INFO - recover model cost time : 0m:0s:0ms
2024-11-19 17:06:07,707 - fl_main - INFO - global round [20] client_dict[f_00003].accuracy : 0.978200
2024-11-19 17:06:07,707 - fl_main - INFO - client_dict[f_00003] training ...
2024-11-19 17:06:07,708 - client_base - INFO - client_dict[f_00003] training epoch : 0
2024-11-19 17:06:08,470 - client_base - INFO - local model train cost time : 0m:0s:762ms
2024-11-19 17:06:08,471 - client_base - INFO - model encode time : 0m:0s:1ms
2024-11-19 17:06:08,472 - fl_main - INFO - client_dict[f_00003] local model encrypting ...
2024-11-19 17:06:09,654 - fed_utils - INFO - encrypting key [conv1.weight].length : 150, cost time : 0m:1s:182ms
2024-11-19 17:06:09,702 - fed_utils - INFO - encrypting key [conv1.bias].length : 6, cost time : 0m:0s:48ms
2024-11-19 17:06:09,702 - fed_utils - INFO - load key [conv2.weight].length : 2400, cost time : 0m:0s:0ms
2024-11-19 17:06:09,702 - fed_utils - INFO - load key [conv2.bias].length : 16, cost time : 0m:0s:0ms
2024-11-19 17:06:09,703 - fed_utils - INFO - load key [fc1.weight].length : 48000, cost time : 0m:0s:0ms
2024-11-19 17:06:09,703 - fed_utils - INFO - load key [fc1.bias].length : 120, cost time : 0m:0s:0ms
2024-11-19 17:06:09,703 - fed_utils - INFO - load key [fc2.weight].length : 10080, cost time : 0m:0s:0ms
2024-11-19 17:06:09,703 - fed_utils - INFO - load key [fc2.bias].length : 84, cost time : 0m:0s:0ms
2024-11-19 17:06:16,470 - fed_utils - INFO - encrypting key [fc3.weight].length : 840, cost time : 0m:6s:766ms
2024-11-19 17:06:16,550 - fed_utils - INFO - encrypting key [fc3.bias].length : 10, cost time : 0m:0s:80ms
2024-11-19 17:06:16,551 - fl_main - INFO - Server receive client_dict[f_00003] info ...
2024-11-19 17:06:16,551 - fl_main - INFO - ----- client id [f_00004] -----
2024-11-19 17:06:16,551 - fed_utils - INFO - init global model cost time : 0m:0s:0ms
2024-11-19 17:06:16,552 - client_base - INFO - recover model cost time : 0m:0s:0ms
2024-11-19 17:06:16,552 - fl_main - INFO - client_dict[f_00004] training ...
2024-11-19 17:06:16,553 - client_base - INFO - client_dict[f_00004] training epoch : 0
2024-11-19 17:06:17,321 - client_base - INFO - local model train cost time : 0m:0s:767ms
2024-11-19 17:06:17,322 - client_base - INFO - model encode time : 0m:0s:1ms
2024-11-19 17:06:17,322 - fl_main - INFO - client_dict[f_00004] local model encrypting ...
2024-11-19 17:06:18,506 - fed_utils - INFO - encrypting key [conv1.weight].length : 150, cost time : 0m:1s:183ms
2024-11-19 17:06:18,554 - fed_utils - INFO - encrypting key [conv1.bias].length : 6, cost time : 0m:0s:47ms
2024-11-19 17:06:18,554 - fed_utils - INFO - load key [conv2.weight].length : 2400, cost time : 0m:0s:0ms
2024-11-19 17:06:18,554 - fed_utils - INFO - load key [conv2.bias].length : 16, cost time : 0m:0s:0ms
2024-11-19 17:06:18,555 - fed_utils - INFO - load key [fc1.weight].length : 48000, cost time : 0m:0s:0ms
2024-11-19 17:06:18,555 - fed_utils - INFO - load key [fc1.bias].length : 120, cost time : 0m:0s:0ms
2024-11-19 17:06:18,555 - fed_utils - INFO - load key [fc2.weight].length : 10080, cost time : 0m:0s:0ms
2024-11-19 17:06:18,555 - fed_utils - INFO - load key [fc2.bias].length : 84, cost time : 0m:0s:0ms
2024-11-19 17:06:25,179 - fed_utils - INFO - encrypting key [fc3.weight].length : 840, cost time : 0m:6s:623ms
2024-11-19 17:06:25,258 - fed_utils - INFO - encrypting key [fc3.bias].length : 10, cost time : 0m:0s:79ms
2024-11-19 17:06:25,258 - fl_main - INFO - Server receive client_dict[f_00004] info ...
2024-11-19 17:06:25,258 - fl_main - INFO - global aggregation process ...
2024-11-19 17:06:25,259 - fed_utils - INFO - server.n_data : 60000
2024-11-19 17:06:25,259 - fed_utils - INFO - client_dict[f_00000].weight : 0.200000
2024-11-19 17:06:25,259 - fed_utils - INFO - client_dict[f_00001].weight : 0.200000
2024-11-19 17:06:25,259 - fed_utils - INFO - client_dict[f_00002].weight : 0.200000
2024-11-19 17:06:25,259 - fed_utils - INFO - client_dict[f_00003].weight : 0.200000
2024-11-19 17:06:25,259 - fed_utils - INFO - client_dict[f_00004].weight : 0.200000
2024-11-19 17:06:25,259 - fed_utils - INFO - recover secret number by clients: 3157279.000000
2024-11-19 17:06:25,259 - server_base - INFO - Server aggregate model with homomorphic encryption ...
2024-11-19 17:06:26,694 - server_base - INFO - Server aggregate model done, cost time : 0m:1s:434ms
2024-11-19 17:06:27,036 - fed_utils - INFO - decrypting key [conv1.weight].shape [torch.Size([6, 1, 5, 5])]
2024-11-19 17:06:27,050 - fed_utils - INFO - decrypting key [conv1.bias].shape [torch.Size([6])]
2024-11-19 17:06:27,050 - fed_utils - INFO - decrypting key [conv2.weight].shape [torch.Size([16, 6, 5, 5])]
2024-11-19 17:06:27,050 - fed_utils - INFO - decrypting key [conv2.bias].shape [torch.Size([16])]
2024-11-19 17:06:27,050 - fed_utils - INFO - decrypting key [fc1.weight].shape [torch.Size([120, 400])]
2024-11-19 17:06:27,050 - fed_utils - INFO - decrypting key [fc1.bias].shape [torch.Size([120])]
2024-11-19 17:06:27,050 - fed_utils - INFO - decrypting key [fc2.weight].shape [torch.Size([84, 120])]
2024-11-19 17:06:27,050 - fed_utils - INFO - decrypting key [fc2.bias].shape [torch.Size([84])]
2024-11-19 17:06:29,106 - fed_utils - INFO - decrypting key [fc3.weight].shape [torch.Size([10, 84])]
2024-11-19 17:06:29,129 - fed_utils - INFO - decrypting key [fc3.bias].shape [torch.Size([10])]
2024-11-19 17:06:29,129 - fed_utils - INFO - decrypt time : [0m:2s:434ms]
2024-11-19 17:06:29,131 - fl_main - INFO - [global round : 20] aggregated model accuracy : 0.9782000000000001
2024-11-19 17:06:29,131 - fl_main - INFO - [global round : 20] aggregated model loss : 0.1084839567765123
2024-11-19 17:06:29,132 - fl_main - INFO - global round : 21
2024-11-19 17:06:29,132 - fl_main - INFO - the random client id to test accuracy : f_00000
2024-11-19 17:06:29,132 - fl_main - INFO - ----- client id [f_00000] -----
2024-11-19 17:06:29,133 - fed_utils - INFO - init global model cost time : 0m:0s:0ms
2024-11-19 17:06:29,133 - client_base - INFO - recover model cost time : 0m:0s:0ms
2024-11-19 17:06:29,941 - fl_main - INFO - global round [21] client_dict[f_00000].accuracy : 0.978200
2024-11-19 17:06:29,941 - fl_main - INFO - client_dict[f_00000] training ...
2024-11-19 17:06:29,941 - client_base - INFO - client_dict[f_00000] training epoch : 0
2024-11-19 17:06:30,719 - client_base - INFO - local model train cost time : 0m:0s:777ms
2024-11-19 17:06:30,721 - client_base - INFO - model encode time : 0m:0s:1ms
2024-11-19 17:06:30,721 - fl_main - INFO - client_dict[f_00000] local model encrypting ...
2024-11-19 17:06:31,903 - fed_utils - INFO - encrypting key [conv1.weight].length : 150, cost time : 0m:1s:182ms
2024-11-19 17:06:31,951 - fed_utils - INFO - encrypting key [conv1.bias].length : 6, cost time : 0m:0s:47ms
2024-11-19 17:06:31,951 - fed_utils - INFO - load key [conv2.weight].length : 2400, cost time : 0m:0s:0ms
2024-11-19 17:06:31,951 - fed_utils - INFO - load key [conv2.bias].length : 16, cost time : 0m:0s:0ms
2024-11-19 17:06:31,952 - fed_utils - INFO - load key [fc1.weight].length : 48000, cost time : 0m:0s:0ms
2024-11-19 17:06:31,952 - fed_utils - INFO - load key [fc1.bias].length : 120, cost time : 0m:0s:0ms
2024-11-19 17:06:31,953 - fed_utils - INFO - load key [fc2.weight].length : 10080, cost time : 0m:0s:0ms
2024-11-19 17:06:31,953 - fed_utils - INFO - load key [fc2.bias].length : 84, cost time : 0m:0s:0ms
2024-11-19 17:06:38,576 - fed_utils - INFO - encrypting key [fc3.weight].length : 840, cost time : 0m:6s:623ms
2024-11-19 17:06:38,655 - fed_utils - INFO - encrypting key [fc3.bias].length : 10, cost time : 0m:0s:79ms
2024-11-19 17:06:38,656 - fl_main - INFO - Server receive client_dict[f_00000] info ...
2024-11-19 17:06:38,656 - fl_main - INFO - ----- client id [f_00001] -----
2024-11-19 17:06:38,657 - fed_utils - INFO - init global model cost time : 0m:0s:0ms
2024-11-19 17:06:38,657 - client_base - INFO - recover model cost time : 0m:0s:0ms
2024-11-19 17:06:38,658 - fl_main - INFO - client_dict[f_00001] training ...
2024-11-19 17:06:38,658 - client_base - INFO - client_dict[f_00001] training epoch : 0
2024-11-19 17:06:39,439 - client_base - INFO - local model train cost time : 0m:0s:781ms
2024-11-19 17:06:39,441 - client_base - INFO - model encode time : 0m:0s:1ms
2024-11-19 17:06:39,441 - fl_main - INFO - client_dict[f_00001] local model encrypting ...
2024-11-19 17:06:40,625 - fed_utils - INFO - encrypting key [conv1.weight].length : 150, cost time : 0m:1s:183ms
2024-11-19 17:06:40,672 - fed_utils - INFO - encrypting key [conv1.bias].length : 6, cost time : 0m:0s:47ms
2024-11-19 17:06:40,672 - fed_utils - INFO - load key [conv2.weight].length : 2400, cost time : 0m:0s:0ms
2024-11-19 17:06:40,673 - fed_utils - INFO - load key [conv2.bias].length : 16, cost time : 0m:0s:0ms
2024-11-19 17:06:40,673 - fed_utils - INFO - load key [fc1.weight].length : 48000, cost time : 0m:0s:0ms
2024-11-19 17:06:40,674 - fed_utils - INFO - load key [fc1.bias].length : 120, cost time : 0m:0s:0ms
2024-11-19 17:06:40,674 - fed_utils - INFO - load key [fc2.weight].length : 10080, cost time : 0m:0s:0ms
2024-11-19 17:06:40,674 - fed_utils - INFO - load key [fc2.bias].length : 84, cost time : 0m:0s:0ms
2024-11-19 17:06:47,449 - fed_utils - INFO - encrypting key [fc3.weight].length : 840, cost time : 0m:6s:774ms
2024-11-19 17:06:47,528 - fed_utils - INFO - encrypting key [fc3.bias].length : 10, cost time : 0m:0s:79ms
2024-11-19 17:06:47,528 - fl_main - INFO - Server receive client_dict[f_00001] info ...
2024-11-19 17:06:47,529 - fl_main - INFO - ----- client id [f_00002] -----
2024-11-19 17:06:47,529 - fed_utils - INFO - init global model cost time : 0m:0s:0ms
2024-11-19 17:06:47,530 - client_base - INFO - recover model cost time : 0m:0s:0ms
2024-11-19 17:06:47,530 - fl_main - INFO - client_dict[f_00002] training ...
2024-11-19 17:06:47,531 - client_base - INFO - client_dict[f_00002] training epoch : 0
2024-11-19 17:06:48,307 - client_base - INFO - local model train cost time : 0m:0s:775ms
2024-11-19 17:06:48,308 - client_base - INFO - model encode time : 0m:0s:1ms
2024-11-19 17:06:48,308 - fl_main - INFO - client_dict[f_00002] local model encrypting ...
2024-11-19 17:06:49,491 - fed_utils - INFO - encrypting key [conv1.weight].length : 150, cost time : 0m:1s:182ms
2024-11-19 17:06:49,538 - fed_utils - INFO - encrypting key [conv1.bias].length : 6, cost time : 0m:0s:47ms
2024-11-19 17:06:49,538 - fed_utils - INFO - load key [conv2.weight].length : 2400, cost time : 0m:0s:0ms
2024-11-19 17:06:49,539 - fed_utils - INFO - load key [conv2.bias].length : 16, cost time : 0m:0s:0ms
2024-11-19 17:06:49,539 - fed_utils - INFO - load key [fc1.weight].length : 48000, cost time : 0m:0s:0ms
2024-11-19 17:06:49,539 - fed_utils - INFO - load key [fc1.bias].length : 120, cost time : 0m:0s:0ms
2024-11-19 17:06:49,540 - fed_utils - INFO - load key [fc2.weight].length : 10080, cost time : 0m:0s:0ms
2024-11-19 17:06:49,540 - fed_utils - INFO - load key [fc2.bias].length : 84, cost time : 0m:0s:0ms
2024-11-19 17:06:56,162 - fed_utils - INFO - encrypting key [fc3.weight].length : 840, cost time : 0m:6s:622ms
2024-11-19 17:06:56,241 - fed_utils - INFO - encrypting key [fc3.bias].length : 10, cost time : 0m:0s:79ms
2024-11-19 17:06:56,241 - fl_main - INFO - Server receive client_dict[f_00002] info ...
2024-11-19 17:06:56,241 - fl_main - INFO - ----- client id [f_00003] -----
2024-11-19 17:06:56,242 - fed_utils - INFO - init global model cost time : 0m:0s:0ms
2024-11-19 17:06:56,242 - client_base - INFO - recover model cost time : 0m:0s:0ms
2024-11-19 17:06:56,243 - fl_main - INFO - client_dict[f_00003] training ...
2024-11-19 17:06:56,243 - client_base - INFO - client_dict[f_00003] training epoch : 0
2024-11-19 17:06:57,027 - client_base - INFO - local model train cost time : 0m:0s:783ms
2024-11-19 17:06:57,029 - client_base - INFO - model encode time : 0m:0s:1ms
2024-11-19 17:06:57,029 - fl_main - INFO - client_dict[f_00003] local model encrypting ...
2024-11-19 17:06:58,363 - fed_utils - INFO - encrypting key [conv1.weight].length : 150, cost time : 0m:1s:333ms
2024-11-19 17:06:58,410 - fed_utils - INFO - encrypting key [conv1.bias].length : 6, cost time : 0m:0s:47ms
2024-11-19 17:06:58,410 - fed_utils - INFO - load key [conv2.weight].length : 2400, cost time : 0m:0s:0ms
2024-11-19 17:06:58,410 - fed_utils - INFO - load key [conv2.bias].length : 16, cost time : 0m:0s:0ms
2024-11-19 17:06:58,411 - fed_utils - INFO - load key [fc1.weight].length : 48000, cost time : 0m:0s:0ms
2024-11-19 17:06:58,411 - fed_utils - INFO - load key [fc1.bias].length : 120, cost time : 0m:0s:0ms
2024-11-19 17:06:58,412 - fed_utils - INFO - load key [fc2.weight].length : 10080, cost time : 0m:0s:0ms
2024-11-19 17:06:58,412 - fed_utils - INFO - load key [fc2.bias].length : 84, cost time : 0m:0s:0ms
2024-11-19 17:07:05,038 - fed_utils - INFO - encrypting key [fc3.weight].length : 840, cost time : 0m:6s:626ms
2024-11-19 17:07:05,118 - fed_utils - INFO - encrypting key [fc3.bias].length : 10, cost time : 0m:0s:79ms
2024-11-19 17:07:05,118 - fl_main - INFO - Server receive client_dict[f_00003] info ...
2024-11-19 17:07:05,118 - fl_main - INFO - ----- client id [f_00004] -----
2024-11-19 17:07:05,119 - fed_utils - INFO - init global model cost time : 0m:0s:0ms
2024-11-19 17:07:05,119 - client_base - INFO - recover model cost time : 0m:0s:0ms
2024-11-19 17:07:05,119 - fl_main - INFO - client_dict[f_00004] training ...
2024-11-19 17:07:05,120 - client_base - INFO - client_dict[f_00004] training epoch : 0
2024-11-19 17:07:05,897 - client_base - INFO - local model train cost time : 0m:0s:777ms
2024-11-19 17:07:05,899 - client_base - INFO - model encode time : 0m:0s:1ms
2024-11-19 17:07:05,899 - fl_main - INFO - client_dict[f_00004] local model encrypting ...
2024-11-19 17:07:07,082 - fed_utils - INFO - encrypting key [conv1.weight].length : 150, cost time : 0m:1s:183ms
2024-11-19 17:07:07,130 - fed_utils - INFO - encrypting key [conv1.bias].length : 6, cost time : 0m:0s:48ms
2024-11-19 17:07:07,130 - fed_utils - INFO - load key [conv2.weight].length : 2400, cost time : 0m:0s:0ms
2024-11-19 17:07:07,130 - fed_utils - INFO - load key [conv2.bias].length : 16, cost time : 0m:0s:0ms
2024-11-19 17:07:07,131 - fed_utils - INFO - load key [fc1.weight].length : 48000, cost time : 0m:0s:0ms
2024-11-19 17:07:07,131 - fed_utils - INFO - load key [fc1.bias].length : 120, cost time : 0m:0s:0ms
2024-11-19 17:07:07,132 - fed_utils - INFO - load key [fc2.weight].length : 10080, cost time : 0m:0s:0ms
2024-11-19 17:07:07,132 - fed_utils - INFO - load key [fc2.bias].length : 84, cost time : 0m:0s:0ms
2024-11-19 17:07:13,904 - fed_utils - INFO - encrypting key [fc3.weight].length : 840, cost time : 0m:6s:772ms
2024-11-19 17:07:13,983 - fed_utils - INFO - encrypting key [fc3.bias].length : 10, cost time : 0m:0s:79ms
2024-11-19 17:07:13,983 - fl_main - INFO - Server receive client_dict[f_00004] info ...
2024-11-19 17:07:13,984 - fl_main - INFO - global aggregation process ...
2024-11-19 17:07:13,984 - fed_utils - INFO - server.n_data : 60000
2024-11-19 17:07:13,984 - fed_utils - INFO - client_dict[f_00000].weight : 0.200000
2024-11-19 17:07:13,984 - fed_utils - INFO - client_dict[f_00001].weight : 0.200000
2024-11-19 17:07:13,984 - fed_utils - INFO - client_dict[f_00002].weight : 0.200000
2024-11-19 17:07:13,984 - fed_utils - INFO - client_dict[f_00003].weight : 0.200000
2024-11-19 17:07:13,984 - fed_utils - INFO - client_dict[f_00004].weight : 0.200000
2024-11-19 17:07:13,984 - fed_utils - INFO - recover secret number by clients: 3157279.000000
2024-11-19 17:07:13,984 - server_base - INFO - Server aggregate model with homomorphic encryption ...
2024-11-19 17:07:15,421 - server_base - INFO - Server aggregate model done, cost time : 0m:1s:436ms
2024-11-19 17:07:15,763 - fed_utils - INFO - decrypting key [conv1.weight].shape [torch.Size([6, 1, 5, 5])]
2024-11-19 17:07:15,776 - fed_utils - INFO - decrypting key [conv1.bias].shape [torch.Size([6])]
2024-11-19 17:07:15,777 - fed_utils - INFO - decrypting key [conv2.weight].shape [torch.Size([16, 6, 5, 5])]
2024-11-19 17:07:15,777 - fed_utils - INFO - decrypting key [conv2.bias].shape [torch.Size([16])]
2024-11-19 17:07:15,777 - fed_utils - INFO - decrypting key [fc1.weight].shape [torch.Size([120, 400])]
2024-11-19 17:07:15,777 - fed_utils - INFO - decrypting key [fc1.bias].shape [torch.Size([120])]
2024-11-19 17:07:15,777 - fed_utils - INFO - decrypting key [fc2.weight].shape [torch.Size([84, 120])]
2024-11-19 17:07:15,777 - fed_utils - INFO - decrypting key [fc2.bias].shape [torch.Size([84])]
2024-11-19 17:07:17,689 - fed_utils - INFO - decrypting key [fc3.weight].shape [torch.Size([10, 84])]
2024-11-19 17:07:17,712 - fed_utils - INFO - decrypting key [fc3.bias].shape [torch.Size([10])]
2024-11-19 17:07:17,712 - fed_utils - INFO - decrypt time : [0m:2s:291ms]
2024-11-19 17:07:17,715 - fl_main - INFO - [global round : 21] aggregated model accuracy : 0.9782000000000001
2024-11-19 17:07:17,715 - fl_main - INFO - [global round : 21] aggregated model loss : 0.07638331800460849
2024-11-19 17:07:17,716 - fl_main - INFO - global round : 22
2024-11-19 17:07:17,716 - fl_main - INFO - the random client id to test accuracy : f_00000
2024-11-19 17:07:17,716 - fl_main - INFO - ----- client id [f_00000] -----
2024-11-19 17:07:17,717 - fed_utils - INFO - init global model cost time : 0m:0s:0ms
2024-11-19 17:07:17,717 - client_base - INFO - recover model cost time : 0m:0s:0ms
2024-11-19 17:07:18,516 - fl_main - INFO - global round [22] client_dict[f_00000].accuracy : 0.978700
2024-11-19 17:07:18,516 - fl_main - INFO - client_dict[f_00000] training ...
2024-11-19 17:07:18,516 - client_base - INFO - client_dict[f_00000] training epoch : 0
2024-11-19 17:07:19,291 - client_base - INFO - local model train cost time : 0m:0s:775ms
2024-11-19 17:07:19,293 - client_base - INFO - model encode time : 0m:0s:1ms
2024-11-19 17:07:19,293 - fl_main - INFO - client_dict[f_00000] local model encrypting ...
2024-11-19 17:07:20,475 - fed_utils - INFO - encrypting key [conv1.weight].length : 150, cost time : 0m:1s:182ms
2024-11-19 17:07:20,523 - fed_utils - INFO - encrypting key [conv1.bias].length : 6, cost time : 0m:0s:47ms
2024-11-19 17:07:20,523 - fed_utils - INFO - load key [conv2.weight].length : 2400, cost time : 0m:0s:0ms
2024-11-19 17:07:20,523 - fed_utils - INFO - load key [conv2.bias].length : 16, cost time : 0m:0s:0ms
2024-11-19 17:07:20,524 - fed_utils - INFO - load key [fc1.weight].length : 48000, cost time : 0m:0s:0ms
2024-11-19 17:07:20,524 - fed_utils - INFO - load key [fc1.bias].length : 120, cost time : 0m:0s:0ms
2024-11-19 17:07:20,525 - fed_utils - INFO - load key [fc2.weight].length : 10080, cost time : 0m:0s:0ms
2024-11-19 17:07:20,525 - fed_utils - INFO - load key [fc2.bias].length : 84, cost time : 0m:0s:0ms
2024-11-19 17:07:27,171 - fed_utils - INFO - encrypting key [fc3.weight].length : 840, cost time : 0m:6s:646ms
2024-11-19 17:07:27,303 - fed_utils - INFO - encrypting key [fc3.bias].length : 10, cost time : 0m:0s:131ms
2024-11-19 17:07:27,304 - fl_main - INFO - Server receive client_dict[f_00000] info ...
2024-11-19 17:07:27,305 - fl_main - INFO - ----- client id [f_00001] -----
2024-11-19 17:07:27,306 - fed_utils - INFO - init global model cost time : 0m:0s:1ms
2024-11-19 17:07:27,309 - client_base - INFO - recover model cost time : 0m:0s:0ms
2024-11-19 17:07:27,310 - fl_main - INFO - client_dict[f_00001] training ...
2024-11-19 17:07:27,310 - client_base - INFO - client_dict[f_00001] training epoch : 0
2024-11-19 17:07:28,133 - client_base - INFO - local model train cost time : 0m:0s:822ms
2024-11-19 17:07:28,135 - client_base - INFO - model encode time : 0m:0s:1ms
2024-11-19 17:07:28,135 - fl_main - INFO - client_dict[f_00001] local model encrypting ...
2024-11-19 17:07:29,318 - fed_utils - INFO - encrypting key [conv1.weight].length : 150, cost time : 0m:1s:183ms
2024-11-19 17:07:29,366 - fed_utils - INFO - encrypting key [conv1.bias].length : 6, cost time : 0m:0s:47ms
2024-11-19 17:07:29,366 - fed_utils - INFO - load key [conv2.weight].length : 2400, cost time : 0m:0s:0ms
2024-11-19 17:07:29,366 - fed_utils - INFO - load key [conv2.bias].length : 16, cost time : 0m:0s:0ms
2024-11-19 17:07:29,367 - fed_utils - INFO - load key [fc1.weight].length : 48000, cost time : 0m:0s:0ms
2024-11-19 17:07:29,367 - fed_utils - INFO - load key [fc1.bias].length : 120, cost time : 0m:0s:0ms
2024-11-19 17:07:29,367 - fed_utils - INFO - load key [fc2.weight].length : 10080, cost time : 0m:0s:0ms
2024-11-19 17:07:29,367 - fed_utils - INFO - load key [fc2.bias].length : 84, cost time : 0m:0s:0ms
2024-11-19 17:07:35,995 - fed_utils - INFO - encrypting key [fc3.weight].length : 840, cost time : 0m:6s:627ms
2024-11-19 17:07:36,074 - fed_utils - INFO - encrypting key [fc3.bias].length : 10, cost time : 0m:0s:79ms
2024-11-19 17:07:36,075 - fl_main - INFO - Server receive client_dict[f_00001] info ...
2024-11-19 17:07:36,075 - fl_main - INFO - ----- client id [f_00002] -----
2024-11-19 17:07:36,075 - fed_utils - INFO - init global model cost time : 0m:0s:0ms
2024-11-19 17:07:36,076 - client_base - INFO - recover model cost time : 0m:0s:0ms
2024-11-19 17:07:36,076 - fl_main - INFO - client_dict[f_00002] training ...
2024-11-19 17:07:36,077 - client_base - INFO - client_dict[f_00002] training epoch : 0
2024-11-19 17:07:36,847 - client_base - INFO - local model train cost time : 0m:0s:770ms
2024-11-19 17:07:36,849 - client_base - INFO - model encode time : 0m:0s:1ms
2024-11-19 17:07:36,849 - fl_main - INFO - client_dict[f_00002] local model encrypting ...
2024-11-19 17:07:38,033 - fed_utils - INFO - encrypting key [conv1.weight].length : 150, cost time : 0m:1s:183ms
2024-11-19 17:07:38,081 - fed_utils - INFO - encrypting key [conv1.bias].length : 6, cost time : 0m:0s:47ms
2024-11-19 17:07:38,081 - fed_utils - INFO - load key [conv2.weight].length : 2400, cost time : 0m:0s:0ms
2024-11-19 17:07:38,081 - fed_utils - INFO - load key [conv2.bias].length : 16, cost time : 0m:0s:0ms
2024-11-19 17:07:38,082 - fed_utils - INFO - load key [fc1.weight].length : 48000, cost time : 0m:0s:0ms
2024-11-19 17:07:38,082 - fed_utils - INFO - load key [fc1.bias].length : 120, cost time : 0m:0s:0ms
2024-11-19 17:07:38,082 - fed_utils - INFO - load key [fc2.weight].length : 10080, cost time : 0m:0s:0ms
2024-11-19 17:07:38,082 - fed_utils - INFO - load key [fc2.bias].length : 84, cost time : 0m:0s:0ms
2024-11-19 17:07:44,847 - fed_utils - INFO - encrypting key [fc3.weight].length : 840, cost time : 0m:6s:764ms
2024-11-19 17:07:44,926 - fed_utils - INFO - encrypting key [fc3.bias].length : 10, cost time : 0m:0s:79ms
2024-11-19 17:07:44,926 - fl_main - INFO - Server receive client_dict[f_00002] info ...
2024-11-19 17:07:44,926 - fl_main - INFO - ----- client id [f_00003] -----
2024-11-19 17:07:44,927 - fed_utils - INFO - init global model cost time : 0m:0s:0ms
2024-11-19 17:07:44,927 - client_base - INFO - recover model cost time : 0m:0s:0ms
2024-11-19 17:07:44,927 - fl_main - INFO - client_dict[f_00003] training ...
2024-11-19 17:07:44,928 - client_base - INFO - client_dict[f_00003] training epoch : 0
2024-11-19 17:07:45,707 - client_base - INFO - local model train cost time : 0m:0s:778ms
2024-11-19 17:07:45,708 - client_base - INFO - model encode time : 0m:0s:1ms
2024-11-19 17:07:45,708 - fl_main - INFO - client_dict[f_00003] local model encrypting ...
2024-11-19 17:07:46,893 - fed_utils - INFO - encrypting key [conv1.weight].length : 150, cost time : 0m:1s:184ms
2024-11-19 17:07:46,941 - fed_utils - INFO - encrypting key [conv1.bias].length : 6, cost time : 0m:0s:47ms
2024-11-19 17:07:46,941 - fed_utils - INFO - load key [conv2.weight].length : 2400, cost time : 0m:0s:0ms
2024-11-19 17:07:46,941 - fed_utils - INFO - load key [conv2.bias].length : 16, cost time : 0m:0s:0ms
2024-11-19 17:07:46,942 - fed_utils - INFO - load key [fc1.weight].length : 48000, cost time : 0m:0s:0ms
2024-11-19 17:07:46,942 - fed_utils - INFO - load key [fc1.bias].length : 120, cost time : 0m:0s:0ms
2024-11-19 17:07:46,942 - fed_utils - INFO - load key [fc2.weight].length : 10080, cost time : 0m:0s:0ms
2024-11-19 17:07:46,942 - fed_utils - INFO - load key [fc2.bias].length : 84, cost time : 0m:0s:0ms
2024-11-19 17:07:53,584 - fed_utils - INFO - encrypting key [fc3.weight].length : 840, cost time : 0m:6s:641ms
2024-11-19 17:07:53,663 - fed_utils - INFO - encrypting key [fc3.bias].length : 10, cost time : 0m:0s:79ms
2024-11-19 17:07:53,663 - fl_main - INFO - Server receive client_dict[f_00003] info ...
2024-11-19 17:07:53,663 - fl_main - INFO - ----- client id [f_00004] -----
2024-11-19 17:07:53,664 - fed_utils - INFO - init global model cost time : 0m:0s:0ms
2024-11-19 17:07:53,665 - client_base - INFO - recover model cost time : 0m:0s:0ms
2024-11-19 17:07:53,665 - fl_main - INFO - client_dict[f_00004] training ...
2024-11-19 17:07:53,665 - client_base - INFO - client_dict[f_00004] training epoch : 0
2024-11-19 17:07:54,430 - client_base - INFO - local model train cost time : 0m:0s:764ms
2024-11-19 17:07:54,432 - client_base - INFO - model encode time : 0m:0s:1ms
2024-11-19 17:07:54,432 - fl_main - INFO - client_dict[f_00004] local model encrypting ...
2024-11-19 17:07:55,615 - fed_utils - INFO - encrypting key [conv1.weight].length : 150, cost time : 0m:1s:182ms
2024-11-19 17:07:55,663 - fed_utils - INFO - encrypting key [conv1.bias].length : 6, cost time : 0m:0s:47ms
2024-11-19 17:07:55,663 - fed_utils - INFO - load key [conv2.weight].length : 2400, cost time : 0m:0s:0ms
2024-11-19 17:07:55,663 - fed_utils - INFO - load key [conv2.bias].length : 16, cost time : 0m:0s:0ms
2024-11-19 17:07:55,664 - fed_utils - INFO - load key [fc1.weight].length : 48000, cost time : 0m:0s:0ms
2024-11-19 17:07:55,664 - fed_utils - INFO - load key [fc1.bias].length : 120, cost time : 0m:0s:0ms
2024-11-19 17:07:55,664 - fed_utils - INFO - load key [fc2.weight].length : 10080, cost time : 0m:0s:0ms
2024-11-19 17:07:55,664 - fed_utils - INFO - load key [fc2.bias].length : 84, cost time : 0m:0s:0ms
2024-11-19 17:08:02,426 - fed_utils - INFO - encrypting key [fc3.weight].length : 840, cost time : 0m:6s:761ms
2024-11-19 17:08:02,505 - fed_utils - INFO - encrypting key [fc3.bias].length : 10, cost time : 0m:0s:79ms
2024-11-19 17:08:02,505 - fl_main - INFO - Server receive client_dict[f_00004] info ...
2024-11-19 17:08:02,506 - fl_main - INFO - global aggregation process ...
2024-11-19 17:08:02,506 - fed_utils - INFO - server.n_data : 60000
2024-11-19 17:08:02,506 - fed_utils - INFO - client_dict[f_00000].weight : 0.200000
2024-11-19 17:08:02,506 - fed_utils - INFO - client_dict[f_00001].weight : 0.200000
2024-11-19 17:08:02,506 - fed_utils - INFO - client_dict[f_00002].weight : 0.200000
2024-11-19 17:08:02,506 - fed_utils - INFO - client_dict[f_00003].weight : 0.200000
2024-11-19 17:08:02,506 - fed_utils - INFO - client_dict[f_00004].weight : 0.200000
2024-11-19 17:08:02,506 - fed_utils - INFO - recover secret number by clients: 3157279.000000
2024-11-19 17:08:02,506 - server_base - INFO - Server aggregate model with homomorphic encryption ...
2024-11-19 17:08:03,965 - server_base - INFO - Server aggregate model done, cost time : 0m:1s:459ms
2024-11-19 17:08:04,307 - fed_utils - INFO - decrypting key [conv1.weight].shape [torch.Size([6, 1, 5, 5])]
2024-11-19 17:08:04,321 - fed_utils - INFO - decrypting key [conv1.bias].shape [torch.Size([6])]
2024-11-19 17:08:04,321 - fed_utils - INFO - decrypting key [conv2.weight].shape [torch.Size([16, 6, 5, 5])]
2024-11-19 17:08:04,321 - fed_utils - INFO - decrypting key [conv2.bias].shape [torch.Size([16])]
2024-11-19 17:08:04,321 - fed_utils - INFO - decrypting key [fc1.weight].shape [torch.Size([120, 400])]
2024-11-19 17:08:04,321 - fed_utils - INFO - decrypting key [fc1.bias].shape [torch.Size([120])]
2024-11-19 17:08:04,321 - fed_utils - INFO - decrypting key [fc2.weight].shape [torch.Size([84, 120])]
2024-11-19 17:08:04,321 - fed_utils - INFO - decrypting key [fc2.bias].shape [torch.Size([84])]
2024-11-19 17:08:06,234 - fed_utils - INFO - decrypting key [fc3.weight].shape [torch.Size([10, 84])]
2024-11-19 17:08:06,257 - fed_utils - INFO - decrypting key [fc3.bias].shape [torch.Size([10])]
2024-11-19 17:08:06,257 - fed_utils - INFO - decrypt time : [0m:2s:291ms]
2024-11-19 17:08:06,259 - fl_main - INFO - [global round : 22] aggregated model accuracy : 0.9787
2024-11-19 17:08:06,259 - fl_main - INFO - [global round : 22] aggregated model loss : 0.09876909662852529
2024-11-19 17:08:06,260 - fl_main - INFO - global round : 23
2024-11-19 17:08:06,260 - fl_main - INFO - the random client id to test accuracy : f_00004
2024-11-19 17:08:06,260 - fl_main - INFO - ----- client id [f_00000] -----
2024-11-19 17:08:06,261 - fed_utils - INFO - init global model cost time : 0m:0s:0ms
2024-11-19 17:08:06,261 - client_base - INFO - recover model cost time : 0m:0s:0ms
2024-11-19 17:08:06,261 - fl_main - INFO - client_dict[f_00000] training ...
2024-11-19 17:08:06,262 - client_base - INFO - client_dict[f_00000] training epoch : 0
2024-11-19 17:08:07,023 - client_base - INFO - local model train cost time : 0m:0s:761ms
2024-11-19 17:08:07,025 - client_base - INFO - model encode time : 0m:0s:1ms
2024-11-19 17:08:07,025 - fl_main - INFO - client_dict[f_00000] local model encrypting ...
2024-11-19 17:08:08,211 - fed_utils - INFO - encrypting key [conv1.weight].length : 150, cost time : 0m:1s:185ms
2024-11-19 17:08:08,259 - fed_utils - INFO - encrypting key [conv1.bias].length : 6, cost time : 0m:0s:48ms
2024-11-19 17:08:08,259 - fed_utils - INFO - load key [conv2.weight].length : 2400, cost time : 0m:0s:0ms
2024-11-19 17:08:08,259 - fed_utils - INFO - load key [conv2.bias].length : 16, cost time : 0m:0s:0ms
2024-11-19 17:08:08,260 - fed_utils - INFO - load key [fc1.weight].length : 48000, cost time : 0m:0s:0ms
2024-11-19 17:08:08,260 - fed_utils - INFO - load key [fc1.bias].length : 120, cost time : 0m:0s:0ms
2024-11-19 17:08:08,260 - fed_utils - INFO - load key [fc2.weight].length : 10080, cost time : 0m:0s:0ms
2024-11-19 17:08:08,260 - fed_utils - INFO - load key [fc2.bias].length : 84, cost time : 0m:0s:0ms
2024-11-19 17:08:15,042 - fed_utils - INFO - encrypting key [fc3.weight].length : 840, cost time : 0m:6s:781ms
2024-11-19 17:08:15,121 - fed_utils - INFO - encrypting key [fc3.bias].length : 10, cost time : 0m:0s:79ms
2024-11-19 17:08:15,122 - fl_main - INFO - Server receive client_dict[f_00000] info ...
2024-11-19 17:08:15,122 - fl_main - INFO - ----- client id [f_00001] -----
2024-11-19 17:08:15,123 - fed_utils - INFO - init global model cost time : 0m:0s:0ms
2024-11-19 17:08:15,123 - client_base - INFO - recover model cost time : 0m:0s:0ms
2024-11-19 17:08:15,123 - fl_main - INFO - client_dict[f_00001] training ...
2024-11-19 17:08:15,124 - client_base - INFO - client_dict[f_00001] training epoch : 0
2024-11-19 17:08:15,899 - client_base - INFO - local model train cost time : 0m:0s:774ms
2024-11-19 17:08:15,900 - client_base - INFO - model encode time : 0m:0s:1ms
2024-11-19 17:08:15,900 - fl_main - INFO - client_dict[f_00001] local model encrypting ...
2024-11-19 17:08:17,086 - fed_utils - INFO - encrypting key [conv1.weight].length : 150, cost time : 0m:1s:185ms
2024-11-19 17:08:17,134 - fed_utils - INFO - encrypting key [conv1.bias].length : 6, cost time : 0m:0s:47ms
2024-11-19 17:08:17,134 - fed_utils - INFO - load key [conv2.weight].length : 2400, cost time : 0m:0s:0ms
2024-11-19 17:08:17,134 - fed_utils - INFO - load key [conv2.bias].length : 16, cost time : 0m:0s:0ms
2024-11-19 17:08:17,135 - fed_utils - INFO - load key [fc1.weight].length : 48000, cost time : 0m:0s:0ms
2024-11-19 17:08:17,135 - fed_utils - INFO - load key [fc1.bias].length : 120, cost time : 0m:0s:0ms
2024-11-19 17:08:17,135 - fed_utils - INFO - load key [fc2.weight].length : 10080, cost time : 0m:0s:0ms
2024-11-19 17:08:17,135 - fed_utils - INFO - load key [fc2.bias].length : 84, cost time : 0m:0s:0ms
2024-11-19 17:08:23,757 - fed_utils - INFO - encrypting key [fc3.weight].length : 840, cost time : 0m:6s:621ms
2024-11-19 17:08:23,836 - fed_utils - INFO - encrypting key [fc3.bias].length : 10, cost time : 0m:0s:79ms
2024-11-19 17:08:23,836 - fl_main - INFO - Server receive client_dict[f_00001] info ...
2024-11-19 17:08:23,836 - fl_main - INFO - ----- client id [f_00002] -----
2024-11-19 17:08:23,837 - fed_utils - INFO - init global model cost time : 0m:0s:0ms
2024-11-19 17:08:23,837 - client_base - INFO - recover model cost time : 0m:0s:0ms
2024-11-19 17:08:23,837 - fl_main - INFO - client_dict[f_00002] training ...
2024-11-19 17:08:23,838 - client_base - INFO - client_dict[f_00002] training epoch : 0
2024-11-19 17:08:24,612 - client_base - INFO - local model train cost time : 0m:0s:773ms
2024-11-19 17:08:24,613 - client_base - INFO - model encode time : 0m:0s:1ms
2024-11-19 17:08:24,613 - fl_main - INFO - client_dict[f_00002] local model encrypting ...
2024-11-19 17:08:25,797 - fed_utils - INFO - encrypting key [conv1.weight].length : 150, cost time : 0m:1s:183ms
2024-11-19 17:08:25,845 - fed_utils - INFO - encrypting key [conv1.bias].length : 6, cost time : 0m:0s:47ms
2024-11-19 17:08:25,845 - fed_utils - INFO - load key [conv2.weight].length : 2400, cost time : 0m:0s:0ms
2024-11-19 17:08:25,845 - fed_utils - INFO - load key [conv2.bias].length : 16, cost time : 0m:0s:0ms
2024-11-19 17:08:25,846 - fed_utils - INFO - load key [fc1.weight].length : 48000, cost time : 0m:0s:0ms
2024-11-19 17:08:25,846 - fed_utils - INFO - load key [fc1.bias].length : 120, cost time : 0m:0s:0ms
2024-11-19 17:08:25,847 - fed_utils - INFO - load key [fc2.weight].length : 10080, cost time : 0m:0s:0ms
2024-11-19 17:08:25,847 - fed_utils - INFO - load key [fc2.bias].length : 84, cost time : 0m:0s:0ms
2024-11-19 17:08:32,628 - fed_utils - INFO - encrypting key [fc3.weight].length : 840, cost time : 0m:6s:781ms
2024-11-19 17:08:32,708 - fed_utils - INFO - encrypting key [fc3.bias].length : 10, cost time : 0m:0s:79ms
2024-11-19 17:08:32,708 - fl_main - INFO - Server receive client_dict[f_00002] info ...
2024-11-19 17:08:32,708 - fl_main - INFO - ----- client id [f_00003] -----
2024-11-19 17:08:32,709 - fed_utils - INFO - init global model cost time : 0m:0s:0ms
2024-11-19 17:08:32,709 - client_base - INFO - recover model cost time : 0m:0s:0ms
2024-11-19 17:08:32,709 - fl_main - INFO - client_dict[f_00003] training ...
2024-11-19 17:08:32,710 - client_base - INFO - client_dict[f_00003] training epoch : 0
2024-11-19 17:08:33,483 - client_base - INFO - local model train cost time : 0m:0s:773ms
2024-11-19 17:08:33,485 - client_base - INFO - model encode time : 0m:0s:1ms
2024-11-19 17:08:33,485 - fl_main - INFO - client_dict[f_00003] local model encrypting ...
2024-11-19 17:08:34,669 - fed_utils - INFO - encrypting key [conv1.weight].length : 150, cost time : 0m:1s:183ms
2024-11-19 17:08:34,717 - fed_utils - INFO - encrypting key [conv1.bias].length : 6, cost time : 0m:0s:48ms
2024-11-19 17:08:34,717 - fed_utils - INFO - load key [conv2.weight].length : 2400, cost time : 0m:0s:0ms
2024-11-19 17:08:34,717 - fed_utils - INFO - load key [conv2.bias].length : 16, cost time : 0m:0s:0ms
2024-11-19 17:08:34,718 - fed_utils - INFO - load key [fc1.weight].length : 48000, cost time : 0m:0s:0ms
2024-11-19 17:08:34,718 - fed_utils - INFO - load key [fc1.bias].length : 120, cost time : 0m:0s:0ms
2024-11-19 17:08:34,719 - fed_utils - INFO - load key [fc2.weight].length : 10080, cost time : 0m:0s:0ms
2024-11-19 17:08:34,719 - fed_utils - INFO - load key [fc2.bias].length : 84, cost time : 0m:0s:0ms
2024-11-19 17:08:41,342 - fed_utils - INFO - encrypting key [fc3.weight].length : 840, cost time : 0m:6s:623ms
2024-11-19 17:08:41,421 - fed_utils - INFO - encrypting key [fc3.bias].length : 10, cost time : 0m:0s:79ms
2024-11-19 17:08:41,421 - fl_main - INFO - Server receive client_dict[f_00003] info ...
2024-11-19 17:08:41,421 - fl_main - INFO - ----- client id [f_00004] -----
2024-11-19 17:08:41,422 - fed_utils - INFO - init global model cost time : 0m:0s:0ms
2024-11-19 17:08:41,422 - client_base - INFO - recover model cost time : 0m:0s:0ms
2024-11-19 17:08:42,293 - fl_main - INFO - global round [23] client_dict[f_00004].accuracy : 0.979600
2024-11-19 17:08:42,293 - fl_main - INFO - client_dict[f_00004] training ...
2024-11-19 17:08:42,293 - client_base - INFO - client_dict[f_00004] training epoch : 0
2024-11-19 17:08:43,124 - client_base - INFO - local model train cost time : 0m:0s:830ms
2024-11-19 17:08:43,126 - client_base - INFO - model encode time : 0m:0s:1ms
2024-11-19 17:08:43,126 - fl_main - INFO - client_dict[f_00004] local model encrypting ...
2024-11-19 17:08:44,309 - fed_utils - INFO - encrypting key [conv1.weight].length : 150, cost time : 0m:1s:182ms
2024-11-19 17:08:44,357 - fed_utils - INFO - encrypting key [conv1.bias].length : 6, cost time : 0m:0s:47ms
2024-11-19 17:08:44,357 - fed_utils - INFO - load key [conv2.weight].length : 2400, cost time : 0m:0s:0ms
2024-11-19 17:08:44,357 - fed_utils - INFO - load key [conv2.bias].length : 16, cost time : 0m:0s:0ms
2024-11-19 17:08:44,358 - fed_utils - INFO - load key [fc1.weight].length : 48000, cost time : 0m:0s:0ms
2024-11-19 17:08:44,358 - fed_utils - INFO - load key [fc1.bias].length : 120, cost time : 0m:0s:0ms
2024-11-19 17:08:44,358 - fed_utils - INFO - load key [fc2.weight].length : 10080, cost time : 0m:0s:0ms
2024-11-19 17:08:44,358 - fed_utils - INFO - load key [fc2.bias].length : 84, cost time : 0m:0s:0ms
2024-11-19 17:08:50,982 - fed_utils - INFO - encrypting key [fc3.weight].length : 840, cost time : 0m:6s:623ms
2024-11-19 17:08:51,061 - fed_utils - INFO - encrypting key [fc3.bias].length : 10, cost time : 0m:0s:79ms
2024-11-19 17:08:51,061 - fl_main - INFO - Server receive client_dict[f_00004] info ...
2024-11-19 17:08:51,061 - fl_main - INFO - global aggregation process ...
2024-11-19 17:08:51,062 - fed_utils - INFO - server.n_data : 60000
2024-11-19 17:08:51,062 - fed_utils - INFO - client_dict[f_00000].weight : 0.200000
2024-11-19 17:08:51,062 - fed_utils - INFO - client_dict[f_00001].weight : 0.200000
2024-11-19 17:08:51,062 - fed_utils - INFO - client_dict[f_00002].weight : 0.200000
2024-11-19 17:08:51,062 - fed_utils - INFO - client_dict[f_00003].weight : 0.200000
2024-11-19 17:08:51,062 - fed_utils - INFO - client_dict[f_00004].weight : 0.200000
2024-11-19 17:08:51,062 - fed_utils - INFO - recover secret number by clients: 3157279.000000
2024-11-19 17:08:51,062 - server_base - INFO - Server aggregate model with homomorphic encryption ...
2024-11-19 17:08:52,498 - server_base - INFO - Server aggregate model done, cost time : 0m:1s:436ms
2024-11-19 17:08:52,840 - fed_utils - INFO - decrypting key [conv1.weight].shape [torch.Size([6, 1, 5, 5])]
2024-11-19 17:08:52,854 - fed_utils - INFO - decrypting key [conv1.bias].shape [torch.Size([6])]
2024-11-19 17:08:52,854 - fed_utils - INFO - decrypting key [conv2.weight].shape [torch.Size([16, 6, 5, 5])]
2024-11-19 17:08:52,854 - fed_utils - INFO - decrypting key [conv2.bias].shape [torch.Size([16])]
2024-11-19 17:08:52,854 - fed_utils - INFO - decrypting key [fc1.weight].shape [torch.Size([120, 400])]
2024-11-19 17:08:52,854 - fed_utils - INFO - decrypting key [fc1.bias].shape [torch.Size([120])]
2024-11-19 17:08:52,854 - fed_utils - INFO - decrypting key [fc2.weight].shape [torch.Size([84, 120])]
2024-11-19 17:08:52,854 - fed_utils - INFO - decrypting key [fc2.bias].shape [torch.Size([84])]
2024-11-19 17:08:54,766 - fed_utils - INFO - decrypting key [fc3.weight].shape [torch.Size([10, 84])]
2024-11-19 17:08:54,789 - fed_utils - INFO - decrypting key [fc3.bias].shape [torch.Size([10])]
2024-11-19 17:08:54,789 - fed_utils - INFO - decrypt time : [0m:2s:291ms]
2024-11-19 17:08:54,792 - fl_main - INFO - [global round : 23] aggregated model accuracy : 0.9796
2024-11-19 17:08:54,792 - fl_main - INFO - [global round : 23] aggregated model loss : 0.15119180852488928
2024-11-19 17:08:54,793 - fl_main - INFO - global round : 24
2024-11-19 17:08:54,793 - fl_main - INFO - the random client id to test accuracy : f_00002
2024-11-19 17:08:54,793 - fl_main - INFO - ----- client id [f_00000] -----
2024-11-19 17:08:54,794 - fed_utils - INFO - init global model cost time : 0m:0s:0ms
2024-11-19 17:08:54,794 - client_base - INFO - recover model cost time : 0m:0s:0ms
2024-11-19 17:08:54,794 - fl_main - INFO - client_dict[f_00000] training ...
2024-11-19 17:08:54,795 - client_base - INFO - client_dict[f_00000] training epoch : 0
2024-11-19 17:08:55,563 - client_base - INFO - local model train cost time : 0m:0s:768ms
2024-11-19 17:08:55,565 - client_base - INFO - model encode time : 0m:0s:1ms
2024-11-19 17:08:55,565 - fl_main - INFO - client_dict[f_00000] local model encrypting ...
2024-11-19 17:08:56,750 - fed_utils - INFO - encrypting key [conv1.weight].length : 150, cost time : 0m:1s:184ms
2024-11-19 17:08:56,798 - fed_utils - INFO - encrypting key [conv1.bias].length : 6, cost time : 0m:0s:47ms
2024-11-19 17:08:56,798 - fed_utils - INFO - load key [conv2.weight].length : 2400, cost time : 0m:0s:0ms
2024-11-19 17:08:56,798 - fed_utils - INFO - load key [conv2.bias].length : 16, cost time : 0m:0s:0ms
2024-11-19 17:08:56,799 - fed_utils - INFO - load key [fc1.weight].length : 48000, cost time : 0m:0s:0ms
2024-11-19 17:08:56,799 - fed_utils - INFO - load key [fc1.bias].length : 120, cost time : 0m:0s:0ms
2024-11-19 17:08:56,799 - fed_utils - INFO - load key [fc2.weight].length : 10080, cost time : 0m:0s:0ms
2024-11-19 17:08:56,799 - fed_utils - INFO - load key [fc2.bias].length : 84, cost time : 0m:0s:0ms
2024-11-19 17:09:03,566 - fed_utils - INFO - encrypting key [fc3.weight].length : 840, cost time : 0m:6s:766ms
2024-11-19 17:09:03,645 - fed_utils - INFO - encrypting key [fc3.bias].length : 10, cost time : 0m:0s:79ms
2024-11-19 17:09:03,646 - fl_main - INFO - Server receive client_dict[f_00000] info ...
2024-11-19 17:09:03,646 - fl_main - INFO - ----- client id [f_00001] -----
2024-11-19 17:09:03,647 - fed_utils - INFO - init global model cost time : 0m:0s:0ms
2024-11-19 17:09:03,647 - client_base - INFO - recover model cost time : 0m:0s:0ms
2024-11-19 17:09:03,647 - fl_main - INFO - client_dict[f_00001] training ...
2024-11-19 17:09:03,648 - client_base - INFO - client_dict[f_00001] training epoch : 0
2024-11-19 17:09:04,413 - client_base - INFO - local model train cost time : 0m:0s:765ms
2024-11-19 17:09:04,415 - client_base - INFO - model encode time : 0m:0s:1ms
2024-11-19 17:09:04,415 - fl_main - INFO - client_dict[f_00001] local model encrypting ...
2024-11-19 17:09:05,598 - fed_utils - INFO - encrypting key [conv1.weight].length : 150, cost time : 0m:1s:182ms
2024-11-19 17:09:05,645 - fed_utils - INFO - encrypting key [conv1.bias].length : 6, cost time : 0m:0s:47ms
2024-11-19 17:09:05,646 - fed_utils - INFO - load key [conv2.weight].length : 2400, cost time : 0m:0s:0ms
2024-11-19 17:09:05,646 - fed_utils - INFO - load key [conv2.bias].length : 16, cost time : 0m:0s:0ms
2024-11-19 17:09:05,647 - fed_utils - INFO - load key [fc1.weight].length : 48000, cost time : 0m:0s:0ms
2024-11-19 17:09:05,647 - fed_utils - INFO - load key [fc1.bias].length : 120, cost time : 0m:0s:0ms
2024-11-19 17:09:05,647 - fed_utils - INFO - load key [fc2.weight].length : 10080, cost time : 0m:0s:0ms
2024-11-19 17:09:05,647 - fed_utils - INFO - load key [fc2.bias].length : 84, cost time : 0m:0s:0ms
2024-11-19 17:09:12,378 - fed_utils - INFO - encrypting key [fc3.weight].length : 840, cost time : 0m:6s:731ms
2024-11-19 17:09:12,491 - fed_utils - INFO - encrypting key [fc3.bias].length : 10, cost time : 0m:0s:112ms
2024-11-19 17:09:12,491 - fl_main - INFO - Server receive client_dict[f_00001] info ...
2024-11-19 17:09:12,491 - fl_main - INFO - ----- client id [f_00002] -----
2024-11-19 17:09:12,492 - fed_utils - INFO - init global model cost time : 0m:0s:1ms
2024-11-19 17:09:12,493 - client_base - INFO - recover model cost time : 0m:0s:0ms
2024-11-19 17:09:13,318 - fl_main - INFO - global round [24] client_dict[f_00002].accuracy : 0.979100
2024-11-19 17:09:13,318 - fl_main - INFO - client_dict[f_00002] training ...
2024-11-19 17:09:13,318 - client_base - INFO - client_dict[f_00002] training epoch : 0
2024-11-19 17:09:14,109 - client_base - INFO - local model train cost time : 0m:0s:790ms
2024-11-19 17:09:14,111 - client_base - INFO - model encode time : 0m:0s:1ms
2024-11-19 17:09:14,111 - fl_main - INFO - client_dict[f_00002] local model encrypting ...
2024-11-19 17:09:15,294 - fed_utils - INFO - encrypting key [conv1.weight].length : 150, cost time : 0m:1s:183ms
2024-11-19 17:09:15,342 - fed_utils - INFO - encrypting key [conv1.bias].length : 6, cost time : 0m:0s:47ms
2024-11-19 17:09:15,342 - fed_utils - INFO - load key [conv2.weight].length : 2400, cost time : 0m:0s:0ms
2024-11-19 17:09:15,342 - fed_utils - INFO - load key [conv2.bias].length : 16, cost time : 0m:0s:0ms
2024-11-19 17:09:15,343 - fed_utils - INFO - load key [fc1.weight].length : 48000, cost time : 0m:0s:0ms
2024-11-19 17:09:15,343 - fed_utils - INFO - load key [fc1.bias].length : 120, cost time : 0m:0s:0ms
2024-11-19 17:09:15,343 - fed_utils - INFO - load key [fc2.weight].length : 10080, cost time : 0m:0s:0ms
2024-11-19 17:09:15,343 - fed_utils - INFO - load key [fc2.bias].length : 84, cost time : 0m:0s:0ms
2024-11-19 17:09:21,963 - fed_utils - INFO - encrypting key [fc3.weight].length : 840, cost time : 0m:6s:619ms
2024-11-19 17:09:22,042 - fed_utils - INFO - encrypting key [fc3.bias].length : 10, cost time : 0m:0s:79ms
2024-11-19 17:09:22,043 - fl_main - INFO - Server receive client_dict[f_00002] info ...
2024-11-19 17:09:22,043 - fl_main - INFO - ----- client id [f_00003] -----
2024-11-19 17:09:22,043 - fed_utils - INFO - init global model cost time : 0m:0s:0ms
2024-11-19 17:09:22,044 - client_base - INFO - recover model cost time : 0m:0s:0ms
2024-11-19 17:09:22,044 - fl_main - INFO - client_dict[f_00003] training ...
2024-11-19 17:09:22,045 - client_base - INFO - client_dict[f_00003] training epoch : 0
2024-11-19 17:09:22,832 - client_base - INFO - local model train cost time : 0m:0s:786ms
2024-11-19 17:09:22,833 - client_base - INFO - model encode time : 0m:0s:1ms
2024-11-19 17:09:22,833 - fl_main - INFO - client_dict[f_00003] local model encrypting ...
2024-11-19 17:09:24,018 - fed_utils - INFO - encrypting key [conv1.weight].length : 150, cost time : 0m:1s:184ms
2024-11-19 17:09:24,065 - fed_utils - INFO - encrypting key [conv1.bias].length : 6, cost time : 0m:0s:47ms
2024-11-19 17:09:24,065 - fed_utils - INFO - load key [conv2.weight].length : 2400, cost time : 0m:0s:0ms
2024-11-19 17:09:24,066 - fed_utils - INFO - load key [conv2.bias].length : 16, cost time : 0m:0s:0ms
2024-11-19 17:09:24,066 - fed_utils - INFO - load key [fc1.weight].length : 48000, cost time : 0m:0s:0ms
2024-11-19 17:09:24,067 - fed_utils - INFO - load key [fc1.bias].length : 120, cost time : 0m:0s:0ms
2024-11-19 17:09:24,067 - fed_utils - INFO - load key [fc2.weight].length : 10080, cost time : 0m:0s:0ms
2024-11-19 17:09:24,067 - fed_utils - INFO - load key [fc2.bias].length : 84, cost time : 0m:0s:0ms
2024-11-19 17:09:30,832 - fed_utils - INFO - encrypting key [fc3.weight].length : 840, cost time : 0m:6s:765ms
2024-11-19 17:09:30,911 - fed_utils - INFO - encrypting key [fc3.bias].length : 10, cost time : 0m:0s:79ms
2024-11-19 17:09:30,912 - fl_main - INFO - Server receive client_dict[f_00003] info ...
2024-11-19 17:09:30,912 - fl_main - INFO - ----- client id [f_00004] -----
2024-11-19 17:09:30,913 - fed_utils - INFO - init global model cost time : 0m:0s:0ms
2024-11-19 17:09:30,913 - client_base - INFO - recover model cost time : 0m:0s:0ms
2024-11-19 17:09:30,913 - fl_main - INFO - client_dict[f_00004] training ...
2024-11-19 17:09:30,914 - client_base - INFO - client_dict[f_00004] training epoch : 0
2024-11-19 17:09:31,691 - client_base - INFO - local model train cost time : 0m:0s:776ms
2024-11-19 17:09:31,692 - client_base - INFO - model encode time : 0m:0s:1ms
2024-11-19 17:09:31,692 - fl_main - INFO - client_dict[f_00004] local model encrypting ...
2024-11-19 17:09:32,876 - fed_utils - INFO - encrypting key [conv1.weight].length : 150, cost time : 0m:1s:184ms
2024-11-19 17:09:32,924 - fed_utils - INFO - encrypting key [conv1.bias].length : 6, cost time : 0m:0s:47ms
2024-11-19 17:09:32,924 - fed_utils - INFO - load key [conv2.weight].length : 2400, cost time : 0m:0s:0ms
2024-11-19 17:09:32,924 - fed_utils - INFO - load key [conv2.bias].length : 16, cost time : 0m:0s:0ms
2024-11-19 17:09:32,925 - fed_utils - INFO - load key [fc1.weight].length : 48000, cost time : 0m:0s:0ms
2024-11-19 17:09:32,925 - fed_utils - INFO - load key [fc1.bias].length : 120, cost time : 0m:0s:0ms
2024-11-19 17:09:32,926 - fed_utils - INFO - load key [fc2.weight].length : 10080, cost time : 0m:0s:0ms
2024-11-19 17:09:32,926 - fed_utils - INFO - load key [fc2.bias].length : 84, cost time : 0m:0s:0ms
2024-11-19 17:09:39,562 - fed_utils - INFO - encrypting key [fc3.weight].length : 840, cost time : 0m:6s:636ms
2024-11-19 17:09:39,642 - fed_utils - INFO - encrypting key [fc3.bias].length : 10, cost time : 0m:0s:79ms
2024-11-19 17:09:39,642 - fl_main - INFO - Server receive client_dict[f_00004] info ...
2024-11-19 17:09:39,642 - fl_main - INFO - global aggregation process ...
2024-11-19 17:09:39,642 - fed_utils - INFO - server.n_data : 60000
2024-11-19 17:09:39,642 - fed_utils - INFO - client_dict[f_00000].weight : 0.200000
2024-11-19 17:09:39,642 - fed_utils - INFO - client_dict[f_00001].weight : 0.200000
2024-11-19 17:09:39,642 - fed_utils - INFO - client_dict[f_00002].weight : 0.200000
2024-11-19 17:09:39,642 - fed_utils - INFO - client_dict[f_00003].weight : 0.200000
2024-11-19 17:09:39,642 - fed_utils - INFO - client_dict[f_00004].weight : 0.200000
2024-11-19 17:09:39,642 - fed_utils - INFO - recover secret number by clients: 3157279.000000
2024-11-19 17:09:39,642 - server_base - INFO - Server aggregate model with homomorphic encryption ...
2024-11-19 17:09:41,078 - server_base - INFO - Server aggregate model done, cost time : 0m:1s:435ms
2024-11-19 17:09:41,419 - fed_utils - INFO - decrypting key [conv1.weight].shape [torch.Size([6, 1, 5, 5])]
2024-11-19 17:09:41,433 - fed_utils - INFO - decrypting key [conv1.bias].shape [torch.Size([6])]
2024-11-19 17:09:41,433 - fed_utils - INFO - decrypting key [conv2.weight].shape [torch.Size([16, 6, 5, 5])]
2024-11-19 17:09:41,433 - fed_utils - INFO - decrypting key [conv2.bias].shape [torch.Size([16])]
2024-11-19 17:09:41,434 - fed_utils - INFO - decrypting key [fc1.weight].shape [torch.Size([120, 400])]
2024-11-19 17:09:41,434 - fed_utils - INFO - decrypting key [fc1.bias].shape [torch.Size([120])]
2024-11-19 17:09:41,434 - fed_utils - INFO - decrypting key [fc2.weight].shape [torch.Size([84, 120])]
2024-11-19 17:09:41,434 - fed_utils - INFO - decrypting key [fc2.bias].shape [torch.Size([84])]
2024-11-19 17:09:43,481 - fed_utils - INFO - decrypting key [fc3.weight].shape [torch.Size([10, 84])]
2024-11-19 17:09:43,504 - fed_utils - INFO - decrypting key [fc3.bias].shape [torch.Size([10])]
2024-11-19 17:09:43,504 - fed_utils - INFO - decrypt time : [0m:2s:425ms]
2024-11-19 17:09:43,506 - fl_main - INFO - [global round : 24] aggregated model accuracy : 0.9791000000000001
2024-11-19 17:09:43,507 - fl_main - INFO - [global round : 24] aggregated model loss : 0.10715490096222088
2024-11-19 17:09:43,507 - fl_main - INFO - global round : 25
2024-11-19 17:09:43,508 - fl_main - INFO - the random client id to test accuracy : f_00002
2024-11-19 17:09:43,508 - fl_main - INFO - ----- client id [f_00000] -----
2024-11-19 17:09:43,508 - fed_utils - INFO - init global model cost time : 0m:0s:0ms
2024-11-19 17:09:43,509 - client_base - INFO - recover model cost time : 0m:0s:0ms
2024-11-19 17:09:43,509 - fl_main - INFO - client_dict[f_00000] training ...
2024-11-19 17:09:43,510 - client_base - INFO - client_dict[f_00000] training epoch : 0
2024-11-19 17:09:44,318 - client_base - INFO - local model train cost time : 0m:0s:808ms
2024-11-19 17:09:44,320 - client_base - INFO - model encode time : 0m:0s:1ms
2024-11-19 17:09:44,320 - fl_main - INFO - client_dict[f_00000] local model encrypting ...
2024-11-19 17:09:45,502 - fed_utils - INFO - encrypting key [conv1.weight].length : 150, cost time : 0m:1s:182ms
2024-11-19 17:09:45,550 - fed_utils - INFO - encrypting key [conv1.bias].length : 6, cost time : 0m:0s:47ms
2024-11-19 17:09:45,550 - fed_utils - INFO - load key [conv2.weight].length : 2400, cost time : 0m:0s:0ms
2024-11-19 17:09:45,550 - fed_utils - INFO - load key [conv2.bias].length : 16, cost time : 0m:0s:0ms
2024-11-19 17:09:45,551 - fed_utils - INFO - load key [fc1.weight].length : 48000, cost time : 0m:0s:0ms
2024-11-19 17:09:45,551 - fed_utils - INFO - load key [fc1.bias].length : 120, cost time : 0m:0s:0ms
2024-11-19 17:09:45,551 - fed_utils - INFO - load key [fc2.weight].length : 10080, cost time : 0m:0s:0ms
2024-11-19 17:09:45,551 - fed_utils - INFO - load key [fc2.bias].length : 84, cost time : 0m:0s:0ms
2024-11-19 17:09:52,171 - fed_utils - INFO - encrypting key [fc3.weight].length : 840, cost time : 0m:6s:619ms
2024-11-19 17:09:52,250 - fed_utils - INFO - encrypting key [fc3.bias].length : 10, cost time : 0m:0s:79ms
2024-11-19 17:09:52,251 - fl_main - INFO - Server receive client_dict[f_00000] info ...
2024-11-19 17:09:52,251 - fl_main - INFO - ----- client id [f_00001] -----
2024-11-19 17:09:52,252 - fed_utils - INFO - init global model cost time : 0m:0s:0ms
2024-11-19 17:09:52,253 - client_base - INFO - recover model cost time : 0m:0s:0ms
2024-11-19 17:09:52,253 - fl_main - INFO - client_dict[f_00001] training ...
2024-11-19 17:09:52,253 - client_base - INFO - client_dict[f_00001] training epoch : 0
2024-11-19 17:09:53,026 - client_base - INFO - local model train cost time : 0m:0s:772ms
2024-11-19 17:09:53,027 - client_base - INFO - model encode time : 0m:0s:1ms
2024-11-19 17:09:53,027 - fl_main - INFO - client_dict[f_00001] local model encrypting ...
2024-11-19 17:09:54,210 - fed_utils - INFO - encrypting key [conv1.weight].length : 150, cost time : 0m:1s:182ms
2024-11-19 17:09:54,258 - fed_utils - INFO - encrypting key [conv1.bias].length : 6, cost time : 0m:0s:47ms
2024-11-19 17:09:54,258 - fed_utils - INFO - load key [conv2.weight].length : 2400, cost time : 0m:0s:0ms
2024-11-19 17:09:54,258 - fed_utils - INFO - load key [conv2.bias].length : 16, cost time : 0m:0s:0ms
2024-11-19 17:09:54,259 - fed_utils - INFO - load key [fc1.weight].length : 48000, cost time : 0m:0s:0ms
2024-11-19 17:09:54,259 - fed_utils - INFO - load key [fc1.bias].length : 120, cost time : 0m:0s:0ms
2024-11-19 17:09:54,259 - fed_utils - INFO - load key [fc2.weight].length : 10080, cost time : 0m:0s:0ms
2024-11-19 17:09:54,259 - fed_utils - INFO - load key [fc2.bias].length : 84, cost time : 0m:0s:0ms
2024-11-19 17:10:01,029 - fed_utils - INFO - encrypting key [fc3.weight].length : 840, cost time : 0m:6s:769ms
2024-11-19 17:10:01,108 - fed_utils - INFO - encrypting key [fc3.bias].length : 10, cost time : 0m:0s:79ms
2024-11-19 17:10:01,109 - fl_main - INFO - Server receive client_dict[f_00001] info ...
2024-11-19 17:10:01,109 - fl_main - INFO - ----- client id [f_00002] -----
2024-11-19 17:10:01,110 - fed_utils - INFO - init global model cost time : 0m:0s:0ms
2024-11-19 17:10:01,110 - client_base - INFO - recover model cost time : 0m:0s:0ms
2024-11-19 17:10:01,903 - fl_main - INFO - global round [25] client_dict[f_00002].accuracy : 0.979700
2024-11-19 17:10:01,904 - fl_main - INFO - client_dict[f_00002] training ...
2024-11-19 17:10:01,904 - client_base - INFO - client_dict[f_00002] training epoch : 0
2024-11-19 17:10:02,699 - client_base - INFO - local model train cost time : 0m:0s:794ms
2024-11-19 17:10:02,700 - client_base - INFO - model encode time : 0m:0s:1ms
2024-11-19 17:10:02,701 - fl_main - INFO - client_dict[f_00002] local model encrypting ...
2024-11-19 17:10:03,883 - fed_utils - INFO - encrypting key [conv1.weight].length : 150, cost time : 0m:1s:182ms
2024-11-19 17:10:03,931 - fed_utils - INFO - encrypting key [conv1.bias].length : 6, cost time : 0m:0s:47ms
2024-11-19 17:10:03,931 - fed_utils - INFO - load key [conv2.weight].length : 2400, cost time : 0m:0s:0ms
2024-11-19 17:10:03,931 - fed_utils - INFO - load key [conv2.bias].length : 16, cost time : 0m:0s:0ms
2024-11-19 17:10:03,932 - fed_utils - INFO - load key [fc1.weight].length : 48000, cost time : 0m:0s:0ms
2024-11-19 17:10:03,932 - fed_utils - INFO - load key [fc1.bias].length : 120, cost time : 0m:0s:0ms
2024-11-19 17:10:03,932 - fed_utils - INFO - load key [fc2.weight].length : 10080, cost time : 0m:0s:0ms
2024-11-19 17:10:03,932 - fed_utils - INFO - load key [fc2.bias].length : 84, cost time : 0m:0s:0ms
2024-11-19 17:10:10,562 - fed_utils - INFO - encrypting key [fc3.weight].length : 840, cost time : 0m:6s:629ms
2024-11-19 17:10:10,641 - fed_utils - INFO - encrypting key [fc3.bias].length : 10, cost time : 0m:0s:79ms
2024-11-19 17:10:10,641 - fl_main - INFO - Server receive client_dict[f_00002] info ...
2024-11-19 17:10:10,641 - fl_main - INFO - ----- client id [f_00003] -----
2024-11-19 17:10:10,642 - fed_utils - INFO - init global model cost time : 0m:0s:0ms
2024-11-19 17:10:10,643 - client_base - INFO - recover model cost time : 0m:0s:0ms
2024-11-19 17:10:10,643 - fl_main - INFO - client_dict[f_00003] training ...
2024-11-19 17:10:10,643 - client_base - INFO - client_dict[f_00003] training epoch : 0
2024-11-19 17:10:11,418 - client_base - INFO - local model train cost time : 0m:0s:774ms
2024-11-19 17:10:11,420 - client_base - INFO - model encode time : 0m:0s:1ms
2024-11-19 17:10:11,420 - fl_main - INFO - client_dict[f_00003] local model encrypting ...
2024-11-19 17:10:12,748 - fed_utils - INFO - encrypting key [conv1.weight].length : 150, cost time : 0m:1s:328ms
2024-11-19 17:10:12,796 - fed_utils - INFO - encrypting key [conv1.bias].length : 6, cost time : 0m:0s:47ms
2024-11-19 17:10:12,796 - fed_utils - INFO - load key [conv2.weight].length : 2400, cost time : 0m:0s:0ms
2024-11-19 17:10:12,796 - fed_utils - INFO - load key [conv2.bias].length : 16, cost time : 0m:0s:0ms
2024-11-19 17:10:12,797 - fed_utils - INFO - load key [fc1.weight].length : 48000, cost time : 0m:0s:0ms
2024-11-19 17:10:12,797 - fed_utils - INFO - load key [fc1.bias].length : 120, cost time : 0m:0s:0ms
2024-11-19 17:10:12,798 - fed_utils - INFO - load key [fc2.weight].length : 10080, cost time : 0m:0s:0ms
2024-11-19 17:10:12,798 - fed_utils - INFO - load key [fc2.bias].length : 84, cost time : 0m:0s:0ms
2024-11-19 17:10:19,418 - fed_utils - INFO - encrypting key [fc3.weight].length : 840, cost time : 0m:6s:620ms
2024-11-19 17:10:19,497 - fed_utils - INFO - encrypting key [fc3.bias].length : 10, cost time : 0m:0s:79ms
2024-11-19 17:10:19,497 - fl_main - INFO - Server receive client_dict[f_00003] info ...
2024-11-19 17:10:19,497 - fl_main - INFO - ----- client id [f_00004] -----
2024-11-19 17:10:19,498 - fed_utils - INFO - init global model cost time : 0m:0s:0ms
2024-11-19 17:10:19,498 - client_base - INFO - recover model cost time : 0m:0s:0ms
2024-11-19 17:10:19,499 - fl_main - INFO - client_dict[f_00004] training ...
2024-11-19 17:10:19,499 - client_base - INFO - client_dict[f_00004] training epoch : 0
2024-11-19 17:10:20,291 - client_base - INFO - local model train cost time : 0m:0s:791ms
2024-11-19 17:10:20,292 - client_base - INFO - model encode time : 0m:0s:1ms
2024-11-19 17:10:20,293 - fl_main - INFO - client_dict[f_00004] local model encrypting ...
2024-11-19 17:10:21,480 - fed_utils - INFO - encrypting key [conv1.weight].length : 150, cost time : 0m:1s:187ms
2024-11-19 17:10:21,528 - fed_utils - INFO - encrypting key [conv1.bias].length : 6, cost time : 0m:0s:47ms
2024-11-19 17:10:21,528 - fed_utils - INFO - load key [conv2.weight].length : 2400, cost time : 0m:0s:0ms
2024-11-19 17:10:21,528 - fed_utils - INFO - load key [conv2.bias].length : 16, cost time : 0m:0s:0ms
2024-11-19 17:10:21,529 - fed_utils - INFO - load key [fc1.weight].length : 48000, cost time : 0m:0s:0ms
2024-11-19 17:10:21,529 - fed_utils - INFO - load key [fc1.bias].length : 120, cost time : 0m:0s:0ms
2024-11-19 17:10:21,529 - fed_utils - INFO - load key [fc2.weight].length : 10080, cost time : 0m:0s:0ms
2024-11-19 17:10:21,529 - fed_utils - INFO - load key [fc2.bias].length : 84, cost time : 0m:0s:0ms
2024-11-19 17:10:28,313 - fed_utils - INFO - encrypting key [fc3.weight].length : 840, cost time : 0m:6s:783ms
2024-11-19 17:10:28,392 - fed_utils - INFO - encrypting key [fc3.bias].length : 10, cost time : 0m:0s:79ms
2024-11-19 17:10:28,392 - fl_main - INFO - Server receive client_dict[f_00004] info ...
2024-11-19 17:10:28,393 - fl_main - INFO - global aggregation process ...
2024-11-19 17:10:28,393 - fed_utils - INFO - server.n_data : 60000
2024-11-19 17:10:28,393 - fed_utils - INFO - client_dict[f_00000].weight : 0.200000
2024-11-19 17:10:28,393 - fed_utils - INFO - client_dict[f_00001].weight : 0.200000
2024-11-19 17:10:28,393 - fed_utils - INFO - client_dict[f_00002].weight : 0.200000
2024-11-19 17:10:28,393 - fed_utils - INFO - client_dict[f_00003].weight : 0.200000
2024-11-19 17:10:28,393 - fed_utils - INFO - client_dict[f_00004].weight : 0.200000
2024-11-19 17:10:28,393 - fed_utils - INFO - recover secret number by clients: 3157279.000000
2024-11-19 17:10:28,393 - server_base - INFO - Server aggregate model with homomorphic encryption ...
2024-11-19 17:10:29,830 - server_base - INFO - Server aggregate model done, cost time : 0m:1s:437ms
2024-11-19 17:10:30,172 - fed_utils - INFO - decrypting key [conv1.weight].shape [torch.Size([6, 1, 5, 5])]
2024-11-19 17:10:30,186 - fed_utils - INFO - decrypting key [conv1.bias].shape [torch.Size([6])]
2024-11-19 17:10:30,186 - fed_utils - INFO - decrypting key [conv2.weight].shape [torch.Size([16, 6, 5, 5])]
2024-11-19 17:10:30,186 - fed_utils - INFO - decrypting key [conv2.bias].shape [torch.Size([16])]
2024-11-19 17:10:30,187 - fed_utils - INFO - decrypting key [fc1.weight].shape [torch.Size([120, 400])]
2024-11-19 17:10:30,187 - fed_utils - INFO - decrypting key [fc1.bias].shape [torch.Size([120])]
2024-11-19 17:10:30,187 - fed_utils - INFO - decrypting key [fc2.weight].shape [torch.Size([84, 120])]
2024-11-19 17:10:30,187 - fed_utils - INFO - decrypting key [fc2.bias].shape [torch.Size([84])]
2024-11-19 17:10:32,100 - fed_utils - INFO - decrypting key [fc3.weight].shape [torch.Size([10, 84])]
2024-11-19 17:10:32,123 - fed_utils - INFO - decrypting key [fc3.bias].shape [torch.Size([10])]
2024-11-19 17:10:32,123 - fed_utils - INFO - decrypt time : [0m:2s:292ms]
2024-11-19 17:10:32,126 - fl_main - INFO - [global round : 25] aggregated model accuracy : 0.9797
2024-11-19 17:10:32,126 - fl_main - INFO - [global round : 25] aggregated model loss : 0.06875393103533002
2024-11-19 17:10:32,126 - fl_main - INFO - global round : 26
2024-11-19 17:10:32,127 - fl_main - INFO - the random client id to test accuracy : f_00003
2024-11-19 17:10:32,127 - fl_main - INFO - ----- client id [f_00000] -----
2024-11-19 17:10:32,128 - fed_utils - INFO - init global model cost time : 0m:0s:0ms
2024-11-19 17:10:32,128 - client_base - INFO - recover model cost time : 0m:0s:0ms
2024-11-19 17:10:32,128 - fl_main - INFO - client_dict[f_00000] training ...
2024-11-19 17:10:32,129 - client_base - INFO - client_dict[f_00000] training epoch : 0
2024-11-19 17:10:32,921 - client_base - INFO - local model train cost time : 0m:0s:792ms
2024-11-19 17:10:32,922 - client_base - INFO - model encode time : 0m:0s:1ms
2024-11-19 17:10:32,923 - fl_main - INFO - client_dict[f_00000] local model encrypting ...
2024-11-19 17:10:34,106 - fed_utils - INFO - encrypting key [conv1.weight].length : 150, cost time : 0m:1s:183ms
2024-11-19 17:10:34,155 - fed_utils - INFO - encrypting key [conv1.bias].length : 6, cost time : 0m:0s:48ms
2024-11-19 17:10:34,155 - fed_utils - INFO - load key [conv2.weight].length : 2400, cost time : 0m:0s:0ms
2024-11-19 17:10:34,155 - fed_utils - INFO - load key [conv2.bias].length : 16, cost time : 0m:0s:0ms
2024-11-19 17:10:34,156 - fed_utils - INFO - load key [fc1.weight].length : 48000, cost time : 0m:0s:0ms
2024-11-19 17:10:34,156 - fed_utils - INFO - load key [fc1.bias].length : 120, cost time : 0m:0s:0ms
2024-11-19 17:10:34,156 - fed_utils - INFO - load key [fc2.weight].length : 10080, cost time : 0m:0s:0ms
2024-11-19 17:10:34,156 - fed_utils - INFO - load key [fc2.bias].length : 84, cost time : 0m:0s:0ms
2024-11-19 17:10:40,780 - fed_utils - INFO - encrypting key [fc3.weight].length : 840, cost time : 0m:6s:623ms
2024-11-19 17:10:40,859 - fed_utils - INFO - encrypting key [fc3.bias].length : 10, cost time : 0m:0s:79ms
2024-11-19 17:10:40,860 - fl_main - INFO - Server receive client_dict[f_00000] info ...
2024-11-19 17:10:40,860 - fl_main - INFO - ----- client id [f_00001] -----
2024-11-19 17:10:40,861 - fed_utils - INFO - init global model cost time : 0m:0s:0ms
2024-11-19 17:10:40,861 - client_base - INFO - recover model cost time : 0m:0s:0ms
2024-11-19 17:10:40,861 - fl_main - INFO - client_dict[f_00001] training ...
2024-11-19 17:10:40,862 - client_base - INFO - client_dict[f_00001] training epoch : 0
2024-11-19 17:10:41,621 - client_base - INFO - local model train cost time : 0m:0s:759ms
2024-11-19 17:10:41,622 - client_base - INFO - model encode time : 0m:0s:1ms
2024-11-19 17:10:41,623 - fl_main - INFO - client_dict[f_00001] local model encrypting ...
2024-11-19 17:10:42,944 - fed_utils - INFO - encrypting key [conv1.weight].length : 150, cost time : 0m:1s:320ms
2024-11-19 17:10:42,991 - fed_utils - INFO - encrypting key [conv1.bias].length : 6, cost time : 0m:0s:47ms
2024-11-19 17:10:42,992 - fed_utils - INFO - load key [conv2.weight].length : 2400, cost time : 0m:0s:0ms
2024-11-19 17:10:42,992 - fed_utils - INFO - load key [conv2.bias].length : 16, cost time : 0m:0s:0ms
2024-11-19 17:10:42,993 - fed_utils - INFO - load key [fc1.weight].length : 48000, cost time : 0m:0s:0ms
2024-11-19 17:10:42,993 - fed_utils - INFO - load key [fc1.bias].length : 120, cost time : 0m:0s:0ms
2024-11-19 17:10:42,993 - fed_utils - INFO - load key [fc2.weight].length : 10080, cost time : 0m:0s:0ms
2024-11-19 17:10:42,993 - fed_utils - INFO - load key [fc2.bias].length : 84, cost time : 0m:0s:0ms
2024-11-19 17:10:49,614 - fed_utils - INFO - encrypting key [fc3.weight].length : 840, cost time : 0m:6s:621ms
2024-11-19 17:10:49,693 - fed_utils - INFO - encrypting key [fc3.bias].length : 10, cost time : 0m:0s:79ms
2024-11-19 17:10:49,693 - fl_main - INFO - Server receive client_dict[f_00001] info ...
2024-11-19 17:10:49,693 - fl_main - INFO - ----- client id [f_00002] -----
2024-11-19 17:10:49,694 - fed_utils - INFO - init global model cost time : 0m:0s:0ms
2024-11-19 17:10:49,695 - client_base - INFO - recover model cost time : 0m:0s:0ms
2024-11-19 17:10:49,695 - fl_main - INFO - client_dict[f_00002] training ...
2024-11-19 17:10:49,695 - client_base - INFO - client_dict[f_00002] training epoch : 0
2024-11-19 17:10:50,490 - client_base - INFO - local model train cost time : 0m:0s:794ms
2024-11-19 17:10:50,491 - client_base - INFO - model encode time : 0m:0s:1ms
2024-11-19 17:10:50,492 - fl_main - INFO - client_dict[f_00002] local model encrypting ...
2024-11-19 17:10:51,675 - fed_utils - INFO - encrypting key [conv1.weight].length : 150, cost time : 0m:1s:183ms
2024-11-19 17:10:51,723 - fed_utils - INFO - encrypting key [conv1.bias].length : 6, cost time : 0m:0s:48ms
2024-11-19 17:10:51,724 - fed_utils - INFO - load key [conv2.weight].length : 2400, cost time : 0m:0s:0ms
2024-11-19 17:10:51,724 - fed_utils - INFO - load key [conv2.bias].length : 16, cost time : 0m:0s:0ms
2024-11-19 17:10:51,725 - fed_utils - INFO - load key [fc1.weight].length : 48000, cost time : 0m:0s:0ms
2024-11-19 17:10:51,725 - fed_utils - INFO - load key [fc1.bias].length : 120, cost time : 0m:0s:0ms
2024-11-19 17:10:51,725 - fed_utils - INFO - load key [fc2.weight].length : 10080, cost time : 0m:0s:0ms
2024-11-19 17:10:51,725 - fed_utils - INFO - load key [fc2.bias].length : 84, cost time : 0m:0s:0ms
2024-11-19 17:10:58,488 - fed_utils - INFO - encrypting key [fc3.weight].length : 840, cost time : 0m:6s:763ms
2024-11-19 17:10:58,567 - fed_utils - INFO - encrypting key [fc3.bias].length : 10, cost time : 0m:0s:79ms
2024-11-19 17:10:58,567 - fl_main - INFO - Server receive client_dict[f_00002] info ...
2024-11-19 17:10:58,568 - fl_main - INFO - ----- client id [f_00003] -----
2024-11-19 17:10:58,568 - fed_utils - INFO - init global model cost time : 0m:0s:0ms
2024-11-19 17:10:58,569 - client_base - INFO - recover model cost time : 0m:0s:0ms
2024-11-19 17:10:59,391 - fl_main - INFO - global round [26] client_dict[f_00003].accuracy : 0.981200
2024-11-19 17:10:59,391 - fl_main - INFO - client_dict[f_00003] training ...
2024-11-19 17:10:59,392 - client_base - INFO - client_dict[f_00003] training epoch : 0
2024-11-19 17:11:00,170 - client_base - INFO - local model train cost time : 0m:0s:778ms
2024-11-19 17:11:00,172 - client_base - INFO - model encode time : 0m:0s:1ms
2024-11-19 17:11:00,172 - fl_main - INFO - client_dict[f_00003] local model encrypting ...
2024-11-19 17:11:01,358 - fed_utils - INFO - encrypting key [conv1.weight].length : 150, cost time : 0m:1s:185ms
2024-11-19 17:11:01,405 - fed_utils - INFO - encrypting key [conv1.bias].length : 6, cost time : 0m:0s:47ms
2024-11-19 17:11:01,405 - fed_utils - INFO - load key [conv2.weight].length : 2400, cost time : 0m:0s:0ms
2024-11-19 17:11:01,405 - fed_utils - INFO - load key [conv2.bias].length : 16, cost time : 0m:0s:0ms
2024-11-19 17:11:01,406 - fed_utils - INFO - load key [fc1.weight].length : 48000, cost time : 0m:0s:0ms
2024-11-19 17:11:01,406 - fed_utils - INFO - load key [fc1.bias].length : 120, cost time : 0m:0s:0ms
2024-11-19 17:11:01,407 - fed_utils - INFO - load key [fc2.weight].length : 10080, cost time : 0m:0s:0ms
2024-11-19 17:11:01,407 - fed_utils - INFO - load key [fc2.bias].length : 84, cost time : 0m:0s:0ms
2024-11-19 17:11:08,034 - fed_utils - INFO - encrypting key [fc3.weight].length : 840, cost time : 0m:6s:627ms
2024-11-19 17:11:08,114 - fed_utils - INFO - encrypting key [fc3.bias].length : 10, cost time : 0m:0s:79ms
2024-11-19 17:11:08,114 - fl_main - INFO - Server receive client_dict[f_00003] info ...
2024-11-19 17:11:08,114 - fl_main - INFO - ----- client id [f_00004] -----
2024-11-19 17:11:08,115 - fed_utils - INFO - init global model cost time : 0m:0s:0ms
2024-11-19 17:11:08,115 - client_base - INFO - recover model cost time : 0m:0s:0ms
2024-11-19 17:11:08,115 - fl_main - INFO - client_dict[f_00004] training ...
2024-11-19 17:11:08,116 - client_base - INFO - client_dict[f_00004] training epoch : 0
2024-11-19 17:11:08,897 - client_base - INFO - local model train cost time : 0m:0s:781ms
2024-11-19 17:11:08,899 - client_base - INFO - model encode time : 0m:0s:1ms
2024-11-19 17:11:08,899 - fl_main - INFO - client_dict[f_00004] local model encrypting ...
2024-11-19 17:11:10,081 - fed_utils - INFO - encrypting key [conv1.weight].length : 150, cost time : 0m:1s:182ms
2024-11-19 17:11:10,129 - fed_utils - INFO - encrypting key [conv1.bias].length : 6, cost time : 0m:0s:47ms
2024-11-19 17:11:10,129 - fed_utils - INFO - load key [conv2.weight].length : 2400, cost time : 0m:0s:0ms
2024-11-19 17:11:10,129 - fed_utils - INFO - load key [conv2.bias].length : 16, cost time : 0m:0s:0ms
2024-11-19 17:11:10,130 - fed_utils - INFO - load key [fc1.weight].length : 48000, cost time : 0m:0s:0ms
2024-11-19 17:11:10,130 - fed_utils - INFO - load key [fc1.bias].length : 120, cost time : 0m:0s:0ms
2024-11-19 17:11:10,130 - fed_utils - INFO - load key [fc2.weight].length : 10080, cost time : 0m:0s:0ms
2024-11-19 17:11:10,130 - fed_utils - INFO - load key [fc2.bias].length : 84, cost time : 0m:0s:0ms
2024-11-19 17:11:16,903 - fed_utils - INFO - encrypting key [fc3.weight].length : 840, cost time : 0m:6s:772ms
2024-11-19 17:11:16,982 - fed_utils - INFO - encrypting key [fc3.bias].length : 10, cost time : 0m:0s:79ms
2024-11-19 17:11:16,983 - fl_main - INFO - Server receive client_dict[f_00004] info ...
2024-11-19 17:11:16,983 - fl_main - INFO - global aggregation process ...
2024-11-19 17:11:16,983 - fed_utils - INFO - server.n_data : 60000
2024-11-19 17:11:16,983 - fed_utils - INFO - client_dict[f_00000].weight : 0.200000
2024-11-19 17:11:16,983 - fed_utils - INFO - client_dict[f_00001].weight : 0.200000
2024-11-19 17:11:16,983 - fed_utils - INFO - client_dict[f_00002].weight : 0.200000
2024-11-19 17:11:16,983 - fed_utils - INFO - client_dict[f_00003].weight : 0.200000
2024-11-19 17:11:16,983 - fed_utils - INFO - client_dict[f_00004].weight : 0.200000
2024-11-19 17:11:16,983 - fed_utils - INFO - recover secret number by clients: 3157279.000000
2024-11-19 17:11:16,983 - server_base - INFO - Server aggregate model with homomorphic encryption ...
2024-11-19 17:11:18,442 - server_base - INFO - Server aggregate model done, cost time : 0m:1s:458ms
2024-11-19 17:11:18,784 - fed_utils - INFO - decrypting key [conv1.weight].shape [torch.Size([6, 1, 5, 5])]
2024-11-19 17:11:18,797 - fed_utils - INFO - decrypting key [conv1.bias].shape [torch.Size([6])]
2024-11-19 17:11:18,797 - fed_utils - INFO - decrypting key [conv2.weight].shape [torch.Size([16, 6, 5, 5])]
2024-11-19 17:11:18,797 - fed_utils - INFO - decrypting key [conv2.bias].shape [torch.Size([16])]
2024-11-19 17:11:18,798 - fed_utils - INFO - decrypting key [fc1.weight].shape [torch.Size([120, 400])]
2024-11-19 17:11:18,798 - fed_utils - INFO - decrypting key [fc1.bias].shape [torch.Size([120])]
2024-11-19 17:11:18,798 - fed_utils - INFO - decrypting key [fc2.weight].shape [torch.Size([84, 120])]
2024-11-19 17:11:18,798 - fed_utils - INFO - decrypting key [fc2.bias].shape [torch.Size([84])]
2024-11-19 17:11:20,710 - fed_utils - INFO - decrypting key [fc3.weight].shape [torch.Size([10, 84])]
2024-11-19 17:11:20,733 - fed_utils - INFO - decrypting key [fc3.bias].shape [torch.Size([10])]
2024-11-19 17:11:20,733 - fed_utils - INFO - decrypt time : [0m:2s:290ms]
2024-11-19 17:11:20,735 - fl_main - INFO - [global round : 26] aggregated model accuracy : 0.9812000000000001
2024-11-19 17:11:20,735 - fl_main - INFO - [global round : 26] aggregated model loss : 0.1026562351840987
2024-11-19 17:11:20,736 - fl_main - INFO - global round : 27
2024-11-19 17:11:20,736 - fl_main - INFO - the random client id to test accuracy : f_00000
2024-11-19 17:11:20,736 - fl_main - INFO - ----- client id [f_00000] -----
2024-11-19 17:11:20,737 - fed_utils - INFO - init global model cost time : 0m:0s:0ms
2024-11-19 17:11:20,738 - client_base - INFO - recover model cost time : 0m:0s:0ms
2024-11-19 17:11:21,527 - fl_main - INFO - global round [27] client_dict[f_00000].accuracy : 0.981100
2024-11-19 17:11:21,527 - fl_main - INFO - client_dict[f_00000] training ...
2024-11-19 17:11:21,527 - client_base - INFO - client_dict[f_00000] training epoch : 0
2024-11-19 17:11:22,301 - client_base - INFO - local model train cost time : 0m:0s:773ms
2024-11-19 17:11:22,303 - client_base - INFO - model encode time : 0m:0s:1ms
2024-11-19 17:11:22,303 - fl_main - INFO - client_dict[f_00000] local model encrypting ...
2024-11-19 17:11:23,485 - fed_utils - INFO - encrypting key [conv1.weight].length : 150, cost time : 0m:1s:181ms
2024-11-19 17:11:23,533 - fed_utils - INFO - encrypting key [conv1.bias].length : 6, cost time : 0m:0s:47ms
2024-11-19 17:11:23,533 - fed_utils - INFO - load key [conv2.weight].length : 2400, cost time : 0m:0s:0ms
2024-11-19 17:11:23,533 - fed_utils - INFO - load key [conv2.bias].length : 16, cost time : 0m:0s:0ms
2024-11-19 17:11:23,534 - fed_utils - INFO - load key [fc1.weight].length : 48000, cost time : 0m:0s:0ms
2024-11-19 17:11:23,534 - fed_utils - INFO - load key [fc1.bias].length : 120, cost time : 0m:0s:0ms
2024-11-19 17:11:23,534 - fed_utils - INFO - load key [fc2.weight].length : 10080, cost time : 0m:0s:0ms
2024-11-19 17:11:23,534 - fed_utils - INFO - load key [fc2.bias].length : 84, cost time : 0m:0s:0ms
2024-11-19 17:11:30,273 - fed_utils - INFO - encrypting key [fc3.weight].length : 840, cost time : 0m:6s:738ms
2024-11-19 17:11:30,352 - fed_utils - INFO - encrypting key [fc3.bias].length : 10, cost time : 0m:0s:79ms
2024-11-19 17:11:30,353 - fl_main - INFO - Server receive client_dict[f_00000] info ...
2024-11-19 17:11:30,353 - fl_main - INFO - ----- client id [f_00001] -----
2024-11-19 17:11:30,354 - fed_utils - INFO - init global model cost time : 0m:0s:0ms
2024-11-19 17:11:30,354 - client_base - INFO - recover model cost time : 0m:0s:0ms
2024-11-19 17:11:30,355 - fl_main - INFO - client_dict[f_00001] training ...
2024-11-19 17:11:30,355 - client_base - INFO - client_dict[f_00001] training epoch : 0
2024-11-19 17:11:31,141 - client_base - INFO - local model train cost time : 0m:0s:785ms
2024-11-19 17:11:31,143 - client_base - INFO - model encode time : 0m:0s:1ms
2024-11-19 17:11:31,143 - fl_main - INFO - client_dict[f_00001] local model encrypting ...
2024-11-19 17:11:32,326 - fed_utils - INFO - encrypting key [conv1.weight].length : 150, cost time : 0m:1s:183ms
2024-11-19 17:11:32,374 - fed_utils - INFO - encrypting key [conv1.bias].length : 6, cost time : 0m:0s:47ms
2024-11-19 17:11:32,374 - fed_utils - INFO - load key [conv2.weight].length : 2400, cost time : 0m:0s:0ms
2024-11-19 17:11:32,374 - fed_utils - INFO - load key [conv2.bias].length : 16, cost time : 0m:0s:0ms
2024-11-19 17:11:32,375 - fed_utils - INFO - load key [fc1.weight].length : 48000, cost time : 0m:0s:0ms
2024-11-19 17:11:32,375 - fed_utils - INFO - load key [fc1.bias].length : 120, cost time : 0m:0s:0ms
2024-11-19 17:11:32,375 - fed_utils - INFO - load key [fc2.weight].length : 10080, cost time : 0m:0s:0ms
2024-11-19 17:11:32,375 - fed_utils - INFO - load key [fc2.bias].length : 84, cost time : 0m:0s:0ms
2024-11-19 17:11:38,996 - fed_utils - INFO - encrypting key [fc3.weight].length : 840, cost time : 0m:6s:620ms
2024-11-19 17:11:39,076 - fed_utils - INFO - encrypting key [fc3.bias].length : 10, cost time : 0m:0s:79ms
2024-11-19 17:11:39,076 - fl_main - INFO - Server receive client_dict[f_00001] info ...
2024-11-19 17:11:39,076 - fl_main - INFO - ----- client id [f_00002] -----
2024-11-19 17:11:39,077 - fed_utils - INFO - init global model cost time : 0m:0s:0ms
2024-11-19 17:11:39,077 - client_base - INFO - recover model cost time : 0m:0s:0ms
2024-11-19 17:11:39,077 - fl_main - INFO - client_dict[f_00002] training ...
2024-11-19 17:11:39,078 - client_base - INFO - client_dict[f_00002] training epoch : 0
2024-11-19 17:11:39,857 - client_base - INFO - local model train cost time : 0m:0s:779ms
2024-11-19 17:11:39,858 - client_base - INFO - model encode time : 0m:0s:1ms
2024-11-19 17:11:39,859 - fl_main - INFO - client_dict[f_00002] local model encrypting ...
2024-11-19 17:11:41,041 - fed_utils - INFO - encrypting key [conv1.weight].length : 150, cost time : 0m:1s:182ms
2024-11-19 17:11:41,089 - fed_utils - INFO - encrypting key [conv1.bias].length : 6, cost time : 0m:0s:47ms
2024-11-19 17:11:41,089 - fed_utils - INFO - load key [conv2.weight].length : 2400, cost time : 0m:0s:0ms
2024-11-19 17:11:41,089 - fed_utils - INFO - load key [conv2.bias].length : 16, cost time : 0m:0s:0ms
2024-11-19 17:11:41,090 - fed_utils - INFO - load key [fc1.weight].length : 48000, cost time : 0m:0s:0ms
2024-11-19 17:11:41,090 - fed_utils - INFO - load key [fc1.bias].length : 120, cost time : 0m:0s:0ms
2024-11-19 17:11:41,090 - fed_utils - INFO - load key [fc2.weight].length : 10080, cost time : 0m:0s:0ms
2024-11-19 17:11:41,090 - fed_utils - INFO - load key [fc2.bias].length : 84, cost time : 0m:0s:0ms
2024-11-19 17:11:47,866 - fed_utils - INFO - encrypting key [fc3.weight].length : 840, cost time : 0m:6s:775ms
2024-11-19 17:11:47,947 - fed_utils - INFO - encrypting key [fc3.bias].length : 10, cost time : 0m:0s:80ms
2024-11-19 17:11:47,947 - fl_main - INFO - Server receive client_dict[f_00002] info ...
2024-11-19 17:11:47,947 - fl_main - INFO - ----- client id [f_00003] -----
2024-11-19 17:11:47,948 - fed_utils - INFO - init global model cost time : 0m:0s:0ms
2024-11-19 17:11:47,948 - client_base - INFO - recover model cost time : 0m:0s:0ms
2024-11-19 17:11:47,948 - fl_main - INFO - client_dict[f_00003] training ...
2024-11-19 17:11:47,949 - client_base - INFO - client_dict[f_00003] training epoch : 0
2024-11-19 17:11:48,722 - client_base - INFO - local model train cost time : 0m:0s:773ms
2024-11-19 17:11:48,724 - client_base - INFO - model encode time : 0m:0s:1ms
2024-11-19 17:11:48,724 - fl_main - INFO - client_dict[f_00003] local model encrypting ...
2024-11-19 17:11:49,906 - fed_utils - INFO - encrypting key [conv1.weight].length : 150, cost time : 0m:1s:182ms
2024-11-19 17:11:49,954 - fed_utils - INFO - encrypting key [conv1.bias].length : 6, cost time : 0m:0s:47ms
2024-11-19 17:11:49,954 - fed_utils - INFO - load key [conv2.weight].length : 2400, cost time : 0m:0s:0ms
2024-11-19 17:11:49,954 - fed_utils - INFO - load key [conv2.bias].length : 16, cost time : 0m:0s:0ms
2024-11-19 17:11:49,955 - fed_utils - INFO - load key [fc1.weight].length : 48000, cost time : 0m:0s:0ms
2024-11-19 17:11:49,955 - fed_utils - INFO - load key [fc1.bias].length : 120, cost time : 0m:0s:0ms
2024-11-19 17:11:49,955 - fed_utils - INFO - load key [fc2.weight].length : 10080, cost time : 0m:0s:0ms
2024-11-19 17:11:49,955 - fed_utils - INFO - load key [fc2.bias].length : 84, cost time : 0m:0s:0ms
2024-11-19 17:11:56,577 - fed_utils - INFO - encrypting key [fc3.weight].length : 840, cost time : 0m:6s:621ms
2024-11-19 17:11:56,656 - fed_utils - INFO - encrypting key [fc3.bias].length : 10, cost time : 0m:0s:79ms
2024-11-19 17:11:56,656 - fl_main - INFO - Server receive client_dict[f_00003] info ...
2024-11-19 17:11:56,656 - fl_main - INFO - ----- client id [f_00004] -----
2024-11-19 17:11:56,657 - fed_utils - INFO - init global model cost time : 0m:0s:0ms
2024-11-19 17:11:56,657 - client_base - INFO - recover model cost time : 0m:0s:0ms
2024-11-19 17:11:56,658 - fl_main - INFO - client_dict[f_00004] training ...
2024-11-19 17:11:56,658 - client_base - INFO - client_dict[f_00004] training epoch : 0
2024-11-19 17:11:57,598 - client_base - INFO - local model train cost time : 0m:0s:939ms
2024-11-19 17:11:57,599 - client_base - INFO - model encode time : 0m:0s:1ms
2024-11-19 17:11:57,600 - fl_main - INFO - client_dict[f_00004] local model encrypting ...
2024-11-19 17:11:58,785 - fed_utils - INFO - encrypting key [conv1.weight].length : 150, cost time : 0m:1s:184ms
2024-11-19 17:11:58,832 - fed_utils - INFO - encrypting key [conv1.bias].length : 6, cost time : 0m:0s:47ms
2024-11-19 17:11:58,833 - fed_utils - INFO - load key [conv2.weight].length : 2400, cost time : 0m:0s:0ms
2024-11-19 17:11:58,833 - fed_utils - INFO - load key [conv2.bias].length : 16, cost time : 0m:0s:0ms
2024-11-19 17:11:58,834 - fed_utils - INFO - load key [fc1.weight].length : 48000, cost time : 0m:0s:0ms
2024-11-19 17:11:58,834 - fed_utils - INFO - load key [fc1.bias].length : 120, cost time : 0m:0s:0ms
2024-11-19 17:11:58,834 - fed_utils - INFO - load key [fc2.weight].length : 10080, cost time : 0m:0s:0ms
2024-11-19 17:11:58,834 - fed_utils - INFO - load key [fc2.bias].length : 84, cost time : 0m:0s:0ms
2024-11-19 17:12:05,466 - fed_utils - INFO - encrypting key [fc3.weight].length : 840, cost time : 0m:6s:631ms
2024-11-19 17:12:05,545 - fed_utils - INFO - encrypting key [fc3.bias].length : 10, cost time : 0m:0s:79ms
2024-11-19 17:12:05,545 - fl_main - INFO - Server receive client_dict[f_00004] info ...
2024-11-19 17:12:05,545 - fl_main - INFO - global aggregation process ...
2024-11-19 17:12:05,546 - fed_utils - INFO - server.n_data : 60000
2024-11-19 17:12:05,546 - fed_utils - INFO - client_dict[f_00000].weight : 0.200000
2024-11-19 17:12:05,546 - fed_utils - INFO - client_dict[f_00001].weight : 0.200000
2024-11-19 17:12:05,546 - fed_utils - INFO - client_dict[f_00002].weight : 0.200000
2024-11-19 17:12:05,546 - fed_utils - INFO - client_dict[f_00003].weight : 0.200000
2024-11-19 17:12:05,546 - fed_utils - INFO - client_dict[f_00004].weight : 0.200000
2024-11-19 17:12:05,546 - fed_utils - INFO - recover secret number by clients: 3157279.000000
2024-11-19 17:12:05,546 - server_base - INFO - Server aggregate model with homomorphic encryption ...
2024-11-19 17:12:06,983 - server_base - INFO - Server aggregate model done, cost time : 0m:1s:436ms
2024-11-19 17:12:07,325 - fed_utils - INFO - decrypting key [conv1.weight].shape [torch.Size([6, 1, 5, 5])]
2024-11-19 17:12:07,338 - fed_utils - INFO - decrypting key [conv1.bias].shape [torch.Size([6])]
2024-11-19 17:12:07,338 - fed_utils - INFO - decrypting key [conv2.weight].shape [torch.Size([16, 6, 5, 5])]
2024-11-19 17:12:07,338 - fed_utils - INFO - decrypting key [conv2.bias].shape [torch.Size([16])]
2024-11-19 17:12:07,339 - fed_utils - INFO - decrypting key [fc1.weight].shape [torch.Size([120, 400])]
2024-11-19 17:12:07,339 - fed_utils - INFO - decrypting key [fc1.bias].shape [torch.Size([120])]
2024-11-19 17:12:07,339 - fed_utils - INFO - decrypting key [fc2.weight].shape [torch.Size([84, 120])]
2024-11-19 17:12:07,339 - fed_utils - INFO - decrypting key [fc2.bias].shape [torch.Size([84])]
2024-11-19 17:12:09,251 - fed_utils - INFO - decrypting key [fc3.weight].shape [torch.Size([10, 84])]
2024-11-19 17:12:09,274 - fed_utils - INFO - decrypting key [fc3.bias].shape [torch.Size([10])]
2024-11-19 17:12:09,274 - fed_utils - INFO - decrypt time : [0m:2s:291ms]
2024-11-19 17:12:09,276 - fl_main - INFO - [global round : 27] aggregated model accuracy : 0.9811000000000001
2024-11-19 17:12:09,277 - fl_main - INFO - [global round : 27] aggregated model loss : 0.0732271179557279
2024-11-19 17:12:09,277 - fl_main - INFO - global round : 28
2024-11-19 17:12:09,278 - fl_main - INFO - the random client id to test accuracy : f_00000
2024-11-19 17:12:09,278 - fl_main - INFO - ----- client id [f_00000] -----
2024-11-19 17:12:09,278 - fed_utils - INFO - init global model cost time : 0m:0s:0ms
2024-11-19 17:12:09,279 - client_base - INFO - recover model cost time : 0m:0s:0ms
2024-11-19 17:12:10,077 - fl_main - INFO - global round [28] client_dict[f_00000].accuracy : 0.981400
2024-11-19 17:12:10,077 - fl_main - INFO - client_dict[f_00000] training ...
2024-11-19 17:12:10,078 - client_base - INFO - client_dict[f_00000] training epoch : 0
2024-11-19 17:12:10,849 - client_base - INFO - local model train cost time : 0m:0s:771ms
2024-11-19 17:12:10,851 - client_base - INFO - model encode time : 0m:0s:1ms
2024-11-19 17:12:10,851 - fl_main - INFO - client_dict[f_00000] local model encrypting ...
2024-11-19 17:12:12,034 - fed_utils - INFO - encrypting key [conv1.weight].length : 150, cost time : 0m:1s:182ms
2024-11-19 17:12:12,082 - fed_utils - INFO - encrypting key [conv1.bias].length : 6, cost time : 0m:0s:47ms
2024-11-19 17:12:12,082 - fed_utils - INFO - load key [conv2.weight].length : 2400, cost time : 0m:0s:0ms
2024-11-19 17:12:12,082 - fed_utils - INFO - load key [conv2.bias].length : 16, cost time : 0m:0s:0ms
2024-11-19 17:12:12,083 - fed_utils - INFO - load key [fc1.weight].length : 48000, cost time : 0m:0s:0ms
2024-11-19 17:12:12,083 - fed_utils - INFO - load key [fc1.bias].length : 120, cost time : 0m:0s:0ms
2024-11-19 17:12:12,083 - fed_utils - INFO - load key [fc2.weight].length : 10080, cost time : 0m:0s:0ms
2024-11-19 17:12:12,083 - fed_utils - INFO - load key [fc2.bias].length : 84, cost time : 0m:0s:0ms
2024-11-19 17:12:18,841 - fed_utils - INFO - encrypting key [fc3.weight].length : 840, cost time : 0m:6s:757ms
2024-11-19 17:12:18,920 - fed_utils - INFO - encrypting key [fc3.bias].length : 10, cost time : 0m:0s:79ms
2024-11-19 17:12:18,921 - fl_main - INFO - Server receive client_dict[f_00000] info ...
2024-11-19 17:12:18,921 - fl_main - INFO - ----- client id [f_00001] -----
2024-11-19 17:12:18,922 - fed_utils - INFO - init global model cost time : 0m:0s:0ms
2024-11-19 17:12:18,922 - client_base - INFO - recover model cost time : 0m:0s:0ms
2024-11-19 17:12:18,922 - fl_main - INFO - client_dict[f_00001] training ...
2024-11-19 17:12:18,923 - client_base - INFO - client_dict[f_00001] training epoch : 0
2024-11-19 17:12:19,713 - client_base - INFO - local model train cost time : 0m:0s:790ms
2024-11-19 17:12:19,714 - client_base - INFO - model encode time : 0m:0s:1ms
2024-11-19 17:12:19,715 - fl_main - INFO - client_dict[f_00001] local model encrypting ...
2024-11-19 17:12:20,898 - fed_utils - INFO - encrypting key [conv1.weight].length : 150, cost time : 0m:1s:183ms
2024-11-19 17:12:20,946 - fed_utils - INFO - encrypting key [conv1.bias].length : 6, cost time : 0m:0s:47ms
2024-11-19 17:12:20,946 - fed_utils - INFO - load key [conv2.weight].length : 2400, cost time : 0m:0s:0ms
2024-11-19 17:12:20,946 - fed_utils - INFO - load key [conv2.bias].length : 16, cost time : 0m:0s:0ms
2024-11-19 17:12:20,947 - fed_utils - INFO - load key [fc1.weight].length : 48000, cost time : 0m:0s:0ms
2024-11-19 17:12:20,947 - fed_utils - INFO - load key [fc1.bias].length : 120, cost time : 0m:0s:0ms
2024-11-19 17:12:20,947 - fed_utils - INFO - load key [fc2.weight].length : 10080, cost time : 0m:0s:0ms
2024-11-19 17:12:20,947 - fed_utils - INFO - load key [fc2.bias].length : 84, cost time : 0m:0s:0ms
2024-11-19 17:12:27,715 - fed_utils - INFO - encrypting key [fc3.weight].length : 840, cost time : 0m:6s:767ms
2024-11-19 17:12:27,795 - fed_utils - INFO - encrypting key [fc3.bias].length : 10, cost time : 0m:0s:79ms
2024-11-19 17:12:27,795 - fl_main - INFO - Server receive client_dict[f_00001] info ...
2024-11-19 17:12:27,795 - fl_main - INFO - ----- client id [f_00002] -----
2024-11-19 17:12:27,796 - fed_utils - INFO - init global model cost time : 0m:0s:0ms
2024-11-19 17:12:27,796 - client_base - INFO - recover model cost time : 0m:0s:0ms
2024-11-19 17:12:27,796 - fl_main - INFO - client_dict[f_00002] training ...
2024-11-19 17:12:27,797 - client_base - INFO - client_dict[f_00002] training epoch : 0
2024-11-19 17:12:28,558 - client_base - INFO - local model train cost time : 0m:0s:761ms
2024-11-19 17:12:28,560 - client_base - INFO - model encode time : 0m:0s:1ms
2024-11-19 17:12:28,560 - fl_main - INFO - client_dict[f_00002] local model encrypting ...
2024-11-19 17:12:29,743 - fed_utils - INFO - encrypting key [conv1.weight].length : 150, cost time : 0m:1s:183ms
2024-11-19 17:12:29,791 - fed_utils - INFO - encrypting key [conv1.bias].length : 6, cost time : 0m:0s:47ms
2024-11-19 17:12:29,791 - fed_utils - INFO - load key [conv2.weight].length : 2400, cost time : 0m:0s:0ms
2024-11-19 17:12:29,791 - fed_utils - INFO - load key [conv2.bias].length : 16, cost time : 0m:0s:0ms
2024-11-19 17:12:29,792 - fed_utils - INFO - load key [fc1.weight].length : 48000, cost time : 0m:0s:0ms
2024-11-19 17:12:29,792 - fed_utils - INFO - load key [fc1.bias].length : 120, cost time : 0m:0s:0ms
2024-11-19 17:12:29,792 - fed_utils - INFO - load key [fc2.weight].length : 10080, cost time : 0m:0s:0ms
2024-11-19 17:12:29,793 - fed_utils - INFO - load key [fc2.bias].length : 84, cost time : 0m:0s:0ms
2024-11-19 17:12:36,421 - fed_utils - INFO - encrypting key [fc3.weight].length : 840, cost time : 0m:6s:628ms
2024-11-19 17:12:36,500 - fed_utils - INFO - encrypting key [fc3.bias].length : 10, cost time : 0m:0s:79ms
2024-11-19 17:12:36,500 - fl_main - INFO - Server receive client_dict[f_00002] info ...
2024-11-19 17:12:36,501 - fl_main - INFO - ----- client id [f_00003] -----
2024-11-19 17:12:36,501 - fed_utils - INFO - init global model cost time : 0m:0s:0ms
2024-11-19 17:12:36,502 - client_base - INFO - recover model cost time : 0m:0s:0ms
2024-11-19 17:12:36,502 - fl_main - INFO - client_dict[f_00003] training ...
2024-11-19 17:12:36,503 - client_base - INFO - client_dict[f_00003] training epoch : 0
2024-11-19 17:12:37,277 - client_base - INFO - local model train cost time : 0m:0s:774ms
2024-11-19 17:12:37,278 - client_base - INFO - model encode time : 0m:0s:1ms
2024-11-19 17:12:37,279 - fl_main - INFO - client_dict[f_00003] local model encrypting ...
2024-11-19 17:12:38,462 - fed_utils - INFO - encrypting key [conv1.weight].length : 150, cost time : 0m:1s:183ms
2024-11-19 17:12:38,510 - fed_utils - INFO - encrypting key [conv1.bias].length : 6, cost time : 0m:0s:47ms
2024-11-19 17:12:38,510 - fed_utils - INFO - load key [conv2.weight].length : 2400, cost time : 0m:0s:0ms
2024-11-19 17:12:38,510 - fed_utils - INFO - load key [conv2.bias].length : 16, cost time : 0m:0s:0ms
2024-11-19 17:12:38,511 - fed_utils - INFO - load key [fc1.weight].length : 48000, cost time : 0m:0s:0ms
2024-11-19 17:12:38,511 - fed_utils - INFO - load key [fc1.bias].length : 120, cost time : 0m:0s:0ms
2024-11-19 17:12:38,511 - fed_utils - INFO - load key [fc2.weight].length : 10080, cost time : 0m:0s:0ms
2024-11-19 17:12:38,511 - fed_utils - INFO - load key [fc2.bias].length : 84, cost time : 0m:0s:0ms
2024-11-19 17:12:45,273 - fed_utils - INFO - encrypting key [fc3.weight].length : 840, cost time : 0m:6s:761ms
2024-11-19 17:12:45,352 - fed_utils - INFO - encrypting key [fc3.bias].length : 10, cost time : 0m:0s:79ms
2024-11-19 17:12:45,352 - fl_main - INFO - Server receive client_dict[f_00003] info ...
2024-11-19 17:12:45,352 - fl_main - INFO - ----- client id [f_00004] -----
2024-11-19 17:12:45,353 - fed_utils - INFO - init global model cost time : 0m:0s:0ms
2024-11-19 17:12:45,353 - client_base - INFO - recover model cost time : 0m:0s:0ms
2024-11-19 17:12:45,354 - fl_main - INFO - client_dict[f_00004] training ...
2024-11-19 17:12:45,354 - client_base - INFO - client_dict[f_00004] training epoch : 0
2024-11-19 17:12:46,117 - client_base - INFO - local model train cost time : 0m:0s:762ms
2024-11-19 17:12:46,118 - client_base - INFO - model encode time : 0m:0s:1ms
2024-11-19 17:12:46,119 - fl_main - INFO - client_dict[f_00004] local model encrypting ...
2024-11-19 17:12:47,306 - fed_utils - INFO - encrypting key [conv1.weight].length : 150, cost time : 0m:1s:187ms
2024-11-19 17:12:47,354 - fed_utils - INFO - encrypting key [conv1.bias].length : 6, cost time : 0m:0s:47ms
2024-11-19 17:12:47,354 - fed_utils - INFO - load key [conv2.weight].length : 2400, cost time : 0m:0s:0ms
2024-11-19 17:12:47,354 - fed_utils - INFO - load key [conv2.bias].length : 16, cost time : 0m:0s:0ms
2024-11-19 17:12:47,355 - fed_utils - INFO - load key [fc1.weight].length : 48000, cost time : 0m:0s:0ms
2024-11-19 17:12:47,355 - fed_utils - INFO - load key [fc1.bias].length : 120, cost time : 0m:0s:0ms
2024-11-19 17:12:47,356 - fed_utils - INFO - load key [fc2.weight].length : 10080, cost time : 0m:0s:0ms
2024-11-19 17:12:47,356 - fed_utils - INFO - load key [fc2.bias].length : 84, cost time : 0m:0s:0ms
2024-11-19 17:12:53,984 - fed_utils - INFO - encrypting key [fc3.weight].length : 840, cost time : 0m:6s:628ms
2024-11-19 17:12:54,063 - fed_utils - INFO - encrypting key [fc3.bias].length : 10, cost time : 0m:0s:79ms
2024-11-19 17:12:54,063 - fl_main - INFO - Server receive client_dict[f_00004] info ...
2024-11-19 17:12:54,063 - fl_main - INFO - global aggregation process ...
2024-11-19 17:12:54,063 - fed_utils - INFO - server.n_data : 60000
2024-11-19 17:12:54,064 - fed_utils - INFO - client_dict[f_00000].weight : 0.200000
2024-11-19 17:12:54,064 - fed_utils - INFO - client_dict[f_00001].weight : 0.200000
2024-11-19 17:12:54,064 - fed_utils - INFO - client_dict[f_00002].weight : 0.200000
2024-11-19 17:12:54,064 - fed_utils - INFO - client_dict[f_00003].weight : 0.200000
2024-11-19 17:12:54,064 - fed_utils - INFO - client_dict[f_00004].weight : 0.200000
2024-11-19 17:12:54,064 - fed_utils - INFO - recover secret number by clients: 3157279.000000
2024-11-19 17:12:54,064 - server_base - INFO - Server aggregate model with homomorphic encryption ...
2024-11-19 17:12:55,499 - server_base - INFO - Server aggregate model done, cost time : 0m:1s:434ms
2024-11-19 17:12:55,840 - fed_utils - INFO - decrypting key [conv1.weight].shape [torch.Size([6, 1, 5, 5])]
2024-11-19 17:12:55,854 - fed_utils - INFO - decrypting key [conv1.bias].shape [torch.Size([6])]
2024-11-19 17:12:55,854 - fed_utils - INFO - decrypting key [conv2.weight].shape [torch.Size([16, 6, 5, 5])]
2024-11-19 17:12:55,854 - fed_utils - INFO - decrypting key [conv2.bias].shape [torch.Size([16])]
2024-11-19 17:12:55,854 - fed_utils - INFO - decrypting key [fc1.weight].shape [torch.Size([120, 400])]
2024-11-19 17:12:55,854 - fed_utils - INFO - decrypting key [fc1.bias].shape [torch.Size([120])]
2024-11-19 17:12:55,854 - fed_utils - INFO - decrypting key [fc2.weight].shape [torch.Size([84, 120])]
2024-11-19 17:12:55,854 - fed_utils - INFO - decrypting key [fc2.bias].shape [torch.Size([84])]
2024-11-19 17:12:57,912 - fed_utils - INFO - decrypting key [fc3.weight].shape [torch.Size([10, 84])]
2024-11-19 17:12:57,935 - fed_utils - INFO - decrypting key [fc3.bias].shape [torch.Size([10])]
2024-11-19 17:12:57,935 - fed_utils - INFO - decrypt time : [0m:2s:435ms]
2024-11-19 17:12:57,937 - fl_main - INFO - [global round : 28] aggregated model accuracy : 0.9814
2024-11-19 17:12:57,937 - fl_main - INFO - [global round : 28] aggregated model loss : 0.06381013517316893
2024-11-19 17:12:57,938 - fl_main - INFO - global round : 29
2024-11-19 17:12:57,938 - fl_main - INFO - the random client id to test accuracy : f_00002
2024-11-19 17:12:57,938 - fl_main - INFO - ----- client id [f_00000] -----
2024-11-19 17:12:57,939 - fed_utils - INFO - init global model cost time : 0m:0s:0ms
2024-11-19 17:12:57,940 - client_base - INFO - recover model cost time : 0m:0s:0ms
2024-11-19 17:12:57,940 - fl_main - INFO - client_dict[f_00000] training ...
2024-11-19 17:12:57,940 - client_base - INFO - client_dict[f_00000] training epoch : 0
2024-11-19 17:12:58,720 - client_base - INFO - local model train cost time : 0m:0s:779ms
2024-11-19 17:12:58,721 - client_base - INFO - model encode time : 0m:0s:1ms
2024-11-19 17:12:58,721 - fl_main - INFO - client_dict[f_00000] local model encrypting ...
2024-11-19 17:12:59,904 - fed_utils - INFO - encrypting key [conv1.weight].length : 150, cost time : 0m:1s:182ms
2024-11-19 17:12:59,952 - fed_utils - INFO - encrypting key [conv1.bias].length : 6, cost time : 0m:0s:48ms
2024-11-19 17:12:59,952 - fed_utils - INFO - load key [conv2.weight].length : 2400, cost time : 0m:0s:0ms
2024-11-19 17:12:59,952 - fed_utils - INFO - load key [conv2.bias].length : 16, cost time : 0m:0s:0ms
2024-11-19 17:12:59,953 - fed_utils - INFO - load key [fc1.weight].length : 48000, cost time : 0m:0s:0ms
2024-11-19 17:12:59,954 - fed_utils - INFO - load key [fc1.bias].length : 120, cost time : 0m:0s:0ms
2024-11-19 17:12:59,954 - fed_utils - INFO - load key [fc2.weight].length : 10080, cost time : 0m:0s:0ms
2024-11-19 17:12:59,954 - fed_utils - INFO - load key [fc2.bias].length : 84, cost time : 0m:0s:0ms
2024-11-19 17:13:06,583 - fed_utils - INFO - encrypting key [fc3.weight].length : 840, cost time : 0m:6s:629ms
2024-11-19 17:13:06,662 - fed_utils - INFO - encrypting key [fc3.bias].length : 10, cost time : 0m:0s:79ms
2024-11-19 17:13:06,663 - fl_main - INFO - Server receive client_dict[f_00000] info ...
2024-11-19 17:13:06,663 - fl_main - INFO - ----- client id [f_00001] -----
2024-11-19 17:13:06,664 - fed_utils - INFO - init global model cost time : 0m:0s:0ms
2024-11-19 17:13:06,665 - client_base - INFO - recover model cost time : 0m:0s:0ms
2024-11-19 17:13:06,665 - fl_main - INFO - client_dict[f_00001] training ...
2024-11-19 17:13:06,665 - client_base - INFO - client_dict[f_00001] training epoch : 0
2024-11-19 17:13:07,457 - client_base - INFO - local model train cost time : 0m:0s:791ms
2024-11-19 17:13:07,459 - client_base - INFO - model encode time : 0m:0s:1ms
2024-11-19 17:13:07,459 - fl_main - INFO - client_dict[f_00001] local model encrypting ...
2024-11-19 17:13:08,642 - fed_utils - INFO - encrypting key [conv1.weight].length : 150, cost time : 0m:1s:183ms
2024-11-19 17:13:08,690 - fed_utils - INFO - encrypting key [conv1.bias].length : 6, cost time : 0m:0s:47ms
2024-11-19 17:13:08,690 - fed_utils - INFO - load key [conv2.weight].length : 2400, cost time : 0m:0s:0ms
2024-11-19 17:13:08,690 - fed_utils - INFO - load key [conv2.bias].length : 16, cost time : 0m:0s:0ms
2024-11-19 17:13:08,691 - fed_utils - INFO - load key [fc1.weight].length : 48000, cost time : 0m:0s:0ms
2024-11-19 17:13:08,691 - fed_utils - INFO - load key [fc1.bias].length : 120, cost time : 0m:0s:0ms
2024-11-19 17:13:08,691 - fed_utils - INFO - load key [fc2.weight].length : 10080, cost time : 0m:0s:0ms
2024-11-19 17:13:08,691 - fed_utils - INFO - load key [fc2.bias].length : 84, cost time : 0m:0s:0ms
2024-11-19 17:13:15,445 - fed_utils - INFO - encrypting key [fc3.weight].length : 840, cost time : 0m:6s:754ms
2024-11-19 17:13:15,525 - fed_utils - INFO - encrypting key [fc3.bias].length : 10, cost time : 0m:0s:79ms
2024-11-19 17:13:15,525 - fl_main - INFO - Server receive client_dict[f_00001] info ...
2024-11-19 17:13:15,525 - fl_main - INFO - ----- client id [f_00002] -----
2024-11-19 17:13:15,526 - fed_utils - INFO - init global model cost time : 0m:0s:0ms
2024-11-19 17:13:15,526 - client_base - INFO - recover model cost time : 0m:0s:0ms
2024-11-19 17:13:16,361 - fl_main - INFO - global round [29] client_dict[f_00002].accuracy : 0.981400
2024-11-19 17:13:16,361 - fl_main - INFO - client_dict[f_00002] training ...
2024-11-19 17:13:16,362 - client_base - INFO - client_dict[f_00002] training epoch : 0
2024-11-19 17:13:17,127 - client_base - INFO - local model train cost time : 0m:0s:765ms
2024-11-19 17:13:17,129 - client_base - INFO - model encode time : 0m:0s:1ms
2024-11-19 17:13:17,129 - fl_main - INFO - client_dict[f_00002] local model encrypting ...
2024-11-19 17:13:18,314 - fed_utils - INFO - encrypting key [conv1.weight].length : 150, cost time : 0m:1s:185ms
2024-11-19 17:13:18,362 - fed_utils - INFO - encrypting key [conv1.bias].length : 6, cost time : 0m:0s:47ms
2024-11-19 17:13:18,362 - fed_utils - INFO - load key [conv2.weight].length : 2400, cost time : 0m:0s:0ms
2024-11-19 17:13:18,362 - fed_utils - INFO - load key [conv2.bias].length : 16, cost time : 0m:0s:0ms
2024-11-19 17:13:18,363 - fed_utils - INFO - load key [fc1.weight].length : 48000, cost time : 0m:0s:0ms
2024-11-19 17:13:18,363 - fed_utils - INFO - load key [fc1.bias].length : 120, cost time : 0m:0s:0ms
2024-11-19 17:13:18,364 - fed_utils - INFO - load key [fc2.weight].length : 10080, cost time : 0m:0s:0ms
2024-11-19 17:13:18,364 - fed_utils - INFO - load key [fc2.bias].length : 84, cost time : 0m:0s:0ms
2024-11-19 17:13:24,985 - fed_utils - INFO - encrypting key [fc3.weight].length : 840, cost time : 0m:6s:621ms
2024-11-19 17:13:25,064 - fed_utils - INFO - encrypting key [fc3.bias].length : 10, cost time : 0m:0s:79ms
2024-11-19 17:13:25,065 - fl_main - INFO - Server receive client_dict[f_00002] info ...
2024-11-19 17:13:25,065 - fl_main - INFO - ----- client id [f_00003] -----
2024-11-19 17:13:25,066 - fed_utils - INFO - init global model cost time : 0m:0s:0ms
2024-11-19 17:13:25,066 - client_base - INFO - recover model cost time : 0m:0s:0ms
2024-11-19 17:13:25,066 - fl_main - INFO - client_dict[f_00003] training ...
2024-11-19 17:13:25,067 - client_base - INFO - client_dict[f_00003] training epoch : 0
2024-11-19 17:13:25,839 - client_base - INFO - local model train cost time : 0m:0s:772ms
2024-11-19 17:13:25,841 - client_base - INFO - model encode time : 0m:0s:1ms
2024-11-19 17:13:25,841 - fl_main - INFO - client_dict[f_00003] local model encrypting ...
2024-11-19 17:13:27,025 - fed_utils - INFO - encrypting key [conv1.weight].length : 150, cost time : 0m:1s:183ms
2024-11-19 17:13:27,072 - fed_utils - INFO - encrypting key [conv1.bias].length : 6, cost time : 0m:0s:47ms
2024-11-19 17:13:27,072 - fed_utils - INFO - load key [conv2.weight].length : 2400, cost time : 0m:0s:0ms
2024-11-19 17:13:27,072 - fed_utils - INFO - load key [conv2.bias].length : 16, cost time : 0m:0s:0ms
2024-11-19 17:13:27,073 - fed_utils - INFO - load key [fc1.weight].length : 48000, cost time : 0m:0s:0ms
2024-11-19 17:13:27,074 - fed_utils - INFO - load key [fc1.bias].length : 120, cost time : 0m:0s:0ms
2024-11-19 17:13:27,074 - fed_utils - INFO - load key [fc2.weight].length : 10080, cost time : 0m:0s:0ms
2024-11-19 17:13:27,074 - fed_utils - INFO - load key [fc2.bias].length : 84, cost time : 0m:0s:0ms
2024-11-19 17:13:33,845 - fed_utils - INFO - encrypting key [fc3.weight].length : 840, cost time : 0m:6s:771ms
2024-11-19 17:13:33,924 - fed_utils - INFO - encrypting key [fc3.bias].length : 10, cost time : 0m:0s:79ms
2024-11-19 17:13:33,925 - fl_main - INFO - Server receive client_dict[f_00003] info ...
2024-11-19 17:13:33,925 - fl_main - INFO - ----- client id [f_00004] -----
2024-11-19 17:13:33,925 - fed_utils - INFO - init global model cost time : 0m:0s:0ms
2024-11-19 17:13:33,926 - client_base - INFO - recover model cost time : 0m:0s:0ms
2024-11-19 17:13:33,926 - fl_main - INFO - client_dict[f_00004] training ...
2024-11-19 17:13:33,927 - client_base - INFO - client_dict[f_00004] training epoch : 0
2024-11-19 17:13:34,713 - client_base - INFO - local model train cost time : 0m:0s:786ms
2024-11-19 17:13:34,715 - client_base - INFO - model encode time : 0m:0s:1ms
2024-11-19 17:13:34,715 - fl_main - INFO - client_dict[f_00004] local model encrypting ...
2024-11-19 17:13:35,899 - fed_utils - INFO - encrypting key [conv1.weight].length : 150, cost time : 0m:1s:184ms
2024-11-19 17:13:35,947 - fed_utils - INFO - encrypting key [conv1.bias].length : 6, cost time : 0m:0s:47ms
2024-11-19 17:13:35,947 - fed_utils - INFO - load key [conv2.weight].length : 2400, cost time : 0m:0s:0ms
2024-11-19 17:13:35,947 - fed_utils - INFO - load key [conv2.bias].length : 16, cost time : 0m:0s:0ms
2024-11-19 17:13:35,948 - fed_utils - INFO - load key [fc1.weight].length : 48000, cost time : 0m:0s:0ms
2024-11-19 17:13:35,948 - fed_utils - INFO - load key [fc1.bias].length : 120, cost time : 0m:0s:0ms
2024-11-19 17:13:35,948 - fed_utils - INFO - load key [fc2.weight].length : 10080, cost time : 0m:0s:0ms
2024-11-19 17:13:35,948 - fed_utils - INFO - load key [fc2.bias].length : 84, cost time : 0m:0s:0ms
2024-11-19 17:13:42,722 - fed_utils - INFO - encrypting key [fc3.weight].length : 840, cost time : 0m:6s:773ms
2024-11-19 17:13:42,801 - fed_utils - INFO - encrypting key [fc3.bias].length : 10, cost time : 0m:0s:79ms
2024-11-19 17:13:42,801 - fl_main - INFO - Server receive client_dict[f_00004] info ...
2024-11-19 17:13:42,802 - fl_main - INFO - global aggregation process ...
2024-11-19 17:13:42,802 - fed_utils - INFO - server.n_data : 60000
2024-11-19 17:13:42,802 - fed_utils - INFO - client_dict[f_00000].weight : 0.200000
2024-11-19 17:13:42,802 - fed_utils - INFO - client_dict[f_00001].weight : 0.200000
2024-11-19 17:13:42,802 - fed_utils - INFO - client_dict[f_00002].weight : 0.200000
2024-11-19 17:13:42,802 - fed_utils - INFO - client_dict[f_00003].weight : 0.200000
2024-11-19 17:13:42,802 - fed_utils - INFO - client_dict[f_00004].weight : 0.200000
2024-11-19 17:13:42,802 - fed_utils - INFO - recover secret number by clients: 3157279.000000
2024-11-19 17:13:42,802 - server_base - INFO - Server aggregate model with homomorphic encryption ...
2024-11-19 17:13:44,239 - server_base - INFO - Server aggregate model done, cost time : 0m:1s:436ms
2024-11-19 17:13:44,580 - fed_utils - INFO - decrypting key [conv1.weight].shape [torch.Size([6, 1, 5, 5])]
2024-11-19 17:13:44,594 - fed_utils - INFO - decrypting key [conv1.bias].shape [torch.Size([6])]
2024-11-19 17:13:44,594 - fed_utils - INFO - decrypting key [conv2.weight].shape [torch.Size([16, 6, 5, 5])]
2024-11-19 17:13:44,594 - fed_utils - INFO - decrypting key [conv2.bias].shape [torch.Size([16])]
2024-11-19 17:13:44,595 - fed_utils - INFO - decrypting key [fc1.weight].shape [torch.Size([120, 400])]
2024-11-19 17:13:44,595 - fed_utils - INFO - decrypting key [fc1.bias].shape [torch.Size([120])]
2024-11-19 17:13:44,595 - fed_utils - INFO - decrypting key [fc2.weight].shape [torch.Size([84, 120])]
2024-11-19 17:13:44,595 - fed_utils - INFO - decrypting key [fc2.bias].shape [torch.Size([84])]
2024-11-19 17:13:46,508 - fed_utils - INFO - decrypting key [fc3.weight].shape [torch.Size([10, 84])]
2024-11-19 17:13:46,531 - fed_utils - INFO - decrypting key [fc3.bias].shape [torch.Size([10])]
2024-11-19 17:13:46,531 - fed_utils - INFO - decrypt time : [0m:2s:292ms]
2024-11-19 17:13:46,533 - fl_main - INFO - [global round : 29] aggregated model accuracy : 0.9814
2024-11-19 17:13:46,534 - fl_main - INFO - [global round : 29] aggregated model loss : 0.05177240188412426
2024-11-19 17:13:46,534 - fl_main - INFO - global round : 30
2024-11-19 17:13:46,535 - fl_main - INFO - the random client id to test accuracy : f_00004
2024-11-19 17:13:46,535 - fl_main - INFO - ----- client id [f_00000] -----
2024-11-19 17:13:46,535 - fed_utils - INFO - init global model cost time : 0m:0s:0ms
2024-11-19 17:13:46,536 - client_base - INFO - recover model cost time : 0m:0s:0ms
2024-11-19 17:13:46,536 - fl_main - INFO - client_dict[f_00000] training ...
2024-11-19 17:13:46,537 - client_base - INFO - client_dict[f_00000] training epoch : 0
2024-11-19 17:13:47,306 - client_base - INFO - local model train cost time : 0m:0s:769ms
2024-11-19 17:13:47,308 - client_base - INFO - model encode time : 0m:0s:1ms
2024-11-19 17:13:47,308 - fl_main - INFO - client_dict[f_00000] local model encrypting ...
2024-11-19 17:13:48,490 - fed_utils - INFO - encrypting key [conv1.weight].length : 150, cost time : 0m:1s:181ms
2024-11-19 17:13:48,538 - fed_utils - INFO - encrypting key [conv1.bias].length : 6, cost time : 0m:0s:47ms
2024-11-19 17:13:48,538 - fed_utils - INFO - load key [conv2.weight].length : 2400, cost time : 0m:0s:0ms
2024-11-19 17:13:48,538 - fed_utils - INFO - load key [conv2.bias].length : 16, cost time : 0m:0s:0ms
2024-11-19 17:13:48,539 - fed_utils - INFO - load key [fc1.weight].length : 48000, cost time : 0m:0s:0ms
2024-11-19 17:13:48,539 - fed_utils - INFO - load key [fc1.bias].length : 120, cost time : 0m:0s:0ms
2024-11-19 17:13:48,539 - fed_utils - INFO - load key [fc2.weight].length : 10080, cost time : 0m:0s:0ms
2024-11-19 17:13:48,540 - fed_utils - INFO - load key [fc2.bias].length : 84, cost time : 0m:0s:0ms
2024-11-19 17:13:55,162 - fed_utils - INFO - encrypting key [fc3.weight].length : 840, cost time : 0m:6s:622ms
2024-11-19 17:13:55,241 - fed_utils - INFO - encrypting key [fc3.bias].length : 10, cost time : 0m:0s:79ms
2024-11-19 17:13:55,242 - fl_main - INFO - Server receive client_dict[f_00000] info ...
2024-11-19 17:13:55,242 - fl_main - INFO - ----- client id [f_00001] -----
2024-11-19 17:13:55,243 - fed_utils - INFO - init global model cost time : 0m:0s:0ms
2024-11-19 17:13:55,243 - client_base - INFO - recover model cost time : 0m:0s:0ms
2024-11-19 17:13:55,243 - fl_main - INFO - client_dict[f_00001] training ...
2024-11-19 17:13:55,244 - client_base - INFO - client_dict[f_00001] training epoch : 0
2024-11-19 17:13:56,020 - client_base - INFO - local model train cost time : 0m:0s:776ms
2024-11-19 17:13:56,022 - client_base - INFO - model encode time : 0m:0s:1ms
2024-11-19 17:13:56,022 - fl_main - INFO - client_dict[f_00001] local model encrypting ...
2024-11-19 17:13:57,221 - fed_utils - INFO - encrypting key [conv1.weight].length : 150, cost time : 0m:1s:198ms
2024-11-19 17:13:57,304 - fed_utils - INFO - encrypting key [conv1.bias].length : 6, cost time : 0m:0s:83ms
2024-11-19 17:13:57,304 - fed_utils - INFO - load key [conv2.weight].length : 2400, cost time : 0m:0s:0ms
2024-11-19 17:13:57,304 - fed_utils - INFO - load key [conv2.bias].length : 16, cost time : 0m:0s:0ms
2024-11-19 17:13:57,306 - fed_utils - INFO - load key [fc1.weight].length : 48000, cost time : 0m:0s:1ms
2024-11-19 17:13:57,306 - fed_utils - INFO - load key [fc1.bias].length : 120, cost time : 0m:0s:0ms
2024-11-19 17:13:57,306 - fed_utils - INFO - load key [fc2.weight].length : 10080, cost time : 0m:0s:0ms
2024-11-19 17:13:57,306 - fed_utils - INFO - load key [fc2.bias].length : 84, cost time : 0m:0s:0ms
2024-11-19 17:14:04,020 - fed_utils - INFO - encrypting key [fc3.weight].length : 840, cost time : 0m:6s:713ms
2024-11-19 17:14:04,099 - fed_utils - INFO - encrypting key [fc3.bias].length : 10, cost time : 0m:0s:79ms
2024-11-19 17:14:04,099 - fl_main - INFO - Server receive client_dict[f_00001] info ...
2024-11-19 17:14:04,099 - fl_main - INFO - ----- client id [f_00002] -----
2024-11-19 17:14:04,100 - fed_utils - INFO - init global model cost time : 0m:0s:0ms
2024-11-19 17:14:04,100 - client_base - INFO - recover model cost time : 0m:0s:0ms
2024-11-19 17:14:04,101 - fl_main - INFO - client_dict[f_00002] training ...
2024-11-19 17:14:04,101 - client_base - INFO - client_dict[f_00002] training epoch : 0
2024-11-19 17:14:04,869 - client_base - INFO - local model train cost time : 0m:0s:767ms
2024-11-19 17:14:04,870 - client_base - INFO - model encode time : 0m:0s:1ms
2024-11-19 17:14:04,870 - fl_main - INFO - client_dict[f_00002] local model encrypting ...
2024-11-19 17:14:06,057 - fed_utils - INFO - encrypting key [conv1.weight].length : 150, cost time : 0m:1s:186ms
2024-11-19 17:14:06,105 - fed_utils - INFO - encrypting key [conv1.bias].length : 6, cost time : 0m:0s:47ms
2024-11-19 17:14:06,105 - fed_utils - INFO - load key [conv2.weight].length : 2400, cost time : 0m:0s:0ms
2024-11-19 17:14:06,105 - fed_utils - INFO - load key [conv2.bias].length : 16, cost time : 0m:0s:0ms
2024-11-19 17:14:06,106 - fed_utils - INFO - load key [fc1.weight].length : 48000, cost time : 0m:0s:0ms
2024-11-19 17:14:06,106 - fed_utils - INFO - load key [fc1.bias].length : 120, cost time : 0m:0s:0ms
2024-11-19 17:14:06,106 - fed_utils - INFO - load key [fc2.weight].length : 10080, cost time : 0m:0s:0ms
2024-11-19 17:14:06,106 - fed_utils - INFO - load key [fc2.bias].length : 84, cost time : 0m:0s:0ms
2024-11-19 17:14:12,872 - fed_utils - INFO - encrypting key [fc3.weight].length : 840, cost time : 0m:6s:765ms
2024-11-19 17:14:12,951 - fed_utils - INFO - encrypting key [fc3.bias].length : 10, cost time : 0m:0s:79ms
2024-11-19 17:14:12,951 - fl_main - INFO - Server receive client_dict[f_00002] info ...
2024-11-19 17:14:12,952 - fl_main - INFO - ----- client id [f_00003] -----
2024-11-19 17:14:12,952 - fed_utils - INFO - init global model cost time : 0m:0s:0ms
2024-11-19 17:14:12,953 - client_base - INFO - recover model cost time : 0m:0s:0ms
2024-11-19 17:14:12,953 - fl_main - INFO - client_dict[f_00003] training ...
2024-11-19 17:14:12,954 - client_base - INFO - client_dict[f_00003] training epoch : 0
2024-11-19 17:14:13,716 - client_base - INFO - local model train cost time : 0m:0s:761ms
2024-11-19 17:14:13,717 - client_base - INFO - model encode time : 0m:0s:1ms
2024-11-19 17:14:13,717 - fl_main - INFO - client_dict[f_00003] local model encrypting ...
2024-11-19 17:14:14,901 - fed_utils - INFO - encrypting key [conv1.weight].length : 150, cost time : 0m:1s:183ms
2024-11-19 17:14:14,949 - fed_utils - INFO - encrypting key [conv1.bias].length : 6, cost time : 0m:0s:47ms
2024-11-19 17:14:14,949 - fed_utils - INFO - load key [conv2.weight].length : 2400, cost time : 0m:0s:0ms
2024-11-19 17:14:14,949 - fed_utils - INFO - load key [conv2.bias].length : 16, cost time : 0m:0s:0ms
2024-11-19 17:14:14,950 - fed_utils - INFO - load key [fc1.weight].length : 48000, cost time : 0m:0s:0ms
2024-11-19 17:14:14,950 - fed_utils - INFO - load key [fc1.bias].length : 120, cost time : 0m:0s:0ms
2024-11-19 17:14:14,950 - fed_utils - INFO - load key [fc2.weight].length : 10080, cost time : 0m:0s:0ms
2024-11-19 17:14:14,950 - fed_utils - INFO - load key [fc2.bias].length : 84, cost time : 0m:0s:0ms
2024-11-19 17:14:21,574 - fed_utils - INFO - encrypting key [fc3.weight].length : 840, cost time : 0m:6s:623ms
2024-11-19 17:14:21,653 - fed_utils - INFO - encrypting key [fc3.bias].length : 10, cost time : 0m:0s:79ms
2024-11-19 17:14:21,653 - fl_main - INFO - Server receive client_dict[f_00003] info ...
2024-11-19 17:14:21,653 - fl_main - INFO - ----- client id [f_00004] -----
2024-11-19 17:14:21,654 - fed_utils - INFO - init global model cost time : 0m:0s:0ms
2024-11-19 17:14:21,654 - client_base - INFO - recover model cost time : 0m:0s:0ms
2024-11-19 17:14:22,488 - fl_main - INFO - global round [30] client_dict[f_00004].accuracy : 0.981600
2024-11-19 17:14:22,488 - fl_main - INFO - client_dict[f_00004] training ...
2024-11-19 17:14:22,489 - client_base - INFO - client_dict[f_00004] training epoch : 0
2024-11-19 17:14:23,258 - client_base - INFO - local model train cost time : 0m:0s:769ms
2024-11-19 17:14:23,260 - client_base - INFO - model encode time : 0m:0s:1ms
2024-11-19 17:14:23,260 - fl_main - INFO - client_dict[f_00004] local model encrypting ...
2024-11-19 17:14:24,447 - fed_utils - INFO - encrypting key [conv1.weight].length : 150, cost time : 0m:1s:186ms
2024-11-19 17:14:24,494 - fed_utils - INFO - encrypting key [conv1.bias].length : 6, cost time : 0m:0s:47ms
2024-11-19 17:14:24,495 - fed_utils - INFO - load key [conv2.weight].length : 2400, cost time : 0m:0s:0ms
2024-11-19 17:14:24,495 - fed_utils - INFO - load key [conv2.bias].length : 16, cost time : 0m:0s:0ms
2024-11-19 17:14:24,496 - fed_utils - INFO - load key [fc1.weight].length : 48000, cost time : 0m:0s:0ms
2024-11-19 17:14:24,496 - fed_utils - INFO - load key [fc1.bias].length : 120, cost time : 0m:0s:0ms
2024-11-19 17:14:24,496 - fed_utils - INFO - load key [fc2.weight].length : 10080, cost time : 0m:0s:0ms
2024-11-19 17:14:24,496 - fed_utils - INFO - load key [fc2.bias].length : 84, cost time : 0m:0s:0ms
2024-11-19 17:14:31,264 - fed_utils - INFO - encrypting key [fc3.weight].length : 840, cost time : 0m:6s:768ms
2024-11-19 17:14:31,343 - fed_utils - INFO - encrypting key [fc3.bias].length : 10, cost time : 0m:0s:79ms
2024-11-19 17:14:31,343 - fl_main - INFO - Server receive client_dict[f_00004] info ...
2024-11-19 17:14:31,344 - fl_main - INFO - global aggregation process ...
2024-11-19 17:14:31,344 - fed_utils - INFO - server.n_data : 60000
2024-11-19 17:14:31,344 - fed_utils - INFO - client_dict[f_00000].weight : 0.200000
2024-11-19 17:14:31,344 - fed_utils - INFO - client_dict[f_00001].weight : 0.200000
2024-11-19 17:14:31,344 - fed_utils - INFO - client_dict[f_00002].weight : 0.200000
2024-11-19 17:14:31,344 - fed_utils - INFO - client_dict[f_00003].weight : 0.200000
2024-11-19 17:14:31,344 - fed_utils - INFO - client_dict[f_00004].weight : 0.200000
2024-11-19 17:14:31,344 - fed_utils - INFO - recover secret number by clients: 3157279.000000
2024-11-19 17:14:31,344 - server_base - INFO - Server aggregate model with homomorphic encryption ...
2024-11-19 17:14:32,803 - server_base - INFO - Server aggregate model done, cost time : 0m:1s:459ms
2024-11-19 17:14:33,145 - fed_utils - INFO - decrypting key [conv1.weight].shape [torch.Size([6, 1, 5, 5])]
2024-11-19 17:14:33,159 - fed_utils - INFO - decrypting key [conv1.bias].shape [torch.Size([6])]
2024-11-19 17:14:33,159 - fed_utils - INFO - decrypting key [conv2.weight].shape [torch.Size([16, 6, 5, 5])]
2024-11-19 17:14:33,159 - fed_utils - INFO - decrypting key [conv2.bias].shape [torch.Size([16])]
2024-11-19 17:14:33,159 - fed_utils - INFO - decrypting key [fc1.weight].shape [torch.Size([120, 400])]
2024-11-19 17:14:33,159 - fed_utils - INFO - decrypting key [fc1.bias].shape [torch.Size([120])]
2024-11-19 17:14:33,159 - fed_utils - INFO - decrypting key [fc2.weight].shape [torch.Size([84, 120])]
2024-11-19 17:14:33,159 - fed_utils - INFO - decrypting key [fc2.bias].shape [torch.Size([84])]
2024-11-19 17:14:35,072 - fed_utils - INFO - decrypting key [fc3.weight].shape [torch.Size([10, 84])]
2024-11-19 17:14:35,094 - fed_utils - INFO - decrypting key [fc3.bias].shape [torch.Size([10])]
2024-11-19 17:14:35,094 - fed_utils - INFO - decrypt time : [0m:2s:290ms]
2024-11-19 17:14:35,097 - fl_main - INFO - [global round : 30] aggregated model accuracy : 0.9816
2024-11-19 17:14:35,097 - fl_main - INFO - [global round : 30] aggregated model loss : 0.1007470848927574
2024-11-19 17:14:35,098 - fl_main - INFO - global round : 31
2024-11-19 17:14:35,098 - fl_main - INFO - the random client id to test accuracy : f_00002
2024-11-19 17:14:35,098 - fl_main - INFO - ----- client id [f_00000] -----
2024-11-19 17:14:35,099 - fed_utils - INFO - init global model cost time : 0m:0s:0ms
2024-11-19 17:14:35,099 - client_base - INFO - recover model cost time : 0m:0s:0ms
2024-11-19 17:14:35,099 - fl_main - INFO - client_dict[f_00000] training ...
2024-11-19 17:14:35,100 - client_base - INFO - client_dict[f_00000] training epoch : 0
2024-11-19 17:14:35,890 - client_base - INFO - local model train cost time : 0m:0s:790ms
2024-11-19 17:14:35,892 - client_base - INFO - model encode time : 0m:0s:1ms
2024-11-19 17:14:35,892 - fl_main - INFO - client_dict[f_00000] local model encrypting ...
2024-11-19 17:14:37,074 - fed_utils - INFO - encrypting key [conv1.weight].length : 150, cost time : 0m:1s:182ms
2024-11-19 17:14:37,122 - fed_utils - INFO - encrypting key [conv1.bias].length : 6, cost time : 0m:0s:47ms
2024-11-19 17:14:37,122 - fed_utils - INFO - load key [conv2.weight].length : 2400, cost time : 0m:0s:0ms
2024-11-19 17:14:37,122 - fed_utils - INFO - load key [conv2.bias].length : 16, cost time : 0m:0s:0ms
2024-11-19 17:14:37,123 - fed_utils - INFO - load key [fc1.weight].length : 48000, cost time : 0m:0s:0ms
2024-11-19 17:14:37,123 - fed_utils - INFO - load key [fc1.bias].length : 120, cost time : 0m:0s:0ms
2024-11-19 17:14:37,124 - fed_utils - INFO - load key [fc2.weight].length : 10080, cost time : 0m:0s:0ms
2024-11-19 17:14:37,124 - fed_utils - INFO - load key [fc2.bias].length : 84, cost time : 0m:0s:0ms
2024-11-19 17:14:43,880 - fed_utils - INFO - encrypting key [fc3.weight].length : 840, cost time : 0m:6s:756ms
2024-11-19 17:14:43,959 - fed_utils - INFO - encrypting key [fc3.bias].length : 10, cost time : 0m:0s:79ms
2024-11-19 17:14:43,960 - fl_main - INFO - Server receive client_dict[f_00000] info ...
2024-11-19 17:14:43,960 - fl_main - INFO - ----- client id [f_00001] -----
2024-11-19 17:14:43,961 - fed_utils - INFO - init global model cost time : 0m:0s:0ms
2024-11-19 17:14:43,961 - client_base - INFO - recover model cost time : 0m:0s:0ms
2024-11-19 17:14:43,962 - fl_main - INFO - client_dict[f_00001] training ...
2024-11-19 17:14:43,962 - client_base - INFO - client_dict[f_00001] training epoch : 0
2024-11-19 17:14:44,743 - client_base - INFO - local model train cost time : 0m:0s:780ms
2024-11-19 17:14:44,744 - client_base - INFO - model encode time : 0m:0s:1ms
2024-11-19 17:14:44,745 - fl_main - INFO - client_dict[f_00001] local model encrypting ...
2024-11-19 17:14:45,931 - fed_utils - INFO - encrypting key [conv1.weight].length : 150, cost time : 0m:1s:186ms
2024-11-19 17:14:45,979 - fed_utils - INFO - encrypting key [conv1.bias].length : 6, cost time : 0m:0s:47ms
2024-11-19 17:14:45,979 - fed_utils - INFO - load key [conv2.weight].length : 2400, cost time : 0m:0s:0ms
2024-11-19 17:14:45,979 - fed_utils - INFO - load key [conv2.bias].length : 16, cost time : 0m:0s:0ms
2024-11-19 17:14:45,980 - fed_utils - INFO - load key [fc1.weight].length : 48000, cost time : 0m:0s:0ms
2024-11-19 17:14:45,980 - fed_utils - INFO - load key [fc1.bias].length : 120, cost time : 0m:0s:0ms
2024-11-19 17:14:45,980 - fed_utils - INFO - load key [fc2.weight].length : 10080, cost time : 0m:0s:0ms
2024-11-19 17:14:45,980 - fed_utils - INFO - load key [fc2.bias].length : 84, cost time : 0m:0s:0ms
2024-11-19 17:14:52,621 - fed_utils - INFO - encrypting key [fc3.weight].length : 840, cost time : 0m:6s:640ms
2024-11-19 17:14:52,700 - fed_utils - INFO - encrypting key [fc3.bias].length : 10, cost time : 0m:0s:79ms
2024-11-19 17:14:52,700 - fl_main - INFO - Server receive client_dict[f_00001] info ...
2024-11-19 17:14:52,700 - fl_main - INFO - ----- client id [f_00002] -----
2024-11-19 17:14:52,701 - fed_utils - INFO - init global model cost time : 0m:0s:0ms
2024-11-19 17:14:52,701 - client_base - INFO - recover model cost time : 0m:0s:0ms
2024-11-19 17:14:53,521 - fl_main - INFO - global round [31] client_dict[f_00002].accuracy : 0.982900
2024-11-19 17:14:53,521 - fl_main - INFO - client_dict[f_00002] training ...
2024-11-19 17:14:53,521 - client_base - INFO - client_dict[f_00002] training epoch : 0
2024-11-19 17:14:54,321 - client_base - INFO - local model train cost time : 0m:0s:799ms
2024-11-19 17:14:54,323 - client_base - INFO - model encode time : 0m:0s:1ms
2024-11-19 17:14:54,323 - fl_main - INFO - client_dict[f_00002] local model encrypting ...
2024-11-19 17:14:55,506 - fed_utils - INFO - encrypting key [conv1.weight].length : 150, cost time : 0m:1s:182ms
2024-11-19 17:14:55,553 - fed_utils - INFO - encrypting key [conv1.bias].length : 6, cost time : 0m:0s:47ms
2024-11-19 17:14:55,553 - fed_utils - INFO - load key [conv2.weight].length : 2400, cost time : 0m:0s:0ms
2024-11-19 17:14:55,554 - fed_utils - INFO - load key [conv2.bias].length : 16, cost time : 0m:0s:0ms
2024-11-19 17:14:55,554 - fed_utils - INFO - load key [fc1.weight].length : 48000, cost time : 0m:0s:0ms
2024-11-19 17:14:55,555 - fed_utils - INFO - load key [fc1.bias].length : 120, cost time : 0m:0s:0ms
2024-11-19 17:14:55,555 - fed_utils - INFO - load key [fc2.weight].length : 10080, cost time : 0m:0s:0ms
2024-11-19 17:14:55,555 - fed_utils - INFO - load key [fc2.bias].length : 84, cost time : 0m:0s:0ms
2024-11-19 17:15:02,326 - fed_utils - INFO - encrypting key [fc3.weight].length : 840, cost time : 0m:6s:770ms
2024-11-19 17:15:02,405 - fed_utils - INFO - encrypting key [fc3.bias].length : 10, cost time : 0m:0s:79ms
2024-11-19 17:15:02,405 - fl_main - INFO - Server receive client_dict[f_00002] info ...
2024-11-19 17:15:02,405 - fl_main - INFO - ----- client id [f_00003] -----
2024-11-19 17:15:02,406 - fed_utils - INFO - init global model cost time : 0m:0s:0ms
2024-11-19 17:15:02,406 - client_base - INFO - recover model cost time : 0m:0s:0ms
2024-11-19 17:15:02,406 - fl_main - INFO - client_dict[f_00003] training ...
2024-11-19 17:15:02,407 - client_base - INFO - client_dict[f_00003] training epoch : 0
2024-11-19 17:15:03,197 - client_base - INFO - local model train cost time : 0m:0s:790ms
2024-11-19 17:15:03,199 - client_base - INFO - model encode time : 0m:0s:1ms
2024-11-19 17:15:03,199 - fl_main - INFO - client_dict[f_00003] local model encrypting ...
2024-11-19 17:15:04,382 - fed_utils - INFO - encrypting key [conv1.weight].length : 150, cost time : 0m:1s:183ms
2024-11-19 17:15:04,430 - fed_utils - INFO - encrypting key [conv1.bias].length : 6, cost time : 0m:0s:47ms
2024-11-19 17:15:04,430 - fed_utils - INFO - load key [conv2.weight].length : 2400, cost time : 0m:0s:0ms
2024-11-19 17:15:04,430 - fed_utils - INFO - load key [conv2.bias].length : 16, cost time : 0m:0s:0ms
2024-11-19 17:15:04,431 - fed_utils - INFO - load key [fc1.weight].length : 48000, cost time : 0m:0s:0ms
2024-11-19 17:15:04,431 - fed_utils - INFO - load key [fc1.bias].length : 120, cost time : 0m:0s:0ms
2024-11-19 17:15:04,431 - fed_utils - INFO - load key [fc2.weight].length : 10080, cost time : 0m:0s:0ms
2024-11-19 17:15:04,431 - fed_utils - INFO - load key [fc2.bias].length : 84, cost time : 0m:0s:0ms
2024-11-19 17:15:11,060 - fed_utils - INFO - encrypting key [fc3.weight].length : 840, cost time : 0m:6s:628ms
2024-11-19 17:15:11,139 - fed_utils - INFO - encrypting key [fc3.bias].length : 10, cost time : 0m:0s:79ms
2024-11-19 17:15:11,139 - fl_main - INFO - Server receive client_dict[f_00003] info ...
2024-11-19 17:15:11,140 - fl_main - INFO - ----- client id [f_00004] -----
2024-11-19 17:15:11,140 - fed_utils - INFO - init global model cost time : 0m:0s:0ms
2024-11-19 17:15:11,141 - client_base - INFO - recover model cost time : 0m:0s:0ms
2024-11-19 17:15:11,141 - fl_main - INFO - client_dict[f_00004] training ...
2024-11-19 17:15:11,141 - client_base - INFO - client_dict[f_00004] training epoch : 0
2024-11-19 17:15:11,910 - client_base - INFO - local model train cost time : 0m:0s:768ms
2024-11-19 17:15:11,911 - client_base - INFO - model encode time : 0m:0s:1ms
2024-11-19 17:15:11,911 - fl_main - INFO - client_dict[f_00004] local model encrypting ...
2024-11-19 17:15:13,225 - fed_utils - INFO - encrypting key [conv1.weight].length : 150, cost time : 0m:1s:313ms
2024-11-19 17:15:13,273 - fed_utils - INFO - encrypting key [conv1.bias].length : 6, cost time : 0m:0s:47ms
2024-11-19 17:15:13,273 - fed_utils - INFO - load key [conv2.weight].length : 2400, cost time : 0m:0s:0ms
2024-11-19 17:15:13,273 - fed_utils - INFO - load key [conv2.bias].length : 16, cost time : 0m:0s:0ms
2024-11-19 17:15:13,274 - fed_utils - INFO - load key [fc1.weight].length : 48000, cost time : 0m:0s:0ms
2024-11-19 17:15:13,274 - fed_utils - INFO - load key [fc1.bias].length : 120, cost time : 0m:0s:0ms
2024-11-19 17:15:13,274 - fed_utils - INFO - load key [fc2.weight].length : 10080, cost time : 0m:0s:0ms
2024-11-19 17:15:13,274 - fed_utils - INFO - load key [fc2.bias].length : 84, cost time : 0m:0s:0ms
2024-11-19 17:15:19,914 - fed_utils - INFO - encrypting key [fc3.weight].length : 840, cost time : 0m:6s:639ms
2024-11-19 17:15:19,993 - fed_utils - INFO - encrypting key [fc3.bias].length : 10, cost time : 0m:0s:79ms
2024-11-19 17:15:19,993 - fl_main - INFO - Server receive client_dict[f_00004] info ...
2024-11-19 17:15:19,993 - fl_main - INFO - global aggregation process ...
2024-11-19 17:15:19,994 - fed_utils - INFO - server.n_data : 60000
2024-11-19 17:15:19,994 - fed_utils - INFO - client_dict[f_00000].weight : 0.200000
2024-11-19 17:15:19,994 - fed_utils - INFO - client_dict[f_00001].weight : 0.200000
2024-11-19 17:15:19,994 - fed_utils - INFO - client_dict[f_00002].weight : 0.200000
2024-11-19 17:15:19,994 - fed_utils - INFO - client_dict[f_00003].weight : 0.200000
2024-11-19 17:15:19,994 - fed_utils - INFO - client_dict[f_00004].weight : 0.200000
2024-11-19 17:15:19,994 - fed_utils - INFO - recover secret number by clients: 3157279.000000
2024-11-19 17:15:19,994 - server_base - INFO - Server aggregate model with homomorphic encryption ...
2024-11-19 17:15:21,429 - server_base - INFO - Server aggregate model done, cost time : 0m:1s:435ms
2024-11-19 17:15:21,771 - fed_utils - INFO - decrypting key [conv1.weight].shape [torch.Size([6, 1, 5, 5])]
2024-11-19 17:15:21,785 - fed_utils - INFO - decrypting key [conv1.bias].shape [torch.Size([6])]
2024-11-19 17:15:21,785 - fed_utils - INFO - decrypting key [conv2.weight].shape [torch.Size([16, 6, 5, 5])]
2024-11-19 17:15:21,785 - fed_utils - INFO - decrypting key [conv2.bias].shape [torch.Size([16])]
2024-11-19 17:15:21,785 - fed_utils - INFO - decrypting key [fc1.weight].shape [torch.Size([120, 400])]
2024-11-19 17:15:21,785 - fed_utils - INFO - decrypting key [fc1.bias].shape [torch.Size([120])]
2024-11-19 17:15:21,785 - fed_utils - INFO - decrypting key [fc2.weight].shape [torch.Size([84, 120])]
2024-11-19 17:15:21,785 - fed_utils - INFO - decrypting key [fc2.bias].shape [torch.Size([84])]
2024-11-19 17:15:23,697 - fed_utils - INFO - decrypting key [fc3.weight].shape [torch.Size([10, 84])]
2024-11-19 17:15:23,720 - fed_utils - INFO - decrypting key [fc3.bias].shape [torch.Size([10])]
2024-11-19 17:15:23,720 - fed_utils - INFO - decrypt time : [0m:2s:290ms]
2024-11-19 17:15:23,722 - fl_main - INFO - [global round : 31] aggregated model accuracy : 0.9829
2024-11-19 17:15:23,723 - fl_main - INFO - [global round : 31] aggregated model loss : 0.075459045695282
2024-11-19 17:15:23,723 - fl_main - INFO - global round : 32
2024-11-19 17:15:23,724 - fl_main - INFO - the random client id to test accuracy : f_00003
2024-11-19 17:15:23,724 - fl_main - INFO - ----- client id [f_00000] -----
2024-11-19 17:15:23,725 - fed_utils - INFO - init global model cost time : 0m:0s:0ms
2024-11-19 17:15:23,725 - client_base - INFO - recover model cost time : 0m:0s:0ms
2024-11-19 17:15:23,725 - fl_main - INFO - client_dict[f_00000] training ...
2024-11-19 17:15:23,726 - client_base - INFO - client_dict[f_00000] training epoch : 0
2024-11-19 17:15:24,496 - client_base - INFO - local model train cost time : 0m:0s:769ms
2024-11-19 17:15:24,497 - client_base - INFO - model encode time : 0m:0s:1ms
2024-11-19 17:15:24,497 - fl_main - INFO - client_dict[f_00000] local model encrypting ...
2024-11-19 17:15:25,681 - fed_utils - INFO - encrypting key [conv1.weight].length : 150, cost time : 0m:1s:183ms
2024-11-19 17:15:25,729 - fed_utils - INFO - encrypting key [conv1.bias].length : 6, cost time : 0m:0s:47ms
2024-11-19 17:15:25,729 - fed_utils - INFO - load key [conv2.weight].length : 2400, cost time : 0m:0s:0ms
2024-11-19 17:15:25,729 - fed_utils - INFO - load key [conv2.bias].length : 16, cost time : 0m:0s:0ms
2024-11-19 17:15:25,730 - fed_utils - INFO - load key [fc1.weight].length : 48000, cost time : 0m:0s:0ms
2024-11-19 17:15:25,730 - fed_utils - INFO - load key [fc1.bias].length : 120, cost time : 0m:0s:0ms
2024-11-19 17:15:25,730 - fed_utils - INFO - load key [fc2.weight].length : 10080, cost time : 0m:0s:0ms
2024-11-19 17:15:25,730 - fed_utils - INFO - load key [fc2.bias].length : 84, cost time : 0m:0s:0ms
2024-11-19 17:15:32,499 - fed_utils - INFO - encrypting key [fc3.weight].length : 840, cost time : 0m:6s:768ms
2024-11-19 17:15:32,578 - fed_utils - INFO - encrypting key [fc3.bias].length : 10, cost time : 0m:0s:79ms
2024-11-19 17:15:32,579 - fl_main - INFO - Server receive client_dict[f_00000] info ...
2024-11-19 17:15:32,579 - fl_main - INFO - ----- client id [f_00001] -----
2024-11-19 17:15:32,580 - fed_utils - INFO - init global model cost time : 0m:0s:0ms
2024-11-19 17:15:32,580 - client_base - INFO - recover model cost time : 0m:0s:0ms
2024-11-19 17:15:32,580 - fl_main - INFO - client_dict[f_00001] training ...
2024-11-19 17:15:32,581 - client_base - INFO - client_dict[f_00001] training epoch : 0
2024-11-19 17:15:33,350 - client_base - INFO - local model train cost time : 0m:0s:768ms
2024-11-19 17:15:33,351 - client_base - INFO - model encode time : 0m:0s:1ms
2024-11-19 17:15:33,352 - fl_main - INFO - client_dict[f_00001] local model encrypting ...
2024-11-19 17:15:34,535 - fed_utils - INFO - encrypting key [conv1.weight].length : 150, cost time : 0m:1s:182ms
2024-11-19 17:15:34,582 - fed_utils - INFO - encrypting key [conv1.bias].length : 6, cost time : 0m:0s:47ms
2024-11-19 17:15:34,583 - fed_utils - INFO - load key [conv2.weight].length : 2400, cost time : 0m:0s:0ms
2024-11-19 17:15:34,583 - fed_utils - INFO - load key [conv2.bias].length : 16, cost time : 0m:0s:0ms
2024-11-19 17:15:34,584 - fed_utils - INFO - load key [fc1.weight].length : 48000, cost time : 0m:0s:0ms
2024-11-19 17:15:34,584 - fed_utils - INFO - load key [fc1.bias].length : 120, cost time : 0m:0s:0ms
2024-11-19 17:15:34,584 - fed_utils - INFO - load key [fc2.weight].length : 10080, cost time : 0m:0s:0ms
2024-11-19 17:15:34,584 - fed_utils - INFO - load key [fc2.bias].length : 84, cost time : 0m:0s:0ms
2024-11-19 17:15:41,209 - fed_utils - INFO - encrypting key [fc3.weight].length : 840, cost time : 0m:6s:625ms
2024-11-19 17:15:41,289 - fed_utils - INFO - encrypting key [fc3.bias].length : 10, cost time : 0m:0s:79ms
2024-11-19 17:15:41,289 - fl_main - INFO - Server receive client_dict[f_00001] info ...
2024-11-19 17:15:41,289 - fl_main - INFO - ----- client id [f_00002] -----
2024-11-19 17:15:41,290 - fed_utils - INFO - init global model cost time : 0m:0s:0ms
2024-11-19 17:15:41,290 - client_base - INFO - recover model cost time : 0m:0s:0ms
2024-11-19 17:15:41,290 - fl_main - INFO - client_dict[f_00002] training ...
2024-11-19 17:15:41,291 - client_base - INFO - client_dict[f_00002] training epoch : 0
2024-11-19 17:15:42,076 - client_base - INFO - local model train cost time : 0m:0s:785ms
2024-11-19 17:15:42,077 - client_base - INFO - model encode time : 0m:0s:1ms
2024-11-19 17:15:42,078 - fl_main - INFO - client_dict[f_00002] local model encrypting ...
2024-11-19 17:15:43,418 - fed_utils - INFO - encrypting key [conv1.weight].length : 150, cost time : 0m:1s:340ms
2024-11-19 17:15:43,466 - fed_utils - INFO - encrypting key [conv1.bias].length : 6, cost time : 0m:0s:47ms
2024-11-19 17:15:43,466 - fed_utils - INFO - load key [conv2.weight].length : 2400, cost time : 0m:0s:0ms
2024-11-19 17:15:43,466 - fed_utils - INFO - load key [conv2.bias].length : 16, cost time : 0m:0s:0ms
2024-11-19 17:15:43,467 - fed_utils - INFO - load key [fc1.weight].length : 48000, cost time : 0m:0s:0ms
2024-11-19 17:15:43,467 - fed_utils - INFO - load key [fc1.bias].length : 120, cost time : 0m:0s:0ms
2024-11-19 17:15:43,467 - fed_utils - INFO - load key [fc2.weight].length : 10080, cost time : 0m:0s:0ms
2024-11-19 17:15:43,467 - fed_utils - INFO - load key [fc2.bias].length : 84, cost time : 0m:0s:0ms
2024-11-19 17:15:50,094 - fed_utils - INFO - encrypting key [fc3.weight].length : 840, cost time : 0m:6s:626ms
2024-11-19 17:15:50,174 - fed_utils - INFO - encrypting key [fc3.bias].length : 10, cost time : 0m:0s:79ms
2024-11-19 17:15:50,174 - fl_main - INFO - Server receive client_dict[f_00002] info ...
2024-11-19 17:15:50,174 - fl_main - INFO - ----- client id [f_00003] -----
2024-11-19 17:15:50,174 - fed_utils - INFO - init global model cost time : 0m:0s:0ms
2024-11-19 17:15:50,175 - client_base - INFO - recover model cost time : 0m:0s:0ms
2024-11-19 17:15:50,993 - fl_main - INFO - global round [32] client_dict[f_00003].accuracy : 0.983400
2024-11-19 17:15:50,993 - fl_main - INFO - client_dict[f_00003] training ...
2024-11-19 17:15:50,994 - client_base - INFO - client_dict[f_00003] training epoch : 0
2024-11-19 17:15:51,770 - client_base - INFO - local model train cost time : 0m:0s:776ms
2024-11-19 17:15:51,772 - client_base - INFO - model encode time : 0m:0s:1ms
2024-11-19 17:15:51,772 - fl_main - INFO - client_dict[f_00003] local model encrypting ...
2024-11-19 17:15:52,955 - fed_utils - INFO - encrypting key [conv1.weight].length : 150, cost time : 0m:1s:182ms
2024-11-19 17:15:53,002 - fed_utils - INFO - encrypting key [conv1.bias].length : 6, cost time : 0m:0s:47ms
2024-11-19 17:15:53,003 - fed_utils - INFO - load key [conv2.weight].length : 2400, cost time : 0m:0s:0ms
2024-11-19 17:15:53,003 - fed_utils - INFO - load key [conv2.bias].length : 16, cost time : 0m:0s:0ms
2024-11-19 17:15:53,004 - fed_utils - INFO - load key [fc1.weight].length : 48000, cost time : 0m:0s:0ms
2024-11-19 17:15:53,004 - fed_utils - INFO - load key [fc1.bias].length : 120, cost time : 0m:0s:0ms
2024-11-19 17:15:53,004 - fed_utils - INFO - load key [fc2.weight].length : 10080, cost time : 0m:0s:0ms
2024-11-19 17:15:53,004 - fed_utils - INFO - load key [fc2.bias].length : 84, cost time : 0m:0s:0ms
2024-11-19 17:15:59,773 - fed_utils - INFO - encrypting key [fc3.weight].length : 840, cost time : 0m:6s:768ms
2024-11-19 17:15:59,852 - fed_utils - INFO - encrypting key [fc3.bias].length : 10, cost time : 0m:0s:79ms
2024-11-19 17:15:59,852 - fl_main - INFO - Server receive client_dict[f_00003] info ...
2024-11-19 17:15:59,852 - fl_main - INFO - ----- client id [f_00004] -----
2024-11-19 17:15:59,853 - fed_utils - INFO - init global model cost time : 0m:0s:0ms
2024-11-19 17:15:59,854 - client_base - INFO - recover model cost time : 0m:0s:0ms
2024-11-19 17:15:59,854 - fl_main - INFO - client_dict[f_00004] training ...
2024-11-19 17:15:59,854 - client_base - INFO - client_dict[f_00004] training epoch : 0
2024-11-19 17:16:00,633 - client_base - INFO - local model train cost time : 0m:0s:778ms
2024-11-19 17:16:00,635 - client_base - INFO - model encode time : 0m:0s:1ms
2024-11-19 17:16:00,635 - fl_main - INFO - client_dict[f_00004] local model encrypting ...
2024-11-19 17:16:01,819 - fed_utils - INFO - encrypting key [conv1.weight].length : 150, cost time : 0m:1s:183ms
2024-11-19 17:16:01,867 - fed_utils - INFO - encrypting key [conv1.bias].length : 6, cost time : 0m:0s:47ms
2024-11-19 17:16:01,867 - fed_utils - INFO - load key [conv2.weight].length : 2400, cost time : 0m:0s:0ms
2024-11-19 17:16:01,867 - fed_utils - INFO - load key [conv2.bias].length : 16, cost time : 0m:0s:0ms
2024-11-19 17:16:01,868 - fed_utils - INFO - load key [fc1.weight].length : 48000, cost time : 0m:0s:0ms
2024-11-19 17:16:01,868 - fed_utils - INFO - load key [fc1.bias].length : 120, cost time : 0m:0s:0ms
2024-11-19 17:16:01,868 - fed_utils - INFO - load key [fc2.weight].length : 10080, cost time : 0m:0s:0ms
2024-11-19 17:16:01,868 - fed_utils - INFO - load key [fc2.bias].length : 84, cost time : 0m:0s:0ms
2024-11-19 17:16:08,490 - fed_utils - INFO - encrypting key [fc3.weight].length : 840, cost time : 0m:6s:621ms
2024-11-19 17:16:08,569 - fed_utils - INFO - encrypting key [fc3.bias].length : 10, cost time : 0m:0s:79ms
2024-11-19 17:16:08,569 - fl_main - INFO - Server receive client_dict[f_00004] info ...
2024-11-19 17:16:08,569 - fl_main - INFO - global aggregation process ...
2024-11-19 17:16:08,569 - fed_utils - INFO - server.n_data : 60000
2024-11-19 17:16:08,570 - fed_utils - INFO - client_dict[f_00000].weight : 0.200000
2024-11-19 17:16:08,570 - fed_utils - INFO - client_dict[f_00001].weight : 0.200000
2024-11-19 17:16:08,570 - fed_utils - INFO - client_dict[f_00002].weight : 0.200000
2024-11-19 17:16:08,570 - fed_utils - INFO - client_dict[f_00003].weight : 0.200000
2024-11-19 17:16:08,570 - fed_utils - INFO - client_dict[f_00004].weight : 0.200000
2024-11-19 17:16:08,570 - fed_utils - INFO - recover secret number by clients: 3157279.000000
2024-11-19 17:16:08,570 - server_base - INFO - Server aggregate model with homomorphic encryption ...
2024-11-19 17:16:10,005 - server_base - INFO - Server aggregate model done, cost time : 0m:1s:435ms
2024-11-19 17:16:10,347 - fed_utils - INFO - decrypting key [conv1.weight].shape [torch.Size([6, 1, 5, 5])]
2024-11-19 17:16:10,361 - fed_utils - INFO - decrypting key [conv1.bias].shape [torch.Size([6])]
2024-11-19 17:16:10,361 - fed_utils - INFO - decrypting key [conv2.weight].shape [torch.Size([16, 6, 5, 5])]
2024-11-19 17:16:10,361 - fed_utils - INFO - decrypting key [conv2.bias].shape [torch.Size([16])]
2024-11-19 17:16:10,361 - fed_utils - INFO - decrypting key [fc1.weight].shape [torch.Size([120, 400])]
2024-11-19 17:16:10,361 - fed_utils - INFO - decrypting key [fc1.bias].shape [torch.Size([120])]
2024-11-19 17:16:10,361 - fed_utils - INFO - decrypting key [fc2.weight].shape [torch.Size([84, 120])]
2024-11-19 17:16:10,361 - fed_utils - INFO - decrypting key [fc2.bias].shape [torch.Size([84])]
2024-11-19 17:16:12,316 - fed_utils - INFO - decrypting key [fc3.weight].shape [torch.Size([10, 84])]
2024-11-19 17:16:12,354 - fed_utils - INFO - decrypting key [fc3.bias].shape [torch.Size([10])]
2024-11-19 17:16:12,355 - fed_utils - INFO - decrypt time : [0m:2s:349ms]
2024-11-19 17:16:12,359 - fl_main - INFO - [global round : 32] aggregated model accuracy : 0.9834
2024-11-19 17:16:12,359 - fl_main - INFO - [global round : 32] aggregated model loss : 0.06311750468544762
2024-11-19 17:16:12,360 - fl_main - INFO - global round : 33
2024-11-19 17:16:12,361 - fl_main - INFO - the random client id to test accuracy : f_00004
2024-11-19 17:16:12,361 - fl_main - INFO - ----- client id [f_00000] -----
2024-11-19 17:16:12,362 - fed_utils - INFO - init global model cost time : 0m:0s:1ms
2024-11-19 17:16:12,365 - client_base - INFO - recover model cost time : 0m:0s:0ms
2024-11-19 17:16:12,365 - fl_main - INFO - client_dict[f_00000] training ...
2024-11-19 17:16:12,366 - client_base - INFO - client_dict[f_00000] training epoch : 0
2024-11-19 17:16:13,209 - client_base - INFO - local model train cost time : 0m:0s:842ms
2024-11-19 17:16:13,211 - client_base - INFO - model encode time : 0m:0s:1ms
2024-11-19 17:16:13,211 - fl_main - INFO - client_dict[f_00000] local model encrypting ...
2024-11-19 17:16:14,398 - fed_utils - INFO - encrypting key [conv1.weight].length : 150, cost time : 0m:1s:186ms
2024-11-19 17:16:14,446 - fed_utils - INFO - encrypting key [conv1.bias].length : 6, cost time : 0m:0s:47ms
2024-11-19 17:16:14,446 - fed_utils - INFO - load key [conv2.weight].length : 2400, cost time : 0m:0s:0ms
2024-11-19 17:16:14,446 - fed_utils - INFO - load key [conv2.bias].length : 16, cost time : 0m:0s:0ms
2024-11-19 17:16:14,447 - fed_utils - INFO - load key [fc1.weight].length : 48000, cost time : 0m:0s:0ms
2024-11-19 17:16:14,447 - fed_utils - INFO - load key [fc1.bias].length : 120, cost time : 0m:0s:0ms
2024-11-19 17:16:14,447 - fed_utils - INFO - load key [fc2.weight].length : 10080, cost time : 0m:0s:0ms
2024-11-19 17:16:14,447 - fed_utils - INFO - load key [fc2.bias].length : 84, cost time : 0m:0s:0ms
2024-11-19 17:16:21,072 - fed_utils - INFO - encrypting key [fc3.weight].length : 840, cost time : 0m:6s:624ms
2024-11-19 17:16:21,151 - fed_utils - INFO - encrypting key [fc3.bias].length : 10, cost time : 0m:0s:79ms
2024-11-19 17:16:21,152 - fl_main - INFO - Server receive client_dict[f_00000] info ...
2024-11-19 17:16:21,152 - fl_main - INFO - ----- client id [f_00001] -----
2024-11-19 17:16:21,153 - fed_utils - INFO - init global model cost time : 0m:0s:0ms
2024-11-19 17:16:21,154 - client_base - INFO - recover model cost time : 0m:0s:0ms
2024-11-19 17:16:21,154 - fl_main - INFO - client_dict[f_00001] training ...
2024-11-19 17:16:21,154 - client_base - INFO - client_dict[f_00001] training epoch : 0
2024-11-19 17:16:21,931 - client_base - INFO - local model train cost time : 0m:0s:777ms
2024-11-19 17:16:21,933 - client_base - INFO - model encode time : 0m:0s:1ms
2024-11-19 17:16:21,933 - fl_main - INFO - client_dict[f_00001] local model encrypting ...
2024-11-19 17:16:23,116 - fed_utils - INFO - encrypting key [conv1.weight].length : 150, cost time : 0m:1s:183ms
2024-11-19 17:16:23,164 - fed_utils - INFO - encrypting key [conv1.bias].length : 6, cost time : 0m:0s:47ms
2024-11-19 17:16:23,164 - fed_utils - INFO - load key [conv2.weight].length : 2400, cost time : 0m:0s:0ms
2024-11-19 17:16:23,164 - fed_utils - INFO - load key [conv2.bias].length : 16, cost time : 0m:0s:0ms
2024-11-19 17:16:23,165 - fed_utils - INFO - load key [fc1.weight].length : 48000, cost time : 0m:0s:0ms
2024-11-19 17:16:23,165 - fed_utils - INFO - load key [fc1.bias].length : 120, cost time : 0m:0s:0ms
2024-11-19 17:16:23,166 - fed_utils - INFO - load key [fc2.weight].length : 10080, cost time : 0m:0s:0ms
2024-11-19 17:16:23,166 - fed_utils - INFO - load key [fc2.bias].length : 84, cost time : 0m:0s:0ms
2024-11-19 17:16:29,920 - fed_utils - INFO - encrypting key [fc3.weight].length : 840, cost time : 0m:6s:754ms
2024-11-19 17:16:29,999 - fed_utils - INFO - encrypting key [fc3.bias].length : 10, cost time : 0m:0s:79ms
2024-11-19 17:16:29,999 - fl_main - INFO - Server receive client_dict[f_00001] info ...
2024-11-19 17:16:29,999 - fl_main - INFO - ----- client id [f_00002] -----
2024-11-19 17:16:30,000 - fed_utils - INFO - init global model cost time : 0m:0s:0ms
2024-11-19 17:16:30,000 - client_base - INFO - recover model cost time : 0m:0s:0ms
2024-11-19 17:16:30,001 - fl_main - INFO - client_dict[f_00002] training ...
2024-11-19 17:16:30,001 - client_base - INFO - client_dict[f_00002] training epoch : 0
2024-11-19 17:16:30,773 - client_base - INFO - local model train cost time : 0m:0s:771ms
2024-11-19 17:16:30,775 - client_base - INFO - model encode time : 0m:0s:1ms
2024-11-19 17:16:30,775 - fl_main - INFO - client_dict[f_00002] local model encrypting ...
2024-11-19 17:16:31,958 - fed_utils - INFO - encrypting key [conv1.weight].length : 150, cost time : 0m:1s:182ms
2024-11-19 17:16:32,006 - fed_utils - INFO - encrypting key [conv1.bias].length : 6, cost time : 0m:0s:47ms
2024-11-19 17:16:32,006 - fed_utils - INFO - load key [conv2.weight].length : 2400, cost time : 0m:0s:0ms
2024-11-19 17:16:32,006 - fed_utils - INFO - load key [conv2.bias].length : 16, cost time : 0m:0s:0ms
2024-11-19 17:16:32,007 - fed_utils - INFO - load key [fc1.weight].length : 48000, cost time : 0m:0s:0ms
2024-11-19 17:16:32,007 - fed_utils - INFO - load key [fc1.bias].length : 120, cost time : 0m:0s:0ms
2024-11-19 17:16:32,007 - fed_utils - INFO - load key [fc2.weight].length : 10080, cost time : 0m:0s:0ms
2024-11-19 17:16:32,007 - fed_utils - INFO - load key [fc2.bias].length : 84, cost time : 0m:0s:0ms
2024-11-19 17:16:38,636 - fed_utils - INFO - encrypting key [fc3.weight].length : 840, cost time : 0m:6s:628ms
2024-11-19 17:16:38,715 - fed_utils - INFO - encrypting key [fc3.bias].length : 10, cost time : 0m:0s:79ms
2024-11-19 17:16:38,715 - fl_main - INFO - Server receive client_dict[f_00002] info ...
2024-11-19 17:16:38,716 - fl_main - INFO - ----- client id [f_00003] -----
2024-11-19 17:16:38,716 - fed_utils - INFO - init global model cost time : 0m:0s:0ms
2024-11-19 17:16:38,717 - client_base - INFO - recover model cost time : 0m:0s:0ms
2024-11-19 17:16:38,717 - fl_main - INFO - client_dict[f_00003] training ...
2024-11-19 17:16:38,718 - client_base - INFO - client_dict[f_00003] training epoch : 0
2024-11-19 17:16:39,482 - client_base - INFO - local model train cost time : 0m:0s:764ms
2024-11-19 17:16:39,483 - client_base - INFO - model encode time : 0m:0s:1ms
2024-11-19 17:16:39,484 - fl_main - INFO - client_dict[f_00003] local model encrypting ...
2024-11-19 17:16:40,666 - fed_utils - INFO - encrypting key [conv1.weight].length : 150, cost time : 0m:1s:182ms
2024-11-19 17:16:40,714 - fed_utils - INFO - encrypting key [conv1.bias].length : 6, cost time : 0m:0s:47ms
2024-11-19 17:16:40,714 - fed_utils - INFO - load key [conv2.weight].length : 2400, cost time : 0m:0s:0ms
2024-11-19 17:16:40,714 - fed_utils - INFO - load key [conv2.bias].length : 16, cost time : 0m:0s:0ms
2024-11-19 17:16:40,715 - fed_utils - INFO - load key [fc1.weight].length : 48000, cost time : 0m:0s:0ms
2024-11-19 17:16:40,715 - fed_utils - INFO - load key [fc1.bias].length : 120, cost time : 0m:0s:0ms
2024-11-19 17:16:40,716 - fed_utils - INFO - load key [fc2.weight].length : 10080, cost time : 0m:0s:0ms
2024-11-19 17:16:40,716 - fed_utils - INFO - load key [fc2.bias].length : 84, cost time : 0m:0s:0ms
2024-11-19 17:16:47,494 - fed_utils - INFO - encrypting key [fc3.weight].length : 840, cost time : 0m:6s:777ms
2024-11-19 17:16:47,573 - fed_utils - INFO - encrypting key [fc3.bias].length : 10, cost time : 0m:0s:79ms
2024-11-19 17:16:47,573 - fl_main - INFO - Server receive client_dict[f_00003] info ...
2024-11-19 17:16:47,573 - fl_main - INFO - ----- client id [f_00004] -----
2024-11-19 17:16:47,574 - fed_utils - INFO - init global model cost time : 0m:0s:0ms
2024-11-19 17:16:47,575 - client_base - INFO - recover model cost time : 0m:0s:0ms
2024-11-19 17:16:48,398 - fl_main - INFO - global round [33] client_dict[f_00004].accuracy : 0.983000
2024-11-19 17:16:48,398 - fl_main - INFO - client_dict[f_00004] training ...
2024-11-19 17:16:48,398 - client_base - INFO - client_dict[f_00004] training epoch : 0
2024-11-19 17:16:49,192 - client_base - INFO - local model train cost time : 0m:0s:793ms
2024-11-19 17:16:49,193 - client_base - INFO - model encode time : 0m:0s:1ms
2024-11-19 17:16:49,194 - fl_main - INFO - client_dict[f_00004] local model encrypting ...
2024-11-19 17:16:50,377 - fed_utils - INFO - encrypting key [conv1.weight].length : 150, cost time : 0m:1s:183ms
2024-11-19 17:16:50,425 - fed_utils - INFO - encrypting key [conv1.bias].length : 6, cost time : 0m:0s:47ms
2024-11-19 17:16:50,425 - fed_utils - INFO - load key [conv2.weight].length : 2400, cost time : 0m:0s:0ms
2024-11-19 17:16:50,425 - fed_utils - INFO - load key [conv2.bias].length : 16, cost time : 0m:0s:0ms
2024-11-19 17:16:50,426 - fed_utils - INFO - load key [fc1.weight].length : 48000, cost time : 0m:0s:0ms
2024-11-19 17:16:50,426 - fed_utils - INFO - load key [fc1.bias].length : 120, cost time : 0m:0s:0ms
2024-11-19 17:16:50,426 - fed_utils - INFO - load key [fc2.weight].length : 10080, cost time : 0m:0s:0ms
2024-11-19 17:16:50,427 - fed_utils - INFO - load key [fc2.bias].length : 84, cost time : 0m:0s:0ms
2024-11-19 17:16:57,055 - fed_utils - INFO - encrypting key [fc3.weight].length : 840, cost time : 0m:6s:628ms
2024-11-19 17:16:57,134 - fed_utils - INFO - encrypting key [fc3.bias].length : 10, cost time : 0m:0s:79ms
2024-11-19 17:16:57,134 - fl_main - INFO - Server receive client_dict[f_00004] info ...
2024-11-19 17:16:57,134 - fl_main - INFO - global aggregation process ...
2024-11-19 17:16:57,135 - fed_utils - INFO - server.n_data : 60000
2024-11-19 17:16:57,135 - fed_utils - INFO - client_dict[f_00000].weight : 0.200000
2024-11-19 17:16:57,135 - fed_utils - INFO - client_dict[f_00001].weight : 0.200000
2024-11-19 17:16:57,135 - fed_utils - INFO - client_dict[f_00002].weight : 0.200000
2024-11-19 17:16:57,135 - fed_utils - INFO - client_dict[f_00003].weight : 0.200000
2024-11-19 17:16:57,135 - fed_utils - INFO - client_dict[f_00004].weight : 0.200000
2024-11-19 17:16:57,135 - fed_utils - INFO - recover secret number by clients: 3157279.000000
2024-11-19 17:16:57,135 - server_base - INFO - Server aggregate model with homomorphic encryption ...
2024-11-19 17:16:58,717 - server_base - INFO - Server aggregate model done, cost time : 0m:1s:582ms
2024-11-19 17:16:59,059 - fed_utils - INFO - decrypting key [conv1.weight].shape [torch.Size([6, 1, 5, 5])]
2024-11-19 17:16:59,073 - fed_utils - INFO - decrypting key [conv1.bias].shape [torch.Size([6])]
2024-11-19 17:16:59,073 - fed_utils - INFO - decrypting key [conv2.weight].shape [torch.Size([16, 6, 5, 5])]
2024-11-19 17:16:59,073 - fed_utils - INFO - decrypting key [conv2.bias].shape [torch.Size([16])]
2024-11-19 17:16:59,073 - fed_utils - INFO - decrypting key [fc1.weight].shape [torch.Size([120, 400])]
2024-11-19 17:16:59,073 - fed_utils - INFO - decrypting key [fc1.bias].shape [torch.Size([120])]
2024-11-19 17:16:59,073 - fed_utils - INFO - decrypting key [fc2.weight].shape [torch.Size([84, 120])]
2024-11-19 17:16:59,073 - fed_utils - INFO - decrypting key [fc2.bias].shape [torch.Size([84])]
2024-11-19 17:17:00,986 - fed_utils - INFO - decrypting key [fc3.weight].shape [torch.Size([10, 84])]
2024-11-19 17:17:01,009 - fed_utils - INFO - decrypting key [fc3.bias].shape [torch.Size([10])]
2024-11-19 17:17:01,009 - fed_utils - INFO - decrypt time : [0m:2s:291ms]
2024-11-19 17:17:01,011 - fl_main - INFO - [global round : 33] aggregated model accuracy : 0.9830000000000001
2024-11-19 17:17:01,011 - fl_main - INFO - [global round : 33] aggregated model loss : 0.03353873257310538
2024-11-19 17:17:01,012 - fl_main - INFO - global round : 34
2024-11-19 17:17:01,012 - fl_main - INFO - the random client id to test accuracy : f_00002
2024-11-19 17:17:01,013 - fl_main - INFO - ----- client id [f_00000] -----
2024-11-19 17:17:01,013 - fed_utils - INFO - init global model cost time : 0m:0s:0ms
2024-11-19 17:17:01,014 - client_base - INFO - recover model cost time : 0m:0s:0ms
2024-11-19 17:17:01,014 - fl_main - INFO - client_dict[f_00000] training ...
2024-11-19 17:17:01,015 - client_base - INFO - client_dict[f_00000] training epoch : 0
2024-11-19 17:17:01,788 - client_base - INFO - local model train cost time : 0m:0s:773ms
2024-11-19 17:17:01,790 - client_base - INFO - model encode time : 0m:0s:1ms
2024-11-19 17:17:01,790 - fl_main - INFO - client_dict[f_00000] local model encrypting ...
2024-11-19 17:17:02,974 - fed_utils - INFO - encrypting key [conv1.weight].length : 150, cost time : 0m:1s:183ms
2024-11-19 17:17:03,022 - fed_utils - INFO - encrypting key [conv1.bias].length : 6, cost time : 0m:0s:47ms
2024-11-19 17:17:03,022 - fed_utils - INFO - load key [conv2.weight].length : 2400, cost time : 0m:0s:0ms
2024-11-19 17:17:03,022 - fed_utils - INFO - load key [conv2.bias].length : 16, cost time : 0m:0s:0ms
2024-11-19 17:17:03,023 - fed_utils - INFO - load key [fc1.weight].length : 48000, cost time : 0m:0s:0ms
2024-11-19 17:17:03,023 - fed_utils - INFO - load key [fc1.bias].length : 120, cost time : 0m:0s:0ms
2024-11-19 17:17:03,023 - fed_utils - INFO - load key [fc2.weight].length : 10080, cost time : 0m:0s:0ms
2024-11-19 17:17:03,023 - fed_utils - INFO - load key [fc2.bias].length : 84, cost time : 0m:0s:0ms
2024-11-19 17:17:09,647 - fed_utils - INFO - encrypting key [fc3.weight].length : 840, cost time : 0m:6s:623ms
2024-11-19 17:17:09,726 - fed_utils - INFO - encrypting key [fc3.bias].length : 10, cost time : 0m:0s:79ms
2024-11-19 17:17:09,727 - fl_main - INFO - Server receive client_dict[f_00000] info ...
2024-11-19 17:17:09,727 - fl_main - INFO - ----- client id [f_00001] -----
2024-11-19 17:17:09,728 - fed_utils - INFO - init global model cost time : 0m:0s:0ms
2024-11-19 17:17:09,728 - client_base - INFO - recover model cost time : 0m:0s:0ms
2024-11-19 17:17:09,728 - fl_main - INFO - client_dict[f_00001] training ...
2024-11-19 17:17:09,729 - client_base - INFO - client_dict[f_00001] training epoch : 0
2024-11-19 17:17:10,507 - client_base - INFO - local model train cost time : 0m:0s:778ms
2024-11-19 17:17:10,509 - client_base - INFO - model encode time : 0m:0s:1ms
2024-11-19 17:17:10,509 - fl_main - INFO - client_dict[f_00001] local model encrypting ...
2024-11-19 17:17:11,693 - fed_utils - INFO - encrypting key [conv1.weight].length : 150, cost time : 0m:1s:184ms
2024-11-19 17:17:11,741 - fed_utils - INFO - encrypting key [conv1.bias].length : 6, cost time : 0m:0s:47ms
2024-11-19 17:17:11,741 - fed_utils - INFO - load key [conv2.weight].length : 2400, cost time : 0m:0s:0ms
2024-11-19 17:17:11,741 - fed_utils - INFO - load key [conv2.bias].length : 16, cost time : 0m:0s:0ms
2024-11-19 17:17:11,742 - fed_utils - INFO - load key [fc1.weight].length : 48000, cost time : 0m:0s:0ms
2024-11-19 17:17:11,742 - fed_utils - INFO - load key [fc1.bias].length : 120, cost time : 0m:0s:0ms
2024-11-19 17:17:11,742 - fed_utils - INFO - load key [fc2.weight].length : 10080, cost time : 0m:0s:0ms
2024-11-19 17:17:11,743 - fed_utils - INFO - load key [fc2.bias].length : 84, cost time : 0m:0s:0ms
2024-11-19 17:17:18,514 - fed_utils - INFO - encrypting key [fc3.weight].length : 840, cost time : 0m:6s:771ms
2024-11-19 17:17:18,593 - fed_utils - INFO - encrypting key [fc3.bias].length : 10, cost time : 0m:0s:79ms
2024-11-19 17:17:18,593 - fl_main - INFO - Server receive client_dict[f_00001] info ...
2024-11-19 17:17:18,593 - fl_main - INFO - ----- client id [f_00002] -----
2024-11-19 17:17:18,594 - fed_utils - INFO - init global model cost time : 0m:0s:0ms
2024-11-19 17:17:18,595 - client_base - INFO - recover model cost time : 0m:0s:0ms
2024-11-19 17:17:19,420 - fl_main - INFO - global round [34] client_dict[f_00002].accuracy : 0.983200
2024-11-19 17:17:19,420 - fl_main - INFO - client_dict[f_00002] training ...
2024-11-19 17:17:19,420 - client_base - INFO - client_dict[f_00002] training epoch : 0
2024-11-19 17:17:20,189 - client_base - INFO - local model train cost time : 0m:0s:768ms
2024-11-19 17:17:20,190 - client_base - INFO - model encode time : 0m:0s:1ms
2024-11-19 17:17:20,191 - fl_main - INFO - client_dict[f_00002] local model encrypting ...
2024-11-19 17:17:21,378 - fed_utils - INFO - encrypting key [conv1.weight].length : 150, cost time : 0m:1s:186ms
2024-11-19 17:17:21,426 - fed_utils - INFO - encrypting key [conv1.bias].length : 6, cost time : 0m:0s:48ms
2024-11-19 17:17:21,426 - fed_utils - INFO - load key [conv2.weight].length : 2400, cost time : 0m:0s:0ms
2024-11-19 17:17:21,426 - fed_utils - INFO - load key [conv2.bias].length : 16, cost time : 0m:0s:0ms
2024-11-19 17:17:21,427 - fed_utils - INFO - load key [fc1.weight].length : 48000, cost time : 0m:0s:0ms
2024-11-19 17:17:21,427 - fed_utils - INFO - load key [fc1.bias].length : 120, cost time : 0m:0s:0ms
2024-11-19 17:17:21,427 - fed_utils - INFO - load key [fc2.weight].length : 10080, cost time : 0m:0s:0ms
2024-11-19 17:17:21,427 - fed_utils - INFO - load key [fc2.bias].length : 84, cost time : 0m:0s:0ms
2024-11-19 17:17:28,184 - fed_utils - INFO - encrypting key [fc3.weight].length : 840, cost time : 0m:6s:757ms
2024-11-19 17:17:28,264 - fed_utils - INFO - encrypting key [fc3.bias].length : 10, cost time : 0m:0s:79ms
2024-11-19 17:17:28,264 - fl_main - INFO - Server receive client_dict[f_00002] info ...
2024-11-19 17:17:28,264 - fl_main - INFO - ----- client id [f_00003] -----
2024-11-19 17:17:28,265 - fed_utils - INFO - init global model cost time : 0m:0s:0ms
2024-11-19 17:17:28,265 - client_base - INFO - recover model cost time : 0m:0s:0ms
2024-11-19 17:17:28,265 - fl_main - INFO - client_dict[f_00003] training ...
2024-11-19 17:17:28,266 - client_base - INFO - client_dict[f_00003] training epoch : 0
2024-11-19 17:17:29,030 - client_base - INFO - local model train cost time : 0m:0s:764ms
2024-11-19 17:17:29,032 - client_base - INFO - model encode time : 0m:0s:1ms
2024-11-19 17:17:29,032 - fl_main - INFO - client_dict[f_00003] local model encrypting ...
2024-11-19 17:17:30,214 - fed_utils - INFO - encrypting key [conv1.weight].length : 150, cost time : 0m:1s:182ms
2024-11-19 17:17:30,262 - fed_utils - INFO - encrypting key [conv1.bias].length : 6, cost time : 0m:0s:47ms
2024-11-19 17:17:30,262 - fed_utils - INFO - load key [conv2.weight].length : 2400, cost time : 0m:0s:0ms
2024-11-19 17:17:30,262 - fed_utils - INFO - load key [conv2.bias].length : 16, cost time : 0m:0s:0ms
2024-11-19 17:17:30,263 - fed_utils - INFO - load key [fc1.weight].length : 48000, cost time : 0m:0s:0ms
2024-11-19 17:17:30,263 - fed_utils - INFO - load key [fc1.bias].length : 120, cost time : 0m:0s:0ms
2024-11-19 17:17:30,264 - fed_utils - INFO - load key [fc2.weight].length : 10080, cost time : 0m:0s:0ms
2024-11-19 17:17:30,264 - fed_utils - INFO - load key [fc2.bias].length : 84, cost time : 0m:0s:0ms
2024-11-19 17:17:36,888 - fed_utils - INFO - encrypting key [fc3.weight].length : 840, cost time : 0m:6s:623ms
2024-11-19 17:17:36,967 - fed_utils - INFO - encrypting key [fc3.bias].length : 10, cost time : 0m:0s:79ms
2024-11-19 17:17:36,967 - fl_main - INFO - Server receive client_dict[f_00003] info ...
2024-11-19 17:17:36,967 - fl_main - INFO - ----- client id [f_00004] -----
2024-11-19 17:17:36,968 - fed_utils - INFO - init global model cost time : 0m:0s:0ms
2024-11-19 17:17:36,968 - client_base - INFO - recover model cost time : 0m:0s:0ms
2024-11-19 17:17:36,968 - fl_main - INFO - client_dict[f_00004] training ...
2024-11-19 17:17:36,969 - client_base - INFO - client_dict[f_00004] training epoch : 0
2024-11-19 17:17:37,742 - client_base - INFO - local model train cost time : 0m:0s:772ms
2024-11-19 17:17:37,743 - client_base - INFO - model encode time : 0m:0s:1ms
2024-11-19 17:17:37,743 - fl_main - INFO - client_dict[f_00004] local model encrypting ...
2024-11-19 17:17:38,929 - fed_utils - INFO - encrypting key [conv1.weight].length : 150, cost time : 0m:1s:185ms
2024-11-19 17:17:38,977 - fed_utils - INFO - encrypting key [conv1.bias].length : 6, cost time : 0m:0s:47ms
2024-11-19 17:17:38,977 - fed_utils - INFO - load key [conv2.weight].length : 2400, cost time : 0m:0s:0ms
2024-11-19 17:17:38,977 - fed_utils - INFO - load key [conv2.bias].length : 16, cost time : 0m:0s:0ms
2024-11-19 17:17:38,978 - fed_utils - INFO - load key [fc1.weight].length : 48000, cost time : 0m:0s:0ms
2024-11-19 17:17:38,978 - fed_utils - INFO - load key [fc1.bias].length : 120, cost time : 0m:0s:0ms
2024-11-19 17:17:38,978 - fed_utils - INFO - load key [fc2.weight].length : 10080, cost time : 0m:0s:0ms
2024-11-19 17:17:38,978 - fed_utils - INFO - load key [fc2.bias].length : 84, cost time : 0m:0s:0ms
2024-11-19 17:17:45,776 - fed_utils - INFO - encrypting key [fc3.weight].length : 840, cost time : 0m:6s:797ms
2024-11-19 17:17:45,855 - fed_utils - INFO - encrypting key [fc3.bias].length : 10, cost time : 0m:0s:79ms
2024-11-19 17:17:45,855 - fl_main - INFO - Server receive client_dict[f_00004] info ...
2024-11-19 17:17:45,855 - fl_main - INFO - global aggregation process ...
2024-11-19 17:17:45,855 - fed_utils - INFO - server.n_data : 60000
2024-11-19 17:17:45,856 - fed_utils - INFO - client_dict[f_00000].weight : 0.200000
2024-11-19 17:17:45,856 - fed_utils - INFO - client_dict[f_00001].weight : 0.200000
2024-11-19 17:17:45,856 - fed_utils - INFO - client_dict[f_00002].weight : 0.200000
2024-11-19 17:17:45,856 - fed_utils - INFO - client_dict[f_00003].weight : 0.200000
2024-11-19 17:17:45,856 - fed_utils - INFO - client_dict[f_00004].weight : 0.200000
2024-11-19 17:17:45,856 - fed_utils - INFO - recover secret number by clients: 3157279.000000
2024-11-19 17:17:45,856 - server_base - INFO - Server aggregate model with homomorphic encryption ...
2024-11-19 17:17:47,301 - server_base - INFO - Server aggregate model done, cost time : 0m:1s:444ms
2024-11-19 17:17:47,642 - fed_utils - INFO - decrypting key [conv1.weight].shape [torch.Size([6, 1, 5, 5])]
2024-11-19 17:17:47,656 - fed_utils - INFO - decrypting key [conv1.bias].shape [torch.Size([6])]
2024-11-19 17:17:47,656 - fed_utils - INFO - decrypting key [conv2.weight].shape [torch.Size([16, 6, 5, 5])]
2024-11-19 17:17:47,656 - fed_utils - INFO - decrypting key [conv2.bias].shape [torch.Size([16])]
2024-11-19 17:17:47,656 - fed_utils - INFO - decrypting key [fc1.weight].shape [torch.Size([120, 400])]
2024-11-19 17:17:47,656 - fed_utils - INFO - decrypting key [fc1.bias].shape [torch.Size([120])]
2024-11-19 17:17:47,656 - fed_utils - INFO - decrypting key [fc2.weight].shape [torch.Size([84, 120])]
2024-11-19 17:17:47,656 - fed_utils - INFO - decrypting key [fc2.bias].shape [torch.Size([84])]
2024-11-19 17:17:49,569 - fed_utils - INFO - decrypting key [fc3.weight].shape [torch.Size([10, 84])]
2024-11-19 17:17:49,592 - fed_utils - INFO - decrypting key [fc3.bias].shape [torch.Size([10])]
2024-11-19 17:17:49,592 - fed_utils - INFO - decrypt time : [0m:2s:290ms]
2024-11-19 17:17:49,594 - fl_main - INFO - [global round : 34] aggregated model accuracy : 0.9832000000000001
2024-11-19 17:17:49,594 - fl_main - INFO - [global round : 34] aggregated model loss : 0.06472392760171199
2024-11-19 17:17:49,595 - fl_main - INFO - global round : 35
2024-11-19 17:17:49,595 - fl_main - INFO - the random client id to test accuracy : f_00004
2024-11-19 17:17:49,595 - fl_main - INFO - ----- client id [f_00000] -----
2024-11-19 17:17:49,596 - fed_utils - INFO - init global model cost time : 0m:0s:0ms
2024-11-19 17:17:49,596 - client_base - INFO - recover model cost time : 0m:0s:0ms
2024-11-19 17:17:49,596 - fl_main - INFO - client_dict[f_00000] training ...
2024-11-19 17:17:49,597 - client_base - INFO - client_dict[f_00000] training epoch : 0
2024-11-19 17:17:50,382 - client_base - INFO - local model train cost time : 0m:0s:784ms
2024-11-19 17:17:50,383 - client_base - INFO - model encode time : 0m:0s:1ms
2024-11-19 17:17:50,383 - fl_main - INFO - client_dict[f_00000] local model encrypting ...
2024-11-19 17:17:51,568 - fed_utils - INFO - encrypting key [conv1.weight].length : 150, cost time : 0m:1s:184ms
2024-11-19 17:17:51,616 - fed_utils - INFO - encrypting key [conv1.bias].length : 6, cost time : 0m:0s:48ms
2024-11-19 17:17:51,617 - fed_utils - INFO - load key [conv2.weight].length : 2400, cost time : 0m:0s:0ms
2024-11-19 17:17:51,617 - fed_utils - INFO - load key [conv2.bias].length : 16, cost time : 0m:0s:0ms
2024-11-19 17:17:51,618 - fed_utils - INFO - load key [fc1.weight].length : 48000, cost time : 0m:0s:0ms
2024-11-19 17:17:51,618 - fed_utils - INFO - load key [fc1.bias].length : 120, cost time : 0m:0s:0ms
2024-11-19 17:17:51,618 - fed_utils - INFO - load key [fc2.weight].length : 10080, cost time : 0m:0s:0ms
2024-11-19 17:17:51,618 - fed_utils - INFO - load key [fc2.bias].length : 84, cost time : 0m:0s:0ms
2024-11-19 17:17:58,391 - fed_utils - INFO - encrypting key [fc3.weight].length : 840, cost time : 0m:6s:773ms
2024-11-19 17:17:58,470 - fed_utils - INFO - encrypting key [fc3.bias].length : 10, cost time : 0m:0s:79ms
2024-11-19 17:17:58,471 - fl_main - INFO - Server receive client_dict[f_00000] info ...
2024-11-19 17:17:58,471 - fl_main - INFO - ----- client id [f_00001] -----
2024-11-19 17:17:58,472 - fed_utils - INFO - init global model cost time : 0m:0s:0ms
2024-11-19 17:17:58,473 - client_base - INFO - recover model cost time : 0m:0s:0ms
2024-11-19 17:17:58,473 - fl_main - INFO - client_dict[f_00001] training ...
2024-11-19 17:17:58,473 - client_base - INFO - client_dict[f_00001] training epoch : 0
2024-11-19 17:17:59,237 - client_base - INFO - local model train cost time : 0m:0s:763ms
2024-11-19 17:17:59,239 - client_base - INFO - model encode time : 0m:0s:1ms
2024-11-19 17:17:59,239 - fl_main - INFO - client_dict[f_00001] local model encrypting ...
2024-11-19 17:18:00,425 - fed_utils - INFO - encrypting key [conv1.weight].length : 150, cost time : 0m:1s:185ms
2024-11-19 17:18:00,472 - fed_utils - INFO - encrypting key [conv1.bias].length : 6, cost time : 0m:0s:47ms
2024-11-19 17:18:00,472 - fed_utils - INFO - load key [conv2.weight].length : 2400, cost time : 0m:0s:0ms
2024-11-19 17:18:00,473 - fed_utils - INFO - load key [conv2.bias].length : 16, cost time : 0m:0s:0ms
2024-11-19 17:18:00,474 - fed_utils - INFO - load key [fc1.weight].length : 48000, cost time : 0m:0s:0ms
2024-11-19 17:18:00,474 - fed_utils - INFO - load key [fc1.bias].length : 120, cost time : 0m:0s:0ms
2024-11-19 17:18:00,474 - fed_utils - INFO - load key [fc2.weight].length : 10080, cost time : 0m:0s:0ms
2024-11-19 17:18:00,474 - fed_utils - INFO - load key [fc2.bias].length : 84, cost time : 0m:0s:0ms
2024-11-19 17:18:07,095 - fed_utils - INFO - encrypting key [fc3.weight].length : 840, cost time : 0m:6s:621ms
2024-11-19 17:18:07,174 - fed_utils - INFO - encrypting key [fc3.bias].length : 10, cost time : 0m:0s:79ms
2024-11-19 17:18:07,175 - fl_main - INFO - Server receive client_dict[f_00001] info ...
2024-11-19 17:18:07,175 - fl_main - INFO - ----- client id [f_00002] -----
2024-11-19 17:18:07,176 - fed_utils - INFO - init global model cost time : 0m:0s:0ms
2024-11-19 17:18:07,176 - client_base - INFO - recover model cost time : 0m:0s:0ms
2024-11-19 17:18:07,176 - fl_main - INFO - client_dict[f_00002] training ...
2024-11-19 17:18:07,177 - client_base - INFO - client_dict[f_00002] training epoch : 0
2024-11-19 17:18:07,963 - client_base - INFO - local model train cost time : 0m:0s:786ms
2024-11-19 17:18:07,964 - client_base - INFO - model encode time : 0m:0s:1ms
2024-11-19 17:18:07,965 - fl_main - INFO - client_dict[f_00002] local model encrypting ...
2024-11-19 17:18:09,147 - fed_utils - INFO - encrypting key [conv1.weight].length : 150, cost time : 0m:1s:182ms
2024-11-19 17:18:09,195 - fed_utils - INFO - encrypting key [conv1.bias].length : 6, cost time : 0m:0s:47ms
2024-11-19 17:18:09,195 - fed_utils - INFO - load key [conv2.weight].length : 2400, cost time : 0m:0s:0ms
2024-11-19 17:18:09,195 - fed_utils - INFO - load key [conv2.bias].length : 16, cost time : 0m:0s:0ms
2024-11-19 17:18:09,196 - fed_utils - INFO - load key [fc1.weight].length : 48000, cost time : 0m:0s:0ms
2024-11-19 17:18:09,196 - fed_utils - INFO - load key [fc1.bias].length : 120, cost time : 0m:0s:0ms
2024-11-19 17:18:09,197 - fed_utils - INFO - load key [fc2.weight].length : 10080, cost time : 0m:0s:0ms
2024-11-19 17:18:09,197 - fed_utils - INFO - load key [fc2.bias].length : 84, cost time : 0m:0s:0ms
2024-11-19 17:18:15,958 - fed_utils - INFO - encrypting key [fc3.weight].length : 840, cost time : 0m:6s:760ms
2024-11-19 17:18:16,037 - fed_utils - INFO - encrypting key [fc3.bias].length : 10, cost time : 0m:0s:79ms
2024-11-19 17:18:16,037 - fl_main - INFO - Server receive client_dict[f_00002] info ...
2024-11-19 17:18:16,037 - fl_main - INFO - ----- client id [f_00003] -----
2024-11-19 17:18:16,038 - fed_utils - INFO - init global model cost time : 0m:0s:0ms
2024-11-19 17:18:16,038 - client_base - INFO - recover model cost time : 0m:0s:0ms
2024-11-19 17:18:16,039 - fl_main - INFO - client_dict[f_00003] training ...
2024-11-19 17:18:16,039 - client_base - INFO - client_dict[f_00003] training epoch : 0
2024-11-19 17:18:16,825 - client_base - INFO - local model train cost time : 0m:0s:785ms
2024-11-19 17:18:16,827 - client_base - INFO - model encode time : 0m:0s:1ms
2024-11-19 17:18:16,827 - fl_main - INFO - client_dict[f_00003] local model encrypting ...
2024-11-19 17:18:18,010 - fed_utils - INFO - encrypting key [conv1.weight].length : 150, cost time : 0m:1s:183ms
2024-11-19 17:18:18,058 - fed_utils - INFO - encrypting key [conv1.bias].length : 6, cost time : 0m:0s:47ms
2024-11-19 17:18:18,058 - fed_utils - INFO - load key [conv2.weight].length : 2400, cost time : 0m:0s:0ms
2024-11-19 17:18:18,058 - fed_utils - INFO - load key [conv2.bias].length : 16, cost time : 0m:0s:0ms
2024-11-19 17:18:18,059 - fed_utils - INFO - load key [fc1.weight].length : 48000, cost time : 0m:0s:0ms
2024-11-19 17:18:18,059 - fed_utils - INFO - load key [fc1.bias].length : 120, cost time : 0m:0s:0ms
2024-11-19 17:18:18,059 - fed_utils - INFO - load key [fc2.weight].length : 10080, cost time : 0m:0s:0ms
2024-11-19 17:18:18,059 - fed_utils - INFO - load key [fc2.bias].length : 84, cost time : 0m:0s:0ms
2024-11-19 17:18:24,682 - fed_utils - INFO - encrypting key [fc3.weight].length : 840, cost time : 0m:6s:622ms
2024-11-19 17:18:24,761 - fed_utils - INFO - encrypting key [fc3.bias].length : 10, cost time : 0m:0s:79ms
2024-11-19 17:18:24,761 - fl_main - INFO - Server receive client_dict[f_00003] info ...
2024-11-19 17:18:24,761 - fl_main - INFO - ----- client id [f_00004] -----
2024-11-19 17:18:24,762 - fed_utils - INFO - init global model cost time : 0m:0s:0ms
2024-11-19 17:18:24,762 - client_base - INFO - recover model cost time : 0m:0s:0ms
2024-11-19 17:18:25,569 - fl_main - INFO - global round [35] client_dict[f_00004].accuracy : 0.983600
2024-11-19 17:18:25,569 - fl_main - INFO - client_dict[f_00004] training ...
2024-11-19 17:18:25,570 - client_base - INFO - client_dict[f_00004] training epoch : 0
2024-11-19 17:18:26,363 - client_base - INFO - local model train cost time : 0m:0s:793ms
2024-11-19 17:18:26,365 - client_base - INFO - model encode time : 0m:0s:1ms
2024-11-19 17:18:26,365 - fl_main - INFO - client_dict[f_00004] local model encrypting ...
2024-11-19 17:18:27,692 - fed_utils - INFO - encrypting key [conv1.weight].length : 150, cost time : 0m:1s:327ms
2024-11-19 17:18:27,740 - fed_utils - INFO - encrypting key [conv1.bias].length : 6, cost time : 0m:0s:47ms
2024-11-19 17:18:27,740 - fed_utils - INFO - load key [conv2.weight].length : 2400, cost time : 0m:0s:0ms
2024-11-19 17:18:27,740 - fed_utils - INFO - load key [conv2.bias].length : 16, cost time : 0m:0s:0ms
2024-11-19 17:18:27,741 - fed_utils - INFO - load key [fc1.weight].length : 48000, cost time : 0m:0s:0ms
2024-11-19 17:18:27,741 - fed_utils - INFO - load key [fc1.bias].length : 120, cost time : 0m:0s:0ms
2024-11-19 17:18:27,742 - fed_utils - INFO - load key [fc2.weight].length : 10080, cost time : 0m:0s:0ms
2024-11-19 17:18:27,742 - fed_utils - INFO - load key [fc2.bias].length : 84, cost time : 0m:0s:0ms
2024-11-19 17:18:34,364 - fed_utils - INFO - encrypting key [fc3.weight].length : 840, cost time : 0m:6s:621ms
2024-11-19 17:18:34,443 - fed_utils - INFO - encrypting key [fc3.bias].length : 10, cost time : 0m:0s:79ms
2024-11-19 17:18:34,443 - fl_main - INFO - Server receive client_dict[f_00004] info ...
2024-11-19 17:18:34,443 - fl_main - INFO - global aggregation process ...
2024-11-19 17:18:34,443 - fed_utils - INFO - server.n_data : 60000
2024-11-19 17:18:34,443 - fed_utils - INFO - client_dict[f_00000].weight : 0.200000
2024-11-19 17:18:34,444 - fed_utils - INFO - client_dict[f_00001].weight : 0.200000
2024-11-19 17:18:34,444 - fed_utils - INFO - client_dict[f_00002].weight : 0.200000
2024-11-19 17:18:34,444 - fed_utils - INFO - client_dict[f_00003].weight : 0.200000
2024-11-19 17:18:34,444 - fed_utils - INFO - client_dict[f_00004].weight : 0.200000
2024-11-19 17:18:34,444 - fed_utils - INFO - recover secret number by clients: 3157279.000000
2024-11-19 17:18:34,444 - server_base - INFO - Server aggregate model with homomorphic encryption ...
2024-11-19 17:18:35,880 - server_base - INFO - Server aggregate model done, cost time : 0m:1s:436ms
2024-11-19 17:18:36,222 - fed_utils - INFO - decrypting key [conv1.weight].shape [torch.Size([6, 1, 5, 5])]
2024-11-19 17:18:36,235 - fed_utils - INFO - decrypting key [conv1.bias].shape [torch.Size([6])]
2024-11-19 17:18:36,235 - fed_utils - INFO - decrypting key [conv2.weight].shape [torch.Size([16, 6, 5, 5])]
2024-11-19 17:18:36,236 - fed_utils - INFO - decrypting key [conv2.bias].shape [torch.Size([16])]
2024-11-19 17:18:36,236 - fed_utils - INFO - decrypting key [fc1.weight].shape [torch.Size([120, 400])]
2024-11-19 17:18:36,236 - fed_utils - INFO - decrypting key [fc1.bias].shape [torch.Size([120])]
2024-11-19 17:18:36,236 - fed_utils - INFO - decrypting key [fc2.weight].shape [torch.Size([84, 120])]
2024-11-19 17:18:36,236 - fed_utils - INFO - decrypting key [fc2.bias].shape [torch.Size([84])]
2024-11-19 17:18:38,148 - fed_utils - INFO - decrypting key [fc3.weight].shape [torch.Size([10, 84])]
2024-11-19 17:18:38,171 - fed_utils - INFO - decrypting key [fc3.bias].shape [torch.Size([10])]
2024-11-19 17:18:38,171 - fed_utils - INFO - decrypt time : [0m:2s:291ms]
2024-11-19 17:18:38,174 - fl_main - INFO - [global round : 35] aggregated model accuracy : 0.9836
2024-11-19 17:18:38,174 - fl_main - INFO - [global round : 35] aggregated model loss : 0.04051822334095597
2024-11-19 17:18:38,175 - fl_main - INFO - global round : 36
2024-11-19 17:18:38,175 - fl_main - INFO - the random client id to test accuracy : f_00000
2024-11-19 17:18:38,175 - fl_main - INFO - ----- client id [f_00000] -----
2024-11-19 17:18:38,176 - fed_utils - INFO - init global model cost time : 0m:0s:0ms
2024-11-19 17:18:38,176 - client_base - INFO - recover model cost time : 0m:0s:0ms
2024-11-19 17:18:38,994 - fl_main - INFO - global round [36] client_dict[f_00000].accuracy : 0.983300
2024-11-19 17:18:38,994 - fl_main - INFO - client_dict[f_00000] training ...
2024-11-19 17:18:38,995 - client_base - INFO - client_dict[f_00000] training epoch : 0
2024-11-19 17:18:39,766 - client_base - INFO - local model train cost time : 0m:0s:771ms
2024-11-19 17:18:39,768 - client_base - INFO - model encode time : 0m:0s:1ms
2024-11-19 17:18:39,768 - fl_main - INFO - client_dict[f_00000] local model encrypting ...
2024-11-19 17:18:40,954 - fed_utils - INFO - encrypting key [conv1.weight].length : 150, cost time : 0m:1s:185ms
2024-11-19 17:18:41,002 - fed_utils - INFO - encrypting key [conv1.bias].length : 6, cost time : 0m:0s:47ms
2024-11-19 17:18:41,002 - fed_utils - INFO - load key [conv2.weight].length : 2400, cost time : 0m:0s:0ms
2024-11-19 17:18:41,002 - fed_utils - INFO - load key [conv2.bias].length : 16, cost time : 0m:0s:0ms
2024-11-19 17:18:41,003 - fed_utils - INFO - load key [fc1.weight].length : 48000, cost time : 0m:0s:0ms
2024-11-19 17:18:41,003 - fed_utils - INFO - load key [fc1.bias].length : 120, cost time : 0m:0s:0ms
2024-11-19 17:18:41,003 - fed_utils - INFO - load key [fc2.weight].length : 10080, cost time : 0m:0s:0ms
2024-11-19 17:18:41,003 - fed_utils - INFO - load key [fc2.bias].length : 84, cost time : 0m:0s:0ms
2024-11-19 17:18:47,767 - fed_utils - INFO - encrypting key [fc3.weight].length : 840, cost time : 0m:6s:763ms
2024-11-19 17:18:47,846 - fed_utils - INFO - encrypting key [fc3.bias].length : 10, cost time : 0m:0s:79ms
2024-11-19 17:18:47,847 - fl_main - INFO - Server receive client_dict[f_00000] info ...
2024-11-19 17:18:47,847 - fl_main - INFO - ----- client id [f_00001] -----
2024-11-19 17:18:47,848 - fed_utils - INFO - init global model cost time : 0m:0s:0ms
2024-11-19 17:18:47,849 - client_base - INFO - recover model cost time : 0m:0s:0ms
2024-11-19 17:18:47,849 - fl_main - INFO - client_dict[f_00001] training ...
2024-11-19 17:18:47,849 - client_base - INFO - client_dict[f_00001] training epoch : 0
2024-11-19 17:18:48,615 - client_base - INFO - local model train cost time : 0m:0s:765ms
2024-11-19 17:18:48,617 - client_base - INFO - model encode time : 0m:0s:1ms
2024-11-19 17:18:48,617 - fl_main - INFO - client_dict[f_00001] local model encrypting ...
2024-11-19 17:18:49,802 - fed_utils - INFO - encrypting key [conv1.weight].length : 150, cost time : 0m:1s:185ms
2024-11-19 17:18:49,851 - fed_utils - INFO - encrypting key [conv1.bias].length : 6, cost time : 0m:0s:48ms
2024-11-19 17:18:49,851 - fed_utils - INFO - load key [conv2.weight].length : 2400, cost time : 0m:0s:0ms
2024-11-19 17:18:49,851 - fed_utils - INFO - load key [conv2.bias].length : 16, cost time : 0m:0s:0ms
2024-11-19 17:18:49,852 - fed_utils - INFO - load key [fc1.weight].length : 48000, cost time : 0m:0s:0ms
2024-11-19 17:18:49,852 - fed_utils - INFO - load key [fc1.bias].length : 120, cost time : 0m:0s:0ms
2024-11-19 17:18:49,852 - fed_utils - INFO - load key [fc2.weight].length : 10080, cost time : 0m:0s:0ms
2024-11-19 17:18:49,852 - fed_utils - INFO - load key [fc2.bias].length : 84, cost time : 0m:0s:0ms
2024-11-19 17:18:56,484 - fed_utils - INFO - encrypting key [fc3.weight].length : 840, cost time : 0m:6s:632ms
2024-11-19 17:18:56,564 - fed_utils - INFO - encrypting key [fc3.bias].length : 10, cost time : 0m:0s:78ms
2024-11-19 17:18:56,564 - fl_main - INFO - Server receive client_dict[f_00001] info ...
2024-11-19 17:18:56,564 - fl_main - INFO - ----- client id [f_00002] -----
2024-11-19 17:18:56,565 - fed_utils - INFO - init global model cost time : 0m:0s:0ms
2024-11-19 17:18:56,565 - client_base - INFO - recover model cost time : 0m:0s:0ms
2024-11-19 17:18:56,565 - fl_main - INFO - client_dict[f_00002] training ...
2024-11-19 17:18:56,566 - client_base - INFO - client_dict[f_00002] training epoch : 0
2024-11-19 17:18:57,401 - client_base - INFO - local model train cost time : 0m:0s:835ms
2024-11-19 17:18:57,404 - client_base - INFO - model encode time : 0m:0s:2ms
2024-11-19 17:18:57,404 - fl_main - INFO - client_dict[f_00002] local model encrypting ...
2024-11-19 17:18:58,662 - fed_utils - INFO - encrypting key [conv1.weight].length : 150, cost time : 0m:1s:257ms
2024-11-19 17:18:58,709 - fed_utils - INFO - encrypting key [conv1.bias].length : 6, cost time : 0m:0s:47ms
2024-11-19 17:18:58,710 - fed_utils - INFO - load key [conv2.weight].length : 2400, cost time : 0m:0s:0ms
2024-11-19 17:18:58,710 - fed_utils - INFO - load key [conv2.bias].length : 16, cost time : 0m:0s:0ms
2024-11-19 17:18:58,711 - fed_utils - INFO - load key [fc1.weight].length : 48000, cost time : 0m:0s:0ms
2024-11-19 17:18:58,711 - fed_utils - INFO - load key [fc1.bias].length : 120, cost time : 0m:0s:0ms
2024-11-19 17:18:58,711 - fed_utils - INFO - load key [fc2.weight].length : 10080, cost time : 0m:0s:0ms
2024-11-19 17:18:58,711 - fed_utils - INFO - load key [fc2.bias].length : 84, cost time : 0m:0s:0ms
2024-11-19 17:19:05,334 - fed_utils - INFO - encrypting key [fc3.weight].length : 840, cost time : 0m:6s:623ms
2024-11-19 17:19:05,414 - fed_utils - INFO - encrypting key [fc3.bias].length : 10, cost time : 0m:0s:79ms
2024-11-19 17:19:05,414 - fl_main - INFO - Server receive client_dict[f_00002] info ...
2024-11-19 17:19:05,414 - fl_main - INFO - ----- client id [f_00003] -----
2024-11-19 17:19:05,414 - fed_utils - INFO - init global model cost time : 0m:0s:0ms
2024-11-19 17:19:05,415 - client_base - INFO - recover model cost time : 0m:0s:0ms
2024-11-19 17:19:05,415 - fl_main - INFO - client_dict[f_00003] training ...
2024-11-19 17:19:05,416 - client_base - INFO - client_dict[f_00003] training epoch : 0
2024-11-19 17:19:06,200 - client_base - INFO - local model train cost time : 0m:0s:784ms
2024-11-19 17:19:06,202 - client_base - INFO - model encode time : 0m:0s:1ms
2024-11-19 17:19:06,202 - fl_main - INFO - client_dict[f_00003] local model encrypting ...
2024-11-19 17:19:07,385 - fed_utils - INFO - encrypting key [conv1.weight].length : 150, cost time : 0m:1s:182ms
2024-11-19 17:19:07,433 - fed_utils - INFO - encrypting key [conv1.bias].length : 6, cost time : 0m:0s:47ms
2024-11-19 17:19:07,433 - fed_utils - INFO - load key [conv2.weight].length : 2400, cost time : 0m:0s:0ms
2024-11-19 17:19:07,433 - fed_utils - INFO - load key [conv2.bias].length : 16, cost time : 0m:0s:0ms
2024-11-19 17:19:07,434 - fed_utils - INFO - load key [fc1.weight].length : 48000, cost time : 0m:0s:0ms
2024-11-19 17:19:07,434 - fed_utils - INFO - load key [fc1.bias].length : 120, cost time : 0m:0s:0ms
2024-11-19 17:19:07,434 - fed_utils - INFO - load key [fc2.weight].length : 10080, cost time : 0m:0s:0ms
2024-11-19 17:19:07,435 - fed_utils - INFO - load key [fc2.bias].length : 84, cost time : 0m:0s:0ms
2024-11-19 17:19:14,243 - fed_utils - INFO - encrypting key [fc3.weight].length : 840, cost time : 0m:6s:808ms
2024-11-19 17:19:14,322 - fed_utils - INFO - encrypting key [fc3.bias].length : 10, cost time : 0m:0s:79ms
2024-11-19 17:19:14,322 - fl_main - INFO - Server receive client_dict[f_00003] info ...
2024-11-19 17:19:14,322 - fl_main - INFO - ----- client id [f_00004] -----
2024-11-19 17:19:14,323 - fed_utils - INFO - init global model cost time : 0m:0s:0ms
2024-11-19 17:19:14,323 - client_base - INFO - recover model cost time : 0m:0s:0ms
2024-11-19 17:19:14,323 - fl_main - INFO - client_dict[f_00004] training ...
2024-11-19 17:19:14,324 - client_base - INFO - client_dict[f_00004] training epoch : 0
2024-11-19 17:19:15,108 - client_base - INFO - local model train cost time : 0m:0s:783ms
2024-11-19 17:19:15,109 - client_base - INFO - model encode time : 0m:0s:1ms
2024-11-19 17:19:15,110 - fl_main - INFO - client_dict[f_00004] local model encrypting ...
2024-11-19 17:19:16,293 - fed_utils - INFO - encrypting key [conv1.weight].length : 150, cost time : 0m:1s:183ms
2024-11-19 17:19:16,341 - fed_utils - INFO - encrypting key [conv1.bias].length : 6, cost time : 0m:0s:47ms
2024-11-19 17:19:16,341 - fed_utils - INFO - load key [conv2.weight].length : 2400, cost time : 0m:0s:0ms
2024-11-19 17:19:16,341 - fed_utils - INFO - load key [conv2.bias].length : 16, cost time : 0m:0s:0ms
2024-11-19 17:19:16,342 - fed_utils - INFO - load key [fc1.weight].length : 48000, cost time : 0m:0s:0ms
2024-11-19 17:19:16,342 - fed_utils - INFO - load key [fc1.bias].length : 120, cost time : 0m:0s:0ms
2024-11-19 17:19:16,342 - fed_utils - INFO - load key [fc2.weight].length : 10080, cost time : 0m:0s:0ms
2024-11-19 17:19:16,342 - fed_utils - INFO - load key [fc2.bias].length : 84, cost time : 0m:0s:0ms
2024-11-19 17:19:22,965 - fed_utils - INFO - encrypting key [fc3.weight].length : 840, cost time : 0m:6s:622ms
2024-11-19 17:19:23,044 - fed_utils - INFO - encrypting key [fc3.bias].length : 10, cost time : 0m:0s:79ms
2024-11-19 17:19:23,044 - fl_main - INFO - Server receive client_dict[f_00004] info ...
2024-11-19 17:19:23,044 - fl_main - INFO - global aggregation process ...
2024-11-19 17:19:23,044 - fed_utils - INFO - server.n_data : 60000
2024-11-19 17:19:23,044 - fed_utils - INFO - client_dict[f_00000].weight : 0.200000
2024-11-19 17:19:23,044 - fed_utils - INFO - client_dict[f_00001].weight : 0.200000
2024-11-19 17:19:23,044 - fed_utils - INFO - client_dict[f_00002].weight : 0.200000
2024-11-19 17:19:23,044 - fed_utils - INFO - client_dict[f_00003].weight : 0.200000
2024-11-19 17:19:23,044 - fed_utils - INFO - client_dict[f_00004].weight : 0.200000
2024-11-19 17:19:23,044 - fed_utils - INFO - recover secret number by clients: 3157279.000000
2024-11-19 17:19:23,044 - server_base - INFO - Server aggregate model with homomorphic encryption ...
2024-11-19 17:19:24,480 - server_base - INFO - Server aggregate model done, cost time : 0m:1s:435ms
2024-11-19 17:19:24,822 - fed_utils - INFO - decrypting key [conv1.weight].shape [torch.Size([6, 1, 5, 5])]
2024-11-19 17:19:24,836 - fed_utils - INFO - decrypting key [conv1.bias].shape [torch.Size([6])]
2024-11-19 17:19:24,836 - fed_utils - INFO - decrypting key [conv2.weight].shape [torch.Size([16, 6, 5, 5])]
2024-11-19 17:19:24,836 - fed_utils - INFO - decrypting key [conv2.bias].shape [torch.Size([16])]
2024-11-19 17:19:24,836 - fed_utils - INFO - decrypting key [fc1.weight].shape [torch.Size([120, 400])]
2024-11-19 17:19:24,836 - fed_utils - INFO - decrypting key [fc1.bias].shape [torch.Size([120])]
2024-11-19 17:19:24,836 - fed_utils - INFO - decrypting key [fc2.weight].shape [torch.Size([84, 120])]
2024-11-19 17:19:24,836 - fed_utils - INFO - decrypting key [fc2.bias].shape [torch.Size([84])]
2024-11-19 17:19:26,748 - fed_utils - INFO - decrypting key [fc3.weight].shape [torch.Size([10, 84])]
2024-11-19 17:19:26,771 - fed_utils - INFO - decrypting key [fc3.bias].shape [torch.Size([10])]
2024-11-19 17:19:26,771 - fed_utils - INFO - decrypt time : [0m:2s:290ms]
2024-11-19 17:19:26,774 - fl_main - INFO - [global round : 36] aggregated model accuracy : 0.9833000000000001
2024-11-19 17:19:26,774 - fl_main - INFO - [global round : 36] aggregated model loss : 0.01244125442077517
2024-11-19 17:19:26,775 - fl_main - INFO - global round : 37
2024-11-19 17:19:26,775 - fl_main - INFO - the random client id to test accuracy : f_00002
2024-11-19 17:19:26,775 - fl_main - INFO - ----- client id [f_00000] -----
2024-11-19 17:19:26,776 - fed_utils - INFO - init global model cost time : 0m:0s:0ms
2024-11-19 17:19:26,776 - client_base - INFO - recover model cost time : 0m:0s:0ms
2024-11-19 17:19:26,776 - fl_main - INFO - client_dict[f_00000] training ...
2024-11-19 17:19:26,777 - client_base - INFO - client_dict[f_00000] training epoch : 0
2024-11-19 17:19:27,717 - client_base - INFO - local model train cost time : 0m:0s:939ms
2024-11-19 17:19:27,718 - client_base - INFO - model encode time : 0m:0s:1ms
2024-11-19 17:19:27,718 - fl_main - INFO - client_dict[f_00000] local model encrypting ...
2024-11-19 17:19:28,902 - fed_utils - INFO - encrypting key [conv1.weight].length : 150, cost time : 0m:1s:183ms
2024-11-19 17:19:28,950 - fed_utils - INFO - encrypting key [conv1.bias].length : 6, cost time : 0m:0s:47ms
2024-11-19 17:19:28,950 - fed_utils - INFO - load key [conv2.weight].length : 2400, cost time : 0m:0s:0ms
2024-11-19 17:19:28,950 - fed_utils - INFO - load key [conv2.bias].length : 16, cost time : 0m:0s:0ms
2024-11-19 17:19:28,951 - fed_utils - INFO - load key [fc1.weight].length : 48000, cost time : 0m:0s:0ms
2024-11-19 17:19:28,951 - fed_utils - INFO - load key [fc1.bias].length : 120, cost time : 0m:0s:0ms
2024-11-19 17:19:28,951 - fed_utils - INFO - load key [fc2.weight].length : 10080, cost time : 0m:0s:0ms
2024-11-19 17:19:28,951 - fed_utils - INFO - load key [fc2.bias].length : 84, cost time : 0m:0s:0ms
2024-11-19 17:19:35,584 - fed_utils - INFO - encrypting key [fc3.weight].length : 840, cost time : 0m:6s:632ms
2024-11-19 17:19:35,663 - fed_utils - INFO - encrypting key [fc3.bias].length : 10, cost time : 0m:0s:79ms
2024-11-19 17:19:35,664 - fl_main - INFO - Server receive client_dict[f_00000] info ...
2024-11-19 17:19:35,664 - fl_main - INFO - ----- client id [f_00001] -----
2024-11-19 17:19:35,665 - fed_utils - INFO - init global model cost time : 0m:0s:0ms
2024-11-19 17:19:35,666 - client_base - INFO - recover model cost time : 0m:0s:0ms
2024-11-19 17:19:35,666 - fl_main - INFO - client_dict[f_00001] training ...
2024-11-19 17:19:35,666 - client_base - INFO - client_dict[f_00001] training epoch : 0
2024-11-19 17:19:36,446 - client_base - INFO - local model train cost time : 0m:0s:779ms
2024-11-19 17:19:36,448 - client_base - INFO - model encode time : 0m:0s:1ms
2024-11-19 17:19:36,448 - fl_main - INFO - client_dict[f_00001] local model encrypting ...
2024-11-19 17:19:37,632 - fed_utils - INFO - encrypting key [conv1.weight].length : 150, cost time : 0m:1s:184ms
2024-11-19 17:19:37,680 - fed_utils - INFO - encrypting key [conv1.bias].length : 6, cost time : 0m:0s:47ms
2024-11-19 17:19:37,680 - fed_utils - INFO - load key [conv2.weight].length : 2400, cost time : 0m:0s:0ms
2024-11-19 17:19:37,680 - fed_utils - INFO - load key [conv2.bias].length : 16, cost time : 0m:0s:0ms
2024-11-19 17:19:37,681 - fed_utils - INFO - load key [fc1.weight].length : 48000, cost time : 0m:0s:0ms
2024-11-19 17:19:37,681 - fed_utils - INFO - load key [fc1.bias].length : 120, cost time : 0m:0s:0ms
2024-11-19 17:19:37,682 - fed_utils - INFO - load key [fc2.weight].length : 10080, cost time : 0m:0s:0ms
2024-11-19 17:19:37,682 - fed_utils - INFO - load key [fc2.bias].length : 84, cost time : 0m:0s:0ms
2024-11-19 17:19:44,454 - fed_utils - INFO - encrypting key [fc3.weight].length : 840, cost time : 0m:6s:772ms
2024-11-19 17:19:44,534 - fed_utils - INFO - encrypting key [fc3.bias].length : 10, cost time : 0m:0s:79ms
2024-11-19 17:19:44,534 - fl_main - INFO - Server receive client_dict[f_00001] info ...
2024-11-19 17:19:44,534 - fl_main - INFO - ----- client id [f_00002] -----
2024-11-19 17:19:44,535 - fed_utils - INFO - init global model cost time : 0m:0s:0ms
2024-11-19 17:19:44,535 - client_base - INFO - recover model cost time : 0m:0s:0ms
2024-11-19 17:19:45,357 - fl_main - INFO - global round [37] client_dict[f_00002].accuracy : 0.984100
2024-11-19 17:19:45,357 - fl_main - INFO - client_dict[f_00002] training ...
2024-11-19 17:19:45,357 - client_base - INFO - client_dict[f_00002] training epoch : 0
2024-11-19 17:19:46,129 - client_base - INFO - local model train cost time : 0m:0s:772ms
2024-11-19 17:19:46,131 - client_base - INFO - model encode time : 0m:0s:1ms
2024-11-19 17:19:46,131 - fl_main - INFO - client_dict[f_00002] local model encrypting ...
2024-11-19 17:19:47,315 - fed_utils - INFO - encrypting key [conv1.weight].length : 150, cost time : 0m:1s:183ms
2024-11-19 17:19:47,363 - fed_utils - INFO - encrypting key [conv1.bias].length : 6, cost time : 0m:0s:47ms
2024-11-19 17:19:47,363 - fed_utils - INFO - load key [conv2.weight].length : 2400, cost time : 0m:0s:0ms
2024-11-19 17:19:47,363 - fed_utils - INFO - load key [conv2.bias].length : 16, cost time : 0m:0s:0ms
2024-11-19 17:19:47,364 - fed_utils - INFO - load key [fc1.weight].length : 48000, cost time : 0m:0s:0ms
2024-11-19 17:19:47,364 - fed_utils - INFO - load key [fc1.bias].length : 120, cost time : 0m:0s:0ms
2024-11-19 17:19:47,364 - fed_utils - INFO - load key [fc2.weight].length : 10080, cost time : 0m:0s:0ms
2024-11-19 17:19:47,365 - fed_utils - INFO - load key [fc2.bias].length : 84, cost time : 0m:0s:0ms
2024-11-19 17:19:53,985 - fed_utils - INFO - encrypting key [fc3.weight].length : 840, cost time : 0m:6s:620ms
2024-11-19 17:19:54,066 - fed_utils - INFO - encrypting key [fc3.bias].length : 10, cost time : 0m:0s:80ms
2024-11-19 17:19:54,066 - fl_main - INFO - Server receive client_dict[f_00002] info ...
2024-11-19 17:19:54,066 - fl_main - INFO - ----- client id [f_00003] -----
2024-11-19 17:19:54,067 - fed_utils - INFO - init global model cost time : 0m:0s:0ms
2024-11-19 17:19:54,068 - client_base - INFO - recover model cost time : 0m:0s:0ms
2024-11-19 17:19:54,068 - fl_main - INFO - client_dict[f_00003] training ...
2024-11-19 17:19:54,068 - client_base - INFO - client_dict[f_00003] training epoch : 0
2024-11-19 17:19:54,829 - client_base - INFO - local model train cost time : 0m:0s:760ms
2024-11-19 17:19:54,830 - client_base - INFO - model encode time : 0m:0s:1ms
2024-11-19 17:19:54,830 - fl_main - INFO - client_dict[f_00003] local model encrypting ...
2024-11-19 17:19:56,013 - fed_utils - INFO - encrypting key [conv1.weight].length : 150, cost time : 0m:1s:182ms
2024-11-19 17:19:56,061 - fed_utils - INFO - encrypting key [conv1.bias].length : 6, cost time : 0m:0s:47ms
2024-11-19 17:19:56,061 - fed_utils - INFO - load key [conv2.weight].length : 2400, cost time : 0m:0s:0ms
2024-11-19 17:19:56,061 - fed_utils - INFO - load key [conv2.bias].length : 16, cost time : 0m:0s:0ms
2024-11-19 17:19:56,062 - fed_utils - INFO - load key [fc1.weight].length : 48000, cost time : 0m:0s:0ms
2024-11-19 17:19:56,062 - fed_utils - INFO - load key [fc1.bias].length : 120, cost time : 0m:0s:0ms
2024-11-19 17:19:56,063 - fed_utils - INFO - load key [fc2.weight].length : 10080, cost time : 0m:0s:0ms
2024-11-19 17:19:56,063 - fed_utils - INFO - load key [fc2.bias].length : 84, cost time : 0m:0s:0ms
2024-11-19 17:20:02,814 - fed_utils - INFO - encrypting key [fc3.weight].length : 840, cost time : 0m:6s:751ms
2024-11-19 17:20:02,893 - fed_utils - INFO - encrypting key [fc3.bias].length : 10, cost time : 0m:0s:79ms
2024-11-19 17:20:02,893 - fl_main - INFO - Server receive client_dict[f_00003] info ...
2024-11-19 17:20:02,893 - fl_main - INFO - ----- client id [f_00004] -----
2024-11-19 17:20:02,894 - fed_utils - INFO - init global model cost time : 0m:0s:0ms
2024-11-19 17:20:02,894 - client_base - INFO - recover model cost time : 0m:0s:0ms
2024-11-19 17:20:02,894 - fl_main - INFO - client_dict[f_00004] training ...
2024-11-19 17:20:02,895 - client_base - INFO - client_dict[f_00004] training epoch : 0
2024-11-19 17:20:03,682 - client_base - INFO - local model train cost time : 0m:0s:787ms
2024-11-19 17:20:03,684 - client_base - INFO - model encode time : 0m:0s:1ms
2024-11-19 17:20:03,684 - fl_main - INFO - client_dict[f_00004] local model encrypting ...
2024-11-19 17:20:04,870 - fed_utils - INFO - encrypting key [conv1.weight].length : 150, cost time : 0m:1s:186ms
2024-11-19 17:20:04,918 - fed_utils - INFO - encrypting key [conv1.bias].length : 6, cost time : 0m:0s:47ms
2024-11-19 17:20:04,918 - fed_utils - INFO - load key [conv2.weight].length : 2400, cost time : 0m:0s:0ms
2024-11-19 17:20:04,918 - fed_utils - INFO - load key [conv2.bias].length : 16, cost time : 0m:0s:0ms
2024-11-19 17:20:04,919 - fed_utils - INFO - load key [fc1.weight].length : 48000, cost time : 0m:0s:0ms
2024-11-19 17:20:04,919 - fed_utils - INFO - load key [fc1.bias].length : 120, cost time : 0m:0s:0ms
2024-11-19 17:20:04,920 - fed_utils - INFO - load key [fc2.weight].length : 10080, cost time : 0m:0s:0ms
2024-11-19 17:20:04,920 - fed_utils - INFO - load key [fc2.bias].length : 84, cost time : 0m:0s:0ms
2024-11-19 17:20:11,546 - fed_utils - INFO - encrypting key [fc3.weight].length : 840, cost time : 0m:6s:625ms
2024-11-19 17:20:11,625 - fed_utils - INFO - encrypting key [fc3.bias].length : 10, cost time : 0m:0s:79ms
2024-11-19 17:20:11,625 - fl_main - INFO - Server receive client_dict[f_00004] info ...
2024-11-19 17:20:11,625 - fl_main - INFO - global aggregation process ...
2024-11-19 17:20:11,625 - fed_utils - INFO - server.n_data : 60000
2024-11-19 17:20:11,626 - fed_utils - INFO - client_dict[f_00000].weight : 0.200000
2024-11-19 17:20:11,626 - fed_utils - INFO - client_dict[f_00001].weight : 0.200000
2024-11-19 17:20:11,626 - fed_utils - INFO - client_dict[f_00002].weight : 0.200000
2024-11-19 17:20:11,626 - fed_utils - INFO - client_dict[f_00003].weight : 0.200000
2024-11-19 17:20:11,626 - fed_utils - INFO - client_dict[f_00004].weight : 0.200000
2024-11-19 17:20:11,626 - fed_utils - INFO - recover secret number by clients: 3157279.000000
2024-11-19 17:20:11,626 - server_base - INFO - Server aggregate model with homomorphic encryption ...
2024-11-19 17:20:13,212 - server_base - INFO - Server aggregate model done, cost time : 0m:1s:586ms
2024-11-19 17:20:13,554 - fed_utils - INFO - decrypting key [conv1.weight].shape [torch.Size([6, 1, 5, 5])]
2024-11-19 17:20:13,567 - fed_utils - INFO - decrypting key [conv1.bias].shape [torch.Size([6])]
2024-11-19 17:20:13,567 - fed_utils - INFO - decrypting key [conv2.weight].shape [torch.Size([16, 6, 5, 5])]
2024-11-19 17:20:13,567 - fed_utils - INFO - decrypting key [conv2.bias].shape [torch.Size([16])]
2024-11-19 17:20:13,568 - fed_utils - INFO - decrypting key [fc1.weight].shape [torch.Size([120, 400])]
2024-11-19 17:20:13,568 - fed_utils - INFO - decrypting key [fc1.bias].shape [torch.Size([120])]
2024-11-19 17:20:13,568 - fed_utils - INFO - decrypting key [fc2.weight].shape [torch.Size([84, 120])]
2024-11-19 17:20:13,568 - fed_utils - INFO - decrypting key [fc2.bias].shape [torch.Size([84])]
2024-11-19 17:20:15,481 - fed_utils - INFO - decrypting key [fc3.weight].shape [torch.Size([10, 84])]
2024-11-19 17:20:15,504 - fed_utils - INFO - decrypting key [fc3.bias].shape [torch.Size([10])]
2024-11-19 17:20:15,504 - fed_utils - INFO - decrypt time : [0m:2s:291ms]
2024-11-19 17:20:15,506 - fl_main - INFO - [global round : 37] aggregated model accuracy : 0.9841000000000001
2024-11-19 17:20:15,506 - fl_main - INFO - [global round : 37] aggregated model loss : 0.028743492268081695
2024-11-19 17:20:15,507 - fl_main - INFO - global round : 38
2024-11-19 17:20:15,507 - fl_main - INFO - the random client id to test accuracy : f_00002
2024-11-19 17:20:15,507 - fl_main - INFO - ----- client id [f_00000] -----
2024-11-19 17:20:15,508 - fed_utils - INFO - init global model cost time : 0m:0s:0ms
2024-11-19 17:20:15,508 - client_base - INFO - recover model cost time : 0m:0s:0ms
2024-11-19 17:20:15,509 - fl_main - INFO - client_dict[f_00000] training ...
2024-11-19 17:20:15,509 - client_base - INFO - client_dict[f_00000] training epoch : 0
2024-11-19 17:20:16,296 - client_base - INFO - local model train cost time : 0m:0s:786ms
2024-11-19 17:20:16,297 - client_base - INFO - model encode time : 0m:0s:1ms
2024-11-19 17:20:16,298 - fl_main - INFO - client_dict[f_00000] local model encrypting ...
2024-11-19 17:20:17,481 - fed_utils - INFO - encrypting key [conv1.weight].length : 150, cost time : 0m:1s:183ms
2024-11-19 17:20:17,529 - fed_utils - INFO - encrypting key [conv1.bias].length : 6, cost time : 0m:0s:47ms
2024-11-19 17:20:17,529 - fed_utils - INFO - load key [conv2.weight].length : 2400, cost time : 0m:0s:0ms
2024-11-19 17:20:17,529 - fed_utils - INFO - load key [conv2.bias].length : 16, cost time : 0m:0s:0ms
2024-11-19 17:20:17,530 - fed_utils - INFO - load key [fc1.weight].length : 48000, cost time : 0m:0s:1ms
2024-11-19 17:20:17,530 - fed_utils - INFO - load key [fc1.bias].length : 120, cost time : 0m:0s:0ms
2024-11-19 17:20:17,530 - fed_utils - INFO - load key [fc2.weight].length : 10080, cost time : 0m:0s:0ms
2024-11-19 17:20:17,531 - fed_utils - INFO - load key [fc2.bias].length : 84, cost time : 0m:0s:0ms
2024-11-19 17:20:24,156 - fed_utils - INFO - encrypting key [fc3.weight].length : 840, cost time : 0m:6s:625ms
2024-11-19 17:20:24,235 - fed_utils - INFO - encrypting key [fc3.bias].length : 10, cost time : 0m:0s:79ms
2024-11-19 17:20:24,236 - fl_main - INFO - Server receive client_dict[f_00000] info ...
2024-11-19 17:20:24,236 - fl_main - INFO - ----- client id [f_00001] -----
2024-11-19 17:20:24,237 - fed_utils - INFO - init global model cost time : 0m:0s:0ms
2024-11-19 17:20:24,237 - client_base - INFO - recover model cost time : 0m:0s:0ms
2024-11-19 17:20:24,237 - fl_main - INFO - client_dict[f_00001] training ...
2024-11-19 17:20:24,238 - client_base - INFO - client_dict[f_00001] training epoch : 0
2024-11-19 17:20:24,998 - client_base - INFO - local model train cost time : 0m:0s:759ms
2024-11-19 17:20:24,999 - client_base - INFO - model encode time : 0m:0s:1ms
2024-11-19 17:20:24,999 - fl_main - INFO - client_dict[f_00001] local model encrypting ...
2024-11-19 17:20:26,187 - fed_utils - INFO - encrypting key [conv1.weight].length : 150, cost time : 0m:1s:187ms
2024-11-19 17:20:26,235 - fed_utils - INFO - encrypting key [conv1.bias].length : 6, cost time : 0m:0s:47ms
2024-11-19 17:20:26,235 - fed_utils - INFO - load key [conv2.weight].length : 2400, cost time : 0m:0s:0ms
2024-11-19 17:20:26,235 - fed_utils - INFO - load key [conv2.bias].length : 16, cost time : 0m:0s:0ms
2024-11-19 17:20:26,236 - fed_utils - INFO - load key [fc1.weight].length : 48000, cost time : 0m:0s:0ms
2024-11-19 17:20:26,236 - fed_utils - INFO - load key [fc1.bias].length : 120, cost time : 0m:0s:0ms
2024-11-19 17:20:26,236 - fed_utils - INFO - load key [fc2.weight].length : 10080, cost time : 0m:0s:0ms
2024-11-19 17:20:26,236 - fed_utils - INFO - load key [fc2.bias].length : 84, cost time : 0m:0s:0ms
2024-11-19 17:20:33,018 - fed_utils - INFO - encrypting key [fc3.weight].length : 840, cost time : 0m:6s:782ms
2024-11-19 17:20:33,098 - fed_utils - INFO - encrypting key [fc3.bias].length : 10, cost time : 0m:0s:79ms
2024-11-19 17:20:33,098 - fl_main - INFO - Server receive client_dict[f_00001] info ...
2024-11-19 17:20:33,098 - fl_main - INFO - ----- client id [f_00002] -----
2024-11-19 17:20:33,099 - fed_utils - INFO - init global model cost time : 0m:0s:0ms
2024-11-19 17:20:33,099 - client_base - INFO - recover model cost time : 0m:0s:0ms
2024-11-19 17:20:33,923 - fl_main - INFO - global round [38] client_dict[f_00002].accuracy : 0.984300
2024-11-19 17:20:33,923 - fl_main - INFO - client_dict[f_00002] training ...
2024-11-19 17:20:33,924 - client_base - INFO - client_dict[f_00002] training epoch : 0
2024-11-19 17:20:34,712 - client_base - INFO - local model train cost time : 0m:0s:788ms
2024-11-19 17:20:34,714 - client_base - INFO - model encode time : 0m:0s:1ms
2024-11-19 17:20:34,714 - fl_main - INFO - client_dict[f_00002] local model encrypting ...
2024-11-19 17:20:35,897 - fed_utils - INFO - encrypting key [conv1.weight].length : 150, cost time : 0m:1s:183ms
2024-11-19 17:20:35,945 - fed_utils - INFO - encrypting key [conv1.bias].length : 6, cost time : 0m:0s:47ms
2024-11-19 17:20:35,945 - fed_utils - INFO - load key [conv2.weight].length : 2400, cost time : 0m:0s:0ms
2024-11-19 17:20:35,945 - fed_utils - INFO - load key [conv2.bias].length : 16, cost time : 0m:0s:0ms
2024-11-19 17:20:35,946 - fed_utils - INFO - load key [fc1.weight].length : 48000, cost time : 0m:0s:0ms
2024-11-19 17:20:35,946 - fed_utils - INFO - load key [fc1.bias].length : 120, cost time : 0m:0s:0ms
2024-11-19 17:20:35,946 - fed_utils - INFO - load key [fc2.weight].length : 10080, cost time : 0m:0s:0ms
2024-11-19 17:20:35,947 - fed_utils - INFO - load key [fc2.bias].length : 84, cost time : 0m:0s:0ms
2024-11-19 17:20:42,717 - fed_utils - INFO - encrypting key [fc3.weight].length : 840, cost time : 0m:6s:770ms
2024-11-19 17:20:42,796 - fed_utils - INFO - encrypting key [fc3.bias].length : 10, cost time : 0m:0s:79ms
2024-11-19 17:20:42,796 - fl_main - INFO - Server receive client_dict[f_00002] info ...
2024-11-19 17:20:42,796 - fl_main - INFO - ----- client id [f_00003] -----
2024-11-19 17:20:42,797 - fed_utils - INFO - init global model cost time : 0m:0s:0ms
2024-11-19 17:20:42,797 - client_base - INFO - recover model cost time : 0m:0s:0ms
2024-11-19 17:20:42,797 - fl_main - INFO - client_dict[f_00003] training ...
2024-11-19 17:20:42,798 - client_base - INFO - client_dict[f_00003] training epoch : 0
2024-11-19 17:20:43,584 - client_base - INFO - local model train cost time : 0m:0s:785ms
2024-11-19 17:20:43,585 - client_base - INFO - model encode time : 0m:0s:1ms
2024-11-19 17:20:43,585 - fl_main - INFO - client_dict[f_00003] local model encrypting ...
2024-11-19 17:20:44,769 - fed_utils - INFO - encrypting key [conv1.weight].length : 150, cost time : 0m:1s:183ms
2024-11-19 17:20:44,816 - fed_utils - INFO - encrypting key [conv1.bias].length : 6, cost time : 0m:0s:47ms
2024-11-19 17:20:44,817 - fed_utils - INFO - load key [conv2.weight].length : 2400, cost time : 0m:0s:0ms
2024-11-19 17:20:44,817 - fed_utils - INFO - load key [conv2.bias].length : 16, cost time : 0m:0s:0ms
2024-11-19 17:20:44,818 - fed_utils - INFO - load key [fc1.weight].length : 48000, cost time : 0m:0s:0ms
2024-11-19 17:20:44,818 - fed_utils - INFO - load key [fc1.bias].length : 120, cost time : 0m:0s:0ms
2024-11-19 17:20:44,818 - fed_utils - INFO - load key [fc2.weight].length : 10080, cost time : 0m:0s:0ms
2024-11-19 17:20:44,818 - fed_utils - INFO - load key [fc2.bias].length : 84, cost time : 0m:0s:0ms
2024-11-19 17:20:51,442 - fed_utils - INFO - encrypting key [fc3.weight].length : 840, cost time : 0m:6s:624ms
2024-11-19 17:20:51,522 - fed_utils - INFO - encrypting key [fc3.bias].length : 10, cost time : 0m:0s:79ms
2024-11-19 17:20:51,522 - fl_main - INFO - Server receive client_dict[f_00003] info ...
2024-11-19 17:20:51,522 - fl_main - INFO - ----- client id [f_00004] -----
2024-11-19 17:20:51,523 - fed_utils - INFO - init global model cost time : 0m:0s:0ms
2024-11-19 17:20:51,523 - client_base - INFO - recover model cost time : 0m:0s:0ms
2024-11-19 17:20:51,523 - fl_main - INFO - client_dict[f_00004] training ...
2024-11-19 17:20:51,524 - client_base - INFO - client_dict[f_00004] training epoch : 0
2024-11-19 17:20:52,335 - client_base - INFO - local model train cost time : 0m:0s:811ms
2024-11-19 17:20:52,336 - client_base - INFO - model encode time : 0m:0s:1ms
2024-11-19 17:20:52,336 - fl_main - INFO - client_dict[f_00004] local model encrypting ...
2024-11-19 17:20:53,520 - fed_utils - INFO - encrypting key [conv1.weight].length : 150, cost time : 0m:1s:183ms
2024-11-19 17:20:53,567 - fed_utils - INFO - encrypting key [conv1.bias].length : 6, cost time : 0m:0s:47ms
2024-11-19 17:20:53,567 - fed_utils - INFO - load key [conv2.weight].length : 2400, cost time : 0m:0s:0ms
2024-11-19 17:20:53,568 - fed_utils - INFO - load key [conv2.bias].length : 16, cost time : 0m:0s:0ms
2024-11-19 17:20:53,568 - fed_utils - INFO - load key [fc1.weight].length : 48000, cost time : 0m:0s:0ms
2024-11-19 17:20:53,569 - fed_utils - INFO - load key [fc1.bias].length : 120, cost time : 0m:0s:0ms
2024-11-19 17:20:53,569 - fed_utils - INFO - load key [fc2.weight].length : 10080, cost time : 0m:0s:0ms
2024-11-19 17:20:53,569 - fed_utils - INFO - load key [fc2.bias].length : 84, cost time : 0m:0s:0ms
2024-11-19 17:21:00,368 - fed_utils - INFO - encrypting key [fc3.weight].length : 840, cost time : 0m:6s:798ms
2024-11-19 17:21:00,447 - fed_utils - INFO - encrypting key [fc3.bias].length : 10, cost time : 0m:0s:79ms
2024-11-19 17:21:00,447 - fl_main - INFO - Server receive client_dict[f_00004] info ...
2024-11-19 17:21:00,447 - fl_main - INFO - global aggregation process ...
2024-11-19 17:21:00,448 - fed_utils - INFO - server.n_data : 60000
2024-11-19 17:21:00,448 - fed_utils - INFO - client_dict[f_00000].weight : 0.200000
2024-11-19 17:21:00,448 - fed_utils - INFO - client_dict[f_00001].weight : 0.200000
2024-11-19 17:21:00,448 - fed_utils - INFO - client_dict[f_00002].weight : 0.200000
2024-11-19 17:21:00,448 - fed_utils - INFO - client_dict[f_00003].weight : 0.200000
2024-11-19 17:21:00,448 - fed_utils - INFO - client_dict[f_00004].weight : 0.200000
2024-11-19 17:21:00,448 - fed_utils - INFO - recover secret number by clients: 3157279.000000
2024-11-19 17:21:00,448 - server_base - INFO - Server aggregate model with homomorphic encryption ...
2024-11-19 17:21:01,884 - server_base - INFO - Server aggregate model done, cost time : 0m:1s:435ms
2024-11-19 17:21:02,226 - fed_utils - INFO - decrypting key [conv1.weight].shape [torch.Size([6, 1, 5, 5])]
2024-11-19 17:21:02,240 - fed_utils - INFO - decrypting key [conv1.bias].shape [torch.Size([6])]
2024-11-19 17:21:02,240 - fed_utils - INFO - decrypting key [conv2.weight].shape [torch.Size([16, 6, 5, 5])]
2024-11-19 17:21:02,240 - fed_utils - INFO - decrypting key [conv2.bias].shape [torch.Size([16])]
2024-11-19 17:21:02,240 - fed_utils - INFO - decrypting key [fc1.weight].shape [torch.Size([120, 400])]
2024-11-19 17:21:02,240 - fed_utils - INFO - decrypting key [fc1.bias].shape [torch.Size([120])]
2024-11-19 17:21:02,240 - fed_utils - INFO - decrypting key [fc2.weight].shape [torch.Size([84, 120])]
2024-11-19 17:21:02,240 - fed_utils - INFO - decrypting key [fc2.bias].shape [torch.Size([84])]
2024-11-19 17:21:04,153 - fed_utils - INFO - decrypting key [fc3.weight].shape [torch.Size([10, 84])]
2024-11-19 17:21:04,175 - fed_utils - INFO - decrypting key [fc3.bias].shape [torch.Size([10])]
2024-11-19 17:21:04,175 - fed_utils - INFO - decrypt time : [0m:2s:291ms]
2024-11-19 17:21:04,178 - fl_main - INFO - [global round : 38] aggregated model accuracy : 0.9843000000000001
2024-11-19 17:21:04,178 - fl_main - INFO - [global round : 38] aggregated model loss : 0.01185235937800131
2024-11-19 17:21:04,179 - fl_main - INFO - global round : 39
2024-11-19 17:21:04,179 - fl_main - INFO - the random client id to test accuracy : f_00000
2024-11-19 17:21:04,179 - fl_main - INFO - ----- client id [f_00000] -----
2024-11-19 17:21:04,180 - fed_utils - INFO - init global model cost time : 0m:0s:0ms
2024-11-19 17:21:04,180 - client_base - INFO - recover model cost time : 0m:0s:0ms
2024-11-19 17:21:05,018 - fl_main - INFO - global round [39] client_dict[f_00000].accuracy : 0.984700
2024-11-19 17:21:05,018 - fl_main - INFO - client_dict[f_00000] training ...
2024-11-19 17:21:05,018 - client_base - INFO - client_dict[f_00000] training epoch : 0
2024-11-19 17:21:05,787 - client_base - INFO - local model train cost time : 0m:0s:768ms
2024-11-19 17:21:05,788 - client_base - INFO - model encode time : 0m:0s:1ms
2024-11-19 17:21:05,788 - fl_main - INFO - client_dict[f_00000] local model encrypting ...
2024-11-19 17:21:06,973 - fed_utils - INFO - encrypting key [conv1.weight].length : 150, cost time : 0m:1s:184ms
2024-11-19 17:21:07,021 - fed_utils - INFO - encrypting key [conv1.bias].length : 6, cost time : 0m:0s:47ms
2024-11-19 17:21:07,021 - fed_utils - INFO - load key [conv2.weight].length : 2400, cost time : 0m:0s:0ms
2024-11-19 17:21:07,021 - fed_utils - INFO - load key [conv2.bias].length : 16, cost time : 0m:0s:0ms
2024-11-19 17:21:07,022 - fed_utils - INFO - load key [fc1.weight].length : 48000, cost time : 0m:0s:0ms
2024-11-19 17:21:07,022 - fed_utils - INFO - load key [fc1.bias].length : 120, cost time : 0m:0s:0ms
2024-11-19 17:21:07,023 - fed_utils - INFO - load key [fc2.weight].length : 10080, cost time : 0m:0s:0ms
2024-11-19 17:21:07,023 - fed_utils - INFO - load key [fc2.bias].length : 84, cost time : 0m:0s:0ms
2024-11-19 17:21:13,782 - fed_utils - INFO - encrypting key [fc3.weight].length : 840, cost time : 0m:6s:758ms
2024-11-19 17:21:13,861 - fed_utils - INFO - encrypting key [fc3.bias].length : 10, cost time : 0m:0s:79ms
2024-11-19 17:21:13,862 - fl_main - INFO - Server receive client_dict[f_00000] info ...
2024-11-19 17:21:13,862 - fl_main - INFO - ----- client id [f_00001] -----
2024-11-19 17:21:13,863 - fed_utils - INFO - init global model cost time : 0m:0s:0ms
2024-11-19 17:21:13,863 - client_base - INFO - recover model cost time : 0m:0s:0ms
2024-11-19 17:21:13,864 - fl_main - INFO - client_dict[f_00001] training ...
2024-11-19 17:21:13,864 - client_base - INFO - client_dict[f_00001] training epoch : 0
2024-11-19 17:21:14,627 - client_base - INFO - local model train cost time : 0m:0s:763ms
2024-11-19 17:21:14,629 - client_base - INFO - model encode time : 0m:0s:1ms
2024-11-19 17:21:14,629 - fl_main - INFO - client_dict[f_00001] local model encrypting ...
2024-11-19 17:21:15,812 - fed_utils - INFO - encrypting key [conv1.weight].length : 150, cost time : 0m:1s:182ms
2024-11-19 17:21:15,860 - fed_utils - INFO - encrypting key [conv1.bias].length : 6, cost time : 0m:0s:48ms
2024-11-19 17:21:15,860 - fed_utils - INFO - load key [conv2.weight].length : 2400, cost time : 0m:0s:0ms
2024-11-19 17:21:15,860 - fed_utils - INFO - load key [conv2.bias].length : 16, cost time : 0m:0s:0ms
2024-11-19 17:21:15,861 - fed_utils - INFO - load key [fc1.weight].length : 48000, cost time : 0m:0s:0ms
2024-11-19 17:21:15,861 - fed_utils - INFO - load key [fc1.bias].length : 120, cost time : 0m:0s:0ms
2024-11-19 17:21:15,861 - fed_utils - INFO - load key [fc2.weight].length : 10080, cost time : 0m:0s:0ms
2024-11-19 17:21:15,861 - fed_utils - INFO - load key [fc2.bias].length : 84, cost time : 0m:0s:0ms
2024-11-19 17:21:22,496 - fed_utils - INFO - encrypting key [fc3.weight].length : 840, cost time : 0m:6s:634ms
2024-11-19 17:21:22,575 - fed_utils - INFO - encrypting key [fc3.bias].length : 10, cost time : 0m:0s:79ms
2024-11-19 17:21:22,575 - fl_main - INFO - Server receive client_dict[f_00001] info ...
2024-11-19 17:21:22,576 - fl_main - INFO - ----- client id [f_00002] -----
2024-11-19 17:21:22,576 - fed_utils - INFO - init global model cost time : 0m:0s:0ms
2024-11-19 17:21:22,577 - client_base - INFO - recover model cost time : 0m:0s:0ms
2024-11-19 17:21:22,577 - fl_main - INFO - client_dict[f_00002] training ...
2024-11-19 17:21:22,578 - client_base - INFO - client_dict[f_00002] training epoch : 0
2024-11-19 17:21:23,366 - client_base - INFO - local model train cost time : 0m:0s:788ms
2024-11-19 17:21:23,367 - client_base - INFO - model encode time : 0m:0s:1ms
2024-11-19 17:21:23,368 - fl_main - INFO - client_dict[f_00002] local model encrypting ...
2024-11-19 17:21:24,553 - fed_utils - INFO - encrypting key [conv1.weight].length : 150, cost time : 0m:1s:185ms
2024-11-19 17:21:24,601 - fed_utils - INFO - encrypting key [conv1.bias].length : 6, cost time : 0m:0s:47ms
2024-11-19 17:21:24,601 - fed_utils - INFO - load key [conv2.weight].length : 2400, cost time : 0m:0s:0ms
2024-11-19 17:21:24,602 - fed_utils - INFO - load key [conv2.bias].length : 16, cost time : 0m:0s:0ms
2024-11-19 17:21:24,602 - fed_utils - INFO - load key [fc1.weight].length : 48000, cost time : 0m:0s:0ms
2024-11-19 17:21:24,603 - fed_utils - INFO - load key [fc1.bias].length : 120, cost time : 0m:0s:0ms
2024-11-19 17:21:24,603 - fed_utils - INFO - load key [fc2.weight].length : 10080, cost time : 0m:0s:0ms
2024-11-19 17:21:24,603 - fed_utils - INFO - load key [fc2.bias].length : 84, cost time : 0m:0s:0ms
2024-11-19 17:21:31,379 - fed_utils - INFO - encrypting key [fc3.weight].length : 840, cost time : 0m:6s:776ms
2024-11-19 17:21:31,459 - fed_utils - INFO - encrypting key [fc3.bias].length : 10, cost time : 0m:0s:79ms
2024-11-19 17:21:31,459 - fl_main - INFO - Server receive client_dict[f_00002] info ...
2024-11-19 17:21:31,459 - fl_main - INFO - ----- client id [f_00003] -----
2024-11-19 17:21:31,460 - fed_utils - INFO - init global model cost time : 0m:0s:0ms
2024-11-19 17:21:31,460 - client_base - INFO - recover model cost time : 0m:0s:0ms
2024-11-19 17:21:31,460 - fl_main - INFO - client_dict[f_00003] training ...
2024-11-19 17:21:31,461 - client_base - INFO - client_dict[f_00003] training epoch : 0
2024-11-19 17:21:32,216 - client_base - INFO - local model train cost time : 0m:0s:755ms
2024-11-19 17:21:32,218 - client_base - INFO - model encode time : 0m:0s:1ms
2024-11-19 17:21:32,218 - fl_main - INFO - client_dict[f_00003] local model encrypting ...
2024-11-19 17:21:33,401 - fed_utils - INFO - encrypting key [conv1.weight].length : 150, cost time : 0m:1s:182ms
2024-11-19 17:21:33,448 - fed_utils - INFO - encrypting key [conv1.bias].length : 6, cost time : 0m:0s:47ms
2024-11-19 17:21:33,449 - fed_utils - INFO - load key [conv2.weight].length : 2400, cost time : 0m:0s:0ms
2024-11-19 17:21:33,449 - fed_utils - INFO - load key [conv2.bias].length : 16, cost time : 0m:0s:0ms
2024-11-19 17:21:33,450 - fed_utils - INFO - load key [fc1.weight].length : 48000, cost time : 0m:0s:0ms
2024-11-19 17:21:33,450 - fed_utils - INFO - load key [fc1.bias].length : 120, cost time : 0m:0s:0ms
2024-11-19 17:21:33,450 - fed_utils - INFO - load key [fc2.weight].length : 10080, cost time : 0m:0s:0ms
2024-11-19 17:21:33,450 - fed_utils - INFO - load key [fc2.bias].length : 84, cost time : 0m:0s:0ms
2024-11-19 17:21:40,072 - fed_utils - INFO - encrypting key [fc3.weight].length : 840, cost time : 0m:6s:622ms
2024-11-19 17:21:40,151 - fed_utils - INFO - encrypting key [fc3.bias].length : 10, cost time : 0m:0s:79ms
2024-11-19 17:21:40,151 - fl_main - INFO - Server receive client_dict[f_00003] info ...
2024-11-19 17:21:40,152 - fl_main - INFO - ----- client id [f_00004] -----
2024-11-19 17:21:40,152 - fed_utils - INFO - init global model cost time : 0m:0s:0ms
2024-11-19 17:21:40,153 - client_base - INFO - recover model cost time : 0m:0s:0ms
2024-11-19 17:21:40,153 - fl_main - INFO - client_dict[f_00004] training ...
2024-11-19 17:21:40,154 - client_base - INFO - client_dict[f_00004] training epoch : 0
2024-11-19 17:21:40,939 - client_base - INFO - local model train cost time : 0m:0s:785ms
2024-11-19 17:21:40,941 - client_base - INFO - model encode time : 0m:0s:1ms
2024-11-19 17:21:40,941 - fl_main - INFO - client_dict[f_00004] local model encrypting ...
2024-11-19 17:21:42,127 - fed_utils - INFO - encrypting key [conv1.weight].length : 150, cost time : 0m:1s:186ms
2024-11-19 17:21:42,176 - fed_utils - INFO - encrypting key [conv1.bias].length : 6, cost time : 0m:0s:48ms
2024-11-19 17:21:42,176 - fed_utils - INFO - load key [conv2.weight].length : 2400, cost time : 0m:0s:0ms
2024-11-19 17:21:42,176 - fed_utils - INFO - load key [conv2.bias].length : 16, cost time : 0m:0s:0ms
2024-11-19 17:21:42,177 - fed_utils - INFO - load key [fc1.weight].length : 48000, cost time : 0m:0s:0ms
2024-11-19 17:21:42,177 - fed_utils - INFO - load key [fc1.bias].length : 120, cost time : 0m:0s:0ms
2024-11-19 17:21:42,177 - fed_utils - INFO - load key [fc2.weight].length : 10080, cost time : 0m:0s:0ms
2024-11-19 17:21:42,177 - fed_utils - INFO - load key [fc2.bias].length : 84, cost time : 0m:0s:0ms
2024-11-19 17:21:48,958 - fed_utils - INFO - encrypting key [fc3.weight].length : 840, cost time : 0m:6s:780ms
2024-11-19 17:21:49,037 - fed_utils - INFO - encrypting key [fc3.bias].length : 10, cost time : 0m:0s:79ms
2024-11-19 17:21:49,037 - fl_main - INFO - Server receive client_dict[f_00004] info ...
2024-11-19 17:21:49,037 - fl_main - INFO - global aggregation process ...
2024-11-19 17:21:49,037 - fed_utils - INFO - server.n_data : 60000
2024-11-19 17:21:49,037 - fed_utils - INFO - client_dict[f_00000].weight : 0.200000
2024-11-19 17:21:49,037 - fed_utils - INFO - client_dict[f_00001].weight : 0.200000
2024-11-19 17:21:49,037 - fed_utils - INFO - client_dict[f_00002].weight : 0.200000
2024-11-19 17:21:49,037 - fed_utils - INFO - client_dict[f_00003].weight : 0.200000
2024-11-19 17:21:49,037 - fed_utils - INFO - client_dict[f_00004].weight : 0.200000
2024-11-19 17:21:49,038 - fed_utils - INFO - recover secret number by clients: 3157279.000000
2024-11-19 17:21:49,038 - server_base - INFO - Server aggregate model with homomorphic encryption ...
2024-11-19 17:21:50,473 - server_base - INFO - Server aggregate model done, cost time : 0m:1s:435ms
2024-11-19 17:21:50,815 - fed_utils - INFO - decrypting key [conv1.weight].shape [torch.Size([6, 1, 5, 5])]
2024-11-19 17:21:50,828 - fed_utils - INFO - decrypting key [conv1.bias].shape [torch.Size([6])]
2024-11-19 17:21:50,828 - fed_utils - INFO - decrypting key [conv2.weight].shape [torch.Size([16, 6, 5, 5])]
2024-11-19 17:21:50,828 - fed_utils - INFO - decrypting key [conv2.bias].shape [torch.Size([16])]
2024-11-19 17:21:50,829 - fed_utils - INFO - decrypting key [fc1.weight].shape [torch.Size([120, 400])]
2024-11-19 17:21:50,829 - fed_utils - INFO - decrypting key [fc1.bias].shape [torch.Size([120])]
2024-11-19 17:21:50,829 - fed_utils - INFO - decrypting key [fc2.weight].shape [torch.Size([84, 120])]
2024-11-19 17:21:50,829 - fed_utils - INFO - decrypting key [fc2.bias].shape [torch.Size([84])]
2024-11-19 17:21:52,742 - fed_utils - INFO - decrypting key [fc3.weight].shape [torch.Size([10, 84])]
2024-11-19 17:21:52,765 - fed_utils - INFO - decrypting key [fc3.bias].shape [torch.Size([10])]
2024-11-19 17:21:52,765 - fed_utils - INFO - decrypt time : [0m:2s:292ms]
2024-11-19 17:21:52,768 - fl_main - INFO - [global round : 39] aggregated model accuracy : 0.9847
2024-11-19 17:21:52,768 - fl_main - INFO - [global round : 39] aggregated model loss : 0.0796220134456107
2024-11-19 17:21:52,769 - fl_main - INFO - global round : 40
2024-11-19 17:21:52,769 - fl_main - INFO - the random client id to test accuracy : f_00002
2024-11-19 17:21:52,769 - fl_main - INFO - ----- client id [f_00000] -----
2024-11-19 17:21:52,770 - fed_utils - INFO - init global model cost time : 0m:0s:0ms
2024-11-19 17:21:52,770 - client_base - INFO - recover model cost time : 0m:0s:0ms
2024-11-19 17:21:52,770 - fl_main - INFO - client_dict[f_00000] training ...
2024-11-19 17:21:52,771 - client_base - INFO - client_dict[f_00000] training epoch : 0
2024-11-19 17:21:53,556 - client_base - INFO - local model train cost time : 0m:0s:784ms
2024-11-19 17:21:53,557 - client_base - INFO - model encode time : 0m:0s:1ms
2024-11-19 17:21:53,558 - fl_main - INFO - client_dict[f_00000] local model encrypting ...
2024-11-19 17:21:54,740 - fed_utils - INFO - encrypting key [conv1.weight].length : 150, cost time : 0m:1s:182ms
2024-11-19 17:21:54,788 - fed_utils - INFO - encrypting key [conv1.bias].length : 6, cost time : 0m:0s:47ms
2024-11-19 17:21:54,788 - fed_utils - INFO - load key [conv2.weight].length : 2400, cost time : 0m:0s:0ms
2024-11-19 17:21:54,788 - fed_utils - INFO - load key [conv2.bias].length : 16, cost time : 0m:0s:0ms
2024-11-19 17:21:54,789 - fed_utils - INFO - load key [fc1.weight].length : 48000, cost time : 0m:0s:0ms
2024-11-19 17:21:54,790 - fed_utils - INFO - load key [fc1.bias].length : 120, cost time : 0m:0s:0ms
2024-11-19 17:21:54,790 - fed_utils - INFO - load key [fc2.weight].length : 10080, cost time : 0m:0s:0ms
2024-11-19 17:21:54,790 - fed_utils - INFO - load key [fc2.bias].length : 84, cost time : 0m:0s:0ms
2024-11-19 17:22:01,551 - fed_utils - INFO - encrypting key [fc3.weight].length : 840, cost time : 0m:6s:761ms
2024-11-19 17:22:01,631 - fed_utils - INFO - encrypting key [fc3.bias].length : 10, cost time : 0m:0s:79ms
2024-11-19 17:22:01,632 - fl_main - INFO - Server receive client_dict[f_00000] info ...
2024-11-19 17:22:01,632 - fl_main - INFO - ----- client id [f_00001] -----
2024-11-19 17:22:01,633 - fed_utils - INFO - init global model cost time : 0m:0s:0ms
2024-11-19 17:22:01,633 - client_base - INFO - recover model cost time : 0m:0s:0ms
2024-11-19 17:22:01,633 - fl_main - INFO - client_dict[f_00001] training ...
2024-11-19 17:22:01,634 - client_base - INFO - client_dict[f_00001] training epoch : 0
2024-11-19 17:22:02,418 - client_base - INFO - local model train cost time : 0m:0s:784ms
2024-11-19 17:22:02,420 - client_base - INFO - model encode time : 0m:0s:1ms
2024-11-19 17:22:02,420 - fl_main - INFO - client_dict[f_00001] local model encrypting ...
2024-11-19 17:22:03,607 - fed_utils - INFO - encrypting key [conv1.weight].length : 150, cost time : 0m:1s:187ms
2024-11-19 17:22:03,655 - fed_utils - INFO - encrypting key [conv1.bias].length : 6, cost time : 0m:0s:48ms
2024-11-19 17:22:03,655 - fed_utils - INFO - load key [conv2.weight].length : 2400, cost time : 0m:0s:0ms
2024-11-19 17:22:03,655 - fed_utils - INFO - load key [conv2.bias].length : 16, cost time : 0m:0s:0ms
2024-11-19 17:22:03,656 - fed_utils - INFO - load key [fc1.weight].length : 48000, cost time : 0m:0s:0ms
2024-11-19 17:22:03,657 - fed_utils - INFO - load key [fc1.bias].length : 120, cost time : 0m:0s:0ms
2024-11-19 17:22:03,657 - fed_utils - INFO - load key [fc2.weight].length : 10080, cost time : 0m:0s:0ms
2024-11-19 17:22:03,657 - fed_utils - INFO - load key [fc2.bias].length : 84, cost time : 0m:0s:0ms
2024-11-19 17:22:10,280 - fed_utils - INFO - encrypting key [fc3.weight].length : 840, cost time : 0m:6s:623ms
2024-11-19 17:22:10,359 - fed_utils - INFO - encrypting key [fc3.bias].length : 10, cost time : 0m:0s:79ms
2024-11-19 17:22:10,359 - fl_main - INFO - Server receive client_dict[f_00001] info ...
2024-11-19 17:22:10,359 - fl_main - INFO - ----- client id [f_00002] -----
2024-11-19 17:22:10,360 - fed_utils - INFO - init global model cost time : 0m:0s:0ms
2024-11-19 17:22:10,361 - client_base - INFO - recover model cost time : 0m:0s:0ms
2024-11-19 17:22:11,192 - fl_main - INFO - global round [40] client_dict[f_00002].accuracy : 0.983300
2024-11-19 17:22:11,192 - fl_main - INFO - client_dict[f_00002] training ...
2024-11-19 17:22:11,192 - client_base - INFO - client_dict[f_00002] training epoch : 0
2024-11-19 17:22:11,970 - client_base - INFO - local model train cost time : 0m:0s:777ms
2024-11-19 17:22:11,972 - client_base - INFO - model encode time : 0m:0s:1ms
2024-11-19 17:22:11,972 - fl_main - INFO - client_dict[f_00002] local model encrypting ...
2024-11-19 17:22:13,307 - fed_utils - INFO - encrypting key [conv1.weight].length : 150, cost time : 0m:1s:335ms
2024-11-19 17:22:13,355 - fed_utils - INFO - encrypting key [conv1.bias].length : 6, cost time : 0m:0s:47ms
2024-11-19 17:22:13,355 - fed_utils - INFO - load key [conv2.weight].length : 2400, cost time : 0m:0s:0ms
2024-11-19 17:22:13,355 - fed_utils - INFO - load key [conv2.bias].length : 16, cost time : 0m:0s:0ms
2024-11-19 17:22:13,356 - fed_utils - INFO - load key [fc1.weight].length : 48000, cost time : 0m:0s:0ms
2024-11-19 17:22:13,356 - fed_utils - INFO - load key [fc1.bias].length : 120, cost time : 0m:0s:0ms
2024-11-19 17:22:13,356 - fed_utils - INFO - load key [fc2.weight].length : 10080, cost time : 0m:0s:0ms
2024-11-19 17:22:13,356 - fed_utils - INFO - load key [fc2.bias].length : 84, cost time : 0m:0s:0ms
2024-11-19 17:22:19,987 - fed_utils - INFO - encrypting key [fc3.weight].length : 840, cost time : 0m:6s:631ms
2024-11-19 17:22:20,067 - fed_utils - INFO - encrypting key [fc3.bias].length : 10, cost time : 0m:0s:79ms
2024-11-19 17:22:20,067 - fl_main - INFO - Server receive client_dict[f_00002] info ...
2024-11-19 17:22:20,067 - fl_main - INFO - ----- client id [f_00003] -----
2024-11-19 17:22:20,068 - fed_utils - INFO - init global model cost time : 0m:0s:0ms
2024-11-19 17:22:20,068 - client_base - INFO - recover model cost time : 0m:0s:0ms
2024-11-19 17:22:20,068 - fl_main - INFO - client_dict[f_00003] training ...
2024-11-19 17:22:20,069 - client_base - INFO - client_dict[f_00003] training epoch : 0
2024-11-19 17:22:20,858 - client_base - INFO - local model train cost time : 0m:0s:789ms
2024-11-19 17:22:20,860 - client_base - INFO - model encode time : 0m:0s:1ms
2024-11-19 17:22:20,860 - fl_main - INFO - client_dict[f_00003] local model encrypting ...
2024-11-19 17:22:22,047 - fed_utils - INFO - encrypting key [conv1.weight].length : 150, cost time : 0m:1s:186ms
2024-11-19 17:22:22,095 - fed_utils - INFO - encrypting key [conv1.bias].length : 6, cost time : 0m:0s:48ms
2024-11-19 17:22:22,095 - fed_utils - INFO - load key [conv2.weight].length : 2400, cost time : 0m:0s:0ms
2024-11-19 17:22:22,095 - fed_utils - INFO - load key [conv2.bias].length : 16, cost time : 0m:0s:0ms
2024-11-19 17:22:22,096 - fed_utils - INFO - load key [fc1.weight].length : 48000, cost time : 0m:0s:0ms
2024-11-19 17:22:22,096 - fed_utils - INFO - load key [fc1.bias].length : 120, cost time : 0m:0s:0ms
2024-11-19 17:22:22,096 - fed_utils - INFO - load key [fc2.weight].length : 10080, cost time : 0m:0s:0ms
2024-11-19 17:22:22,096 - fed_utils - INFO - load key [fc2.bias].length : 84, cost time : 0m:0s:0ms
2024-11-19 17:22:28,859 - fed_utils - INFO - encrypting key [fc3.weight].length : 840, cost time : 0m:6s:762ms
2024-11-19 17:22:28,938 - fed_utils - INFO - encrypting key [fc3.bias].length : 10, cost time : 0m:0s:79ms
2024-11-19 17:22:28,939 - fl_main - INFO - Server receive client_dict[f_00003] info ...
2024-11-19 17:22:28,939 - fl_main - INFO - ----- client id [f_00004] -----
2024-11-19 17:22:28,939 - fed_utils - INFO - init global model cost time : 0m:0s:0ms
2024-11-19 17:22:28,940 - client_base - INFO - recover model cost time : 0m:0s:0ms
2024-11-19 17:22:28,940 - fl_main - INFO - client_dict[f_00004] training ...
2024-11-19 17:22:28,941 - client_base - INFO - client_dict[f_00004] training epoch : 0
2024-11-19 17:22:29,722 - client_base - INFO - local model train cost time : 0m:0s:781ms
2024-11-19 17:22:29,723 - client_base - INFO - model encode time : 0m:0s:1ms
2024-11-19 17:22:29,724 - fl_main - INFO - client_dict[f_00004] local model encrypting ...
2024-11-19 17:22:30,909 - fed_utils - INFO - encrypting key [conv1.weight].length : 150, cost time : 0m:1s:185ms
2024-11-19 17:22:30,957 - fed_utils - INFO - encrypting key [conv1.bias].length : 6, cost time : 0m:0s:48ms
2024-11-19 17:22:30,957 - fed_utils - INFO - load key [conv2.weight].length : 2400, cost time : 0m:0s:0ms
2024-11-19 17:22:30,957 - fed_utils - INFO - load key [conv2.bias].length : 16, cost time : 0m:0s:0ms
2024-11-19 17:22:30,958 - fed_utils - INFO - load key [fc1.weight].length : 48000, cost time : 0m:0s:0ms
2024-11-19 17:22:30,958 - fed_utils - INFO - load key [fc1.bias].length : 120, cost time : 0m:0s:0ms
2024-11-19 17:22:30,958 - fed_utils - INFO - load key [fc2.weight].length : 10080, cost time : 0m:0s:0ms
2024-11-19 17:22:30,958 - fed_utils - INFO - load key [fc2.bias].length : 84, cost time : 0m:0s:0ms
2024-11-19 17:22:37,583 - fed_utils - INFO - encrypting key [fc3.weight].length : 840, cost time : 0m:6s:624ms
2024-11-19 17:22:37,662 - fed_utils - INFO - encrypting key [fc3.bias].length : 10, cost time : 0m:0s:79ms
2024-11-19 17:22:37,662 - fl_main - INFO - Server receive client_dict[f_00004] info ...
2024-11-19 17:22:37,662 - fl_main - INFO - global aggregation process ...
2024-11-19 17:22:37,663 - fed_utils - INFO - server.n_data : 60000
2024-11-19 17:22:37,663 - fed_utils - INFO - client_dict[f_00000].weight : 0.200000
2024-11-19 17:22:37,663 - fed_utils - INFO - client_dict[f_00001].weight : 0.200000
2024-11-19 17:22:37,663 - fed_utils - INFO - client_dict[f_00002].weight : 0.200000
2024-11-19 17:22:37,663 - fed_utils - INFO - client_dict[f_00003].weight : 0.200000
2024-11-19 17:22:37,663 - fed_utils - INFO - client_dict[f_00004].weight : 0.200000
2024-11-19 17:22:37,663 - fed_utils - INFO - recover secret number by clients: 3157279.000000
2024-11-19 17:22:37,663 - server_base - INFO - Server aggregate model with homomorphic encryption ...
2024-11-19 17:22:39,099 - server_base - INFO - Server aggregate model done, cost time : 0m:1s:436ms
2024-11-19 17:22:39,441 - fed_utils - INFO - decrypting key [conv1.weight].shape [torch.Size([6, 1, 5, 5])]
2024-11-19 17:22:39,454 - fed_utils - INFO - decrypting key [conv1.bias].shape [torch.Size([6])]
2024-11-19 17:22:39,454 - fed_utils - INFO - decrypting key [conv2.weight].shape [torch.Size([16, 6, 5, 5])]
2024-11-19 17:22:39,454 - fed_utils - INFO - decrypting key [conv2.bias].shape [torch.Size([16])]
2024-11-19 17:22:39,455 - fed_utils - INFO - decrypting key [fc1.weight].shape [torch.Size([120, 400])]
2024-11-19 17:22:39,455 - fed_utils - INFO - decrypting key [fc1.bias].shape [torch.Size([120])]
2024-11-19 17:22:39,455 - fed_utils - INFO - decrypting key [fc2.weight].shape [torch.Size([84, 120])]
2024-11-19 17:22:39,455 - fed_utils - INFO - decrypting key [fc2.bias].shape [torch.Size([84])]
2024-11-19 17:22:41,367 - fed_utils - INFO - decrypting key [fc3.weight].shape [torch.Size([10, 84])]
2024-11-19 17:22:41,390 - fed_utils - INFO - decrypting key [fc3.bias].shape [torch.Size([10])]
2024-11-19 17:22:41,390 - fed_utils - INFO - decrypt time : [0m:2s:291ms]
2024-11-19 17:22:41,393 - fl_main - INFO - [global round : 40] aggregated model accuracy : 0.9833000000000001
2024-11-19 17:22:41,393 - fl_main - INFO - [global round : 40] aggregated model loss : 0.037391059509829044
2024-11-19 17:22:41,394 - fl_main - INFO - global round : 41
2024-11-19 17:22:41,394 - fl_main - INFO - the random client id to test accuracy : f_00002
2024-11-19 17:22:41,394 - fl_main - INFO - ----- client id [f_00000] -----
2024-11-19 17:22:41,395 - fed_utils - INFO - init global model cost time : 0m:0s:0ms
2024-11-19 17:22:41,395 - client_base - INFO - recover model cost time : 0m:0s:0ms
2024-11-19 17:22:41,395 - fl_main - INFO - client_dict[f_00000] training ...
2024-11-19 17:22:41,396 - client_base - INFO - client_dict[f_00000] training epoch : 0
2024-11-19 17:22:42,165 - client_base - INFO - local model train cost time : 0m:0s:768ms
2024-11-19 17:22:42,166 - client_base - INFO - model encode time : 0m:0s:1ms
2024-11-19 17:22:42,166 - fl_main - INFO - client_dict[f_00000] local model encrypting ...
2024-11-19 17:22:43,486 - fed_utils - INFO - encrypting key [conv1.weight].length : 150, cost time : 0m:1s:319ms
2024-11-19 17:22:43,535 - fed_utils - INFO - encrypting key [conv1.bias].length : 6, cost time : 0m:0s:48ms
2024-11-19 17:22:43,535 - fed_utils - INFO - load key [conv2.weight].length : 2400, cost time : 0m:0s:0ms
2024-11-19 17:22:43,535 - fed_utils - INFO - load key [conv2.bias].length : 16, cost time : 0m:0s:0ms
2024-11-19 17:22:43,536 - fed_utils - INFO - load key [fc1.weight].length : 48000, cost time : 0m:0s:0ms
2024-11-19 17:22:43,536 - fed_utils - INFO - load key [fc1.bias].length : 120, cost time : 0m:0s:0ms
2024-11-19 17:22:43,537 - fed_utils - INFO - load key [fc2.weight].length : 10080, cost time : 0m:0s:0ms
2024-11-19 17:22:43,537 - fed_utils - INFO - load key [fc2.bias].length : 84, cost time : 0m:0s:0ms
2024-11-19 17:22:50,174 - fed_utils - INFO - encrypting key [fc3.weight].length : 840, cost time : 0m:6s:637ms
2024-11-19 17:22:50,253 - fed_utils - INFO - encrypting key [fc3.bias].length : 10, cost time : 0m:0s:79ms
2024-11-19 17:22:50,254 - fl_main - INFO - Server receive client_dict[f_00000] info ...
2024-11-19 17:22:50,254 - fl_main - INFO - ----- client id [f_00001] -----
2024-11-19 17:22:50,255 - fed_utils - INFO - init global model cost time : 0m:0s:0ms
2024-11-19 17:22:50,256 - client_base - INFO - recover model cost time : 0m:0s:0ms
2024-11-19 17:22:50,256 - fl_main - INFO - client_dict[f_00001] training ...
2024-11-19 17:22:50,256 - client_base - INFO - client_dict[f_00001] training epoch : 0
2024-11-19 17:22:51,029 - client_base - INFO - local model train cost time : 0m:0s:772ms
2024-11-19 17:22:51,030 - client_base - INFO - model encode time : 0m:0s:1ms
2024-11-19 17:22:51,030 - fl_main - INFO - client_dict[f_00001] local model encrypting ...
2024-11-19 17:22:52,213 - fed_utils - INFO - encrypting key [conv1.weight].length : 150, cost time : 0m:1s:182ms
2024-11-19 17:22:52,261 - fed_utils - INFO - encrypting key [conv1.bias].length : 6, cost time : 0m:0s:47ms
2024-11-19 17:22:52,261 - fed_utils - INFO - load key [conv2.weight].length : 2400, cost time : 0m:0s:0ms
2024-11-19 17:22:52,261 - fed_utils - INFO - load key [conv2.bias].length : 16, cost time : 0m:0s:0ms
2024-11-19 17:22:52,262 - fed_utils - INFO - load key [fc1.weight].length : 48000, cost time : 0m:0s:0ms
2024-11-19 17:22:52,262 - fed_utils - INFO - load key [fc1.bias].length : 120, cost time : 0m:0s:0ms
2024-11-19 17:22:52,262 - fed_utils - INFO - load key [fc2.weight].length : 10080, cost time : 0m:0s:0ms
2024-11-19 17:22:52,262 - fed_utils - INFO - load key [fc2.bias].length : 84, cost time : 0m:0s:0ms
2024-11-19 17:22:59,031 - fed_utils - INFO - encrypting key [fc3.weight].length : 840, cost time : 0m:6s:768ms
2024-11-19 17:22:59,110 - fed_utils - INFO - encrypting key [fc3.bias].length : 10, cost time : 0m:0s:79ms
2024-11-19 17:22:59,110 - fl_main - INFO - Server receive client_dict[f_00001] info ...
2024-11-19 17:22:59,110 - fl_main - INFO - ----- client id [f_00002] -----
2024-11-19 17:22:59,111 - fed_utils - INFO - init global model cost time : 0m:0s:0ms
2024-11-19 17:22:59,111 - client_base - INFO - recover model cost time : 0m:0s:0ms
2024-11-19 17:22:59,938 - fl_main - INFO - global round [41] client_dict[f_00002].accuracy : 0.984100
2024-11-19 17:22:59,938 - fl_main - INFO - client_dict[f_00002] training ...
2024-11-19 17:22:59,938 - client_base - INFO - client_dict[f_00002] training epoch : 0
2024-11-19 17:23:00,733 - client_base - INFO - local model train cost time : 0m:0s:794ms
2024-11-19 17:23:00,735 - client_base - INFO - model encode time : 0m:0s:1ms
2024-11-19 17:23:00,735 - fl_main - INFO - client_dict[f_00002] local model encrypting ...
2024-11-19 17:23:01,917 - fed_utils - INFO - encrypting key [conv1.weight].length : 150, cost time : 0m:1s:182ms
2024-11-19 17:23:01,965 - fed_utils - INFO - encrypting key [conv1.bias].length : 6, cost time : 0m:0s:47ms
2024-11-19 17:23:01,965 - fed_utils - INFO - load key [conv2.weight].length : 2400, cost time : 0m:0s:0ms
2024-11-19 17:23:01,965 - fed_utils - INFO - load key [conv2.bias].length : 16, cost time : 0m:0s:0ms
2024-11-19 17:23:01,966 - fed_utils - INFO - load key [fc1.weight].length : 48000, cost time : 0m:0s:0ms
2024-11-19 17:23:01,966 - fed_utils - INFO - load key [fc1.bias].length : 120, cost time : 0m:0s:0ms
2024-11-19 17:23:01,967 - fed_utils - INFO - load key [fc2.weight].length : 10080, cost time : 0m:0s:0ms
2024-11-19 17:23:01,967 - fed_utils - INFO - load key [fc2.bias].length : 84, cost time : 0m:0s:0ms
2024-11-19 17:23:08,591 - fed_utils - INFO - encrypting key [fc3.weight].length : 840, cost time : 0m:6s:624ms
2024-11-19 17:23:08,670 - fed_utils - INFO - encrypting key [fc3.bias].length : 10, cost time : 0m:0s:79ms
2024-11-19 17:23:08,670 - fl_main - INFO - Server receive client_dict[f_00002] info ...
2024-11-19 17:23:08,670 - fl_main - INFO - ----- client id [f_00003] -----
2024-11-19 17:23:08,671 - fed_utils - INFO - init global model cost time : 0m:0s:0ms
2024-11-19 17:23:08,671 - client_base - INFO - recover model cost time : 0m:0s:0ms
2024-11-19 17:23:08,672 - fl_main - INFO - client_dict[f_00003] training ...
2024-11-19 17:23:08,672 - client_base - INFO - client_dict[f_00003] training epoch : 0
2024-11-19 17:23:09,453 - client_base - INFO - local model train cost time : 0m:0s:780ms
2024-11-19 17:23:09,454 - client_base - INFO - model encode time : 0m:0s:1ms
2024-11-19 17:23:09,454 - fl_main - INFO - client_dict[f_00003] local model encrypting ...
2024-11-19 17:23:10,642 - fed_utils - INFO - encrypting key [conv1.weight].length : 150, cost time : 0m:1s:187ms
2024-11-19 17:23:10,690 - fed_utils - INFO - encrypting key [conv1.bias].length : 6, cost time : 0m:0s:48ms
2024-11-19 17:23:10,690 - fed_utils - INFO - load key [conv2.weight].length : 2400, cost time : 0m:0s:0ms
2024-11-19 17:23:10,690 - fed_utils - INFO - load key [conv2.bias].length : 16, cost time : 0m:0s:0ms
2024-11-19 17:23:10,691 - fed_utils - INFO - load key [fc1.weight].length : 48000, cost time : 0m:0s:0ms
2024-11-19 17:23:10,691 - fed_utils - INFO - load key [fc1.bias].length : 120, cost time : 0m:0s:0ms
2024-11-19 17:23:10,691 - fed_utils - INFO - load key [fc2.weight].length : 10080, cost time : 0m:0s:0ms
2024-11-19 17:23:10,691 - fed_utils - INFO - load key [fc2.bias].length : 84, cost time : 0m:0s:0ms
2024-11-19 17:23:17,463 - fed_utils - INFO - encrypting key [fc3.weight].length : 840, cost time : 0m:6s:771ms
2024-11-19 17:23:17,542 - fed_utils - INFO - encrypting key [fc3.bias].length : 10, cost time : 0m:0s:79ms
2024-11-19 17:23:17,542 - fl_main - INFO - Server receive client_dict[f_00003] info ...
2024-11-19 17:23:17,542 - fl_main - INFO - ----- client id [f_00004] -----
2024-11-19 17:23:17,543 - fed_utils - INFO - init global model cost time : 0m:0s:0ms
2024-11-19 17:23:17,543 - client_base - INFO - recover model cost time : 0m:0s:0ms
2024-11-19 17:23:17,544 - fl_main - INFO - client_dict[f_00004] training ...
2024-11-19 17:23:17,544 - client_base - INFO - client_dict[f_00004] training epoch : 0
2024-11-19 17:23:18,309 - client_base - INFO - local model train cost time : 0m:0s:764ms
2024-11-19 17:23:18,310 - client_base - INFO - model encode time : 0m:0s:1ms
2024-11-19 17:23:18,310 - fl_main - INFO - client_dict[f_00004] local model encrypting ...
2024-11-19 17:23:19,494 - fed_utils - INFO - encrypting key [conv1.weight].length : 150, cost time : 0m:1s:183ms
2024-11-19 17:23:19,541 - fed_utils - INFO - encrypting key [conv1.bias].length : 6, cost time : 0m:0s:47ms
2024-11-19 17:23:19,542 - fed_utils - INFO - load key [conv2.weight].length : 2400, cost time : 0m:0s:0ms
2024-11-19 17:23:19,542 - fed_utils - INFO - load key [conv2.bias].length : 16, cost time : 0m:0s:0ms
2024-11-19 17:23:19,543 - fed_utils - INFO - load key [fc1.weight].length : 48000, cost time : 0m:0s:0ms
2024-11-19 17:23:19,543 - fed_utils - INFO - load key [fc1.bias].length : 120, cost time : 0m:0s:0ms
2024-11-19 17:23:19,543 - fed_utils - INFO - load key [fc2.weight].length : 10080, cost time : 0m:0s:0ms
2024-11-19 17:23:19,543 - fed_utils - INFO - load key [fc2.bias].length : 84, cost time : 0m:0s:0ms
2024-11-19 17:23:26,166 - fed_utils - INFO - encrypting key [fc3.weight].length : 840, cost time : 0m:6s:623ms
2024-11-19 17:23:26,245 - fed_utils - INFO - encrypting key [fc3.bias].length : 10, cost time : 0m:0s:78ms
2024-11-19 17:23:26,245 - fl_main - INFO - Server receive client_dict[f_00004] info ...
2024-11-19 17:23:26,246 - fl_main - INFO - global aggregation process ...
2024-11-19 17:23:26,246 - fed_utils - INFO - server.n_data : 60000
2024-11-19 17:23:26,246 - fed_utils - INFO - client_dict[f_00000].weight : 0.200000
2024-11-19 17:23:26,246 - fed_utils - INFO - client_dict[f_00001].weight : 0.200000
2024-11-19 17:23:26,246 - fed_utils - INFO - client_dict[f_00002].weight : 0.200000
2024-11-19 17:23:26,246 - fed_utils - INFO - client_dict[f_00003].weight : 0.200000
2024-11-19 17:23:26,246 - fed_utils - INFO - client_dict[f_00004].weight : 0.200000
2024-11-19 17:23:26,246 - fed_utils - INFO - recover secret number by clients: 3157279.000000
2024-11-19 17:23:26,246 - server_base - INFO - Server aggregate model with homomorphic encryption ...
2024-11-19 17:23:27,838 - server_base - INFO - Server aggregate model done, cost time : 0m:1s:591ms
2024-11-19 17:23:28,180 - fed_utils - INFO - decrypting key [conv1.weight].shape [torch.Size([6, 1, 5, 5])]
2024-11-19 17:23:28,194 - fed_utils - INFO - decrypting key [conv1.bias].shape [torch.Size([6])]
2024-11-19 17:23:28,194 - fed_utils - INFO - decrypting key [conv2.weight].shape [torch.Size([16, 6, 5, 5])]
2024-11-19 17:23:28,194 - fed_utils - INFO - decrypting key [conv2.bias].shape [torch.Size([16])]
2024-11-19 17:23:28,194 - fed_utils - INFO - decrypting key [fc1.weight].shape [torch.Size([120, 400])]
2024-11-19 17:23:28,194 - fed_utils - INFO - decrypting key [fc1.bias].shape [torch.Size([120])]
2024-11-19 17:23:28,194 - fed_utils - INFO - decrypting key [fc2.weight].shape [torch.Size([84, 120])]
2024-11-19 17:23:28,194 - fed_utils - INFO - decrypting key [fc2.bias].shape [torch.Size([84])]
2024-11-19 17:23:30,106 - fed_utils - INFO - decrypting key [fc3.weight].shape [torch.Size([10, 84])]
2024-11-19 17:23:30,129 - fed_utils - INFO - decrypting key [fc3.bias].shape [torch.Size([10])]
2024-11-19 17:23:30,129 - fed_utils - INFO - decrypt time : [0m:2s:291ms]
2024-11-19 17:23:30,132 - fl_main - INFO - [global round : 41] aggregated model accuracy : 0.9841000000000001
2024-11-19 17:23:30,132 - fl_main - INFO - [global round : 41] aggregated model loss : 0.021585271915744407
2024-11-19 17:23:30,133 - fl_main - INFO - global round : 42
2024-11-19 17:23:30,133 - fl_main - INFO - the random client id to test accuracy : f_00000
2024-11-19 17:23:30,133 - fl_main - INFO - ----- client id [f_00000] -----
2024-11-19 17:23:30,134 - fed_utils - INFO - init global model cost time : 0m:0s:0ms
2024-11-19 17:23:30,134 - client_base - INFO - recover model cost time : 0m:0s:0ms
2024-11-19 17:23:30,955 - fl_main - INFO - global round [42] client_dict[f_00000].accuracy : 0.984900
2024-11-19 17:23:30,955 - fl_main - INFO - client_dict[f_00000] training ...
2024-11-19 17:23:30,956 - client_base - INFO - client_dict[f_00000] training epoch : 0
2024-11-19 17:23:31,738 - client_base - INFO - local model train cost time : 0m:0s:782ms
2024-11-19 17:23:31,739 - client_base - INFO - model encode time : 0m:0s:1ms
2024-11-19 17:23:31,740 - fl_main - INFO - client_dict[f_00000] local model encrypting ...
2024-11-19 17:23:32,924 - fed_utils - INFO - encrypting key [conv1.weight].length : 150, cost time : 0m:1s:184ms
2024-11-19 17:23:32,972 - fed_utils - INFO - encrypting key [conv1.bias].length : 6, cost time : 0m:0s:47ms
2024-11-19 17:23:32,972 - fed_utils - INFO - load key [conv2.weight].length : 2400, cost time : 0m:0s:0ms
2024-11-19 17:23:32,972 - fed_utils - INFO - load key [conv2.bias].length : 16, cost time : 0m:0s:0ms
2024-11-19 17:23:32,973 - fed_utils - INFO - load key [fc1.weight].length : 48000, cost time : 0m:0s:0ms
2024-11-19 17:23:32,973 - fed_utils - INFO - load key [fc1.bias].length : 120, cost time : 0m:0s:0ms
2024-11-19 17:23:32,974 - fed_utils - INFO - load key [fc2.weight].length : 10080, cost time : 0m:0s:0ms
2024-11-19 17:23:32,974 - fed_utils - INFO - load key [fc2.bias].length : 84, cost time : 0m:0s:0ms
2024-11-19 17:23:39,598 - fed_utils - INFO - encrypting key [fc3.weight].length : 840, cost time : 0m:6s:624ms
2024-11-19 17:23:39,677 - fed_utils - INFO - encrypting key [fc3.bias].length : 10, cost time : 0m:0s:78ms
2024-11-19 17:23:39,678 - fl_main - INFO - Server receive client_dict[f_00000] info ...
2024-11-19 17:23:39,678 - fl_main - INFO - ----- client id [f_00001] -----
2024-11-19 17:23:39,679 - fed_utils - INFO - init global model cost time : 0m:0s:0ms
2024-11-19 17:23:39,679 - client_base - INFO - recover model cost time : 0m:0s:0ms
2024-11-19 17:23:39,679 - fl_main - INFO - client_dict[f_00001] training ...
2024-11-19 17:23:39,680 - client_base - INFO - client_dict[f_00001] training epoch : 0
2024-11-19 17:23:40,456 - client_base - INFO - local model train cost time : 0m:0s:776ms
2024-11-19 17:23:40,458 - client_base - INFO - model encode time : 0m:0s:1ms
2024-11-19 17:23:40,458 - fl_main - INFO - client_dict[f_00001] local model encrypting ...
2024-11-19 17:23:41,643 - fed_utils - INFO - encrypting key [conv1.weight].length : 150, cost time : 0m:1s:184ms
2024-11-19 17:23:41,690 - fed_utils - INFO - encrypting key [conv1.bias].length : 6, cost time : 0m:0s:47ms
2024-11-19 17:23:41,691 - fed_utils - INFO - load key [conv2.weight].length : 2400, cost time : 0m:0s:0ms
2024-11-19 17:23:41,691 - fed_utils - INFO - load key [conv2.bias].length : 16, cost time : 0m:0s:0ms
2024-11-19 17:23:41,692 - fed_utils - INFO - load key [fc1.weight].length : 48000, cost time : 0m:0s:0ms
2024-11-19 17:23:41,692 - fed_utils - INFO - load key [fc1.bias].length : 120, cost time : 0m:0s:0ms
2024-11-19 17:23:41,692 - fed_utils - INFO - load key [fc2.weight].length : 10080, cost time : 0m:0s:0ms
2024-11-19 17:23:41,692 - fed_utils - INFO - load key [fc2.bias].length : 84, cost time : 0m:0s:0ms
2024-11-19 17:23:48,448 - fed_utils - INFO - encrypting key [fc3.weight].length : 840, cost time : 0m:6s:755ms
2024-11-19 17:23:48,527 - fed_utils - INFO - encrypting key [fc3.bias].length : 10, cost time : 0m:0s:79ms
2024-11-19 17:23:48,527 - fl_main - INFO - Server receive client_dict[f_00001] info ...
2024-11-19 17:23:48,527 - fl_main - INFO - ----- client id [f_00002] -----
2024-11-19 17:23:48,528 - fed_utils - INFO - init global model cost time : 0m:0s:0ms
2024-11-19 17:23:48,528 - client_base - INFO - recover model cost time : 0m:0s:0ms
2024-11-19 17:23:48,528 - fl_main - INFO - client_dict[f_00002] training ...
2024-11-19 17:23:48,529 - client_base - INFO - client_dict[f_00002] training epoch : 0
2024-11-19 17:23:49,315 - client_base - INFO - local model train cost time : 0m:0s:785ms
2024-11-19 17:23:49,316 - client_base - INFO - model encode time : 0m:0s:1ms
2024-11-19 17:23:49,316 - fl_main - INFO - client_dict[f_00002] local model encrypting ...
2024-11-19 17:23:50,499 - fed_utils - INFO - encrypting key [conv1.weight].length : 150, cost time : 0m:1s:182ms
2024-11-19 17:23:50,547 - fed_utils - INFO - encrypting key [conv1.bias].length : 6, cost time : 0m:0s:47ms
2024-11-19 17:23:50,547 - fed_utils - INFO - load key [conv2.weight].length : 2400, cost time : 0m:0s:0ms
2024-11-19 17:23:50,547 - fed_utils - INFO - load key [conv2.bias].length : 16, cost time : 0m:0s:0ms
2024-11-19 17:23:50,548 - fed_utils - INFO - load key [fc1.weight].length : 48000, cost time : 0m:0s:0ms
2024-11-19 17:23:50,548 - fed_utils - INFO - load key [fc1.bias].length : 120, cost time : 0m:0s:0ms
2024-11-19 17:23:50,548 - fed_utils - INFO - load key [fc2.weight].length : 10080, cost time : 0m:0s:0ms
2024-11-19 17:23:50,548 - fed_utils - INFO - load key [fc2.bias].length : 84, cost time : 0m:0s:0ms
2024-11-19 17:23:57,169 - fed_utils - INFO - encrypting key [fc3.weight].length : 840, cost time : 0m:6s:620ms
2024-11-19 17:23:57,248 - fed_utils - INFO - encrypting key [fc3.bias].length : 10, cost time : 0m:0s:79ms
2024-11-19 17:23:57,248 - fl_main - INFO - Server receive client_dict[f_00002] info ...
2024-11-19 17:23:57,248 - fl_main - INFO - ----- client id [f_00003] -----
2024-11-19 17:23:57,249 - fed_utils - INFO - init global model cost time : 0m:0s:0ms
2024-11-19 17:23:57,250 - client_base - INFO - recover model cost time : 0m:0s:0ms
2024-11-19 17:23:57,250 - fl_main - INFO - client_dict[f_00003] training ...
2024-11-19 17:23:57,250 - client_base - INFO - client_dict[f_00003] training epoch : 0
2024-11-19 17:23:58,149 - client_base - INFO - local model train cost time : 0m:0s:898ms
2024-11-19 17:23:58,151 - client_base - INFO - model encode time : 0m:0s:1ms
2024-11-19 17:23:58,151 - fl_main - INFO - client_dict[f_00003] local model encrypting ...
2024-11-19 17:23:59,334 - fed_utils - INFO - encrypting key [conv1.weight].length : 150, cost time : 0m:1s:182ms
2024-11-19 17:23:59,382 - fed_utils - INFO - encrypting key [conv1.bias].length : 6, cost time : 0m:0s:48ms
2024-11-19 17:23:59,382 - fed_utils - INFO - load key [conv2.weight].length : 2400, cost time : 0m:0s:0ms
2024-11-19 17:23:59,382 - fed_utils - INFO - load key [conv2.bias].length : 16, cost time : 0m:0s:0ms
2024-11-19 17:23:59,383 - fed_utils - INFO - load key [fc1.weight].length : 48000, cost time : 0m:0s:0ms
2024-11-19 17:23:59,383 - fed_utils - INFO - load key [fc1.bias].length : 120, cost time : 0m:0s:0ms
2024-11-19 17:23:59,384 - fed_utils - INFO - load key [fc2.weight].length : 10080, cost time : 0m:0s:0ms
2024-11-19 17:23:59,384 - fed_utils - INFO - load key [fc2.bias].length : 84, cost time : 0m:0s:0ms
2024-11-19 17:24:06,011 - fed_utils - INFO - encrypting key [fc3.weight].length : 840, cost time : 0m:6s:627ms
2024-11-19 17:24:06,114 - fed_utils - INFO - encrypting key [fc3.bias].length : 10, cost time : 0m:0s:103ms
2024-11-19 17:24:06,114 - fl_main - INFO - Server receive client_dict[f_00003] info ...
2024-11-19 17:24:06,114 - fl_main - INFO - ----- client id [f_00004] -----
2024-11-19 17:24:06,115 - fed_utils - INFO - init global model cost time : 0m:0s:0ms
2024-11-19 17:24:06,116 - client_base - INFO - recover model cost time : 0m:0s:0ms
2024-11-19 17:24:06,116 - fl_main - INFO - client_dict[f_00004] training ...
2024-11-19 17:24:06,116 - client_base - INFO - client_dict[f_00004] training epoch : 0
2024-11-19 17:24:06,881 - client_base - INFO - local model train cost time : 0m:0s:765ms
2024-11-19 17:24:06,883 - client_base - INFO - model encode time : 0m:0s:1ms
2024-11-19 17:24:06,883 - fl_main - INFO - client_dict[f_00004] local model encrypting ...
2024-11-19 17:24:08,067 - fed_utils - INFO - encrypting key [conv1.weight].length : 150, cost time : 0m:1s:183ms
2024-11-19 17:24:08,115 - fed_utils - INFO - encrypting key [conv1.bias].length : 6, cost time : 0m:0s:47ms
2024-11-19 17:24:08,115 - fed_utils - INFO - load key [conv2.weight].length : 2400, cost time : 0m:0s:0ms
2024-11-19 17:24:08,115 - fed_utils - INFO - load key [conv2.bias].length : 16, cost time : 0m:0s:0ms
2024-11-19 17:24:08,116 - fed_utils - INFO - load key [fc1.weight].length : 48000, cost time : 0m:0s:0ms
2024-11-19 17:24:08,116 - fed_utils - INFO - load key [fc1.bias].length : 120, cost time : 0m:0s:0ms
2024-11-19 17:24:08,116 - fed_utils - INFO - load key [fc2.weight].length : 10080, cost time : 0m:0s:0ms
2024-11-19 17:24:08,116 - fed_utils - INFO - load key [fc2.bias].length : 84, cost time : 0m:0s:0ms
2024-11-19 17:24:14,886 - fed_utils - INFO - encrypting key [fc3.weight].length : 840, cost time : 0m:6s:769ms
2024-11-19 17:24:14,965 - fed_utils - INFO - encrypting key [fc3.bias].length : 10, cost time : 0m:0s:79ms
2024-11-19 17:24:14,965 - fl_main - INFO - Server receive client_dict[f_00004] info ...
2024-11-19 17:24:14,965 - fl_main - INFO - global aggregation process ...
2024-11-19 17:24:14,966 - fed_utils - INFO - server.n_data : 60000
2024-11-19 17:24:14,966 - fed_utils - INFO - client_dict[f_00000].weight : 0.200000
2024-11-19 17:24:14,966 - fed_utils - INFO - client_dict[f_00001].weight : 0.200000
2024-11-19 17:24:14,966 - fed_utils - INFO - client_dict[f_00002].weight : 0.200000
2024-11-19 17:24:14,966 - fed_utils - INFO - client_dict[f_00003].weight : 0.200000
2024-11-19 17:24:14,966 - fed_utils - INFO - client_dict[f_00004].weight : 0.200000
2024-11-19 17:24:14,966 - fed_utils - INFO - recover secret number by clients: 3157279.000000
2024-11-19 17:24:14,966 - server_base - INFO - Server aggregate model with homomorphic encryption ...
2024-11-19 17:24:16,400 - server_base - INFO - Server aggregate model done, cost time : 0m:1s:434ms
2024-11-19 17:24:16,742 - fed_utils - INFO - decrypting key [conv1.weight].shape [torch.Size([6, 1, 5, 5])]
2024-11-19 17:24:16,756 - fed_utils - INFO - decrypting key [conv1.bias].shape [torch.Size([6])]
2024-11-19 17:24:16,756 - fed_utils - INFO - decrypting key [conv2.weight].shape [torch.Size([16, 6, 5, 5])]
2024-11-19 17:24:16,756 - fed_utils - INFO - decrypting key [conv2.bias].shape [torch.Size([16])]
2024-11-19 17:24:16,756 - fed_utils - INFO - decrypting key [fc1.weight].shape [torch.Size([120, 400])]
2024-11-19 17:24:16,756 - fed_utils - INFO - decrypting key [fc1.bias].shape [torch.Size([120])]
2024-11-19 17:24:16,756 - fed_utils - INFO - decrypting key [fc2.weight].shape [torch.Size([84, 120])]
2024-11-19 17:24:16,757 - fed_utils - INFO - decrypting key [fc2.bias].shape [torch.Size([84])]
2024-11-19 17:24:18,670 - fed_utils - INFO - decrypting key [fc3.weight].shape [torch.Size([10, 84])]
2024-11-19 17:24:18,693 - fed_utils - INFO - decrypting key [fc3.bias].shape [torch.Size([10])]
2024-11-19 17:24:18,693 - fed_utils - INFO - decrypt time : [0m:2s:292ms]
2024-11-19 17:24:18,695 - fl_main - INFO - [global round : 42] aggregated model accuracy : 0.9849
2024-11-19 17:24:18,695 - fl_main - INFO - [global round : 42] aggregated model loss : 0.05551448868160702
2024-11-19 17:24:18,696 - fl_main - INFO - global round : 43
2024-11-19 17:24:18,696 - fl_main - INFO - the random client id to test accuracy : f_00004
2024-11-19 17:24:18,696 - fl_main - INFO - ----- client id [f_00000] -----
2024-11-19 17:24:18,697 - fed_utils - INFO - init global model cost time : 0m:0s:0ms
2024-11-19 17:24:18,698 - client_base - INFO - recover model cost time : 0m:0s:0ms
2024-11-19 17:24:18,698 - fl_main - INFO - client_dict[f_00000] training ...
2024-11-19 17:24:18,698 - client_base - INFO - client_dict[f_00000] training epoch : 0
2024-11-19 17:24:19,466 - client_base - INFO - local model train cost time : 0m:0s:767ms
2024-11-19 17:24:19,467 - client_base - INFO - model encode time : 0m:0s:1ms
2024-11-19 17:24:19,468 - fl_main - INFO - client_dict[f_00000] local model encrypting ...
2024-11-19 17:24:20,651 - fed_utils - INFO - encrypting key [conv1.weight].length : 150, cost time : 0m:1s:183ms
2024-11-19 17:24:20,698 - fed_utils - INFO - encrypting key [conv1.bias].length : 6, cost time : 0m:0s:47ms
2024-11-19 17:24:20,699 - fed_utils - INFO - load key [conv2.weight].length : 2400, cost time : 0m:0s:0ms
2024-11-19 17:24:20,699 - fed_utils - INFO - load key [conv2.bias].length : 16, cost time : 0m:0s:0ms
2024-11-19 17:24:20,700 - fed_utils - INFO - load key [fc1.weight].length : 48000, cost time : 0m:0s:0ms
2024-11-19 17:24:20,700 - fed_utils - INFO - load key [fc1.bias].length : 120, cost time : 0m:0s:0ms
2024-11-19 17:24:20,700 - fed_utils - INFO - load key [fc2.weight].length : 10080, cost time : 0m:0s:0ms
2024-11-19 17:24:20,700 - fed_utils - INFO - load key [fc2.bias].length : 84, cost time : 0m:0s:0ms
2024-11-19 17:24:27,324 - fed_utils - INFO - encrypting key [fc3.weight].length : 840, cost time : 0m:6s:623ms
2024-11-19 17:24:27,453 - fed_utils - INFO - encrypting key [fc3.bias].length : 10, cost time : 0m:0s:129ms
2024-11-19 17:24:27,455 - fl_main - INFO - Server receive client_dict[f_00000] info ...
2024-11-19 17:24:27,455 - fl_main - INFO - ----- client id [f_00001] -----
2024-11-19 17:24:27,456 - fed_utils - INFO - init global model cost time : 0m:0s:1ms
2024-11-19 17:24:27,457 - client_base - INFO - recover model cost time : 0m:0s:0ms
2024-11-19 17:24:27,457 - fl_main - INFO - client_dict[f_00001] training ...
2024-11-19 17:24:27,458 - client_base - INFO - client_dict[f_00001] training epoch : 0
2024-11-19 17:24:28,304 - client_base - INFO - local model train cost time : 0m:0s:845ms
2024-11-19 17:24:28,306 - client_base - INFO - model encode time : 0m:0s:1ms
2024-11-19 17:24:28,306 - fl_main - INFO - client_dict[f_00001] local model encrypting ...
2024-11-19 17:24:29,492 - fed_utils - INFO - encrypting key [conv1.weight].length : 150, cost time : 0m:1s:186ms
2024-11-19 17:24:29,540 - fed_utils - INFO - encrypting key [conv1.bias].length : 6, cost time : 0m:0s:48ms
2024-11-19 17:24:29,540 - fed_utils - INFO - load key [conv2.weight].length : 2400, cost time : 0m:0s:0ms
2024-11-19 17:24:29,540 - fed_utils - INFO - load key [conv2.bias].length : 16, cost time : 0m:0s:0ms
2024-11-19 17:24:29,541 - fed_utils - INFO - load key [fc1.weight].length : 48000, cost time : 0m:0s:0ms
2024-11-19 17:24:29,541 - fed_utils - INFO - load key [fc1.bias].length : 120, cost time : 0m:0s:0ms
2024-11-19 17:24:29,542 - fed_utils - INFO - load key [fc2.weight].length : 10080, cost time : 0m:0s:0ms
2024-11-19 17:24:29,542 - fed_utils - INFO - load key [fc2.bias].length : 84, cost time : 0m:0s:0ms
2024-11-19 17:24:36,164 - fed_utils - INFO - encrypting key [fc3.weight].length : 840, cost time : 0m:6s:622ms
2024-11-19 17:24:36,243 - fed_utils - INFO - encrypting key [fc3.bias].length : 10, cost time : 0m:0s:79ms
2024-11-19 17:24:36,243 - fl_main - INFO - Server receive client_dict[f_00001] info ...
2024-11-19 17:24:36,244 - fl_main - INFO - ----- client id [f_00002] -----
2024-11-19 17:24:36,244 - fed_utils - INFO - init global model cost time : 0m:0s:0ms
2024-11-19 17:24:36,245 - client_base - INFO - recover model cost time : 0m:0s:0ms
2024-11-19 17:24:36,245 - fl_main - INFO - client_dict[f_00002] training ...
2024-11-19 17:24:36,246 - client_base - INFO - client_dict[f_00002] training epoch : 0
2024-11-19 17:24:37,019 - client_base - INFO - local model train cost time : 0m:0s:772ms
2024-11-19 17:24:37,020 - client_base - INFO - model encode time : 0m:0s:1ms
2024-11-19 17:24:37,020 - fl_main - INFO - client_dict[f_00002] local model encrypting ...
2024-11-19 17:24:38,203 - fed_utils - INFO - encrypting key [conv1.weight].length : 150, cost time : 0m:1s:182ms
2024-11-19 17:24:38,251 - fed_utils - INFO - encrypting key [conv1.bias].length : 6, cost time : 0m:0s:47ms
2024-11-19 17:24:38,251 - fed_utils - INFO - load key [conv2.weight].length : 2400, cost time : 0m:0s:0ms
2024-11-19 17:24:38,251 - fed_utils - INFO - load key [conv2.bias].length : 16, cost time : 0m:0s:0ms
2024-11-19 17:24:38,252 - fed_utils - INFO - load key [fc1.weight].length : 48000, cost time : 0m:0s:0ms
2024-11-19 17:24:38,252 - fed_utils - INFO - load key [fc1.bias].length : 120, cost time : 0m:0s:0ms
2024-11-19 17:24:38,252 - fed_utils - INFO - load key [fc2.weight].length : 10080, cost time : 0m:0s:0ms
2024-11-19 17:24:38,252 - fed_utils - INFO - load key [fc2.bias].length : 84, cost time : 0m:0s:0ms
2024-11-19 17:24:45,013 - fed_utils - INFO - encrypting key [fc3.weight].length : 840, cost time : 0m:6s:760ms
2024-11-19 17:24:45,092 - fed_utils - INFO - encrypting key [fc3.bias].length : 10, cost time : 0m:0s:79ms
2024-11-19 17:24:45,092 - fl_main - INFO - Server receive client_dict[f_00002] info ...
2024-11-19 17:24:45,092 - fl_main - INFO - ----- client id [f_00003] -----
2024-11-19 17:24:45,093 - fed_utils - INFO - init global model cost time : 0m:0s:0ms
2024-11-19 17:24:45,093 - client_base - INFO - recover model cost time : 0m:0s:0ms
2024-11-19 17:24:45,094 - fl_main - INFO - client_dict[f_00003] training ...
2024-11-19 17:24:45,094 - client_base - INFO - client_dict[f_00003] training epoch : 0
2024-11-19 17:24:45,880 - client_base - INFO - local model train cost time : 0m:0s:785ms
2024-11-19 17:24:45,881 - client_base - INFO - model encode time : 0m:0s:1ms
2024-11-19 17:24:45,882 - fl_main - INFO - client_dict[f_00003] local model encrypting ...
2024-11-19 17:24:47,068 - fed_utils - INFO - encrypting key [conv1.weight].length : 150, cost time : 0m:1s:185ms
2024-11-19 17:24:47,116 - fed_utils - INFO - encrypting key [conv1.bias].length : 6, cost time : 0m:0s:47ms
2024-11-19 17:24:47,116 - fed_utils - INFO - load key [conv2.weight].length : 2400, cost time : 0m:0s:0ms
2024-11-19 17:24:47,116 - fed_utils - INFO - load key [conv2.bias].length : 16, cost time : 0m:0s:0ms
2024-11-19 17:24:47,117 - fed_utils - INFO - load key [fc1.weight].length : 48000, cost time : 0m:0s:0ms
2024-11-19 17:24:47,117 - fed_utils - INFO - load key [fc1.bias].length : 120, cost time : 0m:0s:0ms
2024-11-19 17:24:47,117 - fed_utils - INFO - load key [fc2.weight].length : 10080, cost time : 0m:0s:0ms
2024-11-19 17:24:47,117 - fed_utils - INFO - load key [fc2.bias].length : 84, cost time : 0m:0s:0ms
2024-11-19 17:24:53,746 - fed_utils - INFO - encrypting key [fc3.weight].length : 840, cost time : 0m:6s:628ms
2024-11-19 17:24:53,825 - fed_utils - INFO - encrypting key [fc3.bias].length : 10, cost time : 0m:0s:79ms
2024-11-19 17:24:53,825 - fl_main - INFO - Server receive client_dict[f_00003] info ...
2024-11-19 17:24:53,825 - fl_main - INFO - ----- client id [f_00004] -----
2024-11-19 17:24:53,826 - fed_utils - INFO - init global model cost time : 0m:0s:0ms
2024-11-19 17:24:53,826 - client_base - INFO - recover model cost time : 0m:0s:0ms
2024-11-19 17:24:54,626 - fl_main - INFO - global round [43] client_dict[f_00004].accuracy : 0.985400
2024-11-19 17:24:54,626 - fl_main - INFO - client_dict[f_00004] training ...
2024-11-19 17:24:54,627 - client_base - INFO - client_dict[f_00004] training epoch : 0
2024-11-19 17:24:55,405 - client_base - INFO - local model train cost time : 0m:0s:778ms
2024-11-19 17:24:55,406 - client_base - INFO - model encode time : 0m:0s:1ms
2024-11-19 17:24:55,406 - fl_main - INFO - client_dict[f_00004] local model encrypting ...
2024-11-19 17:24:56,589 - fed_utils - INFO - encrypting key [conv1.weight].length : 150, cost time : 0m:1s:182ms
2024-11-19 17:24:56,637 - fed_utils - INFO - encrypting key [conv1.bias].length : 6, cost time : 0m:0s:47ms
2024-11-19 17:24:56,637 - fed_utils - INFO - load key [conv2.weight].length : 2400, cost time : 0m:0s:0ms
2024-11-19 17:24:56,637 - fed_utils - INFO - load key [conv2.bias].length : 16, cost time : 0m:0s:0ms
2024-11-19 17:24:56,638 - fed_utils - INFO - load key [fc1.weight].length : 48000, cost time : 0m:0s:0ms
2024-11-19 17:24:56,638 - fed_utils - INFO - load key [fc1.bias].length : 120, cost time : 0m:0s:0ms
2024-11-19 17:24:56,638 - fed_utils - INFO - load key [fc2.weight].length : 10080, cost time : 0m:0s:0ms
2024-11-19 17:24:56,639 - fed_utils - INFO - load key [fc2.bias].length : 84, cost time : 0m:0s:0ms
2024-11-19 17:25:03,416 - fed_utils - INFO - encrypting key [fc3.weight].length : 840, cost time : 0m:6s:777ms
2024-11-19 17:25:03,495 - fed_utils - INFO - encrypting key [fc3.bias].length : 10, cost time : 0m:0s:79ms
2024-11-19 17:25:03,495 - fl_main - INFO - Server receive client_dict[f_00004] info ...
2024-11-19 17:25:03,495 - fl_main - INFO - global aggregation process ...
2024-11-19 17:25:03,495 - fed_utils - INFO - server.n_data : 60000
2024-11-19 17:25:03,495 - fed_utils - INFO - client_dict[f_00000].weight : 0.200000
2024-11-19 17:25:03,495 - fed_utils - INFO - client_dict[f_00001].weight : 0.200000
2024-11-19 17:25:03,495 - fed_utils - INFO - client_dict[f_00002].weight : 0.200000
2024-11-19 17:25:03,496 - fed_utils - INFO - client_dict[f_00003].weight : 0.200000
2024-11-19 17:25:03,496 - fed_utils - INFO - client_dict[f_00004].weight : 0.200000
2024-11-19 17:25:03,496 - fed_utils - INFO - recover secret number by clients: 3157279.000000
2024-11-19 17:25:03,496 - server_base - INFO - Server aggregate model with homomorphic encryption ...
2024-11-19 17:25:04,930 - server_base - INFO - Server aggregate model done, cost time : 0m:1s:434ms
2024-11-19 17:25:05,272 - fed_utils - INFO - decrypting key [conv1.weight].shape [torch.Size([6, 1, 5, 5])]
2024-11-19 17:25:05,286 - fed_utils - INFO - decrypting key [conv1.bias].shape [torch.Size([6])]
2024-11-19 17:25:05,286 - fed_utils - INFO - decrypting key [conv2.weight].shape [torch.Size([16, 6, 5, 5])]
2024-11-19 17:25:05,286 - fed_utils - INFO - decrypting key [conv2.bias].shape [torch.Size([16])]
2024-11-19 17:25:05,286 - fed_utils - INFO - decrypting key [fc1.weight].shape [torch.Size([120, 400])]
2024-11-19 17:25:05,286 - fed_utils - INFO - decrypting key [fc1.bias].shape [torch.Size([120])]
2024-11-19 17:25:05,286 - fed_utils - INFO - decrypting key [fc2.weight].shape [torch.Size([84, 120])]
2024-11-19 17:25:05,286 - fed_utils - INFO - decrypting key [fc2.bias].shape [torch.Size([84])]
2024-11-19 17:25:07,200 - fed_utils - INFO - decrypting key [fc3.weight].shape [torch.Size([10, 84])]
2024-11-19 17:25:07,223 - fed_utils - INFO - decrypting key [fc3.bias].shape [torch.Size([10])]
2024-11-19 17:25:07,223 - fed_utils - INFO - decrypt time : [0m:2s:292ms]
2024-11-19 17:25:07,225 - fl_main - INFO - [global round : 43] aggregated model accuracy : 0.9854
2024-11-19 17:25:07,225 - fl_main - INFO - [global round : 43] aggregated model loss : 0.04623287709550056
2024-11-19 17:25:07,226 - fl_main - INFO - global round : 44
2024-11-19 17:25:07,227 - fl_main - INFO - the random client id to test accuracy : f_00003
2024-11-19 17:25:07,227 - fl_main - INFO - ----- client id [f_00000] -----
2024-11-19 17:25:07,227 - fed_utils - INFO - init global model cost time : 0m:0s:0ms
2024-11-19 17:25:07,228 - client_base - INFO - recover model cost time : 0m:0s:0ms
2024-11-19 17:25:07,228 - fl_main - INFO - client_dict[f_00000] training ...
2024-11-19 17:25:07,229 - client_base - INFO - client_dict[f_00000] training epoch : 0
2024-11-19 17:25:08,002 - client_base - INFO - local model train cost time : 0m:0s:773ms
2024-11-19 17:25:08,003 - client_base - INFO - model encode time : 0m:0s:1ms
2024-11-19 17:25:08,004 - fl_main - INFO - client_dict[f_00000] local model encrypting ...
2024-11-19 17:25:09,187 - fed_utils - INFO - encrypting key [conv1.weight].length : 150, cost time : 0m:1s:183ms
2024-11-19 17:25:09,235 - fed_utils - INFO - encrypting key [conv1.bias].length : 6, cost time : 0m:0s:48ms
2024-11-19 17:25:09,235 - fed_utils - INFO - load key [conv2.weight].length : 2400, cost time : 0m:0s:0ms
2024-11-19 17:25:09,235 - fed_utils - INFO - load key [conv2.bias].length : 16, cost time : 0m:0s:0ms
2024-11-19 17:25:09,236 - fed_utils - INFO - load key [fc1.weight].length : 48000, cost time : 0m:0s:1ms
2024-11-19 17:25:09,236 - fed_utils - INFO - load key [fc1.bias].length : 120, cost time : 0m:0s:0ms
2024-11-19 17:25:09,237 - fed_utils - INFO - load key [fc2.weight].length : 10080, cost time : 0m:0s:0ms
2024-11-19 17:25:09,237 - fed_utils - INFO - load key [fc2.bias].length : 84, cost time : 0m:0s:0ms
2024-11-19 17:25:15,993 - fed_utils - INFO - encrypting key [fc3.weight].length : 840, cost time : 0m:6s:755ms
2024-11-19 17:25:16,072 - fed_utils - INFO - encrypting key [fc3.bias].length : 10, cost time : 0m:0s:79ms
2024-11-19 17:25:16,073 - fl_main - INFO - Server receive client_dict[f_00000] info ...
2024-11-19 17:25:16,073 - fl_main - INFO - ----- client id [f_00001] -----
2024-11-19 17:25:16,074 - fed_utils - INFO - init global model cost time : 0m:0s:0ms
2024-11-19 17:25:16,074 - client_base - INFO - recover model cost time : 0m:0s:0ms
2024-11-19 17:25:16,075 - fl_main - INFO - client_dict[f_00001] training ...
2024-11-19 17:25:16,075 - client_base - INFO - client_dict[f_00001] training epoch : 0
2024-11-19 17:25:16,878 - client_base - INFO - local model train cost time : 0m:0s:802ms
2024-11-19 17:25:16,879 - client_base - INFO - model encode time : 0m:0s:1ms
2024-11-19 17:25:16,880 - fl_main - INFO - client_dict[f_00001] local model encrypting ...
2024-11-19 17:25:18,063 - fed_utils - INFO - encrypting key [conv1.weight].length : 150, cost time : 0m:1s:183ms
2024-11-19 17:25:18,111 - fed_utils - INFO - encrypting key [conv1.bias].length : 6, cost time : 0m:0s:47ms
2024-11-19 17:25:18,111 - fed_utils - INFO - load key [conv2.weight].length : 2400, cost time : 0m:0s:0ms
2024-11-19 17:25:18,111 - fed_utils - INFO - load key [conv2.bias].length : 16, cost time : 0m:0s:0ms
2024-11-19 17:25:18,112 - fed_utils - INFO - load key [fc1.weight].length : 48000, cost time : 0m:0s:0ms
2024-11-19 17:25:18,112 - fed_utils - INFO - load key [fc1.bias].length : 120, cost time : 0m:0s:0ms
2024-11-19 17:25:18,112 - fed_utils - INFO - load key [fc2.weight].length : 10080, cost time : 0m:0s:0ms
2024-11-19 17:25:18,112 - fed_utils - INFO - load key [fc2.bias].length : 84, cost time : 0m:0s:0ms
2024-11-19 17:25:24,747 - fed_utils - INFO - encrypting key [fc3.weight].length : 840, cost time : 0m:6s:634ms
2024-11-19 17:25:24,826 - fed_utils - INFO - encrypting key [fc3.bias].length : 10, cost time : 0m:0s:79ms
2024-11-19 17:25:24,826 - fl_main - INFO - Server receive client_dict[f_00001] info ...
2024-11-19 17:25:24,826 - fl_main - INFO - ----- client id [f_00002] -----
2024-11-19 17:25:24,827 - fed_utils - INFO - init global model cost time : 0m:0s:0ms
2024-11-19 17:25:24,828 - client_base - INFO - recover model cost time : 0m:0s:0ms
2024-11-19 17:25:24,828 - fl_main - INFO - client_dict[f_00002] training ...
2024-11-19 17:25:24,828 - client_base - INFO - client_dict[f_00002] training epoch : 0
2024-11-19 17:25:25,610 - client_base - INFO - local model train cost time : 0m:0s:782ms
2024-11-19 17:25:25,612 - client_base - INFO - model encode time : 0m:0s:1ms
2024-11-19 17:25:25,612 - fl_main - INFO - client_dict[f_00002] local model encrypting ...
2024-11-19 17:25:26,797 - fed_utils - INFO - encrypting key [conv1.weight].length : 150, cost time : 0m:1s:184ms
2024-11-19 17:25:26,845 - fed_utils - INFO - encrypting key [conv1.bias].length : 6, cost time : 0m:0s:48ms
2024-11-19 17:25:26,845 - fed_utils - INFO - load key [conv2.weight].length : 2400, cost time : 0m:0s:0ms
2024-11-19 17:25:26,845 - fed_utils - INFO - load key [conv2.bias].length : 16, cost time : 0m:0s:0ms
2024-11-19 17:25:26,846 - fed_utils - INFO - load key [fc1.weight].length : 48000, cost time : 0m:0s:0ms
2024-11-19 17:25:26,846 - fed_utils - INFO - load key [fc1.bias].length : 120, cost time : 0m:0s:0ms
2024-11-19 17:25:26,846 - fed_utils - INFO - load key [fc2.weight].length : 10080, cost time : 0m:0s:0ms
2024-11-19 17:25:26,847 - fed_utils - INFO - load key [fc2.bias].length : 84, cost time : 0m:0s:0ms
2024-11-19 17:25:33,600 - fed_utils - INFO - encrypting key [fc3.weight].length : 840, cost time : 0m:6s:753ms
2024-11-19 17:25:33,679 - fed_utils - INFO - encrypting key [fc3.bias].length : 10, cost time : 0m:0s:79ms
2024-11-19 17:25:33,679 - fl_main - INFO - Server receive client_dict[f_00002] info ...
2024-11-19 17:25:33,679 - fl_main - INFO - ----- client id [f_00003] -----
2024-11-19 17:25:33,680 - fed_utils - INFO - init global model cost time : 0m:0s:0ms
2024-11-19 17:25:33,681 - client_base - INFO - recover model cost time : 0m:0s:0ms
2024-11-19 17:25:34,505 - fl_main - INFO - global round [44] client_dict[f_00003].accuracy : 0.985200
2024-11-19 17:25:34,505 - fl_main - INFO - client_dict[f_00003] training ...
2024-11-19 17:25:34,505 - client_base - INFO - client_dict[f_00003] training epoch : 0
2024-11-19 17:25:35,292 - client_base - INFO - local model train cost time : 0m:0s:786ms
2024-11-19 17:25:35,293 - client_base - INFO - model encode time : 0m:0s:1ms
2024-11-19 17:25:35,294 - fl_main - INFO - client_dict[f_00003] local model encrypting ...
2024-11-19 17:25:36,476 - fed_utils - INFO - encrypting key [conv1.weight].length : 150, cost time : 0m:1s:182ms
2024-11-19 17:25:36,524 - fed_utils - INFO - encrypting key [conv1.bias].length : 6, cost time : 0m:0s:47ms
2024-11-19 17:25:36,524 - fed_utils - INFO - load key [conv2.weight].length : 2400, cost time : 0m:0s:0ms
2024-11-19 17:25:36,524 - fed_utils - INFO - load key [conv2.bias].length : 16, cost time : 0m:0s:0ms
2024-11-19 17:25:36,525 - fed_utils - INFO - load key [fc1.weight].length : 48000, cost time : 0m:0s:0ms
2024-11-19 17:25:36,525 - fed_utils - INFO - load key [fc1.bias].length : 120, cost time : 0m:0s:0ms
2024-11-19 17:25:36,525 - fed_utils - INFO - load key [fc2.weight].length : 10080, cost time : 0m:0s:0ms
2024-11-19 17:25:36,525 - fed_utils - INFO - load key [fc2.bias].length : 84, cost time : 0m:0s:0ms
2024-11-19 17:25:43,303 - fed_utils - INFO - encrypting key [fc3.weight].length : 840, cost time : 0m:6s:777ms
2024-11-19 17:25:43,382 - fed_utils - INFO - encrypting key [fc3.bias].length : 10, cost time : 0m:0s:79ms
2024-11-19 17:25:43,382 - fl_main - INFO - Server receive client_dict[f_00003] info ...
2024-11-19 17:25:43,382 - fl_main - INFO - ----- client id [f_00004] -----
2024-11-19 17:25:43,383 - fed_utils - INFO - init global model cost time : 0m:0s:0ms
2024-11-19 17:25:43,384 - client_base - INFO - recover model cost time : 0m:0s:0ms
2024-11-19 17:25:43,384 - fl_main - INFO - client_dict[f_00004] training ...
2024-11-19 17:25:43,385 - client_base - INFO - client_dict[f_00004] training epoch : 0
2024-11-19 17:25:44,166 - client_base - INFO - local model train cost time : 0m:0s:781ms
2024-11-19 17:25:44,167 - client_base - INFO - model encode time : 0m:0s:1ms
2024-11-19 17:25:44,167 - fl_main - INFO - client_dict[f_00004] local model encrypting ...
2024-11-19 17:25:45,351 - fed_utils - INFO - encrypting key [conv1.weight].length : 150, cost time : 0m:1s:183ms
2024-11-19 17:25:45,398 - fed_utils - INFO - encrypting key [conv1.bias].length : 6, cost time : 0m:0s:47ms
2024-11-19 17:25:45,398 - fed_utils - INFO - load key [conv2.weight].length : 2400, cost time : 0m:0s:0ms
2024-11-19 17:25:45,399 - fed_utils - INFO - load key [conv2.bias].length : 16, cost time : 0m:0s:0ms
2024-11-19 17:25:45,399 - fed_utils - INFO - load key [fc1.weight].length : 48000, cost time : 0m:0s:0ms
2024-11-19 17:25:45,400 - fed_utils - INFO - load key [fc1.bias].length : 120, cost time : 0m:0s:0ms
2024-11-19 17:25:45,400 - fed_utils - INFO - load key [fc2.weight].length : 10080, cost time : 0m:0s:0ms
2024-11-19 17:25:45,400 - fed_utils - INFO - load key [fc2.bias].length : 84, cost time : 0m:0s:0ms
2024-11-19 17:25:52,025 - fed_utils - INFO - encrypting key [fc3.weight].length : 840, cost time : 0m:6s:624ms
2024-11-19 17:25:52,104 - fed_utils - INFO - encrypting key [fc3.bias].length : 10, cost time : 0m:0s:79ms
2024-11-19 17:25:52,104 - fl_main - INFO - Server receive client_dict[f_00004] info ...
2024-11-19 17:25:52,105 - fl_main - INFO - global aggregation process ...
2024-11-19 17:25:52,105 - fed_utils - INFO - server.n_data : 60000
2024-11-19 17:25:52,105 - fed_utils - INFO - client_dict[f_00000].weight : 0.200000
2024-11-19 17:25:52,105 - fed_utils - INFO - client_dict[f_00001].weight : 0.200000
2024-11-19 17:25:52,105 - fed_utils - INFO - client_dict[f_00002].weight : 0.200000
2024-11-19 17:25:52,105 - fed_utils - INFO - client_dict[f_00003].weight : 0.200000
2024-11-19 17:25:52,105 - fed_utils - INFO - client_dict[f_00004].weight : 0.200000
2024-11-19 17:25:52,105 - fed_utils - INFO - recover secret number by clients: 3157279.000000
2024-11-19 17:25:52,105 - server_base - INFO - Server aggregate model with homomorphic encryption ...
2024-11-19 17:25:53,542 - server_base - INFO - Server aggregate model done, cost time : 0m:1s:436ms
2024-11-19 17:25:53,883 - fed_utils - INFO - decrypting key [conv1.weight].shape [torch.Size([6, 1, 5, 5])]
2024-11-19 17:25:53,897 - fed_utils - INFO - decrypting key [conv1.bias].shape [torch.Size([6])]
2024-11-19 17:25:53,897 - fed_utils - INFO - decrypting key [conv2.weight].shape [torch.Size([16, 6, 5, 5])]
2024-11-19 17:25:53,897 - fed_utils - INFO - decrypting key [conv2.bias].shape [torch.Size([16])]
2024-11-19 17:25:53,897 - fed_utils - INFO - decrypting key [fc1.weight].shape [torch.Size([120, 400])]
2024-11-19 17:25:53,897 - fed_utils - INFO - decrypting key [fc1.bias].shape [torch.Size([120])]
2024-11-19 17:25:53,897 - fed_utils - INFO - decrypting key [fc2.weight].shape [torch.Size([84, 120])]
2024-11-19 17:25:53,898 - fed_utils - INFO - decrypting key [fc2.bias].shape [torch.Size([84])]
2024-11-19 17:25:55,810 - fed_utils - INFO - decrypting key [fc3.weight].shape [torch.Size([10, 84])]
2024-11-19 17:25:55,833 - fed_utils - INFO - decrypting key [fc3.bias].shape [torch.Size([10])]
2024-11-19 17:25:55,833 - fed_utils - INFO - decrypt time : [0m:2s:291ms]
2024-11-19 17:25:55,835 - fl_main - INFO - [global round : 44] aggregated model accuracy : 0.9852000000000001
2024-11-19 17:25:55,835 - fl_main - INFO - [global round : 44] aggregated model loss : 0.05401554891794508
2024-11-19 17:25:55,836 - fl_main - INFO - global round : 45
2024-11-19 17:25:55,836 - fl_main - INFO - the random client id to test accuracy : f_00000
2024-11-19 17:25:55,836 - fl_main - INFO - ----- client id [f_00000] -----
2024-11-19 17:25:55,837 - fed_utils - INFO - init global model cost time : 0m:0s:0ms
2024-11-19 17:25:55,838 - client_base - INFO - recover model cost time : 0m:0s:0ms
2024-11-19 17:25:56,648 - fl_main - INFO - global round [45] client_dict[f_00000].accuracy : 0.985100
2024-11-19 17:25:56,648 - fl_main - INFO - client_dict[f_00000] training ...
2024-11-19 17:25:56,648 - client_base - INFO - client_dict[f_00000] training epoch : 0
2024-11-19 17:25:57,465 - client_base - INFO - local model train cost time : 0m:0s:816ms
2024-11-19 17:25:57,467 - client_base - INFO - model encode time : 0m:0s:1ms
2024-11-19 17:25:57,467 - fl_main - INFO - client_dict[f_00000] local model encrypting ...
2024-11-19 17:25:58,742 - fed_utils - INFO - encrypting key [conv1.weight].length : 150, cost time : 0m:1s:274ms
2024-11-19 17:25:58,789 - fed_utils - INFO - encrypting key [conv1.bias].length : 6, cost time : 0m:0s:47ms
2024-11-19 17:25:58,790 - fed_utils - INFO - load key [conv2.weight].length : 2400, cost time : 0m:0s:0ms
2024-11-19 17:25:58,790 - fed_utils - INFO - load key [conv2.bias].length : 16, cost time : 0m:0s:0ms
2024-11-19 17:25:58,791 - fed_utils - INFO - load key [fc1.weight].length : 48000, cost time : 0m:0s:1ms
2024-11-19 17:25:58,791 - fed_utils - INFO - load key [fc1.bias].length : 120, cost time : 0m:0s:0ms
2024-11-19 17:25:58,791 - fed_utils - INFO - load key [fc2.weight].length : 10080, cost time : 0m:0s:0ms
2024-11-19 17:25:58,791 - fed_utils - INFO - load key [fc2.bias].length : 84, cost time : 0m:0s:0ms
2024-11-19 17:26:05,416 - fed_utils - INFO - encrypting key [fc3.weight].length : 840, cost time : 0m:6s:624ms
2024-11-19 17:26:05,495 - fed_utils - INFO - encrypting key [fc3.bias].length : 10, cost time : 0m:0s:79ms
2024-11-19 17:26:05,496 - fl_main - INFO - Server receive client_dict[f_00000] info ...
2024-11-19 17:26:05,496 - fl_main - INFO - ----- client id [f_00001] -----
2024-11-19 17:26:05,497 - fed_utils - INFO - init global model cost time : 0m:0s:0ms
2024-11-19 17:26:05,497 - client_base - INFO - recover model cost time : 0m:0s:0ms
2024-11-19 17:26:05,497 - fl_main - INFO - client_dict[f_00001] training ...
2024-11-19 17:26:05,498 - client_base - INFO - client_dict[f_00001] training epoch : 0
2024-11-19 17:26:06,280 - client_base - INFO - local model train cost time : 0m:0s:782ms
2024-11-19 17:26:06,282 - client_base - INFO - model encode time : 0m:0s:1ms
2024-11-19 17:26:06,282 - fl_main - INFO - client_dict[f_00001] local model encrypting ...
2024-11-19 17:26:07,464 - fed_utils - INFO - encrypting key [conv1.weight].length : 150, cost time : 0m:1s:182ms
2024-11-19 17:26:07,512 - fed_utils - INFO - encrypting key [conv1.bias].length : 6, cost time : 0m:0s:47ms
2024-11-19 17:26:07,512 - fed_utils - INFO - load key [conv2.weight].length : 2400, cost time : 0m:0s:0ms
2024-11-19 17:26:07,512 - fed_utils - INFO - load key [conv2.bias].length : 16, cost time : 0m:0s:0ms
2024-11-19 17:26:07,513 - fed_utils - INFO - load key [fc1.weight].length : 48000, cost time : 0m:0s:0ms
2024-11-19 17:26:07,513 - fed_utils - INFO - load key [fc1.bias].length : 120, cost time : 0m:0s:0ms
2024-11-19 17:26:07,513 - fed_utils - INFO - load key [fc2.weight].length : 10080, cost time : 0m:0s:0ms
2024-11-19 17:26:07,513 - fed_utils - INFO - load key [fc2.bias].length : 84, cost time : 0m:0s:0ms
2024-11-19 17:26:14,284 - fed_utils - INFO - encrypting key [fc3.weight].length : 840, cost time : 0m:6s:770ms
2024-11-19 17:26:14,363 - fed_utils - INFO - encrypting key [fc3.bias].length : 10, cost time : 0m:0s:79ms
2024-11-19 17:26:14,363 - fl_main - INFO - Server receive client_dict[f_00001] info ...
2024-11-19 17:26:14,364 - fl_main - INFO - ----- client id [f_00002] -----
2024-11-19 17:26:14,364 - fed_utils - INFO - init global model cost time : 0m:0s:0ms
2024-11-19 17:26:14,365 - client_base - INFO - recover model cost time : 0m:0s:0ms
2024-11-19 17:26:14,365 - fl_main - INFO - client_dict[f_00002] training ...
2024-11-19 17:26:14,366 - client_base - INFO - client_dict[f_00002] training epoch : 0
2024-11-19 17:26:15,125 - client_base - INFO - local model train cost time : 0m:0s:759ms
2024-11-19 17:26:15,126 - client_base - INFO - model encode time : 0m:0s:1ms
2024-11-19 17:26:15,126 - fl_main - INFO - client_dict[f_00002] local model encrypting ...
2024-11-19 17:26:16,309 - fed_utils - INFO - encrypting key [conv1.weight].length : 150, cost time : 0m:1s:182ms
2024-11-19 17:26:16,357 - fed_utils - INFO - encrypting key [conv1.bias].length : 6, cost time : 0m:0s:47ms
2024-11-19 17:26:16,357 - fed_utils - INFO - load key [conv2.weight].length : 2400, cost time : 0m:0s:0ms
2024-11-19 17:26:16,357 - fed_utils - INFO - load key [conv2.bias].length : 16, cost time : 0m:0s:0ms
2024-11-19 17:26:16,358 - fed_utils - INFO - load key [fc1.weight].length : 48000, cost time : 0m:0s:0ms
2024-11-19 17:26:16,358 - fed_utils - INFO - load key [fc1.bias].length : 120, cost time : 0m:0s:0ms
2024-11-19 17:26:16,358 - fed_utils - INFO - load key [fc2.weight].length : 10080, cost time : 0m:0s:0ms
2024-11-19 17:26:16,358 - fed_utils - INFO - load key [fc2.bias].length : 84, cost time : 0m:0s:0ms
2024-11-19 17:26:22,984 - fed_utils - INFO - encrypting key [fc3.weight].length : 840, cost time : 0m:6s:625ms
2024-11-19 17:26:23,063 - fed_utils - INFO - encrypting key [fc3.bias].length : 10, cost time : 0m:0s:79ms
2024-11-19 17:26:23,063 - fl_main - INFO - Server receive client_dict[f_00002] info ...
2024-11-19 17:26:23,064 - fl_main - INFO - ----- client id [f_00003] -----
2024-11-19 17:26:23,064 - fed_utils - INFO - init global model cost time : 0m:0s:0ms
2024-11-19 17:26:23,065 - client_base - INFO - recover model cost time : 0m:0s:0ms
2024-11-19 17:26:23,065 - fl_main - INFO - client_dict[f_00003] training ...
2024-11-19 17:26:23,066 - client_base - INFO - client_dict[f_00003] training epoch : 0
2024-11-19 17:26:23,837 - client_base - INFO - local model train cost time : 0m:0s:771ms
2024-11-19 17:26:23,838 - client_base - INFO - model encode time : 0m:0s:1ms
2024-11-19 17:26:23,839 - fl_main - INFO - client_dict[f_00003] local model encrypting ...
2024-11-19 17:26:25,024 - fed_utils - INFO - encrypting key [conv1.weight].length : 150, cost time : 0m:1s:185ms
2024-11-19 17:26:25,072 - fed_utils - INFO - encrypting key [conv1.bias].length : 6, cost time : 0m:0s:47ms
2024-11-19 17:26:25,072 - fed_utils - INFO - load key [conv2.weight].length : 2400, cost time : 0m:0s:0ms
2024-11-19 17:26:25,072 - fed_utils - INFO - load key [conv2.bias].length : 16, cost time : 0m:0s:0ms
2024-11-19 17:26:25,073 - fed_utils - INFO - load key [fc1.weight].length : 48000, cost time : 0m:0s:0ms
2024-11-19 17:26:25,073 - fed_utils - INFO - load key [fc1.bias].length : 120, cost time : 0m:0s:0ms
2024-11-19 17:26:25,074 - fed_utils - INFO - load key [fc2.weight].length : 10080, cost time : 0m:0s:0ms
2024-11-19 17:26:25,074 - fed_utils - INFO - load key [fc2.bias].length : 84, cost time : 0m:0s:0ms
2024-11-19 17:26:31,838 - fed_utils - INFO - encrypting key [fc3.weight].length : 840, cost time : 0m:6s:764ms
2024-11-19 17:26:31,917 - fed_utils - INFO - encrypting key [fc3.bias].length : 10, cost time : 0m:0s:79ms
2024-11-19 17:26:31,917 - fl_main - INFO - Server receive client_dict[f_00003] info ...
2024-11-19 17:26:31,918 - fl_main - INFO - ----- client id [f_00004] -----
2024-11-19 17:26:31,918 - fed_utils - INFO - init global model cost time : 0m:0s:0ms
2024-11-19 17:26:31,919 - client_base - INFO - recover model cost time : 0m:0s:0ms
2024-11-19 17:26:31,919 - fl_main - INFO - client_dict[f_00004] training ...
2024-11-19 17:26:31,920 - client_base - INFO - client_dict[f_00004] training epoch : 0
2024-11-19 17:26:32,699 - client_base - INFO - local model train cost time : 0m:0s:779ms
2024-11-19 17:26:32,701 - client_base - INFO - model encode time : 0m:0s:1ms
2024-11-19 17:26:32,701 - fl_main - INFO - client_dict[f_00004] local model encrypting ...
2024-11-19 17:26:33,886 - fed_utils - INFO - encrypting key [conv1.weight].length : 150, cost time : 0m:1s:184ms
2024-11-19 17:26:33,934 - fed_utils - INFO - encrypting key [conv1.bias].length : 6, cost time : 0m:0s:47ms
2024-11-19 17:26:33,934 - fed_utils - INFO - load key [conv2.weight].length : 2400, cost time : 0m:0s:0ms
2024-11-19 17:26:33,934 - fed_utils - INFO - load key [conv2.bias].length : 16, cost time : 0m:0s:0ms
2024-11-19 17:26:33,935 - fed_utils - INFO - load key [fc1.weight].length : 48000, cost time : 0m:0s:0ms
2024-11-19 17:26:33,935 - fed_utils - INFO - load key [fc1.bias].length : 120, cost time : 0m:0s:0ms
2024-11-19 17:26:33,935 - fed_utils - INFO - load key [fc2.weight].length : 10080, cost time : 0m:0s:0ms
2024-11-19 17:26:33,935 - fed_utils - INFO - load key [fc2.bias].length : 84, cost time : 0m:0s:0ms
2024-11-19 17:26:40,572 - fed_utils - INFO - encrypting key [fc3.weight].length : 840, cost time : 0m:6s:636ms
2024-11-19 17:26:40,651 - fed_utils - INFO - encrypting key [fc3.bias].length : 10, cost time : 0m:0s:79ms
2024-11-19 17:26:40,651 - fl_main - INFO - Server receive client_dict[f_00004] info ...
2024-11-19 17:26:40,652 - fl_main - INFO - global aggregation process ...
2024-11-19 17:26:40,652 - fed_utils - INFO - server.n_data : 60000
2024-11-19 17:26:40,652 - fed_utils - INFO - client_dict[f_00000].weight : 0.200000
2024-11-19 17:26:40,652 - fed_utils - INFO - client_dict[f_00001].weight : 0.200000
2024-11-19 17:26:40,652 - fed_utils - INFO - client_dict[f_00002].weight : 0.200000
2024-11-19 17:26:40,652 - fed_utils - INFO - client_dict[f_00003].weight : 0.200000
2024-11-19 17:26:40,652 - fed_utils - INFO - client_dict[f_00004].weight : 0.200000
2024-11-19 17:26:40,652 - fed_utils - INFO - recover secret number by clients: 3157279.000000
2024-11-19 17:26:40,652 - server_base - INFO - Server aggregate model with homomorphic encryption ...
2024-11-19 17:26:42,087 - server_base - INFO - Server aggregate model done, cost time : 0m:1s:435ms
2024-11-19 17:26:42,499 - fed_utils - INFO - decrypting key [conv1.weight].shape [torch.Size([6, 1, 5, 5])]
2024-11-19 17:26:42,522 - fed_utils - INFO - decrypting key [conv1.bias].shape [torch.Size([6])]
2024-11-19 17:26:42,522 - fed_utils - INFO - decrypting key [conv2.weight].shape [torch.Size([16, 6, 5, 5])]
2024-11-19 17:26:42,522 - fed_utils - INFO - decrypting key [conv2.bias].shape [torch.Size([16])]
2024-11-19 17:26:42,523 - fed_utils - INFO - decrypting key [fc1.weight].shape [torch.Size([120, 400])]
2024-11-19 17:26:42,523 - fed_utils - INFO - decrypting key [fc1.bias].shape [torch.Size([120])]
2024-11-19 17:26:42,523 - fed_utils - INFO - decrypting key [fc2.weight].shape [torch.Size([84, 120])]
2024-11-19 17:26:42,523 - fed_utils - INFO - decrypting key [fc2.bias].shape [torch.Size([84])]
2024-11-19 17:26:44,502 - fed_utils - INFO - decrypting key [fc3.weight].shape [torch.Size([10, 84])]
2024-11-19 17:26:44,525 - fed_utils - INFO - decrypting key [fc3.bias].shape [torch.Size([10])]
2024-11-19 17:26:44,525 - fed_utils - INFO - decrypt time : [0m:2s:437ms]
2024-11-19 17:26:44,528 - fl_main - INFO - [global round : 45] aggregated model accuracy : 0.9851000000000001
2024-11-19 17:26:44,528 - fl_main - INFO - [global round : 45] aggregated model loss : 0.053209767127808366
2024-11-19 17:26:44,529 - fl_main - INFO - global round : 46
2024-11-19 17:26:44,529 - fl_main - INFO - the random client id to test accuracy : f_00003
2024-11-19 17:26:44,529 - fl_main - INFO - ----- client id [f_00000] -----
2024-11-19 17:26:44,530 - fed_utils - INFO - init global model cost time : 0m:0s:0ms
2024-11-19 17:26:44,531 - client_base - INFO - recover model cost time : 0m:0s:0ms
2024-11-19 17:26:44,531 - fl_main - INFO - client_dict[f_00000] training ...
2024-11-19 17:26:44,531 - client_base - INFO - client_dict[f_00000] training epoch : 0
2024-11-19 17:26:45,293 - client_base - INFO - local model train cost time : 0m:0s:761ms
2024-11-19 17:26:45,294 - client_base - INFO - model encode time : 0m:0s:1ms
2024-11-19 17:26:45,294 - fl_main - INFO - client_dict[f_00000] local model encrypting ...
2024-11-19 17:26:46,477 - fed_utils - INFO - encrypting key [conv1.weight].length : 150, cost time : 0m:1s:182ms
2024-11-19 17:26:46,524 - fed_utils - INFO - encrypting key [conv1.bias].length : 6, cost time : 0m:0s:47ms
2024-11-19 17:26:46,525 - fed_utils - INFO - load key [conv2.weight].length : 2400, cost time : 0m:0s:0ms
2024-11-19 17:26:46,525 - fed_utils - INFO - load key [conv2.bias].length : 16, cost time : 0m:0s:0ms
2024-11-19 17:26:46,526 - fed_utils - INFO - load key [fc1.weight].length : 48000, cost time : 0m:0s:0ms
2024-11-19 17:26:46,526 - fed_utils - INFO - load key [fc1.bias].length : 120, cost time : 0m:0s:0ms
2024-11-19 17:26:46,526 - fed_utils - INFO - load key [fc2.weight].length : 10080, cost time : 0m:0s:0ms
2024-11-19 17:26:46,526 - fed_utils - INFO - load key [fc2.bias].length : 84, cost time : 0m:0s:0ms
2024-11-19 17:26:53,148 - fed_utils - INFO - encrypting key [fc3.weight].length : 840, cost time : 0m:6s:622ms
2024-11-19 17:26:53,228 - fed_utils - INFO - encrypting key [fc3.bias].length : 10, cost time : 0m:0s:79ms
2024-11-19 17:26:53,229 - fl_main - INFO - Server receive client_dict[f_00000] info ...
2024-11-19 17:26:53,229 - fl_main - INFO - ----- client id [f_00001] -----
2024-11-19 17:26:53,230 - fed_utils - INFO - init global model cost time : 0m:0s:0ms
2024-11-19 17:26:53,230 - client_base - INFO - recover model cost time : 0m:0s:0ms
2024-11-19 17:26:53,230 - fl_main - INFO - client_dict[f_00001] training ...
2024-11-19 17:26:53,231 - client_base - INFO - client_dict[f_00001] training epoch : 0
2024-11-19 17:26:54,022 - client_base - INFO - local model train cost time : 0m:0s:791ms
2024-11-19 17:26:54,023 - client_base - INFO - model encode time : 0m:0s:1ms
2024-11-19 17:26:54,024 - fl_main - INFO - client_dict[f_00001] local model encrypting ...
2024-11-19 17:26:55,207 - fed_utils - INFO - encrypting key [conv1.weight].length : 150, cost time : 0m:1s:182ms
2024-11-19 17:26:55,254 - fed_utils - INFO - encrypting key [conv1.bias].length : 6, cost time : 0m:0s:47ms
2024-11-19 17:26:55,254 - fed_utils - INFO - load key [conv2.weight].length : 2400, cost time : 0m:0s:0ms
2024-11-19 17:26:55,255 - fed_utils - INFO - load key [conv2.bias].length : 16, cost time : 0m:0s:0ms
2024-11-19 17:26:55,256 - fed_utils - INFO - load key [fc1.weight].length : 48000, cost time : 0m:0s:0ms
2024-11-19 17:26:55,256 - fed_utils - INFO - load key [fc1.bias].length : 120, cost time : 0m:0s:0ms
2024-11-19 17:26:55,256 - fed_utils - INFO - load key [fc2.weight].length : 10080, cost time : 0m:0s:0ms
2024-11-19 17:26:55,256 - fed_utils - INFO - load key [fc2.bias].length : 84, cost time : 0m:0s:0ms
2024-11-19 17:27:02,025 - fed_utils - INFO - encrypting key [fc3.weight].length : 840, cost time : 0m:6s:769ms
2024-11-19 17:27:02,104 - fed_utils - INFO - encrypting key [fc3.bias].length : 10, cost time : 0m:0s:79ms
2024-11-19 17:27:02,104 - fl_main - INFO - Server receive client_dict[f_00001] info ...
2024-11-19 17:27:02,104 - fl_main - INFO - ----- client id [f_00002] -----
2024-11-19 17:27:02,105 - fed_utils - INFO - init global model cost time : 0m:0s:0ms
2024-11-19 17:27:02,106 - client_base - INFO - recover model cost time : 0m:0s:0ms
2024-11-19 17:27:02,106 - fl_main - INFO - client_dict[f_00002] training ...
2024-11-19 17:27:02,107 - client_base - INFO - client_dict[f_00002] training epoch : 0
2024-11-19 17:27:02,886 - client_base - INFO - local model train cost time : 0m:0s:779ms
2024-11-19 17:27:02,888 - client_base - INFO - model encode time : 0m:0s:1ms
2024-11-19 17:27:02,888 - fl_main - INFO - client_dict[f_00002] local model encrypting ...
2024-11-19 17:27:04,071 - fed_utils - INFO - encrypting key [conv1.weight].length : 150, cost time : 0m:1s:183ms
2024-11-19 17:27:04,119 - fed_utils - INFO - encrypting key [conv1.bias].length : 6, cost time : 0m:0s:47ms
2024-11-19 17:27:04,119 - fed_utils - INFO - load key [conv2.weight].length : 2400, cost time : 0m:0s:0ms
2024-11-19 17:27:04,119 - fed_utils - INFO - load key [conv2.bias].length : 16, cost time : 0m:0s:0ms
2024-11-19 17:27:04,120 - fed_utils - INFO - load key [fc1.weight].length : 48000, cost time : 0m:0s:0ms
2024-11-19 17:27:04,120 - fed_utils - INFO - load key [fc1.bias].length : 120, cost time : 0m:0s:0ms
2024-11-19 17:27:04,120 - fed_utils - INFO - load key [fc2.weight].length : 10080, cost time : 0m:0s:0ms
2024-11-19 17:27:04,121 - fed_utils - INFO - load key [fc2.bias].length : 84, cost time : 0m:0s:0ms
2024-11-19 17:27:10,748 - fed_utils - INFO - encrypting key [fc3.weight].length : 840, cost time : 0m:6s:627ms
2024-11-19 17:27:10,827 - fed_utils - INFO - encrypting key [fc3.bias].length : 10, cost time : 0m:0s:79ms
2024-11-19 17:27:10,827 - fl_main - INFO - Server receive client_dict[f_00002] info ...
2024-11-19 17:27:10,827 - fl_main - INFO - ----- client id [f_00003] -----
2024-11-19 17:27:10,828 - fed_utils - INFO - init global model cost time : 0m:0s:0ms
2024-11-19 17:27:10,829 - client_base - INFO - recover model cost time : 0m:0s:0ms
2024-11-19 17:27:11,634 - fl_main - INFO - global round [46] client_dict[f_00003].accuracy : 0.985700
2024-11-19 17:27:11,634 - fl_main - INFO - client_dict[f_00003] training ...
2024-11-19 17:27:11,635 - client_base - INFO - client_dict[f_00003] training epoch : 0
2024-11-19 17:27:12,466 - client_base - INFO - local model train cost time : 0m:0s:831ms
2024-11-19 17:27:12,468 - client_base - INFO - model encode time : 0m:0s:2ms
2024-11-19 17:27:12,469 - fl_main - INFO - client_dict[f_00003] local model encrypting ...
2024-11-19 17:27:13,738 - fed_utils - INFO - encrypting key [conv1.weight].length : 150, cost time : 0m:1s:269ms
2024-11-19 17:27:13,786 - fed_utils - INFO - encrypting key [conv1.bias].length : 6, cost time : 0m:0s:47ms
2024-11-19 17:27:13,786 - fed_utils - INFO - load key [conv2.weight].length : 2400, cost time : 0m:0s:0ms
2024-11-19 17:27:13,786 - fed_utils - INFO - load key [conv2.bias].length : 16, cost time : 0m:0s:0ms
2024-11-19 17:27:13,787 - fed_utils - INFO - load key [fc1.weight].length : 48000, cost time : 0m:0s:0ms
2024-11-19 17:27:13,787 - fed_utils - INFO - load key [fc1.bias].length : 120, cost time : 0m:0s:0ms
2024-11-19 17:27:13,787 - fed_utils - INFO - load key [fc2.weight].length : 10080, cost time : 0m:0s:0ms
2024-11-19 17:27:13,787 - fed_utils - INFO - load key [fc2.bias].length : 84, cost time : 0m:0s:0ms
2024-11-19 17:27:20,438 - fed_utils - INFO - encrypting key [fc3.weight].length : 840, cost time : 0m:6s:651ms
2024-11-19 17:27:20,517 - fed_utils - INFO - encrypting key [fc3.bias].length : 10, cost time : 0m:0s:79ms
2024-11-19 17:27:20,517 - fl_main - INFO - Server receive client_dict[f_00003] info ...
2024-11-19 17:27:20,518 - fl_main - INFO - ----- client id [f_00004] -----
2024-11-19 17:27:20,518 - fed_utils - INFO - init global model cost time : 0m:0s:0ms
2024-11-19 17:27:20,519 - client_base - INFO - recover model cost time : 0m:0s:0ms
2024-11-19 17:27:20,519 - fl_main - INFO - client_dict[f_00004] training ...
2024-11-19 17:27:20,520 - client_base - INFO - client_dict[f_00004] training epoch : 0
2024-11-19 17:27:21,296 - client_base - INFO - local model train cost time : 0m:0s:776ms
2024-11-19 17:27:21,298 - client_base - INFO - model encode time : 0m:0s:1ms
2024-11-19 17:27:21,298 - fl_main - INFO - client_dict[f_00004] local model encrypting ...
2024-11-19 17:27:22,481 - fed_utils - INFO - encrypting key [conv1.weight].length : 150, cost time : 0m:1s:182ms
2024-11-19 17:27:22,529 - fed_utils - INFO - encrypting key [conv1.bias].length : 6, cost time : 0m:0s:47ms
2024-11-19 17:27:22,529 - fed_utils - INFO - load key [conv2.weight].length : 2400, cost time : 0m:0s:0ms
2024-11-19 17:27:22,529 - fed_utils - INFO - load key [conv2.bias].length : 16, cost time : 0m:0s:0ms
2024-11-19 17:27:22,530 - fed_utils - INFO - load key [fc1.weight].length : 48000, cost time : 0m:0s:0ms
2024-11-19 17:27:22,530 - fed_utils - INFO - load key [fc1.bias].length : 120, cost time : 0m:0s:0ms
2024-11-19 17:27:22,530 - fed_utils - INFO - load key [fc2.weight].length : 10080, cost time : 0m:0s:0ms
2024-11-19 17:27:22,530 - fed_utils - INFO - load key [fc2.bias].length : 84, cost time : 0m:0s:0ms
2024-11-19 17:27:29,296 - fed_utils - INFO - encrypting key [fc3.weight].length : 840, cost time : 0m:6s:765ms
2024-11-19 17:27:29,375 - fed_utils - INFO - encrypting key [fc3.bias].length : 10, cost time : 0m:0s:79ms
2024-11-19 17:27:29,375 - fl_main - INFO - Server receive client_dict[f_00004] info ...
2024-11-19 17:27:29,375 - fl_main - INFO - global aggregation process ...
2024-11-19 17:27:29,376 - fed_utils - INFO - server.n_data : 60000
2024-11-19 17:27:29,376 - fed_utils - INFO - client_dict[f_00000].weight : 0.200000
2024-11-19 17:27:29,376 - fed_utils - INFO - client_dict[f_00001].weight : 0.200000
2024-11-19 17:27:29,376 - fed_utils - INFO - client_dict[f_00002].weight : 0.200000
2024-11-19 17:27:29,376 - fed_utils - INFO - client_dict[f_00003].weight : 0.200000
2024-11-19 17:27:29,376 - fed_utils - INFO - client_dict[f_00004].weight : 0.200000
2024-11-19 17:27:29,376 - fed_utils - INFO - recover secret number by clients: 3157279.000000
2024-11-19 17:27:29,376 - server_base - INFO - Server aggregate model with homomorphic encryption ...
2024-11-19 17:27:30,811 - server_base - INFO - Server aggregate model done, cost time : 0m:1s:434ms
2024-11-19 17:27:31,152 - fed_utils - INFO - decrypting key [conv1.weight].shape [torch.Size([6, 1, 5, 5])]
2024-11-19 17:27:31,166 - fed_utils - INFO - decrypting key [conv1.bias].shape [torch.Size([6])]
2024-11-19 17:27:31,166 - fed_utils - INFO - decrypting key [conv2.weight].shape [torch.Size([16, 6, 5, 5])]
2024-11-19 17:27:31,166 - fed_utils - INFO - decrypting key [conv2.bias].shape [torch.Size([16])]
2024-11-19 17:27:31,166 - fed_utils - INFO - decrypting key [fc1.weight].shape [torch.Size([120, 400])]
2024-11-19 17:27:31,166 - fed_utils - INFO - decrypting key [fc1.bias].shape [torch.Size([120])]
2024-11-19 17:27:31,167 - fed_utils - INFO - decrypting key [fc2.weight].shape [torch.Size([84, 120])]
2024-11-19 17:27:31,167 - fed_utils - INFO - decrypting key [fc2.bias].shape [torch.Size([84])]
2024-11-19 17:27:33,079 - fed_utils - INFO - decrypting key [fc3.weight].shape [torch.Size([10, 84])]
2024-11-19 17:27:33,102 - fed_utils - INFO - decrypting key [fc3.bias].shape [torch.Size([10])]
2024-11-19 17:27:33,102 - fed_utils - INFO - decrypt time : [0m:2s:291ms]
2024-11-19 17:27:33,104 - fl_main - INFO - [global round : 46] aggregated model accuracy : 0.9857
2024-11-19 17:27:33,105 - fl_main - INFO - [global round : 46] aggregated model loss : 0.0889785935748579
2024-11-19 17:27:33,106 - fl_main - INFO - global round : 47
2024-11-19 17:27:33,106 - fl_main - INFO - the random client id to test accuracy : f_00002
2024-11-19 17:27:33,106 - fl_main - INFO - ----- client id [f_00000] -----
2024-11-19 17:27:33,107 - fed_utils - INFO - init global model cost time : 0m:0s:0ms
2024-11-19 17:27:33,107 - client_base - INFO - recover model cost time : 0m:0s:0ms
2024-11-19 17:27:33,107 - fl_main - INFO - client_dict[f_00000] training ...
2024-11-19 17:27:33,108 - client_base - INFO - client_dict[f_00000] training epoch : 0
2024-11-19 17:27:33,870 - client_base - INFO - local model train cost time : 0m:0s:762ms
2024-11-19 17:27:33,872 - client_base - INFO - model encode time : 0m:0s:1ms
2024-11-19 17:27:33,872 - fl_main - INFO - client_dict[f_00000] local model encrypting ...
2024-11-19 17:27:35,055 - fed_utils - INFO - encrypting key [conv1.weight].length : 150, cost time : 0m:1s:182ms
2024-11-19 17:27:35,102 - fed_utils - INFO - encrypting key [conv1.bias].length : 6, cost time : 0m:0s:47ms
2024-11-19 17:27:35,103 - fed_utils - INFO - load key [conv2.weight].length : 2400, cost time : 0m:0s:0ms
2024-11-19 17:27:35,103 - fed_utils - INFO - load key [conv2.bias].length : 16, cost time : 0m:0s:0ms
2024-11-19 17:27:35,104 - fed_utils - INFO - load key [fc1.weight].length : 48000, cost time : 0m:0s:1ms
2024-11-19 17:27:35,104 - fed_utils - INFO - load key [fc1.bias].length : 120, cost time : 0m:0s:0ms
2024-11-19 17:27:35,104 - fed_utils - INFO - load key [fc2.weight].length : 10080, cost time : 0m:0s:0ms
2024-11-19 17:27:35,104 - fed_utils - INFO - load key [fc2.bias].length : 84, cost time : 0m:0s:0ms
2024-11-19 17:27:41,729 - fed_utils - INFO - encrypting key [fc3.weight].length : 840, cost time : 0m:6s:624ms
2024-11-19 17:27:41,808 - fed_utils - INFO - encrypting key [fc3.bias].length : 10, cost time : 0m:0s:79ms
2024-11-19 17:27:41,809 - fl_main - INFO - Server receive client_dict[f_00000] info ...
2024-11-19 17:27:41,809 - fl_main - INFO - ----- client id [f_00001] -----
2024-11-19 17:27:41,810 - fed_utils - INFO - init global model cost time : 0m:0s:0ms
2024-11-19 17:27:41,811 - client_base - INFO - recover model cost time : 0m:0s:0ms
2024-11-19 17:27:41,811 - fl_main - INFO - client_dict[f_00001] training ...
2024-11-19 17:27:41,811 - client_base - INFO - client_dict[f_00001] training epoch : 0
2024-11-19 17:27:42,759 - client_base - INFO - local model train cost time : 0m:0s:947ms
2024-11-19 17:27:42,761 - client_base - INFO - model encode time : 0m:0s:1ms
2024-11-19 17:27:42,761 - fl_main - INFO - client_dict[f_00001] local model encrypting ...
2024-11-19 17:27:43,946 - fed_utils - INFO - encrypting key [conv1.weight].length : 150, cost time : 0m:1s:184ms
2024-11-19 17:27:43,994 - fed_utils - INFO - encrypting key [conv1.bias].length : 6, cost time : 0m:0s:47ms
2024-11-19 17:27:43,994 - fed_utils - INFO - load key [conv2.weight].length : 2400, cost time : 0m:0s:0ms
2024-11-19 17:27:43,994 - fed_utils - INFO - load key [conv2.bias].length : 16, cost time : 0m:0s:0ms
2024-11-19 17:27:43,995 - fed_utils - INFO - load key [fc1.weight].length : 48000, cost time : 0m:0s:0ms
2024-11-19 17:27:43,995 - fed_utils - INFO - load key [fc1.bias].length : 120, cost time : 0m:0s:0ms
2024-11-19 17:27:43,995 - fed_utils - INFO - load key [fc2.weight].length : 10080, cost time : 0m:0s:0ms
2024-11-19 17:27:43,995 - fed_utils - INFO - load key [fc2.bias].length : 84, cost time : 0m:0s:0ms
2024-11-19 17:27:50,617 - fed_utils - INFO - encrypting key [fc3.weight].length : 840, cost time : 0m:6s:621ms
2024-11-19 17:27:50,696 - fed_utils - INFO - encrypting key [fc3.bias].length : 10, cost time : 0m:0s:79ms
2024-11-19 17:27:50,696 - fl_main - INFO - Server receive client_dict[f_00001] info ...
2024-11-19 17:27:50,697 - fl_main - INFO - ----- client id [f_00002] -----
2024-11-19 17:27:50,697 - fed_utils - INFO - init global model cost time : 0m:0s:0ms
2024-11-19 17:27:50,698 - client_base - INFO - recover model cost time : 0m:0s:0ms
2024-11-19 17:27:51,497 - fl_main - INFO - global round [47] client_dict[f_00002].accuracy : 0.985800
2024-11-19 17:27:51,497 - fl_main - INFO - client_dict[f_00002] training ...
2024-11-19 17:27:51,497 - client_base - INFO - client_dict[f_00002] training epoch : 0
2024-11-19 17:27:52,277 - client_base - INFO - local model train cost time : 0m:0s:779ms
2024-11-19 17:27:52,278 - client_base - INFO - model encode time : 0m:0s:1ms
2024-11-19 17:27:52,278 - fl_main - INFO - client_dict[f_00002] local model encrypting ...
2024-11-19 17:27:53,461 - fed_utils - INFO - encrypting key [conv1.weight].length : 150, cost time : 0m:1s:182ms
2024-11-19 17:27:53,508 - fed_utils - INFO - encrypting key [conv1.bias].length : 6, cost time : 0m:0s:47ms
2024-11-19 17:27:53,508 - fed_utils - INFO - load key [conv2.weight].length : 2400, cost time : 0m:0s:0ms
2024-11-19 17:27:53,509 - fed_utils - INFO - load key [conv2.bias].length : 16, cost time : 0m:0s:0ms
2024-11-19 17:27:53,509 - fed_utils - INFO - load key [fc1.weight].length : 48000, cost time : 0m:0s:0ms
2024-11-19 17:27:53,510 - fed_utils - INFO - load key [fc1.bias].length : 120, cost time : 0m:0s:0ms
2024-11-19 17:27:53,510 - fed_utils - INFO - load key [fc2.weight].length : 10080, cost time : 0m:0s:0ms
2024-11-19 17:27:53,510 - fed_utils - INFO - load key [fc2.bias].length : 84, cost time : 0m:0s:0ms
2024-11-19 17:28:00,278 - fed_utils - INFO - encrypting key [fc3.weight].length : 840, cost time : 0m:6s:768ms
2024-11-19 17:28:00,357 - fed_utils - INFO - encrypting key [fc3.bias].length : 10, cost time : 0m:0s:79ms
2024-11-19 17:28:00,357 - fl_main - INFO - Server receive client_dict[f_00002] info ...
2024-11-19 17:28:00,357 - fl_main - INFO - ----- client id [f_00003] -----
2024-11-19 17:28:00,358 - fed_utils - INFO - init global model cost time : 0m:0s:0ms
2024-11-19 17:28:00,359 - client_base - INFO - recover model cost time : 0m:0s:0ms
2024-11-19 17:28:00,359 - fl_main - INFO - client_dict[f_00003] training ...
2024-11-19 17:28:00,359 - client_base - INFO - client_dict[f_00003] training epoch : 0
2024-11-19 17:28:01,148 - client_base - INFO - local model train cost time : 0m:0s:788ms
2024-11-19 17:28:01,149 - client_base - INFO - model encode time : 0m:0s:1ms
2024-11-19 17:28:01,150 - fl_main - INFO - client_dict[f_00003] local model encrypting ...
2024-11-19 17:28:02,334 - fed_utils - INFO - encrypting key [conv1.weight].length : 150, cost time : 0m:1s:184ms
2024-11-19 17:28:02,382 - fed_utils - INFO - encrypting key [conv1.bias].length : 6, cost time : 0m:0s:47ms
2024-11-19 17:28:02,382 - fed_utils - INFO - load key [conv2.weight].length : 2400, cost time : 0m:0s:0ms
2024-11-19 17:28:02,382 - fed_utils - INFO - load key [conv2.bias].length : 16, cost time : 0m:0s:0ms
2024-11-19 17:28:02,383 - fed_utils - INFO - load key [fc1.weight].length : 48000, cost time : 0m:0s:0ms
2024-11-19 17:28:02,383 - fed_utils - INFO - load key [fc1.bias].length : 120, cost time : 0m:0s:0ms
2024-11-19 17:28:02,384 - fed_utils - INFO - load key [fc2.weight].length : 10080, cost time : 0m:0s:0ms
2024-11-19 17:28:02,384 - fed_utils - INFO - load key [fc2.bias].length : 84, cost time : 0m:0s:0ms
2024-11-19 17:28:09,011 - fed_utils - INFO - encrypting key [fc3.weight].length : 840, cost time : 0m:6s:627ms
2024-11-19 17:28:09,090 - fed_utils - INFO - encrypting key [fc3.bias].length : 10, cost time : 0m:0s:79ms
2024-11-19 17:28:09,090 - fl_main - INFO - Server receive client_dict[f_00003] info ...
2024-11-19 17:28:09,090 - fl_main - INFO - ----- client id [f_00004] -----
2024-11-19 17:28:09,091 - fed_utils - INFO - init global model cost time : 0m:0s:0ms
2024-11-19 17:28:09,092 - client_base - INFO - recover model cost time : 0m:0s:0ms
2024-11-19 17:28:09,092 - fl_main - INFO - client_dict[f_00004] training ...
2024-11-19 17:28:09,092 - client_base - INFO - client_dict[f_00004] training epoch : 0
2024-11-19 17:28:09,857 - client_base - INFO - local model train cost time : 0m:0s:764ms
2024-11-19 17:28:09,859 - client_base - INFO - model encode time : 0m:0s:1ms
2024-11-19 17:28:09,859 - fl_main - INFO - client_dict[f_00004] local model encrypting ...
2024-11-19 17:28:11,045 - fed_utils - INFO - encrypting key [conv1.weight].length : 150, cost time : 0m:1s:185ms
2024-11-19 17:28:11,093 - fed_utils - INFO - encrypting key [conv1.bias].length : 6, cost time : 0m:0s:47ms
2024-11-19 17:28:11,093 - fed_utils - INFO - load key [conv2.weight].length : 2400, cost time : 0m:0s:0ms
2024-11-19 17:28:11,093 - fed_utils - INFO - load key [conv2.bias].length : 16, cost time : 0m:0s:0ms
2024-11-19 17:28:11,094 - fed_utils - INFO - load key [fc1.weight].length : 48000, cost time : 0m:0s:0ms
2024-11-19 17:28:11,094 - fed_utils - INFO - load key [fc1.bias].length : 120, cost time : 0m:0s:0ms
2024-11-19 17:28:11,094 - fed_utils - INFO - load key [fc2.weight].length : 10080, cost time : 0m:0s:0ms
2024-11-19 17:28:11,094 - fed_utils - INFO - load key [fc2.bias].length : 84, cost time : 0m:0s:0ms
2024-11-19 17:28:17,863 - fed_utils - INFO - encrypting key [fc3.weight].length : 840, cost time : 0m:6s:768ms
2024-11-19 17:28:17,942 - fed_utils - INFO - encrypting key [fc3.bias].length : 10, cost time : 0m:0s:79ms
2024-11-19 17:28:17,942 - fl_main - INFO - Server receive client_dict[f_00004] info ...
2024-11-19 17:28:17,942 - fl_main - INFO - global aggregation process ...
2024-11-19 17:28:17,943 - fed_utils - INFO - server.n_data : 60000
2024-11-19 17:28:17,943 - fed_utils - INFO - client_dict[f_00000].weight : 0.200000
2024-11-19 17:28:17,943 - fed_utils - INFO - client_dict[f_00001].weight : 0.200000
2024-11-19 17:28:17,943 - fed_utils - INFO - client_dict[f_00002].weight : 0.200000
2024-11-19 17:28:17,943 - fed_utils - INFO - client_dict[f_00003].weight : 0.200000
2024-11-19 17:28:17,943 - fed_utils - INFO - client_dict[f_00004].weight : 0.200000
2024-11-19 17:28:17,943 - fed_utils - INFO - recover secret number by clients: 3157279.000000
2024-11-19 17:28:17,943 - server_base - INFO - Server aggregate model with homomorphic encryption ...
2024-11-19 17:28:19,377 - server_base - INFO - Server aggregate model done, cost time : 0m:1s:434ms
2024-11-19 17:28:19,719 - fed_utils - INFO - decrypting key [conv1.weight].shape [torch.Size([6, 1, 5, 5])]
2024-11-19 17:28:19,733 - fed_utils - INFO - decrypting key [conv1.bias].shape [torch.Size([6])]
2024-11-19 17:28:19,733 - fed_utils - INFO - decrypting key [conv2.weight].shape [torch.Size([16, 6, 5, 5])]
2024-11-19 17:28:19,733 - fed_utils - INFO - decrypting key [conv2.bias].shape [torch.Size([16])]
2024-11-19 17:28:19,733 - fed_utils - INFO - decrypting key [fc1.weight].shape [torch.Size([120, 400])]
2024-11-19 17:28:19,733 - fed_utils - INFO - decrypting key [fc1.bias].shape [torch.Size([120])]
2024-11-19 17:28:19,733 - fed_utils - INFO - decrypting key [fc2.weight].shape [torch.Size([84, 120])]
2024-11-19 17:28:19,733 - fed_utils - INFO - decrypting key [fc2.bias].shape [torch.Size([84])]
2024-11-19 17:28:21,646 - fed_utils - INFO - decrypting key [fc3.weight].shape [torch.Size([10, 84])]
2024-11-19 17:28:21,668 - fed_utils - INFO - decrypting key [fc3.bias].shape [torch.Size([10])]
2024-11-19 17:28:21,669 - fed_utils - INFO - decrypt time : [0m:2s:290ms]
2024-11-19 17:28:21,671 - fl_main - INFO - [global round : 47] aggregated model accuracy : 0.9858
2024-11-19 17:28:21,671 - fl_main - INFO - [global round : 47] aggregated model loss : 0.044580116045805245
2024-11-19 17:28:21,672 - fl_main - INFO - global round : 48
2024-11-19 17:28:21,672 - fl_main - INFO - the random client id to test accuracy : f_00003
2024-11-19 17:28:21,672 - fl_main - INFO - ----- client id [f_00000] -----
2024-11-19 17:28:21,673 - fed_utils - INFO - init global model cost time : 0m:0s:0ms
2024-11-19 17:28:21,673 - client_base - INFO - recover model cost time : 0m:0s:0ms
2024-11-19 17:28:21,673 - fl_main - INFO - client_dict[f_00000] training ...
2024-11-19 17:28:21,674 - client_base - INFO - client_dict[f_00000] training epoch : 0
2024-11-19 17:28:22,455 - client_base - INFO - local model train cost time : 0m:0s:780ms
2024-11-19 17:28:22,457 - client_base - INFO - model encode time : 0m:0s:1ms
2024-11-19 17:28:22,457 - fl_main - INFO - client_dict[f_00000] local model encrypting ...
2024-11-19 17:28:23,641 - fed_utils - INFO - encrypting key [conv1.weight].length : 150, cost time : 0m:1s:183ms
2024-11-19 17:28:23,689 - fed_utils - INFO - encrypting key [conv1.bias].length : 6, cost time : 0m:0s:47ms
2024-11-19 17:28:23,689 - fed_utils - INFO - load key [conv2.weight].length : 2400, cost time : 0m:0s:0ms
2024-11-19 17:28:23,689 - fed_utils - INFO - load key [conv2.bias].length : 16, cost time : 0m:0s:0ms
2024-11-19 17:28:23,690 - fed_utils - INFO - load key [fc1.weight].length : 48000, cost time : 0m:0s:0ms
2024-11-19 17:28:23,690 - fed_utils - INFO - load key [fc1.bias].length : 120, cost time : 0m:0s:0ms
2024-11-19 17:28:23,690 - fed_utils - INFO - load key [fc2.weight].length : 10080, cost time : 0m:0s:0ms
2024-11-19 17:28:23,690 - fed_utils - INFO - load key [fc2.bias].length : 84, cost time : 0m:0s:0ms
2024-11-19 17:28:30,468 - fed_utils - INFO - encrypting key [fc3.weight].length : 840, cost time : 0m:6s:777ms
2024-11-19 17:28:30,548 - fed_utils - INFO - encrypting key [fc3.bias].length : 10, cost time : 0m:0s:79ms
2024-11-19 17:28:30,549 - fl_main - INFO - Server receive client_dict[f_00000] info ...
2024-11-19 17:28:30,549 - fl_main - INFO - ----- client id [f_00001] -----
2024-11-19 17:28:30,550 - fed_utils - INFO - init global model cost time : 0m:0s:0ms
2024-11-19 17:28:30,550 - client_base - INFO - recover model cost time : 0m:0s:0ms
2024-11-19 17:28:30,550 - fl_main - INFO - client_dict[f_00001] training ...
2024-11-19 17:28:30,551 - client_base - INFO - client_dict[f_00001] training epoch : 0
2024-11-19 17:28:31,343 - client_base - INFO - local model train cost time : 0m:0s:791ms
2024-11-19 17:28:31,344 - client_base - INFO - model encode time : 0m:0s:1ms
2024-11-19 17:28:31,344 - fl_main - INFO - client_dict[f_00001] local model encrypting ...
2024-11-19 17:28:32,530 - fed_utils - INFO - encrypting key [conv1.weight].length : 150, cost time : 0m:1s:185ms
2024-11-19 17:28:32,578 - fed_utils - INFO - encrypting key [conv1.bias].length : 6, cost time : 0m:0s:48ms
2024-11-19 17:28:32,578 - fed_utils - INFO - load key [conv2.weight].length : 2400, cost time : 0m:0s:0ms
2024-11-19 17:28:32,578 - fed_utils - INFO - load key [conv2.bias].length : 16, cost time : 0m:0s:0ms
2024-11-19 17:28:32,579 - fed_utils - INFO - load key [fc1.weight].length : 48000, cost time : 0m:0s:0ms
2024-11-19 17:28:32,579 - fed_utils - INFO - load key [fc1.bias].length : 120, cost time : 0m:0s:0ms
2024-11-19 17:28:32,580 - fed_utils - INFO - load key [fc2.weight].length : 10080, cost time : 0m:0s:0ms
2024-11-19 17:28:32,580 - fed_utils - INFO - load key [fc2.bias].length : 84, cost time : 0m:0s:0ms
2024-11-19 17:28:39,222 - fed_utils - INFO - encrypting key [fc3.weight].length : 840, cost time : 0m:6s:642ms
2024-11-19 17:28:39,301 - fed_utils - INFO - encrypting key [fc3.bias].length : 10, cost time : 0m:0s:79ms
2024-11-19 17:28:39,302 - fl_main - INFO - Server receive client_dict[f_00001] info ...
2024-11-19 17:28:39,302 - fl_main - INFO - ----- client id [f_00002] -----
2024-11-19 17:28:39,302 - fed_utils - INFO - init global model cost time : 0m:0s:0ms
2024-11-19 17:28:39,303 - client_base - INFO - recover model cost time : 0m:0s:0ms
2024-11-19 17:28:39,303 - fl_main - INFO - client_dict[f_00002] training ...
2024-11-19 17:28:39,304 - client_base - INFO - client_dict[f_00002] training epoch : 0
2024-11-19 17:28:40,063 - client_base - INFO - local model train cost time : 0m:0s:759ms
2024-11-19 17:28:40,065 - client_base - INFO - model encode time : 0m:0s:1ms
2024-11-19 17:28:40,065 - fl_main - INFO - client_dict[f_00002] local model encrypting ...
2024-11-19 17:28:41,253 - fed_utils - INFO - encrypting key [conv1.weight].length : 150, cost time : 0m:1s:188ms
2024-11-19 17:28:41,301 - fed_utils - INFO - encrypting key [conv1.bias].length : 6, cost time : 0m:0s:47ms
2024-11-19 17:28:41,301 - fed_utils - INFO - load key [conv2.weight].length : 2400, cost time : 0m:0s:0ms
2024-11-19 17:28:41,302 - fed_utils - INFO - load key [conv2.bias].length : 16, cost time : 0m:0s:0ms
2024-11-19 17:28:41,302 - fed_utils - INFO - load key [fc1.weight].length : 48000, cost time : 0m:0s:0ms
2024-11-19 17:28:41,303 - fed_utils - INFO - load key [fc1.bias].length : 120, cost time : 0m:0s:0ms
2024-11-19 17:28:41,303 - fed_utils - INFO - load key [fc2.weight].length : 10080, cost time : 0m:0s:0ms
2024-11-19 17:28:41,303 - fed_utils - INFO - load key [fc2.bias].length : 84, cost time : 0m:0s:0ms
2024-11-19 17:28:48,115 - fed_utils - INFO - encrypting key [fc3.weight].length : 840, cost time : 0m:6s:811ms
2024-11-19 17:28:48,194 - fed_utils - INFO - encrypting key [fc3.bias].length : 10, cost time : 0m:0s:79ms
2024-11-19 17:28:48,194 - fl_main - INFO - Server receive client_dict[f_00002] info ...
2024-11-19 17:28:48,194 - fl_main - INFO - ----- client id [f_00003] -----
2024-11-19 17:28:48,195 - fed_utils - INFO - init global model cost time : 0m:0s:0ms
2024-11-19 17:28:48,195 - client_base - INFO - recover model cost time : 0m:0s:0ms
2024-11-19 17:28:49,002 - fl_main - INFO - global round [48] client_dict[f_00003].accuracy : 0.985300
2024-11-19 17:28:49,002 - fl_main - INFO - client_dict[f_00003] training ...
2024-11-19 17:28:49,002 - client_base - INFO - client_dict[f_00003] training epoch : 0
2024-11-19 17:28:49,779 - client_base - INFO - local model train cost time : 0m:0s:776ms
2024-11-19 17:28:49,781 - client_base - INFO - model encode time : 0m:0s:1ms
2024-11-19 17:28:49,781 - fl_main - INFO - client_dict[f_00003] local model encrypting ...
2024-11-19 17:28:50,968 - fed_utils - INFO - encrypting key [conv1.weight].length : 150, cost time : 0m:1s:186ms
2024-11-19 17:28:51,016 - fed_utils - INFO - encrypting key [conv1.bias].length : 6, cost time : 0m:0s:47ms
2024-11-19 17:28:51,016 - fed_utils - INFO - load key [conv2.weight].length : 2400, cost time : 0m:0s:0ms
2024-11-19 17:28:51,016 - fed_utils - INFO - load key [conv2.bias].length : 16, cost time : 0m:0s:0ms
2024-11-19 17:28:51,017 - fed_utils - INFO - load key [fc1.weight].length : 48000, cost time : 0m:0s:0ms
2024-11-19 17:28:51,017 - fed_utils - INFO - load key [fc1.bias].length : 120, cost time : 0m:0s:0ms
2024-11-19 17:28:51,017 - fed_utils - INFO - load key [fc2.weight].length : 10080, cost time : 0m:0s:0ms
2024-11-19 17:28:51,017 - fed_utils - INFO - load key [fc2.bias].length : 84, cost time : 0m:0s:0ms
2024-11-19 17:28:57,799 - fed_utils - INFO - encrypting key [fc3.weight].length : 840, cost time : 0m:6s:781ms
2024-11-19 17:28:57,878 - fed_utils - INFO - encrypting key [fc3.bias].length : 10, cost time : 0m:0s:79ms
2024-11-19 17:28:57,878 - fl_main - INFO - Server receive client_dict[f_00003] info ...
2024-11-19 17:28:57,879 - fl_main - INFO - ----- client id [f_00004] -----
2024-11-19 17:28:57,879 - fed_utils - INFO - init global model cost time : 0m:0s:0ms
2024-11-19 17:28:57,880 - client_base - INFO - recover model cost time : 0m:0s:0ms
2024-11-19 17:28:57,880 - fl_main - INFO - client_dict[f_00004] training ...
2024-11-19 17:28:57,881 - client_base - INFO - client_dict[f_00004] training epoch : 0
2024-11-19 17:28:58,666 - client_base - INFO - local model train cost time : 0m:0s:785ms
2024-11-19 17:28:58,668 - client_base - INFO - model encode time : 0m:0s:1ms
2024-11-19 17:28:58,668 - fl_main - INFO - client_dict[f_00004] local model encrypting ...
2024-11-19 17:28:59,855 - fed_utils - INFO - encrypting key [conv1.weight].length : 150, cost time : 0m:1s:186ms
2024-11-19 17:28:59,903 - fed_utils - INFO - encrypting key [conv1.bias].length : 6, cost time : 0m:0s:47ms
2024-11-19 17:28:59,903 - fed_utils - INFO - load key [conv2.weight].length : 2400, cost time : 0m:0s:0ms
2024-11-19 17:28:59,903 - fed_utils - INFO - load key [conv2.bias].length : 16, cost time : 0m:0s:0ms
2024-11-19 17:28:59,904 - fed_utils - INFO - load key [fc1.weight].length : 48000, cost time : 0m:0s:0ms
2024-11-19 17:28:59,904 - fed_utils - INFO - load key [fc1.bias].length : 120, cost time : 0m:0s:0ms
2024-11-19 17:28:59,904 - fed_utils - INFO - load key [fc2.weight].length : 10080, cost time : 0m:0s:0ms
2024-11-19 17:28:59,904 - fed_utils - INFO - load key [fc2.bias].length : 84, cost time : 0m:0s:0ms
2024-11-19 17:29:06,550 - fed_utils - INFO - encrypting key [fc3.weight].length : 840, cost time : 0m:6s:646ms
2024-11-19 17:29:06,630 - fed_utils - INFO - encrypting key [fc3.bias].length : 10, cost time : 0m:0s:79ms
2024-11-19 17:29:06,630 - fl_main - INFO - Server receive client_dict[f_00004] info ...
2024-11-19 17:29:06,630 - fl_main - INFO - global aggregation process ...
2024-11-19 17:29:06,630 - fed_utils - INFO - server.n_data : 60000
2024-11-19 17:29:06,630 - fed_utils - INFO - client_dict[f_00000].weight : 0.200000
2024-11-19 17:29:06,630 - fed_utils - INFO - client_dict[f_00001].weight : 0.200000
2024-11-19 17:29:06,630 - fed_utils - INFO - client_dict[f_00002].weight : 0.200000
2024-11-19 17:29:06,630 - fed_utils - INFO - client_dict[f_00003].weight : 0.200000
2024-11-19 17:29:06,630 - fed_utils - INFO - client_dict[f_00004].weight : 0.200000
2024-11-19 17:29:06,630 - fed_utils - INFO - recover secret number by clients: 3157279.000000
2024-11-19 17:29:06,630 - server_base - INFO - Server aggregate model with homomorphic encryption ...
2024-11-19 17:29:08,066 - server_base - INFO - Server aggregate model done, cost time : 0m:1s:435ms
2024-11-19 17:29:08,408 - fed_utils - INFO - decrypting key [conv1.weight].shape [torch.Size([6, 1, 5, 5])]
2024-11-19 17:29:08,422 - fed_utils - INFO - decrypting key [conv1.bias].shape [torch.Size([6])]
2024-11-19 17:29:08,422 - fed_utils - INFO - decrypting key [conv2.weight].shape [torch.Size([16, 6, 5, 5])]
2024-11-19 17:29:08,422 - fed_utils - INFO - decrypting key [conv2.bias].shape [torch.Size([16])]
2024-11-19 17:29:08,422 - fed_utils - INFO - decrypting key [fc1.weight].shape [torch.Size([120, 400])]
2024-11-19 17:29:08,422 - fed_utils - INFO - decrypting key [fc1.bias].shape [torch.Size([120])]
2024-11-19 17:29:08,422 - fed_utils - INFO - decrypting key [fc2.weight].shape [torch.Size([84, 120])]
2024-11-19 17:29:08,422 - fed_utils - INFO - decrypting key [fc2.bias].shape [torch.Size([84])]
2024-11-19 17:29:10,335 - fed_utils - INFO - decrypting key [fc3.weight].shape [torch.Size([10, 84])]
2024-11-19 17:29:10,358 - fed_utils - INFO - decrypting key [fc3.bias].shape [torch.Size([10])]
2024-11-19 17:29:10,358 - fed_utils - INFO - decrypt time : [0m:2s:291ms]
2024-11-19 17:29:10,360 - fl_main - INFO - [global round : 48] aggregated model accuracy : 0.9853000000000001
2024-11-19 17:29:10,360 - fl_main - INFO - [global round : 48] aggregated model loss : 0.07825321753367798
2024-11-19 17:29:10,361 - fl_main - INFO - global round : 49
2024-11-19 17:29:10,362 - fl_main - INFO - the random client id to test accuracy : f_00001
2024-11-19 17:29:10,362 - fl_main - INFO - ----- client id [f_00000] -----
2024-11-19 17:29:10,362 - fed_utils - INFO - init global model cost time : 0m:0s:0ms
2024-11-19 17:29:10,363 - client_base - INFO - recover model cost time : 0m:0s:0ms
2024-11-19 17:29:10,363 - fl_main - INFO - client_dict[f_00000] training ...
2024-11-19 17:29:10,364 - client_base - INFO - client_dict[f_00000] training epoch : 0
2024-11-19 17:29:11,162 - client_base - INFO - local model train cost time : 0m:0s:798ms
2024-11-19 17:29:11,163 - client_base - INFO - model encode time : 0m:0s:1ms
2024-11-19 17:29:11,163 - fl_main - INFO - client_dict[f_00000] local model encrypting ...
2024-11-19 17:29:12,347 - fed_utils - INFO - encrypting key [conv1.weight].length : 150, cost time : 0m:1s:183ms
2024-11-19 17:29:12,410 - fed_utils - INFO - encrypting key [conv1.bias].length : 6, cost time : 0m:0s:62ms
2024-11-19 17:29:12,411 - fed_utils - INFO - load key [conv2.weight].length : 2400, cost time : 0m:0s:0ms
2024-11-19 17:29:12,411 - fed_utils - INFO - load key [conv2.bias].length : 16, cost time : 0m:0s:0ms
2024-11-19 17:29:12,412 - fed_utils - INFO - load key [fc1.weight].length : 48000, cost time : 0m:0s:1ms
2024-11-19 17:29:12,413 - fed_utils - INFO - load key [fc1.bias].length : 120, cost time : 0m:0s:0ms
2024-11-19 17:29:12,413 - fed_utils - INFO - load key [fc2.weight].length : 10080, cost time : 0m:0s:0ms
2024-11-19 17:29:12,413 - fed_utils - INFO - load key [fc2.bias].length : 84, cost time : 0m:0s:0ms
2024-11-19 17:29:19,162 - fed_utils - INFO - encrypting key [fc3.weight].length : 840, cost time : 0m:6s:749ms
2024-11-19 17:29:19,242 - fed_utils - INFO - encrypting key [fc3.bias].length : 10, cost time : 0m:0s:79ms
2024-11-19 17:29:19,243 - fl_main - INFO - Server receive client_dict[f_00000] info ...
2024-11-19 17:29:19,243 - fl_main - INFO - ----- client id [f_00001] -----
2024-11-19 17:29:19,244 - fed_utils - INFO - init global model cost time : 0m:0s:0ms
2024-11-19 17:29:19,244 - client_base - INFO - recover model cost time : 0m:0s:0ms
2024-11-19 17:29:20,066 - fl_main - INFO - global round [49] client_dict[f_00001].accuracy : 0.985800
2024-11-19 17:29:20,066 - fl_main - INFO - client_dict[f_00001] training ...
2024-11-19 17:29:20,067 - client_base - INFO - client_dict[f_00001] training epoch : 0
2024-11-19 17:29:20,847 - client_base - INFO - local model train cost time : 0m:0s:780ms
2024-11-19 17:29:20,849 - client_base - INFO - model encode time : 0m:0s:1ms
2024-11-19 17:29:20,849 - fl_main - INFO - client_dict[f_00001] local model encrypting ...
2024-11-19 17:29:22,033 - fed_utils - INFO - encrypting key [conv1.weight].length : 150, cost time : 0m:1s:183ms
2024-11-19 17:29:22,081 - fed_utils - INFO - encrypting key [conv1.bias].length : 6, cost time : 0m:0s:47ms
2024-11-19 17:29:22,081 - fed_utils - INFO - load key [conv2.weight].length : 2400, cost time : 0m:0s:0ms
2024-11-19 17:29:22,081 - fed_utils - INFO - load key [conv2.bias].length : 16, cost time : 0m:0s:0ms
2024-11-19 17:29:22,082 - fed_utils - INFO - load key [fc1.weight].length : 48000, cost time : 0m:0s:0ms
2024-11-19 17:29:22,082 - fed_utils - INFO - load key [fc1.bias].length : 120, cost time : 0m:0s:0ms
2024-11-19 17:29:22,082 - fed_utils - INFO - load key [fc2.weight].length : 10080, cost time : 0m:0s:0ms
2024-11-19 17:29:22,082 - fed_utils - INFO - load key [fc2.bias].length : 84, cost time : 0m:0s:0ms
2024-11-19 17:29:28,849 - fed_utils - INFO - encrypting key [fc3.weight].length : 840, cost time : 0m:6s:767ms
2024-11-19 17:29:28,929 - fed_utils - INFO - encrypting key [fc3.bias].length : 10, cost time : 0m:0s:79ms
2024-11-19 17:29:28,929 - fl_main - INFO - Server receive client_dict[f_00001] info ...
2024-11-19 17:29:28,929 - fl_main - INFO - ----- client id [f_00002] -----
2024-11-19 17:29:28,930 - fed_utils - INFO - init global model cost time : 0m:0s:0ms
2024-11-19 17:29:28,930 - client_base - INFO - recover model cost time : 0m:0s:0ms
2024-11-19 17:29:28,930 - fl_main - INFO - client_dict[f_00002] training ...
2024-11-19 17:29:28,931 - client_base - INFO - client_dict[f_00002] training epoch : 0
2024-11-19 17:29:29,715 - client_base - INFO - local model train cost time : 0m:0s:784ms
2024-11-19 17:29:29,717 - client_base - INFO - model encode time : 0m:0s:1ms
2024-11-19 17:29:29,717 - fl_main - INFO - client_dict[f_00002] local model encrypting ...
2024-11-19 17:29:30,901 - fed_utils - INFO - encrypting key [conv1.weight].length : 150, cost time : 0m:1s:183ms
2024-11-19 17:29:30,948 - fed_utils - INFO - encrypting key [conv1.bias].length : 6, cost time : 0m:0s:47ms
2024-11-19 17:29:30,948 - fed_utils - INFO - load key [conv2.weight].length : 2400, cost time : 0m:0s:0ms
2024-11-19 17:29:30,949 - fed_utils - INFO - load key [conv2.bias].length : 16, cost time : 0m:0s:0ms
2024-11-19 17:29:30,949 - fed_utils - INFO - load key [fc1.weight].length : 48000, cost time : 0m:0s:0ms
2024-11-19 17:29:30,950 - fed_utils - INFO - load key [fc1.bias].length : 120, cost time : 0m:0s:0ms
2024-11-19 17:29:30,950 - fed_utils - INFO - load key [fc2.weight].length : 10080, cost time : 0m:0s:0ms
2024-11-19 17:29:30,950 - fed_utils - INFO - load key [fc2.bias].length : 84, cost time : 0m:0s:0ms
2024-11-19 17:29:37,573 - fed_utils - INFO - encrypting key [fc3.weight].length : 840, cost time : 0m:6s:622ms
2024-11-19 17:29:37,652 - fed_utils - INFO - encrypting key [fc3.bias].length : 10, cost time : 0m:0s:79ms
2024-11-19 17:29:37,652 - fl_main - INFO - Server receive client_dict[f_00002] info ...
2024-11-19 17:29:37,652 - fl_main - INFO - ----- client id [f_00003] -----
2024-11-19 17:29:37,653 - fed_utils - INFO - init global model cost time : 0m:0s:0ms
2024-11-19 17:29:37,653 - client_base - INFO - recover model cost time : 0m:0s:0ms
2024-11-19 17:29:37,654 - fl_main - INFO - client_dict[f_00003] training ...
2024-11-19 17:29:37,654 - client_base - INFO - client_dict[f_00003] training epoch : 0
2024-11-19 17:29:38,438 - client_base - INFO - local model train cost time : 0m:0s:783ms
2024-11-19 17:29:38,439 - client_base - INFO - model encode time : 0m:0s:1ms
2024-11-19 17:29:38,440 - fl_main - INFO - client_dict[f_00003] local model encrypting ...
2024-11-19 17:29:39,627 - fed_utils - INFO - encrypting key [conv1.weight].length : 150, cost time : 0m:1s:186ms
2024-11-19 17:29:39,674 - fed_utils - INFO - encrypting key [conv1.bias].length : 6, cost time : 0m:0s:47ms
2024-11-19 17:29:39,675 - fed_utils - INFO - load key [conv2.weight].length : 2400, cost time : 0m:0s:0ms
2024-11-19 17:29:39,675 - fed_utils - INFO - load key [conv2.bias].length : 16, cost time : 0m:0s:0ms
2024-11-19 17:29:39,676 - fed_utils - INFO - load key [fc1.weight].length : 48000, cost time : 0m:0s:0ms
2024-11-19 17:29:39,676 - fed_utils - INFO - load key [fc1.bias].length : 120, cost time : 0m:0s:0ms
2024-11-19 17:29:39,676 - fed_utils - INFO - load key [fc2.weight].length : 10080, cost time : 0m:0s:0ms
2024-11-19 17:29:39,676 - fed_utils - INFO - load key [fc2.bias].length : 84, cost time : 0m:0s:0ms
2024-11-19 17:29:46,443 - fed_utils - INFO - encrypting key [fc3.weight].length : 840, cost time : 0m:6s:767ms
2024-11-19 17:29:46,522 - fed_utils - INFO - encrypting key [fc3.bias].length : 10, cost time : 0m:0s:79ms
2024-11-19 17:29:46,522 - fl_main - INFO - Server receive client_dict[f_00003] info ...
2024-11-19 17:29:46,522 - fl_main - INFO - ----- client id [f_00004] -----
2024-11-19 17:29:46,523 - fed_utils - INFO - init global model cost time : 0m:0s:0ms
2024-11-19 17:29:46,524 - client_base - INFO - recover model cost time : 0m:0s:0ms
2024-11-19 17:29:46,524 - fl_main - INFO - client_dict[f_00004] training ...
2024-11-19 17:29:46,525 - client_base - INFO - client_dict[f_00004] training epoch : 0
2024-11-19 17:29:47,321 - client_base - INFO - local model train cost time : 0m:0s:796ms
2024-11-19 17:29:47,323 - client_base - INFO - model encode time : 0m:0s:1ms
2024-11-19 17:29:47,323 - fl_main - INFO - client_dict[f_00004] local model encrypting ...
2024-11-19 17:29:48,557 - fed_utils - INFO - encrypting key [conv1.weight].length : 150, cost time : 0m:1s:234ms
2024-11-19 17:29:48,605 - fed_utils - INFO - encrypting key [conv1.bias].length : 6, cost time : 0m:0s:47ms
2024-11-19 17:29:48,605 - fed_utils - INFO - load key [conv2.weight].length : 2400, cost time : 0m:0s:0ms
2024-11-19 17:29:48,606 - fed_utils - INFO - load key [conv2.bias].length : 16, cost time : 0m:0s:0ms
2024-11-19 17:29:48,606 - fed_utils - INFO - load key [fc1.weight].length : 48000, cost time : 0m:0s:0ms
2024-11-19 17:29:48,607 - fed_utils - INFO - load key [fc1.bias].length : 120, cost time : 0m:0s:0ms
2024-11-19 17:29:48,607 - fed_utils - INFO - load key [fc2.weight].length : 10080, cost time : 0m:0s:0ms
2024-11-19 17:29:48,607 - fed_utils - INFO - load key [fc2.bias].length : 84, cost time : 0m:0s:0ms
2024-11-19 17:29:55,228 - fed_utils - INFO - encrypting key [fc3.weight].length : 840, cost time : 0m:6s:621ms
2024-11-19 17:29:55,308 - fed_utils - INFO - encrypting key [fc3.bias].length : 10, cost time : 0m:0s:79ms
2024-11-19 17:29:55,308 - fl_main - INFO - Server receive client_dict[f_00004] info ...
2024-11-19 17:29:55,308 - fl_main - INFO - global aggregation process ...
2024-11-19 17:29:55,308 - fed_utils - INFO - server.n_data : 60000
2024-11-19 17:29:55,308 - fed_utils - INFO - client_dict[f_00000].weight : 0.200000
2024-11-19 17:29:55,308 - fed_utils - INFO - client_dict[f_00001].weight : 0.200000
2024-11-19 17:29:55,308 - fed_utils - INFO - client_dict[f_00002].weight : 0.200000
2024-11-19 17:29:55,308 - fed_utils - INFO - client_dict[f_00003].weight : 0.200000
2024-11-19 17:29:55,308 - fed_utils - INFO - client_dict[f_00004].weight : 0.200000
2024-11-19 17:29:55,308 - fed_utils - INFO - recover secret number by clients: 3157279.000000
2024-11-19 17:29:55,308 - server_base - INFO - Server aggregate model with homomorphic encryption ...
2024-11-19 17:29:56,743 - server_base - INFO - Server aggregate model done, cost time : 0m:1s:434ms
2024-11-19 17:29:57,085 - fed_utils - INFO - decrypting key [conv1.weight].shape [torch.Size([6, 1, 5, 5])]
2024-11-19 17:29:57,099 - fed_utils - INFO - decrypting key [conv1.bias].shape [torch.Size([6])]
2024-11-19 17:29:57,099 - fed_utils - INFO - decrypting key [conv2.weight].shape [torch.Size([16, 6, 5, 5])]
2024-11-19 17:29:57,099 - fed_utils - INFO - decrypting key [conv2.bias].shape [torch.Size([16])]
2024-11-19 17:29:57,099 - fed_utils - INFO - decrypting key [fc1.weight].shape [torch.Size([120, 400])]
2024-11-19 17:29:57,099 - fed_utils - INFO - decrypting key [fc1.bias].shape [torch.Size([120])]
2024-11-19 17:29:57,099 - fed_utils - INFO - decrypting key [fc2.weight].shape [torch.Size([84, 120])]
2024-11-19 17:29:57,099 - fed_utils - INFO - decrypting key [fc2.bias].shape [torch.Size([84])]
2024-11-19 17:29:59,178 - fed_utils - INFO - decrypting key [fc3.weight].shape [torch.Size([10, 84])]
2024-11-19 17:29:59,201 - fed_utils - INFO - decrypting key [fc3.bias].shape [torch.Size([10])]
2024-11-19 17:29:59,201 - fed_utils - INFO - decrypt time : [0m:2s:457ms]
2024-11-19 17:29:59,203 - fl_main - INFO - [global round : 49] aggregated model accuracy : 0.9858
2024-11-19 17:29:59,204 - fl_main - INFO - [global round : 49] aggregated model loss : 0.10146196205183677
2024-11-19 17:29:59,205 - fl_main - INFO - global round : 50
2024-11-19 17:29:59,205 - fl_main - INFO - the random client id to test accuracy : f_00000
2024-11-19 17:29:59,205 - fl_main - INFO - ----- client id [f_00000] -----
2024-11-19 17:29:59,206 - fed_utils - INFO - init global model cost time : 0m:0s:0ms
2024-11-19 17:29:59,206 - client_base - INFO - recover model cost time : 0m:0s:0ms
2024-11-19 17:29:59,998 - fl_main - INFO - global round [50] client_dict[f_00000].accuracy : 0.986600
2024-11-19 17:30:00,787 - fl_main - INFO - Final accuracy : 0.986600
