2024-11-15 00:31:42,672 - fl_main - INFO - data divide is iid
2024-11-15 00:31:42,722 - fed_utils - INFO - generating secret number and splitting it ...
2024-11-15 00:31:42,722 - fed_utils - INFO - secret_number : 3612.000000
2024-11-15 00:31:42,805 - fed_utils - INFO - client_dict[f_00000].share : 418.000000
2024-11-15 00:31:42,805 - fed_utils - INFO - client_dict[f_00001].share : 341.000000
2024-11-15 00:31:42,805 - fed_utils - INFO - client_dict[f_00002].share : 11.000000
2024-11-15 00:31:42,805 - fed_utils - INFO - client_dict[f_00003].share : 865.000000
2024-11-15 00:31:42,805 - fed_utils - INFO - client_dict[f_00004].share : 199.000000
2024-11-15 00:31:42,805 - fed_utils - INFO - client_dict[f_00005].share : 146.000000
2024-11-15 00:31:42,805 - fed_utils - INFO - client_dict[f_00006].share : 1.000000
2024-11-15 00:31:42,805 - fed_utils - INFO - client_dict[f_00007].share : 665.000000
2024-11-15 00:31:42,805 - fed_utils - INFO - client_dict[f_00008].share : 181.000000
2024-11-15 00:31:42,805 - fed_utils - INFO - client_dict[f_00009].share : 785.000000
2024-11-15 00:31:42,805 - server_base - INFO - Server set model shape and dtype ...
2024-11-15 00:31:42,805 - server_base - INFO - Server generate pk and sk ...
2024-11-15 00:31:42,831 - server_base - INFO - Server generate pk and sk done, time : 0m:0s:25ms
2024-11-15 00:31:42,831 - server_base - INFO - Public key : <PaillierPublicKey 6d91ba598b>
2024-11-15 00:31:42,831 - server_base - INFO - Private key : <PaillierPrivateKey for <PaillierPublicKey 6d91ba598b>>
2024-11-15 00:31:42,832 - fl_main - INFO - Training process start ...
2024-11-15 00:31:42,832 - fl_main - INFO - global round : 0
2024-11-15 00:31:42,832 - fl_main - INFO - the random client id to test accuracy : f_00005
2024-11-15 00:31:42,833 - fl_main - INFO - ----- client id [f_00000] -----
2024-11-15 00:31:42,834 - fl_main - INFO - client_dict[f_00000] training ...
2024-11-15 00:31:45,360 - client_base - INFO - client_dict[f_00000] training epoch : 0
2024-11-15 00:31:46,166 - client_base - INFO - local model train cost time : 0m:0s:805ms
2024-11-15 00:31:46,167 - client_base - INFO - model encode time : 0m:0s:1ms
2024-11-15 00:31:46,167 - fl_main - INFO - client_dict[f_00000] local model encrypting ...
2024-11-15 00:31:47,356 - fed_utils - INFO - encrypting key [conv1.weight].length : 150, cost time : 0m:1s:188ms
2024-11-15 00:31:47,404 - fed_utils - INFO - encrypting key [conv1.bias].length : 6, cost time : 0m:0s:48ms
2024-11-15 00:31:47,405 - fed_utils - INFO - load key [conv2.weight].length : 2400, cost time : 0m:0s:0ms
2024-11-15 00:31:47,405 - fed_utils - INFO - load key [conv2.bias].length : 16, cost time : 0m:0s:0ms
2024-11-15 00:31:47,406 - fed_utils - INFO - load key [fc1.weight].length : 48000, cost time : 0m:0s:1ms
2024-11-15 00:31:47,406 - fed_utils - INFO - load key [fc1.bias].length : 120, cost time : 0m:0s:0ms
2024-11-15 00:31:47,406 - fed_utils - INFO - load key [fc2.weight].length : 10080, cost time : 0m:0s:0ms
2024-11-15 00:31:47,406 - fed_utils - INFO - load key [fc2.bias].length : 84, cost time : 0m:0s:0ms
2024-11-15 00:31:54,240 - fed_utils - INFO - encrypting key [fc3.weight].length : 840, cost time : 0m:6s:834ms
2024-11-15 00:31:54,319 - fed_utils - INFO - encrypting key [fc3.bias].length : 10, cost time : 0m:0s:79ms
2024-11-15 00:31:54,320 - fl_main - INFO - Server receive client_dict[f_00000] info ...
2024-11-15 00:31:54,320 - fl_main - INFO - ----- client id [f_00001] -----
2024-11-15 00:31:54,321 - fl_main - INFO - client_dict[f_00001] training ...
2024-11-15 00:31:54,321 - client_base - INFO - client_dict[f_00001] training epoch : 0
2024-11-15 00:31:54,823 - client_base - INFO - local model train cost time : 0m:0s:501ms
2024-11-15 00:31:54,824 - client_base - INFO - model encode time : 0m:0s:1ms
2024-11-15 00:31:54,824 - fl_main - INFO - client_dict[f_00001] local model encrypting ...
2024-11-15 00:31:56,004 - fed_utils - INFO - encrypting key [conv1.weight].length : 150, cost time : 0m:1s:179ms
2024-11-15 00:31:56,052 - fed_utils - INFO - encrypting key [conv1.bias].length : 6, cost time : 0m:0s:47ms
2024-11-15 00:31:56,052 - fed_utils - INFO - load key [conv2.weight].length : 2400, cost time : 0m:0s:0ms
2024-11-15 00:31:56,052 - fed_utils - INFO - load key [conv2.bias].length : 16, cost time : 0m:0s:0ms
2024-11-15 00:31:56,053 - fed_utils - INFO - load key [fc1.weight].length : 48000, cost time : 0m:0s:1ms
2024-11-15 00:31:56,053 - fed_utils - INFO - load key [fc1.bias].length : 120, cost time : 0m:0s:0ms
2024-11-15 00:31:56,054 - fed_utils - INFO - load key [fc2.weight].length : 10080, cost time : 0m:0s:0ms
2024-11-15 00:31:56,054 - fed_utils - INFO - load key [fc2.bias].length : 84, cost time : 0m:0s:0ms
2024-11-15 00:32:02,670 - fed_utils - INFO - encrypting key [fc3.weight].length : 840, cost time : 0m:6s:616ms
2024-11-15 00:32:02,749 - fed_utils - INFO - encrypting key [fc3.bias].length : 10, cost time : 0m:0s:78ms
2024-11-15 00:32:02,749 - fl_main - INFO - Server receive client_dict[f_00001] info ...
2024-11-15 00:32:02,749 - fl_main - INFO - ----- client id [f_00002] -----
2024-11-15 00:32:02,751 - fl_main - INFO - client_dict[f_00002] training ...
2024-11-15 00:32:02,751 - client_base - INFO - client_dict[f_00002] training epoch : 0
2024-11-15 00:32:03,241 - client_base - INFO - local model train cost time : 0m:0s:489ms
2024-11-15 00:32:03,242 - client_base - INFO - model encode time : 0m:0s:1ms
2024-11-15 00:32:03,242 - fl_main - INFO - client_dict[f_00002] local model encrypting ...
2024-11-15 00:32:04,422 - fed_utils - INFO - encrypting key [conv1.weight].length : 150, cost time : 0m:1s:179ms
2024-11-15 00:32:04,469 - fed_utils - INFO - encrypting key [conv1.bias].length : 6, cost time : 0m:0s:47ms
2024-11-15 00:32:04,469 - fed_utils - INFO - load key [conv2.weight].length : 2400, cost time : 0m:0s:0ms
2024-11-15 00:32:04,469 - fed_utils - INFO - load key [conv2.bias].length : 16, cost time : 0m:0s:0ms
2024-11-15 00:32:04,471 - fed_utils - INFO - load key [fc1.weight].length : 48000, cost time : 0m:0s:1ms
2024-11-15 00:32:04,471 - fed_utils - INFO - load key [fc1.bias].length : 120, cost time : 0m:0s:0ms
2024-11-15 00:32:04,471 - fed_utils - INFO - load key [fc2.weight].length : 10080, cost time : 0m:0s:0ms
2024-11-15 00:32:04,471 - fed_utils - INFO - load key [fc2.bias].length : 84, cost time : 0m:0s:0ms
2024-11-15 00:32:11,246 - fed_utils - INFO - encrypting key [fc3.weight].length : 840, cost time : 0m:6s:774ms
2024-11-15 00:32:11,325 - fed_utils - INFO - encrypting key [fc3.bias].length : 10, cost time : 0m:0s:78ms
2024-11-15 00:32:11,325 - fl_main - INFO - Server receive client_dict[f_00002] info ...
2024-11-15 00:32:11,325 - fl_main - INFO - ----- client id [f_00003] -----
2024-11-15 00:32:11,326 - fl_main - INFO - client_dict[f_00003] training ...
2024-11-15 00:32:11,327 - client_base - INFO - client_dict[f_00003] training epoch : 0
2024-11-15 00:32:11,819 - client_base - INFO - local model train cost time : 0m:0s:492ms
2024-11-15 00:32:11,820 - client_base - INFO - model encode time : 0m:0s:1ms
2024-11-15 00:32:11,821 - fl_main - INFO - client_dict[f_00003] local model encrypting ...
2024-11-15 00:32:13,006 - fed_utils - INFO - encrypting key [conv1.weight].length : 150, cost time : 0m:1s:185ms
2024-11-15 00:32:13,053 - fed_utils - INFO - encrypting key [conv1.bias].length : 6, cost time : 0m:0s:47ms
2024-11-15 00:32:13,053 - fed_utils - INFO - load key [conv2.weight].length : 2400, cost time : 0m:0s:0ms
2024-11-15 00:32:13,053 - fed_utils - INFO - load key [conv2.bias].length : 16, cost time : 0m:0s:0ms
2024-11-15 00:32:13,055 - fed_utils - INFO - load key [fc1.weight].length : 48000, cost time : 0m:0s:1ms
2024-11-15 00:32:13,055 - fed_utils - INFO - load key [fc1.bias].length : 120, cost time : 0m:0s:0ms
2024-11-15 00:32:13,055 - fed_utils - INFO - load key [fc2.weight].length : 10080, cost time : 0m:0s:0ms
2024-11-15 00:32:13,055 - fed_utils - INFO - load key [fc2.bias].length : 84, cost time : 0m:0s:0ms
2024-11-15 00:32:19,701 - fed_utils - INFO - encrypting key [fc3.weight].length : 840, cost time : 0m:6s:646ms
2024-11-15 00:32:19,781 - fed_utils - INFO - encrypting key [fc3.bias].length : 10, cost time : 0m:0s:79ms
2024-11-15 00:32:19,781 - fl_main - INFO - Server receive client_dict[f_00003] info ...
2024-11-15 00:32:19,781 - fl_main - INFO - ----- client id [f_00004] -----
2024-11-15 00:32:19,782 - fl_main - INFO - client_dict[f_00004] training ...
2024-11-15 00:32:19,783 - client_base - INFO - client_dict[f_00004] training epoch : 0
2024-11-15 00:32:20,488 - client_base - INFO - local model train cost time : 0m:0s:705ms
2024-11-15 00:32:20,490 - client_base - INFO - model encode time : 0m:0s:1ms
2024-11-15 00:32:20,491 - fl_main - INFO - client_dict[f_00004] local model encrypting ...
2024-11-15 00:32:21,767 - fed_utils - INFO - encrypting key [conv1.weight].length : 150, cost time : 0m:1s:275ms
2024-11-15 00:32:21,814 - fed_utils - INFO - encrypting key [conv1.bias].length : 6, cost time : 0m:0s:47ms
2024-11-15 00:32:21,814 - fed_utils - INFO - load key [conv2.weight].length : 2400, cost time : 0m:0s:0ms
2024-11-15 00:32:21,814 - fed_utils - INFO - load key [conv2.bias].length : 16, cost time : 0m:0s:0ms
2024-11-15 00:32:21,816 - fed_utils - INFO - load key [fc1.weight].length : 48000, cost time : 0m:0s:1ms
2024-11-15 00:32:21,816 - fed_utils - INFO - load key [fc1.bias].length : 120, cost time : 0m:0s:0ms
2024-11-15 00:32:21,816 - fed_utils - INFO - load key [fc2.weight].length : 10080, cost time : 0m:0s:0ms
2024-11-15 00:32:21,816 - fed_utils - INFO - load key [fc2.bias].length : 84, cost time : 0m:0s:0ms
2024-11-15 00:32:28,438 - fed_utils - INFO - encrypting key [fc3.weight].length : 840, cost time : 0m:6s:622ms
2024-11-15 00:32:28,517 - fed_utils - INFO - encrypting key [fc3.bias].length : 10, cost time : 0m:0s:78ms
2024-11-15 00:32:28,517 - fl_main - INFO - Server receive client_dict[f_00004] info ...
2024-11-15 00:32:28,518 - fl_main - INFO - ----- client id [f_00005] -----
2024-11-15 00:32:28,519 - fl_main - INFO - client_dict[f_00005] training ...
2024-11-15 00:32:28,519 - client_base - INFO - client_dict[f_00005] training epoch : 0
2024-11-15 00:32:29,000 - client_base - INFO - local model train cost time : 0m:0s:480ms
2024-11-15 00:32:29,002 - client_base - INFO - model encode time : 0m:0s:1ms
2024-11-15 00:32:29,002 - fl_main - INFO - client_dict[f_00005] local model encrypting ...
2024-11-15 00:32:30,189 - fed_utils - INFO - encrypting key [conv1.weight].length : 150, cost time : 0m:1s:187ms
2024-11-15 00:32:30,237 - fed_utils - INFO - encrypting key [conv1.bias].length : 6, cost time : 0m:0s:47ms
2024-11-15 00:32:30,237 - fed_utils - INFO - load key [conv2.weight].length : 2400, cost time : 0m:0s:0ms
2024-11-15 00:32:30,237 - fed_utils - INFO - load key [conv2.bias].length : 16, cost time : 0m:0s:0ms
2024-11-15 00:32:30,238 - fed_utils - INFO - load key [fc1.weight].length : 48000, cost time : 0m:0s:1ms
2024-11-15 00:32:30,238 - fed_utils - INFO - load key [fc1.bias].length : 120, cost time : 0m:0s:0ms
2024-11-15 00:32:30,239 - fed_utils - INFO - load key [fc2.weight].length : 10080, cost time : 0m:0s:0ms
2024-11-15 00:32:30,239 - fed_utils - INFO - load key [fc2.bias].length : 84, cost time : 0m:0s:0ms
2024-11-15 00:32:37,040 - fed_utils - INFO - encrypting key [fc3.weight].length : 840, cost time : 0m:6s:801ms
2024-11-15 00:32:37,120 - fed_utils - INFO - encrypting key [fc3.bias].length : 10, cost time : 0m:0s:79ms
2024-11-15 00:32:37,120 - fl_main - INFO - Server receive client_dict[f_00005] info ...
2024-11-15 00:32:37,120 - fl_main - INFO - ----- client id [f_00006] -----
2024-11-15 00:32:37,121 - fl_main - INFO - client_dict[f_00006] training ...
2024-11-15 00:32:37,122 - client_base - INFO - client_dict[f_00006] training epoch : 0
2024-11-15 00:32:37,615 - client_base - INFO - local model train cost time : 0m:0s:492ms
2024-11-15 00:32:37,616 - client_base - INFO - model encode time : 0m:0s:1ms
2024-11-15 00:32:37,616 - fl_main - INFO - client_dict[f_00006] local model encrypting ...
2024-11-15 00:32:38,799 - fed_utils - INFO - encrypting key [conv1.weight].length : 150, cost time : 0m:1s:182ms
2024-11-15 00:32:38,847 - fed_utils - INFO - encrypting key [conv1.bias].length : 6, cost time : 0m:0s:48ms
2024-11-15 00:32:38,847 - fed_utils - INFO - load key [conv2.weight].length : 2400, cost time : 0m:0s:0ms
2024-11-15 00:32:38,847 - fed_utils - INFO - load key [conv2.bias].length : 16, cost time : 0m:0s:0ms
2024-11-15 00:32:38,849 - fed_utils - INFO - load key [fc1.weight].length : 48000, cost time : 0m:0s:1ms
2024-11-15 00:32:38,849 - fed_utils - INFO - load key [fc1.bias].length : 120, cost time : 0m:0s:0ms
2024-11-15 00:32:38,849 - fed_utils - INFO - load key [fc2.weight].length : 10080, cost time : 0m:0s:0ms
2024-11-15 00:32:38,849 - fed_utils - INFO - load key [fc2.bias].length : 84, cost time : 0m:0s:0ms
2024-11-15 00:32:45,472 - fed_utils - INFO - encrypting key [fc3.weight].length : 840, cost time : 0m:6s:622ms
2024-11-15 00:32:45,551 - fed_utils - INFO - encrypting key [fc3.bias].length : 10, cost time : 0m:0s:79ms
2024-11-15 00:32:45,551 - fl_main - INFO - Server receive client_dict[f_00006] info ...
2024-11-15 00:32:45,551 - fl_main - INFO - ----- client id [f_00007] -----
2024-11-15 00:32:45,552 - fl_main - INFO - client_dict[f_00007] training ...
2024-11-15 00:32:45,553 - client_base - INFO - client_dict[f_00007] training epoch : 0
2024-11-15 00:32:46,052 - client_base - INFO - local model train cost time : 0m:0s:499ms
2024-11-15 00:32:46,053 - client_base - INFO - model encode time : 0m:0s:1ms
2024-11-15 00:32:46,054 - fl_main - INFO - client_dict[f_00007] local model encrypting ...
2024-11-15 00:32:47,240 - fed_utils - INFO - encrypting key [conv1.weight].length : 150, cost time : 0m:1s:186ms
2024-11-15 00:32:47,288 - fed_utils - INFO - encrypting key [conv1.bias].length : 6, cost time : 0m:0s:48ms
2024-11-15 00:32:47,288 - fed_utils - INFO - load key [conv2.weight].length : 2400, cost time : 0m:0s:0ms
2024-11-15 00:32:47,289 - fed_utils - INFO - load key [conv2.bias].length : 16, cost time : 0m:0s:0ms
2024-11-15 00:32:47,290 - fed_utils - INFO - load key [fc1.weight].length : 48000, cost time : 0m:0s:1ms
2024-11-15 00:32:47,290 - fed_utils - INFO - load key [fc1.bias].length : 120, cost time : 0m:0s:0ms
2024-11-15 00:32:47,290 - fed_utils - INFO - load key [fc2.weight].length : 10080, cost time : 0m:0s:0ms
2024-11-15 00:32:47,290 - fed_utils - INFO - load key [fc2.bias].length : 84, cost time : 0m:0s:0ms
2024-11-15 00:32:54,063 - fed_utils - INFO - encrypting key [fc3.weight].length : 840, cost time : 0m:6s:772ms
2024-11-15 00:32:54,142 - fed_utils - INFO - encrypting key [fc3.bias].length : 10, cost time : 0m:0s:79ms
2024-11-15 00:32:54,142 - fl_main - INFO - Server receive client_dict[f_00007] info ...
2024-11-15 00:32:54,142 - fl_main - INFO - ----- client id [f_00008] -----
2024-11-15 00:32:54,143 - fl_main - INFO - client_dict[f_00008] training ...
2024-11-15 00:32:54,144 - client_base - INFO - client_dict[f_00008] training epoch : 0
2024-11-15 00:32:54,646 - client_base - INFO - local model train cost time : 0m:0s:501ms
2024-11-15 00:32:54,647 - client_base - INFO - model encode time : 0m:0s:1ms
2024-11-15 00:32:54,647 - fl_main - INFO - client_dict[f_00008] local model encrypting ...
2024-11-15 00:32:55,830 - fed_utils - INFO - encrypting key [conv1.weight].length : 150, cost time : 0m:1s:182ms
2024-11-15 00:32:55,878 - fed_utils - INFO - encrypting key [conv1.bias].length : 6, cost time : 0m:0s:47ms
2024-11-15 00:32:55,878 - fed_utils - INFO - load key [conv2.weight].length : 2400, cost time : 0m:0s:0ms
2024-11-15 00:32:55,878 - fed_utils - INFO - load key [conv2.bias].length : 16, cost time : 0m:0s:0ms
2024-11-15 00:32:55,879 - fed_utils - INFO - load key [fc1.weight].length : 48000, cost time : 0m:0s:1ms
2024-11-15 00:32:55,880 - fed_utils - INFO - load key [fc1.bias].length : 120, cost time : 0m:0s:0ms
2024-11-15 00:32:55,880 - fed_utils - INFO - load key [fc2.weight].length : 10080, cost time : 0m:0s:0ms
2024-11-15 00:32:55,880 - fed_utils - INFO - load key [fc2.bias].length : 84, cost time : 0m:0s:0ms
2024-11-15 00:33:02,502 - fed_utils - INFO - encrypting key [fc3.weight].length : 840, cost time : 0m:6s:621ms
2024-11-15 00:33:02,581 - fed_utils - INFO - encrypting key [fc3.bias].length : 10, cost time : 0m:0s:79ms
2024-11-15 00:33:02,581 - fl_main - INFO - Server receive client_dict[f_00008] info ...
2024-11-15 00:33:02,581 - fl_main - INFO - ----- client id [f_00009] -----
2024-11-15 00:33:02,582 - fl_main - INFO - client_dict[f_00009] training ...
2024-11-15 00:33:02,583 - client_base - INFO - client_dict[f_00009] training epoch : 0
2024-11-15 00:33:03,091 - client_base - INFO - local model train cost time : 0m:0s:508ms
2024-11-15 00:33:03,092 - client_base - INFO - model encode time : 0m:0s:1ms
2024-11-15 00:33:03,093 - fl_main - INFO - client_dict[f_00009] local model encrypting ...
2024-11-15 00:33:04,278 - fed_utils - INFO - encrypting key [conv1.weight].length : 150, cost time : 0m:1s:185ms
2024-11-15 00:33:04,326 - fed_utils - INFO - encrypting key [conv1.bias].length : 6, cost time : 0m:0s:47ms
2024-11-15 00:33:04,326 - fed_utils - INFO - load key [conv2.weight].length : 2400, cost time : 0m:0s:0ms
2024-11-15 00:33:04,326 - fed_utils - INFO - load key [conv2.bias].length : 16, cost time : 0m:0s:0ms
2024-11-15 00:33:04,328 - fed_utils - INFO - load key [fc1.weight].length : 48000, cost time : 0m:0s:1ms
2024-11-15 00:33:04,328 - fed_utils - INFO - load key [fc1.bias].length : 120, cost time : 0m:0s:0ms
2024-11-15 00:33:04,328 - fed_utils - INFO - load key [fc2.weight].length : 10080, cost time : 0m:0s:0ms
2024-11-15 00:33:04,328 - fed_utils - INFO - load key [fc2.bias].length : 84, cost time : 0m:0s:0ms
2024-11-15 00:33:11,132 - fed_utils - INFO - encrypting key [fc3.weight].length : 840, cost time : 0m:6s:803ms
2024-11-15 00:33:11,211 - fed_utils - INFO - encrypting key [fc3.bias].length : 10, cost time : 0m:0s:79ms
2024-11-15 00:33:11,211 - fl_main - INFO - Server receive client_dict[f_00009] info ...
2024-11-15 00:33:11,212 - fl_main - INFO - global aggregation process ...
2024-11-15 00:33:11,212 - fed_utils - INFO - server.n_data : 60000
2024-11-15 00:33:11,212 - fed_utils - INFO - client_dict[f_00000].weight : 0.100000
2024-11-15 00:33:11,212 - fed_utils - INFO - client_dict[f_00001].weight : 0.100000
2024-11-15 00:33:11,212 - fed_utils - INFO - client_dict[f_00002].weight : 0.100000
2024-11-15 00:33:11,212 - fed_utils - INFO - client_dict[f_00003].weight : 0.100000
2024-11-15 00:33:11,212 - fed_utils - INFO - client_dict[f_00004].weight : 0.100000
2024-11-15 00:33:11,212 - fed_utils - INFO - client_dict[f_00005].weight : 0.100000
2024-11-15 00:33:11,212 - fed_utils - INFO - client_dict[f_00006].weight : 0.100000
2024-11-15 00:33:11,212 - fed_utils - INFO - client_dict[f_00007].weight : 0.100000
2024-11-15 00:33:11,212 - fed_utils - INFO - client_dict[f_00008].weight : 0.100000
2024-11-15 00:33:11,212 - fed_utils - INFO - client_dict[f_00009].weight : 0.100000
2024-11-15 00:33:11,212 - fed_utils - INFO - recover secret number by clients: 361.200000
2024-11-15 00:33:11,212 - server_base - INFO - Server aggregate model with homomorphic encryption ...
2024-11-15 00:33:14,274 - server_base - INFO - Server aggregate model done, cost time : 0m:3s:61ms
2024-11-15 00:33:14,614 - fed_utils - INFO - decrypting key [conv1.weight].shape [torch.Size([6, 1, 5, 5])]
2024-11-15 00:33:14,628 - fed_utils - INFO - decrypting key [conv1.bias].shape [torch.Size([6])]
2024-11-15 00:33:14,628 - fed_utils - INFO - decrypting key [conv2.weight].shape [torch.Size([16, 6, 5, 5])]
2024-11-15 00:33:14,628 - fed_utils - INFO - decrypting key [conv2.bias].shape [torch.Size([16])]
2024-11-15 00:33:14,628 - fed_utils - INFO - decrypting key [fc1.weight].shape [torch.Size([120, 400])]
2024-11-15 00:33:14,628 - fed_utils - INFO - decrypting key [fc1.bias].shape [torch.Size([120])]
2024-11-15 00:33:14,628 - fed_utils - INFO - decrypting key [fc2.weight].shape [torch.Size([84, 120])]
2024-11-15 00:33:14,628 - fed_utils - INFO - decrypting key [fc2.bias].shape [torch.Size([84])]
2024-11-15 00:33:16,528 - fed_utils - INFO - decrypting key [fc3.weight].shape [torch.Size([10, 84])]
2024-11-15 00:33:16,551 - fed_utils - INFO - decrypting key [fc3.bias].shape [torch.Size([10])]
2024-11-15 00:33:16,551 - fed_utils - INFO - decrypt time : [0m:2s:276ms]
2024-11-15 00:33:16,556 - fl_main - INFO - [global round : 0] aggregated model loss : 2.284879804724664
2024-11-15 00:33:16,557 - fl_main - INFO - global round : 1
2024-11-15 00:33:16,557 - fl_main - INFO - the random client id to test accuracy : f_00006
2024-11-15 00:33:16,557 - fl_main - INFO - ----- client id [f_00000] -----
2024-11-15 00:33:16,558 - client_base - INFO - recover model cost time : 0m:0s:0ms
2024-11-15 00:33:16,558 - fl_main - INFO - client_dict[f_00000] training ...
2024-11-15 00:33:16,559 - client_base - INFO - client_dict[f_00000] training epoch : 0
2024-11-15 00:33:17,078 - client_base - INFO - local model train cost time : 0m:0s:519ms
2024-11-15 00:33:17,079 - client_base - INFO - model encode time : 0m:0s:1ms
2024-11-15 00:33:17,080 - fl_main - INFO - client_dict[f_00000] local model encrypting ...
2024-11-15 00:33:18,263 - fed_utils - INFO - encrypting key [conv1.weight].length : 150, cost time : 0m:1s:183ms
2024-11-15 00:33:18,311 - fed_utils - INFO - encrypting key [conv1.bias].length : 6, cost time : 0m:0s:47ms
2024-11-15 00:33:18,311 - fed_utils - INFO - load key [conv2.weight].length : 2400, cost time : 0m:0s:0ms
2024-11-15 00:33:18,311 - fed_utils - INFO - load key [conv2.bias].length : 16, cost time : 0m:0s:0ms
2024-11-15 00:33:18,312 - fed_utils - INFO - load key [fc1.weight].length : 48000, cost time : 0m:0s:0ms
2024-11-15 00:33:18,312 - fed_utils - INFO - load key [fc1.bias].length : 120, cost time : 0m:0s:0ms
2024-11-15 00:33:18,312 - fed_utils - INFO - load key [fc2.weight].length : 10080, cost time : 0m:0s:0ms
2024-11-15 00:33:18,313 - fed_utils - INFO - load key [fc2.bias].length : 84, cost time : 0m:0s:0ms
2024-11-15 00:33:25,104 - fed_utils - INFO - encrypting key [fc3.weight].length : 840, cost time : 0m:6s:791ms
2024-11-15 00:33:25,183 - fed_utils - INFO - encrypting key [fc3.bias].length : 10, cost time : 0m:0s:79ms
2024-11-15 00:33:25,184 - fl_main - INFO - Server receive client_dict[f_00000] info ...
2024-11-15 00:33:25,184 - fl_main - INFO - ----- client id [f_00001] -----
2024-11-15 00:33:25,185 - client_base - INFO - recover model cost time : 0m:0s:0ms
2024-11-15 00:33:25,186 - fl_main - INFO - client_dict[f_00001] training ...
2024-11-15 00:33:25,186 - client_base - INFO - client_dict[f_00001] training epoch : 0
2024-11-15 00:33:25,694 - client_base - INFO - local model train cost time : 0m:0s:507ms
2024-11-15 00:33:25,695 - client_base - INFO - model encode time : 0m:0s:1ms
2024-11-15 00:33:25,696 - fl_main - INFO - client_dict[f_00001] local model encrypting ...
2024-11-15 00:33:26,880 - fed_utils - INFO - encrypting key [conv1.weight].length : 150, cost time : 0m:1s:184ms
2024-11-15 00:33:26,928 - fed_utils - INFO - encrypting key [conv1.bias].length : 6, cost time : 0m:0s:47ms
2024-11-15 00:33:26,929 - fed_utils - INFO - load key [conv2.weight].length : 2400, cost time : 0m:0s:0ms
2024-11-15 00:33:26,929 - fed_utils - INFO - load key [conv2.bias].length : 16, cost time : 0m:0s:0ms
2024-11-15 00:33:26,930 - fed_utils - INFO - load key [fc1.weight].length : 48000, cost time : 0m:0s:0ms
2024-11-15 00:33:26,930 - fed_utils - INFO - load key [fc1.bias].length : 120, cost time : 0m:0s:0ms
2024-11-15 00:33:26,930 - fed_utils - INFO - load key [fc2.weight].length : 10080, cost time : 0m:0s:0ms
2024-11-15 00:33:26,930 - fed_utils - INFO - load key [fc2.bias].length : 84, cost time : 0m:0s:0ms
2024-11-15 00:33:33,555 - fed_utils - INFO - encrypting key [fc3.weight].length : 840, cost time : 0m:6s:625ms
2024-11-15 00:33:33,635 - fed_utils - INFO - encrypting key [fc3.bias].length : 10, cost time : 0m:0s:79ms
2024-11-15 00:33:33,635 - fl_main - INFO - Server receive client_dict[f_00001] info ...
2024-11-15 00:33:33,635 - fl_main - INFO - ----- client id [f_00002] -----
2024-11-15 00:33:33,636 - client_base - INFO - recover model cost time : 0m:0s:0ms
2024-11-15 00:33:33,636 - fl_main - INFO - client_dict[f_00002] training ...
2024-11-15 00:33:33,637 - client_base - INFO - client_dict[f_00002] training epoch : 0
2024-11-15 00:33:34,133 - client_base - INFO - local model train cost time : 0m:0s:496ms
2024-11-15 00:33:34,135 - client_base - INFO - model encode time : 0m:0s:1ms
2024-11-15 00:33:34,135 - fl_main - INFO - client_dict[f_00002] local model encrypting ...
2024-11-15 00:33:35,455 - fed_utils - INFO - encrypting key [conv1.weight].length : 150, cost time : 0m:1s:319ms
2024-11-15 00:33:35,503 - fed_utils - INFO - encrypting key [conv1.bias].length : 6, cost time : 0m:0s:47ms
2024-11-15 00:33:35,503 - fed_utils - INFO - load key [conv2.weight].length : 2400, cost time : 0m:0s:0ms
2024-11-15 00:33:35,503 - fed_utils - INFO - load key [conv2.bias].length : 16, cost time : 0m:0s:0ms
2024-11-15 00:33:35,504 - fed_utils - INFO - load key [fc1.weight].length : 48000, cost time : 0m:0s:0ms
2024-11-15 00:33:35,504 - fed_utils - INFO - load key [fc1.bias].length : 120, cost time : 0m:0s:0ms
2024-11-15 00:33:35,504 - fed_utils - INFO - load key [fc2.weight].length : 10080, cost time : 0m:0s:0ms
2024-11-15 00:33:35,504 - fed_utils - INFO - load key [fc2.bias].length : 84, cost time : 0m:0s:0ms
2024-11-15 00:33:42,129 - fed_utils - INFO - encrypting key [fc3.weight].length : 840, cost time : 0m:6s:625ms
2024-11-15 00:33:42,209 - fed_utils - INFO - encrypting key [fc3.bias].length : 10, cost time : 0m:0s:79ms
2024-11-15 00:33:42,209 - fl_main - INFO - Server receive client_dict[f_00002] info ...
2024-11-15 00:33:42,209 - fl_main - INFO - ----- client id [f_00003] -----
2024-11-15 00:33:42,210 - client_base - INFO - recover model cost time : 0m:0s:0ms
2024-11-15 00:33:42,210 - fl_main - INFO - client_dict[f_00003] training ...
2024-11-15 00:33:42,211 - client_base - INFO - client_dict[f_00003] training epoch : 0
2024-11-15 00:33:42,709 - client_base - INFO - local model train cost time : 0m:0s:498ms
2024-11-15 00:33:42,711 - client_base - INFO - model encode time : 0m:0s:1ms
2024-11-15 00:33:42,711 - fl_main - INFO - client_dict[f_00003] local model encrypting ...
2024-11-15 00:33:43,894 - fed_utils - INFO - encrypting key [conv1.weight].length : 150, cost time : 0m:1s:183ms
2024-11-15 00:33:43,942 - fed_utils - INFO - encrypting key [conv1.bias].length : 6, cost time : 0m:0s:47ms
2024-11-15 00:33:43,942 - fed_utils - INFO - load key [conv2.weight].length : 2400, cost time : 0m:0s:0ms
2024-11-15 00:33:43,942 - fed_utils - INFO - load key [conv2.bias].length : 16, cost time : 0m:0s:0ms
2024-11-15 00:33:43,944 - fed_utils - INFO - load key [fc1.weight].length : 48000, cost time : 0m:0s:1ms
2024-11-15 00:33:43,944 - fed_utils - INFO - load key [fc1.bias].length : 120, cost time : 0m:0s:0ms
2024-11-15 00:33:43,944 - fed_utils - INFO - load key [fc2.weight].length : 10080, cost time : 0m:0s:0ms
2024-11-15 00:33:43,944 - fed_utils - INFO - load key [fc2.bias].length : 84, cost time : 0m:0s:0ms
2024-11-15 00:33:50,698 - fed_utils - INFO - encrypting key [fc3.weight].length : 840, cost time : 0m:6s:753ms
2024-11-15 00:33:50,777 - fed_utils - INFO - encrypting key [fc3.bias].length : 10, cost time : 0m:0s:79ms
2024-11-15 00:33:50,777 - fl_main - INFO - Server receive client_dict[f_00003] info ...
2024-11-15 00:33:50,777 - fl_main - INFO - ----- client id [f_00004] -----
2024-11-15 00:33:50,779 - client_base - INFO - recover model cost time : 0m:0s:0ms
2024-11-15 00:33:50,779 - fl_main - INFO - client_dict[f_00004] training ...
2024-11-15 00:33:50,779 - client_base - INFO - client_dict[f_00004] training epoch : 0
2024-11-15 00:33:51,277 - client_base - INFO - local model train cost time : 0m:0s:497ms
2024-11-15 00:33:51,278 - client_base - INFO - model encode time : 0m:0s:1ms
2024-11-15 00:33:51,278 - fl_main - INFO - client_dict[f_00004] local model encrypting ...
2024-11-15 00:33:52,461 - fed_utils - INFO - encrypting key [conv1.weight].length : 150, cost time : 0m:1s:182ms
2024-11-15 00:33:52,509 - fed_utils - INFO - encrypting key [conv1.bias].length : 6, cost time : 0m:0s:47ms
2024-11-15 00:33:52,509 - fed_utils - INFO - load key [conv2.weight].length : 2400, cost time : 0m:0s:0ms
2024-11-15 00:33:52,509 - fed_utils - INFO - load key [conv2.bias].length : 16, cost time : 0m:0s:0ms
2024-11-15 00:33:52,511 - fed_utils - INFO - load key [fc1.weight].length : 48000, cost time : 0m:0s:1ms
2024-11-15 00:33:52,511 - fed_utils - INFO - load key [fc1.bias].length : 120, cost time : 0m:0s:0ms
2024-11-15 00:33:52,511 - fed_utils - INFO - load key [fc2.weight].length : 10080, cost time : 0m:0s:0ms
2024-11-15 00:33:52,511 - fed_utils - INFO - load key [fc2.bias].length : 84, cost time : 0m:0s:0ms
2024-11-15 00:33:59,133 - fed_utils - INFO - encrypting key [fc3.weight].length : 840, cost time : 0m:6s:621ms
2024-11-15 00:33:59,212 - fed_utils - INFO - encrypting key [fc3.bias].length : 10, cost time : 0m:0s:79ms
2024-11-15 00:33:59,212 - fl_main - INFO - Server receive client_dict[f_00004] info ...
2024-11-15 00:33:59,212 - fl_main - INFO - ----- client id [f_00005] -----
2024-11-15 00:33:59,213 - client_base - INFO - recover model cost time : 0m:0s:0ms
2024-11-15 00:33:59,213 - fl_main - INFO - client_dict[f_00005] training ...
2024-11-15 00:33:59,214 - client_base - INFO - client_dict[f_00005] training epoch : 0
2024-11-15 00:33:59,717 - client_base - INFO - local model train cost time : 0m:0s:502ms
2024-11-15 00:33:59,719 - client_base - INFO - model encode time : 0m:0s:1ms
2024-11-15 00:33:59,719 - fl_main - INFO - client_dict[f_00005] local model encrypting ...
2024-11-15 00:34:00,902 - fed_utils - INFO - encrypting key [conv1.weight].length : 150, cost time : 0m:1s:183ms
2024-11-15 00:34:00,950 - fed_utils - INFO - encrypting key [conv1.bias].length : 6, cost time : 0m:0s:48ms
2024-11-15 00:34:00,950 - fed_utils - INFO - load key [conv2.weight].length : 2400, cost time : 0m:0s:0ms
2024-11-15 00:34:00,951 - fed_utils - INFO - load key [conv2.bias].length : 16, cost time : 0m:0s:0ms
2024-11-15 00:34:00,952 - fed_utils - INFO - load key [fc1.weight].length : 48000, cost time : 0m:0s:1ms
2024-11-15 00:34:00,952 - fed_utils - INFO - load key [fc1.bias].length : 120, cost time : 0m:0s:0ms
2024-11-15 00:34:00,952 - fed_utils - INFO - load key [fc2.weight].length : 10080, cost time : 0m:0s:0ms
2024-11-15 00:34:00,952 - fed_utils - INFO - load key [fc2.bias].length : 84, cost time : 0m:0s:0ms
2024-11-15 00:34:07,722 - fed_utils - INFO - encrypting key [fc3.weight].length : 840, cost time : 0m:6s:769ms
2024-11-15 00:34:07,801 - fed_utils - INFO - encrypting key [fc3.bias].length : 10, cost time : 0m:0s:79ms
2024-11-15 00:34:07,801 - fl_main - INFO - Server receive client_dict[f_00005] info ...
2024-11-15 00:34:07,802 - fl_main - INFO - ----- client id [f_00006] -----
2024-11-15 00:34:07,803 - client_base - INFO - recover model cost time : 0m:0s:0ms
2024-11-15 00:34:08,615 - fl_main - INFO - global round [1] client_dict[f_00006].accuracy : 0.181600
2024-11-15 00:34:08,615 - fl_main - INFO - client_dict[f_00006] training ...
2024-11-15 00:34:08,615 - client_base - INFO - client_dict[f_00006] training epoch : 0
2024-11-15 00:34:09,134 - client_base - INFO - local model train cost time : 0m:0s:518ms
2024-11-15 00:34:09,135 - client_base - INFO - model encode time : 0m:0s:1ms
2024-11-15 00:34:09,135 - fl_main - INFO - client_dict[f_00006] local model encrypting ...
2024-11-15 00:34:10,318 - fed_utils - INFO - encrypting key [conv1.weight].length : 150, cost time : 0m:1s:182ms
2024-11-15 00:34:10,366 - fed_utils - INFO - encrypting key [conv1.bias].length : 6, cost time : 0m:0s:47ms
2024-11-15 00:34:10,366 - fed_utils - INFO - load key [conv2.weight].length : 2400, cost time : 0m:0s:0ms
2024-11-15 00:34:10,366 - fed_utils - INFO - load key [conv2.bias].length : 16, cost time : 0m:0s:0ms
2024-11-15 00:34:10,367 - fed_utils - INFO - load key [fc1.weight].length : 48000, cost time : 0m:0s:1ms
2024-11-15 00:34:10,367 - fed_utils - INFO - load key [fc1.bias].length : 120, cost time : 0m:0s:0ms
2024-11-15 00:34:10,367 - fed_utils - INFO - load key [fc2.weight].length : 10080, cost time : 0m:0s:0ms
2024-11-15 00:34:10,368 - fed_utils - INFO - load key [fc2.bias].length : 84, cost time : 0m:0s:0ms
2024-11-15 00:34:16,989 - fed_utils - INFO - encrypting key [fc3.weight].length : 840, cost time : 0m:6s:621ms
2024-11-15 00:34:17,068 - fed_utils - INFO - encrypting key [fc3.bias].length : 10, cost time : 0m:0s:79ms
2024-11-15 00:34:17,068 - fl_main - INFO - Server receive client_dict[f_00006] info ...
2024-11-15 00:34:17,068 - fl_main - INFO - ----- client id [f_00007] -----
2024-11-15 00:34:17,070 - client_base - INFO - recover model cost time : 0m:0s:0ms
2024-11-15 00:34:17,070 - fl_main - INFO - client_dict[f_00007] training ...
2024-11-15 00:34:17,070 - client_base - INFO - client_dict[f_00007] training epoch : 0
2024-11-15 00:34:17,655 - client_base - INFO - local model train cost time : 0m:0s:584ms
2024-11-15 00:34:17,657 - client_base - INFO - model encode time : 0m:0s:1ms
2024-11-15 00:34:17,657 - fl_main - INFO - client_dict[f_00007] local model encrypting ...
2024-11-15 00:34:18,840 - fed_utils - INFO - encrypting key [conv1.weight].length : 150, cost time : 0m:1s:183ms
2024-11-15 00:34:18,888 - fed_utils - INFO - encrypting key [conv1.bias].length : 6, cost time : 0m:0s:47ms
2024-11-15 00:34:18,888 - fed_utils - INFO - load key [conv2.weight].length : 2400, cost time : 0m:0s:0ms
2024-11-15 00:34:18,888 - fed_utils - INFO - load key [conv2.bias].length : 16, cost time : 0m:0s:0ms
2024-11-15 00:34:18,890 - fed_utils - INFO - load key [fc1.weight].length : 48000, cost time : 0m:0s:1ms
2024-11-15 00:34:18,890 - fed_utils - INFO - load key [fc1.bias].length : 120, cost time : 0m:0s:0ms
2024-11-15 00:34:18,890 - fed_utils - INFO - load key [fc2.weight].length : 10080, cost time : 0m:0s:0ms
2024-11-15 00:34:18,890 - fed_utils - INFO - load key [fc2.bias].length : 84, cost time : 0m:0s:0ms
2024-11-15 00:34:25,674 - fed_utils - INFO - encrypting key [fc3.weight].length : 840, cost time : 0m:6s:784ms
2024-11-15 00:34:25,754 - fed_utils - INFO - encrypting key [fc3.bias].length : 10, cost time : 0m:0s:79ms
2024-11-15 00:34:25,754 - fl_main - INFO - Server receive client_dict[f_00007] info ...
2024-11-15 00:34:25,754 - fl_main - INFO - ----- client id [f_00008] -----
2024-11-15 00:34:25,755 - client_base - INFO - recover model cost time : 0m:0s:0ms
2024-11-15 00:34:25,755 - fl_main - INFO - client_dict[f_00008] training ...
2024-11-15 00:34:25,756 - client_base - INFO - client_dict[f_00008] training epoch : 0
2024-11-15 00:34:26,268 - client_base - INFO - local model train cost time : 0m:0s:511ms
2024-11-15 00:34:26,269 - client_base - INFO - model encode time : 0m:0s:1ms
2024-11-15 00:34:26,269 - fl_main - INFO - client_dict[f_00008] local model encrypting ...
2024-11-15 00:34:27,453 - fed_utils - INFO - encrypting key [conv1.weight].length : 150, cost time : 0m:1s:183ms
2024-11-15 00:34:27,502 - fed_utils - INFO - encrypting key [conv1.bias].length : 6, cost time : 0m:0s:48ms
2024-11-15 00:34:27,502 - fed_utils - INFO - load key [conv2.weight].length : 2400, cost time : 0m:0s:0ms
2024-11-15 00:34:27,502 - fed_utils - INFO - load key [conv2.bias].length : 16, cost time : 0m:0s:0ms
2024-11-15 00:34:27,503 - fed_utils - INFO - load key [fc1.weight].length : 48000, cost time : 0m:0s:1ms
2024-11-15 00:34:27,503 - fed_utils - INFO - load key [fc1.bias].length : 120, cost time : 0m:0s:0ms
2024-11-15 00:34:27,503 - fed_utils - INFO - load key [fc2.weight].length : 10080, cost time : 0m:0s:0ms
2024-11-15 00:34:27,503 - fed_utils - INFO - load key [fc2.bias].length : 84, cost time : 0m:0s:0ms
2024-11-15 00:34:34,134 - fed_utils - INFO - encrypting key [fc3.weight].length : 840, cost time : 0m:6s:630ms
2024-11-15 00:34:34,213 - fed_utils - INFO - encrypting key [fc3.bias].length : 10, cost time : 0m:0s:79ms
2024-11-15 00:34:34,213 - fl_main - INFO - Server receive client_dict[f_00008] info ...
2024-11-15 00:34:34,213 - fl_main - INFO - ----- client id [f_00009] -----
2024-11-15 00:34:34,214 - client_base - INFO - recover model cost time : 0m:0s:0ms
2024-11-15 00:34:34,215 - fl_main - INFO - client_dict[f_00009] training ...
2024-11-15 00:34:34,215 - client_base - INFO - client_dict[f_00009] training epoch : 0
2024-11-15 00:34:34,715 - client_base - INFO - local model train cost time : 0m:0s:499ms
2024-11-15 00:34:34,716 - client_base - INFO - model encode time : 0m:0s:1ms
2024-11-15 00:34:34,717 - fl_main - INFO - client_dict[f_00009] local model encrypting ...
2024-11-15 00:34:36,039 - fed_utils - INFO - encrypting key [conv1.weight].length : 150, cost time : 0m:1s:321ms
2024-11-15 00:34:36,086 - fed_utils - INFO - encrypting key [conv1.bias].length : 6, cost time : 0m:0s:47ms
2024-11-15 00:34:36,086 - fed_utils - INFO - load key [conv2.weight].length : 2400, cost time : 0m:0s:0ms
2024-11-15 00:34:36,086 - fed_utils - INFO - load key [conv2.bias].length : 16, cost time : 0m:0s:0ms
2024-11-15 00:34:36,088 - fed_utils - INFO - load key [fc1.weight].length : 48000, cost time : 0m:0s:1ms
2024-11-15 00:34:36,088 - fed_utils - INFO - load key [fc1.bias].length : 120, cost time : 0m:0s:0ms
2024-11-15 00:34:36,088 - fed_utils - INFO - load key [fc2.weight].length : 10080, cost time : 0m:0s:0ms
2024-11-15 00:34:36,088 - fed_utils - INFO - load key [fc2.bias].length : 84, cost time : 0m:0s:0ms
2024-11-15 00:34:42,712 - fed_utils - INFO - encrypting key [fc3.weight].length : 840, cost time : 0m:6s:623ms
2024-11-15 00:34:42,791 - fed_utils - INFO - encrypting key [fc3.bias].length : 10, cost time : 0m:0s:79ms
2024-11-15 00:34:42,791 - fl_main - INFO - Server receive client_dict[f_00009] info ...
2024-11-15 00:34:42,791 - fl_main - INFO - global aggregation process ...
2024-11-15 00:34:42,792 - fed_utils - INFO - server.n_data : 60000
2024-11-15 00:34:42,792 - fed_utils - INFO - client_dict[f_00000].weight : 0.100000
2024-11-15 00:34:42,792 - fed_utils - INFO - client_dict[f_00001].weight : 0.100000
2024-11-15 00:34:42,792 - fed_utils - INFO - client_dict[f_00002].weight : 0.100000
2024-11-15 00:34:42,792 - fed_utils - INFO - client_dict[f_00003].weight : 0.100000
2024-11-15 00:34:42,792 - fed_utils - INFO - client_dict[f_00004].weight : 0.100000
2024-11-15 00:34:42,792 - fed_utils - INFO - client_dict[f_00005].weight : 0.100000
2024-11-15 00:34:42,792 - fed_utils - INFO - client_dict[f_00006].weight : 0.100000
2024-11-15 00:34:42,792 - fed_utils - INFO - client_dict[f_00007].weight : 0.100000
2024-11-15 00:34:42,792 - fed_utils - INFO - client_dict[f_00008].weight : 0.100000
2024-11-15 00:34:42,792 - fed_utils - INFO - client_dict[f_00009].weight : 0.100000
2024-11-15 00:34:42,792 - fed_utils - INFO - recover secret number by clients: 361.200000
2024-11-15 00:34:42,792 - server_base - INFO - Server aggregate model with homomorphic encryption ...
2024-11-15 00:34:45,855 - server_base - INFO - Server aggregate model done, cost time : 0m:3s:62ms
2024-11-15 00:34:46,196 - fed_utils - INFO - decrypting key [conv1.weight].shape [torch.Size([6, 1, 5, 5])]
2024-11-15 00:34:46,209 - fed_utils - INFO - decrypting key [conv1.bias].shape [torch.Size([6])]
2024-11-15 00:34:46,210 - fed_utils - INFO - decrypting key [conv2.weight].shape [torch.Size([16, 6, 5, 5])]
2024-11-15 00:34:46,210 - fed_utils - INFO - decrypting key [conv2.bias].shape [torch.Size([16])]
2024-11-15 00:34:46,210 - fed_utils - INFO - decrypting key [fc1.weight].shape [torch.Size([120, 400])]
2024-11-15 00:34:46,210 - fed_utils - INFO - decrypting key [fc1.bias].shape [torch.Size([120])]
2024-11-15 00:34:46,210 - fed_utils - INFO - decrypting key [fc2.weight].shape [torch.Size([84, 120])]
2024-11-15 00:34:46,210 - fed_utils - INFO - decrypting key [fc2.bias].shape [torch.Size([84])]
2024-11-15 00:34:48,118 - fed_utils - INFO - decrypting key [fc3.weight].shape [torch.Size([10, 84])]
2024-11-15 00:34:48,141 - fed_utils - INFO - decrypting key [fc3.bias].shape [torch.Size([10])]
2024-11-15 00:34:48,141 - fed_utils - INFO - decrypt time : [0m:2s:286ms]
2024-11-15 00:34:48,147 - fl_main - INFO - [global round : 1] aggregated model accuracy : 0.1816
2024-11-15 00:34:48,147 - fl_main - INFO - [global round : 1] aggregated model loss : 2.258572951510008
2024-11-15 00:34:48,147 - fl_main - INFO - global round : 2
2024-11-15 00:34:48,147 - fl_main - INFO - the random client id to test accuracy : f_00004
2024-11-15 00:34:48,147 - fl_main - INFO - ----- client id [f_00000] -----
2024-11-15 00:34:48,149 - client_base - INFO - recover model cost time : 0m:0s:0ms
2024-11-15 00:34:48,149 - fl_main - INFO - client_dict[f_00000] training ...
2024-11-15 00:34:48,149 - client_base - INFO - client_dict[f_00000] training epoch : 0
2024-11-15 00:34:48,669 - client_base - INFO - local model train cost time : 0m:0s:519ms
2024-11-15 00:34:48,670 - client_base - INFO - model encode time : 0m:0s:1ms
2024-11-15 00:34:48,671 - fl_main - INFO - client_dict[f_00000] local model encrypting ...
2024-11-15 00:34:49,854 - fed_utils - INFO - encrypting key [conv1.weight].length : 150, cost time : 0m:1s:183ms
2024-11-15 00:34:49,916 - fed_utils - INFO - encrypting key [conv1.bias].length : 6, cost time : 0m:0s:62ms
2024-11-15 00:34:49,916 - fed_utils - INFO - load key [conv2.weight].length : 2400, cost time : 0m:0s:0ms
2024-11-15 00:34:49,916 - fed_utils - INFO - load key [conv2.bias].length : 16, cost time : 0m:0s:0ms
2024-11-15 00:34:49,918 - fed_utils - INFO - load key [fc1.weight].length : 48000, cost time : 0m:0s:1ms
2024-11-15 00:34:49,918 - fed_utils - INFO - load key [fc1.bias].length : 120, cost time : 0m:0s:0ms
2024-11-15 00:34:49,919 - fed_utils - INFO - load key [fc2.weight].length : 10080, cost time : 0m:0s:0ms
2024-11-15 00:34:49,919 - fed_utils - INFO - load key [fc2.bias].length : 84, cost time : 0m:0s:0ms
2024-11-15 00:34:56,712 - fed_utils - INFO - encrypting key [fc3.weight].length : 840, cost time : 0m:6s:793ms
2024-11-15 00:34:56,791 - fed_utils - INFO - encrypting key [fc3.bias].length : 10, cost time : 0m:0s:79ms
2024-11-15 00:34:56,792 - fl_main - INFO - Server receive client_dict[f_00000] info ...
2024-11-15 00:34:56,793 - fl_main - INFO - ----- client id [f_00001] -----
2024-11-15 00:34:56,794 - client_base - INFO - recover model cost time : 0m:0s:0ms
2024-11-15 00:34:56,794 - fl_main - INFO - client_dict[f_00001] training ...
2024-11-15 00:34:56,795 - client_base - INFO - client_dict[f_00001] training epoch : 0
2024-11-15 00:34:57,303 - client_base - INFO - local model train cost time : 0m:0s:508ms
2024-11-15 00:34:57,304 - client_base - INFO - model encode time : 0m:0s:1ms
2024-11-15 00:34:57,305 - fl_main - INFO - client_dict[f_00001] local model encrypting ...
2024-11-15 00:34:58,488 - fed_utils - INFO - encrypting key [conv1.weight].length : 150, cost time : 0m:1s:183ms
2024-11-15 00:34:58,536 - fed_utils - INFO - encrypting key [conv1.bias].length : 6, cost time : 0m:0s:48ms
2024-11-15 00:34:58,536 - fed_utils - INFO - load key [conv2.weight].length : 2400, cost time : 0m:0s:0ms
2024-11-15 00:34:58,537 - fed_utils - INFO - load key [conv2.bias].length : 16, cost time : 0m:0s:0ms
2024-11-15 00:34:58,538 - fed_utils - INFO - load key [fc1.weight].length : 48000, cost time : 0m:0s:0ms
2024-11-15 00:34:58,538 - fed_utils - INFO - load key [fc1.bias].length : 120, cost time : 0m:0s:0ms
2024-11-15 00:34:58,538 - fed_utils - INFO - load key [fc2.weight].length : 10080, cost time : 0m:0s:0ms
2024-11-15 00:34:58,538 - fed_utils - INFO - load key [fc2.bias].length : 84, cost time : 0m:0s:0ms
2024-11-15 00:35:05,299 - fed_utils - INFO - encrypting key [fc3.weight].length : 840, cost time : 0m:6s:761ms
2024-11-15 00:35:05,379 - fed_utils - INFO - encrypting key [fc3.bias].length : 10, cost time : 0m:0s:79ms
2024-11-15 00:35:05,379 - fl_main - INFO - Server receive client_dict[f_00001] info ...
2024-11-15 00:35:05,379 - fl_main - INFO - ----- client id [f_00002] -----
2024-11-15 00:35:05,380 - client_base - INFO - recover model cost time : 0m:0s:0ms
2024-11-15 00:35:05,380 - fl_main - INFO - client_dict[f_00002] training ...
2024-11-15 00:35:05,381 - client_base - INFO - client_dict[f_00002] training epoch : 0
2024-11-15 00:35:05,891 - client_base - INFO - local model train cost time : 0m:0s:509ms
2024-11-15 00:35:05,892 - client_base - INFO - model encode time : 0m:0s:1ms
2024-11-15 00:35:05,892 - fl_main - INFO - client_dict[f_00002] local model encrypting ...
2024-11-15 00:35:07,076 - fed_utils - INFO - encrypting key [conv1.weight].length : 150, cost time : 0m:1s:183ms
2024-11-15 00:35:07,124 - fed_utils - INFO - encrypting key [conv1.bias].length : 6, cost time : 0m:0s:47ms
2024-11-15 00:35:07,124 - fed_utils - INFO - load key [conv2.weight].length : 2400, cost time : 0m:0s:0ms
2024-11-15 00:35:07,124 - fed_utils - INFO - load key [conv2.bias].length : 16, cost time : 0m:0s:0ms
2024-11-15 00:35:07,125 - fed_utils - INFO - load key [fc1.weight].length : 48000, cost time : 0m:0s:0ms
2024-11-15 00:35:07,125 - fed_utils - INFO - load key [fc1.bias].length : 120, cost time : 0m:0s:0ms
2024-11-15 00:35:07,125 - fed_utils - INFO - load key [fc2.weight].length : 10080, cost time : 0m:0s:0ms
2024-11-15 00:35:07,125 - fed_utils - INFO - load key [fc2.bias].length : 84, cost time : 0m:0s:0ms
2024-11-15 00:35:13,746 - fed_utils - INFO - encrypting key [fc3.weight].length : 840, cost time : 0m:6s:620ms
2024-11-15 00:35:13,825 - fed_utils - INFO - encrypting key [fc3.bias].length : 10, cost time : 0m:0s:78ms
2024-11-15 00:35:13,825 - fl_main - INFO - Server receive client_dict[f_00002] info ...
2024-11-15 00:35:13,825 - fl_main - INFO - ----- client id [f_00003] -----
2024-11-15 00:35:13,826 - client_base - INFO - recover model cost time : 0m:0s:0ms
2024-11-15 00:35:13,826 - fl_main - INFO - client_dict[f_00003] training ...
2024-11-15 00:35:13,827 - client_base - INFO - client_dict[f_00003] training epoch : 0
2024-11-15 00:35:14,325 - client_base - INFO - local model train cost time : 0m:0s:497ms
2024-11-15 00:35:14,326 - client_base - INFO - model encode time : 0m:0s:1ms
2024-11-15 00:35:14,327 - fl_main - INFO - client_dict[f_00003] local model encrypting ...
2024-11-15 00:35:15,510 - fed_utils - INFO - encrypting key [conv1.weight].length : 150, cost time : 0m:1s:183ms
2024-11-15 00:35:15,558 - fed_utils - INFO - encrypting key [conv1.bias].length : 6, cost time : 0m:0s:48ms
2024-11-15 00:35:15,559 - fed_utils - INFO - load key [conv2.weight].length : 2400, cost time : 0m:0s:0ms
2024-11-15 00:35:15,559 - fed_utils - INFO - load key [conv2.bias].length : 16, cost time : 0m:0s:0ms
2024-11-15 00:35:15,560 - fed_utils - INFO - load key [fc1.weight].length : 48000, cost time : 0m:0s:0ms
2024-11-15 00:35:15,560 - fed_utils - INFO - load key [fc1.bias].length : 120, cost time : 0m:0s:0ms
2024-11-15 00:35:15,560 - fed_utils - INFO - load key [fc2.weight].length : 10080, cost time : 0m:0s:0ms
2024-11-15 00:35:15,560 - fed_utils - INFO - load key [fc2.bias].length : 84, cost time : 0m:0s:0ms
2024-11-15 00:35:22,325 - fed_utils - INFO - encrypting key [fc3.weight].length : 840, cost time : 0m:6s:765ms
2024-11-15 00:35:22,405 - fed_utils - INFO - encrypting key [fc3.bias].length : 10, cost time : 0m:0s:79ms
2024-11-15 00:35:22,405 - fl_main - INFO - Server receive client_dict[f_00003] info ...
2024-11-15 00:35:22,405 - fl_main - INFO - ----- client id [f_00004] -----
2024-11-15 00:35:22,406 - client_base - INFO - recover model cost time : 0m:0s:0ms
2024-11-15 00:35:23,223 - fl_main - INFO - global round [2] client_dict[f_00004].accuracy : 0.378200
2024-11-15 00:35:23,223 - fl_main - INFO - client_dict[f_00004] training ...
2024-11-15 00:35:23,223 - client_base - INFO - client_dict[f_00004] training epoch : 0
2024-11-15 00:35:23,732 - client_base - INFO - local model train cost time : 0m:0s:508ms
2024-11-15 00:35:23,733 - client_base - INFO - model encode time : 0m:0s:1ms
2024-11-15 00:35:23,733 - fl_main - INFO - client_dict[f_00004] local model encrypting ...
2024-11-15 00:35:24,917 - fed_utils - INFO - encrypting key [conv1.weight].length : 150, cost time : 0m:1s:183ms
2024-11-15 00:35:24,965 - fed_utils - INFO - encrypting key [conv1.bias].length : 6, cost time : 0m:0s:47ms
2024-11-15 00:35:24,965 - fed_utils - INFO - load key [conv2.weight].length : 2400, cost time : 0m:0s:0ms
2024-11-15 00:35:24,965 - fed_utils - INFO - load key [conv2.bias].length : 16, cost time : 0m:0s:0ms
2024-11-15 00:35:24,966 - fed_utils - INFO - load key [fc1.weight].length : 48000, cost time : 0m:0s:0ms
2024-11-15 00:35:24,966 - fed_utils - INFO - load key [fc1.bias].length : 120, cost time : 0m:0s:0ms
2024-11-15 00:35:24,966 - fed_utils - INFO - load key [fc2.weight].length : 10080, cost time : 0m:0s:0ms
2024-11-15 00:35:24,966 - fed_utils - INFO - load key [fc2.bias].length : 84, cost time : 0m:0s:0ms
2024-11-15 00:35:31,591 - fed_utils - INFO - encrypting key [fc3.weight].length : 840, cost time : 0m:6s:624ms
2024-11-15 00:35:31,670 - fed_utils - INFO - encrypting key [fc3.bias].length : 10, cost time : 0m:0s:79ms
2024-11-15 00:35:31,670 - fl_main - INFO - Server receive client_dict[f_00004] info ...
2024-11-15 00:35:31,671 - fl_main - INFO - ----- client id [f_00005] -----
2024-11-15 00:35:31,672 - client_base - INFO - recover model cost time : 0m:0s:0ms
2024-11-15 00:35:31,672 - fl_main - INFO - client_dict[f_00005] training ...
2024-11-15 00:35:31,672 - client_base - INFO - client_dict[f_00005] training epoch : 0
2024-11-15 00:35:32,159 - client_base - INFO - local model train cost time : 0m:0s:486ms
2024-11-15 00:35:32,160 - client_base - INFO - model encode time : 0m:0s:1ms
2024-11-15 00:35:32,161 - fl_main - INFO - client_dict[f_00005] local model encrypting ...
2024-11-15 00:35:33,344 - fed_utils - INFO - encrypting key [conv1.weight].length : 150, cost time : 0m:1s:182ms
2024-11-15 00:35:33,391 - fed_utils - INFO - encrypting key [conv1.bias].length : 6, cost time : 0m:0s:47ms
2024-11-15 00:35:33,392 - fed_utils - INFO - load key [conv2.weight].length : 2400, cost time : 0m:0s:0ms
2024-11-15 00:35:33,392 - fed_utils - INFO - load key [conv2.bias].length : 16, cost time : 0m:0s:0ms
2024-11-15 00:35:33,393 - fed_utils - INFO - load key [fc1.weight].length : 48000, cost time : 0m:0s:0ms
2024-11-15 00:35:33,393 - fed_utils - INFO - load key [fc1.bias].length : 120, cost time : 0m:0s:0ms
2024-11-15 00:35:33,393 - fed_utils - INFO - load key [fc2.weight].length : 10080, cost time : 0m:0s:0ms
2024-11-15 00:35:33,393 - fed_utils - INFO - load key [fc2.bias].length : 84, cost time : 0m:0s:0ms
2024-11-15 00:35:40,168 - fed_utils - INFO - encrypting key [fc3.weight].length : 840, cost time : 0m:6s:775ms
2024-11-15 00:35:40,247 - fed_utils - INFO - encrypting key [fc3.bias].length : 10, cost time : 0m:0s:79ms
2024-11-15 00:35:40,247 - fl_main - INFO - Server receive client_dict[f_00005] info ...
2024-11-15 00:35:40,248 - fl_main - INFO - ----- client id [f_00006] -----
2024-11-15 00:35:40,249 - client_base - INFO - recover model cost time : 0m:0s:0ms
2024-11-15 00:35:40,249 - fl_main - INFO - client_dict[f_00006] training ...
2024-11-15 00:35:40,250 - client_base - INFO - client_dict[f_00006] training epoch : 0
2024-11-15 00:35:40,756 - client_base - INFO - local model train cost time : 0m:0s:506ms
2024-11-15 00:35:40,757 - client_base - INFO - model encode time : 0m:0s:1ms
2024-11-15 00:35:40,757 - fl_main - INFO - client_dict[f_00006] local model encrypting ...
2024-11-15 00:35:41,941 - fed_utils - INFO - encrypting key [conv1.weight].length : 150, cost time : 0m:1s:182ms
2024-11-15 00:35:41,991 - fed_utils - INFO - encrypting key [conv1.bias].length : 6, cost time : 0m:0s:50ms
2024-11-15 00:35:41,991 - fed_utils - INFO - load key [conv2.weight].length : 2400, cost time : 0m:0s:0ms
2024-11-15 00:35:41,991 - fed_utils - INFO - load key [conv2.bias].length : 16, cost time : 0m:0s:0ms
2024-11-15 00:35:41,993 - fed_utils - INFO - load key [fc1.weight].length : 48000, cost time : 0m:0s:1ms
2024-11-15 00:35:41,993 - fed_utils - INFO - load key [fc1.bias].length : 120, cost time : 0m:0s:0ms
2024-11-15 00:35:41,993 - fed_utils - INFO - load key [fc2.weight].length : 10080, cost time : 0m:0s:0ms
2024-11-15 00:35:41,993 - fed_utils - INFO - load key [fc2.bias].length : 84, cost time : 0m:0s:0ms
2024-11-15 00:35:48,624 - fed_utils - INFO - encrypting key [fc3.weight].length : 840, cost time : 0m:6s:630ms
2024-11-15 00:35:48,704 - fed_utils - INFO - encrypting key [fc3.bias].length : 10, cost time : 0m:0s:79ms
2024-11-15 00:35:48,704 - fl_main - INFO - Server receive client_dict[f_00006] info ...
2024-11-15 00:35:48,704 - fl_main - INFO - ----- client id [f_00007] -----
2024-11-15 00:35:48,705 - client_base - INFO - recover model cost time : 0m:0s:0ms
2024-11-15 00:35:48,705 - fl_main - INFO - client_dict[f_00007] training ...
2024-11-15 00:35:48,706 - client_base - INFO - client_dict[f_00007] training epoch : 0
2024-11-15 00:35:49,225 - client_base - INFO - local model train cost time : 0m:0s:518ms
2024-11-15 00:35:49,226 - client_base - INFO - model encode time : 0m:0s:1ms
2024-11-15 00:35:49,227 - fl_main - INFO - client_dict[f_00007] local model encrypting ...
2024-11-15 00:35:50,579 - fed_utils - INFO - encrypting key [conv1.weight].length : 150, cost time : 0m:1s:352ms
2024-11-15 00:35:50,626 - fed_utils - INFO - encrypting key [conv1.bias].length : 6, cost time : 0m:0s:47ms
2024-11-15 00:35:50,627 - fed_utils - INFO - load key [conv2.weight].length : 2400, cost time : 0m:0s:0ms
2024-11-15 00:35:50,627 - fed_utils - INFO - load key [conv2.bias].length : 16, cost time : 0m:0s:0ms
2024-11-15 00:35:50,628 - fed_utils - INFO - load key [fc1.weight].length : 48000, cost time : 0m:0s:1ms
2024-11-15 00:35:50,628 - fed_utils - INFO - load key [fc1.bias].length : 120, cost time : 0m:0s:0ms
2024-11-15 00:35:50,628 - fed_utils - INFO - load key [fc2.weight].length : 10080, cost time : 0m:0s:0ms
2024-11-15 00:35:50,628 - fed_utils - INFO - load key [fc2.bias].length : 84, cost time : 0m:0s:0ms
2024-11-15 00:35:57,251 - fed_utils - INFO - encrypting key [fc3.weight].length : 840, cost time : 0m:6s:622ms
2024-11-15 00:35:57,330 - fed_utils - INFO - encrypting key [fc3.bias].length : 10, cost time : 0m:0s:79ms
2024-11-15 00:35:57,330 - fl_main - INFO - Server receive client_dict[f_00007] info ...
2024-11-15 00:35:57,330 - fl_main - INFO - ----- client id [f_00008] -----
2024-11-15 00:35:57,331 - client_base - INFO - recover model cost time : 0m:0s:0ms
2024-11-15 00:35:57,331 - fl_main - INFO - client_dict[f_00008] training ...
2024-11-15 00:35:57,332 - client_base - INFO - client_dict[f_00008] training epoch : 0
2024-11-15 00:35:57,853 - client_base - INFO - local model train cost time : 0m:0s:521ms
2024-11-15 00:35:57,855 - client_base - INFO - model encode time : 0m:0s:1ms
2024-11-15 00:35:57,855 - fl_main - INFO - client_dict[f_00008] local model encrypting ...
2024-11-15 00:35:59,039 - fed_utils - INFO - encrypting key [conv1.weight].length : 150, cost time : 0m:1s:184ms
2024-11-15 00:35:59,087 - fed_utils - INFO - encrypting key [conv1.bias].length : 6, cost time : 0m:0s:47ms
2024-11-15 00:35:59,087 - fed_utils - INFO - load key [conv2.weight].length : 2400, cost time : 0m:0s:0ms
2024-11-15 00:35:59,087 - fed_utils - INFO - load key [conv2.bias].length : 16, cost time : 0m:0s:0ms
2024-11-15 00:35:59,089 - fed_utils - INFO - load key [fc1.weight].length : 48000, cost time : 0m:0s:1ms
2024-11-15 00:35:59,089 - fed_utils - INFO - load key [fc1.bias].length : 120, cost time : 0m:0s:0ms
2024-11-15 00:35:59,089 - fed_utils - INFO - load key [fc2.weight].length : 10080, cost time : 0m:0s:0ms
2024-11-15 00:35:59,089 - fed_utils - INFO - load key [fc2.bias].length : 84, cost time : 0m:0s:0ms
2024-11-15 00:36:05,871 - fed_utils - INFO - encrypting key [fc3.weight].length : 840, cost time : 0m:6s:781ms
2024-11-15 00:36:05,950 - fed_utils - INFO - encrypting key [fc3.bias].length : 10, cost time : 0m:0s:79ms
2024-11-15 00:36:05,950 - fl_main - INFO - Server receive client_dict[f_00008] info ...
2024-11-15 00:36:05,950 - fl_main - INFO - ----- client id [f_00009] -----
2024-11-15 00:36:05,951 - client_base - INFO - recover model cost time : 0m:0s:0ms
2024-11-15 00:36:05,951 - fl_main - INFO - client_dict[f_00009] training ...
2024-11-15 00:36:05,952 - client_base - INFO - client_dict[f_00009] training epoch : 0
2024-11-15 00:36:06,456 - client_base - INFO - local model train cost time : 0m:0s:503ms
2024-11-15 00:36:06,458 - client_base - INFO - model encode time : 0m:0s:1ms
2024-11-15 00:36:06,458 - fl_main - INFO - client_dict[f_00009] local model encrypting ...
2024-11-15 00:36:07,643 - fed_utils - INFO - encrypting key [conv1.weight].length : 150, cost time : 0m:1s:185ms
2024-11-15 00:36:07,691 - fed_utils - INFO - encrypting key [conv1.bias].length : 6, cost time : 0m:0s:47ms
2024-11-15 00:36:07,691 - fed_utils - INFO - load key [conv2.weight].length : 2400, cost time : 0m:0s:0ms
2024-11-15 00:36:07,691 - fed_utils - INFO - load key [conv2.bias].length : 16, cost time : 0m:0s:0ms
2024-11-15 00:36:07,692 - fed_utils - INFO - load key [fc1.weight].length : 48000, cost time : 0m:0s:1ms
2024-11-15 00:36:07,693 - fed_utils - INFO - load key [fc1.bias].length : 120, cost time : 0m:0s:0ms
2024-11-15 00:36:07,693 - fed_utils - INFO - load key [fc2.weight].length : 10080, cost time : 0m:0s:0ms
2024-11-15 00:36:07,693 - fed_utils - INFO - load key [fc2.bias].length : 84, cost time : 0m:0s:0ms
2024-11-15 00:36:14,331 - fed_utils - INFO - encrypting key [fc3.weight].length : 840, cost time : 0m:6s:638ms
2024-11-15 00:36:14,411 - fed_utils - INFO - encrypting key [fc3.bias].length : 10, cost time : 0m:0s:79ms
2024-11-15 00:36:14,411 - fl_main - INFO - Server receive client_dict[f_00009] info ...
2024-11-15 00:36:14,411 - fl_main - INFO - global aggregation process ...
2024-11-15 00:36:14,411 - fed_utils - INFO - server.n_data : 60000
2024-11-15 00:36:14,411 - fed_utils - INFO - client_dict[f_00000].weight : 0.100000
2024-11-15 00:36:14,411 - fed_utils - INFO - client_dict[f_00001].weight : 0.100000
2024-11-15 00:36:14,411 - fed_utils - INFO - client_dict[f_00002].weight : 0.100000
2024-11-15 00:36:14,411 - fed_utils - INFO - client_dict[f_00003].weight : 0.100000
2024-11-15 00:36:14,411 - fed_utils - INFO - client_dict[f_00004].weight : 0.100000
2024-11-15 00:36:14,411 - fed_utils - INFO - client_dict[f_00005].weight : 0.100000
2024-11-15 00:36:14,411 - fed_utils - INFO - client_dict[f_00006].weight : 0.100000
2024-11-15 00:36:14,411 - fed_utils - INFO - client_dict[f_00007].weight : 0.100000
2024-11-15 00:36:14,411 - fed_utils - INFO - client_dict[f_00008].weight : 0.100000
2024-11-15 00:36:14,412 - fed_utils - INFO - client_dict[f_00009].weight : 0.100000
2024-11-15 00:36:14,412 - fed_utils - INFO - recover secret number by clients: 361.200000
2024-11-15 00:36:14,412 - server_base - INFO - Server aggregate model with homomorphic encryption ...
2024-11-15 00:36:17,473 - server_base - INFO - Server aggregate model done, cost time : 0m:3s:60ms
2024-11-15 00:36:17,812 - fed_utils - INFO - decrypting key [conv1.weight].shape [torch.Size([6, 1, 5, 5])]
2024-11-15 00:36:17,826 - fed_utils - INFO - decrypting key [conv1.bias].shape [torch.Size([6])]
2024-11-15 00:36:17,826 - fed_utils - INFO - decrypting key [conv2.weight].shape [torch.Size([16, 6, 5, 5])]
2024-11-15 00:36:17,826 - fed_utils - INFO - decrypting key [conv2.bias].shape [torch.Size([16])]
2024-11-15 00:36:17,826 - fed_utils - INFO - decrypting key [fc1.weight].shape [torch.Size([120, 400])]
2024-11-15 00:36:17,826 - fed_utils - INFO - decrypting key [fc1.bias].shape [torch.Size([120])]
2024-11-15 00:36:17,826 - fed_utils - INFO - decrypting key [fc2.weight].shape [torch.Size([84, 120])]
2024-11-15 00:36:17,826 - fed_utils - INFO - decrypting key [fc2.bias].shape [torch.Size([84])]
2024-11-15 00:36:19,726 - fed_utils - INFO - decrypting key [fc3.weight].shape [torch.Size([10, 84])]
2024-11-15 00:36:19,748 - fed_utils - INFO - decrypting key [fc3.bias].shape [torch.Size([10])]
2024-11-15 00:36:19,749 - fed_utils - INFO - decrypt time : [0m:2s:275ms]
2024-11-15 00:36:19,754 - fl_main - INFO - [global round : 2] aggregated model accuracy : 0.37820000000000004
2024-11-15 00:36:19,754 - fl_main - INFO - [global round : 2] aggregated model loss : 2.182764718460161
2024-11-15 00:36:19,754 - fl_main - INFO - global round : 3
2024-11-15 00:36:19,755 - fl_main - INFO - the random client id to test accuracy : f_00002
2024-11-15 00:36:19,755 - fl_main - INFO - ----- client id [f_00000] -----
2024-11-15 00:36:19,756 - client_base - INFO - recover model cost time : 0m:0s:0ms
2024-11-15 00:36:19,756 - fl_main - INFO - client_dict[f_00000] training ...
2024-11-15 00:36:19,756 - client_base - INFO - client_dict[f_00000] training epoch : 0
2024-11-15 00:36:20,408 - client_base - INFO - local model train cost time : 0m:0s:651ms
2024-11-15 00:36:20,409 - client_base - INFO - model encode time : 0m:0s:1ms
2024-11-15 00:36:20,410 - fl_main - INFO - client_dict[f_00000] local model encrypting ...
2024-11-15 00:36:21,594 - fed_utils - INFO - encrypting key [conv1.weight].length : 150, cost time : 0m:1s:184ms
2024-11-15 00:36:21,642 - fed_utils - INFO - encrypting key [conv1.bias].length : 6, cost time : 0m:0s:47ms
2024-11-15 00:36:21,642 - fed_utils - INFO - load key [conv2.weight].length : 2400, cost time : 0m:0s:0ms
2024-11-15 00:36:21,642 - fed_utils - INFO - load key [conv2.bias].length : 16, cost time : 0m:0s:0ms
2024-11-15 00:36:21,643 - fed_utils - INFO - load key [fc1.weight].length : 48000, cost time : 0m:0s:0ms
2024-11-15 00:36:21,643 - fed_utils - INFO - load key [fc1.bias].length : 120, cost time : 0m:0s:0ms
2024-11-15 00:36:21,643 - fed_utils - INFO - load key [fc2.weight].length : 10080, cost time : 0m:0s:0ms
2024-11-15 00:36:21,643 - fed_utils - INFO - load key [fc2.bias].length : 84, cost time : 0m:0s:0ms
2024-11-15 00:36:28,273 - fed_utils - INFO - encrypting key [fc3.weight].length : 840, cost time : 0m:6s:629ms
2024-11-15 00:36:28,352 - fed_utils - INFO - encrypting key [fc3.bias].length : 10, cost time : 0m:0s:79ms
2024-11-15 00:36:28,353 - fl_main - INFO - Server receive client_dict[f_00000] info ...
2024-11-15 00:36:28,353 - fl_main - INFO - ----- client id [f_00001] -----
2024-11-15 00:36:28,354 - client_base - INFO - recover model cost time : 0m:0s:0ms
2024-11-15 00:36:28,354 - fl_main - INFO - client_dict[f_00001] training ...
2024-11-15 00:36:28,355 - client_base - INFO - client_dict[f_00001] training epoch : 0
2024-11-15 00:36:28,861 - client_base - INFO - local model train cost time : 0m:0s:505ms
2024-11-15 00:36:28,862 - client_base - INFO - model encode time : 0m:0s:1ms
2024-11-15 00:36:28,863 - fl_main - INFO - client_dict[f_00001] local model encrypting ...
2024-11-15 00:36:30,045 - fed_utils - INFO - encrypting key [conv1.weight].length : 150, cost time : 0m:1s:182ms
2024-11-15 00:36:30,093 - fed_utils - INFO - encrypting key [conv1.bias].length : 6, cost time : 0m:0s:47ms
2024-11-15 00:36:30,093 - fed_utils - INFO - load key [conv2.weight].length : 2400, cost time : 0m:0s:0ms
2024-11-15 00:36:30,094 - fed_utils - INFO - load key [conv2.bias].length : 16, cost time : 0m:0s:0ms
2024-11-15 00:36:30,095 - fed_utils - INFO - load key [fc1.weight].length : 48000, cost time : 0m:0s:0ms
2024-11-15 00:36:30,095 - fed_utils - INFO - load key [fc1.bias].length : 120, cost time : 0m:0s:0ms
2024-11-15 00:36:30,095 - fed_utils - INFO - load key [fc2.weight].length : 10080, cost time : 0m:0s:0ms
2024-11-15 00:36:30,095 - fed_utils - INFO - load key [fc2.bias].length : 84, cost time : 0m:0s:0ms
2024-11-15 00:36:36,872 - fed_utils - INFO - encrypting key [fc3.weight].length : 840, cost time : 0m:6s:776ms
2024-11-15 00:36:36,951 - fed_utils - INFO - encrypting key [fc3.bias].length : 10, cost time : 0m:0s:79ms
2024-11-15 00:36:36,951 - fl_main - INFO - Server receive client_dict[f_00001] info ...
2024-11-15 00:36:36,952 - fl_main - INFO - ----- client id [f_00002] -----
2024-11-15 00:36:36,953 - client_base - INFO - recover model cost time : 0m:0s:0ms
2024-11-15 00:36:37,770 - fl_main - INFO - global round [3] client_dict[f_00002].accuracy : 0.532600
2024-11-15 00:36:37,770 - fl_main - INFO - client_dict[f_00002] training ...
2024-11-15 00:36:37,770 - client_base - INFO - client_dict[f_00002] training epoch : 0
2024-11-15 00:36:38,270 - client_base - INFO - local model train cost time : 0m:0s:499ms
2024-11-15 00:36:38,272 - client_base - INFO - model encode time : 0m:0s:1ms
2024-11-15 00:36:38,272 - fl_main - INFO - client_dict[f_00002] local model encrypting ...
2024-11-15 00:36:39,458 - fed_utils - INFO - encrypting key [conv1.weight].length : 150, cost time : 0m:1s:186ms
2024-11-15 00:36:39,506 - fed_utils - INFO - encrypting key [conv1.bias].length : 6, cost time : 0m:0s:48ms
2024-11-15 00:36:39,507 - fed_utils - INFO - load key [conv2.weight].length : 2400, cost time : 0m:0s:0ms
2024-11-15 00:36:39,507 - fed_utils - INFO - load key [conv2.bias].length : 16, cost time : 0m:0s:0ms
2024-11-15 00:36:39,508 - fed_utils - INFO - load key [fc1.weight].length : 48000, cost time : 0m:0s:0ms
2024-11-15 00:36:39,508 - fed_utils - INFO - load key [fc1.bias].length : 120, cost time : 0m:0s:0ms
2024-11-15 00:36:39,508 - fed_utils - INFO - load key [fc2.weight].length : 10080, cost time : 0m:0s:0ms
2024-11-15 00:36:39,508 - fed_utils - INFO - load key [fc2.bias].length : 84, cost time : 0m:0s:0ms
2024-11-15 00:36:46,132 - fed_utils - INFO - encrypting key [fc3.weight].length : 840, cost time : 0m:6s:624ms
2024-11-15 00:36:46,212 - fed_utils - INFO - encrypting key [fc3.bias].length : 10, cost time : 0m:0s:79ms
2024-11-15 00:36:46,212 - fl_main - INFO - Server receive client_dict[f_00002] info ...
2024-11-15 00:36:46,212 - fl_main - INFO - ----- client id [f_00003] -----
2024-11-15 00:36:46,213 - client_base - INFO - recover model cost time : 0m:0s:0ms
2024-11-15 00:36:46,213 - fl_main - INFO - client_dict[f_00003] training ...
2024-11-15 00:36:46,214 - client_base - INFO - client_dict[f_00003] training epoch : 0
2024-11-15 00:36:46,721 - client_base - INFO - local model train cost time : 0m:0s:507ms
2024-11-15 00:36:46,723 - client_base - INFO - model encode time : 0m:0s:1ms
2024-11-15 00:36:46,723 - fl_main - INFO - client_dict[f_00003] local model encrypting ...
2024-11-15 00:36:47,910 - fed_utils - INFO - encrypting key [conv1.weight].length : 150, cost time : 0m:1s:186ms
2024-11-15 00:36:47,958 - fed_utils - INFO - encrypting key [conv1.bias].length : 6, cost time : 0m:0s:47ms
2024-11-15 00:36:47,958 - fed_utils - INFO - load key [conv2.weight].length : 2400, cost time : 0m:0s:0ms
2024-11-15 00:36:47,958 - fed_utils - INFO - load key [conv2.bias].length : 16, cost time : 0m:0s:0ms
2024-11-15 00:36:47,959 - fed_utils - INFO - load key [fc1.weight].length : 48000, cost time : 0m:0s:0ms
2024-11-15 00:36:47,959 - fed_utils - INFO - load key [fc1.bias].length : 120, cost time : 0m:0s:0ms
2024-11-15 00:36:47,959 - fed_utils - INFO - load key [fc2.weight].length : 10080, cost time : 0m:0s:0ms
2024-11-15 00:36:47,959 - fed_utils - INFO - load key [fc2.bias].length : 84, cost time : 0m:0s:0ms
2024-11-15 00:36:54,722 - fed_utils - INFO - encrypting key [fc3.weight].length : 840, cost time : 0m:6s:762ms
2024-11-15 00:36:54,801 - fed_utils - INFO - encrypting key [fc3.bias].length : 10, cost time : 0m:0s:79ms
2024-11-15 00:36:54,801 - fl_main - INFO - Server receive client_dict[f_00003] info ...
2024-11-15 00:36:54,801 - fl_main - INFO - ----- client id [f_00004] -----
2024-11-15 00:36:54,802 - client_base - INFO - recover model cost time : 0m:0s:0ms
2024-11-15 00:36:54,802 - fl_main - INFO - client_dict[f_00004] training ...
2024-11-15 00:36:54,803 - client_base - INFO - client_dict[f_00004] training epoch : 0
2024-11-15 00:36:55,294 - client_base - INFO - local model train cost time : 0m:0s:491ms
2024-11-15 00:36:55,296 - client_base - INFO - model encode time : 0m:0s:1ms
2024-11-15 00:36:55,296 - fl_main - INFO - client_dict[f_00004] local model encrypting ...
2024-11-15 00:36:56,479 - fed_utils - INFO - encrypting key [conv1.weight].length : 150, cost time : 0m:1s:183ms
2024-11-15 00:36:56,527 - fed_utils - INFO - encrypting key [conv1.bias].length : 6, cost time : 0m:0s:47ms
2024-11-15 00:36:56,527 - fed_utils - INFO - load key [conv2.weight].length : 2400, cost time : 0m:0s:0ms
2024-11-15 00:36:56,527 - fed_utils - INFO - load key [conv2.bias].length : 16, cost time : 0m:0s:0ms
2024-11-15 00:36:56,528 - fed_utils - INFO - load key [fc1.weight].length : 48000, cost time : 0m:0s:0ms
2024-11-15 00:36:56,528 - fed_utils - INFO - load key [fc1.bias].length : 120, cost time : 0m:0s:0ms
2024-11-15 00:36:56,528 - fed_utils - INFO - load key [fc2.weight].length : 10080, cost time : 0m:0s:0ms
2024-11-15 00:36:56,528 - fed_utils - INFO - load key [fc2.bias].length : 84, cost time : 0m:0s:0ms
2024-11-15 00:37:03,152 - fed_utils - INFO - encrypting key [fc3.weight].length : 840, cost time : 0m:6s:623ms
2024-11-15 00:37:03,231 - fed_utils - INFO - encrypting key [fc3.bias].length : 10, cost time : 0m:0s:79ms
2024-11-15 00:37:03,232 - fl_main - INFO - Server receive client_dict[f_00004] info ...
2024-11-15 00:37:03,232 - fl_main - INFO - ----- client id [f_00005] -----
2024-11-15 00:37:03,233 - client_base - INFO - recover model cost time : 0m:0s:0ms
2024-11-15 00:37:03,233 - fl_main - INFO - client_dict[f_00005] training ...
2024-11-15 00:37:03,234 - client_base - INFO - client_dict[f_00005] training epoch : 0
2024-11-15 00:37:03,722 - client_base - INFO - local model train cost time : 0m:0s:488ms
2024-11-15 00:37:03,723 - client_base - INFO - model encode time : 0m:0s:1ms
2024-11-15 00:37:03,724 - fl_main - INFO - client_dict[f_00005] local model encrypting ...
2024-11-15 00:37:04,907 - fed_utils - INFO - encrypting key [conv1.weight].length : 150, cost time : 0m:1s:183ms
2024-11-15 00:37:04,985 - fed_utils - INFO - encrypting key [conv1.bias].length : 6, cost time : 0m:0s:77ms
2024-11-15 00:37:04,985 - fed_utils - INFO - load key [conv2.weight].length : 2400, cost time : 0m:0s:0ms
2024-11-15 00:37:04,985 - fed_utils - INFO - load key [conv2.bias].length : 16, cost time : 0m:0s:0ms
2024-11-15 00:37:04,987 - fed_utils - INFO - load key [fc1.weight].length : 48000, cost time : 0m:0s:1ms
2024-11-15 00:37:04,987 - fed_utils - INFO - load key [fc1.bias].length : 120, cost time : 0m:0s:0ms
2024-11-15 00:37:04,987 - fed_utils - INFO - load key [fc2.weight].length : 10080, cost time : 0m:0s:0ms
2024-11-15 00:37:04,988 - fed_utils - INFO - load key [fc2.bias].length : 84, cost time : 0m:0s:0ms
2024-11-15 00:37:11,737 - fed_utils - INFO - encrypting key [fc3.weight].length : 840, cost time : 0m:6s:749ms
2024-11-15 00:37:11,816 - fed_utils - INFO - encrypting key [fc3.bias].length : 10, cost time : 0m:0s:79ms
2024-11-15 00:37:11,816 - fl_main - INFO - Server receive client_dict[f_00005] info ...
2024-11-15 00:37:11,816 - fl_main - INFO - ----- client id [f_00006] -----
2024-11-15 00:37:11,817 - client_base - INFO - recover model cost time : 0m:0s:0ms
2024-11-15 00:37:11,818 - fl_main - INFO - client_dict[f_00006] training ...
2024-11-15 00:37:11,818 - client_base - INFO - client_dict[f_00006] training epoch : 0
2024-11-15 00:37:12,318 - client_base - INFO - local model train cost time : 0m:0s:499ms
2024-11-15 00:37:12,319 - client_base - INFO - model encode time : 0m:0s:1ms
2024-11-15 00:37:12,319 - fl_main - INFO - client_dict[f_00006] local model encrypting ...
2024-11-15 00:37:13,503 - fed_utils - INFO - encrypting key [conv1.weight].length : 150, cost time : 0m:1s:183ms
2024-11-15 00:37:13,550 - fed_utils - INFO - encrypting key [conv1.bias].length : 6, cost time : 0m:0s:47ms
2024-11-15 00:37:13,551 - fed_utils - INFO - load key [conv2.weight].length : 2400, cost time : 0m:0s:0ms
2024-11-15 00:37:13,551 - fed_utils - INFO - load key [conv2.bias].length : 16, cost time : 0m:0s:0ms
2024-11-15 00:37:13,552 - fed_utils - INFO - load key [fc1.weight].length : 48000, cost time : 0m:0s:0ms
2024-11-15 00:37:13,552 - fed_utils - INFO - load key [fc1.bias].length : 120, cost time : 0m:0s:0ms
2024-11-15 00:37:13,552 - fed_utils - INFO - load key [fc2.weight].length : 10080, cost time : 0m:0s:0ms
2024-11-15 00:37:13,552 - fed_utils - INFO - load key [fc2.bias].length : 84, cost time : 0m:0s:0ms
2024-11-15 00:37:20,306 - fed_utils - INFO - encrypting key [fc3.weight].length : 840, cost time : 0m:6s:754ms
2024-11-15 00:37:20,385 - fed_utils - INFO - encrypting key [fc3.bias].length : 10, cost time : 0m:0s:79ms
2024-11-15 00:37:20,385 - fl_main - INFO - Server receive client_dict[f_00006] info ...
2024-11-15 00:37:20,386 - fl_main - INFO - ----- client id [f_00007] -----
2024-11-15 00:37:20,387 - client_base - INFO - recover model cost time : 0m:0s:0ms
2024-11-15 00:37:20,387 - fl_main - INFO - client_dict[f_00007] training ...
2024-11-15 00:37:20,388 - client_base - INFO - client_dict[f_00007] training epoch : 0
2024-11-15 00:37:20,899 - client_base - INFO - local model train cost time : 0m:0s:511ms
2024-11-15 00:37:20,901 - client_base - INFO - model encode time : 0m:0s:1ms
2024-11-15 00:37:20,901 - fl_main - INFO - client_dict[f_00007] local model encrypting ...
2024-11-15 00:37:22,084 - fed_utils - INFO - encrypting key [conv1.weight].length : 150, cost time : 0m:1s:182ms
2024-11-15 00:37:22,132 - fed_utils - INFO - encrypting key [conv1.bias].length : 6, cost time : 0m:0s:47ms
2024-11-15 00:37:22,132 - fed_utils - INFO - load key [conv2.weight].length : 2400, cost time : 0m:0s:0ms
2024-11-15 00:37:22,132 - fed_utils - INFO - load key [conv2.bias].length : 16, cost time : 0m:0s:0ms
2024-11-15 00:37:22,133 - fed_utils - INFO - load key [fc1.weight].length : 48000, cost time : 0m:0s:1ms
2024-11-15 00:37:22,133 - fed_utils - INFO - load key [fc1.bias].length : 120, cost time : 0m:0s:0ms
2024-11-15 00:37:22,133 - fed_utils - INFO - load key [fc2.weight].length : 10080, cost time : 0m:0s:0ms
2024-11-15 00:37:22,133 - fed_utils - INFO - load key [fc2.bias].length : 84, cost time : 0m:0s:0ms
2024-11-15 00:37:28,759 - fed_utils - INFO - encrypting key [fc3.weight].length : 840, cost time : 0m:6s:625ms
2024-11-15 00:37:28,838 - fed_utils - INFO - encrypting key [fc3.bias].length : 10, cost time : 0m:0s:79ms
2024-11-15 00:37:28,838 - fl_main - INFO - Server receive client_dict[f_00007] info ...
2024-11-15 00:37:28,839 - fl_main - INFO - ----- client id [f_00008] -----
2024-11-15 00:37:28,840 - client_base - INFO - recover model cost time : 0m:0s:0ms
2024-11-15 00:37:28,840 - fl_main - INFO - client_dict[f_00008] training ...
2024-11-15 00:37:28,841 - client_base - INFO - client_dict[f_00008] training epoch : 0
2024-11-15 00:37:29,346 - client_base - INFO - local model train cost time : 0m:0s:504ms
2024-11-15 00:37:29,347 - client_base - INFO - model encode time : 0m:0s:1ms
2024-11-15 00:37:29,347 - fl_main - INFO - client_dict[f_00008] local model encrypting ...
2024-11-15 00:37:30,532 - fed_utils - INFO - encrypting key [conv1.weight].length : 150, cost time : 0m:1s:184ms
2024-11-15 00:37:30,580 - fed_utils - INFO - encrypting key [conv1.bias].length : 6, cost time : 0m:0s:47ms
2024-11-15 00:37:30,580 - fed_utils - INFO - load key [conv2.weight].length : 2400, cost time : 0m:0s:0ms
2024-11-15 00:37:30,580 - fed_utils - INFO - load key [conv2.bias].length : 16, cost time : 0m:0s:0ms
2024-11-15 00:37:30,581 - fed_utils - INFO - load key [fc1.weight].length : 48000, cost time : 0m:0s:1ms
2024-11-15 00:37:30,581 - fed_utils - INFO - load key [fc1.bias].length : 120, cost time : 0m:0s:0ms
2024-11-15 00:37:30,582 - fed_utils - INFO - load key [fc2.weight].length : 10080, cost time : 0m:0s:0ms
2024-11-15 00:37:30,582 - fed_utils - INFO - load key [fc2.bias].length : 84, cost time : 0m:0s:0ms
2024-11-15 00:37:37,385 - fed_utils - INFO - encrypting key [fc3.weight].length : 840, cost time : 0m:6s:802ms
2024-11-15 00:37:37,464 - fed_utils - INFO - encrypting key [fc3.bias].length : 10, cost time : 0m:0s:79ms
2024-11-15 00:37:37,464 - fl_main - INFO - Server receive client_dict[f_00008] info ...
2024-11-15 00:37:37,464 - fl_main - INFO - ----- client id [f_00009] -----
2024-11-15 00:37:37,466 - client_base - INFO - recover model cost time : 0m:0s:0ms
2024-11-15 00:37:37,466 - fl_main - INFO - client_dict[f_00009] training ...
2024-11-15 00:37:37,467 - client_base - INFO - client_dict[f_00009] training epoch : 0
2024-11-15 00:37:37,989 - client_base - INFO - local model train cost time : 0m:0s:521ms
2024-11-15 00:37:37,990 - client_base - INFO - model encode time : 0m:0s:1ms
2024-11-15 00:37:37,990 - fl_main - INFO - client_dict[f_00009] local model encrypting ...
2024-11-15 00:37:39,173 - fed_utils - INFO - encrypting key [conv1.weight].length : 150, cost time : 0m:1s:182ms
2024-11-15 00:37:39,221 - fed_utils - INFO - encrypting key [conv1.bias].length : 6, cost time : 0m:0s:47ms
2024-11-15 00:37:39,221 - fed_utils - INFO - load key [conv2.weight].length : 2400, cost time : 0m:0s:0ms
2024-11-15 00:37:39,221 - fed_utils - INFO - load key [conv2.bias].length : 16, cost time : 0m:0s:0ms
2024-11-15 00:37:39,222 - fed_utils - INFO - load key [fc1.weight].length : 48000, cost time : 0m:0s:1ms
2024-11-15 00:37:39,222 - fed_utils - INFO - load key [fc1.bias].length : 120, cost time : 0m:0s:0ms
2024-11-15 00:37:39,223 - fed_utils - INFO - load key [fc2.weight].length : 10080, cost time : 0m:0s:0ms
2024-11-15 00:37:39,223 - fed_utils - INFO - load key [fc2.bias].length : 84, cost time : 0m:0s:0ms
2024-11-15 00:37:45,847 - fed_utils - INFO - encrypting key [fc3.weight].length : 840, cost time : 0m:6s:624ms
2024-11-15 00:37:45,926 - fed_utils - INFO - encrypting key [fc3.bias].length : 10, cost time : 0m:0s:79ms
2024-11-15 00:37:45,926 - fl_main - INFO - Server receive client_dict[f_00009] info ...
2024-11-15 00:37:45,926 - fl_main - INFO - global aggregation process ...
2024-11-15 00:37:45,927 - fed_utils - INFO - server.n_data : 60000
2024-11-15 00:37:45,927 - fed_utils - INFO - client_dict[f_00000].weight : 0.100000
2024-11-15 00:37:45,927 - fed_utils - INFO - client_dict[f_00001].weight : 0.100000
2024-11-15 00:37:45,927 - fed_utils - INFO - client_dict[f_00002].weight : 0.100000
2024-11-15 00:37:45,927 - fed_utils - INFO - client_dict[f_00003].weight : 0.100000
2024-11-15 00:37:45,927 - fed_utils - INFO - client_dict[f_00004].weight : 0.100000
2024-11-15 00:37:45,927 - fed_utils - INFO - client_dict[f_00005].weight : 0.100000
2024-11-15 00:37:45,927 - fed_utils - INFO - client_dict[f_00006].weight : 0.100000
2024-11-15 00:37:45,927 - fed_utils - INFO - client_dict[f_00007].weight : 0.100000
2024-11-15 00:37:45,927 - fed_utils - INFO - client_dict[f_00008].weight : 0.100000
2024-11-15 00:37:45,927 - fed_utils - INFO - client_dict[f_00009].weight : 0.100000
2024-11-15 00:37:45,927 - fed_utils - INFO - recover secret number by clients: 361.200000
2024-11-15 00:37:45,927 - server_base - INFO - Server aggregate model with homomorphic encryption ...
2024-11-15 00:37:48,990 - server_base - INFO - Server aggregate model done, cost time : 0m:3s:62ms
2024-11-15 00:37:49,329 - fed_utils - INFO - decrypting key [conv1.weight].shape [torch.Size([6, 1, 5, 5])]
2024-11-15 00:37:49,343 - fed_utils - INFO - decrypting key [conv1.bias].shape [torch.Size([6])]
2024-11-15 00:37:49,343 - fed_utils - INFO - decrypting key [conv2.weight].shape [torch.Size([16, 6, 5, 5])]
2024-11-15 00:37:49,343 - fed_utils - INFO - decrypting key [conv2.bias].shape [torch.Size([16])]
2024-11-15 00:37:49,343 - fed_utils - INFO - decrypting key [fc1.weight].shape [torch.Size([120, 400])]
2024-11-15 00:37:49,343 - fed_utils - INFO - decrypting key [fc1.bias].shape [torch.Size([120])]
2024-11-15 00:37:49,343 - fed_utils - INFO - decrypting key [fc2.weight].shape [torch.Size([84, 120])]
2024-11-15 00:37:49,343 - fed_utils - INFO - decrypting key [fc2.bias].shape [torch.Size([84])]
2024-11-15 00:37:51,374 - fed_utils - INFO - decrypting key [fc3.weight].shape [torch.Size([10, 84])]
2024-11-15 00:37:51,397 - fed_utils - INFO - decrypting key [fc3.bias].shape [torch.Size([10])]
2024-11-15 00:37:51,397 - fed_utils - INFO - decrypt time : [0m:2s:407ms]
2024-11-15 00:37:51,402 - fl_main - INFO - [global round : 3] aggregated model accuracy : 0.5326000000000001
2024-11-15 00:37:51,402 - fl_main - INFO - [global round : 3] aggregated model loss : 1.788607086569405
2024-11-15 00:37:51,403 - fl_main - INFO - global round : 4
2024-11-15 00:37:51,403 - fl_main - INFO - the random client id to test accuracy : f_00009
2024-11-15 00:37:51,403 - fl_main - INFO - ----- client id [f_00000] -----
2024-11-15 00:37:51,404 - client_base - INFO - recover model cost time : 0m:0s:0ms
2024-11-15 00:37:51,404 - fl_main - INFO - client_dict[f_00000] training ...
2024-11-15 00:37:51,405 - client_base - INFO - client_dict[f_00000] training epoch : 0
2024-11-15 00:37:51,910 - client_base - INFO - local model train cost time : 0m:0s:504ms
2024-11-15 00:37:51,912 - client_base - INFO - model encode time : 0m:0s:1ms
2024-11-15 00:37:51,912 - fl_main - INFO - client_dict[f_00000] local model encrypting ...
2024-11-15 00:37:53,098 - fed_utils - INFO - encrypting key [conv1.weight].length : 150, cost time : 0m:1s:186ms
2024-11-15 00:37:53,147 - fed_utils - INFO - encrypting key [conv1.bias].length : 6, cost time : 0m:0s:48ms
2024-11-15 00:37:53,147 - fed_utils - INFO - load key [conv2.weight].length : 2400, cost time : 0m:0s:0ms
2024-11-15 00:37:53,147 - fed_utils - INFO - load key [conv2.bias].length : 16, cost time : 0m:0s:0ms
2024-11-15 00:37:53,148 - fed_utils - INFO - load key [fc1.weight].length : 48000, cost time : 0m:0s:0ms
2024-11-15 00:37:53,148 - fed_utils - INFO - load key [fc1.bias].length : 120, cost time : 0m:0s:0ms
2024-11-15 00:37:53,148 - fed_utils - INFO - load key [fc2.weight].length : 10080, cost time : 0m:0s:0ms
2024-11-15 00:37:53,148 - fed_utils - INFO - load key [fc2.bias].length : 84, cost time : 0m:0s:0ms
2024-11-15 00:37:59,778 - fed_utils - INFO - encrypting key [fc3.weight].length : 840, cost time : 0m:6s:630ms
2024-11-15 00:37:59,858 - fed_utils - INFO - encrypting key [fc3.bias].length : 10, cost time : 0m:0s:79ms
2024-11-15 00:37:59,859 - fl_main - INFO - Server receive client_dict[f_00000] info ...
2024-11-15 00:37:59,859 - fl_main - INFO - ----- client id [f_00001] -----
2024-11-15 00:37:59,861 - client_base - INFO - recover model cost time : 0m:0s:0ms
2024-11-15 00:37:59,861 - fl_main - INFO - client_dict[f_00001] training ...
2024-11-15 00:37:59,861 - client_base - INFO - client_dict[f_00001] training epoch : 0
2024-11-15 00:38:00,377 - client_base - INFO - local model train cost time : 0m:0s:515ms
2024-11-15 00:38:00,378 - client_base - INFO - model encode time : 0m:0s:1ms
2024-11-15 00:38:00,379 - fl_main - INFO - client_dict[f_00001] local model encrypting ...
2024-11-15 00:38:01,562 - fed_utils - INFO - encrypting key [conv1.weight].length : 150, cost time : 0m:1s:182ms
2024-11-15 00:38:01,610 - fed_utils - INFO - encrypting key [conv1.bias].length : 6, cost time : 0m:0s:48ms
2024-11-15 00:38:01,610 - fed_utils - INFO - load key [conv2.weight].length : 2400, cost time : 0m:0s:0ms
2024-11-15 00:38:01,610 - fed_utils - INFO - load key [conv2.bias].length : 16, cost time : 0m:0s:0ms
2024-11-15 00:38:01,611 - fed_utils - INFO - load key [fc1.weight].length : 48000, cost time : 0m:0s:0ms
2024-11-15 00:38:01,611 - fed_utils - INFO - load key [fc1.bias].length : 120, cost time : 0m:0s:0ms
2024-11-15 00:38:01,612 - fed_utils - INFO - load key [fc2.weight].length : 10080, cost time : 0m:0s:0ms
2024-11-15 00:38:01,612 - fed_utils - INFO - load key [fc2.bias].length : 84, cost time : 0m:0s:0ms
2024-11-15 00:38:08,380 - fed_utils - INFO - encrypting key [fc3.weight].length : 840, cost time : 0m:6s:768ms
2024-11-15 00:38:08,459 - fed_utils - INFO - encrypting key [fc3.bias].length : 10, cost time : 0m:0s:79ms
2024-11-15 00:38:08,459 - fl_main - INFO - Server receive client_dict[f_00001] info ...
2024-11-15 00:38:08,459 - fl_main - INFO - ----- client id [f_00002] -----
2024-11-15 00:38:08,460 - client_base - INFO - recover model cost time : 0m:0s:0ms
2024-11-15 00:38:08,461 - fl_main - INFO - client_dict[f_00002] training ...
2024-11-15 00:38:08,461 - client_base - INFO - client_dict[f_00002] training epoch : 0
2024-11-15 00:38:08,980 - client_base - INFO - local model train cost time : 0m:0s:518ms
2024-11-15 00:38:08,981 - client_base - INFO - model encode time : 0m:0s:1ms
2024-11-15 00:38:08,982 - fl_main - INFO - client_dict[f_00002] local model encrypting ...
2024-11-15 00:38:10,170 - fed_utils - INFO - encrypting key [conv1.weight].length : 150, cost time : 0m:1s:187ms
2024-11-15 00:38:10,218 - fed_utils - INFO - encrypting key [conv1.bias].length : 6, cost time : 0m:0s:48ms
2024-11-15 00:38:10,218 - fed_utils - INFO - load key [conv2.weight].length : 2400, cost time : 0m:0s:0ms
2024-11-15 00:38:10,218 - fed_utils - INFO - load key [conv2.bias].length : 16, cost time : 0m:0s:0ms
2024-11-15 00:38:10,219 - fed_utils - INFO - load key [fc1.weight].length : 48000, cost time : 0m:0s:0ms
2024-11-15 00:38:10,219 - fed_utils - INFO - load key [fc1.bias].length : 120, cost time : 0m:0s:0ms
2024-11-15 00:38:10,220 - fed_utils - INFO - load key [fc2.weight].length : 10080, cost time : 0m:0s:0ms
2024-11-15 00:38:10,220 - fed_utils - INFO - load key [fc2.bias].length : 84, cost time : 0m:0s:0ms
2024-11-15 00:38:16,849 - fed_utils - INFO - encrypting key [fc3.weight].length : 840, cost time : 0m:6s:629ms
2024-11-15 00:38:16,928 - fed_utils - INFO - encrypting key [fc3.bias].length : 10, cost time : 0m:0s:79ms
2024-11-15 00:38:16,928 - fl_main - INFO - Server receive client_dict[f_00002] info ...
2024-11-15 00:38:16,928 - fl_main - INFO - ----- client id [f_00003] -----
2024-11-15 00:38:16,930 - client_base - INFO - recover model cost time : 0m:0s:0ms
2024-11-15 00:38:16,930 - fl_main - INFO - client_dict[f_00003] training ...
2024-11-15 00:38:16,930 - client_base - INFO - client_dict[f_00003] training epoch : 0
2024-11-15 00:38:17,425 - client_base - INFO - local model train cost time : 0m:0s:494ms
2024-11-15 00:38:17,426 - client_base - INFO - model encode time : 0m:0s:1ms
2024-11-15 00:38:17,427 - fl_main - INFO - client_dict[f_00003] local model encrypting ...
2024-11-15 00:38:18,609 - fed_utils - INFO - encrypting key [conv1.weight].length : 150, cost time : 0m:1s:182ms
2024-11-15 00:38:18,657 - fed_utils - INFO - encrypting key [conv1.bias].length : 6, cost time : 0m:0s:47ms
2024-11-15 00:38:18,657 - fed_utils - INFO - load key [conv2.weight].length : 2400, cost time : 0m:0s:0ms
2024-11-15 00:38:18,657 - fed_utils - INFO - load key [conv2.bias].length : 16, cost time : 0m:0s:0ms
2024-11-15 00:38:18,658 - fed_utils - INFO - load key [fc1.weight].length : 48000, cost time : 0m:0s:0ms
2024-11-15 00:38:18,658 - fed_utils - INFO - load key [fc1.bias].length : 120, cost time : 0m:0s:0ms
2024-11-15 00:38:18,658 - fed_utils - INFO - load key [fc2.weight].length : 10080, cost time : 0m:0s:0ms
2024-11-15 00:38:18,659 - fed_utils - INFO - load key [fc2.bias].length : 84, cost time : 0m:0s:0ms
2024-11-15 00:38:25,407 - fed_utils - INFO - encrypting key [fc3.weight].length : 840, cost time : 0m:6s:748ms
2024-11-15 00:38:25,486 - fed_utils - INFO - encrypting key [fc3.bias].length : 10, cost time : 0m:0s:79ms
2024-11-15 00:38:25,486 - fl_main - INFO - Server receive client_dict[f_00003] info ...
2024-11-15 00:38:25,486 - fl_main - INFO - ----- client id [f_00004] -----
2024-11-15 00:38:25,487 - client_base - INFO - recover model cost time : 0m:0s:0ms
2024-11-15 00:38:25,487 - fl_main - INFO - client_dict[f_00004] training ...
2024-11-15 00:38:25,488 - client_base - INFO - client_dict[f_00004] training epoch : 0
2024-11-15 00:38:25,991 - client_base - INFO - local model train cost time : 0m:0s:503ms
2024-11-15 00:38:25,993 - client_base - INFO - model encode time : 0m:0s:1ms
2024-11-15 00:38:25,993 - fl_main - INFO - client_dict[f_00004] local model encrypting ...
2024-11-15 00:38:27,176 - fed_utils - INFO - encrypting key [conv1.weight].length : 150, cost time : 0m:1s:182ms
2024-11-15 00:38:27,224 - fed_utils - INFO - encrypting key [conv1.bias].length : 6, cost time : 0m:0s:47ms
2024-11-15 00:38:27,224 - fed_utils - INFO - load key [conv2.weight].length : 2400, cost time : 0m:0s:0ms
2024-11-15 00:38:27,224 - fed_utils - INFO - load key [conv2.bias].length : 16, cost time : 0m:0s:0ms
2024-11-15 00:38:27,225 - fed_utils - INFO - load key [fc1.weight].length : 48000, cost time : 0m:0s:0ms
2024-11-15 00:38:27,225 - fed_utils - INFO - load key [fc1.bias].length : 120, cost time : 0m:0s:0ms
2024-11-15 00:38:27,225 - fed_utils - INFO - load key [fc2.weight].length : 10080, cost time : 0m:0s:0ms
2024-11-15 00:38:27,225 - fed_utils - INFO - load key [fc2.bias].length : 84, cost time : 0m:0s:0ms
2024-11-15 00:38:33,849 - fed_utils - INFO - encrypting key [fc3.weight].length : 840, cost time : 0m:6s:623ms
2024-11-15 00:38:33,929 - fed_utils - INFO - encrypting key [fc3.bias].length : 10, cost time : 0m:0s:79ms
2024-11-15 00:38:33,929 - fl_main - INFO - Server receive client_dict[f_00004] info ...
2024-11-15 00:38:33,929 - fl_main - INFO - ----- client id [f_00005] -----
2024-11-15 00:38:33,930 - client_base - INFO - recover model cost time : 0m:0s:0ms
2024-11-15 00:38:33,930 - fl_main - INFO - client_dict[f_00005] training ...
2024-11-15 00:38:33,931 - client_base - INFO - client_dict[f_00005] training epoch : 0
2024-11-15 00:38:34,427 - client_base - INFO - local model train cost time : 0m:0s:495ms
2024-11-15 00:38:34,428 - client_base - INFO - model encode time : 0m:0s:1ms
2024-11-15 00:38:34,428 - fl_main - INFO - client_dict[f_00005] local model encrypting ...
2024-11-15 00:38:35,773 - fed_utils - INFO - encrypting key [conv1.weight].length : 150, cost time : 0m:1s:344ms
2024-11-15 00:38:35,821 - fed_utils - INFO - encrypting key [conv1.bias].length : 6, cost time : 0m:0s:47ms
2024-11-15 00:38:35,821 - fed_utils - INFO - load key [conv2.weight].length : 2400, cost time : 0m:0s:0ms
2024-11-15 00:38:35,821 - fed_utils - INFO - load key [conv2.bias].length : 16, cost time : 0m:0s:0ms
2024-11-15 00:38:35,822 - fed_utils - INFO - load key [fc1.weight].length : 48000, cost time : 0m:0s:0ms
2024-11-15 00:38:35,822 - fed_utils - INFO - load key [fc1.bias].length : 120, cost time : 0m:0s:0ms
2024-11-15 00:38:35,822 - fed_utils - INFO - load key [fc2.weight].length : 10080, cost time : 0m:0s:0ms
2024-11-15 00:38:35,822 - fed_utils - INFO - load key [fc2.bias].length : 84, cost time : 0m:0s:0ms
2024-11-15 00:38:42,450 - fed_utils - INFO - encrypting key [fc3.weight].length : 840, cost time : 0m:6s:628ms
2024-11-15 00:38:42,530 - fed_utils - INFO - encrypting key [fc3.bias].length : 10, cost time : 0m:0s:79ms
2024-11-15 00:38:42,530 - fl_main - INFO - Server receive client_dict[f_00005] info ...
2024-11-15 00:38:42,530 - fl_main - INFO - ----- client id [f_00006] -----
2024-11-15 00:38:42,531 - client_base - INFO - recover model cost time : 0m:0s:0ms
2024-11-15 00:38:42,531 - fl_main - INFO - client_dict[f_00006] training ...
2024-11-15 00:38:42,532 - client_base - INFO - client_dict[f_00006] training epoch : 0
2024-11-15 00:38:43,034 - client_base - INFO - local model train cost time : 0m:0s:502ms
2024-11-15 00:38:43,035 - client_base - INFO - model encode time : 0m:0s:1ms
2024-11-15 00:38:43,035 - fl_main - INFO - client_dict[f_00006] local model encrypting ...
2024-11-15 00:38:44,219 - fed_utils - INFO - encrypting key [conv1.weight].length : 150, cost time : 0m:1s:183ms
2024-11-15 00:38:44,267 - fed_utils - INFO - encrypting key [conv1.bias].length : 6, cost time : 0m:0s:47ms
2024-11-15 00:38:44,267 - fed_utils - INFO - load key [conv2.weight].length : 2400, cost time : 0m:0s:0ms
2024-11-15 00:38:44,267 - fed_utils - INFO - load key [conv2.bias].length : 16, cost time : 0m:0s:0ms
2024-11-15 00:38:44,268 - fed_utils - INFO - load key [fc1.weight].length : 48000, cost time : 0m:0s:0ms
2024-11-15 00:38:44,268 - fed_utils - INFO - load key [fc1.bias].length : 120, cost time : 0m:0s:0ms
2024-11-15 00:38:44,268 - fed_utils - INFO - load key [fc2.weight].length : 10080, cost time : 0m:0s:0ms
2024-11-15 00:38:44,268 - fed_utils - INFO - load key [fc2.bias].length : 84, cost time : 0m:0s:0ms
2024-11-15 00:38:51,057 - fed_utils - INFO - encrypting key [fc3.weight].length : 840, cost time : 0m:6s:788ms
2024-11-15 00:38:51,136 - fed_utils - INFO - encrypting key [fc3.bias].length : 10, cost time : 0m:0s:79ms
2024-11-15 00:38:51,136 - fl_main - INFO - Server receive client_dict[f_00006] info ...
2024-11-15 00:38:51,136 - fl_main - INFO - ----- client id [f_00007] -----
2024-11-15 00:38:51,137 - client_base - INFO - recover model cost time : 0m:0s:0ms
2024-11-15 00:38:51,137 - fl_main - INFO - client_dict[f_00007] training ...
2024-11-15 00:38:51,138 - client_base - INFO - client_dict[f_00007] training epoch : 0
2024-11-15 00:38:51,646 - client_base - INFO - local model train cost time : 0m:0s:508ms
2024-11-15 00:38:51,648 - client_base - INFO - model encode time : 0m:0s:1ms
2024-11-15 00:38:51,648 - fl_main - INFO - client_dict[f_00007] local model encrypting ...
2024-11-15 00:38:52,831 - fed_utils - INFO - encrypting key [conv1.weight].length : 150, cost time : 0m:1s:182ms
2024-11-15 00:38:52,879 - fed_utils - INFO - encrypting key [conv1.bias].length : 6, cost time : 0m:0s:48ms
2024-11-15 00:38:52,880 - fed_utils - INFO - load key [conv2.weight].length : 2400, cost time : 0m:0s:0ms
2024-11-15 00:38:52,880 - fed_utils - INFO - load key [conv2.bias].length : 16, cost time : 0m:0s:0ms
2024-11-15 00:38:52,881 - fed_utils - INFO - load key [fc1.weight].length : 48000, cost time : 0m:0s:0ms
2024-11-15 00:38:52,881 - fed_utils - INFO - load key [fc1.bias].length : 120, cost time : 0m:0s:0ms
2024-11-15 00:38:52,881 - fed_utils - INFO - load key [fc2.weight].length : 10080, cost time : 0m:0s:0ms
2024-11-15 00:38:52,881 - fed_utils - INFO - load key [fc2.bias].length : 84, cost time : 0m:0s:0ms
2024-11-15 00:38:59,509 - fed_utils - INFO - encrypting key [fc3.weight].length : 840, cost time : 0m:6s:628ms
2024-11-15 00:38:59,589 - fed_utils - INFO - encrypting key [fc3.bias].length : 10, cost time : 0m:0s:79ms
2024-11-15 00:38:59,589 - fl_main - INFO - Server receive client_dict[f_00007] info ...
2024-11-15 00:38:59,589 - fl_main - INFO - ----- client id [f_00008] -----
2024-11-15 00:38:59,590 - client_base - INFO - recover model cost time : 0m:0s:0ms
2024-11-15 00:38:59,590 - fl_main - INFO - client_dict[f_00008] training ...
2024-11-15 00:38:59,591 - client_base - INFO - client_dict[f_00008] training epoch : 0
2024-11-15 00:39:00,098 - client_base - INFO - local model train cost time : 0m:0s:506ms
2024-11-15 00:39:00,099 - client_base - INFO - model encode time : 0m:0s:1ms
2024-11-15 00:39:00,100 - fl_main - INFO - client_dict[f_00008] local model encrypting ...
2024-11-15 00:39:01,283 - fed_utils - INFO - encrypting key [conv1.weight].length : 150, cost time : 0m:1s:183ms
2024-11-15 00:39:01,332 - fed_utils - INFO - encrypting key [conv1.bias].length : 6, cost time : 0m:0s:48ms
2024-11-15 00:39:01,332 - fed_utils - INFO - load key [conv2.weight].length : 2400, cost time : 0m:0s:0ms
2024-11-15 00:39:01,332 - fed_utils - INFO - load key [conv2.bias].length : 16, cost time : 0m:0s:0ms
2024-11-15 00:39:01,333 - fed_utils - INFO - load key [fc1.weight].length : 48000, cost time : 0m:0s:1ms
2024-11-15 00:39:01,333 - fed_utils - INFO - load key [fc1.bias].length : 120, cost time : 0m:0s:0ms
2024-11-15 00:39:01,333 - fed_utils - INFO - load key [fc2.weight].length : 10080, cost time : 0m:0s:0ms
2024-11-15 00:39:01,333 - fed_utils - INFO - load key [fc2.bias].length : 84, cost time : 0m:0s:0ms
2024-11-15 00:39:08,107 - fed_utils - INFO - encrypting key [fc3.weight].length : 840, cost time : 0m:6s:773ms
2024-11-15 00:39:08,186 - fed_utils - INFO - encrypting key [fc3.bias].length : 10, cost time : 0m:0s:79ms
2024-11-15 00:39:08,186 - fl_main - INFO - Server receive client_dict[f_00008] info ...
2024-11-15 00:39:08,186 - fl_main - INFO - ----- client id [f_00009] -----
2024-11-15 00:39:08,188 - client_base - INFO - recover model cost time : 0m:0s:0ms
2024-11-15 00:39:09,004 - fl_main - INFO - global round [4] client_dict[f_00009].accuracy : 0.637100
2024-11-15 00:39:09,004 - fl_main - INFO - client_dict[f_00009] training ...
2024-11-15 00:39:09,004 - client_base - INFO - client_dict[f_00009] training epoch : 0
2024-11-15 00:39:09,495 - client_base - INFO - local model train cost time : 0m:0s:490ms
2024-11-15 00:39:09,496 - client_base - INFO - model encode time : 0m:0s:1ms
2024-11-15 00:39:09,497 - fl_main - INFO - client_dict[f_00009] local model encrypting ...
2024-11-15 00:39:10,684 - fed_utils - INFO - encrypting key [conv1.weight].length : 150, cost time : 0m:1s:187ms
2024-11-15 00:39:10,733 - fed_utils - INFO - encrypting key [conv1.bias].length : 6, cost time : 0m:0s:48ms
2024-11-15 00:39:10,733 - fed_utils - INFO - load key [conv2.weight].length : 2400, cost time : 0m:0s:0ms
2024-11-15 00:39:10,733 - fed_utils - INFO - load key [conv2.bias].length : 16, cost time : 0m:0s:0ms
2024-11-15 00:39:10,734 - fed_utils - INFO - load key [fc1.weight].length : 48000, cost time : 0m:0s:1ms
2024-11-15 00:39:10,734 - fed_utils - INFO - load key [fc1.bias].length : 120, cost time : 0m:0s:0ms
2024-11-15 00:39:10,735 - fed_utils - INFO - load key [fc2.weight].length : 10080, cost time : 0m:0s:0ms
2024-11-15 00:39:10,735 - fed_utils - INFO - load key [fc2.bias].length : 84, cost time : 0m:0s:0ms
2024-11-15 00:39:17,371 - fed_utils - INFO - encrypting key [fc3.weight].length : 840, cost time : 0m:6s:636ms
2024-11-15 00:39:17,451 - fed_utils - INFO - encrypting key [fc3.bias].length : 10, cost time : 0m:0s:79ms
2024-11-15 00:39:17,451 - fl_main - INFO - Server receive client_dict[f_00009] info ...
2024-11-15 00:39:17,451 - fl_main - INFO - global aggregation process ...
2024-11-15 00:39:17,451 - fed_utils - INFO - server.n_data : 60000
2024-11-15 00:39:17,452 - fed_utils - INFO - client_dict[f_00000].weight : 0.100000
2024-11-15 00:39:17,452 - fed_utils - INFO - client_dict[f_00001].weight : 0.100000
2024-11-15 00:39:17,452 - fed_utils - INFO - client_dict[f_00002].weight : 0.100000
2024-11-15 00:39:17,452 - fed_utils - INFO - client_dict[f_00003].weight : 0.100000
2024-11-15 00:39:17,452 - fed_utils - INFO - client_dict[f_00004].weight : 0.100000
2024-11-15 00:39:17,452 - fed_utils - INFO - client_dict[f_00005].weight : 0.100000
2024-11-15 00:39:17,452 - fed_utils - INFO - client_dict[f_00006].weight : 0.100000
2024-11-15 00:39:17,452 - fed_utils - INFO - client_dict[f_00007].weight : 0.100000
2024-11-15 00:39:17,452 - fed_utils - INFO - client_dict[f_00008].weight : 0.100000
2024-11-15 00:39:17,452 - fed_utils - INFO - client_dict[f_00009].weight : 0.100000
2024-11-15 00:39:17,452 - fed_utils - INFO - recover secret number by clients: 361.200000
2024-11-15 00:39:17,452 - server_base - INFO - Server aggregate model with homomorphic encryption ...
2024-11-15 00:39:20,669 - server_base - INFO - Server aggregate model done, cost time : 0m:3s:216ms
2024-11-15 00:39:21,010 - fed_utils - INFO - decrypting key [conv1.weight].shape [torch.Size([6, 1, 5, 5])]
2024-11-15 00:39:21,024 - fed_utils - INFO - decrypting key [conv1.bias].shape [torch.Size([6])]
2024-11-15 00:39:21,024 - fed_utils - INFO - decrypting key [conv2.weight].shape [torch.Size([16, 6, 5, 5])]
2024-11-15 00:39:21,024 - fed_utils - INFO - decrypting key [conv2.bias].shape [torch.Size([16])]
2024-11-15 00:39:21,024 - fed_utils - INFO - decrypting key [fc1.weight].shape [torch.Size([120, 400])]
2024-11-15 00:39:21,024 - fed_utils - INFO - decrypting key [fc1.bias].shape [torch.Size([120])]
2024-11-15 00:39:21,025 - fed_utils - INFO - decrypting key [fc2.weight].shape [torch.Size([84, 120])]
2024-11-15 00:39:21,025 - fed_utils - INFO - decrypting key [fc2.bias].shape [torch.Size([84])]
2024-11-15 00:39:22,934 - fed_utils - INFO - decrypting key [fc3.weight].shape [torch.Size([10, 84])]
2024-11-15 00:39:22,957 - fed_utils - INFO - decrypting key [fc3.bias].shape [torch.Size([10])]
2024-11-15 00:39:22,957 - fed_utils - INFO - decrypt time : [0m:2s:288ms]
2024-11-15 00:39:22,962 - fl_main - INFO - [global round : 4] aggregated model accuracy : 0.6371
2024-11-15 00:39:22,962 - fl_main - INFO - [global round : 4] aggregated model loss : 0.702977668612835
2024-11-15 00:39:22,962 - fl_main - INFO - global round : 5
2024-11-15 00:39:22,963 - fl_main - INFO - the random client id to test accuracy : f_00001
2024-11-15 00:39:22,963 - fl_main - INFO - ----- client id [f_00000] -----
2024-11-15 00:39:22,964 - client_base - INFO - recover model cost time : 0m:0s:0ms
2024-11-15 00:39:22,964 - fl_main - INFO - client_dict[f_00000] training ...
2024-11-15 00:39:22,965 - client_base - INFO - client_dict[f_00000] training epoch : 0
2024-11-15 00:39:23,459 - client_base - INFO - local model train cost time : 0m:0s:494ms
2024-11-15 00:39:23,460 - client_base - INFO - model encode time : 0m:0s:1ms
2024-11-15 00:39:23,461 - fl_main - INFO - client_dict[f_00000] local model encrypting ...
2024-11-15 00:39:24,645 - fed_utils - INFO - encrypting key [conv1.weight].length : 150, cost time : 0m:1s:184ms
2024-11-15 00:39:24,693 - fed_utils - INFO - encrypting key [conv1.bias].length : 6, cost time : 0m:0s:47ms
2024-11-15 00:39:24,693 - fed_utils - INFO - load key [conv2.weight].length : 2400, cost time : 0m:0s:0ms
2024-11-15 00:39:24,693 - fed_utils - INFO - load key [conv2.bias].length : 16, cost time : 0m:0s:0ms
2024-11-15 00:39:24,694 - fed_utils - INFO - load key [fc1.weight].length : 48000, cost time : 0m:0s:0ms
2024-11-15 00:39:24,694 - fed_utils - INFO - load key [fc1.bias].length : 120, cost time : 0m:0s:0ms
2024-11-15 00:39:24,694 - fed_utils - INFO - load key [fc2.weight].length : 10080, cost time : 0m:0s:0ms
2024-11-15 00:39:24,694 - fed_utils - INFO - load key [fc2.bias].length : 84, cost time : 0m:0s:0ms
2024-11-15 00:39:31,320 - fed_utils - INFO - encrypting key [fc3.weight].length : 840, cost time : 0m:6s:625ms
2024-11-15 00:39:31,399 - fed_utils - INFO - encrypting key [fc3.bias].length : 10, cost time : 0m:0s:79ms
2024-11-15 00:39:31,400 - fl_main - INFO - Server receive client_dict[f_00000] info ...
2024-11-15 00:39:31,400 - fl_main - INFO - ----- client id [f_00001] -----
2024-11-15 00:39:31,401 - client_base - INFO - recover model cost time : 0m:0s:0ms
2024-11-15 00:39:32,223 - fl_main - INFO - global round [5] client_dict[f_00001].accuracy : 0.818500
2024-11-15 00:39:32,223 - fl_main - INFO - client_dict[f_00001] training ...
2024-11-15 00:39:32,223 - client_base - INFO - client_dict[f_00001] training epoch : 0
2024-11-15 00:39:32,737 - client_base - INFO - local model train cost time : 0m:0s:514ms
2024-11-15 00:39:32,739 - client_base - INFO - model encode time : 0m:0s:1ms
2024-11-15 00:39:32,739 - fl_main - INFO - client_dict[f_00001] local model encrypting ...
2024-11-15 00:39:33,929 - fed_utils - INFO - encrypting key [conv1.weight].length : 150, cost time : 0m:1s:189ms
2024-11-15 00:39:33,977 - fed_utils - INFO - encrypting key [conv1.bias].length : 6, cost time : 0m:0s:47ms
2024-11-15 00:39:33,977 - fed_utils - INFO - load key [conv2.weight].length : 2400, cost time : 0m:0s:0ms
2024-11-15 00:39:33,977 - fed_utils - INFO - load key [conv2.bias].length : 16, cost time : 0m:0s:0ms
2024-11-15 00:39:33,978 - fed_utils - INFO - load key [fc1.weight].length : 48000, cost time : 0m:0s:0ms
2024-11-15 00:39:33,978 - fed_utils - INFO - load key [fc1.bias].length : 120, cost time : 0m:0s:0ms
2024-11-15 00:39:33,978 - fed_utils - INFO - load key [fc2.weight].length : 10080, cost time : 0m:0s:0ms
2024-11-15 00:39:33,978 - fed_utils - INFO - load key [fc2.bias].length : 84, cost time : 0m:0s:0ms
2024-11-15 00:39:40,776 - fed_utils - INFO - encrypting key [fc3.weight].length : 840, cost time : 0m:6s:797ms
2024-11-15 00:39:40,855 - fed_utils - INFO - encrypting key [fc3.bias].length : 10, cost time : 0m:0s:79ms
2024-11-15 00:39:40,855 - fl_main - INFO - Server receive client_dict[f_00001] info ...
2024-11-15 00:39:40,855 - fl_main - INFO - ----- client id [f_00002] -----
2024-11-15 00:39:40,856 - client_base - INFO - recover model cost time : 0m:0s:0ms
2024-11-15 00:39:40,857 - fl_main - INFO - client_dict[f_00002] training ...
2024-11-15 00:39:40,857 - client_base - INFO - client_dict[f_00002] training epoch : 0
2024-11-15 00:39:41,391 - client_base - INFO - local model train cost time : 0m:0s:533ms
2024-11-15 00:39:41,393 - client_base - INFO - model encode time : 0m:0s:1ms
2024-11-15 00:39:41,393 - fl_main - INFO - client_dict[f_00002] local model encrypting ...
2024-11-15 00:39:42,577 - fed_utils - INFO - encrypting key [conv1.weight].length : 150, cost time : 0m:1s:184ms
2024-11-15 00:39:42,626 - fed_utils - INFO - encrypting key [conv1.bias].length : 6, cost time : 0m:0s:48ms
2024-11-15 00:39:42,626 - fed_utils - INFO - load key [conv2.weight].length : 2400, cost time : 0m:0s:0ms
2024-11-15 00:39:42,626 - fed_utils - INFO - load key [conv2.bias].length : 16, cost time : 0m:0s:0ms
2024-11-15 00:39:42,627 - fed_utils - INFO - load key [fc1.weight].length : 48000, cost time : 0m:0s:0ms
2024-11-15 00:39:42,627 - fed_utils - INFO - load key [fc1.bias].length : 120, cost time : 0m:0s:0ms
2024-11-15 00:39:42,627 - fed_utils - INFO - load key [fc2.weight].length : 10080, cost time : 0m:0s:0ms
2024-11-15 00:39:42,627 - fed_utils - INFO - load key [fc2.bias].length : 84, cost time : 0m:0s:0ms
2024-11-15 00:39:49,265 - fed_utils - INFO - encrypting key [fc3.weight].length : 840, cost time : 0m:6s:637ms
2024-11-15 00:39:49,344 - fed_utils - INFO - encrypting key [fc3.bias].length : 10, cost time : 0m:0s:79ms
2024-11-15 00:39:49,344 - fl_main - INFO - Server receive client_dict[f_00002] info ...
2024-11-15 00:39:49,344 - fl_main - INFO - ----- client id [f_00003] -----
2024-11-15 00:39:49,346 - client_base - INFO - recover model cost time : 0m:0s:0ms
2024-11-15 00:39:49,346 - fl_main - INFO - client_dict[f_00003] training ...
2024-11-15 00:39:49,347 - client_base - INFO - client_dict[f_00003] training epoch : 0
2024-11-15 00:39:49,849 - client_base - INFO - local model train cost time : 0m:0s:502ms
2024-11-15 00:39:49,850 - client_base - INFO - model encode time : 0m:0s:1ms
2024-11-15 00:39:49,850 - fl_main - INFO - client_dict[f_00003] local model encrypting ...
2024-11-15 00:39:51,169 - fed_utils - INFO - encrypting key [conv1.weight].length : 150, cost time : 0m:1s:318ms
2024-11-15 00:39:51,216 - fed_utils - INFO - encrypting key [conv1.bias].length : 6, cost time : 0m:0s:47ms
2024-11-15 00:39:51,217 - fed_utils - INFO - load key [conv2.weight].length : 2400, cost time : 0m:0s:0ms
2024-11-15 00:39:51,217 - fed_utils - INFO - load key [conv2.bias].length : 16, cost time : 0m:0s:0ms
2024-11-15 00:39:51,218 - fed_utils - INFO - load key [fc1.weight].length : 48000, cost time : 0m:0s:0ms
2024-11-15 00:39:51,218 - fed_utils - INFO - load key [fc1.bias].length : 120, cost time : 0m:0s:0ms
2024-11-15 00:39:51,218 - fed_utils - INFO - load key [fc2.weight].length : 10080, cost time : 0m:0s:0ms
2024-11-15 00:39:51,218 - fed_utils - INFO - load key [fc2.bias].length : 84, cost time : 0m:0s:0ms
2024-11-15 00:39:57,868 - fed_utils - INFO - encrypting key [fc3.weight].length : 840, cost time : 0m:6s:649ms
2024-11-15 00:39:57,947 - fed_utils - INFO - encrypting key [fc3.bias].length : 10, cost time : 0m:0s:79ms
2024-11-15 00:39:57,947 - fl_main - INFO - Server receive client_dict[f_00003] info ...
2024-11-15 00:39:57,947 - fl_main - INFO - ----- client id [f_00004] -----
2024-11-15 00:39:57,948 - client_base - INFO - recover model cost time : 0m:0s:0ms
2024-11-15 00:39:57,948 - fl_main - INFO - client_dict[f_00004] training ...
2024-11-15 00:39:57,949 - client_base - INFO - client_dict[f_00004] training epoch : 0
2024-11-15 00:39:58,440 - client_base - INFO - local model train cost time : 0m:0s:490ms
2024-11-15 00:39:58,441 - client_base - INFO - model encode time : 0m:0s:1ms
2024-11-15 00:39:58,441 - fl_main - INFO - client_dict[f_00004] local model encrypting ...
2024-11-15 00:39:59,626 - fed_utils - INFO - encrypting key [conv1.weight].length : 150, cost time : 0m:1s:185ms
2024-11-15 00:39:59,674 - fed_utils - INFO - encrypting key [conv1.bias].length : 6, cost time : 0m:0s:47ms
2024-11-15 00:39:59,675 - fed_utils - INFO - load key [conv2.weight].length : 2400, cost time : 0m:0s:0ms
2024-11-15 00:39:59,675 - fed_utils - INFO - load key [conv2.bias].length : 16, cost time : 0m:0s:0ms
2024-11-15 00:39:59,676 - fed_utils - INFO - load key [fc1.weight].length : 48000, cost time : 0m:0s:0ms
2024-11-15 00:39:59,676 - fed_utils - INFO - load key [fc1.bias].length : 120, cost time : 0m:0s:0ms
2024-11-15 00:39:59,676 - fed_utils - INFO - load key [fc2.weight].length : 10080, cost time : 0m:0s:0ms
2024-11-15 00:39:59,676 - fed_utils - INFO - load key [fc2.bias].length : 84, cost time : 0m:0s:0ms
2024-11-15 00:40:06,424 - fed_utils - INFO - encrypting key [fc3.weight].length : 840, cost time : 0m:6s:748ms
2024-11-15 00:40:06,503 - fed_utils - INFO - encrypting key [fc3.bias].length : 10, cost time : 0m:0s:79ms
2024-11-15 00:40:06,504 - fl_main - INFO - Server receive client_dict[f_00004] info ...
2024-11-15 00:40:06,504 - fl_main - INFO - ----- client id [f_00005] -----
2024-11-15 00:40:06,505 - client_base - INFO - recover model cost time : 0m:0s:0ms
2024-11-15 00:40:06,505 - fl_main - INFO - client_dict[f_00005] training ...
2024-11-15 00:40:06,506 - client_base - INFO - client_dict[f_00005] training epoch : 0
2024-11-15 00:40:07,004 - client_base - INFO - local model train cost time : 0m:0s:497ms
2024-11-15 00:40:07,005 - client_base - INFO - model encode time : 0m:0s:1ms
2024-11-15 00:40:07,005 - fl_main - INFO - client_dict[f_00005] local model encrypting ...
2024-11-15 00:40:08,188 - fed_utils - INFO - encrypting key [conv1.weight].length : 150, cost time : 0m:1s:182ms
2024-11-15 00:40:08,236 - fed_utils - INFO - encrypting key [conv1.bias].length : 6, cost time : 0m:0s:47ms
2024-11-15 00:40:08,236 - fed_utils - INFO - load key [conv2.weight].length : 2400, cost time : 0m:0s:0ms
2024-11-15 00:40:08,236 - fed_utils - INFO - load key [conv2.bias].length : 16, cost time : 0m:0s:0ms
2024-11-15 00:40:08,237 - fed_utils - INFO - load key [fc1.weight].length : 48000, cost time : 0m:0s:0ms
2024-11-15 00:40:08,237 - fed_utils - INFO - load key [fc1.bias].length : 120, cost time : 0m:0s:0ms
2024-11-15 00:40:08,237 - fed_utils - INFO - load key [fc2.weight].length : 10080, cost time : 0m:0s:0ms
2024-11-15 00:40:08,237 - fed_utils - INFO - load key [fc2.bias].length : 84, cost time : 0m:0s:0ms
2024-11-15 00:40:14,862 - fed_utils - INFO - encrypting key [fc3.weight].length : 840, cost time : 0m:6s:624ms
2024-11-15 00:40:14,941 - fed_utils - INFO - encrypting key [fc3.bias].length : 10, cost time : 0m:0s:79ms
2024-11-15 00:40:14,941 - fl_main - INFO - Server receive client_dict[f_00005] info ...
2024-11-15 00:40:14,941 - fl_main - INFO - ----- client id [f_00006] -----
2024-11-15 00:40:14,942 - client_base - INFO - recover model cost time : 0m:0s:0ms
2024-11-15 00:40:14,942 - fl_main - INFO - client_dict[f_00006] training ...
2024-11-15 00:40:14,943 - client_base - INFO - client_dict[f_00006] training epoch : 0
2024-11-15 00:40:15,450 - client_base - INFO - local model train cost time : 0m:0s:507ms
2024-11-15 00:40:15,451 - client_base - INFO - model encode time : 0m:0s:1ms
2024-11-15 00:40:15,452 - fl_main - INFO - client_dict[f_00006] local model encrypting ...
2024-11-15 00:40:16,635 - fed_utils - INFO - encrypting key [conv1.weight].length : 150, cost time : 0m:1s:183ms
2024-11-15 00:40:16,683 - fed_utils - INFO - encrypting key [conv1.bias].length : 6, cost time : 0m:0s:48ms
2024-11-15 00:40:16,683 - fed_utils - INFO - load key [conv2.weight].length : 2400, cost time : 0m:0s:0ms
2024-11-15 00:40:16,683 - fed_utils - INFO - load key [conv2.bias].length : 16, cost time : 0m:0s:0ms
2024-11-15 00:40:16,684 - fed_utils - INFO - load key [fc1.weight].length : 48000, cost time : 0m:0s:0ms
2024-11-15 00:40:16,684 - fed_utils - INFO - load key [fc1.bias].length : 120, cost time : 0m:0s:0ms
2024-11-15 00:40:16,685 - fed_utils - INFO - load key [fc2.weight].length : 10080, cost time : 0m:0s:0ms
2024-11-15 00:40:16,685 - fed_utils - INFO - load key [fc2.bias].length : 84, cost time : 0m:0s:0ms
2024-11-15 00:40:23,474 - fed_utils - INFO - encrypting key [fc3.weight].length : 840, cost time : 0m:6s:789ms
2024-11-15 00:40:23,554 - fed_utils - INFO - encrypting key [fc3.bias].length : 10, cost time : 0m:0s:79ms
2024-11-15 00:40:23,554 - fl_main - INFO - Server receive client_dict[f_00006] info ...
2024-11-15 00:40:23,554 - fl_main - INFO - ----- client id [f_00007] -----
2024-11-15 00:40:23,555 - client_base - INFO - recover model cost time : 0m:0s:0ms
2024-11-15 00:40:23,555 - fl_main - INFO - client_dict[f_00007] training ...
2024-11-15 00:40:23,556 - client_base - INFO - client_dict[f_00007] training epoch : 0
2024-11-15 00:40:24,052 - client_base - INFO - local model train cost time : 0m:0s:495ms
2024-11-15 00:40:24,053 - client_base - INFO - model encode time : 0m:0s:1ms
2024-11-15 00:40:24,054 - fl_main - INFO - client_dict[f_00007] local model encrypting ...
2024-11-15 00:40:25,237 - fed_utils - INFO - encrypting key [conv1.weight].length : 150, cost time : 0m:1s:183ms
2024-11-15 00:40:25,285 - fed_utils - INFO - encrypting key [conv1.bias].length : 6, cost time : 0m:0s:48ms
2024-11-15 00:40:25,285 - fed_utils - INFO - load key [conv2.weight].length : 2400, cost time : 0m:0s:0ms
2024-11-15 00:40:25,285 - fed_utils - INFO - load key [conv2.bias].length : 16, cost time : 0m:0s:0ms
2024-11-15 00:40:25,286 - fed_utils - INFO - load key [fc1.weight].length : 48000, cost time : 0m:0s:0ms
2024-11-15 00:40:25,286 - fed_utils - INFO - load key [fc1.bias].length : 120, cost time : 0m:0s:0ms
2024-11-15 00:40:25,287 - fed_utils - INFO - load key [fc2.weight].length : 10080, cost time : 0m:0s:0ms
2024-11-15 00:40:25,287 - fed_utils - INFO - load key [fc2.bias].length : 84, cost time : 0m:0s:0ms
2024-11-15 00:40:31,913 - fed_utils - INFO - encrypting key [fc3.weight].length : 840, cost time : 0m:6s:626ms
2024-11-15 00:40:31,992 - fed_utils - INFO - encrypting key [fc3.bias].length : 10, cost time : 0m:0s:79ms
2024-11-15 00:40:31,993 - fl_main - INFO - Server receive client_dict[f_00007] info ...
2024-11-15 00:40:31,993 - fl_main - INFO - ----- client id [f_00008] -----
2024-11-15 00:40:31,994 - client_base - INFO - recover model cost time : 0m:0s:0ms
2024-11-15 00:40:31,994 - fl_main - INFO - client_dict[f_00008] training ...
2024-11-15 00:40:31,995 - client_base - INFO - client_dict[f_00008] training epoch : 0
2024-11-15 00:40:32,496 - client_base - INFO - local model train cost time : 0m:0s:500ms
2024-11-15 00:40:32,497 - client_base - INFO - model encode time : 0m:0s:1ms
2024-11-15 00:40:32,497 - fl_main - INFO - client_dict[f_00008] local model encrypting ...
2024-11-15 00:40:33,681 - fed_utils - INFO - encrypting key [conv1.weight].length : 150, cost time : 0m:1s:183ms
2024-11-15 00:40:33,729 - fed_utils - INFO - encrypting key [conv1.bias].length : 6, cost time : 0m:0s:47ms
2024-11-15 00:40:33,729 - fed_utils - INFO - load key [conv2.weight].length : 2400, cost time : 0m:0s:0ms
2024-11-15 00:40:33,729 - fed_utils - INFO - load key [conv2.bias].length : 16, cost time : 0m:0s:0ms
2024-11-15 00:40:33,730 - fed_utils - INFO - load key [fc1.weight].length : 48000, cost time : 0m:0s:0ms
2024-11-15 00:40:33,730 - fed_utils - INFO - load key [fc1.bias].length : 120, cost time : 0m:0s:0ms
2024-11-15 00:40:33,731 - fed_utils - INFO - load key [fc2.weight].length : 10080, cost time : 0m:0s:0ms
2024-11-15 00:40:33,731 - fed_utils - INFO - load key [fc2.bias].length : 84, cost time : 0m:0s:0ms
2024-11-15 00:40:40,504 - fed_utils - INFO - encrypting key [fc3.weight].length : 840, cost time : 0m:6s:773ms
2024-11-15 00:40:40,583 - fed_utils - INFO - encrypting key [fc3.bias].length : 10, cost time : 0m:0s:79ms
2024-11-15 00:40:40,584 - fl_main - INFO - Server receive client_dict[f_00008] info ...
2024-11-15 00:40:40,584 - fl_main - INFO - ----- client id [f_00009] -----
2024-11-15 00:40:40,585 - client_base - INFO - recover model cost time : 0m:0s:0ms
2024-11-15 00:40:40,585 - fl_main - INFO - client_dict[f_00009] training ...
2024-11-15 00:40:40,586 - client_base - INFO - client_dict[f_00009] training epoch : 0
2024-11-15 00:40:41,088 - client_base - INFO - local model train cost time : 0m:0s:502ms
2024-11-15 00:40:41,090 - client_base - INFO - model encode time : 0m:0s:1ms
2024-11-15 00:40:41,090 - fl_main - INFO - client_dict[f_00009] local model encrypting ...
2024-11-15 00:40:42,276 - fed_utils - INFO - encrypting key [conv1.weight].length : 150, cost time : 0m:1s:185ms
2024-11-15 00:40:42,324 - fed_utils - INFO - encrypting key [conv1.bias].length : 6, cost time : 0m:0s:48ms
2024-11-15 00:40:42,324 - fed_utils - INFO - load key [conv2.weight].length : 2400, cost time : 0m:0s:0ms
2024-11-15 00:40:42,324 - fed_utils - INFO - load key [conv2.bias].length : 16, cost time : 0m:0s:0ms
2024-11-15 00:40:42,326 - fed_utils - INFO - load key [fc1.weight].length : 48000, cost time : 0m:0s:1ms
2024-11-15 00:40:42,326 - fed_utils - INFO - load key [fc1.bias].length : 120, cost time : 0m:0s:0ms
2024-11-15 00:40:42,326 - fed_utils - INFO - load key [fc2.weight].length : 10080, cost time : 0m:0s:0ms
2024-11-15 00:40:42,326 - fed_utils - INFO - load key [fc2.bias].length : 84, cost time : 0m:0s:0ms
2024-11-15 00:40:48,965 - fed_utils - INFO - encrypting key [fc3.weight].length : 840, cost time : 0m:6s:638ms
2024-11-15 00:40:49,044 - fed_utils - INFO - encrypting key [fc3.bias].length : 10, cost time : 0m:0s:79ms
2024-11-15 00:40:49,044 - fl_main - INFO - Server receive client_dict[f_00009] info ...
2024-11-15 00:40:49,044 - fl_main - INFO - global aggregation process ...
2024-11-15 00:40:49,045 - fed_utils - INFO - server.n_data : 60000
2024-11-15 00:40:49,045 - fed_utils - INFO - client_dict[f_00000].weight : 0.100000
2024-11-15 00:40:49,045 - fed_utils - INFO - client_dict[f_00001].weight : 0.100000
2024-11-15 00:40:49,045 - fed_utils - INFO - client_dict[f_00002].weight : 0.100000
2024-11-15 00:40:49,045 - fed_utils - INFO - client_dict[f_00003].weight : 0.100000
2024-11-15 00:40:49,045 - fed_utils - INFO - client_dict[f_00004].weight : 0.100000
2024-11-15 00:40:49,045 - fed_utils - INFO - client_dict[f_00005].weight : 0.100000
2024-11-15 00:40:49,045 - fed_utils - INFO - client_dict[f_00006].weight : 0.100000
2024-11-15 00:40:49,045 - fed_utils - INFO - client_dict[f_00007].weight : 0.100000
2024-11-15 00:40:49,045 - fed_utils - INFO - client_dict[f_00008].weight : 0.100000
2024-11-15 00:40:49,045 - fed_utils - INFO - client_dict[f_00009].weight : 0.100000
2024-11-15 00:40:49,045 - fed_utils - INFO - recover secret number by clients: 361.200000
2024-11-15 00:40:49,045 - server_base - INFO - Server aggregate model with homomorphic encryption ...
2024-11-15 00:40:52,247 - server_base - INFO - Server aggregate model done, cost time : 0m:3s:202ms
2024-11-15 00:40:52,587 - fed_utils - INFO - decrypting key [conv1.weight].shape [torch.Size([6, 1, 5, 5])]
2024-11-15 00:40:52,601 - fed_utils - INFO - decrypting key [conv1.bias].shape [torch.Size([6])]
2024-11-15 00:40:52,601 - fed_utils - INFO - decrypting key [conv2.weight].shape [torch.Size([16, 6, 5, 5])]
2024-11-15 00:40:52,601 - fed_utils - INFO - decrypting key [conv2.bias].shape [torch.Size([16])]
2024-11-15 00:40:52,601 - fed_utils - INFO - decrypting key [fc1.weight].shape [torch.Size([120, 400])]
2024-11-15 00:40:52,601 - fed_utils - INFO - decrypting key [fc1.bias].shape [torch.Size([120])]
2024-11-15 00:40:52,601 - fed_utils - INFO - decrypting key [fc2.weight].shape [torch.Size([84, 120])]
2024-11-15 00:40:52,601 - fed_utils - INFO - decrypting key [fc2.bias].shape [torch.Size([84])]
2024-11-15 00:40:54,501 - fed_utils - INFO - decrypting key [fc3.weight].shape [torch.Size([10, 84])]
2024-11-15 00:40:54,523 - fed_utils - INFO - decrypting key [fc3.bias].shape [torch.Size([10])]
2024-11-15 00:40:54,523 - fed_utils - INFO - decrypt time : [0m:2s:275ms]
2024-11-15 00:40:54,528 - fl_main - INFO - [global round : 5] aggregated model accuracy : 0.8185
2024-11-15 00:40:54,529 - fl_main - INFO - [global round : 5] aggregated model loss : 0.5262257935721085
2024-11-15 00:40:54,529 - fl_main - INFO - global round : 6
2024-11-15 00:40:54,529 - fl_main - INFO - the random client id to test accuracy : f_00001
2024-11-15 00:40:54,529 - fl_main - INFO - ----- client id [f_00000] -----
2024-11-15 00:40:54,530 - client_base - INFO - recover model cost time : 0m:0s:0ms
2024-11-15 00:40:54,531 - fl_main - INFO - client_dict[f_00000] training ...
2024-11-15 00:40:54,531 - client_base - INFO - client_dict[f_00000] training epoch : 0
2024-11-15 00:40:55,042 - client_base - INFO - local model train cost time : 0m:0s:510ms
2024-11-15 00:40:55,043 - client_base - INFO - model encode time : 0m:0s:1ms
2024-11-15 00:40:55,043 - fl_main - INFO - client_dict[f_00000] local model encrypting ...
2024-11-15 00:40:56,227 - fed_utils - INFO - encrypting key [conv1.weight].length : 150, cost time : 0m:1s:183ms
2024-11-15 00:40:56,275 - fed_utils - INFO - encrypting key [conv1.bias].length : 6, cost time : 0m:0s:48ms
2024-11-15 00:40:56,275 - fed_utils - INFO - load key [conv2.weight].length : 2400, cost time : 0m:0s:0ms
2024-11-15 00:40:56,275 - fed_utils - INFO - load key [conv2.bias].length : 16, cost time : 0m:0s:0ms
2024-11-15 00:40:56,276 - fed_utils - INFO - load key [fc1.weight].length : 48000, cost time : 0m:0s:0ms
2024-11-15 00:40:56,276 - fed_utils - INFO - load key [fc1.bias].length : 120, cost time : 0m:0s:0ms
2024-11-15 00:40:56,277 - fed_utils - INFO - load key [fc2.weight].length : 10080, cost time : 0m:0s:0ms
2024-11-15 00:40:56,277 - fed_utils - INFO - load key [fc2.bias].length : 84, cost time : 0m:0s:0ms
2024-11-15 00:41:02,898 - fed_utils - INFO - encrypting key [fc3.weight].length : 840, cost time : 0m:6s:621ms
2024-11-15 00:41:02,977 - fed_utils - INFO - encrypting key [fc3.bias].length : 10, cost time : 0m:0s:79ms
2024-11-15 00:41:02,978 - fl_main - INFO - Server receive client_dict[f_00000] info ...
2024-11-15 00:41:02,978 - fl_main - INFO - ----- client id [f_00001] -----
2024-11-15 00:41:02,979 - client_base - INFO - recover model cost time : 0m:0s:0ms
2024-11-15 00:41:03,776 - fl_main - INFO - global round [6] client_dict[f_00001].accuracy : 0.872400
2024-11-15 00:41:03,776 - fl_main - INFO - client_dict[f_00001] training ...
2024-11-15 00:41:03,777 - client_base - INFO - client_dict[f_00001] training epoch : 0
2024-11-15 00:41:04,274 - client_base - INFO - local model train cost time : 0m:0s:496ms
2024-11-15 00:41:04,275 - client_base - INFO - model encode time : 0m:0s:1ms
2024-11-15 00:41:04,276 - fl_main - INFO - client_dict[f_00001] local model encrypting ...
2024-11-15 00:41:05,587 - fed_utils - INFO - encrypting key [conv1.weight].length : 150, cost time : 0m:1s:311ms
2024-11-15 00:41:05,635 - fed_utils - INFO - encrypting key [conv1.bias].length : 6, cost time : 0m:0s:47ms
2024-11-15 00:41:05,635 - fed_utils - INFO - load key [conv2.weight].length : 2400, cost time : 0m:0s:0ms
2024-11-15 00:41:05,635 - fed_utils - INFO - load key [conv2.bias].length : 16, cost time : 0m:0s:0ms
2024-11-15 00:41:05,636 - fed_utils - INFO - load key [fc1.weight].length : 48000, cost time : 0m:0s:0ms
2024-11-15 00:41:05,636 - fed_utils - INFO - load key [fc1.bias].length : 120, cost time : 0m:0s:0ms
2024-11-15 00:41:05,637 - fed_utils - INFO - load key [fc2.weight].length : 10080, cost time : 0m:0s:0ms
2024-11-15 00:41:05,637 - fed_utils - INFO - load key [fc2.bias].length : 84, cost time : 0m:0s:0ms
2024-11-15 00:41:12,262 - fed_utils - INFO - encrypting key [fc3.weight].length : 840, cost time : 0m:6s:625ms
2024-11-15 00:41:12,341 - fed_utils - INFO - encrypting key [fc3.bias].length : 10, cost time : 0m:0s:79ms
2024-11-15 00:41:12,341 - fl_main - INFO - Server receive client_dict[f_00001] info ...
2024-11-15 00:41:12,342 - fl_main - INFO - ----- client id [f_00002] -----
2024-11-15 00:41:12,343 - client_base - INFO - recover model cost time : 0m:0s:0ms
2024-11-15 00:41:12,343 - fl_main - INFO - client_dict[f_00002] training ...
2024-11-15 00:41:12,344 - client_base - INFO - client_dict[f_00002] training epoch : 0
2024-11-15 00:41:12,850 - client_base - INFO - local model train cost time : 0m:0s:506ms
2024-11-15 00:41:12,851 - client_base - INFO - model encode time : 0m:0s:1ms
2024-11-15 00:41:12,851 - fl_main - INFO - client_dict[f_00002] local model encrypting ...
2024-11-15 00:41:14,035 - fed_utils - INFO - encrypting key [conv1.weight].length : 150, cost time : 0m:1s:183ms
2024-11-15 00:41:14,083 - fed_utils - INFO - encrypting key [conv1.bias].length : 6, cost time : 0m:0s:47ms
2024-11-15 00:41:14,083 - fed_utils - INFO - load key [conv2.weight].length : 2400, cost time : 0m:0s:0ms
2024-11-15 00:41:14,083 - fed_utils - INFO - load key [conv2.bias].length : 16, cost time : 0m:0s:0ms
2024-11-15 00:41:14,084 - fed_utils - INFO - load key [fc1.weight].length : 48000, cost time : 0m:0s:0ms
2024-11-15 00:41:14,084 - fed_utils - INFO - load key [fc1.bias].length : 120, cost time : 0m:0s:0ms
2024-11-15 00:41:14,084 - fed_utils - INFO - load key [fc2.weight].length : 10080, cost time : 0m:0s:0ms
2024-11-15 00:41:14,084 - fed_utils - INFO - load key [fc2.bias].length : 84, cost time : 0m:0s:0ms
2024-11-15 00:41:20,831 - fed_utils - INFO - encrypting key [fc3.weight].length : 840, cost time : 0m:6s:746ms
2024-11-15 00:41:20,910 - fed_utils - INFO - encrypting key [fc3.bias].length : 10, cost time : 0m:0s:79ms
2024-11-15 00:41:20,910 - fl_main - INFO - Server receive client_dict[f_00002] info ...
2024-11-15 00:41:20,911 - fl_main - INFO - ----- client id [f_00003] -----
2024-11-15 00:41:20,912 - client_base - INFO - recover model cost time : 0m:0s:0ms
2024-11-15 00:41:20,912 - fl_main - INFO - client_dict[f_00003] training ...
2024-11-15 00:41:20,913 - client_base - INFO - client_dict[f_00003] training epoch : 0
2024-11-15 00:41:21,417 - client_base - INFO - local model train cost time : 0m:0s:504ms
2024-11-15 00:41:21,419 - client_base - INFO - model encode time : 0m:0s:1ms
2024-11-15 00:41:21,419 - fl_main - INFO - client_dict[f_00003] local model encrypting ...
2024-11-15 00:41:22,602 - fed_utils - INFO - encrypting key [conv1.weight].length : 150, cost time : 0m:1s:183ms
2024-11-15 00:41:22,650 - fed_utils - INFO - encrypting key [conv1.bias].length : 6, cost time : 0m:0s:47ms
2024-11-15 00:41:22,650 - fed_utils - INFO - load key [conv2.weight].length : 2400, cost time : 0m:0s:0ms
2024-11-15 00:41:22,650 - fed_utils - INFO - load key [conv2.bias].length : 16, cost time : 0m:0s:0ms
2024-11-15 00:41:22,651 - fed_utils - INFO - load key [fc1.weight].length : 48000, cost time : 0m:0s:0ms
2024-11-15 00:41:22,651 - fed_utils - INFO - load key [fc1.bias].length : 120, cost time : 0m:0s:0ms
2024-11-15 00:41:22,651 - fed_utils - INFO - load key [fc2.weight].length : 10080, cost time : 0m:0s:0ms
2024-11-15 00:41:22,651 - fed_utils - INFO - load key [fc2.bias].length : 84, cost time : 0m:0s:0ms
2024-11-15 00:41:29,273 - fed_utils - INFO - encrypting key [fc3.weight].length : 840, cost time : 0m:6s:621ms
2024-11-15 00:41:29,352 - fed_utils - INFO - encrypting key [fc3.bias].length : 10, cost time : 0m:0s:79ms
2024-11-15 00:41:29,352 - fl_main - INFO - Server receive client_dict[f_00003] info ...
2024-11-15 00:41:29,352 - fl_main - INFO - ----- client id [f_00004] -----
2024-11-15 00:41:29,354 - client_base - INFO - recover model cost time : 0m:0s:0ms
2024-11-15 00:41:29,354 - fl_main - INFO - client_dict[f_00004] training ...
2024-11-15 00:41:29,354 - client_base - INFO - client_dict[f_00004] training epoch : 0
2024-11-15 00:41:29,843 - client_base - INFO - local model train cost time : 0m:0s:488ms
2024-11-15 00:41:29,844 - client_base - INFO - model encode time : 0m:0s:1ms
2024-11-15 00:41:29,845 - fl_main - INFO - client_dict[f_00004] local model encrypting ...
2024-11-15 00:41:31,028 - fed_utils - INFO - encrypting key [conv1.weight].length : 150, cost time : 0m:1s:183ms
2024-11-15 00:41:31,075 - fed_utils - INFO - encrypting key [conv1.bias].length : 6, cost time : 0m:0s:47ms
2024-11-15 00:41:31,075 - fed_utils - INFO - load key [conv2.weight].length : 2400, cost time : 0m:0s:0ms
2024-11-15 00:41:31,076 - fed_utils - INFO - load key [conv2.bias].length : 16, cost time : 0m:0s:0ms
2024-11-15 00:41:31,076 - fed_utils - INFO - load key [fc1.weight].length : 48000, cost time : 0m:0s:0ms
2024-11-15 00:41:31,077 - fed_utils - INFO - load key [fc1.bias].length : 120, cost time : 0m:0s:0ms
2024-11-15 00:41:31,077 - fed_utils - INFO - load key [fc2.weight].length : 10080, cost time : 0m:0s:0ms
2024-11-15 00:41:31,077 - fed_utils - INFO - load key [fc2.bias].length : 84, cost time : 0m:0s:0ms
2024-11-15 00:41:37,851 - fed_utils - INFO - encrypting key [fc3.weight].length : 840, cost time : 0m:6s:773ms
2024-11-15 00:41:37,930 - fed_utils - INFO - encrypting key [fc3.bias].length : 10, cost time : 0m:0s:79ms
2024-11-15 00:41:37,930 - fl_main - INFO - Server receive client_dict[f_00004] info ...
2024-11-15 00:41:37,930 - fl_main - INFO - ----- client id [f_00005] -----
2024-11-15 00:41:37,931 - client_base - INFO - recover model cost time : 0m:0s:0ms
2024-11-15 00:41:37,931 - fl_main - INFO - client_dict[f_00005] training ...
2024-11-15 00:41:37,932 - client_base - INFO - client_dict[f_00005] training epoch : 0
2024-11-15 00:41:38,426 - client_base - INFO - local model train cost time : 0m:0s:493ms
2024-11-15 00:41:38,427 - client_base - INFO - model encode time : 0m:0s:1ms
2024-11-15 00:41:38,427 - fl_main - INFO - client_dict[f_00005] local model encrypting ...
2024-11-15 00:41:39,612 - fed_utils - INFO - encrypting key [conv1.weight].length : 150, cost time : 0m:1s:184ms
2024-11-15 00:41:39,661 - fed_utils - INFO - encrypting key [conv1.bias].length : 6, cost time : 0m:0s:48ms
2024-11-15 00:41:39,661 - fed_utils - INFO - load key [conv2.weight].length : 2400, cost time : 0m:0s:0ms
2024-11-15 00:41:39,661 - fed_utils - INFO - load key [conv2.bias].length : 16, cost time : 0m:0s:0ms
2024-11-15 00:41:39,662 - fed_utils - INFO - load key [fc1.weight].length : 48000, cost time : 0m:0s:0ms
2024-11-15 00:41:39,662 - fed_utils - INFO - load key [fc1.bias].length : 120, cost time : 0m:0s:0ms
2024-11-15 00:41:39,662 - fed_utils - INFO - load key [fc2.weight].length : 10080, cost time : 0m:0s:0ms
2024-11-15 00:41:39,662 - fed_utils - INFO - load key [fc2.bias].length : 84, cost time : 0m:0s:0ms
2024-11-15 00:41:46,283 - fed_utils - INFO - encrypting key [fc3.weight].length : 840, cost time : 0m:6s:621ms
2024-11-15 00:41:46,363 - fed_utils - INFO - encrypting key [fc3.bias].length : 10, cost time : 0m:0s:79ms
2024-11-15 00:41:46,363 - fl_main - INFO - Server receive client_dict[f_00005] info ...
2024-11-15 00:41:46,363 - fl_main - INFO - ----- client id [f_00006] -----
2024-11-15 00:41:46,364 - client_base - INFO - recover model cost time : 0m:0s:0ms
2024-11-15 00:41:46,364 - fl_main - INFO - client_dict[f_00006] training ...
2024-11-15 00:41:46,365 - client_base - INFO - client_dict[f_00006] training epoch : 0
2024-11-15 00:41:46,874 - client_base - INFO - local model train cost time : 0m:0s:509ms
2024-11-15 00:41:46,875 - client_base - INFO - model encode time : 0m:0s:1ms
2024-11-15 00:41:46,876 - fl_main - INFO - client_dict[f_00006] local model encrypting ...
2024-11-15 00:41:48,060 - fed_utils - INFO - encrypting key [conv1.weight].length : 150, cost time : 0m:1s:184ms
2024-11-15 00:41:48,108 - fed_utils - INFO - encrypting key [conv1.bias].length : 6, cost time : 0m:0s:48ms
2024-11-15 00:41:48,108 - fed_utils - INFO - load key [conv2.weight].length : 2400, cost time : 0m:0s:0ms
2024-11-15 00:41:48,108 - fed_utils - INFO - load key [conv2.bias].length : 16, cost time : 0m:0s:0ms
2024-11-15 00:41:48,109 - fed_utils - INFO - load key [fc1.weight].length : 48000, cost time : 0m:0s:0ms
2024-11-15 00:41:48,109 - fed_utils - INFO - load key [fc1.bias].length : 120, cost time : 0m:0s:0ms
2024-11-15 00:41:48,110 - fed_utils - INFO - load key [fc2.weight].length : 10080, cost time : 0m:0s:0ms
2024-11-15 00:41:48,110 - fed_utils - INFO - load key [fc2.bias].length : 84, cost time : 0m:0s:0ms
2024-11-15 00:41:54,872 - fed_utils - INFO - encrypting key [fc3.weight].length : 840, cost time : 0m:6s:762ms
2024-11-15 00:41:54,951 - fed_utils - INFO - encrypting key [fc3.bias].length : 10, cost time : 0m:0s:79ms
2024-11-15 00:41:54,951 - fl_main - INFO - Server receive client_dict[f_00006] info ...
2024-11-15 00:41:54,952 - fl_main - INFO - ----- client id [f_00007] -----
2024-11-15 00:41:54,953 - client_base - INFO - recover model cost time : 0m:0s:0ms
2024-11-15 00:41:54,953 - fl_main - INFO - client_dict[f_00007] training ...
2024-11-15 00:41:54,954 - client_base - INFO - client_dict[f_00007] training epoch : 0
2024-11-15 00:41:55,458 - client_base - INFO - local model train cost time : 0m:0s:504ms
2024-11-15 00:41:55,459 - client_base - INFO - model encode time : 0m:0s:1ms
2024-11-15 00:41:55,460 - fl_main - INFO - client_dict[f_00007] local model encrypting ...
2024-11-15 00:41:56,642 - fed_utils - INFO - encrypting key [conv1.weight].length : 150, cost time : 0m:1s:182ms
2024-11-15 00:41:56,690 - fed_utils - INFO - encrypting key [conv1.bias].length : 6, cost time : 0m:0s:48ms
2024-11-15 00:41:56,690 - fed_utils - INFO - load key [conv2.weight].length : 2400, cost time : 0m:0s:0ms
2024-11-15 00:41:56,690 - fed_utils - INFO - load key [conv2.bias].length : 16, cost time : 0m:0s:0ms
2024-11-15 00:41:56,691 - fed_utils - INFO - load key [fc1.weight].length : 48000, cost time : 0m:0s:0ms
2024-11-15 00:41:56,691 - fed_utils - INFO - load key [fc1.bias].length : 120, cost time : 0m:0s:0ms
2024-11-15 00:41:56,692 - fed_utils - INFO - load key [fc2.weight].length : 10080, cost time : 0m:0s:0ms
2024-11-15 00:41:56,692 - fed_utils - INFO - load key [fc2.bias].length : 84, cost time : 0m:0s:0ms
2024-11-15 00:42:03,318 - fed_utils - INFO - encrypting key [fc3.weight].length : 840, cost time : 0m:6s:626ms
2024-11-15 00:42:03,397 - fed_utils - INFO - encrypting key [fc3.bias].length : 10, cost time : 0m:0s:79ms
2024-11-15 00:42:03,397 - fl_main - INFO - Server receive client_dict[f_00007] info ...
2024-11-15 00:42:03,397 - fl_main - INFO - ----- client id [f_00008] -----
2024-11-15 00:42:03,398 - client_base - INFO - recover model cost time : 0m:0s:0ms
2024-11-15 00:42:03,399 - fl_main - INFO - client_dict[f_00008] training ...
2024-11-15 00:42:03,399 - client_base - INFO - client_dict[f_00008] training epoch : 0
2024-11-15 00:42:03,917 - client_base - INFO - local model train cost time : 0m:0s:517ms
2024-11-15 00:42:03,918 - client_base - INFO - model encode time : 0m:0s:1ms
2024-11-15 00:42:03,918 - fl_main - INFO - client_dict[f_00008] local model encrypting ...
2024-11-15 00:42:05,185 - fed_utils - INFO - encrypting key [conv1.weight].length : 150, cost time : 0m:1s:267ms
2024-11-15 00:42:05,264 - fed_utils - INFO - encrypting key [conv1.bias].length : 6, cost time : 0m:0s:78ms
2024-11-15 00:42:05,264 - fed_utils - INFO - load key [conv2.weight].length : 2400, cost time : 0m:0s:0ms
2024-11-15 00:42:05,264 - fed_utils - INFO - load key [conv2.bias].length : 16, cost time : 0m:0s:0ms
2024-11-15 00:42:05,266 - fed_utils - INFO - load key [fc1.weight].length : 48000, cost time : 0m:0s:1ms
2024-11-15 00:42:05,266 - fed_utils - INFO - load key [fc1.bias].length : 120, cost time : 0m:0s:0ms
2024-11-15 00:42:05,266 - fed_utils - INFO - load key [fc2.weight].length : 10080, cost time : 0m:0s:0ms
2024-11-15 00:42:05,266 - fed_utils - INFO - load key [fc2.bias].length : 84, cost time : 0m:0s:0ms
2024-11-15 00:42:11,976 - fed_utils - INFO - encrypting key [fc3.weight].length : 840, cost time : 0m:6s:709ms
2024-11-15 00:42:12,055 - fed_utils - INFO - encrypting key [fc3.bias].length : 10, cost time : 0m:0s:79ms
2024-11-15 00:42:12,055 - fl_main - INFO - Server receive client_dict[f_00008] info ...
2024-11-15 00:42:12,056 - fl_main - INFO - ----- client id [f_00009] -----
2024-11-15 00:42:12,057 - client_base - INFO - recover model cost time : 0m:0s:0ms
2024-11-15 00:42:12,057 - fl_main - INFO - client_dict[f_00009] training ...
2024-11-15 00:42:12,057 - client_base - INFO - client_dict[f_00009] training epoch : 0
2024-11-15 00:42:12,574 - client_base - INFO - local model train cost time : 0m:0s:516ms
2024-11-15 00:42:12,575 - client_base - INFO - model encode time : 0m:0s:1ms
2024-11-15 00:42:12,576 - fl_main - INFO - client_dict[f_00009] local model encrypting ...
2024-11-15 00:42:13,759 - fed_utils - INFO - encrypting key [conv1.weight].length : 150, cost time : 0m:1s:183ms
2024-11-15 00:42:13,807 - fed_utils - INFO - encrypting key [conv1.bias].length : 6, cost time : 0m:0s:47ms
2024-11-15 00:42:13,808 - fed_utils - INFO - load key [conv2.weight].length : 2400, cost time : 0m:0s:0ms
2024-11-15 00:42:13,808 - fed_utils - INFO - load key [conv2.bias].length : 16, cost time : 0m:0s:0ms
2024-11-15 00:42:13,809 - fed_utils - INFO - load key [fc1.weight].length : 48000, cost time : 0m:0s:1ms
2024-11-15 00:42:13,809 - fed_utils - INFO - load key [fc1.bias].length : 120, cost time : 0m:0s:0ms
2024-11-15 00:42:13,809 - fed_utils - INFO - load key [fc2.weight].length : 10080, cost time : 0m:0s:0ms
2024-11-15 00:42:13,809 - fed_utils - INFO - load key [fc2.bias].length : 84, cost time : 0m:0s:0ms
2024-11-15 00:42:20,561 - fed_utils - INFO - encrypting key [fc3.weight].length : 840, cost time : 0m:6s:751ms
2024-11-15 00:42:20,640 - fed_utils - INFO - encrypting key [fc3.bias].length : 10, cost time : 0m:0s:79ms
2024-11-15 00:42:20,640 - fl_main - INFO - Server receive client_dict[f_00009] info ...
2024-11-15 00:42:20,641 - fl_main - INFO - global aggregation process ...
2024-11-15 00:42:20,641 - fed_utils - INFO - server.n_data : 60000
2024-11-15 00:42:20,641 - fed_utils - INFO - client_dict[f_00000].weight : 0.100000
2024-11-15 00:42:20,641 - fed_utils - INFO - client_dict[f_00001].weight : 0.100000
2024-11-15 00:42:20,641 - fed_utils - INFO - client_dict[f_00002].weight : 0.100000
2024-11-15 00:42:20,641 - fed_utils - INFO - client_dict[f_00003].weight : 0.100000
2024-11-15 00:42:20,641 - fed_utils - INFO - client_dict[f_00004].weight : 0.100000
2024-11-15 00:42:20,641 - fed_utils - INFO - client_dict[f_00005].weight : 0.100000
2024-11-15 00:42:20,641 - fed_utils - INFO - client_dict[f_00006].weight : 0.100000
2024-11-15 00:42:20,641 - fed_utils - INFO - client_dict[f_00007].weight : 0.100000
2024-11-15 00:42:20,641 - fed_utils - INFO - client_dict[f_00008].weight : 0.100000
2024-11-15 00:42:20,641 - fed_utils - INFO - client_dict[f_00009].weight : 0.100000
2024-11-15 00:42:20,641 - fed_utils - INFO - recover secret number by clients: 361.200000
2024-11-15 00:42:20,641 - server_base - INFO - Server aggregate model with homomorphic encryption ...
2024-11-15 00:42:23,705 - server_base - INFO - Server aggregate model done, cost time : 0m:3s:63ms
2024-11-15 00:42:24,045 - fed_utils - INFO - decrypting key [conv1.weight].shape [torch.Size([6, 1, 5, 5])]
2024-11-15 00:42:24,059 - fed_utils - INFO - decrypting key [conv1.bias].shape [torch.Size([6])]
2024-11-15 00:42:24,059 - fed_utils - INFO - decrypting key [conv2.weight].shape [torch.Size([16, 6, 5, 5])]
2024-11-15 00:42:24,059 - fed_utils - INFO - decrypting key [conv2.bias].shape [torch.Size([16])]
2024-11-15 00:42:24,059 - fed_utils - INFO - decrypting key [fc1.weight].shape [torch.Size([120, 400])]
2024-11-15 00:42:24,059 - fed_utils - INFO - decrypting key [fc1.bias].shape [torch.Size([120])]
2024-11-15 00:42:24,059 - fed_utils - INFO - decrypting key [fc2.weight].shape [torch.Size([84, 120])]
2024-11-15 00:42:24,059 - fed_utils - INFO - decrypting key [fc2.bias].shape [torch.Size([84])]
2024-11-15 00:42:25,962 - fed_utils - INFO - decrypting key [fc3.weight].shape [torch.Size([10, 84])]
2024-11-15 00:42:25,985 - fed_utils - INFO - decrypting key [fc3.bias].shape [torch.Size([10])]
2024-11-15 00:42:25,985 - fed_utils - INFO - decrypt time : [0m:2s:280ms]
2024-11-15 00:42:25,990 - fl_main - INFO - [global round : 6] aggregated model accuracy : 0.8724000000000001
2024-11-15 00:42:25,990 - fl_main - INFO - [global round : 6] aggregated model loss : 0.42834391354256357
2024-11-15 00:42:25,991 - fl_main - INFO - global round : 7
2024-11-15 00:42:25,991 - fl_main - INFO - the random client id to test accuracy : f_00001
2024-11-15 00:42:25,991 - fl_main - INFO - ----- client id [f_00000] -----
2024-11-15 00:42:25,992 - client_base - INFO - recover model cost time : 0m:0s:0ms
2024-11-15 00:42:25,992 - fl_main - INFO - client_dict[f_00000] training ...
2024-11-15 00:42:25,993 - client_base - INFO - client_dict[f_00000] training epoch : 0
2024-11-15 00:42:26,512 - client_base - INFO - local model train cost time : 0m:0s:519ms
2024-11-15 00:42:26,514 - client_base - INFO - model encode time : 0m:0s:1ms
2024-11-15 00:42:26,514 - fl_main - INFO - client_dict[f_00000] local model encrypting ...
2024-11-15 00:42:27,698 - fed_utils - INFO - encrypting key [conv1.weight].length : 150, cost time : 0m:1s:183ms
2024-11-15 00:42:27,746 - fed_utils - INFO - encrypting key [conv1.bias].length : 6, cost time : 0m:0s:47ms
2024-11-15 00:42:27,746 - fed_utils - INFO - load key [conv2.weight].length : 2400, cost time : 0m:0s:0ms
2024-11-15 00:42:27,746 - fed_utils - INFO - load key [conv2.bias].length : 16, cost time : 0m:0s:0ms
2024-11-15 00:42:27,747 - fed_utils - INFO - load key [fc1.weight].length : 48000, cost time : 0m:0s:0ms
2024-11-15 00:42:27,747 - fed_utils - INFO - load key [fc1.bias].length : 120, cost time : 0m:0s:0ms
2024-11-15 00:42:27,747 - fed_utils - INFO - load key [fc2.weight].length : 10080, cost time : 0m:0s:0ms
2024-11-15 00:42:27,747 - fed_utils - INFO - load key [fc2.bias].length : 84, cost time : 0m:0s:0ms
2024-11-15 00:42:34,367 - fed_utils - INFO - encrypting key [fc3.weight].length : 840, cost time : 0m:6s:619ms
2024-11-15 00:42:34,447 - fed_utils - INFO - encrypting key [fc3.bias].length : 10, cost time : 0m:0s:79ms
2024-11-15 00:42:34,448 - fl_main - INFO - Server receive client_dict[f_00000] info ...
2024-11-15 00:42:34,448 - fl_main - INFO - ----- client id [f_00001] -----
2024-11-15 00:42:34,449 - client_base - INFO - recover model cost time : 0m:0s:0ms
2024-11-15 00:42:35,404 - fl_main - INFO - global round [7] client_dict[f_00001].accuracy : 0.895200
2024-11-15 00:42:35,404 - fl_main - INFO - client_dict[f_00001] training ...
2024-11-15 00:42:35,405 - client_base - INFO - client_dict[f_00001] training epoch : 0
2024-11-15 00:42:35,908 - client_base - INFO - local model train cost time : 0m:0s:502ms
2024-11-15 00:42:35,909 - client_base - INFO - model encode time : 0m:0s:1ms
2024-11-15 00:42:35,910 - fl_main - INFO - client_dict[f_00001] local model encrypting ...
2024-11-15 00:42:37,093 - fed_utils - INFO - encrypting key [conv1.weight].length : 150, cost time : 0m:1s:183ms
2024-11-15 00:42:37,141 - fed_utils - INFO - encrypting key [conv1.bias].length : 6, cost time : 0m:0s:47ms
2024-11-15 00:42:37,141 - fed_utils - INFO - load key [conv2.weight].length : 2400, cost time : 0m:0s:0ms
2024-11-15 00:42:37,141 - fed_utils - INFO - load key [conv2.bias].length : 16, cost time : 0m:0s:0ms
2024-11-15 00:42:37,142 - fed_utils - INFO - load key [fc1.weight].length : 48000, cost time : 0m:0s:0ms
2024-11-15 00:42:37,142 - fed_utils - INFO - load key [fc1.bias].length : 120, cost time : 0m:0s:0ms
2024-11-15 00:42:37,143 - fed_utils - INFO - load key [fc2.weight].length : 10080, cost time : 0m:0s:0ms
2024-11-15 00:42:37,143 - fed_utils - INFO - load key [fc2.bias].length : 84, cost time : 0m:0s:0ms
2024-11-15 00:42:43,772 - fed_utils - INFO - encrypting key [fc3.weight].length : 840, cost time : 0m:6s:628ms
2024-11-15 00:42:43,851 - fed_utils - INFO - encrypting key [fc3.bias].length : 10, cost time : 0m:0s:79ms
2024-11-15 00:42:43,851 - fl_main - INFO - Server receive client_dict[f_00001] info ...
2024-11-15 00:42:43,851 - fl_main - INFO - ----- client id [f_00002] -----
2024-11-15 00:42:43,852 - client_base - INFO - recover model cost time : 0m:0s:0ms
2024-11-15 00:42:43,852 - fl_main - INFO - client_dict[f_00002] training ...
2024-11-15 00:42:43,853 - client_base - INFO - client_dict[f_00002] training epoch : 0
2024-11-15 00:42:44,388 - client_base - INFO - local model train cost time : 0m:0s:534ms
2024-11-15 00:42:44,389 - client_base - INFO - model encode time : 0m:0s:1ms
2024-11-15 00:42:44,389 - fl_main - INFO - client_dict[f_00002] local model encrypting ...
2024-11-15 00:42:45,572 - fed_utils - INFO - encrypting key [conv1.weight].length : 150, cost time : 0m:1s:182ms
2024-11-15 00:42:45,620 - fed_utils - INFO - encrypting key [conv1.bias].length : 6, cost time : 0m:0s:47ms
2024-11-15 00:42:45,620 - fed_utils - INFO - load key [conv2.weight].length : 2400, cost time : 0m:0s:0ms
2024-11-15 00:42:45,620 - fed_utils - INFO - load key [conv2.bias].length : 16, cost time : 0m:0s:0ms
2024-11-15 00:42:45,621 - fed_utils - INFO - load key [fc1.weight].length : 48000, cost time : 0m:0s:0ms
2024-11-15 00:42:45,621 - fed_utils - INFO - load key [fc1.bias].length : 120, cost time : 0m:0s:0ms
2024-11-15 00:42:45,622 - fed_utils - INFO - load key [fc2.weight].length : 10080, cost time : 0m:0s:0ms
2024-11-15 00:42:45,622 - fed_utils - INFO - load key [fc2.bias].length : 84, cost time : 0m:0s:0ms
2024-11-15 00:42:52,412 - fed_utils - INFO - encrypting key [fc3.weight].length : 840, cost time : 0m:6s:790ms
2024-11-15 00:42:52,492 - fed_utils - INFO - encrypting key [fc3.bias].length : 10, cost time : 0m:0s:79ms
2024-11-15 00:42:52,492 - fl_main - INFO - Server receive client_dict[f_00002] info ...
2024-11-15 00:42:52,492 - fl_main - INFO - ----- client id [f_00003] -----
2024-11-15 00:42:52,493 - client_base - INFO - recover model cost time : 0m:0s:0ms
2024-11-15 00:42:52,493 - fl_main - INFO - client_dict[f_00003] training ...
2024-11-15 00:42:52,494 - client_base - INFO - client_dict[f_00003] training epoch : 0
2024-11-15 00:42:52,985 - client_base - INFO - local model train cost time : 0m:0s:491ms
2024-11-15 00:42:52,987 - client_base - INFO - model encode time : 0m:0s:1ms
2024-11-15 00:42:52,987 - fl_main - INFO - client_dict[f_00003] local model encrypting ...
2024-11-15 00:42:54,171 - fed_utils - INFO - encrypting key [conv1.weight].length : 150, cost time : 0m:1s:183ms
2024-11-15 00:42:54,219 - fed_utils - INFO - encrypting key [conv1.bias].length : 6, cost time : 0m:0s:47ms
2024-11-15 00:42:54,219 - fed_utils - INFO - load key [conv2.weight].length : 2400, cost time : 0m:0s:0ms
2024-11-15 00:42:54,219 - fed_utils - INFO - load key [conv2.bias].length : 16, cost time : 0m:0s:0ms
2024-11-15 00:42:54,220 - fed_utils - INFO - load key [fc1.weight].length : 48000, cost time : 0m:0s:0ms
2024-11-15 00:42:54,220 - fed_utils - INFO - load key [fc1.bias].length : 120, cost time : 0m:0s:0ms
2024-11-15 00:42:54,220 - fed_utils - INFO - load key [fc2.weight].length : 10080, cost time : 0m:0s:0ms
2024-11-15 00:42:54,220 - fed_utils - INFO - load key [fc2.bias].length : 84, cost time : 0m:0s:0ms
2024-11-15 00:43:00,854 - fed_utils - INFO - encrypting key [fc3.weight].length : 840, cost time : 0m:6s:633ms
2024-11-15 00:43:00,933 - fed_utils - INFO - encrypting key [fc3.bias].length : 10, cost time : 0m:0s:79ms
2024-11-15 00:43:00,933 - fl_main - INFO - Server receive client_dict[f_00003] info ...
2024-11-15 00:43:00,933 - fl_main - INFO - ----- client id [f_00004] -----
2024-11-15 00:43:00,934 - client_base - INFO - recover model cost time : 0m:0s:0ms
2024-11-15 00:43:00,934 - fl_main - INFO - client_dict[f_00004] training ...
2024-11-15 00:43:00,935 - client_base - INFO - client_dict[f_00004] training epoch : 0
2024-11-15 00:43:01,439 - client_base - INFO - local model train cost time : 0m:0s:504ms
2024-11-15 00:43:01,441 - client_base - INFO - model encode time : 0m:0s:1ms
2024-11-15 00:43:01,441 - fl_main - INFO - client_dict[f_00004] local model encrypting ...
2024-11-15 00:43:02,623 - fed_utils - INFO - encrypting key [conv1.weight].length : 150, cost time : 0m:1s:182ms
2024-11-15 00:43:02,671 - fed_utils - INFO - encrypting key [conv1.bias].length : 6, cost time : 0m:0s:47ms
2024-11-15 00:43:02,671 - fed_utils - INFO - load key [conv2.weight].length : 2400, cost time : 0m:0s:0ms
2024-11-15 00:43:02,672 - fed_utils - INFO - load key [conv2.bias].length : 16, cost time : 0m:0s:0ms
2024-11-15 00:43:02,672 - fed_utils - INFO - load key [fc1.weight].length : 48000, cost time : 0m:0s:0ms
2024-11-15 00:43:02,673 - fed_utils - INFO - load key [fc1.bias].length : 120, cost time : 0m:0s:0ms
2024-11-15 00:43:02,673 - fed_utils - INFO - load key [fc2.weight].length : 10080, cost time : 0m:0s:0ms
2024-11-15 00:43:02,673 - fed_utils - INFO - load key [fc2.bias].length : 84, cost time : 0m:0s:0ms
2024-11-15 00:43:09,469 - fed_utils - INFO - encrypting key [fc3.weight].length : 840, cost time : 0m:6s:796ms
2024-11-15 00:43:09,549 - fed_utils - INFO - encrypting key [fc3.bias].length : 10, cost time : 0m:0s:79ms
2024-11-15 00:43:09,549 - fl_main - INFO - Server receive client_dict[f_00004] info ...
2024-11-15 00:43:09,549 - fl_main - INFO - ----- client id [f_00005] -----
2024-11-15 00:43:09,550 - client_base - INFO - recover model cost time : 0m:0s:0ms
2024-11-15 00:43:09,550 - fl_main - INFO - client_dict[f_00005] training ...
2024-11-15 00:43:09,551 - client_base - INFO - client_dict[f_00005] training epoch : 0
2024-11-15 00:43:10,065 - client_base - INFO - local model train cost time : 0m:0s:514ms
2024-11-15 00:43:10,067 - client_base - INFO - model encode time : 0m:0s:1ms
2024-11-15 00:43:10,067 - fl_main - INFO - client_dict[f_00005] local model encrypting ...
2024-11-15 00:43:11,251 - fed_utils - INFO - encrypting key [conv1.weight].length : 150, cost time : 0m:1s:184ms
2024-11-15 00:43:11,299 - fed_utils - INFO - encrypting key [conv1.bias].length : 6, cost time : 0m:0s:47ms
2024-11-15 00:43:11,299 - fed_utils - INFO - load key [conv2.weight].length : 2400, cost time : 0m:0s:0ms
2024-11-15 00:43:11,299 - fed_utils - INFO - load key [conv2.bias].length : 16, cost time : 0m:0s:0ms
2024-11-15 00:43:11,300 - fed_utils - INFO - load key [fc1.weight].length : 48000, cost time : 0m:0s:0ms
2024-11-15 00:43:11,300 - fed_utils - INFO - load key [fc1.bias].length : 120, cost time : 0m:0s:0ms
2024-11-15 00:43:11,300 - fed_utils - INFO - load key [fc2.weight].length : 10080, cost time : 0m:0s:0ms
2024-11-15 00:43:11,300 - fed_utils - INFO - load key [fc2.bias].length : 84, cost time : 0m:0s:0ms
2024-11-15 00:43:17,933 - fed_utils - INFO - encrypting key [fc3.weight].length : 840, cost time : 0m:6s:632ms
2024-11-15 00:43:18,012 - fed_utils - INFO - encrypting key [fc3.bias].length : 10, cost time : 0m:0s:79ms
2024-11-15 00:43:18,012 - fl_main - INFO - Server receive client_dict[f_00005] info ...
2024-11-15 00:43:18,012 - fl_main - INFO - ----- client id [f_00006] -----
2024-11-15 00:43:18,013 - client_base - INFO - recover model cost time : 0m:0s:0ms
2024-11-15 00:43:18,014 - fl_main - INFO - client_dict[f_00006] training ...
2024-11-15 00:43:18,014 - client_base - INFO - client_dict[f_00006] training epoch : 0
2024-11-15 00:43:18,526 - client_base - INFO - local model train cost time : 0m:0s:512ms
2024-11-15 00:43:18,528 - client_base - INFO - model encode time : 0m:0s:1ms
2024-11-15 00:43:18,528 - fl_main - INFO - client_dict[f_00006] local model encrypting ...
2024-11-15 00:43:19,717 - fed_utils - INFO - encrypting key [conv1.weight].length : 150, cost time : 0m:1s:188ms
2024-11-15 00:43:19,771 - fed_utils - INFO - encrypting key [conv1.bias].length : 6, cost time : 0m:0s:53ms
2024-11-15 00:43:19,771 - fed_utils - INFO - load key [conv2.weight].length : 2400, cost time : 0m:0s:0ms
2024-11-15 00:43:19,771 - fed_utils - INFO - load key [conv2.bias].length : 16, cost time : 0m:0s:0ms
2024-11-15 00:43:19,772 - fed_utils - INFO - load key [fc1.weight].length : 48000, cost time : 0m:0s:0ms
2024-11-15 00:43:19,772 - fed_utils - INFO - load key [fc1.bias].length : 120, cost time : 0m:0s:0ms
2024-11-15 00:43:19,772 - fed_utils - INFO - load key [fc2.weight].length : 10080, cost time : 0m:0s:0ms
2024-11-15 00:43:19,772 - fed_utils - INFO - load key [fc2.bias].length : 84, cost time : 0m:0s:0ms
2024-11-15 00:43:26,538 - fed_utils - INFO - encrypting key [fc3.weight].length : 840, cost time : 0m:6s:766ms
2024-11-15 00:43:26,618 - fed_utils - INFO - encrypting key [fc3.bias].length : 10, cost time : 0m:0s:79ms
2024-11-15 00:43:26,618 - fl_main - INFO - Server receive client_dict[f_00006] info ...
2024-11-15 00:43:26,618 - fl_main - INFO - ----- client id [f_00007] -----
2024-11-15 00:43:26,619 - client_base - INFO - recover model cost time : 0m:0s:0ms
2024-11-15 00:43:26,619 - fl_main - INFO - client_dict[f_00007] training ...
2024-11-15 00:43:26,620 - client_base - INFO - client_dict[f_00007] training epoch : 0
2024-11-15 00:43:27,116 - client_base - INFO - local model train cost time : 0m:0s:495ms
2024-11-15 00:43:27,117 - client_base - INFO - model encode time : 0m:0s:1ms
2024-11-15 00:43:27,118 - fl_main - INFO - client_dict[f_00007] local model encrypting ...
2024-11-15 00:43:28,305 - fed_utils - INFO - encrypting key [conv1.weight].length : 150, cost time : 0m:1s:187ms
2024-11-15 00:43:28,353 - fed_utils - INFO - encrypting key [conv1.bias].length : 6, cost time : 0m:0s:47ms
2024-11-15 00:43:28,353 - fed_utils - INFO - load key [conv2.weight].length : 2400, cost time : 0m:0s:0ms
2024-11-15 00:43:28,353 - fed_utils - INFO - load key [conv2.bias].length : 16, cost time : 0m:0s:0ms
2024-11-15 00:43:28,354 - fed_utils - INFO - load key [fc1.weight].length : 48000, cost time : 0m:0s:0ms
2024-11-15 00:43:28,354 - fed_utils - INFO - load key [fc1.bias].length : 120, cost time : 0m:0s:0ms
2024-11-15 00:43:28,354 - fed_utils - INFO - load key [fc2.weight].length : 10080, cost time : 0m:0s:0ms
2024-11-15 00:43:28,354 - fed_utils - INFO - load key [fc2.bias].length : 84, cost time : 0m:0s:0ms
2024-11-15 00:43:34,986 - fed_utils - INFO - encrypting key [fc3.weight].length : 840, cost time : 0m:6s:631ms
2024-11-15 00:43:35,112 - fed_utils - INFO - encrypting key [fc3.bias].length : 10, cost time : 0m:0s:126ms
2024-11-15 00:43:35,112 - fl_main - INFO - Server receive client_dict[f_00007] info ...
2024-11-15 00:43:35,113 - fl_main - INFO - ----- client id [f_00008] -----
2024-11-15 00:43:35,127 - client_base - INFO - recover model cost time : 0m:0s:5ms
2024-11-15 00:43:35,135 - fl_main - INFO - client_dict[f_00008] training ...
2024-11-15 00:43:35,136 - client_base - INFO - client_dict[f_00008] training epoch : 0
2024-11-15 00:43:35,702 - client_base - INFO - local model train cost time : 0m:0s:566ms
2024-11-15 00:43:35,704 - client_base - INFO - model encode time : 0m:0s:1ms
2024-11-15 00:43:35,704 - fl_main - INFO - client_dict[f_00008] local model encrypting ...
2024-11-15 00:43:36,890 - fed_utils - INFO - encrypting key [conv1.weight].length : 150, cost time : 0m:1s:185ms
2024-11-15 00:43:36,938 - fed_utils - INFO - encrypting key [conv1.bias].length : 6, cost time : 0m:0s:48ms
2024-11-15 00:43:36,938 - fed_utils - INFO - load key [conv2.weight].length : 2400, cost time : 0m:0s:0ms
2024-11-15 00:43:36,938 - fed_utils - INFO - load key [conv2.bias].length : 16, cost time : 0m:0s:0ms
2024-11-15 00:43:36,939 - fed_utils - INFO - load key [fc1.weight].length : 48000, cost time : 0m:0s:0ms
2024-11-15 00:43:36,939 - fed_utils - INFO - load key [fc1.bias].length : 120, cost time : 0m:0s:0ms
2024-11-15 00:43:36,940 - fed_utils - INFO - load key [fc2.weight].length : 10080, cost time : 0m:0s:0ms
2024-11-15 00:43:36,940 - fed_utils - INFO - load key [fc2.bias].length : 84, cost time : 0m:0s:0ms
2024-11-15 00:43:43,573 - fed_utils - INFO - encrypting key [fc3.weight].length : 840, cost time : 0m:6s:633ms
2024-11-15 00:43:43,653 - fed_utils - INFO - encrypting key [fc3.bias].length : 10, cost time : 0m:0s:79ms
2024-11-15 00:43:43,653 - fl_main - INFO - Server receive client_dict[f_00008] info ...
2024-11-15 00:43:43,653 - fl_main - INFO - ----- client id [f_00009] -----
2024-11-15 00:43:43,654 - client_base - INFO - recover model cost time : 0m:0s:0ms
2024-11-15 00:43:43,654 - fl_main - INFO - client_dict[f_00009] training ...
2024-11-15 00:43:43,655 - client_base - INFO - client_dict[f_00009] training epoch : 0
2024-11-15 00:43:44,145 - client_base - INFO - local model train cost time : 0m:0s:490ms
2024-11-15 00:43:44,147 - client_base - INFO - model encode time : 0m:0s:1ms
2024-11-15 00:43:44,147 - fl_main - INFO - client_dict[f_00009] local model encrypting ...
2024-11-15 00:43:45,331 - fed_utils - INFO - encrypting key [conv1.weight].length : 150, cost time : 0m:1s:183ms
2024-11-15 00:43:45,378 - fed_utils - INFO - encrypting key [conv1.bias].length : 6, cost time : 0m:0s:47ms
2024-11-15 00:43:45,379 - fed_utils - INFO - load key [conv2.weight].length : 2400, cost time : 0m:0s:0ms
2024-11-15 00:43:45,379 - fed_utils - INFO - load key [conv2.bias].length : 16, cost time : 0m:0s:0ms
2024-11-15 00:43:45,380 - fed_utils - INFO - load key [fc1.weight].length : 48000, cost time : 0m:0s:1ms
2024-11-15 00:43:45,380 - fed_utils - INFO - load key [fc1.bias].length : 120, cost time : 0m:0s:0ms
2024-11-15 00:43:45,380 - fed_utils - INFO - load key [fc2.weight].length : 10080, cost time : 0m:0s:0ms
2024-11-15 00:43:45,380 - fed_utils - INFO - load key [fc2.bias].length : 84, cost time : 0m:0s:0ms
2024-11-15 00:43:52,134 - fed_utils - INFO - encrypting key [fc3.weight].length : 840, cost time : 0m:6s:753ms
2024-11-15 00:43:52,213 - fed_utils - INFO - encrypting key [fc3.bias].length : 10, cost time : 0m:0s:79ms
2024-11-15 00:43:52,213 - fl_main - INFO - Server receive client_dict[f_00009] info ...
2024-11-15 00:43:52,214 - fl_main - INFO - global aggregation process ...
2024-11-15 00:43:52,214 - fed_utils - INFO - server.n_data : 60000
2024-11-15 00:43:52,214 - fed_utils - INFO - client_dict[f_00000].weight : 0.100000
2024-11-15 00:43:52,214 - fed_utils - INFO - client_dict[f_00001].weight : 0.100000
2024-11-15 00:43:52,214 - fed_utils - INFO - client_dict[f_00002].weight : 0.100000
2024-11-15 00:43:52,214 - fed_utils - INFO - client_dict[f_00003].weight : 0.100000
2024-11-15 00:43:52,214 - fed_utils - INFO - client_dict[f_00004].weight : 0.100000
2024-11-15 00:43:52,214 - fed_utils - INFO - client_dict[f_00005].weight : 0.100000
2024-11-15 00:43:52,214 - fed_utils - INFO - client_dict[f_00006].weight : 0.100000
2024-11-15 00:43:52,214 - fed_utils - INFO - client_dict[f_00007].weight : 0.100000
2024-11-15 00:43:52,214 - fed_utils - INFO - client_dict[f_00008].weight : 0.100000
2024-11-15 00:43:52,214 - fed_utils - INFO - client_dict[f_00009].weight : 0.100000
2024-11-15 00:43:52,214 - fed_utils - INFO - recover secret number by clients: 361.200000
2024-11-15 00:43:52,214 - server_base - INFO - Server aggregate model with homomorphic encryption ...
2024-11-15 00:43:55,283 - server_base - INFO - Server aggregate model done, cost time : 0m:3s:68ms
2024-11-15 00:43:55,622 - fed_utils - INFO - decrypting key [conv1.weight].shape [torch.Size([6, 1, 5, 5])]
2024-11-15 00:43:55,636 - fed_utils - INFO - decrypting key [conv1.bias].shape [torch.Size([6])]
2024-11-15 00:43:55,636 - fed_utils - INFO - decrypting key [conv2.weight].shape [torch.Size([16, 6, 5, 5])]
2024-11-15 00:43:55,636 - fed_utils - INFO - decrypting key [conv2.bias].shape [torch.Size([16])]
2024-11-15 00:43:55,636 - fed_utils - INFO - decrypting key [fc1.weight].shape [torch.Size([120, 400])]
2024-11-15 00:43:55,636 - fed_utils - INFO - decrypting key [fc1.bias].shape [torch.Size([120])]
2024-11-15 00:43:55,636 - fed_utils - INFO - decrypting key [fc2.weight].shape [torch.Size([84, 120])]
2024-11-15 00:43:55,636 - fed_utils - INFO - decrypting key [fc2.bias].shape [torch.Size([84])]
2024-11-15 00:43:57,536 - fed_utils - INFO - decrypting key [fc3.weight].shape [torch.Size([10, 84])]
2024-11-15 00:43:57,559 - fed_utils - INFO - decrypting key [fc3.bias].shape [torch.Size([10])]
2024-11-15 00:43:57,559 - fed_utils - INFO - decrypt time : [0m:2s:275ms]
2024-11-15 00:43:57,564 - fl_main - INFO - [global round : 7] aggregated model accuracy : 0.8952
2024-11-15 00:43:57,564 - fl_main - INFO - [global round : 7] aggregated model loss : 0.3834204853050854
2024-11-15 00:43:57,564 - fl_main - INFO - global round : 8
2024-11-15 00:43:57,564 - fl_main - INFO - the random client id to test accuracy : f_00001
2024-11-15 00:43:57,564 - fl_main - INFO - ----- client id [f_00000] -----
2024-11-15 00:43:57,566 - client_base - INFO - recover model cost time : 0m:0s:0ms
2024-11-15 00:43:57,566 - fl_main - INFO - client_dict[f_00000] training ...
2024-11-15 00:43:57,567 - client_base - INFO - client_dict[f_00000] training epoch : 0
2024-11-15 00:43:58,075 - client_base - INFO - local model train cost time : 0m:0s:508ms
2024-11-15 00:43:58,076 - client_base - INFO - model encode time : 0m:0s:1ms
2024-11-15 00:43:58,076 - fl_main - INFO - client_dict[f_00000] local model encrypting ...
2024-11-15 00:43:59,261 - fed_utils - INFO - encrypting key [conv1.weight].length : 150, cost time : 0m:1s:184ms
2024-11-15 00:43:59,309 - fed_utils - INFO - encrypting key [conv1.bias].length : 6, cost time : 0m:0s:48ms
2024-11-15 00:43:59,309 - fed_utils - INFO - load key [conv2.weight].length : 2400, cost time : 0m:0s:0ms
2024-11-15 00:43:59,309 - fed_utils - INFO - load key [conv2.bias].length : 16, cost time : 0m:0s:0ms
2024-11-15 00:43:59,310 - fed_utils - INFO - load key [fc1.weight].length : 48000, cost time : 0m:0s:0ms
2024-11-15 00:43:59,310 - fed_utils - INFO - load key [fc1.bias].length : 120, cost time : 0m:0s:0ms
2024-11-15 00:43:59,311 - fed_utils - INFO - load key [fc2.weight].length : 10080, cost time : 0m:0s:0ms
2024-11-15 00:43:59,311 - fed_utils - INFO - load key [fc2.bias].length : 84, cost time : 0m:0s:0ms
2024-11-15 00:44:06,068 - fed_utils - INFO - encrypting key [fc3.weight].length : 840, cost time : 0m:6s:757ms
2024-11-15 00:44:06,148 - fed_utils - INFO - encrypting key [fc3.bias].length : 10, cost time : 0m:0s:79ms
2024-11-15 00:44:06,149 - fl_main - INFO - Server receive client_dict[f_00000] info ...
2024-11-15 00:44:06,149 - fl_main - INFO - ----- client id [f_00001] -----
2024-11-15 00:44:06,150 - client_base - INFO - recover model cost time : 0m:0s:0ms
2024-11-15 00:44:06,958 - fl_main - INFO - global round [8] client_dict[f_00001].accuracy : 0.911100
2024-11-15 00:44:06,958 - fl_main - INFO - client_dict[f_00001] training ...
2024-11-15 00:44:06,959 - client_base - INFO - client_dict[f_00001] training epoch : 0
2024-11-15 00:44:07,477 - client_base - INFO - local model train cost time : 0m:0s:518ms
2024-11-15 00:44:07,479 - client_base - INFO - model encode time : 0m:0s:1ms
2024-11-15 00:44:07,479 - fl_main - INFO - client_dict[f_00001] local model encrypting ...
2024-11-15 00:44:08,661 - fed_utils - INFO - encrypting key [conv1.weight].length : 150, cost time : 0m:1s:182ms
2024-11-15 00:44:08,709 - fed_utils - INFO - encrypting key [conv1.bias].length : 6, cost time : 0m:0s:47ms
2024-11-15 00:44:08,709 - fed_utils - INFO - load key [conv2.weight].length : 2400, cost time : 0m:0s:0ms
2024-11-15 00:44:08,709 - fed_utils - INFO - load key [conv2.bias].length : 16, cost time : 0m:0s:0ms
2024-11-15 00:44:08,710 - fed_utils - INFO - load key [fc1.weight].length : 48000, cost time : 0m:0s:0ms
2024-11-15 00:44:08,710 - fed_utils - INFO - load key [fc1.bias].length : 120, cost time : 0m:0s:0ms
2024-11-15 00:44:08,711 - fed_utils - INFO - load key [fc2.weight].length : 10080, cost time : 0m:0s:0ms
2024-11-15 00:44:08,711 - fed_utils - INFO - load key [fc2.bias].length : 84, cost time : 0m:0s:0ms
2024-11-15 00:44:15,334 - fed_utils - INFO - encrypting key [fc3.weight].length : 840, cost time : 0m:6s:622ms
2024-11-15 00:44:15,413 - fed_utils - INFO - encrypting key [fc3.bias].length : 10, cost time : 0m:0s:79ms
2024-11-15 00:44:15,413 - fl_main - INFO - Server receive client_dict[f_00001] info ...
2024-11-15 00:44:15,413 - fl_main - INFO - ----- client id [f_00002] -----
2024-11-15 00:44:15,414 - client_base - INFO - recover model cost time : 0m:0s:0ms
2024-11-15 00:44:15,414 - fl_main - INFO - client_dict[f_00002] training ...
2024-11-15 00:44:15,415 - client_base - INFO - client_dict[f_00002] training epoch : 0
2024-11-15 00:44:15,921 - client_base - INFO - local model train cost time : 0m:0s:506ms
2024-11-15 00:44:15,922 - client_base - INFO - model encode time : 0m:0s:1ms
2024-11-15 00:44:15,923 - fl_main - INFO - client_dict[f_00002] local model encrypting ...
2024-11-15 00:44:17,105 - fed_utils - INFO - encrypting key [conv1.weight].length : 150, cost time : 0m:1s:182ms
2024-11-15 00:44:17,153 - fed_utils - INFO - encrypting key [conv1.bias].length : 6, cost time : 0m:0s:47ms
2024-11-15 00:44:17,153 - fed_utils - INFO - load key [conv2.weight].length : 2400, cost time : 0m:0s:0ms
2024-11-15 00:44:17,153 - fed_utils - INFO - load key [conv2.bias].length : 16, cost time : 0m:0s:0ms
2024-11-15 00:44:17,154 - fed_utils - INFO - load key [fc1.weight].length : 48000, cost time : 0m:0s:0ms
2024-11-15 00:44:17,154 - fed_utils - INFO - load key [fc1.bias].length : 120, cost time : 0m:0s:0ms
2024-11-15 00:44:17,155 - fed_utils - INFO - load key [fc2.weight].length : 10080, cost time : 0m:0s:0ms
2024-11-15 00:44:17,155 - fed_utils - INFO - load key [fc2.bias].length : 84, cost time : 0m:0s:0ms
2024-11-15 00:44:23,902 - fed_utils - INFO - encrypting key [fc3.weight].length : 840, cost time : 0m:6s:747ms
2024-11-15 00:44:23,981 - fed_utils - INFO - encrypting key [fc3.bias].length : 10, cost time : 0m:0s:79ms
2024-11-15 00:44:23,981 - fl_main - INFO - Server receive client_dict[f_00002] info ...
2024-11-15 00:44:23,981 - fl_main - INFO - ----- client id [f_00003] -----
2024-11-15 00:44:23,983 - client_base - INFO - recover model cost time : 0m:0s:0ms
2024-11-15 00:44:23,983 - fl_main - INFO - client_dict[f_00003] training ...
2024-11-15 00:44:23,983 - client_base - INFO - client_dict[f_00003] training epoch : 0
2024-11-15 00:44:24,489 - client_base - INFO - local model train cost time : 0m:0s:505ms
2024-11-15 00:44:24,490 - client_base - INFO - model encode time : 0m:0s:1ms
2024-11-15 00:44:24,490 - fl_main - INFO - client_dict[f_00003] local model encrypting ...
2024-11-15 00:44:25,674 - fed_utils - INFO - encrypting key [conv1.weight].length : 150, cost time : 0m:1s:183ms
2024-11-15 00:44:25,722 - fed_utils - INFO - encrypting key [conv1.bias].length : 6, cost time : 0m:0s:47ms
2024-11-15 00:44:25,722 - fed_utils - INFO - load key [conv2.weight].length : 2400, cost time : 0m:0s:0ms
2024-11-15 00:44:25,723 - fed_utils - INFO - load key [conv2.bias].length : 16, cost time : 0m:0s:0ms
2024-11-15 00:44:25,724 - fed_utils - INFO - load key [fc1.weight].length : 48000, cost time : 0m:0s:0ms
2024-11-15 00:44:25,724 - fed_utils - INFO - load key [fc1.bias].length : 120, cost time : 0m:0s:0ms
2024-11-15 00:44:25,724 - fed_utils - INFO - load key [fc2.weight].length : 10080, cost time : 0m:0s:0ms
2024-11-15 00:44:25,724 - fed_utils - INFO - load key [fc2.bias].length : 84, cost time : 0m:0s:0ms
2024-11-15 00:44:32,352 - fed_utils - INFO - encrypting key [fc3.weight].length : 840, cost time : 0m:6s:627ms
2024-11-15 00:44:32,431 - fed_utils - INFO - encrypting key [fc3.bias].length : 10, cost time : 0m:0s:79ms
2024-11-15 00:44:32,431 - fl_main - INFO - Server receive client_dict[f_00003] info ...
2024-11-15 00:44:32,431 - fl_main - INFO - ----- client id [f_00004] -----
2024-11-15 00:44:32,432 - client_base - INFO - recover model cost time : 0m:0s:0ms
2024-11-15 00:44:32,432 - fl_main - INFO - client_dict[f_00004] training ...
2024-11-15 00:44:32,433 - client_base - INFO - client_dict[f_00004] training epoch : 0
2024-11-15 00:44:32,941 - client_base - INFO - local model train cost time : 0m:0s:507ms
2024-11-15 00:44:32,942 - client_base - INFO - model encode time : 0m:0s:1ms
2024-11-15 00:44:32,943 - fl_main - INFO - client_dict[f_00004] local model encrypting ...
2024-11-15 00:44:34,125 - fed_utils - INFO - encrypting key [conv1.weight].length : 150, cost time : 0m:1s:182ms
2024-11-15 00:44:34,173 - fed_utils - INFO - encrypting key [conv1.bias].length : 6, cost time : 0m:0s:48ms
2024-11-15 00:44:34,173 - fed_utils - INFO - load key [conv2.weight].length : 2400, cost time : 0m:0s:0ms
2024-11-15 00:44:34,173 - fed_utils - INFO - load key [conv2.bias].length : 16, cost time : 0m:0s:0ms
2024-11-15 00:44:34,174 - fed_utils - INFO - load key [fc1.weight].length : 48000, cost time : 0m:0s:0ms
2024-11-15 00:44:34,174 - fed_utils - INFO - load key [fc1.bias].length : 120, cost time : 0m:0s:0ms
2024-11-15 00:44:34,175 - fed_utils - INFO - load key [fc2.weight].length : 10080, cost time : 0m:0s:0ms
2024-11-15 00:44:34,175 - fed_utils - INFO - load key [fc2.bias].length : 84, cost time : 0m:0s:0ms
2024-11-15 00:44:40,928 - fed_utils - INFO - encrypting key [fc3.weight].length : 840, cost time : 0m:6s:752ms
2024-11-15 00:44:41,007 - fed_utils - INFO - encrypting key [fc3.bias].length : 10, cost time : 0m:0s:79ms
2024-11-15 00:44:41,007 - fl_main - INFO - Server receive client_dict[f_00004] info ...
2024-11-15 00:44:41,007 - fl_main - INFO - ----- client id [f_00005] -----
2024-11-15 00:44:41,008 - client_base - INFO - recover model cost time : 0m:0s:0ms
2024-11-15 00:44:41,009 - fl_main - INFO - client_dict[f_00005] training ...
2024-11-15 00:44:41,009 - client_base - INFO - client_dict[f_00005] training epoch : 0
2024-11-15 00:44:41,517 - client_base - INFO - local model train cost time : 0m:0s:507ms
2024-11-15 00:44:41,519 - client_base - INFO - model encode time : 0m:0s:1ms
2024-11-15 00:44:41,519 - fl_main - INFO - client_dict[f_00005] local model encrypting ...
2024-11-15 00:44:42,702 - fed_utils - INFO - encrypting key [conv1.weight].length : 150, cost time : 0m:1s:182ms
2024-11-15 00:44:42,750 - fed_utils - INFO - encrypting key [conv1.bias].length : 6, cost time : 0m:0s:47ms
2024-11-15 00:44:42,750 - fed_utils - INFO - load key [conv2.weight].length : 2400, cost time : 0m:0s:0ms
2024-11-15 00:44:42,750 - fed_utils - INFO - load key [conv2.bias].length : 16, cost time : 0m:0s:0ms
2024-11-15 00:44:42,751 - fed_utils - INFO - load key [fc1.weight].length : 48000, cost time : 0m:0s:0ms
2024-11-15 00:44:42,751 - fed_utils - INFO - load key [fc1.bias].length : 120, cost time : 0m:0s:0ms
2024-11-15 00:44:42,751 - fed_utils - INFO - load key [fc2.weight].length : 10080, cost time : 0m:0s:0ms
2024-11-15 00:44:42,751 - fed_utils - INFO - load key [fc2.bias].length : 84, cost time : 0m:0s:0ms
2024-11-15 00:44:49,378 - fed_utils - INFO - encrypting key [fc3.weight].length : 840, cost time : 0m:6s:626ms
2024-11-15 00:44:49,457 - fed_utils - INFO - encrypting key [fc3.bias].length : 10, cost time : 0m:0s:79ms
2024-11-15 00:44:49,457 - fl_main - INFO - Server receive client_dict[f_00005] info ...
2024-11-15 00:44:49,457 - fl_main - INFO - ----- client id [f_00006] -----
2024-11-15 00:44:49,458 - client_base - INFO - recover model cost time : 0m:0s:0ms
2024-11-15 00:44:49,458 - fl_main - INFO - client_dict[f_00006] training ...
2024-11-15 00:44:49,459 - client_base - INFO - client_dict[f_00006] training epoch : 0
2024-11-15 00:44:49,962 - client_base - INFO - local model train cost time : 0m:0s:502ms
2024-11-15 00:44:49,963 - client_base - INFO - model encode time : 0m:0s:1ms
2024-11-15 00:44:49,964 - fl_main - INFO - client_dict[f_00006] local model encrypting ...
2024-11-15 00:44:51,335 - fed_utils - INFO - encrypting key [conv1.weight].length : 150, cost time : 0m:1s:371ms
2024-11-15 00:44:51,383 - fed_utils - INFO - encrypting key [conv1.bias].length : 6, cost time : 0m:0s:47ms
2024-11-15 00:44:51,383 - fed_utils - INFO - load key [conv2.weight].length : 2400, cost time : 0m:0s:0ms
2024-11-15 00:44:51,383 - fed_utils - INFO - load key [conv2.bias].length : 16, cost time : 0m:0s:0ms
2024-11-15 00:44:51,384 - fed_utils - INFO - load key [fc1.weight].length : 48000, cost time : 0m:0s:0ms
2024-11-15 00:44:51,384 - fed_utils - INFO - load key [fc1.bias].length : 120, cost time : 0m:0s:0ms
2024-11-15 00:44:51,384 - fed_utils - INFO - load key [fc2.weight].length : 10080, cost time : 0m:0s:0ms
2024-11-15 00:44:51,384 - fed_utils - INFO - load key [fc2.bias].length : 84, cost time : 0m:0s:0ms
2024-11-15 00:44:58,006 - fed_utils - INFO - encrypting key [fc3.weight].length : 840, cost time : 0m:6s:621ms
2024-11-15 00:44:58,085 - fed_utils - INFO - encrypting key [fc3.bias].length : 10, cost time : 0m:0s:79ms
2024-11-15 00:44:58,085 - fl_main - INFO - Server receive client_dict[f_00006] info ...
2024-11-15 00:44:58,085 - fl_main - INFO - ----- client id [f_00007] -----
2024-11-15 00:44:58,086 - client_base - INFO - recover model cost time : 0m:0s:0ms
2024-11-15 00:44:58,086 - fl_main - INFO - client_dict[f_00007] training ...
2024-11-15 00:44:58,087 - client_base - INFO - client_dict[f_00007] training epoch : 0
2024-11-15 00:44:58,605 - client_base - INFO - local model train cost time : 0m:0s:518ms
2024-11-15 00:44:58,607 - client_base - INFO - model encode time : 0m:0s:1ms
2024-11-15 00:44:58,607 - fl_main - INFO - client_dict[f_00007] local model encrypting ...
2024-11-15 00:44:59,790 - fed_utils - INFO - encrypting key [conv1.weight].length : 150, cost time : 0m:1s:182ms
2024-11-15 00:44:59,838 - fed_utils - INFO - encrypting key [conv1.bias].length : 6, cost time : 0m:0s:47ms
2024-11-15 00:44:59,838 - fed_utils - INFO - load key [conv2.weight].length : 2400, cost time : 0m:0s:0ms
2024-11-15 00:44:59,838 - fed_utils - INFO - load key [conv2.bias].length : 16, cost time : 0m:0s:0ms
2024-11-15 00:44:59,839 - fed_utils - INFO - load key [fc1.weight].length : 48000, cost time : 0m:0s:0ms
2024-11-15 00:44:59,839 - fed_utils - INFO - load key [fc1.bias].length : 120, cost time : 0m:0s:0ms
2024-11-15 00:44:59,839 - fed_utils - INFO - load key [fc2.weight].length : 10080, cost time : 0m:0s:0ms
2024-11-15 00:44:59,839 - fed_utils - INFO - load key [fc2.bias].length : 84, cost time : 0m:0s:0ms
2024-11-15 00:45:06,596 - fed_utils - INFO - encrypting key [fc3.weight].length : 840, cost time : 0m:6s:756ms
2024-11-15 00:45:06,675 - fed_utils - INFO - encrypting key [fc3.bias].length : 10, cost time : 0m:0s:79ms
2024-11-15 00:45:06,675 - fl_main - INFO - Server receive client_dict[f_00007] info ...
2024-11-15 00:45:06,675 - fl_main - INFO - ----- client id [f_00008] -----
2024-11-15 00:45:06,676 - client_base - INFO - recover model cost time : 0m:0s:0ms
2024-11-15 00:45:06,677 - fl_main - INFO - client_dict[f_00008] training ...
2024-11-15 00:45:06,677 - client_base - INFO - client_dict[f_00008] training epoch : 0
2024-11-15 00:45:07,187 - client_base - INFO - local model train cost time : 0m:0s:509ms
2024-11-15 00:45:07,188 - client_base - INFO - model encode time : 0m:0s:1ms
2024-11-15 00:45:07,189 - fl_main - INFO - client_dict[f_00008] local model encrypting ...
2024-11-15 00:45:08,374 - fed_utils - INFO - encrypting key [conv1.weight].length : 150, cost time : 0m:1s:185ms
2024-11-15 00:45:08,422 - fed_utils - INFO - encrypting key [conv1.bias].length : 6, cost time : 0m:0s:47ms
2024-11-15 00:45:08,422 - fed_utils - INFO - load key [conv2.weight].length : 2400, cost time : 0m:0s:0ms
2024-11-15 00:45:08,423 - fed_utils - INFO - load key [conv2.bias].length : 16, cost time : 0m:0s:0ms
2024-11-15 00:45:08,424 - fed_utils - INFO - load key [fc1.weight].length : 48000, cost time : 0m:0s:0ms
2024-11-15 00:45:08,424 - fed_utils - INFO - load key [fc1.bias].length : 120, cost time : 0m:0s:0ms
2024-11-15 00:45:08,424 - fed_utils - INFO - load key [fc2.weight].length : 10080, cost time : 0m:0s:0ms
2024-11-15 00:45:08,424 - fed_utils - INFO - load key [fc2.bias].length : 84, cost time : 0m:0s:0ms
2024-11-15 00:45:15,052 - fed_utils - INFO - encrypting key [fc3.weight].length : 840, cost time : 0m:6s:628ms
2024-11-15 00:45:15,132 - fed_utils - INFO - encrypting key [fc3.bias].length : 10, cost time : 0m:0s:79ms
2024-11-15 00:45:15,132 - fl_main - INFO - Server receive client_dict[f_00008] info ...
2024-11-15 00:45:15,132 - fl_main - INFO - ----- client id [f_00009] -----
2024-11-15 00:45:15,133 - client_base - INFO - recover model cost time : 0m:0s:0ms
2024-11-15 00:45:15,133 - fl_main - INFO - client_dict[f_00009] training ...
2024-11-15 00:45:15,134 - client_base - INFO - client_dict[f_00009] training epoch : 0
2024-11-15 00:45:15,635 - client_base - INFO - local model train cost time : 0m:0s:500ms
2024-11-15 00:45:15,636 - client_base - INFO - model encode time : 0m:0s:1ms
2024-11-15 00:45:15,636 - fl_main - INFO - client_dict[f_00009] local model encrypting ...
2024-11-15 00:45:16,819 - fed_utils - INFO - encrypting key [conv1.weight].length : 150, cost time : 0m:1s:182ms
2024-11-15 00:45:16,867 - fed_utils - INFO - encrypting key [conv1.bias].length : 6, cost time : 0m:0s:47ms
2024-11-15 00:45:16,867 - fed_utils - INFO - load key [conv2.weight].length : 2400, cost time : 0m:0s:0ms
2024-11-15 00:45:16,867 - fed_utils - INFO - load key [conv2.bias].length : 16, cost time : 0m:0s:0ms
2024-11-15 00:45:16,868 - fed_utils - INFO - load key [fc1.weight].length : 48000, cost time : 0m:0s:0ms
2024-11-15 00:45:16,868 - fed_utils - INFO - load key [fc1.bias].length : 120, cost time : 0m:0s:0ms
2024-11-15 00:45:16,869 - fed_utils - INFO - load key [fc2.weight].length : 10080, cost time : 0m:0s:0ms
2024-11-15 00:45:16,869 - fed_utils - INFO - load key [fc2.bias].length : 84, cost time : 0m:0s:0ms
2024-11-15 00:45:23,620 - fed_utils - INFO - encrypting key [fc3.weight].length : 840, cost time : 0m:6s:751ms
2024-11-15 00:45:23,699 - fed_utils - INFO - encrypting key [fc3.bias].length : 10, cost time : 0m:0s:79ms
2024-11-15 00:45:23,699 - fl_main - INFO - Server receive client_dict[f_00009] info ...
2024-11-15 00:45:23,699 - fl_main - INFO - global aggregation process ...
2024-11-15 00:45:23,700 - fed_utils - INFO - server.n_data : 60000
2024-11-15 00:45:23,700 - fed_utils - INFO - client_dict[f_00000].weight : 0.100000
2024-11-15 00:45:23,700 - fed_utils - INFO - client_dict[f_00001].weight : 0.100000
2024-11-15 00:45:23,700 - fed_utils - INFO - client_dict[f_00002].weight : 0.100000
2024-11-15 00:45:23,700 - fed_utils - INFO - client_dict[f_00003].weight : 0.100000
2024-11-15 00:45:23,700 - fed_utils - INFO - client_dict[f_00004].weight : 0.100000
2024-11-15 00:45:23,700 - fed_utils - INFO - client_dict[f_00005].weight : 0.100000
2024-11-15 00:45:23,700 - fed_utils - INFO - client_dict[f_00006].weight : 0.100000
2024-11-15 00:45:23,700 - fed_utils - INFO - client_dict[f_00007].weight : 0.100000
2024-11-15 00:45:23,700 - fed_utils - INFO - client_dict[f_00008].weight : 0.100000
2024-11-15 00:45:23,700 - fed_utils - INFO - client_dict[f_00009].weight : 0.100000
2024-11-15 00:45:23,700 - fed_utils - INFO - recover secret number by clients: 361.200000
2024-11-15 00:45:23,700 - server_base - INFO - Server aggregate model with homomorphic encryption ...
2024-11-15 00:45:26,762 - server_base - INFO - Server aggregate model done, cost time : 0m:3s:62ms
2024-11-15 00:45:27,102 - fed_utils - INFO - decrypting key [conv1.weight].shape [torch.Size([6, 1, 5, 5])]
2024-11-15 00:45:27,115 - fed_utils - INFO - decrypting key [conv1.bias].shape [torch.Size([6])]
2024-11-15 00:45:27,116 - fed_utils - INFO - decrypting key [conv2.weight].shape [torch.Size([16, 6, 5, 5])]
2024-11-15 00:45:27,116 - fed_utils - INFO - decrypting key [conv2.bias].shape [torch.Size([16])]
2024-11-15 00:45:27,116 - fed_utils - INFO - decrypting key [fc1.weight].shape [torch.Size([120, 400])]
2024-11-15 00:45:27,116 - fed_utils - INFO - decrypting key [fc1.bias].shape [torch.Size([120])]
2024-11-15 00:45:27,116 - fed_utils - INFO - decrypting key [fc2.weight].shape [torch.Size([84, 120])]
2024-11-15 00:45:27,116 - fed_utils - INFO - decrypting key [fc2.bias].shape [torch.Size([84])]
2024-11-15 00:45:29,015 - fed_utils - INFO - decrypting key [fc3.weight].shape [torch.Size([10, 84])]
2024-11-15 00:45:29,038 - fed_utils - INFO - decrypting key [fc3.bias].shape [torch.Size([10])]
2024-11-15 00:45:29,038 - fed_utils - INFO - decrypt time : [0m:2s:275ms]
2024-11-15 00:45:29,043 - fl_main - INFO - [global round : 8] aggregated model accuracy : 0.9111
2024-11-15 00:45:29,043 - fl_main - INFO - [global round : 8] aggregated model loss : 0.4225097078347271
2024-11-15 00:45:29,044 - fl_main - INFO - global round : 9
2024-11-15 00:45:29,044 - fl_main - INFO - the random client id to test accuracy : f_00006
2024-11-15 00:45:29,044 - fl_main - INFO - ----- client id [f_00000] -----
2024-11-15 00:45:29,045 - client_base - INFO - recover model cost time : 0m:0s:0ms
2024-11-15 00:45:29,045 - fl_main - INFO - client_dict[f_00000] training ...
2024-11-15 00:45:29,046 - client_base - INFO - client_dict[f_00000] training epoch : 0
2024-11-15 00:45:29,588 - client_base - INFO - local model train cost time : 0m:0s:542ms
2024-11-15 00:45:29,589 - client_base - INFO - model encode time : 0m:0s:1ms
2024-11-15 00:45:29,590 - fl_main - INFO - client_dict[f_00000] local model encrypting ...
2024-11-15 00:45:30,773 - fed_utils - INFO - encrypting key [conv1.weight].length : 150, cost time : 0m:1s:182ms
2024-11-15 00:45:30,820 - fed_utils - INFO - encrypting key [conv1.bias].length : 6, cost time : 0m:0s:47ms
2024-11-15 00:45:30,821 - fed_utils - INFO - load key [conv2.weight].length : 2400, cost time : 0m:0s:0ms
2024-11-15 00:45:30,821 - fed_utils - INFO - load key [conv2.bias].length : 16, cost time : 0m:0s:0ms
2024-11-15 00:45:30,822 - fed_utils - INFO - load key [fc1.weight].length : 48000, cost time : 0m:0s:0ms
2024-11-15 00:45:30,822 - fed_utils - INFO - load key [fc1.bias].length : 120, cost time : 0m:0s:0ms
2024-11-15 00:45:30,822 - fed_utils - INFO - load key [fc2.weight].length : 10080, cost time : 0m:0s:0ms
2024-11-15 00:45:30,822 - fed_utils - INFO - load key [fc2.bias].length : 84, cost time : 0m:0s:0ms
2024-11-15 00:45:37,597 - fed_utils - INFO - encrypting key [fc3.weight].length : 840, cost time : 0m:6s:775ms
2024-11-15 00:45:37,676 - fed_utils - INFO - encrypting key [fc3.bias].length : 10, cost time : 0m:0s:79ms
2024-11-15 00:45:37,678 - fl_main - INFO - Server receive client_dict[f_00000] info ...
2024-11-15 00:45:37,678 - fl_main - INFO - ----- client id [f_00001] -----
2024-11-15 00:45:37,679 - client_base - INFO - recover model cost time : 0m:0s:0ms
2024-11-15 00:45:37,679 - fl_main - INFO - client_dict[f_00001] training ...
2024-11-15 00:45:37,680 - client_base - INFO - client_dict[f_00001] training epoch : 0
2024-11-15 00:45:38,183 - client_base - INFO - local model train cost time : 0m:0s:503ms
2024-11-15 00:45:38,185 - client_base - INFO - model encode time : 0m:0s:1ms
2024-11-15 00:45:38,185 - fl_main - INFO - client_dict[f_00001] local model encrypting ...
2024-11-15 00:45:39,368 - fed_utils - INFO - encrypting key [conv1.weight].length : 150, cost time : 0m:1s:182ms
2024-11-15 00:45:39,416 - fed_utils - INFO - encrypting key [conv1.bias].length : 6, cost time : 0m:0s:47ms
2024-11-15 00:45:39,416 - fed_utils - INFO - load key [conv2.weight].length : 2400, cost time : 0m:0s:0ms
2024-11-15 00:45:39,416 - fed_utils - INFO - load key [conv2.bias].length : 16, cost time : 0m:0s:0ms
2024-11-15 00:45:39,417 - fed_utils - INFO - load key [fc1.weight].length : 48000, cost time : 0m:0s:0ms
2024-11-15 00:45:39,417 - fed_utils - INFO - load key [fc1.bias].length : 120, cost time : 0m:0s:0ms
2024-11-15 00:45:39,417 - fed_utils - INFO - load key [fc2.weight].length : 10080, cost time : 0m:0s:0ms
2024-11-15 00:45:39,417 - fed_utils - INFO - load key [fc2.bias].length : 84, cost time : 0m:0s:0ms
2024-11-15 00:45:46,045 - fed_utils - INFO - encrypting key [fc3.weight].length : 840, cost time : 0m:6s:628ms
2024-11-15 00:45:46,125 - fed_utils - INFO - encrypting key [fc3.bias].length : 10, cost time : 0m:0s:79ms
2024-11-15 00:45:46,125 - fl_main - INFO - Server receive client_dict[f_00001] info ...
2024-11-15 00:45:46,125 - fl_main - INFO - ----- client id [f_00002] -----
2024-11-15 00:45:46,126 - client_base - INFO - recover model cost time : 0m:0s:0ms
2024-11-15 00:45:46,126 - fl_main - INFO - client_dict[f_00002] training ...
2024-11-15 00:45:46,127 - client_base - INFO - client_dict[f_00002] training epoch : 0
2024-11-15 00:45:46,629 - client_base - INFO - local model train cost time : 0m:0s:502ms
2024-11-15 00:45:46,631 - client_base - INFO - model encode time : 0m:0s:1ms
2024-11-15 00:45:46,631 - fl_main - INFO - client_dict[f_00002] local model encrypting ...
2024-11-15 00:45:47,815 - fed_utils - INFO - encrypting key [conv1.weight].length : 150, cost time : 0m:1s:183ms
2024-11-15 00:45:47,863 - fed_utils - INFO - encrypting key [conv1.bias].length : 6, cost time : 0m:0s:47ms
2024-11-15 00:45:47,863 - fed_utils - INFO - load key [conv2.weight].length : 2400, cost time : 0m:0s:0ms
2024-11-15 00:45:47,863 - fed_utils - INFO - load key [conv2.bias].length : 16, cost time : 0m:0s:0ms
2024-11-15 00:45:47,864 - fed_utils - INFO - load key [fc1.weight].length : 48000, cost time : 0m:0s:0ms
2024-11-15 00:45:47,864 - fed_utils - INFO - load key [fc1.bias].length : 120, cost time : 0m:0s:0ms
2024-11-15 00:45:47,864 - fed_utils - INFO - load key [fc2.weight].length : 10080, cost time : 0m:0s:0ms
2024-11-15 00:45:47,864 - fed_utils - INFO - load key [fc2.bias].length : 84, cost time : 0m:0s:0ms
2024-11-15 00:45:54,657 - fed_utils - INFO - encrypting key [fc3.weight].length : 840, cost time : 0m:6s:792ms
2024-11-15 00:45:54,737 - fed_utils - INFO - encrypting key [fc3.bias].length : 10, cost time : 0m:0s:79ms
2024-11-15 00:45:54,737 - fl_main - INFO - Server receive client_dict[f_00002] info ...
2024-11-15 00:45:54,737 - fl_main - INFO - ----- client id [f_00003] -----
2024-11-15 00:45:54,738 - client_base - INFO - recover model cost time : 0m:0s:0ms
2024-11-15 00:45:54,738 - fl_main - INFO - client_dict[f_00003] training ...
2024-11-15 00:45:54,739 - client_base - INFO - client_dict[f_00003] training epoch : 0
2024-11-15 00:45:55,277 - client_base - INFO - local model train cost time : 0m:0s:537ms
2024-11-15 00:45:55,278 - client_base - INFO - model encode time : 0m:0s:1ms
2024-11-15 00:45:55,278 - fl_main - INFO - client_dict[f_00003] local model encrypting ...
2024-11-15 00:45:56,463 - fed_utils - INFO - encrypting key [conv1.weight].length : 150, cost time : 0m:1s:184ms
2024-11-15 00:45:56,511 - fed_utils - INFO - encrypting key [conv1.bias].length : 6, cost time : 0m:0s:47ms
2024-11-15 00:45:56,511 - fed_utils - INFO - load key [conv2.weight].length : 2400, cost time : 0m:0s:0ms
2024-11-15 00:45:56,511 - fed_utils - INFO - load key [conv2.bias].length : 16, cost time : 0m:0s:0ms
2024-11-15 00:45:56,512 - fed_utils - INFO - load key [fc1.weight].length : 48000, cost time : 0m:0s:0ms
2024-11-15 00:45:56,512 - fed_utils - INFO - load key [fc1.bias].length : 120, cost time : 0m:0s:0ms
2024-11-15 00:45:56,513 - fed_utils - INFO - load key [fc2.weight].length : 10080, cost time : 0m:0s:0ms
2024-11-15 00:45:56,513 - fed_utils - INFO - load key [fc2.bias].length : 84, cost time : 0m:0s:0ms
2024-11-15 00:46:03,146 - fed_utils - INFO - encrypting key [fc3.weight].length : 840, cost time : 0m:6s:633ms
2024-11-15 00:46:03,226 - fed_utils - INFO - encrypting key [fc3.bias].length : 10, cost time : 0m:0s:79ms
2024-11-15 00:46:03,226 - fl_main - INFO - Server receive client_dict[f_00003] info ...
2024-11-15 00:46:03,226 - fl_main - INFO - ----- client id [f_00004] -----
2024-11-15 00:46:03,227 - client_base - INFO - recover model cost time : 0m:0s:0ms
2024-11-15 00:46:03,227 - fl_main - INFO - client_dict[f_00004] training ...
2024-11-15 00:46:03,228 - client_base - INFO - client_dict[f_00004] training epoch : 0
2024-11-15 00:46:03,739 - client_base - INFO - local model train cost time : 0m:0s:511ms
2024-11-15 00:46:03,741 - client_base - INFO - model encode time : 0m:0s:1ms
2024-11-15 00:46:03,741 - fl_main - INFO - client_dict[f_00004] local model encrypting ...
2024-11-15 00:46:04,927 - fed_utils - INFO - encrypting key [conv1.weight].length : 150, cost time : 0m:1s:185ms
2024-11-15 00:46:04,975 - fed_utils - INFO - encrypting key [conv1.bias].length : 6, cost time : 0m:0s:48ms
2024-11-15 00:46:04,976 - fed_utils - INFO - load key [conv2.weight].length : 2400, cost time : 0m:0s:0ms
2024-11-15 00:46:04,976 - fed_utils - INFO - load key [conv2.bias].length : 16, cost time : 0m:0s:0ms
2024-11-15 00:46:04,977 - fed_utils - INFO - load key [fc1.weight].length : 48000, cost time : 0m:0s:0ms
2024-11-15 00:46:04,977 - fed_utils - INFO - load key [fc1.bias].length : 120, cost time : 0m:0s:0ms
2024-11-15 00:46:04,977 - fed_utils - INFO - load key [fc2.weight].length : 10080, cost time : 0m:0s:0ms
2024-11-15 00:46:04,977 - fed_utils - INFO - load key [fc2.bias].length : 84, cost time : 0m:0s:0ms
2024-11-15 00:46:11,757 - fed_utils - INFO - encrypting key [fc3.weight].length : 840, cost time : 0m:6s:780ms
2024-11-15 00:46:11,837 - fed_utils - INFO - encrypting key [fc3.bias].length : 10, cost time : 0m:0s:79ms
2024-11-15 00:46:11,837 - fl_main - INFO - Server receive client_dict[f_00004] info ...
2024-11-15 00:46:11,837 - fl_main - INFO - ----- client id [f_00005] -----
2024-11-15 00:46:11,838 - client_base - INFO - recover model cost time : 0m:0s:0ms
2024-11-15 00:46:11,838 - fl_main - INFO - client_dict[f_00005] training ...
2024-11-15 00:46:11,839 - client_base - INFO - client_dict[f_00005] training epoch : 0
2024-11-15 00:46:12,332 - client_base - INFO - local model train cost time : 0m:0s:493ms
2024-11-15 00:46:12,334 - client_base - INFO - model encode time : 0m:0s:1ms
2024-11-15 00:46:12,334 - fl_main - INFO - client_dict[f_00005] local model encrypting ...
2024-11-15 00:46:13,520 - fed_utils - INFO - encrypting key [conv1.weight].length : 150, cost time : 0m:1s:186ms
2024-11-15 00:46:13,569 - fed_utils - INFO - encrypting key [conv1.bias].length : 6, cost time : 0m:0s:48ms
2024-11-15 00:46:13,569 - fed_utils - INFO - load key [conv2.weight].length : 2400, cost time : 0m:0s:0ms
2024-11-15 00:46:13,569 - fed_utils - INFO - load key [conv2.bias].length : 16, cost time : 0m:0s:0ms
2024-11-15 00:46:13,570 - fed_utils - INFO - load key [fc1.weight].length : 48000, cost time : 0m:0s:0ms
2024-11-15 00:46:13,570 - fed_utils - INFO - load key [fc1.bias].length : 120, cost time : 0m:0s:0ms
2024-11-15 00:46:13,570 - fed_utils - INFO - load key [fc2.weight].length : 10080, cost time : 0m:0s:0ms
2024-11-15 00:46:13,570 - fed_utils - INFO - load key [fc2.bias].length : 84, cost time : 0m:0s:0ms
2024-11-15 00:46:20,324 - fed_utils - INFO - encrypting key [fc3.weight].length : 840, cost time : 0m:6s:753ms
2024-11-15 00:46:20,414 - fed_utils - INFO - encrypting key [fc3.bias].length : 10, cost time : 0m:0s:89ms
2024-11-15 00:46:20,414 - fl_main - INFO - Server receive client_dict[f_00005] info ...
2024-11-15 00:46:20,414 - fl_main - INFO - ----- client id [f_00006] -----
2024-11-15 00:46:20,417 - client_base - INFO - recover model cost time : 0m:0s:0ms
2024-11-15 00:46:21,235 - fl_main - INFO - global round [9] client_dict[f_00006].accuracy : 0.920100
2024-11-15 00:46:21,235 - fl_main - INFO - client_dict[f_00006] training ...
2024-11-15 00:46:21,236 - client_base - INFO - client_dict[f_00006] training epoch : 0
2024-11-15 00:46:21,737 - client_base - INFO - local model train cost time : 0m:0s:501ms
2024-11-15 00:46:21,739 - client_base - INFO - model encode time : 0m:0s:1ms
2024-11-15 00:46:21,739 - fl_main - INFO - client_dict[f_00006] local model encrypting ...
2024-11-15 00:46:22,927 - fed_utils - INFO - encrypting key [conv1.weight].length : 150, cost time : 0m:1s:187ms
2024-11-15 00:46:22,975 - fed_utils - INFO - encrypting key [conv1.bias].length : 6, cost time : 0m:0s:47ms
2024-11-15 00:46:22,975 - fed_utils - INFO - load key [conv2.weight].length : 2400, cost time : 0m:0s:0ms
2024-11-15 00:46:22,975 - fed_utils - INFO - load key [conv2.bias].length : 16, cost time : 0m:0s:0ms
2024-11-15 00:46:22,976 - fed_utils - INFO - load key [fc1.weight].length : 48000, cost time : 0m:0s:0ms
2024-11-15 00:46:22,976 - fed_utils - INFO - load key [fc1.bias].length : 120, cost time : 0m:0s:0ms
2024-11-15 00:46:22,976 - fed_utils - INFO - load key [fc2.weight].length : 10080, cost time : 0m:0s:0ms
2024-11-15 00:46:22,976 - fed_utils - INFO - load key [fc2.bias].length : 84, cost time : 0m:0s:0ms
2024-11-15 00:46:29,612 - fed_utils - INFO - encrypting key [fc3.weight].length : 840, cost time : 0m:6s:635ms
2024-11-15 00:46:29,692 - fed_utils - INFO - encrypting key [fc3.bias].length : 10, cost time : 0m:0s:79ms
2024-11-15 00:46:29,692 - fl_main - INFO - Server receive client_dict[f_00006] info ...
2024-11-15 00:46:29,692 - fl_main - INFO - ----- client id [f_00007] -----
2024-11-15 00:46:29,693 - client_base - INFO - recover model cost time : 0m:0s:0ms
2024-11-15 00:46:29,693 - fl_main - INFO - client_dict[f_00007] training ...
2024-11-15 00:46:29,694 - client_base - INFO - client_dict[f_00007] training epoch : 0
2024-11-15 00:46:30,201 - client_base - INFO - local model train cost time : 0m:0s:507ms
2024-11-15 00:46:30,203 - client_base - INFO - model encode time : 0m:0s:1ms
2024-11-15 00:46:30,204 - fl_main - INFO - client_dict[f_00007] local model encrypting ...
2024-11-15 00:46:31,388 - fed_utils - INFO - encrypting key [conv1.weight].length : 150, cost time : 0m:1s:184ms
2024-11-15 00:46:31,437 - fed_utils - INFO - encrypting key [conv1.bias].length : 6, cost time : 0m:0s:48ms
2024-11-15 00:46:31,437 - fed_utils - INFO - load key [conv2.weight].length : 2400, cost time : 0m:0s:0ms
2024-11-15 00:46:31,437 - fed_utils - INFO - load key [conv2.bias].length : 16, cost time : 0m:0s:0ms
2024-11-15 00:46:31,438 - fed_utils - INFO - load key [fc1.weight].length : 48000, cost time : 0m:0s:0ms
2024-11-15 00:46:31,438 - fed_utils - INFO - load key [fc1.bias].length : 120, cost time : 0m:0s:0ms
2024-11-15 00:46:31,438 - fed_utils - INFO - load key [fc2.weight].length : 10080, cost time : 0m:0s:0ms
2024-11-15 00:46:31,438 - fed_utils - INFO - load key [fc2.bias].length : 84, cost time : 0m:0s:0ms
2024-11-15 00:46:38,207 - fed_utils - INFO - encrypting key [fc3.weight].length : 840, cost time : 0m:6s:768ms
2024-11-15 00:46:38,286 - fed_utils - INFO - encrypting key [fc3.bias].length : 10, cost time : 0m:0s:79ms
2024-11-15 00:46:38,286 - fl_main - INFO - Server receive client_dict[f_00007] info ...
2024-11-15 00:46:38,286 - fl_main - INFO - ----- client id [f_00008] -----
2024-11-15 00:46:38,287 - client_base - INFO - recover model cost time : 0m:0s:0ms
2024-11-15 00:46:38,287 - fl_main - INFO - client_dict[f_00008] training ...
2024-11-15 00:46:38,288 - client_base - INFO - client_dict[f_00008] training epoch : 0
2024-11-15 00:46:38,802 - client_base - INFO - local model train cost time : 0m:0s:513ms
2024-11-15 00:46:38,803 - client_base - INFO - model encode time : 0m:0s:1ms
2024-11-15 00:46:38,804 - fl_main - INFO - client_dict[f_00008] local model encrypting ...
2024-11-15 00:46:39,990 - fed_utils - INFO - encrypting key [conv1.weight].length : 150, cost time : 0m:1s:186ms
2024-11-15 00:46:40,038 - fed_utils - INFO - encrypting key [conv1.bias].length : 6, cost time : 0m:0s:47ms
2024-11-15 00:46:40,038 - fed_utils - INFO - load key [conv2.weight].length : 2400, cost time : 0m:0s:0ms
2024-11-15 00:46:40,038 - fed_utils - INFO - load key [conv2.bias].length : 16, cost time : 0m:0s:0ms
2024-11-15 00:46:40,039 - fed_utils - INFO - load key [fc1.weight].length : 48000, cost time : 0m:0s:0ms
2024-11-15 00:46:40,039 - fed_utils - INFO - load key [fc1.bias].length : 120, cost time : 0m:0s:0ms
2024-11-15 00:46:40,039 - fed_utils - INFO - load key [fc2.weight].length : 10080, cost time : 0m:0s:0ms
2024-11-15 00:46:40,039 - fed_utils - INFO - load key [fc2.bias].length : 84, cost time : 0m:0s:0ms
2024-11-15 00:46:46,684 - fed_utils - INFO - encrypting key [fc3.weight].length : 840, cost time : 0m:6s:644ms
2024-11-15 00:46:46,764 - fed_utils - INFO - encrypting key [fc3.bias].length : 10, cost time : 0m:0s:79ms
2024-11-15 00:46:46,764 - fl_main - INFO - Server receive client_dict[f_00008] info ...
2024-11-15 00:46:46,764 - fl_main - INFO - ----- client id [f_00009] -----
2024-11-15 00:46:46,765 - client_base - INFO - recover model cost time : 0m:0s:0ms
2024-11-15 00:46:46,765 - fl_main - INFO - client_dict[f_00009] training ...
2024-11-15 00:46:46,766 - client_base - INFO - client_dict[f_00009] training epoch : 0
2024-11-15 00:46:47,263 - client_base - INFO - local model train cost time : 0m:0s:497ms
2024-11-15 00:46:47,265 - client_base - INFO - model encode time : 0m:0s:1ms
2024-11-15 00:46:47,265 - fl_main - INFO - client_dict[f_00009] local model encrypting ...
2024-11-15 00:46:48,450 - fed_utils - INFO - encrypting key [conv1.weight].length : 150, cost time : 0m:1s:184ms
2024-11-15 00:46:48,498 - fed_utils - INFO - encrypting key [conv1.bias].length : 6, cost time : 0m:0s:48ms
2024-11-15 00:46:48,498 - fed_utils - INFO - load key [conv2.weight].length : 2400, cost time : 0m:0s:0ms
2024-11-15 00:46:48,498 - fed_utils - INFO - load key [conv2.bias].length : 16, cost time : 0m:0s:0ms
2024-11-15 00:46:48,499 - fed_utils - INFO - load key [fc1.weight].length : 48000, cost time : 0m:0s:0ms
2024-11-15 00:46:48,499 - fed_utils - INFO - load key [fc1.bias].length : 120, cost time : 0m:0s:0ms
2024-11-15 00:46:48,500 - fed_utils - INFO - load key [fc2.weight].length : 10080, cost time : 0m:0s:0ms
2024-11-15 00:46:48,500 - fed_utils - INFO - load key [fc2.bias].length : 84, cost time : 0m:0s:0ms
2024-11-15 00:46:55,279 - fed_utils - INFO - encrypting key [fc3.weight].length : 840, cost time : 0m:6s:779ms
2024-11-15 00:46:55,359 - fed_utils - INFO - encrypting key [fc3.bias].length : 10, cost time : 0m:0s:79ms
2024-11-15 00:46:55,359 - fl_main - INFO - Server receive client_dict[f_00009] info ...
2024-11-15 00:46:55,359 - fl_main - INFO - global aggregation process ...
2024-11-15 00:46:55,359 - fed_utils - INFO - server.n_data : 60000
2024-11-15 00:46:55,359 - fed_utils - INFO - client_dict[f_00000].weight : 0.100000
2024-11-15 00:46:55,359 - fed_utils - INFO - client_dict[f_00001].weight : 0.100000
2024-11-15 00:46:55,359 - fed_utils - INFO - client_dict[f_00002].weight : 0.100000
2024-11-15 00:46:55,359 - fed_utils - INFO - client_dict[f_00003].weight : 0.100000
2024-11-15 00:46:55,359 - fed_utils - INFO - client_dict[f_00004].weight : 0.100000
2024-11-15 00:46:55,359 - fed_utils - INFO - client_dict[f_00005].weight : 0.100000
2024-11-15 00:46:55,359 - fed_utils - INFO - client_dict[f_00006].weight : 0.100000
2024-11-15 00:46:55,359 - fed_utils - INFO - client_dict[f_00007].weight : 0.100000
2024-11-15 00:46:55,359 - fed_utils - INFO - client_dict[f_00008].weight : 0.100000
2024-11-15 00:46:55,360 - fed_utils - INFO - client_dict[f_00009].weight : 0.100000
2024-11-15 00:46:55,360 - fed_utils - INFO - recover secret number by clients: 361.200000
2024-11-15 00:46:55,360 - server_base - INFO - Server aggregate model with homomorphic encryption ...
2024-11-15 00:46:58,423 - server_base - INFO - Server aggregate model done, cost time : 0m:3s:63ms
2024-11-15 00:46:58,763 - fed_utils - INFO - decrypting key [conv1.weight].shape [torch.Size([6, 1, 5, 5])]
2024-11-15 00:46:58,777 - fed_utils - INFO - decrypting key [conv1.bias].shape [torch.Size([6])]
2024-11-15 00:46:58,777 - fed_utils - INFO - decrypting key [conv2.weight].shape [torch.Size([16, 6, 5, 5])]
2024-11-15 00:46:58,777 - fed_utils - INFO - decrypting key [conv2.bias].shape [torch.Size([16])]
2024-11-15 00:46:58,777 - fed_utils - INFO - decrypting key [fc1.weight].shape [torch.Size([120, 400])]
2024-11-15 00:46:58,777 - fed_utils - INFO - decrypting key [fc1.bias].shape [torch.Size([120])]
2024-11-15 00:46:58,777 - fed_utils - INFO - decrypting key [fc2.weight].shape [torch.Size([84, 120])]
2024-11-15 00:46:58,777 - fed_utils - INFO - decrypting key [fc2.bias].shape [torch.Size([84])]
2024-11-15 00:47:00,678 - fed_utils - INFO - decrypting key [fc3.weight].shape [torch.Size([10, 84])]
2024-11-15 00:47:00,700 - fed_utils - INFO - decrypting key [fc3.bias].shape [torch.Size([10])]
2024-11-15 00:47:00,701 - fed_utils - INFO - decrypt time : [0m:2s:276ms]
2024-11-15 00:47:00,706 - fl_main - INFO - [global round : 9] aggregated model accuracy : 0.9201
2024-11-15 00:47:00,706 - fl_main - INFO - [global round : 9] aggregated model loss : 0.2988999907329426
2024-11-15 00:47:00,706 - fl_main - INFO - global round : 10
2024-11-15 00:47:00,707 - fl_main - INFO - the random client id to test accuracy : f_00001
2024-11-15 00:47:00,707 - fl_main - INFO - ----- client id [f_00000] -----
2024-11-15 00:47:00,708 - client_base - INFO - recover model cost time : 0m:0s:0ms
2024-11-15 00:47:00,708 - fl_main - INFO - client_dict[f_00000] training ...
2024-11-15 00:47:00,708 - client_base - INFO - client_dict[f_00000] training epoch : 0
2024-11-15 00:47:01,212 - client_base - INFO - local model train cost time : 0m:0s:503ms
2024-11-15 00:47:01,213 - client_base - INFO - model encode time : 0m:0s:1ms
2024-11-15 00:47:01,213 - fl_main - INFO - client_dict[f_00000] local model encrypting ...
2024-11-15 00:47:02,396 - fed_utils - INFO - encrypting key [conv1.weight].length : 150, cost time : 0m:1s:182ms
2024-11-15 00:47:02,444 - fed_utils - INFO - encrypting key [conv1.bias].length : 6, cost time : 0m:0s:47ms
2024-11-15 00:47:02,444 - fed_utils - INFO - load key [conv2.weight].length : 2400, cost time : 0m:0s:0ms
2024-11-15 00:47:02,444 - fed_utils - INFO - load key [conv2.bias].length : 16, cost time : 0m:0s:0ms
2024-11-15 00:47:02,445 - fed_utils - INFO - load key [fc1.weight].length : 48000, cost time : 0m:0s:0ms
2024-11-15 00:47:02,445 - fed_utils - INFO - load key [fc1.bias].length : 120, cost time : 0m:0s:0ms
2024-11-15 00:47:02,446 - fed_utils - INFO - load key [fc2.weight].length : 10080, cost time : 0m:0s:0ms
2024-11-15 00:47:02,446 - fed_utils - INFO - load key [fc2.bias].length : 84, cost time : 0m:0s:0ms
2024-11-15 00:47:09,209 - fed_utils - INFO - encrypting key [fc3.weight].length : 840, cost time : 0m:6s:763ms
2024-11-15 00:47:09,288 - fed_utils - INFO - encrypting key [fc3.bias].length : 10, cost time : 0m:0s:79ms
2024-11-15 00:47:09,289 - fl_main - INFO - Server receive client_dict[f_00000] info ...
2024-11-15 00:47:09,289 - fl_main - INFO - ----- client id [f_00001] -----
2024-11-15 00:47:09,291 - client_base - INFO - recover model cost time : 0m:0s:0ms
2024-11-15 00:47:10,102 - fl_main - INFO - global round [10] client_dict[f_00001].accuracy : 0.930100
2024-11-15 00:47:10,102 - fl_main - INFO - client_dict[f_00001] training ...
2024-11-15 00:47:10,102 - client_base - INFO - client_dict[f_00001] training epoch : 0
2024-11-15 00:47:10,619 - client_base - INFO - local model train cost time : 0m:0s:516ms
2024-11-15 00:47:10,621 - client_base - INFO - model encode time : 0m:0s:1ms
2024-11-15 00:47:10,621 - fl_main - INFO - client_dict[f_00001] local model encrypting ...
2024-11-15 00:47:11,805 - fed_utils - INFO - encrypting key [conv1.weight].length : 150, cost time : 0m:1s:183ms
2024-11-15 00:47:11,853 - fed_utils - INFO - encrypting key [conv1.bias].length : 6, cost time : 0m:0s:48ms
2024-11-15 00:47:11,853 - fed_utils - INFO - load key [conv2.weight].length : 2400, cost time : 0m:0s:0ms
2024-11-15 00:47:11,853 - fed_utils - INFO - load key [conv2.bias].length : 16, cost time : 0m:0s:0ms
2024-11-15 00:47:11,854 - fed_utils - INFO - load key [fc1.weight].length : 48000, cost time : 0m:0s:0ms
2024-11-15 00:47:11,854 - fed_utils - INFO - load key [fc1.bias].length : 120, cost time : 0m:0s:0ms
2024-11-15 00:47:11,854 - fed_utils - INFO - load key [fc2.weight].length : 10080, cost time : 0m:0s:0ms
2024-11-15 00:47:11,854 - fed_utils - INFO - load key [fc2.bias].length : 84, cost time : 0m:0s:0ms
2024-11-15 00:47:18,477 - fed_utils - INFO - encrypting key [fc3.weight].length : 840, cost time : 0m:6s:622ms
2024-11-15 00:47:18,556 - fed_utils - INFO - encrypting key [fc3.bias].length : 10, cost time : 0m:0s:79ms
2024-11-15 00:47:18,556 - fl_main - INFO - Server receive client_dict[f_00001] info ...
2024-11-15 00:47:18,556 - fl_main - INFO - ----- client id [f_00002] -----
2024-11-15 00:47:18,557 - client_base - INFO - recover model cost time : 0m:0s:0ms
2024-11-15 00:47:18,557 - fl_main - INFO - client_dict[f_00002] training ...
2024-11-15 00:47:18,558 - client_base - INFO - client_dict[f_00002] training epoch : 0
2024-11-15 00:47:19,054 - client_base - INFO - local model train cost time : 0m:0s:495ms
2024-11-15 00:47:19,055 - client_base - INFO - model encode time : 0m:0s:1ms
2024-11-15 00:47:19,055 - fl_main - INFO - client_dict[f_00002] local model encrypting ...
2024-11-15 00:47:20,347 - fed_utils - INFO - encrypting key [conv1.weight].length : 150, cost time : 0m:1s:291ms
2024-11-15 00:47:20,417 - fed_utils - INFO - encrypting key [conv1.bias].length : 6, cost time : 0m:0s:70ms
2024-11-15 00:47:20,418 - fed_utils - INFO - load key [conv2.weight].length : 2400, cost time : 0m:0s:0ms
2024-11-15 00:47:20,418 - fed_utils - INFO - load key [conv2.bias].length : 16, cost time : 0m:0s:0ms
2024-11-15 00:47:20,419 - fed_utils - INFO - load key [fc1.weight].length : 48000, cost time : 0m:0s:0ms
2024-11-15 00:47:20,419 - fed_utils - INFO - load key [fc1.bias].length : 120, cost time : 0m:0s:0ms
2024-11-15 00:47:20,419 - fed_utils - INFO - load key [fc2.weight].length : 10080, cost time : 0m:0s:0ms
2024-11-15 00:47:20,419 - fed_utils - INFO - load key [fc2.bias].length : 84, cost time : 0m:0s:0ms
2024-11-15 00:47:27,043 - fed_utils - INFO - encrypting key [fc3.weight].length : 840, cost time : 0m:6s:624ms
2024-11-15 00:47:27,123 - fed_utils - INFO - encrypting key [fc3.bias].length : 10, cost time : 0m:0s:79ms
2024-11-15 00:47:27,123 - fl_main - INFO - Server receive client_dict[f_00002] info ...
2024-11-15 00:47:27,123 - fl_main - INFO - ----- client id [f_00003] -----
2024-11-15 00:47:27,124 - client_base - INFO - recover model cost time : 0m:0s:0ms
2024-11-15 00:47:27,124 - fl_main - INFO - client_dict[f_00003] training ...
2024-11-15 00:47:27,125 - client_base - INFO - client_dict[f_00003] training epoch : 0
2024-11-15 00:47:27,635 - client_base - INFO - local model train cost time : 0m:0s:510ms
2024-11-15 00:47:27,637 - client_base - INFO - model encode time : 0m:0s:1ms
2024-11-15 00:47:27,637 - fl_main - INFO - client_dict[f_00003] local model encrypting ...
2024-11-15 00:47:28,823 - fed_utils - INFO - encrypting key [conv1.weight].length : 150, cost time : 0m:1s:186ms
2024-11-15 00:47:28,872 - fed_utils - INFO - encrypting key [conv1.bias].length : 6, cost time : 0m:0s:48ms
2024-11-15 00:47:28,872 - fed_utils - INFO - load key [conv2.weight].length : 2400, cost time : 0m:0s:0ms
2024-11-15 00:47:28,872 - fed_utils - INFO - load key [conv2.bias].length : 16, cost time : 0m:0s:0ms
2024-11-15 00:47:28,873 - fed_utils - INFO - load key [fc1.weight].length : 48000, cost time : 0m:0s:0ms
2024-11-15 00:47:28,873 - fed_utils - INFO - load key [fc1.bias].length : 120, cost time : 0m:0s:0ms
2024-11-15 00:47:28,873 - fed_utils - INFO - load key [fc2.weight].length : 10080, cost time : 0m:0s:0ms
2024-11-15 00:47:28,873 - fed_utils - INFO - load key [fc2.bias].length : 84, cost time : 0m:0s:0ms
2024-11-15 00:47:35,642 - fed_utils - INFO - encrypting key [fc3.weight].length : 840, cost time : 0m:6s:768ms
2024-11-15 00:47:35,722 - fed_utils - INFO - encrypting key [fc3.bias].length : 10, cost time : 0m:0s:79ms
2024-11-15 00:47:35,722 - fl_main - INFO - Server receive client_dict[f_00003] info ...
2024-11-15 00:47:35,722 - fl_main - INFO - ----- client id [f_00004] -----
2024-11-15 00:47:35,723 - client_base - INFO - recover model cost time : 0m:0s:0ms
2024-11-15 00:47:35,723 - fl_main - INFO - client_dict[f_00004] training ...
2024-11-15 00:47:35,724 - client_base - INFO - client_dict[f_00004] training epoch : 0
2024-11-15 00:47:36,228 - client_base - INFO - local model train cost time : 0m:0s:503ms
2024-11-15 00:47:36,230 - client_base - INFO - model encode time : 0m:0s:1ms
2024-11-15 00:47:36,230 - fl_main - INFO - client_dict[f_00004] local model encrypting ...
2024-11-15 00:47:37,413 - fed_utils - INFO - encrypting key [conv1.weight].length : 150, cost time : 0m:1s:182ms
2024-11-15 00:47:37,461 - fed_utils - INFO - encrypting key [conv1.bias].length : 6, cost time : 0m:0s:48ms
2024-11-15 00:47:37,462 - fed_utils - INFO - load key [conv2.weight].length : 2400, cost time : 0m:0s:0ms
2024-11-15 00:47:37,462 - fed_utils - INFO - load key [conv2.bias].length : 16, cost time : 0m:0s:0ms
2024-11-15 00:47:37,463 - fed_utils - INFO - load key [fc1.weight].length : 48000, cost time : 0m:0s:0ms
2024-11-15 00:47:37,463 - fed_utils - INFO - load key [fc1.bias].length : 120, cost time : 0m:0s:0ms
2024-11-15 00:47:37,463 - fed_utils - INFO - load key [fc2.weight].length : 10080, cost time : 0m:0s:0ms
2024-11-15 00:47:37,463 - fed_utils - INFO - load key [fc2.bias].length : 84, cost time : 0m:0s:0ms
2024-11-15 00:47:44,086 - fed_utils - INFO - encrypting key [fc3.weight].length : 840, cost time : 0m:6s:622ms
2024-11-15 00:47:44,165 - fed_utils - INFO - encrypting key [fc3.bias].length : 10, cost time : 0m:0s:79ms
2024-11-15 00:47:44,165 - fl_main - INFO - Server receive client_dict[f_00004] info ...
2024-11-15 00:47:44,165 - fl_main - INFO - ----- client id [f_00005] -----
2024-11-15 00:47:44,166 - client_base - INFO - recover model cost time : 0m:0s:0ms
2024-11-15 00:47:44,166 - fl_main - INFO - client_dict[f_00005] training ...
2024-11-15 00:47:44,167 - client_base - INFO - client_dict[f_00005] training epoch : 0
2024-11-15 00:47:44,676 - client_base - INFO - local model train cost time : 0m:0s:509ms
2024-11-15 00:47:44,678 - client_base - INFO - model encode time : 0m:0s:1ms
2024-11-15 00:47:44,678 - fl_main - INFO - client_dict[f_00005] local model encrypting ...
2024-11-15 00:47:45,861 - fed_utils - INFO - encrypting key [conv1.weight].length : 150, cost time : 0m:1s:182ms
2024-11-15 00:47:45,908 - fed_utils - INFO - encrypting key [conv1.bias].length : 6, cost time : 0m:0s:47ms
2024-11-15 00:47:45,909 - fed_utils - INFO - load key [conv2.weight].length : 2400, cost time : 0m:0s:0ms
2024-11-15 00:47:45,909 - fed_utils - INFO - load key [conv2.bias].length : 16, cost time : 0m:0s:0ms
2024-11-15 00:47:45,910 - fed_utils - INFO - load key [fc1.weight].length : 48000, cost time : 0m:0s:0ms
2024-11-15 00:47:45,910 - fed_utils - INFO - load key [fc1.bias].length : 120, cost time : 0m:0s:0ms
2024-11-15 00:47:45,910 - fed_utils - INFO - load key [fc2.weight].length : 10080, cost time : 0m:0s:0ms
2024-11-15 00:47:45,910 - fed_utils - INFO - load key [fc2.bias].length : 84, cost time : 0m:0s:0ms
2024-11-15 00:47:52,711 - fed_utils - INFO - encrypting key [fc3.weight].length : 840, cost time : 0m:6s:800ms
2024-11-15 00:47:52,790 - fed_utils - INFO - encrypting key [fc3.bias].length : 10, cost time : 0m:0s:79ms
2024-11-15 00:47:52,790 - fl_main - INFO - Server receive client_dict[f_00005] info ...
2024-11-15 00:47:52,790 - fl_main - INFO - ----- client id [f_00006] -----
2024-11-15 00:47:52,791 - client_base - INFO - recover model cost time : 0m:0s:0ms
2024-11-15 00:47:52,791 - fl_main - INFO - client_dict[f_00006] training ...
2024-11-15 00:47:52,792 - client_base - INFO - client_dict[f_00006] training epoch : 0
2024-11-15 00:47:53,303 - client_base - INFO - local model train cost time : 0m:0s:510ms
2024-11-15 00:47:53,304 - client_base - INFO - model encode time : 0m:0s:1ms
2024-11-15 00:47:53,305 - fl_main - INFO - client_dict[f_00006] local model encrypting ...
2024-11-15 00:47:54,487 - fed_utils - INFO - encrypting key [conv1.weight].length : 150, cost time : 0m:1s:182ms
2024-11-15 00:47:54,535 - fed_utils - INFO - encrypting key [conv1.bias].length : 6, cost time : 0m:0s:47ms
2024-11-15 00:47:54,535 - fed_utils - INFO - load key [conv2.weight].length : 2400, cost time : 0m:0s:0ms
2024-11-15 00:47:54,535 - fed_utils - INFO - load key [conv2.bias].length : 16, cost time : 0m:0s:0ms
2024-11-15 00:47:54,536 - fed_utils - INFO - load key [fc1.weight].length : 48000, cost time : 0m:0s:0ms
2024-11-15 00:47:54,536 - fed_utils - INFO - load key [fc1.bias].length : 120, cost time : 0m:0s:0ms
2024-11-15 00:47:54,537 - fed_utils - INFO - load key [fc2.weight].length : 10080, cost time : 0m:0s:0ms
2024-11-15 00:47:54,537 - fed_utils - INFO - load key [fc2.bias].length : 84, cost time : 0m:0s:0ms
2024-11-15 00:48:01,160 - fed_utils - INFO - encrypting key [fc3.weight].length : 840, cost time : 0m:6s:623ms
2024-11-15 00:48:01,239 - fed_utils - INFO - encrypting key [fc3.bias].length : 10, cost time : 0m:0s:79ms
2024-11-15 00:48:01,239 - fl_main - INFO - Server receive client_dict[f_00006] info ...
2024-11-15 00:48:01,239 - fl_main - INFO - ----- client id [f_00007] -----
2024-11-15 00:48:01,241 - client_base - INFO - recover model cost time : 0m:0s:0ms
2024-11-15 00:48:01,241 - fl_main - INFO - client_dict[f_00007] training ...
2024-11-15 00:48:01,241 - client_base - INFO - client_dict[f_00007] training epoch : 0
2024-11-15 00:48:01,737 - client_base - INFO - local model train cost time : 0m:0s:495ms
2024-11-15 00:48:01,739 - client_base - INFO - model encode time : 0m:0s:1ms
2024-11-15 00:48:01,739 - fl_main - INFO - client_dict[f_00007] local model encrypting ...
2024-11-15 00:48:02,922 - fed_utils - INFO - encrypting key [conv1.weight].length : 150, cost time : 0m:1s:183ms
2024-11-15 00:48:02,970 - fed_utils - INFO - encrypting key [conv1.bias].length : 6, cost time : 0m:0s:48ms
2024-11-15 00:48:02,970 - fed_utils - INFO - load key [conv2.weight].length : 2400, cost time : 0m:0s:0ms
2024-11-15 00:48:02,970 - fed_utils - INFO - load key [conv2.bias].length : 16, cost time : 0m:0s:0ms
2024-11-15 00:48:02,971 - fed_utils - INFO - load key [fc1.weight].length : 48000, cost time : 0m:0s:0ms
2024-11-15 00:48:02,971 - fed_utils - INFO - load key [fc1.bias].length : 120, cost time : 0m:0s:0ms
2024-11-15 00:48:02,972 - fed_utils - INFO - load key [fc2.weight].length : 10080, cost time : 0m:0s:0ms
2024-11-15 00:48:02,972 - fed_utils - INFO - load key [fc2.bias].length : 84, cost time : 0m:0s:0ms
2024-11-15 00:48:09,730 - fed_utils - INFO - encrypting key [fc3.weight].length : 840, cost time : 0m:6s:757ms
2024-11-15 00:48:09,809 - fed_utils - INFO - encrypting key [fc3.bias].length : 10, cost time : 0m:0s:79ms
2024-11-15 00:48:09,809 - fl_main - INFO - Server receive client_dict[f_00007] info ...
2024-11-15 00:48:09,809 - fl_main - INFO - ----- client id [f_00008] -----
2024-11-15 00:48:09,810 - client_base - INFO - recover model cost time : 0m:0s:0ms
2024-11-15 00:48:09,810 - fl_main - INFO - client_dict[f_00008] training ...
2024-11-15 00:48:09,811 - client_base - INFO - client_dict[f_00008] training epoch : 0
2024-11-15 00:48:10,316 - client_base - INFO - local model train cost time : 0m:0s:504ms
2024-11-15 00:48:10,317 - client_base - INFO - model encode time : 0m:0s:1ms
2024-11-15 00:48:10,318 - fl_main - INFO - client_dict[f_00008] local model encrypting ...
2024-11-15 00:48:11,503 - fed_utils - INFO - encrypting key [conv1.weight].length : 150, cost time : 0m:1s:184ms
2024-11-15 00:48:11,551 - fed_utils - INFO - encrypting key [conv1.bias].length : 6, cost time : 0m:0s:48ms
2024-11-15 00:48:11,551 - fed_utils - INFO - load key [conv2.weight].length : 2400, cost time : 0m:0s:0ms
2024-11-15 00:48:11,551 - fed_utils - INFO - load key [conv2.bias].length : 16, cost time : 0m:0s:0ms
2024-11-15 00:48:11,552 - fed_utils - INFO - load key [fc1.weight].length : 48000, cost time : 0m:0s:0ms
2024-11-15 00:48:11,552 - fed_utils - INFO - load key [fc1.bias].length : 120, cost time : 0m:0s:0ms
2024-11-15 00:48:11,552 - fed_utils - INFO - load key [fc2.weight].length : 10080, cost time : 0m:0s:0ms
2024-11-15 00:48:11,552 - fed_utils - INFO - load key [fc2.bias].length : 84, cost time : 0m:0s:0ms
2024-11-15 00:48:18,180 - fed_utils - INFO - encrypting key [fc3.weight].length : 840, cost time : 0m:6s:627ms
2024-11-15 00:48:18,259 - fed_utils - INFO - encrypting key [fc3.bias].length : 10, cost time : 0m:0s:79ms
2024-11-15 00:48:18,259 - fl_main - INFO - Server receive client_dict[f_00008] info ...
2024-11-15 00:48:18,259 - fl_main - INFO - ----- client id [f_00009] -----
2024-11-15 00:48:18,260 - client_base - INFO - recover model cost time : 0m:0s:0ms
2024-11-15 00:48:18,261 - fl_main - INFO - client_dict[f_00009] training ...
2024-11-15 00:48:18,261 - client_base - INFO - client_dict[f_00009] training epoch : 0
2024-11-15 00:48:18,779 - client_base - INFO - local model train cost time : 0m:0s:517ms
2024-11-15 00:48:18,780 - client_base - INFO - model encode time : 0m:0s:1ms
2024-11-15 00:48:18,780 - fl_main - INFO - client_dict[f_00009] local model encrypting ...
2024-11-15 00:48:19,964 - fed_utils - INFO - encrypting key [conv1.weight].length : 150, cost time : 0m:1s:183ms
2024-11-15 00:48:20,012 - fed_utils - INFO - encrypting key [conv1.bias].length : 6, cost time : 0m:0s:47ms
2024-11-15 00:48:20,012 - fed_utils - INFO - load key [conv2.weight].length : 2400, cost time : 0m:0s:0ms
2024-11-15 00:48:20,012 - fed_utils - INFO - load key [conv2.bias].length : 16, cost time : 0m:0s:0ms
2024-11-15 00:48:20,013 - fed_utils - INFO - load key [fc1.weight].length : 48000, cost time : 0m:0s:1ms
2024-11-15 00:48:20,013 - fed_utils - INFO - load key [fc1.bias].length : 120, cost time : 0m:0s:0ms
2024-11-15 00:48:20,014 - fed_utils - INFO - load key [fc2.weight].length : 10080, cost time : 0m:0s:0ms
2024-11-15 00:48:20,014 - fed_utils - INFO - load key [fc2.bias].length : 84, cost time : 0m:0s:0ms
2024-11-15 00:48:26,782 - fed_utils - INFO - encrypting key [fc3.weight].length : 840, cost time : 0m:6s:768ms
2024-11-15 00:48:26,862 - fed_utils - INFO - encrypting key [fc3.bias].length : 10, cost time : 0m:0s:79ms
2024-11-15 00:48:26,862 - fl_main - INFO - Server receive client_dict[f_00009] info ...
2024-11-15 00:48:26,862 - fl_main - INFO - global aggregation process ...
2024-11-15 00:48:26,862 - fed_utils - INFO - server.n_data : 60000
2024-11-15 00:48:26,862 - fed_utils - INFO - client_dict[f_00000].weight : 0.100000
2024-11-15 00:48:26,862 - fed_utils - INFO - client_dict[f_00001].weight : 0.100000
2024-11-15 00:48:26,862 - fed_utils - INFO - client_dict[f_00002].weight : 0.100000
2024-11-15 00:48:26,862 - fed_utils - INFO - client_dict[f_00003].weight : 0.100000
2024-11-15 00:48:26,862 - fed_utils - INFO - client_dict[f_00004].weight : 0.100000
2024-11-15 00:48:26,862 - fed_utils - INFO - client_dict[f_00005].weight : 0.100000
2024-11-15 00:48:26,862 - fed_utils - INFO - client_dict[f_00006].weight : 0.100000
2024-11-15 00:48:26,862 - fed_utils - INFO - client_dict[f_00007].weight : 0.100000
2024-11-15 00:48:26,862 - fed_utils - INFO - client_dict[f_00008].weight : 0.100000
2024-11-15 00:48:26,863 - fed_utils - INFO - client_dict[f_00009].weight : 0.100000
2024-11-15 00:48:26,863 - fed_utils - INFO - recover secret number by clients: 361.200000
2024-11-15 00:48:26,863 - server_base - INFO - Server aggregate model with homomorphic encryption ...
2024-11-15 00:48:29,951 - server_base - INFO - Server aggregate model done, cost time : 0m:3s:88ms
2024-11-15 00:48:30,291 - fed_utils - INFO - decrypting key [conv1.weight].shape [torch.Size([6, 1, 5, 5])]
2024-11-15 00:48:30,304 - fed_utils - INFO - decrypting key [conv1.bias].shape [torch.Size([6])]
2024-11-15 00:48:30,304 - fed_utils - INFO - decrypting key [conv2.weight].shape [torch.Size([16, 6, 5, 5])]
2024-11-15 00:48:30,304 - fed_utils - INFO - decrypting key [conv2.bias].shape [torch.Size([16])]
2024-11-15 00:48:30,305 - fed_utils - INFO - decrypting key [fc1.weight].shape [torch.Size([120, 400])]
2024-11-15 00:48:30,305 - fed_utils - INFO - decrypting key [fc1.bias].shape [torch.Size([120])]
2024-11-15 00:48:30,305 - fed_utils - INFO - decrypting key [fc2.weight].shape [torch.Size([84, 120])]
2024-11-15 00:48:30,305 - fed_utils - INFO - decrypting key [fc2.bias].shape [torch.Size([84])]
2024-11-15 00:48:32,204 - fed_utils - INFO - decrypting key [fc3.weight].shape [torch.Size([10, 84])]
2024-11-15 00:48:32,227 - fed_utils - INFO - decrypting key [fc3.bias].shape [torch.Size([10])]
2024-11-15 00:48:32,227 - fed_utils - INFO - decrypt time : [0m:2s:275ms]
2024-11-15 00:48:32,232 - fl_main - INFO - [global round : 10] aggregated model accuracy : 0.9301
2024-11-15 00:48:32,232 - fl_main - INFO - [global round : 10] aggregated model loss : 0.2700774766004011
2024-11-15 00:48:32,233 - fl_main - INFO - global round : 11
2024-11-15 00:48:32,233 - fl_main - INFO - the random client id to test accuracy : f_00006
2024-11-15 00:48:32,233 - fl_main - INFO - ----- client id [f_00000] -----
2024-11-15 00:48:32,234 - client_base - INFO - recover model cost time : 0m:0s:0ms
2024-11-15 00:48:32,234 - fl_main - INFO - client_dict[f_00000] training ...
2024-11-15 00:48:32,235 - client_base - INFO - client_dict[f_00000] training epoch : 0
2024-11-15 00:48:32,748 - client_base - INFO - local model train cost time : 0m:0s:512ms
2024-11-15 00:48:32,749 - client_base - INFO - model encode time : 0m:0s:1ms
2024-11-15 00:48:32,749 - fl_main - INFO - client_dict[f_00000] local model encrypting ...
2024-11-15 00:48:33,932 - fed_utils - INFO - encrypting key [conv1.weight].length : 150, cost time : 0m:1s:182ms
2024-11-15 00:48:33,980 - fed_utils - INFO - encrypting key [conv1.bias].length : 6, cost time : 0m:0s:47ms
2024-11-15 00:48:33,980 - fed_utils - INFO - load key [conv2.weight].length : 2400, cost time : 0m:0s:0ms
2024-11-15 00:48:33,980 - fed_utils - INFO - load key [conv2.bias].length : 16, cost time : 0m:0s:0ms
2024-11-15 00:48:33,981 - fed_utils - INFO - load key [fc1.weight].length : 48000, cost time : 0m:0s:0ms
2024-11-15 00:48:33,981 - fed_utils - INFO - load key [fc1.bias].length : 120, cost time : 0m:0s:0ms
2024-11-15 00:48:33,981 - fed_utils - INFO - load key [fc2.weight].length : 10080, cost time : 0m:0s:0ms
2024-11-15 00:48:33,981 - fed_utils - INFO - load key [fc2.bias].length : 84, cost time : 0m:0s:0ms
2024-11-15 00:48:40,814 - fed_utils - INFO - encrypting key [fc3.weight].length : 840, cost time : 0m:6s:832ms
2024-11-15 00:48:40,893 - fed_utils - INFO - encrypting key [fc3.bias].length : 10, cost time : 0m:0s:79ms
2024-11-15 00:48:40,894 - fl_main - INFO - Server receive client_dict[f_00000] info ...
2024-11-15 00:48:40,894 - fl_main - INFO - ----- client id [f_00001] -----
2024-11-15 00:48:40,896 - client_base - INFO - recover model cost time : 0m:0s:0ms
2024-11-15 00:48:40,896 - fl_main - INFO - client_dict[f_00001] training ...
2024-11-15 00:48:40,896 - client_base - INFO - client_dict[f_00001] training epoch : 0
2024-11-15 00:48:41,397 - client_base - INFO - local model train cost time : 0m:0s:500ms
2024-11-15 00:48:41,398 - client_base - INFO - model encode time : 0m:0s:1ms
2024-11-15 00:48:41,398 - fl_main - INFO - client_dict[f_00001] local model encrypting ...
2024-11-15 00:48:42,583 - fed_utils - INFO - encrypting key [conv1.weight].length : 150, cost time : 0m:1s:184ms
2024-11-15 00:48:42,631 - fed_utils - INFO - encrypting key [conv1.bias].length : 6, cost time : 0m:0s:47ms
2024-11-15 00:48:42,631 - fed_utils - INFO - load key [conv2.weight].length : 2400, cost time : 0m:0s:0ms
2024-11-15 00:48:42,631 - fed_utils - INFO - load key [conv2.bias].length : 16, cost time : 0m:0s:0ms
2024-11-15 00:48:42,632 - fed_utils - INFO - load key [fc1.weight].length : 48000, cost time : 0m:0s:0ms
2024-11-15 00:48:42,632 - fed_utils - INFO - load key [fc1.bias].length : 120, cost time : 0m:0s:0ms
2024-11-15 00:48:42,632 - fed_utils - INFO - load key [fc2.weight].length : 10080, cost time : 0m:0s:0ms
2024-11-15 00:48:42,632 - fed_utils - INFO - load key [fc2.bias].length : 84, cost time : 0m:0s:0ms
2024-11-15 00:48:49,258 - fed_utils - INFO - encrypting key [fc3.weight].length : 840, cost time : 0m:6s:625ms
2024-11-15 00:48:49,337 - fed_utils - INFO - encrypting key [fc3.bias].length : 10, cost time : 0m:0s:79ms
2024-11-15 00:48:49,337 - fl_main - INFO - Server receive client_dict[f_00001] info ...
2024-11-15 00:48:49,337 - fl_main - INFO - ----- client id [f_00002] -----
2024-11-15 00:48:49,338 - client_base - INFO - recover model cost time : 0m:0s:0ms
2024-11-15 00:48:49,338 - fl_main - INFO - client_dict[f_00002] training ...
2024-11-15 00:48:49,339 - client_base - INFO - client_dict[f_00002] training epoch : 0
2024-11-15 00:48:49,845 - client_base - INFO - local model train cost time : 0m:0s:506ms
2024-11-15 00:48:49,846 - client_base - INFO - model encode time : 0m:0s:1ms
2024-11-15 00:48:49,847 - fl_main - INFO - client_dict[f_00002] local model encrypting ...
2024-11-15 00:48:51,165 - fed_utils - INFO - encrypting key [conv1.weight].length : 150, cost time : 0m:1s:317ms
2024-11-15 00:48:51,212 - fed_utils - INFO - encrypting key [conv1.bias].length : 6, cost time : 0m:0s:47ms
2024-11-15 00:48:51,213 - fed_utils - INFO - load key [conv2.weight].length : 2400, cost time : 0m:0s:0ms
2024-11-15 00:48:51,213 - fed_utils - INFO - load key [conv2.bias].length : 16, cost time : 0m:0s:0ms
2024-11-15 00:48:51,214 - fed_utils - INFO - load key [fc1.weight].length : 48000, cost time : 0m:0s:0ms
2024-11-15 00:48:51,214 - fed_utils - INFO - load key [fc1.bias].length : 120, cost time : 0m:0s:0ms
2024-11-15 00:48:51,214 - fed_utils - INFO - load key [fc2.weight].length : 10080, cost time : 0m:0s:0ms
2024-11-15 00:48:51,214 - fed_utils - INFO - load key [fc2.bias].length : 84, cost time : 0m:0s:0ms
2024-11-15 00:48:57,841 - fed_utils - INFO - encrypting key [fc3.weight].length : 840, cost time : 0m:6s:626ms
2024-11-15 00:48:57,920 - fed_utils - INFO - encrypting key [fc3.bias].length : 10, cost time : 0m:0s:79ms
2024-11-15 00:48:57,921 - fl_main - INFO - Server receive client_dict[f_00002] info ...
2024-11-15 00:48:57,921 - fl_main - INFO - ----- client id [f_00003] -----
2024-11-15 00:48:57,922 - client_base - INFO - recover model cost time : 0m:0s:0ms
2024-11-15 00:48:57,922 - fl_main - INFO - client_dict[f_00003] training ...
2024-11-15 00:48:57,923 - client_base - INFO - client_dict[f_00003] training epoch : 0
2024-11-15 00:48:58,434 - client_base - INFO - local model train cost time : 0m:0s:511ms
2024-11-15 00:48:58,435 - client_base - INFO - model encode time : 0m:0s:1ms
2024-11-15 00:48:58,436 - fl_main - INFO - client_dict[f_00003] local model encrypting ...
2024-11-15 00:48:59,621 - fed_utils - INFO - encrypting key [conv1.weight].length : 150, cost time : 0m:1s:185ms
2024-11-15 00:48:59,669 - fed_utils - INFO - encrypting key [conv1.bias].length : 6, cost time : 0m:0s:47ms
2024-11-15 00:48:59,670 - fed_utils - INFO - load key [conv2.weight].length : 2400, cost time : 0m:0s:0ms
2024-11-15 00:48:59,670 - fed_utils - INFO - load key [conv2.bias].length : 16, cost time : 0m:0s:0ms
2024-11-15 00:48:59,671 - fed_utils - INFO - load key [fc1.weight].length : 48000, cost time : 0m:0s:0ms
2024-11-15 00:48:59,671 - fed_utils - INFO - load key [fc1.bias].length : 120, cost time : 0m:0s:0ms
2024-11-15 00:48:59,671 - fed_utils - INFO - load key [fc2.weight].length : 10080, cost time : 0m:0s:0ms
2024-11-15 00:48:59,671 - fed_utils - INFO - load key [fc2.bias].length : 84, cost time : 0m:0s:0ms
2024-11-15 00:49:06,420 - fed_utils - INFO - encrypting key [fc3.weight].length : 840, cost time : 0m:6s:749ms
2024-11-15 00:49:06,500 - fed_utils - INFO - encrypting key [fc3.bias].length : 10, cost time : 0m:0s:79ms
2024-11-15 00:49:06,500 - fl_main - INFO - Server receive client_dict[f_00003] info ...
2024-11-15 00:49:06,500 - fl_main - INFO - ----- client id [f_00004] -----
2024-11-15 00:49:06,501 - client_base - INFO - recover model cost time : 0m:0s:0ms
2024-11-15 00:49:06,501 - fl_main - INFO - client_dict[f_00004] training ...
2024-11-15 00:49:06,502 - client_base - INFO - client_dict[f_00004] training epoch : 0
2024-11-15 00:49:07,013 - client_base - INFO - local model train cost time : 0m:0s:510ms
2024-11-15 00:49:07,014 - client_base - INFO - model encode time : 0m:0s:1ms
2024-11-15 00:49:07,014 - fl_main - INFO - client_dict[f_00004] local model encrypting ...
2024-11-15 00:49:08,200 - fed_utils - INFO - encrypting key [conv1.weight].length : 150, cost time : 0m:1s:186ms
2024-11-15 00:49:08,248 - fed_utils - INFO - encrypting key [conv1.bias].length : 6, cost time : 0m:0s:48ms
2024-11-15 00:49:08,249 - fed_utils - INFO - load key [conv2.weight].length : 2400, cost time : 0m:0s:0ms
2024-11-15 00:49:08,249 - fed_utils - INFO - load key [conv2.bias].length : 16, cost time : 0m:0s:0ms
2024-11-15 00:49:08,250 - fed_utils - INFO - load key [fc1.weight].length : 48000, cost time : 0m:0s:0ms
2024-11-15 00:49:08,250 - fed_utils - INFO - load key [fc1.bias].length : 120, cost time : 0m:0s:0ms
2024-11-15 00:49:08,250 - fed_utils - INFO - load key [fc2.weight].length : 10080, cost time : 0m:0s:0ms
2024-11-15 00:49:08,250 - fed_utils - INFO - load key [fc2.bias].length : 84, cost time : 0m:0s:0ms
2024-11-15 00:49:14,876 - fed_utils - INFO - encrypting key [fc3.weight].length : 840, cost time : 0m:6s:626ms
2024-11-15 00:49:14,956 - fed_utils - INFO - encrypting key [fc3.bias].length : 10, cost time : 0m:0s:79ms
2024-11-15 00:49:14,956 - fl_main - INFO - Server receive client_dict[f_00004] info ...
2024-11-15 00:49:14,956 - fl_main - INFO - ----- client id [f_00005] -----
2024-11-15 00:49:14,957 - client_base - INFO - recover model cost time : 0m:0s:0ms
2024-11-15 00:49:14,957 - fl_main - INFO - client_dict[f_00005] training ...
2024-11-15 00:49:14,958 - client_base - INFO - client_dict[f_00005] training epoch : 0
2024-11-15 00:49:15,484 - client_base - INFO - local model train cost time : 0m:0s:526ms
2024-11-15 00:49:15,485 - client_base - INFO - model encode time : 0m:0s:1ms
2024-11-15 00:49:15,486 - fl_main - INFO - client_dict[f_00005] local model encrypting ...
2024-11-15 00:49:16,669 - fed_utils - INFO - encrypting key [conv1.weight].length : 150, cost time : 0m:1s:183ms
2024-11-15 00:49:16,717 - fed_utils - INFO - encrypting key [conv1.bias].length : 6, cost time : 0m:0s:47ms
2024-11-15 00:49:16,717 - fed_utils - INFO - load key [conv2.weight].length : 2400, cost time : 0m:0s:0ms
2024-11-15 00:49:16,717 - fed_utils - INFO - load key [conv2.bias].length : 16, cost time : 0m:0s:0ms
2024-11-15 00:49:16,718 - fed_utils - INFO - load key [fc1.weight].length : 48000, cost time : 0m:0s:0ms
2024-11-15 00:49:16,718 - fed_utils - INFO - load key [fc1.bias].length : 120, cost time : 0m:0s:0ms
2024-11-15 00:49:16,719 - fed_utils - INFO - load key [fc2.weight].length : 10080, cost time : 0m:0s:0ms
2024-11-15 00:49:16,719 - fed_utils - INFO - load key [fc2.bias].length : 84, cost time : 0m:0s:0ms
2024-11-15 00:49:23,483 - fed_utils - INFO - encrypting key [fc3.weight].length : 840, cost time : 0m:6s:764ms
2024-11-15 00:49:23,563 - fed_utils - INFO - encrypting key [fc3.bias].length : 10, cost time : 0m:0s:79ms
2024-11-15 00:49:23,563 - fl_main - INFO - Server receive client_dict[f_00005] info ...
2024-11-15 00:49:23,563 - fl_main - INFO - ----- client id [f_00006] -----
2024-11-15 00:49:23,564 - client_base - INFO - recover model cost time : 0m:0s:0ms
2024-11-15 00:49:24,360 - fl_main - INFO - global round [11] client_dict[f_00006].accuracy : 0.935200
2024-11-15 00:49:24,360 - fl_main - INFO - client_dict[f_00006] training ...
2024-11-15 00:49:24,361 - client_base - INFO - client_dict[f_00006] training epoch : 0
2024-11-15 00:49:24,862 - client_base - INFO - local model train cost time : 0m:0s:501ms
2024-11-15 00:49:24,864 - client_base - INFO - model encode time : 0m:0s:1ms
2024-11-15 00:49:24,864 - fl_main - INFO - client_dict[f_00006] local model encrypting ...
2024-11-15 00:49:26,050 - fed_utils - INFO - encrypting key [conv1.weight].length : 150, cost time : 0m:1s:186ms
2024-11-15 00:49:26,098 - fed_utils - INFO - encrypting key [conv1.bias].length : 6, cost time : 0m:0s:47ms
2024-11-15 00:49:26,098 - fed_utils - INFO - load key [conv2.weight].length : 2400, cost time : 0m:0s:0ms
2024-11-15 00:49:26,098 - fed_utils - INFO - load key [conv2.bias].length : 16, cost time : 0m:0s:0ms
2024-11-15 00:49:26,099 - fed_utils - INFO - load key [fc1.weight].length : 48000, cost time : 0m:0s:0ms
2024-11-15 00:49:26,099 - fed_utils - INFO - load key [fc1.bias].length : 120, cost time : 0m:0s:0ms
2024-11-15 00:49:26,099 - fed_utils - INFO - load key [fc2.weight].length : 10080, cost time : 0m:0s:0ms
2024-11-15 00:49:26,100 - fed_utils - INFO - load key [fc2.bias].length : 84, cost time : 0m:0s:0ms
2024-11-15 00:49:32,738 - fed_utils - INFO - encrypting key [fc3.weight].length : 840, cost time : 0m:6s:638ms
2024-11-15 00:49:32,817 - fed_utils - INFO - encrypting key [fc3.bias].length : 10, cost time : 0m:0s:79ms
2024-11-15 00:49:32,817 - fl_main - INFO - Server receive client_dict[f_00006] info ...
2024-11-15 00:49:32,817 - fl_main - INFO - ----- client id [f_00007] -----
2024-11-15 00:49:32,818 - client_base - INFO - recover model cost time : 0m:0s:0ms
2024-11-15 00:49:32,818 - fl_main - INFO - client_dict[f_00007] training ...
2024-11-15 00:49:32,819 - client_base - INFO - client_dict[f_00007] training epoch : 0
2024-11-15 00:49:33,339 - client_base - INFO - local model train cost time : 0m:0s:519ms
2024-11-15 00:49:33,340 - client_base - INFO - model encode time : 0m:0s:1ms
2024-11-15 00:49:33,340 - fl_main - INFO - client_dict[f_00007] local model encrypting ...
2024-11-15 00:49:34,523 - fed_utils - INFO - encrypting key [conv1.weight].length : 150, cost time : 0m:1s:182ms
2024-11-15 00:49:34,571 - fed_utils - INFO - encrypting key [conv1.bias].length : 6, cost time : 0m:0s:47ms
2024-11-15 00:49:34,571 - fed_utils - INFO - load key [conv2.weight].length : 2400, cost time : 0m:0s:0ms
2024-11-15 00:49:34,571 - fed_utils - INFO - load key [conv2.bias].length : 16, cost time : 0m:0s:0ms
2024-11-15 00:49:34,572 - fed_utils - INFO - load key [fc1.weight].length : 48000, cost time : 0m:0s:0ms
2024-11-15 00:49:34,572 - fed_utils - INFO - load key [fc1.bias].length : 120, cost time : 0m:0s:0ms
2024-11-15 00:49:34,572 - fed_utils - INFO - load key [fc2.weight].length : 10080, cost time : 0m:0s:0ms
2024-11-15 00:49:34,572 - fed_utils - INFO - load key [fc2.bias].length : 84, cost time : 0m:0s:0ms
2024-11-15 00:49:41,357 - fed_utils - INFO - encrypting key [fc3.weight].length : 840, cost time : 0m:6s:784ms
2024-11-15 00:49:41,436 - fed_utils - INFO - encrypting key [fc3.bias].length : 10, cost time : 0m:0s:79ms
2024-11-15 00:49:41,436 - fl_main - INFO - Server receive client_dict[f_00007] info ...
2024-11-15 00:49:41,436 - fl_main - INFO - ----- client id [f_00008] -----
2024-11-15 00:49:41,438 - client_base - INFO - recover model cost time : 0m:0s:0ms
2024-11-15 00:49:41,438 - fl_main - INFO - client_dict[f_00008] training ...
2024-11-15 00:49:41,438 - client_base - INFO - client_dict[f_00008] training epoch : 0
2024-11-15 00:49:41,956 - client_base - INFO - local model train cost time : 0m:0s:517ms
2024-11-15 00:49:41,957 - client_base - INFO - model encode time : 0m:0s:1ms
2024-11-15 00:49:41,958 - fl_main - INFO - client_dict[f_00008] local model encrypting ...
2024-11-15 00:49:43,143 - fed_utils - INFO - encrypting key [conv1.weight].length : 150, cost time : 0m:1s:184ms
2024-11-15 00:49:43,191 - fed_utils - INFO - encrypting key [conv1.bias].length : 6, cost time : 0m:0s:47ms
2024-11-15 00:49:43,191 - fed_utils - INFO - load key [conv2.weight].length : 2400, cost time : 0m:0s:0ms
2024-11-15 00:49:43,191 - fed_utils - INFO - load key [conv2.bias].length : 16, cost time : 0m:0s:0ms
2024-11-15 00:49:43,192 - fed_utils - INFO - load key [fc1.weight].length : 48000, cost time : 0m:0s:0ms
2024-11-15 00:49:43,192 - fed_utils - INFO - load key [fc1.bias].length : 120, cost time : 0m:0s:0ms
2024-11-15 00:49:43,192 - fed_utils - INFO - load key [fc2.weight].length : 10080, cost time : 0m:0s:0ms
2024-11-15 00:49:43,192 - fed_utils - INFO - load key [fc2.bias].length : 84, cost time : 0m:0s:0ms
2024-11-15 00:49:49,817 - fed_utils - INFO - encrypting key [fc3.weight].length : 840, cost time : 0m:6s:624ms
2024-11-15 00:49:49,896 - fed_utils - INFO - encrypting key [fc3.bias].length : 10, cost time : 0m:0s:79ms
2024-11-15 00:49:49,896 - fl_main - INFO - Server receive client_dict[f_00008] info ...
2024-11-15 00:49:49,896 - fl_main - INFO - ----- client id [f_00009] -----
2024-11-15 00:49:49,897 - client_base - INFO - recover model cost time : 0m:0s:0ms
2024-11-15 00:49:49,897 - fl_main - INFO - client_dict[f_00009] training ...
2024-11-15 00:49:49,898 - client_base - INFO - client_dict[f_00009] training epoch : 0
2024-11-15 00:49:50,540 - client_base - INFO - local model train cost time : 0m:0s:641ms
2024-11-15 00:49:50,541 - client_base - INFO - model encode time : 0m:0s:1ms
2024-11-15 00:49:50,541 - fl_main - INFO - client_dict[f_00009] local model encrypting ...
2024-11-15 00:49:51,724 - fed_utils - INFO - encrypting key [conv1.weight].length : 150, cost time : 0m:1s:182ms
2024-11-15 00:49:51,772 - fed_utils - INFO - encrypting key [conv1.bias].length : 6, cost time : 0m:0s:47ms
2024-11-15 00:49:51,772 - fed_utils - INFO - load key [conv2.weight].length : 2400, cost time : 0m:0s:0ms
2024-11-15 00:49:51,772 - fed_utils - INFO - load key [conv2.bias].length : 16, cost time : 0m:0s:0ms
2024-11-15 00:49:51,774 - fed_utils - INFO - load key [fc1.weight].length : 48000, cost time : 0m:0s:1ms
2024-11-15 00:49:51,774 - fed_utils - INFO - load key [fc1.bias].length : 120, cost time : 0m:0s:0ms
2024-11-15 00:49:51,774 - fed_utils - INFO - load key [fc2.weight].length : 10080, cost time : 0m:0s:0ms
2024-11-15 00:49:51,774 - fed_utils - INFO - load key [fc2.bias].length : 84, cost time : 0m:0s:0ms
2024-11-15 00:49:58,402 - fed_utils - INFO - encrypting key [fc3.weight].length : 840, cost time : 0m:6s:628ms
2024-11-15 00:49:58,482 - fed_utils - INFO - encrypting key [fc3.bias].length : 10, cost time : 0m:0s:79ms
2024-11-15 00:49:58,482 - fl_main - INFO - Server receive client_dict[f_00009] info ...
2024-11-15 00:49:58,482 - fl_main - INFO - global aggregation process ...
2024-11-15 00:49:58,482 - fed_utils - INFO - server.n_data : 60000
2024-11-15 00:49:58,482 - fed_utils - INFO - client_dict[f_00000].weight : 0.100000
2024-11-15 00:49:58,482 - fed_utils - INFO - client_dict[f_00001].weight : 0.100000
2024-11-15 00:49:58,482 - fed_utils - INFO - client_dict[f_00002].weight : 0.100000
2024-11-15 00:49:58,482 - fed_utils - INFO - client_dict[f_00003].weight : 0.100000
2024-11-15 00:49:58,482 - fed_utils - INFO - client_dict[f_00004].weight : 0.100000
2024-11-15 00:49:58,482 - fed_utils - INFO - client_dict[f_00005].weight : 0.100000
2024-11-15 00:49:58,482 - fed_utils - INFO - client_dict[f_00006].weight : 0.100000
2024-11-15 00:49:58,482 - fed_utils - INFO - client_dict[f_00007].weight : 0.100000
2024-11-15 00:49:58,482 - fed_utils - INFO - client_dict[f_00008].weight : 0.100000
2024-11-15 00:49:58,482 - fed_utils - INFO - client_dict[f_00009].weight : 0.100000
2024-11-15 00:49:58,482 - fed_utils - INFO - recover secret number by clients: 361.200000
2024-11-15 00:49:58,483 - server_base - INFO - Server aggregate model with homomorphic encryption ...
2024-11-15 00:50:01,546 - server_base - INFO - Server aggregate model done, cost time : 0m:3s:63ms
2024-11-15 00:50:01,885 - fed_utils - INFO - decrypting key [conv1.weight].shape [torch.Size([6, 1, 5, 5])]
2024-11-15 00:50:01,899 - fed_utils - INFO - decrypting key [conv1.bias].shape [torch.Size([6])]
2024-11-15 00:50:01,899 - fed_utils - INFO - decrypting key [conv2.weight].shape [torch.Size([16, 6, 5, 5])]
2024-11-15 00:50:01,899 - fed_utils - INFO - decrypting key [conv2.bias].shape [torch.Size([16])]
2024-11-15 00:50:01,900 - fed_utils - INFO - decrypting key [fc1.weight].shape [torch.Size([120, 400])]
2024-11-15 00:50:01,900 - fed_utils - INFO - decrypting key [fc1.bias].shape [torch.Size([120])]
2024-11-15 00:50:01,900 - fed_utils - INFO - decrypting key [fc2.weight].shape [torch.Size([84, 120])]
2024-11-15 00:50:01,900 - fed_utils - INFO - decrypting key [fc2.bias].shape [torch.Size([84])]
2024-11-15 00:50:03,802 - fed_utils - INFO - decrypting key [fc3.weight].shape [torch.Size([10, 84])]
2024-11-15 00:50:03,825 - fed_utils - INFO - decrypting key [fc3.bias].shape [torch.Size([10])]
2024-11-15 00:50:03,825 - fed_utils - INFO - decrypt time : [0m:2s:278ms]
2024-11-15 00:50:03,830 - fl_main - INFO - [global round : 11] aggregated model accuracy : 0.9352
2024-11-15 00:50:03,830 - fl_main - INFO - [global round : 11] aggregated model loss : 0.23538520256626974
2024-11-15 00:50:03,831 - fl_main - INFO - global round : 12
2024-11-15 00:50:03,831 - fl_main - INFO - the random client id to test accuracy : f_00009
2024-11-15 00:50:03,831 - fl_main - INFO - ----- client id [f_00000] -----
2024-11-15 00:50:03,832 - client_base - INFO - recover model cost time : 0m:0s:0ms
2024-11-15 00:50:03,832 - fl_main - INFO - client_dict[f_00000] training ...
2024-11-15 00:50:03,833 - client_base - INFO - client_dict[f_00000] training epoch : 0
2024-11-15 00:50:04,353 - client_base - INFO - local model train cost time : 0m:0s:519ms
2024-11-15 00:50:04,354 - client_base - INFO - model encode time : 0m:0s:1ms
2024-11-15 00:50:04,354 - fl_main - INFO - client_dict[f_00000] local model encrypting ...
2024-11-15 00:50:05,680 - fed_utils - INFO - encrypting key [conv1.weight].length : 150, cost time : 0m:1s:325ms
2024-11-15 00:50:05,728 - fed_utils - INFO - encrypting key [conv1.bias].length : 6, cost time : 0m:0s:47ms
2024-11-15 00:50:05,728 - fed_utils - INFO - load key [conv2.weight].length : 2400, cost time : 0m:0s:0ms
2024-11-15 00:50:05,728 - fed_utils - INFO - load key [conv2.bias].length : 16, cost time : 0m:0s:0ms
2024-11-15 00:50:05,729 - fed_utils - INFO - load key [fc1.weight].length : 48000, cost time : 0m:0s:0ms
2024-11-15 00:50:05,729 - fed_utils - INFO - load key [fc1.bias].length : 120, cost time : 0m:0s:0ms
2024-11-15 00:50:05,730 - fed_utils - INFO - load key [fc2.weight].length : 10080, cost time : 0m:0s:0ms
2024-11-15 00:50:05,730 - fed_utils - INFO - load key [fc2.bias].length : 84, cost time : 0m:0s:0ms
2024-11-15 00:50:12,358 - fed_utils - INFO - encrypting key [fc3.weight].length : 840, cost time : 0m:6s:627ms
2024-11-15 00:50:12,437 - fed_utils - INFO - encrypting key [fc3.bias].length : 10, cost time : 0m:0s:79ms
2024-11-15 00:50:12,438 - fl_main - INFO - Server receive client_dict[f_00000] info ...
2024-11-15 00:50:12,438 - fl_main - INFO - ----- client id [f_00001] -----
2024-11-15 00:50:12,439 - client_base - INFO - recover model cost time : 0m:0s:0ms
2024-11-15 00:50:12,439 - fl_main - INFO - client_dict[f_00001] training ...
2024-11-15 00:50:12,440 - client_base - INFO - client_dict[f_00001] training epoch : 0
2024-11-15 00:50:12,952 - client_base - INFO - local model train cost time : 0m:0s:511ms
2024-11-15 00:50:12,954 - client_base - INFO - model encode time : 0m:0s:1ms
2024-11-15 00:50:12,954 - fl_main - INFO - client_dict[f_00001] local model encrypting ...
2024-11-15 00:50:14,137 - fed_utils - INFO - encrypting key [conv1.weight].length : 150, cost time : 0m:1s:182ms
2024-11-15 00:50:14,185 - fed_utils - INFO - encrypting key [conv1.bias].length : 6, cost time : 0m:0s:47ms
2024-11-15 00:50:14,185 - fed_utils - INFO - load key [conv2.weight].length : 2400, cost time : 0m:0s:0ms
2024-11-15 00:50:14,185 - fed_utils - INFO - load key [conv2.bias].length : 16, cost time : 0m:0s:0ms
2024-11-15 00:50:14,186 - fed_utils - INFO - load key [fc1.weight].length : 48000, cost time : 0m:0s:0ms
2024-11-15 00:50:14,186 - fed_utils - INFO - load key [fc1.bias].length : 120, cost time : 0m:0s:0ms
2024-11-15 00:50:14,186 - fed_utils - INFO - load key [fc2.weight].length : 10080, cost time : 0m:0s:0ms
2024-11-15 00:50:14,186 - fed_utils - INFO - load key [fc2.bias].length : 84, cost time : 0m:0s:0ms
2024-11-15 00:50:20,946 - fed_utils - INFO - encrypting key [fc3.weight].length : 840, cost time : 0m:6s:759ms
2024-11-15 00:50:21,025 - fed_utils - INFO - encrypting key [fc3.bias].length : 10, cost time : 0m:0s:79ms
2024-11-15 00:50:21,025 - fl_main - INFO - Server receive client_dict[f_00001] info ...
2024-11-15 00:50:21,025 - fl_main - INFO - ----- client id [f_00002] -----
2024-11-15 00:50:21,027 - client_base - INFO - recover model cost time : 0m:0s:0ms
2024-11-15 00:50:21,027 - fl_main - INFO - client_dict[f_00002] training ...
2024-11-15 00:50:21,027 - client_base - INFO - client_dict[f_00002] training epoch : 0
2024-11-15 00:50:21,529 - client_base - INFO - local model train cost time : 0m:0s:501ms
2024-11-15 00:50:21,530 - client_base - INFO - model encode time : 0m:0s:1ms
2024-11-15 00:50:21,531 - fl_main - INFO - client_dict[f_00002] local model encrypting ...
2024-11-15 00:50:22,713 - fed_utils - INFO - encrypting key [conv1.weight].length : 150, cost time : 0m:1s:182ms
2024-11-15 00:50:22,761 - fed_utils - INFO - encrypting key [conv1.bias].length : 6, cost time : 0m:0s:47ms
2024-11-15 00:50:22,761 - fed_utils - INFO - load key [conv2.weight].length : 2400, cost time : 0m:0s:0ms
2024-11-15 00:50:22,761 - fed_utils - INFO - load key [conv2.bias].length : 16, cost time : 0m:0s:0ms
2024-11-15 00:50:22,762 - fed_utils - INFO - load key [fc1.weight].length : 48000, cost time : 0m:0s:0ms
2024-11-15 00:50:22,762 - fed_utils - INFO - load key [fc1.bias].length : 120, cost time : 0m:0s:0ms
2024-11-15 00:50:22,762 - fed_utils - INFO - load key [fc2.weight].length : 10080, cost time : 0m:0s:0ms
2024-11-15 00:50:22,762 - fed_utils - INFO - load key [fc2.bias].length : 84, cost time : 0m:0s:0ms
2024-11-15 00:50:29,392 - fed_utils - INFO - encrypting key [fc3.weight].length : 840, cost time : 0m:6s:629ms
2024-11-15 00:50:29,471 - fed_utils - INFO - encrypting key [fc3.bias].length : 10, cost time : 0m:0s:79ms
2024-11-15 00:50:29,471 - fl_main - INFO - Server receive client_dict[f_00002] info ...
2024-11-15 00:50:29,471 - fl_main - INFO - ----- client id [f_00003] -----
2024-11-15 00:50:29,473 - client_base - INFO - recover model cost time : 0m:0s:0ms
2024-11-15 00:50:29,473 - fl_main - INFO - client_dict[f_00003] training ...
2024-11-15 00:50:29,473 - client_base - INFO - client_dict[f_00003] training epoch : 0
2024-11-15 00:50:29,981 - client_base - INFO - local model train cost time : 0m:0s:507ms
2024-11-15 00:50:29,982 - client_base - INFO - model encode time : 0m:0s:1ms
2024-11-15 00:50:29,983 - fl_main - INFO - client_dict[f_00003] local model encrypting ...
2024-11-15 00:50:31,166 - fed_utils - INFO - encrypting key [conv1.weight].length : 150, cost time : 0m:1s:183ms
2024-11-15 00:50:31,214 - fed_utils - INFO - encrypting key [conv1.bias].length : 6, cost time : 0m:0s:47ms
2024-11-15 00:50:31,214 - fed_utils - INFO - load key [conv2.weight].length : 2400, cost time : 0m:0s:0ms
2024-11-15 00:50:31,214 - fed_utils - INFO - load key [conv2.bias].length : 16, cost time : 0m:0s:0ms
2024-11-15 00:50:31,215 - fed_utils - INFO - load key [fc1.weight].length : 48000, cost time : 0m:0s:0ms
2024-11-15 00:50:31,215 - fed_utils - INFO - load key [fc1.bias].length : 120, cost time : 0m:0s:0ms
2024-11-15 00:50:31,216 - fed_utils - INFO - load key [fc2.weight].length : 10080, cost time : 0m:0s:0ms
2024-11-15 00:50:31,216 - fed_utils - INFO - load key [fc2.bias].length : 84, cost time : 0m:0s:0ms
2024-11-15 00:50:37,974 - fed_utils - INFO - encrypting key [fc3.weight].length : 840, cost time : 0m:6s:758ms
2024-11-15 00:50:38,054 - fed_utils - INFO - encrypting key [fc3.bias].length : 10, cost time : 0m:0s:79ms
2024-11-15 00:50:38,054 - fl_main - INFO - Server receive client_dict[f_00003] info ...
2024-11-15 00:50:38,054 - fl_main - INFO - ----- client id [f_00004] -----
2024-11-15 00:50:38,055 - client_base - INFO - recover model cost time : 0m:0s:0ms
2024-11-15 00:50:38,055 - fl_main - INFO - client_dict[f_00004] training ...
2024-11-15 00:50:38,056 - client_base - INFO - client_dict[f_00004] training epoch : 0
2024-11-15 00:50:38,557 - client_base - INFO - local model train cost time : 0m:0s:501ms
2024-11-15 00:50:38,558 - client_base - INFO - model encode time : 0m:0s:1ms
2024-11-15 00:50:38,559 - fl_main - INFO - client_dict[f_00004] local model encrypting ...
2024-11-15 00:50:39,743 - fed_utils - INFO - encrypting key [conv1.weight].length : 150, cost time : 0m:1s:184ms
2024-11-15 00:50:39,791 - fed_utils - INFO - encrypting key [conv1.bias].length : 6, cost time : 0m:0s:48ms
2024-11-15 00:50:39,791 - fed_utils - INFO - load key [conv2.weight].length : 2400, cost time : 0m:0s:0ms
2024-11-15 00:50:39,791 - fed_utils - INFO - load key [conv2.bias].length : 16, cost time : 0m:0s:0ms
2024-11-15 00:50:39,792 - fed_utils - INFO - load key [fc1.weight].length : 48000, cost time : 0m:0s:0ms
2024-11-15 00:50:39,792 - fed_utils - INFO - load key [fc1.bias].length : 120, cost time : 0m:0s:0ms
2024-11-15 00:50:39,793 - fed_utils - INFO - load key [fc2.weight].length : 10080, cost time : 0m:0s:0ms
2024-11-15 00:50:39,793 - fed_utils - INFO - load key [fc2.bias].length : 84, cost time : 0m:0s:0ms
2024-11-15 00:50:46,418 - fed_utils - INFO - encrypting key [fc3.weight].length : 840, cost time : 0m:6s:624ms
2024-11-15 00:50:46,497 - fed_utils - INFO - encrypting key [fc3.bias].length : 10, cost time : 0m:0s:79ms
2024-11-15 00:50:46,497 - fl_main - INFO - Server receive client_dict[f_00004] info ...
2024-11-15 00:50:46,497 - fl_main - INFO - ----- client id [f_00005] -----
2024-11-15 00:50:46,498 - client_base - INFO - recover model cost time : 0m:0s:0ms
2024-11-15 00:50:46,498 - fl_main - INFO - client_dict[f_00005] training ...
2024-11-15 00:50:46,499 - client_base - INFO - client_dict[f_00005] training epoch : 0
2024-11-15 00:50:47,012 - client_base - INFO - local model train cost time : 0m:0s:512ms
2024-11-15 00:50:47,013 - client_base - INFO - model encode time : 0m:0s:1ms
2024-11-15 00:50:47,014 - fl_main - INFO - client_dict[f_00005] local model encrypting ...
2024-11-15 00:50:48,201 - fed_utils - INFO - encrypting key [conv1.weight].length : 150, cost time : 0m:1s:186ms
2024-11-15 00:50:48,248 - fed_utils - INFO - encrypting key [conv1.bias].length : 6, cost time : 0m:0s:47ms
2024-11-15 00:50:48,249 - fed_utils - INFO - load key [conv2.weight].length : 2400, cost time : 0m:0s:0ms
2024-11-15 00:50:48,249 - fed_utils - INFO - load key [conv2.bias].length : 16, cost time : 0m:0s:0ms
2024-11-15 00:50:48,250 - fed_utils - INFO - load key [fc1.weight].length : 48000, cost time : 0m:0s:0ms
2024-11-15 00:50:48,250 - fed_utils - INFO - load key [fc1.bias].length : 120, cost time : 0m:0s:0ms
2024-11-15 00:50:48,250 - fed_utils - INFO - load key [fc2.weight].length : 10080, cost time : 0m:0s:0ms
2024-11-15 00:50:48,250 - fed_utils - INFO - load key [fc2.bias].length : 84, cost time : 0m:0s:0ms
2024-11-15 00:50:55,010 - fed_utils - INFO - encrypting key [fc3.weight].length : 840, cost time : 0m:6s:760ms
2024-11-15 00:50:55,090 - fed_utils - INFO - encrypting key [fc3.bias].length : 10, cost time : 0m:0s:79ms
2024-11-15 00:50:55,090 - fl_main - INFO - Server receive client_dict[f_00005] info ...
2024-11-15 00:50:55,090 - fl_main - INFO - ----- client id [f_00006] -----
2024-11-15 00:50:55,091 - client_base - INFO - recover model cost time : 0m:0s:0ms
2024-11-15 00:50:55,091 - fl_main - INFO - client_dict[f_00006] training ...
2024-11-15 00:50:55,092 - client_base - INFO - client_dict[f_00006] training epoch : 0
2024-11-15 00:50:55,589 - client_base - INFO - local model train cost time : 0m:0s:496ms
2024-11-15 00:50:55,590 - client_base - INFO - model encode time : 0m:0s:1ms
2024-11-15 00:50:55,590 - fl_main - INFO - client_dict[f_00006] local model encrypting ...
2024-11-15 00:50:56,774 - fed_utils - INFO - encrypting key [conv1.weight].length : 150, cost time : 0m:1s:183ms
2024-11-15 00:50:56,822 - fed_utils - INFO - encrypting key [conv1.bias].length : 6, cost time : 0m:0s:47ms
2024-11-15 00:50:56,822 - fed_utils - INFO - load key [conv2.weight].length : 2400, cost time : 0m:0s:0ms
2024-11-15 00:50:56,822 - fed_utils - INFO - load key [conv2.bias].length : 16, cost time : 0m:0s:0ms
2024-11-15 00:50:56,823 - fed_utils - INFO - load key [fc1.weight].length : 48000, cost time : 0m:0s:0ms
2024-11-15 00:50:56,823 - fed_utils - INFO - load key [fc1.bias].length : 120, cost time : 0m:0s:0ms
2024-11-15 00:50:56,823 - fed_utils - INFO - load key [fc2.weight].length : 10080, cost time : 0m:0s:0ms
2024-11-15 00:50:56,823 - fed_utils - INFO - load key [fc2.bias].length : 84, cost time : 0m:0s:0ms
2024-11-15 00:51:03,449 - fed_utils - INFO - encrypting key [fc3.weight].length : 840, cost time : 0m:6s:625ms
2024-11-15 00:51:03,529 - fed_utils - INFO - encrypting key [fc3.bias].length : 10, cost time : 0m:0s:79ms
2024-11-15 00:51:03,529 - fl_main - INFO - Server receive client_dict[f_00006] info ...
2024-11-15 00:51:03,529 - fl_main - INFO - ----- client id [f_00007] -----
2024-11-15 00:51:03,530 - client_base - INFO - recover model cost time : 0m:0s:0ms
2024-11-15 00:51:03,530 - fl_main - INFO - client_dict[f_00007] training ...
2024-11-15 00:51:03,531 - client_base - INFO - client_dict[f_00007] training epoch : 0
2024-11-15 00:51:04,033 - client_base - INFO - local model train cost time : 0m:0s:502ms
2024-11-15 00:51:04,035 - client_base - INFO - model encode time : 0m:0s:1ms
2024-11-15 00:51:04,035 - fl_main - INFO - client_dict[f_00007] local model encrypting ...
2024-11-15 00:51:05,309 - fed_utils - INFO - encrypting key [conv1.weight].length : 150, cost time : 0m:1s:273ms
2024-11-15 00:51:05,390 - fed_utils - INFO - encrypting key [conv1.bias].length : 6, cost time : 0m:0s:81ms
2024-11-15 00:51:05,390 - fed_utils - INFO - load key [conv2.weight].length : 2400, cost time : 0m:0s:0ms
2024-11-15 00:51:05,391 - fed_utils - INFO - load key [conv2.bias].length : 16, cost time : 0m:0s:0ms
2024-11-15 00:51:05,392 - fed_utils - INFO - load key [fc1.weight].length : 48000, cost time : 0m:0s:1ms
2024-11-15 00:51:05,392 - fed_utils - INFO - load key [fc1.bias].length : 120, cost time : 0m:0s:0ms
2024-11-15 00:51:05,393 - fed_utils - INFO - load key [fc2.weight].length : 10080, cost time : 0m:0s:0ms
2024-11-15 00:51:05,393 - fed_utils - INFO - load key [fc2.bias].length : 84, cost time : 0m:0s:0ms
2024-11-15 00:51:12,047 - fed_utils - INFO - encrypting key [fc3.weight].length : 840, cost time : 0m:6s:654ms
2024-11-15 00:51:12,126 - fed_utils - INFO - encrypting key [fc3.bias].length : 10, cost time : 0m:0s:79ms
2024-11-15 00:51:12,126 - fl_main - INFO - Server receive client_dict[f_00007] info ...
2024-11-15 00:51:12,126 - fl_main - INFO - ----- client id [f_00008] -----
2024-11-15 00:51:12,127 - client_base - INFO - recover model cost time : 0m:0s:0ms
2024-11-15 00:51:12,128 - fl_main - INFO - client_dict[f_00008] training ...
2024-11-15 00:51:12,128 - client_base - INFO - client_dict[f_00008] training epoch : 0
2024-11-15 00:51:12,619 - client_base - INFO - local model train cost time : 0m:0s:490ms
2024-11-15 00:51:12,620 - client_base - INFO - model encode time : 0m:0s:1ms
2024-11-15 00:51:12,620 - fl_main - INFO - client_dict[f_00008] local model encrypting ...
2024-11-15 00:51:13,806 - fed_utils - INFO - encrypting key [conv1.weight].length : 150, cost time : 0m:1s:185ms
2024-11-15 00:51:13,855 - fed_utils - INFO - encrypting key [conv1.bias].length : 6, cost time : 0m:0s:48ms
2024-11-15 00:51:13,855 - fed_utils - INFO - load key [conv2.weight].length : 2400, cost time : 0m:0s:0ms
2024-11-15 00:51:13,855 - fed_utils - INFO - load key [conv2.bias].length : 16, cost time : 0m:0s:0ms
2024-11-15 00:51:13,856 - fed_utils - INFO - load key [fc1.weight].length : 48000, cost time : 0m:0s:0ms
2024-11-15 00:51:13,856 - fed_utils - INFO - load key [fc1.bias].length : 120, cost time : 0m:0s:0ms
2024-11-15 00:51:13,856 - fed_utils - INFO - load key [fc2.weight].length : 10080, cost time : 0m:0s:0ms
2024-11-15 00:51:13,856 - fed_utils - INFO - load key [fc2.bias].length : 84, cost time : 0m:0s:0ms
2024-11-15 00:51:20,604 - fed_utils - INFO - encrypting key [fc3.weight].length : 840, cost time : 0m:6s:748ms
2024-11-15 00:51:20,684 - fed_utils - INFO - encrypting key [fc3.bias].length : 10, cost time : 0m:0s:79ms
2024-11-15 00:51:20,684 - fl_main - INFO - Server receive client_dict[f_00008] info ...
2024-11-15 00:51:20,684 - fl_main - INFO - ----- client id [f_00009] -----
2024-11-15 00:51:20,685 - client_base - INFO - recover model cost time : 0m:0s:0ms
2024-11-15 00:51:21,502 - fl_main - INFO - global round [12] client_dict[f_00009].accuracy : 0.942500
2024-11-15 00:51:21,502 - fl_main - INFO - client_dict[f_00009] training ...
2024-11-15 00:51:21,502 - client_base - INFO - client_dict[f_00009] training epoch : 0
2024-11-15 00:51:22,012 - client_base - INFO - local model train cost time : 0m:0s:509ms
2024-11-15 00:51:22,013 - client_base - INFO - model encode time : 0m:0s:1ms
2024-11-15 00:51:22,014 - fl_main - INFO - client_dict[f_00009] local model encrypting ...
2024-11-15 00:51:23,195 - fed_utils - INFO - encrypting key [conv1.weight].length : 150, cost time : 0m:1s:181ms
2024-11-15 00:51:23,243 - fed_utils - INFO - encrypting key [conv1.bias].length : 6, cost time : 0m:0s:47ms
2024-11-15 00:51:23,243 - fed_utils - INFO - load key [conv2.weight].length : 2400, cost time : 0m:0s:0ms
2024-11-15 00:51:23,243 - fed_utils - INFO - load key [conv2.bias].length : 16, cost time : 0m:0s:0ms
2024-11-15 00:51:23,244 - fed_utils - INFO - load key [fc1.weight].length : 48000, cost time : 0m:0s:0ms
2024-11-15 00:51:23,245 - fed_utils - INFO - load key [fc1.bias].length : 120, cost time : 0m:0s:0ms
2024-11-15 00:51:23,245 - fed_utils - INFO - load key [fc2.weight].length : 10080, cost time : 0m:0s:0ms
2024-11-15 00:51:23,245 - fed_utils - INFO - load key [fc2.bias].length : 84, cost time : 0m:0s:0ms
2024-11-15 00:51:29,873 - fed_utils - INFO - encrypting key [fc3.weight].length : 840, cost time : 0m:6s:627ms
2024-11-15 00:51:29,952 - fed_utils - INFO - encrypting key [fc3.bias].length : 10, cost time : 0m:0s:79ms
2024-11-15 00:51:29,952 - fl_main - INFO - Server receive client_dict[f_00009] info ...
2024-11-15 00:51:29,953 - fl_main - INFO - global aggregation process ...
2024-11-15 00:51:29,953 - fed_utils - INFO - server.n_data : 60000
2024-11-15 00:51:29,953 - fed_utils - INFO - client_dict[f_00000].weight : 0.100000
2024-11-15 00:51:29,953 - fed_utils - INFO - client_dict[f_00001].weight : 0.100000
2024-11-15 00:51:29,953 - fed_utils - INFO - client_dict[f_00002].weight : 0.100000
2024-11-15 00:51:29,953 - fed_utils - INFO - client_dict[f_00003].weight : 0.100000
2024-11-15 00:51:29,953 - fed_utils - INFO - client_dict[f_00004].weight : 0.100000
2024-11-15 00:51:29,953 - fed_utils - INFO - client_dict[f_00005].weight : 0.100000
2024-11-15 00:51:29,953 - fed_utils - INFO - client_dict[f_00006].weight : 0.100000
2024-11-15 00:51:29,953 - fed_utils - INFO - client_dict[f_00007].weight : 0.100000
2024-11-15 00:51:29,953 - fed_utils - INFO - client_dict[f_00008].weight : 0.100000
2024-11-15 00:51:29,953 - fed_utils - INFO - client_dict[f_00009].weight : 0.100000
2024-11-15 00:51:29,953 - fed_utils - INFO - recover secret number by clients: 361.200000
2024-11-15 00:51:29,953 - server_base - INFO - Server aggregate model with homomorphic encryption ...
2024-11-15 00:51:33,042 - server_base - INFO - Server aggregate model done, cost time : 0m:3s:88ms
2024-11-15 00:51:33,382 - fed_utils - INFO - decrypting key [conv1.weight].shape [torch.Size([6, 1, 5, 5])]
2024-11-15 00:51:33,395 - fed_utils - INFO - decrypting key [conv1.bias].shape [torch.Size([6])]
2024-11-15 00:51:33,395 - fed_utils - INFO - decrypting key [conv2.weight].shape [torch.Size([16, 6, 5, 5])]
2024-11-15 00:51:33,395 - fed_utils - INFO - decrypting key [conv2.bias].shape [torch.Size([16])]
2024-11-15 00:51:33,396 - fed_utils - INFO - decrypting key [fc1.weight].shape [torch.Size([120, 400])]
2024-11-15 00:51:33,396 - fed_utils - INFO - decrypting key [fc1.bias].shape [torch.Size([120])]
2024-11-15 00:51:33,396 - fed_utils - INFO - decrypting key [fc2.weight].shape [torch.Size([84, 120])]
2024-11-15 00:51:33,396 - fed_utils - INFO - decrypting key [fc2.bias].shape [torch.Size([84])]
2024-11-15 00:51:35,430 - fed_utils - INFO - decrypting key [fc3.weight].shape [torch.Size([10, 84])]
2024-11-15 00:51:35,467 - fed_utils - INFO - decrypting key [fc3.bias].shape [torch.Size([10])]
2024-11-15 00:51:35,467 - fed_utils - INFO - decrypt time : [0m:2s:424ms]
2024-11-15 00:51:35,475 - fl_main - INFO - [global round : 12] aggregated model accuracy : 0.9425
2024-11-15 00:51:35,475 - fl_main - INFO - [global round : 12] aggregated model loss : 0.22652823007572365
2024-11-15 00:51:35,476 - fl_main - INFO - global round : 13
2024-11-15 00:51:35,476 - fl_main - INFO - the random client id to test accuracy : f_00004
2024-11-15 00:51:35,476 - fl_main - INFO - ----- client id [f_00000] -----
2024-11-15 00:51:35,478 - client_base - INFO - recover model cost time : 0m:0s:0ms
2024-11-15 00:51:35,478 - fl_main - INFO - client_dict[f_00000] training ...
2024-11-15 00:51:35,479 - client_base - INFO - client_dict[f_00000] training epoch : 0
2024-11-15 00:51:36,013 - client_base - INFO - local model train cost time : 0m:0s:534ms
2024-11-15 00:51:36,015 - client_base - INFO - model encode time : 0m:0s:1ms
2024-11-15 00:51:36,015 - fl_main - INFO - client_dict[f_00000] local model encrypting ...
2024-11-15 00:51:37,198 - fed_utils - INFO - encrypting key [conv1.weight].length : 150, cost time : 0m:1s:182ms
2024-11-15 00:51:37,246 - fed_utils - INFO - encrypting key [conv1.bias].length : 6, cost time : 0m:0s:47ms
2024-11-15 00:51:37,246 - fed_utils - INFO - load key [conv2.weight].length : 2400, cost time : 0m:0s:0ms
2024-11-15 00:51:37,246 - fed_utils - INFO - load key [conv2.bias].length : 16, cost time : 0m:0s:0ms
2024-11-15 00:51:37,247 - fed_utils - INFO - load key [fc1.weight].length : 48000, cost time : 0m:0s:0ms
2024-11-15 00:51:37,247 - fed_utils - INFO - load key [fc1.bias].length : 120, cost time : 0m:0s:0ms
2024-11-15 00:51:37,247 - fed_utils - INFO - load key [fc2.weight].length : 10080, cost time : 0m:0s:0ms
2024-11-15 00:51:37,247 - fed_utils - INFO - load key [fc2.bias].length : 84, cost time : 0m:0s:0ms
2024-11-15 00:51:43,870 - fed_utils - INFO - encrypting key [fc3.weight].length : 840, cost time : 0m:6s:622ms
2024-11-15 00:51:43,949 - fed_utils - INFO - encrypting key [fc3.bias].length : 10, cost time : 0m:0s:79ms
2024-11-15 00:51:43,950 - fl_main - INFO - Server receive client_dict[f_00000] info ...
2024-11-15 00:51:43,950 - fl_main - INFO - ----- client id [f_00001] -----
2024-11-15 00:51:43,952 - client_base - INFO - recover model cost time : 0m:0s:0ms
2024-11-15 00:51:43,952 - fl_main - INFO - client_dict[f_00001] training ...
2024-11-15 00:51:43,952 - client_base - INFO - client_dict[f_00001] training epoch : 0
2024-11-15 00:51:44,437 - client_base - INFO - local model train cost time : 0m:0s:484ms
2024-11-15 00:51:44,438 - client_base - INFO - model encode time : 0m:0s:1ms
2024-11-15 00:51:44,439 - fl_main - INFO - client_dict[f_00001] local model encrypting ...
2024-11-15 00:51:45,622 - fed_utils - INFO - encrypting key [conv1.weight].length : 150, cost time : 0m:1s:182ms
2024-11-15 00:51:45,670 - fed_utils - INFO - encrypting key [conv1.bias].length : 6, cost time : 0m:0s:47ms
2024-11-15 00:51:45,670 - fed_utils - INFO - load key [conv2.weight].length : 2400, cost time : 0m:0s:0ms
2024-11-15 00:51:45,670 - fed_utils - INFO - load key [conv2.bias].length : 16, cost time : 0m:0s:0ms
2024-11-15 00:51:45,671 - fed_utils - INFO - load key [fc1.weight].length : 48000, cost time : 0m:0s:0ms
2024-11-15 00:51:45,671 - fed_utils - INFO - load key [fc1.bias].length : 120, cost time : 0m:0s:0ms
2024-11-15 00:51:45,671 - fed_utils - INFO - load key [fc2.weight].length : 10080, cost time : 0m:0s:0ms
2024-11-15 00:51:45,671 - fed_utils - INFO - load key [fc2.bias].length : 84, cost time : 0m:0s:0ms
2024-11-15 00:51:52,417 - fed_utils - INFO - encrypting key [fc3.weight].length : 840, cost time : 0m:6s:745ms
2024-11-15 00:51:52,496 - fed_utils - INFO - encrypting key [fc3.bias].length : 10, cost time : 0m:0s:79ms
2024-11-15 00:51:52,496 - fl_main - INFO - Server receive client_dict[f_00001] info ...
2024-11-15 00:51:52,496 - fl_main - INFO - ----- client id [f_00002] -----
2024-11-15 00:51:52,498 - client_base - INFO - recover model cost time : 0m:0s:0ms
2024-11-15 00:51:52,498 - fl_main - INFO - client_dict[f_00002] training ...
2024-11-15 00:51:52,499 - client_base - INFO - client_dict[f_00002] training epoch : 0
2024-11-15 00:51:52,997 - client_base - INFO - local model train cost time : 0m:0s:498ms
2024-11-15 00:51:52,998 - client_base - INFO - model encode time : 0m:0s:1ms
2024-11-15 00:51:52,998 - fl_main - INFO - client_dict[f_00002] local model encrypting ...
2024-11-15 00:51:54,180 - fed_utils - INFO - encrypting key [conv1.weight].length : 150, cost time : 0m:1s:182ms
2024-11-15 00:51:54,228 - fed_utils - INFO - encrypting key [conv1.bias].length : 6, cost time : 0m:0s:47ms
2024-11-15 00:51:54,228 - fed_utils - INFO - load key [conv2.weight].length : 2400, cost time : 0m:0s:0ms
2024-11-15 00:51:54,228 - fed_utils - INFO - load key [conv2.bias].length : 16, cost time : 0m:0s:0ms
2024-11-15 00:51:54,229 - fed_utils - INFO - load key [fc1.weight].length : 48000, cost time : 0m:0s:0ms
2024-11-15 00:51:54,230 - fed_utils - INFO - load key [fc1.bias].length : 120, cost time : 0m:0s:0ms
2024-11-15 00:51:54,230 - fed_utils - INFO - load key [fc2.weight].length : 10080, cost time : 0m:0s:0ms
2024-11-15 00:51:54,230 - fed_utils - INFO - load key [fc2.bias].length : 84, cost time : 0m:0s:0ms
2024-11-15 00:52:00,855 - fed_utils - INFO - encrypting key [fc3.weight].length : 840, cost time : 0m:6s:624ms
2024-11-15 00:52:00,934 - fed_utils - INFO - encrypting key [fc3.bias].length : 10, cost time : 0m:0s:79ms
2024-11-15 00:52:00,935 - fl_main - INFO - Server receive client_dict[f_00002] info ...
2024-11-15 00:52:00,935 - fl_main - INFO - ----- client id [f_00003] -----
2024-11-15 00:52:00,936 - client_base - INFO - recover model cost time : 0m:0s:0ms
2024-11-15 00:52:00,936 - fl_main - INFO - client_dict[f_00003] training ...
2024-11-15 00:52:00,937 - client_base - INFO - client_dict[f_00003] training epoch : 0
2024-11-15 00:52:01,426 - client_base - INFO - local model train cost time : 0m:0s:489ms
2024-11-15 00:52:01,428 - client_base - INFO - model encode time : 0m:0s:1ms
2024-11-15 00:52:01,428 - fl_main - INFO - client_dict[f_00003] local model encrypting ...
2024-11-15 00:52:02,612 - fed_utils - INFO - encrypting key [conv1.weight].length : 150, cost time : 0m:1s:183ms
2024-11-15 00:52:02,660 - fed_utils - INFO - encrypting key [conv1.bias].length : 6, cost time : 0m:0s:47ms
2024-11-15 00:52:02,660 - fed_utils - INFO - load key [conv2.weight].length : 2400, cost time : 0m:0s:0ms
2024-11-15 00:52:02,660 - fed_utils - INFO - load key [conv2.bias].length : 16, cost time : 0m:0s:0ms
2024-11-15 00:52:02,661 - fed_utils - INFO - load key [fc1.weight].length : 48000, cost time : 0m:0s:0ms
2024-11-15 00:52:02,661 - fed_utils - INFO - load key [fc1.bias].length : 120, cost time : 0m:0s:0ms
2024-11-15 00:52:02,661 - fed_utils - INFO - load key [fc2.weight].length : 10080, cost time : 0m:0s:0ms
2024-11-15 00:52:02,661 - fed_utils - INFO - load key [fc2.bias].length : 84, cost time : 0m:0s:0ms
2024-11-15 00:52:09,426 - fed_utils - INFO - encrypting key [fc3.weight].length : 840, cost time : 0m:6s:765ms
2024-11-15 00:52:09,505 - fed_utils - INFO - encrypting key [fc3.bias].length : 10, cost time : 0m:0s:79ms
2024-11-15 00:52:09,505 - fl_main - INFO - Server receive client_dict[f_00003] info ...
2024-11-15 00:52:09,506 - fl_main - INFO - ----- client id [f_00004] -----
2024-11-15 00:52:09,507 - client_base - INFO - recover model cost time : 0m:0s:0ms
2024-11-15 00:52:10,328 - fl_main - INFO - global round [13] client_dict[f_00004].accuracy : 0.945600
2024-11-15 00:52:10,328 - fl_main - INFO - client_dict[f_00004] training ...
2024-11-15 00:52:10,329 - client_base - INFO - client_dict[f_00004] training epoch : 0
2024-11-15 00:52:10,827 - client_base - INFO - local model train cost time : 0m:0s:497ms
2024-11-15 00:52:10,828 - client_base - INFO - model encode time : 0m:0s:1ms
2024-11-15 00:52:10,828 - fl_main - INFO - client_dict[f_00004] local model encrypting ...
2024-11-15 00:52:12,015 - fed_utils - INFO - encrypting key [conv1.weight].length : 150, cost time : 0m:1s:186ms
2024-11-15 00:52:12,063 - fed_utils - INFO - encrypting key [conv1.bias].length : 6, cost time : 0m:0s:48ms
2024-11-15 00:52:12,063 - fed_utils - INFO - load key [conv2.weight].length : 2400, cost time : 0m:0s:0ms
2024-11-15 00:52:12,063 - fed_utils - INFO - load key [conv2.bias].length : 16, cost time : 0m:0s:0ms
2024-11-15 00:52:12,064 - fed_utils - INFO - load key [fc1.weight].length : 48000, cost time : 0m:0s:0ms
2024-11-15 00:52:12,064 - fed_utils - INFO - load key [fc1.bias].length : 120, cost time : 0m:0s:0ms
2024-11-15 00:52:12,065 - fed_utils - INFO - load key [fc2.weight].length : 10080, cost time : 0m:0s:0ms
2024-11-15 00:52:12,065 - fed_utils - INFO - load key [fc2.bias].length : 84, cost time : 0m:0s:0ms
2024-11-15 00:52:18,701 - fed_utils - INFO - encrypting key [fc3.weight].length : 840, cost time : 0m:6s:636ms
2024-11-15 00:52:18,781 - fed_utils - INFO - encrypting key [fc3.bias].length : 10, cost time : 0m:0s:79ms
2024-11-15 00:52:18,781 - fl_main - INFO - Server receive client_dict[f_00004] info ...
2024-11-15 00:52:18,781 - fl_main - INFO - ----- client id [f_00005] -----
2024-11-15 00:52:18,782 - client_base - INFO - recover model cost time : 0m:0s:0ms
2024-11-15 00:52:18,782 - fl_main - INFO - client_dict[f_00005] training ...
2024-11-15 00:52:18,783 - client_base - INFO - client_dict[f_00005] training epoch : 0
2024-11-15 00:52:19,302 - client_base - INFO - local model train cost time : 0m:0s:518ms
2024-11-15 00:52:19,303 - client_base - INFO - model encode time : 0m:0s:1ms
2024-11-15 00:52:19,303 - fl_main - INFO - client_dict[f_00005] local model encrypting ...
2024-11-15 00:52:20,623 - fed_utils - INFO - encrypting key [conv1.weight].length : 150, cost time : 0m:1s:319ms
2024-11-15 00:52:20,671 - fed_utils - INFO - encrypting key [conv1.bias].length : 6, cost time : 0m:0s:47ms
2024-11-15 00:52:20,671 - fed_utils - INFO - load key [conv2.weight].length : 2400, cost time : 0m:0s:0ms
2024-11-15 00:52:20,671 - fed_utils - INFO - load key [conv2.bias].length : 16, cost time : 0m:0s:0ms
2024-11-15 00:52:20,672 - fed_utils - INFO - load key [fc1.weight].length : 48000, cost time : 0m:0s:0ms
2024-11-15 00:52:20,672 - fed_utils - INFO - load key [fc1.bias].length : 120, cost time : 0m:0s:0ms
2024-11-15 00:52:20,673 - fed_utils - INFO - load key [fc2.weight].length : 10080, cost time : 0m:0s:0ms
2024-11-15 00:52:20,673 - fed_utils - INFO - load key [fc2.bias].length : 84, cost time : 0m:0s:0ms
2024-11-15 00:52:27,296 - fed_utils - INFO - encrypting key [fc3.weight].length : 840, cost time : 0m:6s:623ms
2024-11-15 00:52:27,375 - fed_utils - INFO - encrypting key [fc3.bias].length : 10, cost time : 0m:0s:79ms
2024-11-15 00:52:27,375 - fl_main - INFO - Server receive client_dict[f_00005] info ...
2024-11-15 00:52:27,375 - fl_main - INFO - ----- client id [f_00006] -----
2024-11-15 00:52:27,377 - client_base - INFO - recover model cost time : 0m:0s:0ms
2024-11-15 00:52:27,377 - fl_main - INFO - client_dict[f_00006] training ...
2024-11-15 00:52:27,377 - client_base - INFO - client_dict[f_00006] training epoch : 0
2024-11-15 00:52:27,896 - client_base - INFO - local model train cost time : 0m:0s:518ms
2024-11-15 00:52:27,897 - client_base - INFO - model encode time : 0m:0s:1ms
2024-11-15 00:52:27,897 - fl_main - INFO - client_dict[f_00006] local model encrypting ...
2024-11-15 00:52:29,081 - fed_utils - INFO - encrypting key [conv1.weight].length : 150, cost time : 0m:1s:183ms
2024-11-15 00:52:29,129 - fed_utils - INFO - encrypting key [conv1.bias].length : 6, cost time : 0m:0s:48ms
2024-11-15 00:52:29,129 - fed_utils - INFO - load key [conv2.weight].length : 2400, cost time : 0m:0s:0ms
2024-11-15 00:52:29,129 - fed_utils - INFO - load key [conv2.bias].length : 16, cost time : 0m:0s:0ms
2024-11-15 00:52:29,130 - fed_utils - INFO - load key [fc1.weight].length : 48000, cost time : 0m:0s:0ms
2024-11-15 00:52:29,130 - fed_utils - INFO - load key [fc1.bias].length : 120, cost time : 0m:0s:0ms
2024-11-15 00:52:29,130 - fed_utils - INFO - load key [fc2.weight].length : 10080, cost time : 0m:0s:0ms
2024-11-15 00:52:29,130 - fed_utils - INFO - load key [fc2.bias].length : 84, cost time : 0m:0s:0ms
2024-11-15 00:52:35,921 - fed_utils - INFO - encrypting key [fc3.weight].length : 840, cost time : 0m:6s:790ms
2024-11-15 00:52:36,000 - fed_utils - INFO - encrypting key [fc3.bias].length : 10, cost time : 0m:0s:79ms
2024-11-15 00:52:36,000 - fl_main - INFO - Server receive client_dict[f_00006] info ...
2024-11-15 00:52:36,000 - fl_main - INFO - ----- client id [f_00007] -----
2024-11-15 00:52:36,002 - client_base - INFO - recover model cost time : 0m:0s:0ms
2024-11-15 00:52:36,002 - fl_main - INFO - client_dict[f_00007] training ...
2024-11-15 00:52:36,003 - client_base - INFO - client_dict[f_00007] training epoch : 0
2024-11-15 00:52:36,516 - client_base - INFO - local model train cost time : 0m:0s:513ms
2024-11-15 00:52:36,518 - client_base - INFO - model encode time : 0m:0s:1ms
2024-11-15 00:52:36,518 - fl_main - INFO - client_dict[f_00007] local model encrypting ...
2024-11-15 00:52:37,702 - fed_utils - INFO - encrypting key [conv1.weight].length : 150, cost time : 0m:1s:183ms
2024-11-15 00:52:37,750 - fed_utils - INFO - encrypting key [conv1.bias].length : 6, cost time : 0m:0s:47ms
2024-11-15 00:52:37,750 - fed_utils - INFO - load key [conv2.weight].length : 2400, cost time : 0m:0s:0ms
2024-11-15 00:52:37,750 - fed_utils - INFO - load key [conv2.bias].length : 16, cost time : 0m:0s:0ms
2024-11-15 00:52:37,751 - fed_utils - INFO - load key [fc1.weight].length : 48000, cost time : 0m:0s:0ms
2024-11-15 00:52:37,751 - fed_utils - INFO - load key [fc1.bias].length : 120, cost time : 0m:0s:0ms
2024-11-15 00:52:37,751 - fed_utils - INFO - load key [fc2.weight].length : 10080, cost time : 0m:0s:0ms
2024-11-15 00:52:37,751 - fed_utils - INFO - load key [fc2.bias].length : 84, cost time : 0m:0s:0ms
2024-11-15 00:52:44,389 - fed_utils - INFO - encrypting key [fc3.weight].length : 840, cost time : 0m:6s:638ms
2024-11-15 00:52:44,469 - fed_utils - INFO - encrypting key [fc3.bias].length : 10, cost time : 0m:0s:79ms
2024-11-15 00:52:44,469 - fl_main - INFO - Server receive client_dict[f_00007] info ...
2024-11-15 00:52:44,469 - fl_main - INFO - ----- client id [f_00008] -----
2024-11-15 00:52:44,470 - client_base - INFO - recover model cost time : 0m:0s:0ms
2024-11-15 00:52:44,470 - fl_main - INFO - client_dict[f_00008] training ...
2024-11-15 00:52:44,471 - client_base - INFO - client_dict[f_00008] training epoch : 0
2024-11-15 00:52:44,978 - client_base - INFO - local model train cost time : 0m:0s:506ms
2024-11-15 00:52:44,979 - client_base - INFO - model encode time : 0m:0s:1ms
2024-11-15 00:52:44,979 - fl_main - INFO - client_dict[f_00008] local model encrypting ...
2024-11-15 00:52:46,165 - fed_utils - INFO - encrypting key [conv1.weight].length : 150, cost time : 0m:1s:185ms
2024-11-15 00:52:46,214 - fed_utils - INFO - encrypting key [conv1.bias].length : 6, cost time : 0m:0s:48ms
2024-11-15 00:52:46,214 - fed_utils - INFO - load key [conv2.weight].length : 2400, cost time : 0m:0s:0ms
2024-11-15 00:52:46,214 - fed_utils - INFO - load key [conv2.bias].length : 16, cost time : 0m:0s:0ms
2024-11-15 00:52:46,215 - fed_utils - INFO - load key [fc1.weight].length : 48000, cost time : 0m:0s:0ms
2024-11-15 00:52:46,215 - fed_utils - INFO - load key [fc1.bias].length : 120, cost time : 0m:0s:0ms
2024-11-15 00:52:46,215 - fed_utils - INFO - load key [fc2.weight].length : 10080, cost time : 0m:0s:0ms
2024-11-15 00:52:46,215 - fed_utils - INFO - load key [fc2.bias].length : 84, cost time : 0m:0s:0ms
2024-11-15 00:52:52,978 - fed_utils - INFO - encrypting key [fc3.weight].length : 840, cost time : 0m:6s:762ms
2024-11-15 00:52:53,057 - fed_utils - INFO - encrypting key [fc3.bias].length : 10, cost time : 0m:0s:79ms
2024-11-15 00:52:53,057 - fl_main - INFO - Server receive client_dict[f_00008] info ...
2024-11-15 00:52:53,057 - fl_main - INFO - ----- client id [f_00009] -----
2024-11-15 00:52:53,058 - client_base - INFO - recover model cost time : 0m:0s:0ms
2024-11-15 00:52:53,059 - fl_main - INFO - client_dict[f_00009] training ...
2024-11-15 00:52:53,059 - client_base - INFO - client_dict[f_00009] training epoch : 0
2024-11-15 00:52:53,555 - client_base - INFO - local model train cost time : 0m:0s:496ms
2024-11-15 00:52:53,557 - client_base - INFO - model encode time : 0m:0s:1ms
2024-11-15 00:52:53,557 - fl_main - INFO - client_dict[f_00009] local model encrypting ...
2024-11-15 00:52:54,754 - fed_utils - INFO - encrypting key [conv1.weight].length : 150, cost time : 0m:1s:196ms
2024-11-15 00:52:54,802 - fed_utils - INFO - encrypting key [conv1.bias].length : 6, cost time : 0m:0s:47ms
2024-11-15 00:52:54,802 - fed_utils - INFO - load key [conv2.weight].length : 2400, cost time : 0m:0s:0ms
2024-11-15 00:52:54,802 - fed_utils - INFO - load key [conv2.bias].length : 16, cost time : 0m:0s:0ms
2024-11-15 00:52:54,803 - fed_utils - INFO - load key [fc1.weight].length : 48000, cost time : 0m:0s:0ms
2024-11-15 00:52:54,803 - fed_utils - INFO - load key [fc1.bias].length : 120, cost time : 0m:0s:0ms
2024-11-15 00:52:54,803 - fed_utils - INFO - load key [fc2.weight].length : 10080, cost time : 0m:0s:0ms
2024-11-15 00:52:54,803 - fed_utils - INFO - load key [fc2.bias].length : 84, cost time : 0m:0s:0ms
2024-11-15 00:53:01,434 - fed_utils - INFO - encrypting key [fc3.weight].length : 840, cost time : 0m:6s:630ms
2024-11-15 00:53:01,513 - fed_utils - INFO - encrypting key [fc3.bias].length : 10, cost time : 0m:0s:79ms
2024-11-15 00:53:01,513 - fl_main - INFO - Server receive client_dict[f_00009] info ...
2024-11-15 00:53:01,513 - fl_main - INFO - global aggregation process ...
2024-11-15 00:53:01,514 - fed_utils - INFO - server.n_data : 60000
2024-11-15 00:53:01,514 - fed_utils - INFO - client_dict[f_00000].weight : 0.100000
2024-11-15 00:53:01,514 - fed_utils - INFO - client_dict[f_00001].weight : 0.100000
2024-11-15 00:53:01,514 - fed_utils - INFO - client_dict[f_00002].weight : 0.100000
2024-11-15 00:53:01,514 - fed_utils - INFO - client_dict[f_00003].weight : 0.100000
2024-11-15 00:53:01,514 - fed_utils - INFO - client_dict[f_00004].weight : 0.100000
2024-11-15 00:53:01,514 - fed_utils - INFO - client_dict[f_00005].weight : 0.100000
2024-11-15 00:53:01,514 - fed_utils - INFO - client_dict[f_00006].weight : 0.100000
2024-11-15 00:53:01,514 - fed_utils - INFO - client_dict[f_00007].weight : 0.100000
2024-11-15 00:53:01,514 - fed_utils - INFO - client_dict[f_00008].weight : 0.100000
2024-11-15 00:53:01,514 - fed_utils - INFO - client_dict[f_00009].weight : 0.100000
2024-11-15 00:53:01,514 - fed_utils - INFO - recover secret number by clients: 361.200000
2024-11-15 00:53:01,514 - server_base - INFO - Server aggregate model with homomorphic encryption ...
2024-11-15 00:53:04,572 - server_base - INFO - Server aggregate model done, cost time : 0m:3s:58ms
2024-11-15 00:53:04,912 - fed_utils - INFO - decrypting key [conv1.weight].shape [torch.Size([6, 1, 5, 5])]
2024-11-15 00:53:04,925 - fed_utils - INFO - decrypting key [conv1.bias].shape [torch.Size([6])]
2024-11-15 00:53:04,926 - fed_utils - INFO - decrypting key [conv2.weight].shape [torch.Size([16, 6, 5, 5])]
2024-11-15 00:53:04,926 - fed_utils - INFO - decrypting key [conv2.bias].shape [torch.Size([16])]
2024-11-15 00:53:04,926 - fed_utils - INFO - decrypting key [fc1.weight].shape [torch.Size([120, 400])]
2024-11-15 00:53:04,926 - fed_utils - INFO - decrypting key [fc1.bias].shape [torch.Size([120])]
2024-11-15 00:53:04,926 - fed_utils - INFO - decrypting key [fc2.weight].shape [torch.Size([84, 120])]
2024-11-15 00:53:04,926 - fed_utils - INFO - decrypting key [fc2.bias].shape [torch.Size([84])]
2024-11-15 00:53:06,945 - fed_utils - INFO - decrypting key [fc3.weight].shape [torch.Size([10, 84])]
2024-11-15 00:53:06,968 - fed_utils - INFO - decrypting key [fc3.bias].shape [torch.Size([10])]
2024-11-15 00:53:06,968 - fed_utils - INFO - decrypt time : [0m:2s:395ms]
2024-11-15 00:53:06,973 - fl_main - INFO - [global round : 13] aggregated model accuracy : 0.9456
2024-11-15 00:53:06,973 - fl_main - INFO - [global round : 13] aggregated model loss : 0.1790805104097096
2024-11-15 00:53:06,974 - fl_main - INFO - global round : 14
2024-11-15 00:53:06,974 - fl_main - INFO - the random client id to test accuracy : f_00008
2024-11-15 00:53:06,974 - fl_main - INFO - ----- client id [f_00000] -----
2024-11-15 00:53:06,975 - client_base - INFO - recover model cost time : 0m:0s:0ms
2024-11-15 00:53:06,975 - fl_main - INFO - client_dict[f_00000] training ...
2024-11-15 00:53:06,976 - client_base - INFO - client_dict[f_00000] training epoch : 0
2024-11-15 00:53:07,490 - client_base - INFO - local model train cost time : 0m:0s:513ms
2024-11-15 00:53:07,491 - client_base - INFO - model encode time : 0m:0s:1ms
2024-11-15 00:53:07,491 - fl_main - INFO - client_dict[f_00000] local model encrypting ...
2024-11-15 00:53:08,677 - fed_utils - INFO - encrypting key [conv1.weight].length : 150, cost time : 0m:1s:185ms
2024-11-15 00:53:08,725 - fed_utils - INFO - encrypting key [conv1.bias].length : 6, cost time : 0m:0s:47ms
2024-11-15 00:53:08,725 - fed_utils - INFO - load key [conv2.weight].length : 2400, cost time : 0m:0s:0ms
2024-11-15 00:53:08,725 - fed_utils - INFO - load key [conv2.bias].length : 16, cost time : 0m:0s:0ms
2024-11-15 00:53:08,726 - fed_utils - INFO - load key [fc1.weight].length : 48000, cost time : 0m:0s:0ms
2024-11-15 00:53:08,726 - fed_utils - INFO - load key [fc1.bias].length : 120, cost time : 0m:0s:0ms
2024-11-15 00:53:08,726 - fed_utils - INFO - load key [fc2.weight].length : 10080, cost time : 0m:0s:0ms
2024-11-15 00:53:08,726 - fed_utils - INFO - load key [fc2.bias].length : 84, cost time : 0m:0s:0ms
2024-11-15 00:53:15,348 - fed_utils - INFO - encrypting key [fc3.weight].length : 840, cost time : 0m:6s:622ms
2024-11-15 00:53:15,428 - fed_utils - INFO - encrypting key [fc3.bias].length : 10, cost time : 0m:0s:79ms
2024-11-15 00:53:15,429 - fl_main - INFO - Server receive client_dict[f_00000] info ...
2024-11-15 00:53:15,429 - fl_main - INFO - ----- client id [f_00001] -----
2024-11-15 00:53:15,430 - client_base - INFO - recover model cost time : 0m:0s:0ms
2024-11-15 00:53:15,430 - fl_main - INFO - client_dict[f_00001] training ...
2024-11-15 00:53:15,431 - client_base - INFO - client_dict[f_00001] training epoch : 0
2024-11-15 00:53:15,929 - client_base - INFO - local model train cost time : 0m:0s:498ms
2024-11-15 00:53:15,931 - client_base - INFO - model encode time : 0m:0s:1ms
2024-11-15 00:53:15,931 - fl_main - INFO - client_dict[f_00001] local model encrypting ...
2024-11-15 00:53:17,113 - fed_utils - INFO - encrypting key [conv1.weight].length : 150, cost time : 0m:1s:182ms
2024-11-15 00:53:17,161 - fed_utils - INFO - encrypting key [conv1.bias].length : 6, cost time : 0m:0s:47ms
2024-11-15 00:53:17,161 - fed_utils - INFO - load key [conv2.weight].length : 2400, cost time : 0m:0s:0ms
2024-11-15 00:53:17,161 - fed_utils - INFO - load key [conv2.bias].length : 16, cost time : 0m:0s:0ms
2024-11-15 00:53:17,162 - fed_utils - INFO - load key [fc1.weight].length : 48000, cost time : 0m:0s:0ms
2024-11-15 00:53:17,162 - fed_utils - INFO - load key [fc1.bias].length : 120, cost time : 0m:0s:0ms
2024-11-15 00:53:17,162 - fed_utils - INFO - load key [fc2.weight].length : 10080, cost time : 0m:0s:0ms
2024-11-15 00:53:17,162 - fed_utils - INFO - load key [fc2.bias].length : 84, cost time : 0m:0s:0ms
2024-11-15 00:53:23,920 - fed_utils - INFO - encrypting key [fc3.weight].length : 840, cost time : 0m:6s:757ms
2024-11-15 00:53:23,999 - fed_utils - INFO - encrypting key [fc3.bias].length : 10, cost time : 0m:0s:78ms
2024-11-15 00:53:23,999 - fl_main - INFO - Server receive client_dict[f_00001] info ...
2024-11-15 00:53:23,999 - fl_main - INFO - ----- client id [f_00002] -----
2024-11-15 00:53:24,001 - client_base - INFO - recover model cost time : 0m:0s:0ms
2024-11-15 00:53:24,001 - fl_main - INFO - client_dict[f_00002] training ...
2024-11-15 00:53:24,001 - client_base - INFO - client_dict[f_00002] training epoch : 0
2024-11-15 00:53:24,504 - client_base - INFO - local model train cost time : 0m:0s:502ms
2024-11-15 00:53:24,506 - client_base - INFO - model encode time : 0m:0s:1ms
2024-11-15 00:53:24,506 - fl_main - INFO - client_dict[f_00002] local model encrypting ...
2024-11-15 00:53:25,690 - fed_utils - INFO - encrypting key [conv1.weight].length : 150, cost time : 0m:1s:183ms
2024-11-15 00:53:25,738 - fed_utils - INFO - encrypting key [conv1.bias].length : 6, cost time : 0m:0s:48ms
2024-11-15 00:53:25,738 - fed_utils - INFO - load key [conv2.weight].length : 2400, cost time : 0m:0s:0ms
2024-11-15 00:53:25,738 - fed_utils - INFO - load key [conv2.bias].length : 16, cost time : 0m:0s:0ms
2024-11-15 00:53:25,739 - fed_utils - INFO - load key [fc1.weight].length : 48000, cost time : 0m:0s:0ms
2024-11-15 00:53:25,739 - fed_utils - INFO - load key [fc1.bias].length : 120, cost time : 0m:0s:0ms
2024-11-15 00:53:25,739 - fed_utils - INFO - load key [fc2.weight].length : 10080, cost time : 0m:0s:0ms
2024-11-15 00:53:25,740 - fed_utils - INFO - load key [fc2.bias].length : 84, cost time : 0m:0s:0ms
2024-11-15 00:53:32,362 - fed_utils - INFO - encrypting key [fc3.weight].length : 840, cost time : 0m:6s:622ms
2024-11-15 00:53:32,441 - fed_utils - INFO - encrypting key [fc3.bias].length : 10, cost time : 0m:0s:79ms
2024-11-15 00:53:32,441 - fl_main - INFO - Server receive client_dict[f_00002] info ...
2024-11-15 00:53:32,441 - fl_main - INFO - ----- client id [f_00003] -----
2024-11-15 00:53:32,442 - client_base - INFO - recover model cost time : 0m:0s:0ms
2024-11-15 00:53:32,443 - fl_main - INFO - client_dict[f_00003] training ...
2024-11-15 00:53:32,443 - client_base - INFO - client_dict[f_00003] training epoch : 0
2024-11-15 00:53:32,941 - client_base - INFO - local model train cost time : 0m:0s:498ms
2024-11-15 00:53:32,943 - client_base - INFO - model encode time : 0m:0s:1ms
2024-11-15 00:53:32,943 - fl_main - INFO - client_dict[f_00003] local model encrypting ...
2024-11-15 00:53:34,129 - fed_utils - INFO - encrypting key [conv1.weight].length : 150, cost time : 0m:1s:185ms
2024-11-15 00:53:34,177 - fed_utils - INFO - encrypting key [conv1.bias].length : 6, cost time : 0m:0s:48ms
2024-11-15 00:53:34,177 - fed_utils - INFO - load key [conv2.weight].length : 2400, cost time : 0m:0s:0ms
2024-11-15 00:53:34,177 - fed_utils - INFO - load key [conv2.bias].length : 16, cost time : 0m:0s:0ms
2024-11-15 00:53:34,178 - fed_utils - INFO - load key [fc1.weight].length : 48000, cost time : 0m:0s:0ms
2024-11-15 00:53:34,178 - fed_utils - INFO - load key [fc1.bias].length : 120, cost time : 0m:0s:0ms
2024-11-15 00:53:34,178 - fed_utils - INFO - load key [fc2.weight].length : 10080, cost time : 0m:0s:0ms
2024-11-15 00:53:34,179 - fed_utils - INFO - load key [fc2.bias].length : 84, cost time : 0m:0s:0ms
2024-11-15 00:53:40,967 - fed_utils - INFO - encrypting key [fc3.weight].length : 840, cost time : 0m:6s:788ms
2024-11-15 00:53:41,046 - fed_utils - INFO - encrypting key [fc3.bias].length : 10, cost time : 0m:0s:79ms
2024-11-15 00:53:41,046 - fl_main - INFO - Server receive client_dict[f_00003] info ...
2024-11-15 00:53:41,047 - fl_main - INFO - ----- client id [f_00004] -----
2024-11-15 00:53:41,048 - client_base - INFO - recover model cost time : 0m:0s:0ms
2024-11-15 00:53:41,048 - fl_main - INFO - client_dict[f_00004] training ...
2024-11-15 00:53:41,049 - client_base - INFO - client_dict[f_00004] training epoch : 0
2024-11-15 00:53:41,547 - client_base - INFO - local model train cost time : 0m:0s:498ms
2024-11-15 00:53:41,548 - client_base - INFO - model encode time : 0m:0s:1ms
2024-11-15 00:53:41,549 - fl_main - INFO - client_dict[f_00004] local model encrypting ...
2024-11-15 00:53:42,733 - fed_utils - INFO - encrypting key [conv1.weight].length : 150, cost time : 0m:1s:184ms
2024-11-15 00:53:42,781 - fed_utils - INFO - encrypting key [conv1.bias].length : 6, cost time : 0m:0s:48ms
2024-11-15 00:53:42,782 - fed_utils - INFO - load key [conv2.weight].length : 2400, cost time : 0m:0s:0ms
2024-11-15 00:53:42,782 - fed_utils - INFO - load key [conv2.bias].length : 16, cost time : 0m:0s:0ms
2024-11-15 00:53:42,783 - fed_utils - INFO - load key [fc1.weight].length : 48000, cost time : 0m:0s:0ms
2024-11-15 00:53:42,783 - fed_utils - INFO - load key [fc1.bias].length : 120, cost time : 0m:0s:0ms
2024-11-15 00:53:42,783 - fed_utils - INFO - load key [fc2.weight].length : 10080, cost time : 0m:0s:0ms
2024-11-15 00:53:42,783 - fed_utils - INFO - load key [fc2.bias].length : 84, cost time : 0m:0s:0ms
2024-11-15 00:53:49,405 - fed_utils - INFO - encrypting key [fc3.weight].length : 840, cost time : 0m:6s:622ms
2024-11-15 00:53:49,485 - fed_utils - INFO - encrypting key [fc3.bias].length : 10, cost time : 0m:0s:79ms
2024-11-15 00:53:49,485 - fl_main - INFO - Server receive client_dict[f_00004] info ...
2024-11-15 00:53:49,485 - fl_main - INFO - ----- client id [f_00005] -----
2024-11-15 00:53:49,486 - client_base - INFO - recover model cost time : 0m:0s:0ms
2024-11-15 00:53:49,486 - fl_main - INFO - client_dict[f_00005] training ...
2024-11-15 00:53:49,487 - client_base - INFO - client_dict[f_00005] training epoch : 0
2024-11-15 00:53:49,989 - client_base - INFO - local model train cost time : 0m:0s:502ms
2024-11-15 00:53:49,991 - client_base - INFO - model encode time : 0m:0s:1ms
2024-11-15 00:53:49,991 - fl_main - INFO - client_dict[f_00005] local model encrypting ...
2024-11-15 00:53:51,302 - fed_utils - INFO - encrypting key [conv1.weight].length : 150, cost time : 0m:1s:311ms
2024-11-15 00:53:51,350 - fed_utils - INFO - encrypting key [conv1.bias].length : 6, cost time : 0m:0s:47ms
2024-11-15 00:53:51,350 - fed_utils - INFO - load key [conv2.weight].length : 2400, cost time : 0m:0s:0ms
2024-11-15 00:53:51,350 - fed_utils - INFO - load key [conv2.bias].length : 16, cost time : 0m:0s:0ms
2024-11-15 00:53:51,351 - fed_utils - INFO - load key [fc1.weight].length : 48000, cost time : 0m:0s:0ms
2024-11-15 00:53:51,351 - fed_utils - INFO - load key [fc1.bias].length : 120, cost time : 0m:0s:0ms
2024-11-15 00:53:51,352 - fed_utils - INFO - load key [fc2.weight].length : 10080, cost time : 0m:0s:0ms
2024-11-15 00:53:51,352 - fed_utils - INFO - load key [fc2.bias].length : 84, cost time : 0m:0s:0ms
2024-11-15 00:53:57,979 - fed_utils - INFO - encrypting key [fc3.weight].length : 840, cost time : 0m:6s:626ms
2024-11-15 00:53:58,058 - fed_utils - INFO - encrypting key [fc3.bias].length : 10, cost time : 0m:0s:79ms
2024-11-15 00:53:58,058 - fl_main - INFO - Server receive client_dict[f_00005] info ...
2024-11-15 00:53:58,058 - fl_main - INFO - ----- client id [f_00006] -----
2024-11-15 00:53:58,059 - client_base - INFO - recover model cost time : 0m:0s:0ms
2024-11-15 00:53:58,059 - fl_main - INFO - client_dict[f_00006] training ...
2024-11-15 00:53:58,060 - client_base - INFO - client_dict[f_00006] training epoch : 0
2024-11-15 00:53:58,568 - client_base - INFO - local model train cost time : 0m:0s:507ms
2024-11-15 00:53:58,569 - client_base - INFO - model encode time : 0m:0s:1ms
2024-11-15 00:53:58,569 - fl_main - INFO - client_dict[f_00006] local model encrypting ...
2024-11-15 00:53:59,753 - fed_utils - INFO - encrypting key [conv1.weight].length : 150, cost time : 0m:1s:183ms
2024-11-15 00:53:59,801 - fed_utils - INFO - encrypting key [conv1.bias].length : 6, cost time : 0m:0s:47ms
2024-11-15 00:53:59,801 - fed_utils - INFO - load key [conv2.weight].length : 2400, cost time : 0m:0s:0ms
2024-11-15 00:53:59,801 - fed_utils - INFO - load key [conv2.bias].length : 16, cost time : 0m:0s:0ms
2024-11-15 00:53:59,802 - fed_utils - INFO - load key [fc1.weight].length : 48000, cost time : 0m:0s:0ms
2024-11-15 00:53:59,802 - fed_utils - INFO - load key [fc1.bias].length : 120, cost time : 0m:0s:0ms
2024-11-15 00:53:59,802 - fed_utils - INFO - load key [fc2.weight].length : 10080, cost time : 0m:0s:0ms
2024-11-15 00:53:59,802 - fed_utils - INFO - load key [fc2.bias].length : 84, cost time : 0m:0s:0ms
2024-11-15 00:54:06,558 - fed_utils - INFO - encrypting key [fc3.weight].length : 840, cost time : 0m:6s:755ms
2024-11-15 00:54:06,638 - fed_utils - INFO - encrypting key [fc3.bias].length : 10, cost time : 0m:0s:79ms
2024-11-15 00:54:06,638 - fl_main - INFO - Server receive client_dict[f_00006] info ...
2024-11-15 00:54:06,638 - fl_main - INFO - ----- client id [f_00007] -----
2024-11-15 00:54:06,639 - client_base - INFO - recover model cost time : 0m:0s:0ms
2024-11-15 00:54:06,639 - fl_main - INFO - client_dict[f_00007] training ...
2024-11-15 00:54:06,640 - client_base - INFO - client_dict[f_00007] training epoch : 0
2024-11-15 00:54:07,140 - client_base - INFO - local model train cost time : 0m:0s:499ms
2024-11-15 00:54:07,141 - client_base - INFO - model encode time : 0m:0s:1ms
2024-11-15 00:54:07,141 - fl_main - INFO - client_dict[f_00007] local model encrypting ...
2024-11-15 00:54:08,324 - fed_utils - INFO - encrypting key [conv1.weight].length : 150, cost time : 0m:1s:182ms
2024-11-15 00:54:08,372 - fed_utils - INFO - encrypting key [conv1.bias].length : 6, cost time : 0m:0s:47ms
2024-11-15 00:54:08,372 - fed_utils - INFO - load key [conv2.weight].length : 2400, cost time : 0m:0s:0ms
2024-11-15 00:54:08,372 - fed_utils - INFO - load key [conv2.bias].length : 16, cost time : 0m:0s:0ms
2024-11-15 00:54:08,373 - fed_utils - INFO - load key [fc1.weight].length : 48000, cost time : 0m:0s:0ms
2024-11-15 00:54:08,373 - fed_utils - INFO - load key [fc1.bias].length : 120, cost time : 0m:0s:0ms
2024-11-15 00:54:08,374 - fed_utils - INFO - load key [fc2.weight].length : 10080, cost time : 0m:0s:0ms
2024-11-15 00:54:08,374 - fed_utils - INFO - load key [fc2.bias].length : 84, cost time : 0m:0s:0ms
2024-11-15 00:54:15,000 - fed_utils - INFO - encrypting key [fc3.weight].length : 840, cost time : 0m:6s:626ms
2024-11-15 00:54:15,080 - fed_utils - INFO - encrypting key [fc3.bias].length : 10, cost time : 0m:0s:79ms
2024-11-15 00:54:15,080 - fl_main - INFO - Server receive client_dict[f_00007] info ...
2024-11-15 00:54:15,080 - fl_main - INFO - ----- client id [f_00008] -----
2024-11-15 00:54:15,081 - client_base - INFO - recover model cost time : 0m:0s:0ms
2024-11-15 00:54:15,903 - fl_main - INFO - global round [14] client_dict[f_00008].accuracy : 0.950500
2024-11-15 00:54:15,903 - fl_main - INFO - client_dict[f_00008] training ...
2024-11-15 00:54:15,903 - client_base - INFO - client_dict[f_00008] training epoch : 0
2024-11-15 00:54:16,403 - client_base - INFO - local model train cost time : 0m:0s:499ms
2024-11-15 00:54:16,405 - client_base - INFO - model encode time : 0m:0s:1ms
2024-11-15 00:54:16,405 - fl_main - INFO - client_dict[f_00008] local model encrypting ...
2024-11-15 00:54:17,593 - fed_utils - INFO - encrypting key [conv1.weight].length : 150, cost time : 0m:1s:187ms
2024-11-15 00:54:17,641 - fed_utils - INFO - encrypting key [conv1.bias].length : 6, cost time : 0m:0s:48ms
2024-11-15 00:54:17,641 - fed_utils - INFO - load key [conv2.weight].length : 2400, cost time : 0m:0s:0ms
2024-11-15 00:54:17,641 - fed_utils - INFO - load key [conv2.bias].length : 16, cost time : 0m:0s:0ms
2024-11-15 00:54:17,642 - fed_utils - INFO - load key [fc1.weight].length : 48000, cost time : 0m:0s:0ms
2024-11-15 00:54:17,642 - fed_utils - INFO - load key [fc1.bias].length : 120, cost time : 0m:0s:0ms
2024-11-15 00:54:17,642 - fed_utils - INFO - load key [fc2.weight].length : 10080, cost time : 0m:0s:0ms
2024-11-15 00:54:17,642 - fed_utils - INFO - load key [fc2.bias].length : 84, cost time : 0m:0s:0ms
2024-11-15 00:54:24,385 - fed_utils - INFO - encrypting key [fc3.weight].length : 840, cost time : 0m:6s:743ms
2024-11-15 00:54:24,464 - fed_utils - INFO - encrypting key [fc3.bias].length : 10, cost time : 0m:0s:79ms
2024-11-15 00:54:24,465 - fl_main - INFO - Server receive client_dict[f_00008] info ...
2024-11-15 00:54:24,465 - fl_main - INFO - ----- client id [f_00009] -----
2024-11-15 00:54:24,466 - client_base - INFO - recover model cost time : 0m:0s:0ms
2024-11-15 00:54:24,466 - fl_main - INFO - client_dict[f_00009] training ...
2024-11-15 00:54:24,467 - client_base - INFO - client_dict[f_00009] training epoch : 0
2024-11-15 00:54:24,971 - client_base - INFO - local model train cost time : 0m:0s:504ms
2024-11-15 00:54:24,973 - client_base - INFO - model encode time : 0m:0s:1ms
2024-11-15 00:54:24,973 - fl_main - INFO - client_dict[f_00009] local model encrypting ...
2024-11-15 00:54:26,156 - fed_utils - INFO - encrypting key [conv1.weight].length : 150, cost time : 0m:1s:183ms
2024-11-15 00:54:26,205 - fed_utils - INFO - encrypting key [conv1.bias].length : 6, cost time : 0m:0s:48ms
2024-11-15 00:54:26,205 - fed_utils - INFO - load key [conv2.weight].length : 2400, cost time : 0m:0s:0ms
2024-11-15 00:54:26,205 - fed_utils - INFO - load key [conv2.bias].length : 16, cost time : 0m:0s:0ms
2024-11-15 00:54:26,206 - fed_utils - INFO - load key [fc1.weight].length : 48000, cost time : 0m:0s:0ms
2024-11-15 00:54:26,206 - fed_utils - INFO - load key [fc1.bias].length : 120, cost time : 0m:0s:0ms
2024-11-15 00:54:26,206 - fed_utils - INFO - load key [fc2.weight].length : 10080, cost time : 0m:0s:0ms
2024-11-15 00:54:26,206 - fed_utils - INFO - load key [fc2.bias].length : 84, cost time : 0m:0s:0ms
2024-11-15 00:54:32,848 - fed_utils - INFO - encrypting key [fc3.weight].length : 840, cost time : 0m:6s:641ms
2024-11-15 00:54:32,927 - fed_utils - INFO - encrypting key [fc3.bias].length : 10, cost time : 0m:0s:79ms
2024-11-15 00:54:32,927 - fl_main - INFO - Server receive client_dict[f_00009] info ...
2024-11-15 00:54:32,927 - fl_main - INFO - global aggregation process ...
2024-11-15 00:54:32,928 - fed_utils - INFO - server.n_data : 60000
2024-11-15 00:54:32,928 - fed_utils - INFO - client_dict[f_00000].weight : 0.100000
2024-11-15 00:54:32,928 - fed_utils - INFO - client_dict[f_00001].weight : 0.100000
2024-11-15 00:54:32,928 - fed_utils - INFO - client_dict[f_00002].weight : 0.100000
2024-11-15 00:54:32,928 - fed_utils - INFO - client_dict[f_00003].weight : 0.100000
2024-11-15 00:54:32,928 - fed_utils - INFO - client_dict[f_00004].weight : 0.100000
2024-11-15 00:54:32,928 - fed_utils - INFO - client_dict[f_00005].weight : 0.100000
2024-11-15 00:54:32,928 - fed_utils - INFO - client_dict[f_00006].weight : 0.100000
2024-11-15 00:54:32,928 - fed_utils - INFO - client_dict[f_00007].weight : 0.100000
2024-11-15 00:54:32,928 - fed_utils - INFO - client_dict[f_00008].weight : 0.100000
2024-11-15 00:54:32,928 - fed_utils - INFO - client_dict[f_00009].weight : 0.100000
2024-11-15 00:54:32,928 - fed_utils - INFO - recover secret number by clients: 361.200000
2024-11-15 00:54:32,928 - server_base - INFO - Server aggregate model with homomorphic encryption ...
2024-11-15 00:54:36,163 - server_base - INFO - Server aggregate model done, cost time : 0m:3s:234ms
2024-11-15 00:54:36,502 - fed_utils - INFO - decrypting key [conv1.weight].shape [torch.Size([6, 1, 5, 5])]
2024-11-15 00:54:36,516 - fed_utils - INFO - decrypting key [conv1.bias].shape [torch.Size([6])]
2024-11-15 00:54:36,516 - fed_utils - INFO - decrypting key [conv2.weight].shape [torch.Size([16, 6, 5, 5])]
2024-11-15 00:54:36,516 - fed_utils - INFO - decrypting key [conv2.bias].shape [torch.Size([16])]
2024-11-15 00:54:36,516 - fed_utils - INFO - decrypting key [fc1.weight].shape [torch.Size([120, 400])]
2024-11-15 00:54:36,516 - fed_utils - INFO - decrypting key [fc1.bias].shape [torch.Size([120])]
2024-11-15 00:54:36,516 - fed_utils - INFO - decrypting key [fc2.weight].shape [torch.Size([84, 120])]
2024-11-15 00:54:36,516 - fed_utils - INFO - decrypting key [fc2.bias].shape [torch.Size([84])]
2024-11-15 00:54:38,416 - fed_utils - INFO - decrypting key [fc3.weight].shape [torch.Size([10, 84])]
2024-11-15 00:54:38,439 - fed_utils - INFO - decrypting key [fc3.bias].shape [torch.Size([10])]
2024-11-15 00:54:38,439 - fed_utils - INFO - decrypt time : [0m:2s:276ms]
2024-11-15 00:54:38,444 - fl_main - INFO - [global round : 14] aggregated model accuracy : 0.9505
2024-11-15 00:54:38,444 - fl_main - INFO - [global round : 14] aggregated model loss : 0.2012817642586406
2024-11-15 00:54:38,445 - fl_main - INFO - global round : 15
2024-11-15 00:54:38,445 - fl_main - INFO - the random client id to test accuracy : f_00006
2024-11-15 00:54:38,445 - fl_main - INFO - ----- client id [f_00000] -----
2024-11-15 00:54:38,446 - client_base - INFO - recover model cost time : 0m:0s:0ms
2024-11-15 00:54:38,446 - fl_main - INFO - client_dict[f_00000] training ...
2024-11-15 00:54:38,447 - client_base - INFO - client_dict[f_00000] training epoch : 0
2024-11-15 00:54:38,954 - client_base - INFO - local model train cost time : 0m:0s:507ms
2024-11-15 00:54:38,956 - client_base - INFO - model encode time : 0m:0s:1ms
2024-11-15 00:54:38,956 - fl_main - INFO - client_dict[f_00000] local model encrypting ...
2024-11-15 00:54:40,140 - fed_utils - INFO - encrypting key [conv1.weight].length : 150, cost time : 0m:1s:184ms
2024-11-15 00:54:40,188 - fed_utils - INFO - encrypting key [conv1.bias].length : 6, cost time : 0m:0s:47ms
2024-11-15 00:54:40,188 - fed_utils - INFO - load key [conv2.weight].length : 2400, cost time : 0m:0s:0ms
2024-11-15 00:54:40,188 - fed_utils - INFO - load key [conv2.bias].length : 16, cost time : 0m:0s:0ms
2024-11-15 00:54:40,189 - fed_utils - INFO - load key [fc1.weight].length : 48000, cost time : 0m:0s:1ms
2024-11-15 00:54:40,189 - fed_utils - INFO - load key [fc1.bias].length : 120, cost time : 0m:0s:0ms
2024-11-15 00:54:40,190 - fed_utils - INFO - load key [fc2.weight].length : 10080, cost time : 0m:0s:0ms
2024-11-15 00:54:40,190 - fed_utils - INFO - load key [fc2.bias].length : 84, cost time : 0m:0s:0ms
2024-11-15 00:54:46,814 - fed_utils - INFO - encrypting key [fc3.weight].length : 840, cost time : 0m:6s:624ms
2024-11-15 00:54:46,893 - fed_utils - INFO - encrypting key [fc3.bias].length : 10, cost time : 0m:0s:79ms
2024-11-15 00:54:46,894 - fl_main - INFO - Server receive client_dict[f_00000] info ...
2024-11-15 00:54:46,894 - fl_main - INFO - ----- client id [f_00001] -----
2024-11-15 00:54:46,895 - client_base - INFO - recover model cost time : 0m:0s:0ms
2024-11-15 00:54:46,896 - fl_main - INFO - client_dict[f_00001] training ...
2024-11-15 00:54:46,896 - client_base - INFO - client_dict[f_00001] training epoch : 0
2024-11-15 00:54:47,402 - client_base - INFO - local model train cost time : 0m:0s:505ms
2024-11-15 00:54:47,403 - client_base - INFO - model encode time : 0m:0s:1ms
2024-11-15 00:54:47,403 - fl_main - INFO - client_dict[f_00001] local model encrypting ...
2024-11-15 00:54:48,587 - fed_utils - INFO - encrypting key [conv1.weight].length : 150, cost time : 0m:1s:183ms
2024-11-15 00:54:48,635 - fed_utils - INFO - encrypting key [conv1.bias].length : 6, cost time : 0m:0s:47ms
2024-11-15 00:54:48,635 - fed_utils - INFO - load key [conv2.weight].length : 2400, cost time : 0m:0s:0ms
2024-11-15 00:54:48,635 - fed_utils - INFO - load key [conv2.bias].length : 16, cost time : 0m:0s:0ms
2024-11-15 00:54:48,636 - fed_utils - INFO - load key [fc1.weight].length : 48000, cost time : 0m:0s:0ms
2024-11-15 00:54:48,636 - fed_utils - INFO - load key [fc1.bias].length : 120, cost time : 0m:0s:0ms
2024-11-15 00:54:48,637 - fed_utils - INFO - load key [fc2.weight].length : 10080, cost time : 0m:0s:0ms
2024-11-15 00:54:48,637 - fed_utils - INFO - load key [fc2.bias].length : 84, cost time : 0m:0s:0ms
2024-11-15 00:54:55,384 - fed_utils - INFO - encrypting key [fc3.weight].length : 840, cost time : 0m:6s:747ms
2024-11-15 00:54:55,464 - fed_utils - INFO - encrypting key [fc3.bias].length : 10, cost time : 0m:0s:79ms
2024-11-15 00:54:55,464 - fl_main - INFO - Server receive client_dict[f_00001] info ...
2024-11-15 00:54:55,464 - fl_main - INFO - ----- client id [f_00002] -----
2024-11-15 00:54:55,465 - client_base - INFO - recover model cost time : 0m:0s:0ms
2024-11-15 00:54:55,465 - fl_main - INFO - client_dict[f_00002] training ...
2024-11-15 00:54:55,466 - client_base - INFO - client_dict[f_00002] training epoch : 0
2024-11-15 00:54:55,966 - client_base - INFO - local model train cost time : 0m:0s:499ms
2024-11-15 00:54:55,967 - client_base - INFO - model encode time : 0m:0s:1ms
2024-11-15 00:54:55,967 - fl_main - INFO - client_dict[f_00002] local model encrypting ...
2024-11-15 00:54:57,150 - fed_utils - INFO - encrypting key [conv1.weight].length : 150, cost time : 0m:1s:182ms
2024-11-15 00:54:57,198 - fed_utils - INFO - encrypting key [conv1.bias].length : 6, cost time : 0m:0s:47ms
2024-11-15 00:54:57,198 - fed_utils - INFO - load key [conv2.weight].length : 2400, cost time : 0m:0s:0ms
2024-11-15 00:54:57,198 - fed_utils - INFO - load key [conv2.bias].length : 16, cost time : 0m:0s:0ms
2024-11-15 00:54:57,199 - fed_utils - INFO - load key [fc1.weight].length : 48000, cost time : 0m:0s:0ms
2024-11-15 00:54:57,199 - fed_utils - INFO - load key [fc1.bias].length : 120, cost time : 0m:0s:0ms
2024-11-15 00:54:57,199 - fed_utils - INFO - load key [fc2.weight].length : 10080, cost time : 0m:0s:0ms
2024-11-15 00:54:57,199 - fed_utils - INFO - load key [fc2.bias].length : 84, cost time : 0m:0s:0ms
2024-11-15 00:55:03,822 - fed_utils - INFO - encrypting key [fc3.weight].length : 840, cost time : 0m:6s:622ms
2024-11-15 00:55:03,901 - fed_utils - INFO - encrypting key [fc3.bias].length : 10, cost time : 0m:0s:79ms
2024-11-15 00:55:03,901 - fl_main - INFO - Server receive client_dict[f_00002] info ...
2024-11-15 00:55:03,901 - fl_main - INFO - ----- client id [f_00003] -----
2024-11-15 00:55:03,902 - client_base - INFO - recover model cost time : 0m:0s:0ms
2024-11-15 00:55:03,902 - fl_main - INFO - client_dict[f_00003] training ...
2024-11-15 00:55:03,903 - client_base - INFO - client_dict[f_00003] training epoch : 0
2024-11-15 00:55:04,399 - client_base - INFO - local model train cost time : 0m:0s:496ms
2024-11-15 00:55:04,401 - client_base - INFO - model encode time : 0m:0s:1ms
2024-11-15 00:55:04,401 - fl_main - INFO - client_dict[f_00003] local model encrypting ...
2024-11-15 00:55:05,723 - fed_utils - INFO - encrypting key [conv1.weight].length : 150, cost time : 0m:1s:322ms
2024-11-15 00:55:05,771 - fed_utils - INFO - encrypting key [conv1.bias].length : 6, cost time : 0m:0s:47ms
2024-11-15 00:55:05,771 - fed_utils - INFO - load key [conv2.weight].length : 2400, cost time : 0m:0s:0ms
2024-11-15 00:55:05,771 - fed_utils - INFO - load key [conv2.bias].length : 16, cost time : 0m:0s:0ms
2024-11-15 00:55:05,772 - fed_utils - INFO - load key [fc1.weight].length : 48000, cost time : 0m:0s:0ms
2024-11-15 00:55:05,772 - fed_utils - INFO - load key [fc1.bias].length : 120, cost time : 0m:0s:0ms
2024-11-15 00:55:05,773 - fed_utils - INFO - load key [fc2.weight].length : 10080, cost time : 0m:0s:0ms
2024-11-15 00:55:05,773 - fed_utils - INFO - load key [fc2.bias].length : 84, cost time : 0m:0s:0ms
2024-11-15 00:55:12,395 - fed_utils - INFO - encrypting key [fc3.weight].length : 840, cost time : 0m:6s:622ms
2024-11-15 00:55:12,474 - fed_utils - INFO - encrypting key [fc3.bias].length : 10, cost time : 0m:0s:79ms
2024-11-15 00:55:12,474 - fl_main - INFO - Server receive client_dict[f_00003] info ...
2024-11-15 00:55:12,474 - fl_main - INFO - ----- client id [f_00004] -----
2024-11-15 00:55:12,475 - client_base - INFO - recover model cost time : 0m:0s:0ms
2024-11-15 00:55:12,475 - fl_main - INFO - client_dict[f_00004] training ...
2024-11-15 00:55:12,476 - client_base - INFO - client_dict[f_00004] training epoch : 0
2024-11-15 00:55:12,984 - client_base - INFO - local model train cost time : 0m:0s:508ms
2024-11-15 00:55:12,986 - client_base - INFO - model encode time : 0m:0s:1ms
2024-11-15 00:55:12,986 - fl_main - INFO - client_dict[f_00004] local model encrypting ...
2024-11-15 00:55:14,168 - fed_utils - INFO - encrypting key [conv1.weight].length : 150, cost time : 0m:1s:182ms
2024-11-15 00:55:14,216 - fed_utils - INFO - encrypting key [conv1.bias].length : 6, cost time : 0m:0s:47ms
2024-11-15 00:55:14,216 - fed_utils - INFO - load key [conv2.weight].length : 2400, cost time : 0m:0s:0ms
2024-11-15 00:55:14,216 - fed_utils - INFO - load key [conv2.bias].length : 16, cost time : 0m:0s:0ms
2024-11-15 00:55:14,217 - fed_utils - INFO - load key [fc1.weight].length : 48000, cost time : 0m:0s:0ms
2024-11-15 00:55:14,217 - fed_utils - INFO - load key [fc1.bias].length : 120, cost time : 0m:0s:0ms
2024-11-15 00:55:14,218 - fed_utils - INFO - load key [fc2.weight].length : 10080, cost time : 0m:0s:0ms
2024-11-15 00:55:14,218 - fed_utils - INFO - load key [fc2.bias].length : 84, cost time : 0m:0s:0ms
2024-11-15 00:55:20,985 - fed_utils - INFO - encrypting key [fc3.weight].length : 840, cost time : 0m:6s:767ms
2024-11-15 00:55:21,064 - fed_utils - INFO - encrypting key [fc3.bias].length : 10, cost time : 0m:0s:79ms
2024-11-15 00:55:21,064 - fl_main - INFO - Server receive client_dict[f_00004] info ...
2024-11-15 00:55:21,065 - fl_main - INFO - ----- client id [f_00005] -----
2024-11-15 00:55:21,066 - client_base - INFO - recover model cost time : 0m:0s:0ms
2024-11-15 00:55:21,066 - fl_main - INFO - client_dict[f_00005] training ...
2024-11-15 00:55:21,067 - client_base - INFO - client_dict[f_00005] training epoch : 0
2024-11-15 00:55:21,558 - client_base - INFO - local model train cost time : 0m:0s:491ms
2024-11-15 00:55:21,560 - client_base - INFO - model encode time : 0m:0s:1ms
2024-11-15 00:55:21,560 - fl_main - INFO - client_dict[f_00005] local model encrypting ...
2024-11-15 00:55:22,742 - fed_utils - INFO - encrypting key [conv1.weight].length : 150, cost time : 0m:1s:182ms
2024-11-15 00:55:22,790 - fed_utils - INFO - encrypting key [conv1.bias].length : 6, cost time : 0m:0s:47ms
2024-11-15 00:55:22,790 - fed_utils - INFO - load key [conv2.weight].length : 2400, cost time : 0m:0s:0ms
2024-11-15 00:55:22,790 - fed_utils - INFO - load key [conv2.bias].length : 16, cost time : 0m:0s:0ms
2024-11-15 00:55:22,791 - fed_utils - INFO - load key [fc1.weight].length : 48000, cost time : 0m:0s:0ms
2024-11-15 00:55:22,791 - fed_utils - INFO - load key [fc1.bias].length : 120, cost time : 0m:0s:0ms
2024-11-15 00:55:22,792 - fed_utils - INFO - load key [fc2.weight].length : 10080, cost time : 0m:0s:0ms
2024-11-15 00:55:22,792 - fed_utils - INFO - load key [fc2.bias].length : 84, cost time : 0m:0s:0ms
2024-11-15 00:55:29,414 - fed_utils - INFO - encrypting key [fc3.weight].length : 840, cost time : 0m:6s:621ms
2024-11-15 00:55:29,493 - fed_utils - INFO - encrypting key [fc3.bias].length : 10, cost time : 0m:0s:79ms
2024-11-15 00:55:29,493 - fl_main - INFO - Server receive client_dict[f_00005] info ...
2024-11-15 00:55:29,493 - fl_main - INFO - ----- client id [f_00006] -----
2024-11-15 00:55:29,494 - client_base - INFO - recover model cost time : 0m:0s:0ms
2024-11-15 00:55:30,313 - fl_main - INFO - global round [15] client_dict[f_00006].accuracy : 0.954300
2024-11-15 00:55:30,313 - fl_main - INFO - client_dict[f_00006] training ...
2024-11-15 00:55:30,314 - client_base - INFO - client_dict[f_00006] training epoch : 0
2024-11-15 00:55:30,819 - client_base - INFO - local model train cost time : 0m:0s:505ms
2024-11-15 00:55:30,820 - client_base - INFO - model encode time : 0m:0s:1ms
2024-11-15 00:55:30,821 - fl_main - INFO - client_dict[f_00006] local model encrypting ...
2024-11-15 00:55:32,006 - fed_utils - INFO - encrypting key [conv1.weight].length : 150, cost time : 0m:1s:185ms
2024-11-15 00:55:32,054 - fed_utils - INFO - encrypting key [conv1.bias].length : 6, cost time : 0m:0s:47ms
2024-11-15 00:55:32,054 - fed_utils - INFO - load key [conv2.weight].length : 2400, cost time : 0m:0s:0ms
2024-11-15 00:55:32,054 - fed_utils - INFO - load key [conv2.bias].length : 16, cost time : 0m:0s:0ms
2024-11-15 00:55:32,055 - fed_utils - INFO - load key [fc1.weight].length : 48000, cost time : 0m:0s:0ms
2024-11-15 00:55:32,055 - fed_utils - INFO - load key [fc1.bias].length : 120, cost time : 0m:0s:0ms
2024-11-15 00:55:32,055 - fed_utils - INFO - load key [fc2.weight].length : 10080, cost time : 0m:0s:0ms
2024-11-15 00:55:32,056 - fed_utils - INFO - load key [fc2.bias].length : 84, cost time : 0m:0s:0ms
2024-11-15 00:55:38,806 - fed_utils - INFO - encrypting key [fc3.weight].length : 840, cost time : 0m:6s:750ms
2024-11-15 00:55:38,885 - fed_utils - INFO - encrypting key [fc3.bias].length : 10, cost time : 0m:0s:79ms
2024-11-15 00:55:38,885 - fl_main - INFO - Server receive client_dict[f_00006] info ...
2024-11-15 00:55:38,885 - fl_main - INFO - ----- client id [f_00007] -----
2024-11-15 00:55:38,887 - client_base - INFO - recover model cost time : 0m:0s:0ms
2024-11-15 00:55:38,887 - fl_main - INFO - client_dict[f_00007] training ...
2024-11-15 00:55:38,887 - client_base - INFO - client_dict[f_00007] training epoch : 0
2024-11-15 00:55:39,380 - client_base - INFO - local model train cost time : 0m:0s:493ms
2024-11-15 00:55:39,382 - client_base - INFO - model encode time : 0m:0s:1ms
2024-11-15 00:55:39,382 - fl_main - INFO - client_dict[f_00007] local model encrypting ...
2024-11-15 00:55:40,566 - fed_utils - INFO - encrypting key [conv1.weight].length : 150, cost time : 0m:1s:183ms
2024-11-15 00:55:40,614 - fed_utils - INFO - encrypting key [conv1.bias].length : 6, cost time : 0m:0s:47ms
2024-11-15 00:55:40,614 - fed_utils - INFO - load key [conv2.weight].length : 2400, cost time : 0m:0s:0ms
2024-11-15 00:55:40,614 - fed_utils - INFO - load key [conv2.bias].length : 16, cost time : 0m:0s:0ms
2024-11-15 00:55:40,615 - fed_utils - INFO - load key [fc1.weight].length : 48000, cost time : 0m:0s:0ms
2024-11-15 00:55:40,615 - fed_utils - INFO - load key [fc1.bias].length : 120, cost time : 0m:0s:0ms
2024-11-15 00:55:40,615 - fed_utils - INFO - load key [fc2.weight].length : 10080, cost time : 0m:0s:0ms
2024-11-15 00:55:40,615 - fed_utils - INFO - load key [fc2.bias].length : 84, cost time : 0m:0s:0ms
2024-11-15 00:55:47,239 - fed_utils - INFO - encrypting key [fc3.weight].length : 840, cost time : 0m:6s:623ms
2024-11-15 00:55:47,318 - fed_utils - INFO - encrypting key [fc3.bias].length : 10, cost time : 0m:0s:79ms
2024-11-15 00:55:47,318 - fl_main - INFO - Server receive client_dict[f_00007] info ...
2024-11-15 00:55:47,318 - fl_main - INFO - ----- client id [f_00008] -----
2024-11-15 00:55:47,319 - client_base - INFO - recover model cost time : 0m:0s:0ms
2024-11-15 00:55:47,319 - fl_main - INFO - client_dict[f_00008] training ...
2024-11-15 00:55:47,320 - client_base - INFO - client_dict[f_00008] training epoch : 0
2024-11-15 00:55:47,822 - client_base - INFO - local model train cost time : 0m:0s:502ms
2024-11-15 00:55:47,824 - client_base - INFO - model encode time : 0m:0s:1ms
2024-11-15 00:55:47,824 - fl_main - INFO - client_dict[f_00008] local model encrypting ...
2024-11-15 00:55:49,009 - fed_utils - INFO - encrypting key [conv1.weight].length : 150, cost time : 0m:1s:184ms
2024-11-15 00:55:49,057 - fed_utils - INFO - encrypting key [conv1.bias].length : 6, cost time : 0m:0s:48ms
2024-11-15 00:55:49,057 - fed_utils - INFO - load key [conv2.weight].length : 2400, cost time : 0m:0s:0ms
2024-11-15 00:55:49,057 - fed_utils - INFO - load key [conv2.bias].length : 16, cost time : 0m:0s:0ms
2024-11-15 00:55:49,058 - fed_utils - INFO - load key [fc1.weight].length : 48000, cost time : 0m:0s:0ms
2024-11-15 00:55:49,058 - fed_utils - INFO - load key [fc1.bias].length : 120, cost time : 0m:0s:0ms
2024-11-15 00:55:49,059 - fed_utils - INFO - load key [fc2.weight].length : 10080, cost time : 0m:0s:0ms
2024-11-15 00:55:49,059 - fed_utils - INFO - load key [fc2.bias].length : 84, cost time : 0m:0s:0ms
2024-11-15 00:55:55,806 - fed_utils - INFO - encrypting key [fc3.weight].length : 840, cost time : 0m:6s:747ms
2024-11-15 00:55:55,885 - fed_utils - INFO - encrypting key [fc3.bias].length : 10, cost time : 0m:0s:79ms
2024-11-15 00:55:55,886 - fl_main - INFO - Server receive client_dict[f_00008] info ...
2024-11-15 00:55:55,886 - fl_main - INFO - ----- client id [f_00009] -----
2024-11-15 00:55:55,887 - client_base - INFO - recover model cost time : 0m:0s:0ms
2024-11-15 00:55:55,887 - fl_main - INFO - client_dict[f_00009] training ...
2024-11-15 00:55:55,888 - client_base - INFO - client_dict[f_00009] training epoch : 0
2024-11-15 00:55:56,390 - client_base - INFO - local model train cost time : 0m:0s:501ms
2024-11-15 00:55:56,391 - client_base - INFO - model encode time : 0m:0s:1ms
2024-11-15 00:55:56,391 - fl_main - INFO - client_dict[f_00009] local model encrypting ...
2024-11-15 00:55:57,577 - fed_utils - INFO - encrypting key [conv1.weight].length : 150, cost time : 0m:1s:185ms
2024-11-15 00:55:57,626 - fed_utils - INFO - encrypting key [conv1.bias].length : 6, cost time : 0m:0s:48ms
2024-11-15 00:55:57,626 - fed_utils - INFO - load key [conv2.weight].length : 2400, cost time : 0m:0s:0ms
2024-11-15 00:55:57,626 - fed_utils - INFO - load key [conv2.bias].length : 16, cost time : 0m:0s:0ms
2024-11-15 00:55:57,627 - fed_utils - INFO - load key [fc1.weight].length : 48000, cost time : 0m:0s:0ms
2024-11-15 00:55:57,627 - fed_utils - INFO - load key [fc1.bias].length : 120, cost time : 0m:0s:0ms
2024-11-15 00:55:57,627 - fed_utils - INFO - load key [fc2.weight].length : 10080, cost time : 0m:0s:0ms
2024-11-15 00:55:57,627 - fed_utils - INFO - load key [fc2.bias].length : 84, cost time : 0m:0s:0ms
2024-11-15 00:56:04,264 - fed_utils - INFO - encrypting key [fc3.weight].length : 840, cost time : 0m:6s:636ms
2024-11-15 00:56:04,343 - fed_utils - INFO - encrypting key [fc3.bias].length : 10, cost time : 0m:0s:79ms
2024-11-15 00:56:04,343 - fl_main - INFO - Server receive client_dict[f_00009] info ...
2024-11-15 00:56:04,343 - fl_main - INFO - global aggregation process ...
2024-11-15 00:56:04,344 - fed_utils - INFO - server.n_data : 60000
2024-11-15 00:56:04,344 - fed_utils - INFO - client_dict[f_00000].weight : 0.100000
2024-11-15 00:56:04,344 - fed_utils - INFO - client_dict[f_00001].weight : 0.100000
2024-11-15 00:56:04,344 - fed_utils - INFO - client_dict[f_00002].weight : 0.100000
2024-11-15 00:56:04,344 - fed_utils - INFO - client_dict[f_00003].weight : 0.100000
2024-11-15 00:56:04,344 - fed_utils - INFO - client_dict[f_00004].weight : 0.100000
2024-11-15 00:56:04,344 - fed_utils - INFO - client_dict[f_00005].weight : 0.100000
2024-11-15 00:56:04,344 - fed_utils - INFO - client_dict[f_00006].weight : 0.100000
2024-11-15 00:56:04,344 - fed_utils - INFO - client_dict[f_00007].weight : 0.100000
2024-11-15 00:56:04,344 - fed_utils - INFO - client_dict[f_00008].weight : 0.100000
2024-11-15 00:56:04,344 - fed_utils - INFO - client_dict[f_00009].weight : 0.100000
2024-11-15 00:56:04,344 - fed_utils - INFO - recover secret number by clients: 361.200000
2024-11-15 00:56:04,344 - server_base - INFO - Server aggregate model with homomorphic encryption ...
2024-11-15 00:56:07,534 - server_base - INFO - Server aggregate model done, cost time : 0m:3s:189ms
2024-11-15 00:56:07,875 - fed_utils - INFO - decrypting key [conv1.weight].shape [torch.Size([6, 1, 5, 5])]
2024-11-15 00:56:07,889 - fed_utils - INFO - decrypting key [conv1.bias].shape [torch.Size([6])]
2024-11-15 00:56:07,889 - fed_utils - INFO - decrypting key [conv2.weight].shape [torch.Size([16, 6, 5, 5])]
2024-11-15 00:56:07,889 - fed_utils - INFO - decrypting key [conv2.bias].shape [torch.Size([16])]
2024-11-15 00:56:07,889 - fed_utils - INFO - decrypting key [fc1.weight].shape [torch.Size([120, 400])]
2024-11-15 00:56:07,889 - fed_utils - INFO - decrypting key [fc1.bias].shape [torch.Size([120])]
2024-11-15 00:56:07,889 - fed_utils - INFO - decrypting key [fc2.weight].shape [torch.Size([84, 120])]
2024-11-15 00:56:07,889 - fed_utils - INFO - decrypting key [fc2.bias].shape [torch.Size([84])]
2024-11-15 00:56:09,798 - fed_utils - INFO - decrypting key [fc3.weight].shape [torch.Size([10, 84])]
2024-11-15 00:56:09,820 - fed_utils - INFO - decrypting key [fc3.bias].shape [torch.Size([10])]
2024-11-15 00:56:09,820 - fed_utils - INFO - decrypt time : [0m:2s:286ms]
2024-11-15 00:56:09,825 - fl_main - INFO - [global round : 15] aggregated model accuracy : 0.9543
2024-11-15 00:56:09,826 - fl_main - INFO - [global round : 15] aggregated model loss : 0.24918958516294093
2024-11-15 00:56:09,826 - fl_main - INFO - global round : 16
2024-11-15 00:56:09,827 - fl_main - INFO - the random client id to test accuracy : f_00003
2024-11-15 00:56:09,827 - fl_main - INFO - ----- client id [f_00000] -----
2024-11-15 00:56:09,828 - client_base - INFO - recover model cost time : 0m:0s:0ms
2024-11-15 00:56:09,828 - fl_main - INFO - client_dict[f_00000] training ...
2024-11-15 00:56:09,828 - client_base - INFO - client_dict[f_00000] training epoch : 0
2024-11-15 00:56:10,337 - client_base - INFO - local model train cost time : 0m:0s:508ms
2024-11-15 00:56:10,338 - client_base - INFO - model encode time : 0m:0s:1ms
2024-11-15 00:56:10,339 - fl_main - INFO - client_dict[f_00000] local model encrypting ...
2024-11-15 00:56:11,524 - fed_utils - INFO - encrypting key [conv1.weight].length : 150, cost time : 0m:1s:185ms
2024-11-15 00:56:11,573 - fed_utils - INFO - encrypting key [conv1.bias].length : 6, cost time : 0m:0s:48ms
2024-11-15 00:56:11,573 - fed_utils - INFO - load key [conv2.weight].length : 2400, cost time : 0m:0s:0ms
2024-11-15 00:56:11,573 - fed_utils - INFO - load key [conv2.bias].length : 16, cost time : 0m:0s:0ms
2024-11-15 00:56:11,574 - fed_utils - INFO - load key [fc1.weight].length : 48000, cost time : 0m:0s:1ms
2024-11-15 00:56:11,574 - fed_utils - INFO - load key [fc1.bias].length : 120, cost time : 0m:0s:0ms
2024-11-15 00:56:11,575 - fed_utils - INFO - load key [fc2.weight].length : 10080, cost time : 0m:0s:0ms
2024-11-15 00:56:11,575 - fed_utils - INFO - load key [fc2.bias].length : 84, cost time : 0m:0s:0ms
2024-11-15 00:56:18,198 - fed_utils - INFO - encrypting key [fc3.weight].length : 840, cost time : 0m:6s:623ms
2024-11-15 00:56:18,277 - fed_utils - INFO - encrypting key [fc3.bias].length : 10, cost time : 0m:0s:79ms
2024-11-15 00:56:18,278 - fl_main - INFO - Server receive client_dict[f_00000] info ...
2024-11-15 00:56:18,278 - fl_main - INFO - ----- client id [f_00001] -----
2024-11-15 00:56:18,279 - client_base - INFO - recover model cost time : 0m:0s:0ms
2024-11-15 00:56:18,280 - fl_main - INFO - client_dict[f_00001] training ...
2024-11-15 00:56:18,280 - client_base - INFO - client_dict[f_00001] training epoch : 0
2024-11-15 00:56:18,775 - client_base - INFO - local model train cost time : 0m:0s:495ms
2024-11-15 00:56:18,777 - client_base - INFO - model encode time : 0m:0s:1ms
2024-11-15 00:56:18,777 - fl_main - INFO - client_dict[f_00001] local model encrypting ...
2024-11-15 00:56:19,962 - fed_utils - INFO - encrypting key [conv1.weight].length : 150, cost time : 0m:1s:184ms
2024-11-15 00:56:20,010 - fed_utils - INFO - encrypting key [conv1.bias].length : 6, cost time : 0m:0s:47ms
2024-11-15 00:56:20,010 - fed_utils - INFO - load key [conv2.weight].length : 2400, cost time : 0m:0s:0ms
2024-11-15 00:56:20,010 - fed_utils - INFO - load key [conv2.bias].length : 16, cost time : 0m:0s:0ms
2024-11-15 00:56:20,011 - fed_utils - INFO - load key [fc1.weight].length : 48000, cost time : 0m:0s:0ms
2024-11-15 00:56:20,011 - fed_utils - INFO - load key [fc1.bias].length : 120, cost time : 0m:0s:0ms
2024-11-15 00:56:20,011 - fed_utils - INFO - load key [fc2.weight].length : 10080, cost time : 0m:0s:0ms
2024-11-15 00:56:20,011 - fed_utils - INFO - load key [fc2.bias].length : 84, cost time : 0m:0s:0ms
2024-11-15 00:56:26,782 - fed_utils - INFO - encrypting key [fc3.weight].length : 840, cost time : 0m:6s:770ms
2024-11-15 00:56:26,861 - fed_utils - INFO - encrypting key [fc3.bias].length : 10, cost time : 0m:0s:79ms
2024-11-15 00:56:26,861 - fl_main - INFO - Server receive client_dict[f_00001] info ...
2024-11-15 00:56:26,861 - fl_main - INFO - ----- client id [f_00002] -----
2024-11-15 00:56:26,862 - client_base - INFO - recover model cost time : 0m:0s:0ms
2024-11-15 00:56:26,863 - fl_main - INFO - client_dict[f_00002] training ...
2024-11-15 00:56:26,863 - client_base - INFO - client_dict[f_00002] training epoch : 0
2024-11-15 00:56:27,369 - client_base - INFO - local model train cost time : 0m:0s:505ms
2024-11-15 00:56:27,370 - client_base - INFO - model encode time : 0m:0s:1ms
2024-11-15 00:56:27,370 - fl_main - INFO - client_dict[f_00002] local model encrypting ...
2024-11-15 00:56:28,553 - fed_utils - INFO - encrypting key [conv1.weight].length : 150, cost time : 0m:1s:182ms
2024-11-15 00:56:28,601 - fed_utils - INFO - encrypting key [conv1.bias].length : 6, cost time : 0m:0s:47ms
2024-11-15 00:56:28,601 - fed_utils - INFO - load key [conv2.weight].length : 2400, cost time : 0m:0s:0ms
2024-11-15 00:56:28,601 - fed_utils - INFO - load key [conv2.bias].length : 16, cost time : 0m:0s:0ms
2024-11-15 00:56:28,602 - fed_utils - INFO - load key [fc1.weight].length : 48000, cost time : 0m:0s:0ms
2024-11-15 00:56:28,602 - fed_utils - INFO - load key [fc1.bias].length : 120, cost time : 0m:0s:0ms
2024-11-15 00:56:28,602 - fed_utils - INFO - load key [fc2.weight].length : 10080, cost time : 0m:0s:0ms
2024-11-15 00:56:28,602 - fed_utils - INFO - load key [fc2.bias].length : 84, cost time : 0m:0s:0ms
2024-11-15 00:56:35,267 - fed_utils - INFO - encrypting key [fc3.weight].length : 840, cost time : 0m:6s:665ms
2024-11-15 00:56:35,403 - fed_utils - INFO - encrypting key [fc3.bias].length : 10, cost time : 0m:0s:135ms
2024-11-15 00:56:35,403 - fl_main - INFO - Server receive client_dict[f_00002] info ...
2024-11-15 00:56:35,403 - fl_main - INFO - ----- client id [f_00003] -----
2024-11-15 00:56:35,408 - client_base - INFO - recover model cost time : 0m:0s:2ms
2024-11-15 00:56:36,257 - fl_main - INFO - global round [16] client_dict[f_00003].accuracy : 0.956400
2024-11-15 00:56:36,257 - fl_main - INFO - client_dict[f_00003] training ...
2024-11-15 00:56:36,258 - client_base - INFO - client_dict[f_00003] training epoch : 0
2024-11-15 00:56:36,753 - client_base - INFO - local model train cost time : 0m:0s:495ms
2024-11-15 00:56:36,754 - client_base - INFO - model encode time : 0m:0s:1ms
2024-11-15 00:56:36,754 - fl_main - INFO - client_dict[f_00003] local model encrypting ...
2024-11-15 00:56:37,938 - fed_utils - INFO - encrypting key [conv1.weight].length : 150, cost time : 0m:1s:183ms
2024-11-15 00:56:37,986 - fed_utils - INFO - encrypting key [conv1.bias].length : 6, cost time : 0m:0s:47ms
2024-11-15 00:56:37,986 - fed_utils - INFO - load key [conv2.weight].length : 2400, cost time : 0m:0s:0ms
2024-11-15 00:56:37,986 - fed_utils - INFO - load key [conv2.bias].length : 16, cost time : 0m:0s:0ms
2024-11-15 00:56:37,987 - fed_utils - INFO - load key [fc1.weight].length : 48000, cost time : 0m:0s:0ms
2024-11-15 00:56:37,987 - fed_utils - INFO - load key [fc1.bias].length : 120, cost time : 0m:0s:0ms
2024-11-15 00:56:37,988 - fed_utils - INFO - load key [fc2.weight].length : 10080, cost time : 0m:0s:0ms
2024-11-15 00:56:37,988 - fed_utils - INFO - load key [fc2.bias].length : 84, cost time : 0m:0s:0ms
2024-11-15 00:56:44,614 - fed_utils - INFO - encrypting key [fc3.weight].length : 840, cost time : 0m:6s:626ms
2024-11-15 00:56:44,694 - fed_utils - INFO - encrypting key [fc3.bias].length : 10, cost time : 0m:0s:79ms
2024-11-15 00:56:44,694 - fl_main - INFO - Server receive client_dict[f_00003] info ...
2024-11-15 00:56:44,694 - fl_main - INFO - ----- client id [f_00004] -----
2024-11-15 00:56:44,695 - client_base - INFO - recover model cost time : 0m:0s:0ms
2024-11-15 00:56:44,695 - fl_main - INFO - client_dict[f_00004] training ...
2024-11-15 00:56:44,696 - client_base - INFO - client_dict[f_00004] training epoch : 0
2024-11-15 00:56:45,213 - client_base - INFO - local model train cost time : 0m:0s:517ms
2024-11-15 00:56:45,214 - client_base - INFO - model encode time : 0m:0s:1ms
2024-11-15 00:56:45,215 - fl_main - INFO - client_dict[f_00004] local model encrypting ...
2024-11-15 00:56:46,400 - fed_utils - INFO - encrypting key [conv1.weight].length : 150, cost time : 0m:1s:185ms
2024-11-15 00:56:46,448 - fed_utils - INFO - encrypting key [conv1.bias].length : 6, cost time : 0m:0s:47ms
2024-11-15 00:56:46,448 - fed_utils - INFO - load key [conv2.weight].length : 2400, cost time : 0m:0s:0ms
2024-11-15 00:56:46,448 - fed_utils - INFO - load key [conv2.bias].length : 16, cost time : 0m:0s:0ms
2024-11-15 00:56:46,449 - fed_utils - INFO - load key [fc1.weight].length : 48000, cost time : 0m:0s:0ms
2024-11-15 00:56:46,449 - fed_utils - INFO - load key [fc1.bias].length : 120, cost time : 0m:0s:0ms
2024-11-15 00:56:46,450 - fed_utils - INFO - load key [fc2.weight].length : 10080, cost time : 0m:0s:0ms
2024-11-15 00:56:46,450 - fed_utils - INFO - load key [fc2.bias].length : 84, cost time : 0m:0s:0ms
2024-11-15 00:56:53,207 - fed_utils - INFO - encrypting key [fc3.weight].length : 840, cost time : 0m:6s:756ms
2024-11-15 00:56:53,286 - fed_utils - INFO - encrypting key [fc3.bias].length : 10, cost time : 0m:0s:79ms
2024-11-15 00:56:53,286 - fl_main - INFO - Server receive client_dict[f_00004] info ...
2024-11-15 00:56:53,286 - fl_main - INFO - ----- client id [f_00005] -----
2024-11-15 00:56:53,287 - client_base - INFO - recover model cost time : 0m:0s:0ms
2024-11-15 00:56:53,287 - fl_main - INFO - client_dict[f_00005] training ...
2024-11-15 00:56:53,288 - client_base - INFO - client_dict[f_00005] training epoch : 0
2024-11-15 00:56:53,792 - client_base - INFO - local model train cost time : 0m:0s:504ms
2024-11-15 00:56:53,794 - client_base - INFO - model encode time : 0m:0s:1ms
2024-11-15 00:56:53,795 - fl_main - INFO - client_dict[f_00005] local model encrypting ...
2024-11-15 00:56:54,981 - fed_utils - INFO - encrypting key [conv1.weight].length : 150, cost time : 0m:1s:186ms
2024-11-15 00:56:55,029 - fed_utils - INFO - encrypting key [conv1.bias].length : 6, cost time : 0m:0s:48ms
2024-11-15 00:56:55,029 - fed_utils - INFO - load key [conv2.weight].length : 2400, cost time : 0m:0s:0ms
2024-11-15 00:56:55,030 - fed_utils - INFO - load key [conv2.bias].length : 16, cost time : 0m:0s:0ms
2024-11-15 00:56:55,031 - fed_utils - INFO - load key [fc1.weight].length : 48000, cost time : 0m:0s:0ms
2024-11-15 00:56:55,031 - fed_utils - INFO - load key [fc1.bias].length : 120, cost time : 0m:0s:0ms
2024-11-15 00:56:55,031 - fed_utils - INFO - load key [fc2.weight].length : 10080, cost time : 0m:0s:0ms
2024-11-15 00:56:55,031 - fed_utils - INFO - load key [fc2.bias].length : 84, cost time : 0m:0s:0ms
2024-11-15 00:57:01,672 - fed_utils - INFO - encrypting key [fc3.weight].length : 840, cost time : 0m:6s:641ms
2024-11-15 00:57:01,752 - fed_utils - INFO - encrypting key [fc3.bias].length : 10, cost time : 0m:0s:79ms
2024-11-15 00:57:01,752 - fl_main - INFO - Server receive client_dict[f_00005] info ...
2024-11-15 00:57:01,752 - fl_main - INFO - ----- client id [f_00006] -----
2024-11-15 00:57:01,753 - client_base - INFO - recover model cost time : 0m:0s:0ms
2024-11-15 00:57:01,753 - fl_main - INFO - client_dict[f_00006] training ...
2024-11-15 00:57:01,754 - client_base - INFO - client_dict[f_00006] training epoch : 0
2024-11-15 00:57:02,267 - client_base - INFO - local model train cost time : 0m:0s:513ms
2024-11-15 00:57:02,269 - client_base - INFO - model encode time : 0m:0s:1ms
2024-11-15 00:57:02,269 - fl_main - INFO - client_dict[f_00006] local model encrypting ...
2024-11-15 00:57:03,453 - fed_utils - INFO - encrypting key [conv1.weight].length : 150, cost time : 0m:1s:183ms
2024-11-15 00:57:03,501 - fed_utils - INFO - encrypting key [conv1.bias].length : 6, cost time : 0m:0s:48ms
2024-11-15 00:57:03,501 - fed_utils - INFO - load key [conv2.weight].length : 2400, cost time : 0m:0s:0ms
2024-11-15 00:57:03,501 - fed_utils - INFO - load key [conv2.bias].length : 16, cost time : 0m:0s:0ms
2024-11-15 00:57:03,502 - fed_utils - INFO - load key [fc1.weight].length : 48000, cost time : 0m:0s:0ms
2024-11-15 00:57:03,502 - fed_utils - INFO - load key [fc1.bias].length : 120, cost time : 0m:0s:0ms
2024-11-15 00:57:03,502 - fed_utils - INFO - load key [fc2.weight].length : 10080, cost time : 0m:0s:0ms
2024-11-15 00:57:03,502 - fed_utils - INFO - load key [fc2.bias].length : 84, cost time : 0m:0s:0ms
2024-11-15 00:57:10,246 - fed_utils - INFO - encrypting key [fc3.weight].length : 840, cost time : 0m:6s:743ms
2024-11-15 00:57:10,325 - fed_utils - INFO - encrypting key [fc3.bias].length : 10, cost time : 0m:0s:79ms
2024-11-15 00:57:10,325 - fl_main - INFO - Server receive client_dict[f_00006] info ...
2024-11-15 00:57:10,325 - fl_main - INFO - ----- client id [f_00007] -----
2024-11-15 00:57:10,327 - client_base - INFO - recover model cost time : 0m:0s:0ms
2024-11-15 00:57:10,327 - fl_main - INFO - client_dict[f_00007] training ...
2024-11-15 00:57:10,327 - client_base - INFO - client_dict[f_00007] training epoch : 0
2024-11-15 00:57:10,843 - client_base - INFO - local model train cost time : 0m:0s:515ms
2024-11-15 00:57:10,844 - client_base - INFO - model encode time : 0m:0s:1ms
2024-11-15 00:57:10,844 - fl_main - INFO - client_dict[f_00007] local model encrypting ...
2024-11-15 00:57:12,027 - fed_utils - INFO - encrypting key [conv1.weight].length : 150, cost time : 0m:1s:182ms
2024-11-15 00:57:12,075 - fed_utils - INFO - encrypting key [conv1.bias].length : 6, cost time : 0m:0s:47ms
2024-11-15 00:57:12,075 - fed_utils - INFO - load key [conv2.weight].length : 2400, cost time : 0m:0s:0ms
2024-11-15 00:57:12,075 - fed_utils - INFO - load key [conv2.bias].length : 16, cost time : 0m:0s:0ms
2024-11-15 00:57:12,076 - fed_utils - INFO - load key [fc1.weight].length : 48000, cost time : 0m:0s:0ms
2024-11-15 00:57:12,077 - fed_utils - INFO - load key [fc1.bias].length : 120, cost time : 0m:0s:0ms
2024-11-15 00:57:12,077 - fed_utils - INFO - load key [fc2.weight].length : 10080, cost time : 0m:0s:0ms
2024-11-15 00:57:12,077 - fed_utils - INFO - load key [fc2.bias].length : 84, cost time : 0m:0s:0ms
2024-11-15 00:57:18,703 - fed_utils - INFO - encrypting key [fc3.weight].length : 840, cost time : 0m:6s:625ms
2024-11-15 00:57:18,782 - fed_utils - INFO - encrypting key [fc3.bias].length : 10, cost time : 0m:0s:79ms
2024-11-15 00:57:18,782 - fl_main - INFO - Server receive client_dict[f_00007] info ...
2024-11-15 00:57:18,782 - fl_main - INFO - ----- client id [f_00008] -----
2024-11-15 00:57:18,783 - client_base - INFO - recover model cost time : 0m:0s:0ms
2024-11-15 00:57:18,783 - fl_main - INFO - client_dict[f_00008] training ...
2024-11-15 00:57:18,784 - client_base - INFO - client_dict[f_00008] training epoch : 0
2024-11-15 00:57:19,280 - client_base - INFO - local model train cost time : 0m:0s:495ms
2024-11-15 00:57:19,281 - client_base - INFO - model encode time : 0m:0s:1ms
2024-11-15 00:57:19,281 - fl_main - INFO - client_dict[f_00008] local model encrypting ...
2024-11-15 00:57:20,640 - fed_utils - INFO - encrypting key [conv1.weight].length : 150, cost time : 0m:1s:358ms
2024-11-15 00:57:20,687 - fed_utils - INFO - encrypting key [conv1.bias].length : 6, cost time : 0m:0s:47ms
2024-11-15 00:57:20,688 - fed_utils - INFO - load key [conv2.weight].length : 2400, cost time : 0m:0s:0ms
2024-11-15 00:57:20,688 - fed_utils - INFO - load key [conv2.bias].length : 16, cost time : 0m:0s:0ms
2024-11-15 00:57:20,689 - fed_utils - INFO - load key [fc1.weight].length : 48000, cost time : 0m:0s:0ms
2024-11-15 00:57:20,689 - fed_utils - INFO - load key [fc1.bias].length : 120, cost time : 0m:0s:0ms
2024-11-15 00:57:20,689 - fed_utils - INFO - load key [fc2.weight].length : 10080, cost time : 0m:0s:0ms
2024-11-15 00:57:20,689 - fed_utils - INFO - load key [fc2.bias].length : 84, cost time : 0m:0s:0ms
2024-11-15 00:57:27,317 - fed_utils - INFO - encrypting key [fc3.weight].length : 840, cost time : 0m:6s:627ms
2024-11-15 00:57:27,397 - fed_utils - INFO - encrypting key [fc3.bias].length : 10, cost time : 0m:0s:79ms
2024-11-15 00:57:27,397 - fl_main - INFO - Server receive client_dict[f_00008] info ...
2024-11-15 00:57:27,397 - fl_main - INFO - ----- client id [f_00009] -----
2024-11-15 00:57:27,398 - client_base - INFO - recover model cost time : 0m:0s:0ms
2024-11-15 00:57:27,398 - fl_main - INFO - client_dict[f_00009] training ...
2024-11-15 00:57:27,399 - client_base - INFO - client_dict[f_00009] training epoch : 0
2024-11-15 00:57:27,895 - client_base - INFO - local model train cost time : 0m:0s:496ms
2024-11-15 00:57:27,896 - client_base - INFO - model encode time : 0m:0s:1ms
2024-11-15 00:57:27,897 - fl_main - INFO - client_dict[f_00009] local model encrypting ...
2024-11-15 00:57:29,080 - fed_utils - INFO - encrypting key [conv1.weight].length : 150, cost time : 0m:1s:183ms
2024-11-15 00:57:29,128 - fed_utils - INFO - encrypting key [conv1.bias].length : 6, cost time : 0m:0s:48ms
2024-11-15 00:57:29,128 - fed_utils - INFO - load key [conv2.weight].length : 2400, cost time : 0m:0s:0ms
2024-11-15 00:57:29,128 - fed_utils - INFO - load key [conv2.bias].length : 16, cost time : 0m:0s:0ms
2024-11-15 00:57:29,129 - fed_utils - INFO - load key [fc1.weight].length : 48000, cost time : 0m:0s:0ms
2024-11-15 00:57:29,129 - fed_utils - INFO - load key [fc1.bias].length : 120, cost time : 0m:0s:0ms
2024-11-15 00:57:29,129 - fed_utils - INFO - load key [fc2.weight].length : 10080, cost time : 0m:0s:0ms
2024-11-15 00:57:29,130 - fed_utils - INFO - load key [fc2.bias].length : 84, cost time : 0m:0s:0ms
2024-11-15 00:57:35,897 - fed_utils - INFO - encrypting key [fc3.weight].length : 840, cost time : 0m:6s:767ms
2024-11-15 00:57:35,976 - fed_utils - INFO - encrypting key [fc3.bias].length : 10, cost time : 0m:0s:79ms
2024-11-15 00:57:35,976 - fl_main - INFO - Server receive client_dict[f_00009] info ...
2024-11-15 00:57:35,977 - fl_main - INFO - global aggregation process ...
2024-11-15 00:57:35,977 - fed_utils - INFO - server.n_data : 60000
2024-11-15 00:57:35,977 - fed_utils - INFO - client_dict[f_00000].weight : 0.100000
2024-11-15 00:57:35,977 - fed_utils - INFO - client_dict[f_00001].weight : 0.100000
2024-11-15 00:57:35,977 - fed_utils - INFO - client_dict[f_00002].weight : 0.100000
2024-11-15 00:57:35,977 - fed_utils - INFO - client_dict[f_00003].weight : 0.100000
2024-11-15 00:57:35,977 - fed_utils - INFO - client_dict[f_00004].weight : 0.100000
2024-11-15 00:57:35,977 - fed_utils - INFO - client_dict[f_00005].weight : 0.100000
2024-11-15 00:57:35,977 - fed_utils - INFO - client_dict[f_00006].weight : 0.100000
2024-11-15 00:57:35,977 - fed_utils - INFO - client_dict[f_00007].weight : 0.100000
2024-11-15 00:57:35,977 - fed_utils - INFO - client_dict[f_00008].weight : 0.100000
2024-11-15 00:57:35,978 - fed_utils - INFO - client_dict[f_00009].weight : 0.100000
2024-11-15 00:57:35,978 - fed_utils - INFO - recover secret number by clients: 361.200000
2024-11-15 00:57:35,978 - server_base - INFO - Server aggregate model with homomorphic encryption ...
2024-11-15 00:57:39,068 - server_base - INFO - Server aggregate model done, cost time : 0m:3s:90ms
2024-11-15 00:57:39,408 - fed_utils - INFO - decrypting key [conv1.weight].shape [torch.Size([6, 1, 5, 5])]
2024-11-15 00:57:39,421 - fed_utils - INFO - decrypting key [conv1.bias].shape [torch.Size([6])]
2024-11-15 00:57:39,421 - fed_utils - INFO - decrypting key [conv2.weight].shape [torch.Size([16, 6, 5, 5])]
2024-11-15 00:57:39,421 - fed_utils - INFO - decrypting key [conv2.bias].shape [torch.Size([16])]
2024-11-15 00:57:39,422 - fed_utils - INFO - decrypting key [fc1.weight].shape [torch.Size([120, 400])]
2024-11-15 00:57:39,422 - fed_utils - INFO - decrypting key [fc1.bias].shape [torch.Size([120])]
2024-11-15 00:57:39,422 - fed_utils - INFO - decrypting key [fc2.weight].shape [torch.Size([84, 120])]
2024-11-15 00:57:39,422 - fed_utils - INFO - decrypting key [fc2.bias].shape [torch.Size([84])]
2024-11-15 00:57:41,323 - fed_utils - INFO - decrypting key [fc3.weight].shape [torch.Size([10, 84])]
2024-11-15 00:57:41,345 - fed_utils - INFO - decrypting key [fc3.bias].shape [torch.Size([10])]
2024-11-15 00:57:41,345 - fed_utils - INFO - decrypt time : [0m:2s:277ms]
2024-11-15 00:57:41,351 - fl_main - INFO - [global round : 16] aggregated model accuracy : 0.9564
2024-11-15 00:57:41,351 - fl_main - INFO - [global round : 16] aggregated model loss : 0.18372138724459686
2024-11-15 00:57:41,351 - fl_main - INFO - global round : 17
2024-11-15 00:57:41,352 - fl_main - INFO - the random client id to test accuracy : f_00003
2024-11-15 00:57:41,352 - fl_main - INFO - ----- client id [f_00000] -----
2024-11-15 00:57:41,353 - client_base - INFO - recover model cost time : 0m:0s:0ms
2024-11-15 00:57:41,353 - fl_main - INFO - client_dict[f_00000] training ...
2024-11-15 00:57:41,354 - client_base - INFO - client_dict[f_00000] training epoch : 0
2024-11-15 00:57:41,863 - client_base - INFO - local model train cost time : 0m:0s:509ms
2024-11-15 00:57:41,864 - client_base - INFO - model encode time : 0m:0s:1ms
2024-11-15 00:57:41,864 - fl_main - INFO - client_dict[f_00000] local model encrypting ...
2024-11-15 00:57:43,048 - fed_utils - INFO - encrypting key [conv1.weight].length : 150, cost time : 0m:1s:183ms
2024-11-15 00:57:43,095 - fed_utils - INFO - encrypting key [conv1.bias].length : 6, cost time : 0m:0s:47ms
2024-11-15 00:57:43,096 - fed_utils - INFO - load key [conv2.weight].length : 2400, cost time : 0m:0s:0ms
2024-11-15 00:57:43,096 - fed_utils - INFO - load key [conv2.bias].length : 16, cost time : 0m:0s:0ms
2024-11-15 00:57:43,097 - fed_utils - INFO - load key [fc1.weight].length : 48000, cost time : 0m:0s:0ms
2024-11-15 00:57:43,097 - fed_utils - INFO - load key [fc1.bias].length : 120, cost time : 0m:0s:0ms
2024-11-15 00:57:43,097 - fed_utils - INFO - load key [fc2.weight].length : 10080, cost time : 0m:0s:0ms
2024-11-15 00:57:43,097 - fed_utils - INFO - load key [fc2.bias].length : 84, cost time : 0m:0s:0ms
2024-11-15 00:57:49,721 - fed_utils - INFO - encrypting key [fc3.weight].length : 840, cost time : 0m:6s:623ms
2024-11-15 00:57:49,800 - fed_utils - INFO - encrypting key [fc3.bias].length : 10, cost time : 0m:0s:79ms
2024-11-15 00:57:49,801 - fl_main - INFO - Server receive client_dict[f_00000] info ...
2024-11-15 00:57:49,801 - fl_main - INFO - ----- client id [f_00001] -----
2024-11-15 00:57:49,803 - client_base - INFO - recover model cost time : 0m:0s:0ms
2024-11-15 00:57:49,803 - fl_main - INFO - client_dict[f_00001] training ...
2024-11-15 00:57:49,803 - client_base - INFO - client_dict[f_00001] training epoch : 0
2024-11-15 00:57:50,361 - client_base - INFO - local model train cost time : 0m:0s:557ms
2024-11-15 00:57:50,363 - client_base - INFO - model encode time : 0m:0s:2ms
2024-11-15 00:57:50,364 - fl_main - INFO - client_dict[f_00001] local model encrypting ...
2024-11-15 00:57:51,627 - fed_utils - INFO - encrypting key [conv1.weight].length : 150, cost time : 0m:1s:263ms
2024-11-15 00:57:51,675 - fed_utils - INFO - encrypting key [conv1.bias].length : 6, cost time : 0m:0s:47ms
2024-11-15 00:57:51,675 - fed_utils - INFO - load key [conv2.weight].length : 2400, cost time : 0m:0s:0ms
2024-11-15 00:57:51,675 - fed_utils - INFO - load key [conv2.bias].length : 16, cost time : 0m:0s:0ms
2024-11-15 00:57:51,676 - fed_utils - INFO - load key [fc1.weight].length : 48000, cost time : 0m:0s:0ms
2024-11-15 00:57:51,676 - fed_utils - INFO - load key [fc1.bias].length : 120, cost time : 0m:0s:0ms
2024-11-15 00:57:51,676 - fed_utils - INFO - load key [fc2.weight].length : 10080, cost time : 0m:0s:0ms
2024-11-15 00:57:51,676 - fed_utils - INFO - load key [fc2.bias].length : 84, cost time : 0m:0s:0ms
2024-11-15 00:57:58,307 - fed_utils - INFO - encrypting key [fc3.weight].length : 840, cost time : 0m:6s:630ms
2024-11-15 00:57:58,386 - fed_utils - INFO - encrypting key [fc3.bias].length : 10, cost time : 0m:0s:79ms
2024-11-15 00:57:58,386 - fl_main - INFO - Server receive client_dict[f_00001] info ...
2024-11-15 00:57:58,386 - fl_main - INFO - ----- client id [f_00002] -----
2024-11-15 00:57:58,387 - client_base - INFO - recover model cost time : 0m:0s:0ms
2024-11-15 00:57:58,387 - fl_main - INFO - client_dict[f_00002] training ...
2024-11-15 00:57:58,388 - client_base - INFO - client_dict[f_00002] training epoch : 0
2024-11-15 00:57:58,895 - client_base - INFO - local model train cost time : 0m:0s:507ms
2024-11-15 00:57:58,897 - client_base - INFO - model encode time : 0m:0s:1ms
2024-11-15 00:57:58,897 - fl_main - INFO - client_dict[f_00002] local model encrypting ...
2024-11-15 00:58:00,082 - fed_utils - INFO - encrypting key [conv1.weight].length : 150, cost time : 0m:1s:184ms
2024-11-15 00:58:00,129 - fed_utils - INFO - encrypting key [conv1.bias].length : 6, cost time : 0m:0s:47ms
2024-11-15 00:58:00,130 - fed_utils - INFO - load key [conv2.weight].length : 2400, cost time : 0m:0s:0ms
2024-11-15 00:58:00,130 - fed_utils - INFO - load key [conv2.bias].length : 16, cost time : 0m:0s:0ms
2024-11-15 00:58:00,131 - fed_utils - INFO - load key [fc1.weight].length : 48000, cost time : 0m:0s:0ms
2024-11-15 00:58:00,131 - fed_utils - INFO - load key [fc1.bias].length : 120, cost time : 0m:0s:0ms
2024-11-15 00:58:00,131 - fed_utils - INFO - load key [fc2.weight].length : 10080, cost time : 0m:0s:0ms
2024-11-15 00:58:00,131 - fed_utils - INFO - load key [fc2.bias].length : 84, cost time : 0m:0s:0ms
2024-11-15 00:58:06,884 - fed_utils - INFO - encrypting key [fc3.weight].length : 840, cost time : 0m:6s:753ms
2024-11-15 00:58:06,964 - fed_utils - INFO - encrypting key [fc3.bias].length : 10, cost time : 0m:0s:79ms
2024-11-15 00:58:06,964 - fl_main - INFO - Server receive client_dict[f_00002] info ...
2024-11-15 00:58:06,964 - fl_main - INFO - ----- client id [f_00003] -----
2024-11-15 00:58:06,965 - client_base - INFO - recover model cost time : 0m:0s:0ms
2024-11-15 00:58:07,784 - fl_main - INFO - global round [17] client_dict[f_00003].accuracy : 0.956700
2024-11-15 00:58:07,784 - fl_main - INFO - client_dict[f_00003] training ...
2024-11-15 00:58:07,785 - client_base - INFO - client_dict[f_00003] training epoch : 0
2024-11-15 00:58:08,276 - client_base - INFO - local model train cost time : 0m:0s:491ms
2024-11-15 00:58:08,278 - client_base - INFO - model encode time : 0m:0s:1ms
2024-11-15 00:58:08,278 - fl_main - INFO - client_dict[f_00003] local model encrypting ...
2024-11-15 00:58:09,462 - fed_utils - INFO - encrypting key [conv1.weight].length : 150, cost time : 0m:1s:183ms
2024-11-15 00:58:09,510 - fed_utils - INFO - encrypting key [conv1.bias].length : 6, cost time : 0m:0s:48ms
2024-11-15 00:58:09,510 - fed_utils - INFO - load key [conv2.weight].length : 2400, cost time : 0m:0s:0ms
2024-11-15 00:58:09,510 - fed_utils - INFO - load key [conv2.bias].length : 16, cost time : 0m:0s:0ms
2024-11-15 00:58:09,511 - fed_utils - INFO - load key [fc1.weight].length : 48000, cost time : 0m:0s:0ms
2024-11-15 00:58:09,511 - fed_utils - INFO - load key [fc1.bias].length : 120, cost time : 0m:0s:0ms
2024-11-15 00:58:09,512 - fed_utils - INFO - load key [fc2.weight].length : 10080, cost time : 0m:0s:0ms
2024-11-15 00:58:09,512 - fed_utils - INFO - load key [fc2.bias].length : 84, cost time : 0m:0s:0ms
2024-11-15 00:58:16,133 - fed_utils - INFO - encrypting key [fc3.weight].length : 840, cost time : 0m:6s:621ms
2024-11-15 00:58:16,213 - fed_utils - INFO - encrypting key [fc3.bias].length : 10, cost time : 0m:0s:79ms
2024-11-15 00:58:16,213 - fl_main - INFO - Server receive client_dict[f_00003] info ...
2024-11-15 00:58:16,213 - fl_main - INFO - ----- client id [f_00004] -----
2024-11-15 00:58:16,214 - client_base - INFO - recover model cost time : 0m:0s:0ms
2024-11-15 00:58:16,214 - fl_main - INFO - client_dict[f_00004] training ...
2024-11-15 00:58:16,215 - client_base - INFO - client_dict[f_00004] training epoch : 0
2024-11-15 00:58:16,725 - client_base - INFO - local model train cost time : 0m:0s:509ms
2024-11-15 00:58:16,726 - client_base - INFO - model encode time : 0m:0s:1ms
2024-11-15 00:58:16,726 - fl_main - INFO - client_dict[f_00004] local model encrypting ...
2024-11-15 00:58:17,913 - fed_utils - INFO - encrypting key [conv1.weight].length : 150, cost time : 0m:1s:186ms
2024-11-15 00:58:17,961 - fed_utils - INFO - encrypting key [conv1.bias].length : 6, cost time : 0m:0s:48ms
2024-11-15 00:58:17,961 - fed_utils - INFO - load key [conv2.weight].length : 2400, cost time : 0m:0s:0ms
2024-11-15 00:58:17,961 - fed_utils - INFO - load key [conv2.bias].length : 16, cost time : 0m:0s:0ms
2024-11-15 00:58:17,962 - fed_utils - INFO - load key [fc1.weight].length : 48000, cost time : 0m:0s:0ms
2024-11-15 00:58:17,962 - fed_utils - INFO - load key [fc1.bias].length : 120, cost time : 0m:0s:0ms
2024-11-15 00:58:17,963 - fed_utils - INFO - load key [fc2.weight].length : 10080, cost time : 0m:0s:0ms
2024-11-15 00:58:17,963 - fed_utils - INFO - load key [fc2.bias].length : 84, cost time : 0m:0s:0ms
2024-11-15 00:58:24,747 - fed_utils - INFO - encrypting key [fc3.weight].length : 840, cost time : 0m:6s:784ms
2024-11-15 00:58:24,826 - fed_utils - INFO - encrypting key [fc3.bias].length : 10, cost time : 0m:0s:79ms
2024-11-15 00:58:24,826 - fl_main - INFO - Server receive client_dict[f_00004] info ...
2024-11-15 00:58:24,827 - fl_main - INFO - ----- client id [f_00005] -----
2024-11-15 00:58:24,828 - client_base - INFO - recover model cost time : 0m:0s:0ms
2024-11-15 00:58:24,828 - fl_main - INFO - client_dict[f_00005] training ...
2024-11-15 00:58:24,829 - client_base - INFO - client_dict[f_00005] training epoch : 0
2024-11-15 00:58:25,322 - client_base - INFO - local model train cost time : 0m:0s:493ms
2024-11-15 00:58:25,324 - client_base - INFO - model encode time : 0m:0s:1ms
2024-11-15 00:58:25,324 - fl_main - INFO - client_dict[f_00005] local model encrypting ...
2024-11-15 00:58:26,507 - fed_utils - INFO - encrypting key [conv1.weight].length : 150, cost time : 0m:1s:182ms
2024-11-15 00:58:26,555 - fed_utils - INFO - encrypting key [conv1.bias].length : 6, cost time : 0m:0s:47ms
2024-11-15 00:58:26,555 - fed_utils - INFO - load key [conv2.weight].length : 2400, cost time : 0m:0s:0ms
2024-11-15 00:58:26,555 - fed_utils - INFO - load key [conv2.bias].length : 16, cost time : 0m:0s:0ms
2024-11-15 00:58:26,556 - fed_utils - INFO - load key [fc1.weight].length : 48000, cost time : 0m:0s:0ms
2024-11-15 00:58:26,556 - fed_utils - INFO - load key [fc1.bias].length : 120, cost time : 0m:0s:0ms
2024-11-15 00:58:26,556 - fed_utils - INFO - load key [fc2.weight].length : 10080, cost time : 0m:0s:0ms
2024-11-15 00:58:26,556 - fed_utils - INFO - load key [fc2.bias].length : 84, cost time : 0m:0s:0ms
2024-11-15 00:58:33,178 - fed_utils - INFO - encrypting key [fc3.weight].length : 840, cost time : 0m:6s:621ms
2024-11-15 00:58:33,257 - fed_utils - INFO - encrypting key [fc3.bias].length : 10, cost time : 0m:0s:79ms
2024-11-15 00:58:33,257 - fl_main - INFO - Server receive client_dict[f_00005] info ...
2024-11-15 00:58:33,258 - fl_main - INFO - ----- client id [f_00006] -----
2024-11-15 00:58:33,259 - client_base - INFO - recover model cost time : 0m:0s:0ms
2024-11-15 00:58:33,259 - fl_main - INFO - client_dict[f_00006] training ...
2024-11-15 00:58:33,260 - client_base - INFO - client_dict[f_00006] training epoch : 0
2024-11-15 00:58:33,802 - client_base - INFO - local model train cost time : 0m:0s:542ms
2024-11-15 00:58:33,803 - client_base - INFO - model encode time : 0m:0s:1ms
2024-11-15 00:58:33,803 - fl_main - INFO - client_dict[f_00006] local model encrypting ...
2024-11-15 00:58:34,987 - fed_utils - INFO - encrypting key [conv1.weight].length : 150, cost time : 0m:1s:183ms
2024-11-15 00:58:35,034 - fed_utils - INFO - encrypting key [conv1.bias].length : 6, cost time : 0m:0s:47ms
2024-11-15 00:58:35,035 - fed_utils - INFO - load key [conv2.weight].length : 2400, cost time : 0m:0s:0ms
2024-11-15 00:58:35,035 - fed_utils - INFO - load key [conv2.bias].length : 16, cost time : 0m:0s:0ms
2024-11-15 00:58:35,036 - fed_utils - INFO - load key [fc1.weight].length : 48000, cost time : 0m:0s:0ms
2024-11-15 00:58:35,036 - fed_utils - INFO - load key [fc1.bias].length : 120, cost time : 0m:0s:0ms
2024-11-15 00:58:35,036 - fed_utils - INFO - load key [fc2.weight].length : 10080, cost time : 0m:0s:0ms
2024-11-15 00:58:35,036 - fed_utils - INFO - load key [fc2.bias].length : 84, cost time : 0m:0s:0ms
2024-11-15 00:58:41,791 - fed_utils - INFO - encrypting key [fc3.weight].length : 840, cost time : 0m:6s:754ms
2024-11-15 00:58:41,870 - fed_utils - INFO - encrypting key [fc3.bias].length : 10, cost time : 0m:0s:79ms
2024-11-15 00:58:41,870 - fl_main - INFO - Server receive client_dict[f_00006] info ...
2024-11-15 00:58:41,870 - fl_main - INFO - ----- client id [f_00007] -----
2024-11-15 00:58:41,871 - client_base - INFO - recover model cost time : 0m:0s:0ms
2024-11-15 00:58:41,872 - fl_main - INFO - client_dict[f_00007] training ...
2024-11-15 00:58:41,872 - client_base - INFO - client_dict[f_00007] training epoch : 0
2024-11-15 00:58:42,392 - client_base - INFO - local model train cost time : 0m:0s:520ms
2024-11-15 00:58:42,394 - client_base - INFO - model encode time : 0m:0s:1ms
2024-11-15 00:58:42,394 - fl_main - INFO - client_dict[f_00007] local model encrypting ...
2024-11-15 00:58:43,576 - fed_utils - INFO - encrypting key [conv1.weight].length : 150, cost time : 0m:1s:182ms
2024-11-15 00:58:43,624 - fed_utils - INFO - encrypting key [conv1.bias].length : 6, cost time : 0m:0s:47ms
2024-11-15 00:58:43,624 - fed_utils - INFO - load key [conv2.weight].length : 2400, cost time : 0m:0s:0ms
2024-11-15 00:58:43,624 - fed_utils - INFO - load key [conv2.bias].length : 16, cost time : 0m:0s:0ms
2024-11-15 00:58:43,625 - fed_utils - INFO - load key [fc1.weight].length : 48000, cost time : 0m:0s:0ms
2024-11-15 00:58:43,625 - fed_utils - INFO - load key [fc1.bias].length : 120, cost time : 0m:0s:0ms
2024-11-15 00:58:43,626 - fed_utils - INFO - load key [fc2.weight].length : 10080, cost time : 0m:0s:0ms
2024-11-15 00:58:43,626 - fed_utils - INFO - load key [fc2.bias].length : 84, cost time : 0m:0s:0ms
2024-11-15 00:58:50,292 - fed_utils - INFO - encrypting key [fc3.weight].length : 840, cost time : 0m:6s:665ms
2024-11-15 00:58:50,424 - fed_utils - INFO - encrypting key [fc3.bias].length : 10, cost time : 0m:0s:131ms
2024-11-15 00:58:50,424 - fl_main - INFO - Server receive client_dict[f_00007] info ...
2024-11-15 00:58:50,424 - fl_main - INFO - ----- client id [f_00008] -----
2024-11-15 00:58:50,428 - client_base - INFO - recover model cost time : 0m:0s:0ms
2024-11-15 00:58:50,428 - fl_main - INFO - client_dict[f_00008] training ...
2024-11-15 00:58:50,429 - client_base - INFO - client_dict[f_00008] training epoch : 0
2024-11-15 00:58:50,987 - client_base - INFO - local model train cost time : 0m:0s:558ms
2024-11-15 00:58:50,989 - client_base - INFO - model encode time : 0m:0s:1ms
2024-11-15 00:58:50,989 - fl_main - INFO - client_dict[f_00008] local model encrypting ...
2024-11-15 00:58:52,173 - fed_utils - INFO - encrypting key [conv1.weight].length : 150, cost time : 0m:1s:183ms
2024-11-15 00:58:52,221 - fed_utils - INFO - encrypting key [conv1.bias].length : 6, cost time : 0m:0s:48ms
2024-11-15 00:58:52,221 - fed_utils - INFO - load key [conv2.weight].length : 2400, cost time : 0m:0s:0ms
2024-11-15 00:58:52,221 - fed_utils - INFO - load key [conv2.bias].length : 16, cost time : 0m:0s:0ms
2024-11-15 00:58:52,222 - fed_utils - INFO - load key [fc1.weight].length : 48000, cost time : 0m:0s:0ms
2024-11-15 00:58:52,222 - fed_utils - INFO - load key [fc1.bias].length : 120, cost time : 0m:0s:0ms
2024-11-15 00:58:52,223 - fed_utils - INFO - load key [fc2.weight].length : 10080, cost time : 0m:0s:0ms
2024-11-15 00:58:52,223 - fed_utils - INFO - load key [fc2.bias].length : 84, cost time : 0m:0s:0ms
2024-11-15 00:58:58,847 - fed_utils - INFO - encrypting key [fc3.weight].length : 840, cost time : 0m:6s:624ms
2024-11-15 00:58:58,926 - fed_utils - INFO - encrypting key [fc3.bias].length : 10, cost time : 0m:0s:79ms
2024-11-15 00:58:58,927 - fl_main - INFO - Server receive client_dict[f_00008] info ...
2024-11-15 00:58:58,927 - fl_main - INFO - ----- client id [f_00009] -----
2024-11-15 00:58:58,928 - client_base - INFO - recover model cost time : 0m:0s:0ms
2024-11-15 00:58:58,928 - fl_main - INFO - client_dict[f_00009] training ...
2024-11-15 00:58:58,929 - client_base - INFO - client_dict[f_00009] training epoch : 0
2024-11-15 00:58:59,438 - client_base - INFO - local model train cost time : 0m:0s:509ms
2024-11-15 00:58:59,439 - client_base - INFO - model encode time : 0m:0s:1ms
2024-11-15 00:58:59,439 - fl_main - INFO - client_dict[f_00009] local model encrypting ...
2024-11-15 00:59:00,627 - fed_utils - INFO - encrypting key [conv1.weight].length : 150, cost time : 0m:1s:187ms
2024-11-15 00:59:00,675 - fed_utils - INFO - encrypting key [conv1.bias].length : 6, cost time : 0m:0s:48ms
2024-11-15 00:59:00,675 - fed_utils - INFO - load key [conv2.weight].length : 2400, cost time : 0m:0s:0ms
2024-11-15 00:59:00,675 - fed_utils - INFO - load key [conv2.bias].length : 16, cost time : 0m:0s:0ms
2024-11-15 00:59:00,676 - fed_utils - INFO - load key [fc1.weight].length : 48000, cost time : 0m:0s:0ms
2024-11-15 00:59:00,677 - fed_utils - INFO - load key [fc1.bias].length : 120, cost time : 0m:0s:0ms
2024-11-15 00:59:00,677 - fed_utils - INFO - load key [fc2.weight].length : 10080, cost time : 0m:0s:0ms
2024-11-15 00:59:00,677 - fed_utils - INFO - load key [fc2.bias].length : 84, cost time : 0m:0s:0ms
2024-11-15 00:59:07,481 - fed_utils - INFO - encrypting key [fc3.weight].length : 840, cost time : 0m:6s:804ms
2024-11-15 00:59:07,561 - fed_utils - INFO - encrypting key [fc3.bias].length : 10, cost time : 0m:0s:79ms
2024-11-15 00:59:07,561 - fl_main - INFO - Server receive client_dict[f_00009] info ...
2024-11-15 00:59:07,561 - fl_main - INFO - global aggregation process ...
2024-11-15 00:59:07,561 - fed_utils - INFO - server.n_data : 60000
2024-11-15 00:59:07,561 - fed_utils - INFO - client_dict[f_00000].weight : 0.100000
2024-11-15 00:59:07,561 - fed_utils - INFO - client_dict[f_00001].weight : 0.100000
2024-11-15 00:59:07,561 - fed_utils - INFO - client_dict[f_00002].weight : 0.100000
2024-11-15 00:59:07,561 - fed_utils - INFO - client_dict[f_00003].weight : 0.100000
2024-11-15 00:59:07,561 - fed_utils - INFO - client_dict[f_00004].weight : 0.100000
2024-11-15 00:59:07,561 - fed_utils - INFO - client_dict[f_00005].weight : 0.100000
2024-11-15 00:59:07,561 - fed_utils - INFO - client_dict[f_00006].weight : 0.100000
2024-11-15 00:59:07,561 - fed_utils - INFO - client_dict[f_00007].weight : 0.100000
2024-11-15 00:59:07,562 - fed_utils - INFO - client_dict[f_00008].weight : 0.100000
2024-11-15 00:59:07,562 - fed_utils - INFO - client_dict[f_00009].weight : 0.100000
2024-11-15 00:59:07,562 - fed_utils - INFO - recover secret number by clients: 361.200000
2024-11-15 00:59:07,562 - server_base - INFO - Server aggregate model with homomorphic encryption ...
2024-11-15 00:59:10,621 - server_base - INFO - Server aggregate model done, cost time : 0m:3s:58ms
2024-11-15 00:59:10,960 - fed_utils - INFO - decrypting key [conv1.weight].shape [torch.Size([6, 1, 5, 5])]
2024-11-15 00:59:10,974 - fed_utils - INFO - decrypting key [conv1.bias].shape [torch.Size([6])]
2024-11-15 00:59:10,974 - fed_utils - INFO - decrypting key [conv2.weight].shape [torch.Size([16, 6, 5, 5])]
2024-11-15 00:59:10,974 - fed_utils - INFO - decrypting key [conv2.bias].shape [torch.Size([16])]
2024-11-15 00:59:10,974 - fed_utils - INFO - decrypting key [fc1.weight].shape [torch.Size([120, 400])]
2024-11-15 00:59:10,974 - fed_utils - INFO - decrypting key [fc1.bias].shape [torch.Size([120])]
2024-11-15 00:59:10,974 - fed_utils - INFO - decrypting key [fc2.weight].shape [torch.Size([84, 120])]
2024-11-15 00:59:10,974 - fed_utils - INFO - decrypting key [fc2.bias].shape [torch.Size([84])]
2024-11-15 00:59:12,874 - fed_utils - INFO - decrypting key [fc3.weight].shape [torch.Size([10, 84])]
2024-11-15 00:59:12,896 - fed_utils - INFO - decrypting key [fc3.bias].shape [torch.Size([10])]
2024-11-15 00:59:12,897 - fed_utils - INFO - decrypt time : [0m:2s:275ms]
2024-11-15 00:59:12,902 - fl_main - INFO - [global round : 17] aggregated model accuracy : 0.9567
2024-11-15 00:59:12,902 - fl_main - INFO - [global round : 17] aggregated model loss : 0.18914905289774134
2024-11-15 00:59:12,902 - fl_main - INFO - global round : 18
2024-11-15 00:59:12,903 - fl_main - INFO - the random client id to test accuracy : f_00009
2024-11-15 00:59:12,903 - fl_main - INFO - ----- client id [f_00000] -----
2024-11-15 00:59:12,904 - client_base - INFO - recover model cost time : 0m:0s:0ms
2024-11-15 00:59:12,904 - fl_main - INFO - client_dict[f_00000] training ...
2024-11-15 00:59:12,905 - client_base - INFO - client_dict[f_00000] training epoch : 0
2024-11-15 00:59:13,408 - client_base - INFO - local model train cost time : 0m:0s:503ms
2024-11-15 00:59:13,409 - client_base - INFO - model encode time : 0m:0s:1ms
2024-11-15 00:59:13,410 - fl_main - INFO - client_dict[f_00000] local model encrypting ...
2024-11-15 00:59:14,593 - fed_utils - INFO - encrypting key [conv1.weight].length : 150, cost time : 0m:1s:183ms
2024-11-15 00:59:14,641 - fed_utils - INFO - encrypting key [conv1.bias].length : 6, cost time : 0m:0s:48ms
2024-11-15 00:59:14,641 - fed_utils - INFO - load key [conv2.weight].length : 2400, cost time : 0m:0s:0ms
2024-11-15 00:59:14,641 - fed_utils - INFO - load key [conv2.bias].length : 16, cost time : 0m:0s:0ms
2024-11-15 00:59:14,642 - fed_utils - INFO - load key [fc1.weight].length : 48000, cost time : 0m:0s:1ms
2024-11-15 00:59:14,643 - fed_utils - INFO - load key [fc1.bias].length : 120, cost time : 0m:0s:0ms
2024-11-15 00:59:14,643 - fed_utils - INFO - load key [fc2.weight].length : 10080, cost time : 0m:0s:0ms
2024-11-15 00:59:14,643 - fed_utils - INFO - load key [fc2.bias].length : 84, cost time : 0m:0s:0ms
2024-11-15 00:59:21,383 - fed_utils - INFO - encrypting key [fc3.weight].length : 840, cost time : 0m:6s:739ms
2024-11-15 00:59:21,462 - fed_utils - INFO - encrypting key [fc3.bias].length : 10, cost time : 0m:0s:79ms
2024-11-15 00:59:21,463 - fl_main - INFO - Server receive client_dict[f_00000] info ...
2024-11-15 00:59:21,463 - fl_main - INFO - ----- client id [f_00001] -----
2024-11-15 00:59:21,464 - client_base - INFO - recover model cost time : 0m:0s:0ms
2024-11-15 00:59:21,464 - fl_main - INFO - client_dict[f_00001] training ...
2024-11-15 00:59:21,465 - client_base - INFO - client_dict[f_00001] training epoch : 0
2024-11-15 00:59:21,965 - client_base - INFO - local model train cost time : 0m:0s:500ms
2024-11-15 00:59:21,967 - client_base - INFO - model encode time : 0m:0s:1ms
2024-11-15 00:59:21,967 - fl_main - INFO - client_dict[f_00001] local model encrypting ...
2024-11-15 00:59:23,150 - fed_utils - INFO - encrypting key [conv1.weight].length : 150, cost time : 0m:1s:183ms
2024-11-15 00:59:23,198 - fed_utils - INFO - encrypting key [conv1.bias].length : 6, cost time : 0m:0s:47ms
2024-11-15 00:59:23,198 - fed_utils - INFO - load key [conv2.weight].length : 2400, cost time : 0m:0s:0ms
2024-11-15 00:59:23,198 - fed_utils - INFO - load key [conv2.bias].length : 16, cost time : 0m:0s:0ms
2024-11-15 00:59:23,199 - fed_utils - INFO - load key [fc1.weight].length : 48000, cost time : 0m:0s:0ms
2024-11-15 00:59:23,199 - fed_utils - INFO - load key [fc1.bias].length : 120, cost time : 0m:0s:0ms
2024-11-15 00:59:23,200 - fed_utils - INFO - load key [fc2.weight].length : 10080, cost time : 0m:0s:0ms
2024-11-15 00:59:23,200 - fed_utils - INFO - load key [fc2.bias].length : 84, cost time : 0m:0s:0ms
2024-11-15 00:59:29,826 - fed_utils - INFO - encrypting key [fc3.weight].length : 840, cost time : 0m:6s:626ms
2024-11-15 00:59:29,906 - fed_utils - INFO - encrypting key [fc3.bias].length : 10, cost time : 0m:0s:79ms
2024-11-15 00:59:29,906 - fl_main - INFO - Server receive client_dict[f_00001] info ...
2024-11-15 00:59:29,906 - fl_main - INFO - ----- client id [f_00002] -----
2024-11-15 00:59:29,907 - client_base - INFO - recover model cost time : 0m:0s:0ms
2024-11-15 00:59:29,907 - fl_main - INFO - client_dict[f_00002] training ...
2024-11-15 00:59:29,908 - client_base - INFO - client_dict[f_00002] training epoch : 0
2024-11-15 00:59:30,407 - client_base - INFO - local model train cost time : 0m:0s:498ms
2024-11-15 00:59:30,409 - client_base - INFO - model encode time : 0m:0s:1ms
2024-11-15 00:59:30,409 - fl_main - INFO - client_dict[f_00002] local model encrypting ...
2024-11-15 00:59:31,592 - fed_utils - INFO - encrypting key [conv1.weight].length : 150, cost time : 0m:1s:182ms
2024-11-15 00:59:31,639 - fed_utils - INFO - encrypting key [conv1.bias].length : 6, cost time : 0m:0s:47ms
2024-11-15 00:59:31,640 - fed_utils - INFO - load key [conv2.weight].length : 2400, cost time : 0m:0s:0ms
2024-11-15 00:59:31,640 - fed_utils - INFO - load key [conv2.bias].length : 16, cost time : 0m:0s:0ms
2024-11-15 00:59:31,641 - fed_utils - INFO - load key [fc1.weight].length : 48000, cost time : 0m:0s:0ms
2024-11-15 00:59:31,641 - fed_utils - INFO - load key [fc1.bias].length : 120, cost time : 0m:0s:0ms
2024-11-15 00:59:31,641 - fed_utils - INFO - load key [fc2.weight].length : 10080, cost time : 0m:0s:0ms
2024-11-15 00:59:31,641 - fed_utils - INFO - load key [fc2.bias].length : 84, cost time : 0m:0s:0ms
2024-11-15 00:59:38,406 - fed_utils - INFO - encrypting key [fc3.weight].length : 840, cost time : 0m:6s:765ms
2024-11-15 00:59:38,486 - fed_utils - INFO - encrypting key [fc3.bias].length : 10, cost time : 0m:0s:79ms
2024-11-15 00:59:38,486 - fl_main - INFO - Server receive client_dict[f_00002] info ...
2024-11-15 00:59:38,486 - fl_main - INFO - ----- client id [f_00003] -----
2024-11-15 00:59:38,487 - client_base - INFO - recover model cost time : 0m:0s:0ms
2024-11-15 00:59:38,487 - fl_main - INFO - client_dict[f_00003] training ...
2024-11-15 00:59:38,488 - client_base - INFO - client_dict[f_00003] training epoch : 0
2024-11-15 00:59:38,994 - client_base - INFO - local model train cost time : 0m:0s:505ms
2024-11-15 00:59:38,995 - client_base - INFO - model encode time : 0m:0s:1ms
2024-11-15 00:59:38,996 - fl_main - INFO - client_dict[f_00003] local model encrypting ...
2024-11-15 00:59:40,183 - fed_utils - INFO - encrypting key [conv1.weight].length : 150, cost time : 0m:1s:187ms
2024-11-15 00:59:40,231 - fed_utils - INFO - encrypting key [conv1.bias].length : 6, cost time : 0m:0s:48ms
2024-11-15 00:59:40,231 - fed_utils - INFO - load key [conv2.weight].length : 2400, cost time : 0m:0s:0ms
2024-11-15 00:59:40,232 - fed_utils - INFO - load key [conv2.bias].length : 16, cost time : 0m:0s:0ms
2024-11-15 00:59:40,233 - fed_utils - INFO - load key [fc1.weight].length : 48000, cost time : 0m:0s:0ms
2024-11-15 00:59:40,233 - fed_utils - INFO - load key [fc1.bias].length : 120, cost time : 0m:0s:0ms
2024-11-15 00:59:40,233 - fed_utils - INFO - load key [fc2.weight].length : 10080, cost time : 0m:0s:0ms
2024-11-15 00:59:40,233 - fed_utils - INFO - load key [fc2.bias].length : 84, cost time : 0m:0s:0ms
2024-11-15 00:59:46,871 - fed_utils - INFO - encrypting key [fc3.weight].length : 840, cost time : 0m:6s:637ms
2024-11-15 00:59:46,950 - fed_utils - INFO - encrypting key [fc3.bias].length : 10, cost time : 0m:0s:79ms
2024-11-15 00:59:46,950 - fl_main - INFO - Server receive client_dict[f_00003] info ...
2024-11-15 00:59:46,950 - fl_main - INFO - ----- client id [f_00004] -----
2024-11-15 00:59:46,952 - client_base - INFO - recover model cost time : 0m:0s:0ms
2024-11-15 00:59:46,952 - fl_main - INFO - client_dict[f_00004] training ...
2024-11-15 00:59:46,952 - client_base - INFO - client_dict[f_00004] training epoch : 0
2024-11-15 00:59:47,456 - client_base - INFO - local model train cost time : 0m:0s:503ms
2024-11-15 00:59:47,457 - client_base - INFO - model encode time : 0m:0s:1ms
2024-11-15 00:59:47,458 - fl_main - INFO - client_dict[f_00004] local model encrypting ...
2024-11-15 00:59:48,641 - fed_utils - INFO - encrypting key [conv1.weight].length : 150, cost time : 0m:1s:183ms
2024-11-15 00:59:48,689 - fed_utils - INFO - encrypting key [conv1.bias].length : 6, cost time : 0m:0s:48ms
2024-11-15 00:59:48,689 - fed_utils - INFO - load key [conv2.weight].length : 2400, cost time : 0m:0s:0ms
2024-11-15 00:59:48,689 - fed_utils - INFO - load key [conv2.bias].length : 16, cost time : 0m:0s:0ms
2024-11-15 00:59:48,690 - fed_utils - INFO - load key [fc1.weight].length : 48000, cost time : 0m:0s:0ms
2024-11-15 00:59:48,690 - fed_utils - INFO - load key [fc1.bias].length : 120, cost time : 0m:0s:0ms
2024-11-15 00:59:48,691 - fed_utils - INFO - load key [fc2.weight].length : 10080, cost time : 0m:0s:0ms
2024-11-15 00:59:48,691 - fed_utils - INFO - load key [fc2.bias].length : 84, cost time : 0m:0s:0ms
2024-11-15 00:59:55,445 - fed_utils - INFO - encrypting key [fc3.weight].length : 840, cost time : 0m:6s:754ms
2024-11-15 00:59:55,525 - fed_utils - INFO - encrypting key [fc3.bias].length : 10, cost time : 0m:0s:79ms
2024-11-15 00:59:55,525 - fl_main - INFO - Server receive client_dict[f_00004] info ...
2024-11-15 00:59:55,525 - fl_main - INFO - ----- client id [f_00005] -----
2024-11-15 00:59:55,526 - client_base - INFO - recover model cost time : 0m:0s:0ms
2024-11-15 00:59:55,526 - fl_main - INFO - client_dict[f_00005] training ...
2024-11-15 00:59:55,527 - client_base - INFO - client_dict[f_00005] training epoch : 0
2024-11-15 00:59:56,038 - client_base - INFO - local model train cost time : 0m:0s:510ms
2024-11-15 00:59:56,039 - client_base - INFO - model encode time : 0m:0s:1ms
2024-11-15 00:59:56,039 - fl_main - INFO - client_dict[f_00005] local model encrypting ...
2024-11-15 00:59:57,224 - fed_utils - INFO - encrypting key [conv1.weight].length : 150, cost time : 0m:1s:184ms
2024-11-15 00:59:57,272 - fed_utils - INFO - encrypting key [conv1.bias].length : 6, cost time : 0m:0s:48ms
2024-11-15 00:59:57,272 - fed_utils - INFO - load key [conv2.weight].length : 2400, cost time : 0m:0s:0ms
2024-11-15 00:59:57,272 - fed_utils - INFO - load key [conv2.bias].length : 16, cost time : 0m:0s:0ms
2024-11-15 00:59:57,273 - fed_utils - INFO - load key [fc1.weight].length : 48000, cost time : 0m:0s:0ms
2024-11-15 00:59:57,273 - fed_utils - INFO - load key [fc1.bias].length : 120, cost time : 0m:0s:0ms
2024-11-15 00:59:57,274 - fed_utils - INFO - load key [fc2.weight].length : 10080, cost time : 0m:0s:0ms
2024-11-15 00:59:57,274 - fed_utils - INFO - load key [fc2.bias].length : 84, cost time : 0m:0s:0ms
2024-11-15 01:00:03,907 - fed_utils - INFO - encrypting key [fc3.weight].length : 840, cost time : 0m:6s:633ms
2024-11-15 01:00:03,987 - fed_utils - INFO - encrypting key [fc3.bias].length : 10, cost time : 0m:0s:79ms
2024-11-15 01:00:03,987 - fl_main - INFO - Server receive client_dict[f_00005] info ...
2024-11-15 01:00:03,987 - fl_main - INFO - ----- client id [f_00006] -----
2024-11-15 01:00:03,988 - client_base - INFO - recover model cost time : 0m:0s:0ms
2024-11-15 01:00:03,988 - fl_main - INFO - client_dict[f_00006] training ...
2024-11-15 01:00:03,989 - client_base - INFO - client_dict[f_00006] training epoch : 0
2024-11-15 01:00:04,479 - client_base - INFO - local model train cost time : 0m:0s:490ms
2024-11-15 01:00:04,480 - client_base - INFO - model encode time : 0m:0s:1ms
2024-11-15 01:00:04,481 - fl_main - INFO - client_dict[f_00006] local model encrypting ...
2024-11-15 01:00:05,873 - fed_utils - INFO - encrypting key [conv1.weight].length : 150, cost time : 0m:1s:392ms
2024-11-15 01:00:05,922 - fed_utils - INFO - encrypting key [conv1.bias].length : 6, cost time : 0m:0s:48ms
2024-11-15 01:00:05,922 - fed_utils - INFO - load key [conv2.weight].length : 2400, cost time : 0m:0s:0ms
2024-11-15 01:00:05,922 - fed_utils - INFO - load key [conv2.bias].length : 16, cost time : 0m:0s:0ms
2024-11-15 01:00:05,923 - fed_utils - INFO - load key [fc1.weight].length : 48000, cost time : 0m:0s:0ms
2024-11-15 01:00:05,923 - fed_utils - INFO - load key [fc1.bias].length : 120, cost time : 0m:0s:0ms
2024-11-15 01:00:05,923 - fed_utils - INFO - load key [fc2.weight].length : 10080, cost time : 0m:0s:0ms
2024-11-15 01:00:05,923 - fed_utils - INFO - load key [fc2.bias].length : 84, cost time : 0m:0s:0ms
2024-11-15 01:00:12,547 - fed_utils - INFO - encrypting key [fc3.weight].length : 840, cost time : 0m:6s:623ms
2024-11-15 01:00:12,626 - fed_utils - INFO - encrypting key [fc3.bias].length : 10, cost time : 0m:0s:79ms
2024-11-15 01:00:12,626 - fl_main - INFO - Server receive client_dict[f_00006] info ...
2024-11-15 01:00:12,626 - fl_main - INFO - ----- client id [f_00007] -----
2024-11-15 01:00:12,627 - client_base - INFO - recover model cost time : 0m:0s:0ms
2024-11-15 01:00:12,628 - fl_main - INFO - client_dict[f_00007] training ...
2024-11-15 01:00:12,628 - client_base - INFO - client_dict[f_00007] training epoch : 0
2024-11-15 01:00:13,134 - client_base - INFO - local model train cost time : 0m:0s:505ms
2024-11-15 01:00:13,135 - client_base - INFO - model encode time : 0m:0s:1ms
2024-11-15 01:00:13,136 - fl_main - INFO - client_dict[f_00007] local model encrypting ...
2024-11-15 01:00:14,323 - fed_utils - INFO - encrypting key [conv1.weight].length : 150, cost time : 0m:1s:186ms
2024-11-15 01:00:14,371 - fed_utils - INFO - encrypting key [conv1.bias].length : 6, cost time : 0m:0s:48ms
2024-11-15 01:00:14,371 - fed_utils - INFO - load key [conv2.weight].length : 2400, cost time : 0m:0s:0ms
2024-11-15 01:00:14,371 - fed_utils - INFO - load key [conv2.bias].length : 16, cost time : 0m:0s:0ms
2024-11-15 01:00:14,372 - fed_utils - INFO - load key [fc1.weight].length : 48000, cost time : 0m:0s:0ms
2024-11-15 01:00:14,372 - fed_utils - INFO - load key [fc1.bias].length : 120, cost time : 0m:0s:0ms
2024-11-15 01:00:14,372 - fed_utils - INFO - load key [fc2.weight].length : 10080, cost time : 0m:0s:0ms
2024-11-15 01:00:14,372 - fed_utils - INFO - load key [fc2.bias].length : 84, cost time : 0m:0s:0ms
2024-11-15 01:00:21,131 - fed_utils - INFO - encrypting key [fc3.weight].length : 840, cost time : 0m:6s:758ms
2024-11-15 01:00:21,210 - fed_utils - INFO - encrypting key [fc3.bias].length : 10, cost time : 0m:0s:79ms
2024-11-15 01:00:21,210 - fl_main - INFO - Server receive client_dict[f_00007] info ...
2024-11-15 01:00:21,211 - fl_main - INFO - ----- client id [f_00008] -----
2024-11-15 01:00:21,212 - client_base - INFO - recover model cost time : 0m:0s:0ms
2024-11-15 01:00:21,212 - fl_main - INFO - client_dict[f_00008] training ...
2024-11-15 01:00:21,213 - client_base - INFO - client_dict[f_00008] training epoch : 0
2024-11-15 01:00:21,734 - client_base - INFO - local model train cost time : 0m:0s:520ms
2024-11-15 01:00:21,735 - client_base - INFO - model encode time : 0m:0s:1ms
2024-11-15 01:00:21,735 - fl_main - INFO - client_dict[f_00008] local model encrypting ...
2024-11-15 01:00:22,921 - fed_utils - INFO - encrypting key [conv1.weight].length : 150, cost time : 0m:1s:185ms
2024-11-15 01:00:22,969 - fed_utils - INFO - encrypting key [conv1.bias].length : 6, cost time : 0m:0s:47ms
2024-11-15 01:00:22,969 - fed_utils - INFO - load key [conv2.weight].length : 2400, cost time : 0m:0s:0ms
2024-11-15 01:00:22,969 - fed_utils - INFO - load key [conv2.bias].length : 16, cost time : 0m:0s:0ms
2024-11-15 01:00:22,970 - fed_utils - INFO - load key [fc1.weight].length : 48000, cost time : 0m:0s:0ms
2024-11-15 01:00:22,970 - fed_utils - INFO - load key [fc1.bias].length : 120, cost time : 0m:0s:0ms
2024-11-15 01:00:22,971 - fed_utils - INFO - load key [fc2.weight].length : 10080, cost time : 0m:0s:0ms
2024-11-15 01:00:22,971 - fed_utils - INFO - load key [fc2.bias].length : 84, cost time : 0m:0s:0ms
2024-11-15 01:00:29,604 - fed_utils - INFO - encrypting key [fc3.weight].length : 840, cost time : 0m:6s:633ms
2024-11-15 01:00:29,684 - fed_utils - INFO - encrypting key [fc3.bias].length : 10, cost time : 0m:0s:79ms
2024-11-15 01:00:29,684 - fl_main - INFO - Server receive client_dict[f_00008] info ...
2024-11-15 01:00:29,684 - fl_main - INFO - ----- client id [f_00009] -----
2024-11-15 01:00:29,685 - client_base - INFO - recover model cost time : 0m:0s:0ms
2024-11-15 01:00:30,503 - fl_main - INFO - global round [18] client_dict[f_00009].accuracy : 0.960300
2024-11-15 01:00:30,503 - fl_main - INFO - client_dict[f_00009] training ...
2024-11-15 01:00:30,504 - client_base - INFO - client_dict[f_00009] training epoch : 0
2024-11-15 01:00:31,007 - client_base - INFO - local model train cost time : 0m:0s:502ms
2024-11-15 01:00:31,008 - client_base - INFO - model encode time : 0m:0s:1ms
2024-11-15 01:00:31,008 - fl_main - INFO - client_dict[f_00009] local model encrypting ...
2024-11-15 01:00:32,191 - fed_utils - INFO - encrypting key [conv1.weight].length : 150, cost time : 0m:1s:182ms
2024-11-15 01:00:32,238 - fed_utils - INFO - encrypting key [conv1.bias].length : 6, cost time : 0m:0s:47ms
2024-11-15 01:00:32,239 - fed_utils - INFO - load key [conv2.weight].length : 2400, cost time : 0m:0s:0ms
2024-11-15 01:00:32,239 - fed_utils - INFO - load key [conv2.bias].length : 16, cost time : 0m:0s:0ms
2024-11-15 01:00:32,240 - fed_utils - INFO - load key [fc1.weight].length : 48000, cost time : 0m:0s:0ms
2024-11-15 01:00:32,240 - fed_utils - INFO - load key [fc1.bias].length : 120, cost time : 0m:0s:0ms
2024-11-15 01:00:32,240 - fed_utils - INFO - load key [fc2.weight].length : 10080, cost time : 0m:0s:0ms
2024-11-15 01:00:32,240 - fed_utils - INFO - load key [fc2.bias].length : 84, cost time : 0m:0s:0ms
2024-11-15 01:00:38,983 - fed_utils - INFO - encrypting key [fc3.weight].length : 840, cost time : 0m:6s:742ms
2024-11-15 01:00:39,062 - fed_utils - INFO - encrypting key [fc3.bias].length : 10, cost time : 0m:0s:79ms
2024-11-15 01:00:39,062 - fl_main - INFO - Server receive client_dict[f_00009] info ...
2024-11-15 01:00:39,062 - fl_main - INFO - global aggregation process ...
2024-11-15 01:00:39,063 - fed_utils - INFO - server.n_data : 60000
2024-11-15 01:00:39,063 - fed_utils - INFO - client_dict[f_00000].weight : 0.100000
2024-11-15 01:00:39,063 - fed_utils - INFO - client_dict[f_00001].weight : 0.100000
2024-11-15 01:00:39,063 - fed_utils - INFO - client_dict[f_00002].weight : 0.100000
2024-11-15 01:00:39,063 - fed_utils - INFO - client_dict[f_00003].weight : 0.100000
2024-11-15 01:00:39,063 - fed_utils - INFO - client_dict[f_00004].weight : 0.100000
2024-11-15 01:00:39,063 - fed_utils - INFO - client_dict[f_00005].weight : 0.100000
2024-11-15 01:00:39,063 - fed_utils - INFO - client_dict[f_00006].weight : 0.100000
2024-11-15 01:00:39,063 - fed_utils - INFO - client_dict[f_00007].weight : 0.100000
2024-11-15 01:00:39,063 - fed_utils - INFO - client_dict[f_00008].weight : 0.100000
2024-11-15 01:00:39,063 - fed_utils - INFO - client_dict[f_00009].weight : 0.100000
2024-11-15 01:00:39,063 - fed_utils - INFO - recover secret number by clients: 361.200000
2024-11-15 01:00:39,063 - server_base - INFO - Server aggregate model with homomorphic encryption ...
2024-11-15 01:00:42,148 - server_base - INFO - Server aggregate model done, cost time : 0m:3s:84ms
2024-11-15 01:00:42,487 - fed_utils - INFO - decrypting key [conv1.weight].shape [torch.Size([6, 1, 5, 5])]
2024-11-15 01:00:42,501 - fed_utils - INFO - decrypting key [conv1.bias].shape [torch.Size([6])]
2024-11-15 01:00:42,501 - fed_utils - INFO - decrypting key [conv2.weight].shape [torch.Size([16, 6, 5, 5])]
2024-11-15 01:00:42,501 - fed_utils - INFO - decrypting key [conv2.bias].shape [torch.Size([16])]
2024-11-15 01:00:42,501 - fed_utils - INFO - decrypting key [fc1.weight].shape [torch.Size([120, 400])]
2024-11-15 01:00:42,501 - fed_utils - INFO - decrypting key [fc1.bias].shape [torch.Size([120])]
2024-11-15 01:00:42,501 - fed_utils - INFO - decrypting key [fc2.weight].shape [torch.Size([84, 120])]
2024-11-15 01:00:42,501 - fed_utils - INFO - decrypting key [fc2.bias].shape [torch.Size([84])]
2024-11-15 01:00:44,402 - fed_utils - INFO - decrypting key [fc3.weight].shape [torch.Size([10, 84])]
2024-11-15 01:00:44,424 - fed_utils - INFO - decrypting key [fc3.bias].shape [torch.Size([10])]
2024-11-15 01:00:44,424 - fed_utils - INFO - decrypt time : [0m:2s:276ms]
2024-11-15 01:00:44,429 - fl_main - INFO - [global round : 18] aggregated model accuracy : 0.9603
2024-11-15 01:00:44,429 - fl_main - INFO - [global round : 18] aggregated model loss : 0.1298488063577965
2024-11-15 01:00:44,430 - fl_main - INFO - global round : 19
2024-11-15 01:00:44,430 - fl_main - INFO - the random client id to test accuracy : f_00003
2024-11-15 01:00:44,430 - fl_main - INFO - ----- client id [f_00000] -----
2024-11-15 01:00:44,432 - client_base - INFO - recover model cost time : 0m:0s:0ms
2024-11-15 01:00:44,432 - fl_main - INFO - client_dict[f_00000] training ...
2024-11-15 01:00:44,432 - client_base - INFO - client_dict[f_00000] training epoch : 0
2024-11-15 01:00:44,955 - client_base - INFO - local model train cost time : 0m:0s:522ms
2024-11-15 01:00:44,956 - client_base - INFO - model encode time : 0m:0s:1ms
2024-11-15 01:00:44,957 - fl_main - INFO - client_dict[f_00000] local model encrypting ...
2024-11-15 01:00:46,142 - fed_utils - INFO - encrypting key [conv1.weight].length : 150, cost time : 0m:1s:184ms
2024-11-15 01:00:46,189 - fed_utils - INFO - encrypting key [conv1.bias].length : 6, cost time : 0m:0s:47ms
2024-11-15 01:00:46,190 - fed_utils - INFO - load key [conv2.weight].length : 2400, cost time : 0m:0s:0ms
2024-11-15 01:00:46,190 - fed_utils - INFO - load key [conv2.bias].length : 16, cost time : 0m:0s:0ms
2024-11-15 01:00:46,191 - fed_utils - INFO - load key [fc1.weight].length : 48000, cost time : 0m:0s:1ms
2024-11-15 01:00:46,191 - fed_utils - INFO - load key [fc1.bias].length : 120, cost time : 0m:0s:0ms
2024-11-15 01:00:46,191 - fed_utils - INFO - load key [fc2.weight].length : 10080, cost time : 0m:0s:0ms
2024-11-15 01:00:46,191 - fed_utils - INFO - load key [fc2.bias].length : 84, cost time : 0m:0s:0ms
2024-11-15 01:00:52,931 - fed_utils - INFO - encrypting key [fc3.weight].length : 840, cost time : 0m:6s:739ms
2024-11-15 01:00:53,010 - fed_utils - INFO - encrypting key [fc3.bias].length : 10, cost time : 0m:0s:79ms
2024-11-15 01:00:53,011 - fl_main - INFO - Server receive client_dict[f_00000] info ...
2024-11-15 01:00:53,012 - fl_main - INFO - ----- client id [f_00001] -----
2024-11-15 01:00:53,013 - client_base - INFO - recover model cost time : 0m:0s:0ms
2024-11-15 01:00:53,013 - fl_main - INFO - client_dict[f_00001] training ...
2024-11-15 01:00:53,014 - client_base - INFO - client_dict[f_00001] training epoch : 0
2024-11-15 01:00:53,522 - client_base - INFO - local model train cost time : 0m:0s:508ms
2024-11-15 01:00:53,523 - client_base - INFO - model encode time : 0m:0s:1ms
2024-11-15 01:00:53,523 - fl_main - INFO - client_dict[f_00001] local model encrypting ...
2024-11-15 01:00:54,706 - fed_utils - INFO - encrypting key [conv1.weight].length : 150, cost time : 0m:1s:182ms
2024-11-15 01:00:54,755 - fed_utils - INFO - encrypting key [conv1.bias].length : 6, cost time : 0m:0s:48ms
2024-11-15 01:00:54,755 - fed_utils - INFO - load key [conv2.weight].length : 2400, cost time : 0m:0s:0ms
2024-11-15 01:00:54,755 - fed_utils - INFO - load key [conv2.bias].length : 16, cost time : 0m:0s:0ms
2024-11-15 01:00:54,756 - fed_utils - INFO - load key [fc1.weight].length : 48000, cost time : 0m:0s:0ms
2024-11-15 01:00:54,756 - fed_utils - INFO - load key [fc1.bias].length : 120, cost time : 0m:0s:0ms
2024-11-15 01:00:54,756 - fed_utils - INFO - load key [fc2.weight].length : 10080, cost time : 0m:0s:0ms
2024-11-15 01:00:54,756 - fed_utils - INFO - load key [fc2.bias].length : 84, cost time : 0m:0s:0ms
2024-11-15 01:01:01,376 - fed_utils - INFO - encrypting key [fc3.weight].length : 840, cost time : 0m:6s:620ms
2024-11-15 01:01:01,456 - fed_utils - INFO - encrypting key [fc3.bias].length : 10, cost time : 0m:0s:79ms
2024-11-15 01:01:01,456 - fl_main - INFO - Server receive client_dict[f_00001] info ...
2024-11-15 01:01:01,456 - fl_main - INFO - ----- client id [f_00002] -----
2024-11-15 01:01:01,457 - client_base - INFO - recover model cost time : 0m:0s:0ms
2024-11-15 01:01:01,457 - fl_main - INFO - client_dict[f_00002] training ...
2024-11-15 01:01:01,458 - client_base - INFO - client_dict[f_00002] training epoch : 0
2024-11-15 01:01:01,967 - client_base - INFO - local model train cost time : 0m:0s:509ms
2024-11-15 01:01:01,968 - client_base - INFO - model encode time : 0m:0s:1ms
2024-11-15 01:01:01,969 - fl_main - INFO - client_dict[f_00002] local model encrypting ...
2024-11-15 01:01:03,151 - fed_utils - INFO - encrypting key [conv1.weight].length : 150, cost time : 0m:1s:182ms
2024-11-15 01:01:03,199 - fed_utils - INFO - encrypting key [conv1.bias].length : 6, cost time : 0m:0s:47ms
2024-11-15 01:01:03,199 - fed_utils - INFO - load key [conv2.weight].length : 2400, cost time : 0m:0s:0ms
2024-11-15 01:01:03,200 - fed_utils - INFO - load key [conv2.bias].length : 16, cost time : 0m:0s:0ms
2024-11-15 01:01:03,201 - fed_utils - INFO - load key [fc1.weight].length : 48000, cost time : 0m:0s:0ms
2024-11-15 01:01:03,201 - fed_utils - INFO - load key [fc1.bias].length : 120, cost time : 0m:0s:0ms
2024-11-15 01:01:03,201 - fed_utils - INFO - load key [fc2.weight].length : 10080, cost time : 0m:0s:0ms
2024-11-15 01:01:03,201 - fed_utils - INFO - load key [fc2.bias].length : 84, cost time : 0m:0s:0ms
2024-11-15 01:01:10,002 - fed_utils - INFO - encrypting key [fc3.weight].length : 840, cost time : 0m:6s:801ms
2024-11-15 01:01:10,082 - fed_utils - INFO - encrypting key [fc3.bias].length : 10, cost time : 0m:0s:79ms
2024-11-15 01:01:10,082 - fl_main - INFO - Server receive client_dict[f_00002] info ...
2024-11-15 01:01:10,082 - fl_main - INFO - ----- client id [f_00003] -----
2024-11-15 01:01:10,083 - client_base - INFO - recover model cost time : 0m:0s:0ms
2024-11-15 01:01:10,902 - fl_main - INFO - global round [19] client_dict[f_00003].accuracy : 0.962500
2024-11-15 01:01:10,902 - fl_main - INFO - client_dict[f_00003] training ...
2024-11-15 01:01:10,903 - client_base - INFO - client_dict[f_00003] training epoch : 0
2024-11-15 01:01:11,409 - client_base - INFO - local model train cost time : 0m:0s:506ms
2024-11-15 01:01:11,410 - client_base - INFO - model encode time : 0m:0s:1ms
2024-11-15 01:01:11,411 - fl_main - INFO - client_dict[f_00003] local model encrypting ...
2024-11-15 01:01:12,595 - fed_utils - INFO - encrypting key [conv1.weight].length : 150, cost time : 0m:1s:183ms
2024-11-15 01:01:12,643 - fed_utils - INFO - encrypting key [conv1.bias].length : 6, cost time : 0m:0s:48ms
2024-11-15 01:01:12,643 - fed_utils - INFO - load key [conv2.weight].length : 2400, cost time : 0m:0s:0ms
2024-11-15 01:01:12,643 - fed_utils - INFO - load key [conv2.bias].length : 16, cost time : 0m:0s:0ms
2024-11-15 01:01:12,644 - fed_utils - INFO - load key [fc1.weight].length : 48000, cost time : 0m:0s:0ms
2024-11-15 01:01:12,644 - fed_utils - INFO - load key [fc1.bias].length : 120, cost time : 0m:0s:0ms
2024-11-15 01:01:12,644 - fed_utils - INFO - load key [fc2.weight].length : 10080, cost time : 0m:0s:0ms
2024-11-15 01:01:12,644 - fed_utils - INFO - load key [fc2.bias].length : 84, cost time : 0m:0s:0ms
2024-11-15 01:01:19,267 - fed_utils - INFO - encrypting key [fc3.weight].length : 840, cost time : 0m:6s:622ms
2024-11-15 01:01:19,346 - fed_utils - INFO - encrypting key [fc3.bias].length : 10, cost time : 0m:0s:79ms
2024-11-15 01:01:19,346 - fl_main - INFO - Server receive client_dict[f_00003] info ...
2024-11-15 01:01:19,346 - fl_main - INFO - ----- client id [f_00004] -----
2024-11-15 01:01:19,347 - client_base - INFO - recover model cost time : 0m:0s:0ms
2024-11-15 01:01:19,347 - fl_main - INFO - client_dict[f_00004] training ...
2024-11-15 01:01:19,348 - client_base - INFO - client_dict[f_00004] training epoch : 0
2024-11-15 01:01:19,840 - client_base - INFO - local model train cost time : 0m:0s:491ms
2024-11-15 01:01:19,841 - client_base - INFO - model encode time : 0m:0s:1ms
2024-11-15 01:01:19,841 - fl_main - INFO - client_dict[f_00004] local model encrypting ...
2024-11-15 01:01:21,173 - fed_utils - INFO - encrypting key [conv1.weight].length : 150, cost time : 0m:1s:331ms
2024-11-15 01:01:21,221 - fed_utils - INFO - encrypting key [conv1.bias].length : 6, cost time : 0m:0s:47ms
2024-11-15 01:01:21,221 - fed_utils - INFO - load key [conv2.weight].length : 2400, cost time : 0m:0s:0ms
2024-11-15 01:01:21,221 - fed_utils - INFO - load key [conv2.bias].length : 16, cost time : 0m:0s:0ms
2024-11-15 01:01:21,222 - fed_utils - INFO - load key [fc1.weight].length : 48000, cost time : 0m:0s:0ms
2024-11-15 01:01:21,222 - fed_utils - INFO - load key [fc1.bias].length : 120, cost time : 0m:0s:0ms
2024-11-15 01:01:21,222 - fed_utils - INFO - load key [fc2.weight].length : 10080, cost time : 0m:0s:0ms
2024-11-15 01:01:21,223 - fed_utils - INFO - load key [fc2.bias].length : 84, cost time : 0m:0s:0ms
2024-11-15 01:01:27,842 - fed_utils - INFO - encrypting key [fc3.weight].length : 840, cost time : 0m:6s:619ms
2024-11-15 01:01:27,921 - fed_utils - INFO - encrypting key [fc3.bias].length : 10, cost time : 0m:0s:79ms
2024-11-15 01:01:27,921 - fl_main - INFO - Server receive client_dict[f_00004] info ...
2024-11-15 01:01:27,921 - fl_main - INFO - ----- client id [f_00005] -----
2024-11-15 01:01:27,922 - client_base - INFO - recover model cost time : 0m:0s:0ms
2024-11-15 01:01:27,923 - fl_main - INFO - client_dict[f_00005] training ...
2024-11-15 01:01:27,923 - client_base - INFO - client_dict[f_00005] training epoch : 0
2024-11-15 01:01:28,421 - client_base - INFO - local model train cost time : 0m:0s:497ms
2024-11-15 01:01:28,422 - client_base - INFO - model encode time : 0m:0s:1ms
2024-11-15 01:01:28,422 - fl_main - INFO - client_dict[f_00005] local model encrypting ...
2024-11-15 01:01:29,607 - fed_utils - INFO - encrypting key [conv1.weight].length : 150, cost time : 0m:1s:184ms
2024-11-15 01:01:29,655 - fed_utils - INFO - encrypting key [conv1.bias].length : 6, cost time : 0m:0s:47ms
2024-11-15 01:01:29,655 - fed_utils - INFO - load key [conv2.weight].length : 2400, cost time : 0m:0s:0ms
2024-11-15 01:01:29,655 - fed_utils - INFO - load key [conv2.bias].length : 16, cost time : 0m:0s:0ms
2024-11-15 01:01:29,656 - fed_utils - INFO - load key [fc1.weight].length : 48000, cost time : 0m:0s:0ms
2024-11-15 01:01:29,656 - fed_utils - INFO - load key [fc1.bias].length : 120, cost time : 0m:0s:0ms
2024-11-15 01:01:29,657 - fed_utils - INFO - load key [fc2.weight].length : 10080, cost time : 0m:0s:0ms
2024-11-15 01:01:29,657 - fed_utils - INFO - load key [fc2.bias].length : 84, cost time : 0m:0s:0ms
2024-11-15 01:01:36,416 - fed_utils - INFO - encrypting key [fc3.weight].length : 840, cost time : 0m:6s:759ms
2024-11-15 01:01:36,496 - fed_utils - INFO - encrypting key [fc3.bias].length : 10, cost time : 0m:0s:79ms
2024-11-15 01:01:36,496 - fl_main - INFO - Server receive client_dict[f_00005] info ...
2024-11-15 01:01:36,496 - fl_main - INFO - ----- client id [f_00006] -----
2024-11-15 01:01:36,497 - client_base - INFO - recover model cost time : 0m:0s:0ms
2024-11-15 01:01:36,497 - fl_main - INFO - client_dict[f_00006] training ...
2024-11-15 01:01:36,498 - client_base - INFO - client_dict[f_00006] training epoch : 0
2024-11-15 01:01:37,006 - client_base - INFO - local model train cost time : 0m:0s:508ms
2024-11-15 01:01:37,007 - client_base - INFO - model encode time : 0m:0s:1ms
2024-11-15 01:01:37,007 - fl_main - INFO - client_dict[f_00006] local model encrypting ...
2024-11-15 01:01:38,190 - fed_utils - INFO - encrypting key [conv1.weight].length : 150, cost time : 0m:1s:182ms
2024-11-15 01:01:38,238 - fed_utils - INFO - encrypting key [conv1.bias].length : 6, cost time : 0m:0s:47ms
2024-11-15 01:01:38,238 - fed_utils - INFO - load key [conv2.weight].length : 2400, cost time : 0m:0s:0ms
2024-11-15 01:01:38,238 - fed_utils - INFO - load key [conv2.bias].length : 16, cost time : 0m:0s:0ms
2024-11-15 01:01:38,239 - fed_utils - INFO - load key [fc1.weight].length : 48000, cost time : 0m:0s:0ms
2024-11-15 01:01:38,239 - fed_utils - INFO - load key [fc1.bias].length : 120, cost time : 0m:0s:0ms
2024-11-15 01:01:38,239 - fed_utils - INFO - load key [fc2.weight].length : 10080, cost time : 0m:0s:0ms
2024-11-15 01:01:38,239 - fed_utils - INFO - load key [fc2.bias].length : 84, cost time : 0m:0s:0ms
2024-11-15 01:01:44,864 - fed_utils - INFO - encrypting key [fc3.weight].length : 840, cost time : 0m:6s:624ms
2024-11-15 01:01:44,943 - fed_utils - INFO - encrypting key [fc3.bias].length : 10, cost time : 0m:0s:79ms
2024-11-15 01:01:44,943 - fl_main - INFO - Server receive client_dict[f_00006] info ...
2024-11-15 01:01:44,943 - fl_main - INFO - ----- client id [f_00007] -----
2024-11-15 01:01:44,944 - client_base - INFO - recover model cost time : 0m:0s:0ms
2024-11-15 01:01:44,944 - fl_main - INFO - client_dict[f_00007] training ...
2024-11-15 01:01:44,945 - client_base - INFO - client_dict[f_00007] training epoch : 0
2024-11-15 01:01:45,449 - client_base - INFO - local model train cost time : 0m:0s:503ms
2024-11-15 01:01:45,450 - client_base - INFO - model encode time : 0m:0s:1ms
2024-11-15 01:01:45,450 - fl_main - INFO - client_dict[f_00007] local model encrypting ...
2024-11-15 01:01:46,639 - fed_utils - INFO - encrypting key [conv1.weight].length : 150, cost time : 0m:1s:188ms
2024-11-15 01:01:46,687 - fed_utils - INFO - encrypting key [conv1.bias].length : 6, cost time : 0m:0s:47ms
2024-11-15 01:01:46,687 - fed_utils - INFO - load key [conv2.weight].length : 2400, cost time : 0m:0s:0ms
2024-11-15 01:01:46,687 - fed_utils - INFO - load key [conv2.bias].length : 16, cost time : 0m:0s:0ms
2024-11-15 01:01:46,688 - fed_utils - INFO - load key [fc1.weight].length : 48000, cost time : 0m:0s:0ms
2024-11-15 01:01:46,688 - fed_utils - INFO - load key [fc1.bias].length : 120, cost time : 0m:0s:0ms
2024-11-15 01:01:46,688 - fed_utils - INFO - load key [fc2.weight].length : 10080, cost time : 0m:0s:0ms
2024-11-15 01:01:46,688 - fed_utils - INFO - load key [fc2.bias].length : 84, cost time : 0m:0s:0ms
2024-11-15 01:01:53,462 - fed_utils - INFO - encrypting key [fc3.weight].length : 840, cost time : 0m:6s:773ms
2024-11-15 01:01:53,541 - fed_utils - INFO - encrypting key [fc3.bias].length : 10, cost time : 0m:0s:79ms
2024-11-15 01:01:53,541 - fl_main - INFO - Server receive client_dict[f_00007] info ...
2024-11-15 01:01:53,541 - fl_main - INFO - ----- client id [f_00008] -----
2024-11-15 01:01:53,542 - client_base - INFO - recover model cost time : 0m:0s:0ms
2024-11-15 01:01:53,542 - fl_main - INFO - client_dict[f_00008] training ...
2024-11-15 01:01:53,543 - client_base - INFO - client_dict[f_00008] training epoch : 0
2024-11-15 01:01:54,047 - client_base - INFO - local model train cost time : 0m:0s:503ms
2024-11-15 01:01:54,048 - client_base - INFO - model encode time : 0m:0s:1ms
2024-11-15 01:01:54,048 - fl_main - INFO - client_dict[f_00008] local model encrypting ...
2024-11-15 01:01:55,233 - fed_utils - INFO - encrypting key [conv1.weight].length : 150, cost time : 0m:1s:184ms
2024-11-15 01:01:55,281 - fed_utils - INFO - encrypting key [conv1.bias].length : 6, cost time : 0m:0s:47ms
2024-11-15 01:01:55,281 - fed_utils - INFO - load key [conv2.weight].length : 2400, cost time : 0m:0s:0ms
2024-11-15 01:01:55,282 - fed_utils - INFO - load key [conv2.bias].length : 16, cost time : 0m:0s:0ms
2024-11-15 01:01:55,283 - fed_utils - INFO - load key [fc1.weight].length : 48000, cost time : 0m:0s:0ms
2024-11-15 01:01:55,283 - fed_utils - INFO - load key [fc1.bias].length : 120, cost time : 0m:0s:0ms
2024-11-15 01:01:55,283 - fed_utils - INFO - load key [fc2.weight].length : 10080, cost time : 0m:0s:0ms
2024-11-15 01:01:55,283 - fed_utils - INFO - load key [fc2.bias].length : 84, cost time : 0m:0s:0ms
2024-11-15 01:02:01,912 - fed_utils - INFO - encrypting key [fc3.weight].length : 840, cost time : 0m:6s:628ms
2024-11-15 01:02:01,992 - fed_utils - INFO - encrypting key [fc3.bias].length : 10, cost time : 0m:0s:79ms
2024-11-15 01:02:01,992 - fl_main - INFO - Server receive client_dict[f_00008] info ...
2024-11-15 01:02:01,992 - fl_main - INFO - ----- client id [f_00009] -----
2024-11-15 01:02:01,993 - client_base - INFO - recover model cost time : 0m:0s:0ms
2024-11-15 01:02:01,993 - fl_main - INFO - client_dict[f_00009] training ...
2024-11-15 01:02:01,994 - client_base - INFO - client_dict[f_00009] training epoch : 0
2024-11-15 01:02:02,503 - client_base - INFO - local model train cost time : 0m:0s:509ms
2024-11-15 01:02:02,505 - client_base - INFO - model encode time : 0m:0s:1ms
2024-11-15 01:02:02,505 - fl_main - INFO - client_dict[f_00009] local model encrypting ...
2024-11-15 01:02:03,691 - fed_utils - INFO - encrypting key [conv1.weight].length : 150, cost time : 0m:1s:186ms
2024-11-15 01:02:03,739 - fed_utils - INFO - encrypting key [conv1.bias].length : 6, cost time : 0m:0s:47ms
2024-11-15 01:02:03,739 - fed_utils - INFO - load key [conv2.weight].length : 2400, cost time : 0m:0s:0ms
2024-11-15 01:02:03,739 - fed_utils - INFO - load key [conv2.bias].length : 16, cost time : 0m:0s:0ms
2024-11-15 01:02:03,740 - fed_utils - INFO - load key [fc1.weight].length : 48000, cost time : 0m:0s:0ms
2024-11-15 01:02:03,740 - fed_utils - INFO - load key [fc1.bias].length : 120, cost time : 0m:0s:0ms
2024-11-15 01:02:03,741 - fed_utils - INFO - load key [fc2.weight].length : 10080, cost time : 0m:0s:0ms
2024-11-15 01:02:03,741 - fed_utils - INFO - load key [fc2.bias].length : 84, cost time : 0m:0s:0ms
2024-11-15 01:02:10,528 - fed_utils - INFO - encrypting key [fc3.weight].length : 840, cost time : 0m:6s:786ms
2024-11-15 01:02:10,607 - fed_utils - INFO - encrypting key [fc3.bias].length : 10, cost time : 0m:0s:79ms
2024-11-15 01:02:10,607 - fl_main - INFO - Server receive client_dict[f_00009] info ...
2024-11-15 01:02:10,607 - fl_main - INFO - global aggregation process ...
2024-11-15 01:02:10,608 - fed_utils - INFO - server.n_data : 60000
2024-11-15 01:02:10,608 - fed_utils - INFO - client_dict[f_00000].weight : 0.100000
2024-11-15 01:02:10,608 - fed_utils - INFO - client_dict[f_00001].weight : 0.100000
2024-11-15 01:02:10,608 - fed_utils - INFO - client_dict[f_00002].weight : 0.100000
2024-11-15 01:02:10,608 - fed_utils - INFO - client_dict[f_00003].weight : 0.100000
2024-11-15 01:02:10,608 - fed_utils - INFO - client_dict[f_00004].weight : 0.100000
2024-11-15 01:02:10,608 - fed_utils - INFO - client_dict[f_00005].weight : 0.100000
2024-11-15 01:02:10,608 - fed_utils - INFO - client_dict[f_00006].weight : 0.100000
2024-11-15 01:02:10,608 - fed_utils - INFO - client_dict[f_00007].weight : 0.100000
2024-11-15 01:02:10,608 - fed_utils - INFO - client_dict[f_00008].weight : 0.100000
2024-11-15 01:02:10,608 - fed_utils - INFO - client_dict[f_00009].weight : 0.100000
2024-11-15 01:02:10,608 - fed_utils - INFO - recover secret number by clients: 361.200000
2024-11-15 01:02:10,608 - server_base - INFO - Server aggregate model with homomorphic encryption ...
2024-11-15 01:02:13,669 - server_base - INFO - Server aggregate model done, cost time : 0m:3s:60ms
2024-11-15 01:02:14,008 - fed_utils - INFO - decrypting key [conv1.weight].shape [torch.Size([6, 1, 5, 5])]
2024-11-15 01:02:14,022 - fed_utils - INFO - decrypting key [conv1.bias].shape [torch.Size([6])]
2024-11-15 01:02:14,022 - fed_utils - INFO - decrypting key [conv2.weight].shape [torch.Size([16, 6, 5, 5])]
2024-11-15 01:02:14,022 - fed_utils - INFO - decrypting key [conv2.bias].shape [torch.Size([16])]
2024-11-15 01:02:14,022 - fed_utils - INFO - decrypting key [fc1.weight].shape [torch.Size([120, 400])]
2024-11-15 01:02:14,022 - fed_utils - INFO - decrypting key [fc1.bias].shape [torch.Size([120])]
2024-11-15 01:02:14,022 - fed_utils - INFO - decrypting key [fc2.weight].shape [torch.Size([84, 120])]
2024-11-15 01:02:14,022 - fed_utils - INFO - decrypting key [fc2.bias].shape [torch.Size([84])]
2024-11-15 01:02:15,922 - fed_utils - INFO - decrypting key [fc3.weight].shape [torch.Size([10, 84])]
2024-11-15 01:02:15,945 - fed_utils - INFO - decrypting key [fc3.bias].shape [torch.Size([10])]
2024-11-15 01:02:15,945 - fed_utils - INFO - decrypt time : [0m:2s:276ms]
2024-11-15 01:02:15,950 - fl_main - INFO - [global round : 19] aggregated model accuracy : 0.9625
2024-11-15 01:02:15,950 - fl_main - INFO - [global round : 19] aggregated model loss : 0.14369200170329333
2024-11-15 01:02:15,951 - fl_main - INFO - global round : 20
2024-11-15 01:02:15,951 - fl_main - INFO - the random client id to test accuracy : f_00003
2024-11-15 01:02:15,951 - fl_main - INFO - ----- client id [f_00003] -----
2024-11-15 01:02:15,952 - client_base - INFO - recover model cost time : 0m:0s:0ms
2024-11-15 01:02:16,769 - fl_main - INFO - global round [20] client_dict[f_00003].accuracy : 0.964200
2024-11-15 01:02:17,583 - fl_main - INFO - Final accuracy : 0.964200
