2024-11-15 16:35:47,872 - fl_main - INFO - data divide is iid
2024-11-15 16:35:51,514 - fed_utils - INFO - init global model cost time : 0m:0s:9ms
2024-11-15 16:35:51,535 - fed_utils - INFO - init global model cost time : 0m:0s:9ms
2024-11-15 16:35:51,550 - fed_utils - INFO - init global model cost time : 0m:0s:14ms
2024-11-15 16:35:51,564 - fed_utils - INFO - init global model cost time : 0m:0s:13ms
2024-11-15 16:35:51,578 - fed_utils - INFO - init global model cost time : 0m:0s:13ms
2024-11-15 16:35:51,592 - fed_utils - INFO - init global model cost time : 0m:0s:13ms
2024-11-15 16:35:51,592 - fed_utils - INFO - generating secret number and splitting it ...
2024-11-15 16:35:51,592 - fed_utils - INFO - secret_number : 15786395.000000
2024-11-15 16:35:51,592 - fed_utils - INFO - client_dict[f_00000].share : 1849447.000000
2024-11-15 16:35:51,592 - fed_utils - INFO - client_dict[f_00001].share : 150473.000000
2024-11-15 16:35:51,592 - fed_utils - INFO - client_dict[f_00002].share : 918253.000000
2024-11-15 16:35:51,592 - fed_utils - INFO - client_dict[f_00003].share : 163853.000000
2024-11-15 16:35:51,592 - fed_utils - INFO - client_dict[f_00004].share : 12704369.000000
2024-11-15 16:35:51,592 - server_base - INFO - Server set model shape and dtype ...
2024-11-15 16:35:51,592 - server_base - INFO - Server generate pk and sk ...
2024-11-15 16:35:51,663 - server_base - INFO - Server generate pk and sk done, time : 0m:0s:70ms
2024-11-15 16:35:51,663 - server_base - INFO - Public key : <PaillierPublicKey 91dc55d7b4>
2024-11-15 16:35:51,663 - server_base - INFO - Private key : <PaillierPrivateKey for <PaillierPublicKey 91dc55d7b4>>
2024-11-15 16:35:51,664 - fl_main - INFO - Training process start ...
2024-11-15 16:35:51,664 - fl_main - INFO - global round : 0
2024-11-15 16:35:51,664 - fl_main - INFO - the random client id to test accuracy : f_00003
2024-11-15 16:35:51,664 - fl_main - INFO - ----- client id [f_00000] -----
2024-11-15 16:35:51,678 - fed_utils - INFO - init global model cost time : 0m:0s:14ms
2024-11-15 16:35:51,680 - fl_main - INFO - client_dict[f_00000] training ...
2024-11-15 16:35:54,363 - client_base - INFO - client_dict[f_00000] training epoch : 0
2024-11-15 16:36:03,905 - client_base - INFO - local model train cost time : 0m:9s:542ms
2024-11-15 16:36:03,907 - client_base - INFO - model encode time : 0m:0s:1ms
2024-11-15 16:36:03,907 - fl_main - INFO - client_dict[f_00000] local model encrypting ...
2024-11-15 16:36:42,008 - fed_utils - INFO - encrypting key [features.0.weight].length : 4800, cost time : 0m:38s:100ms
2024-11-15 16:36:42,526 - fed_utils - INFO - encrypting key [features.0.bias].length : 64, cost time : 0m:0s:517ms
2024-11-15 16:36:42,528 - fed_utils - INFO - load key [features.4.weight].length : 102400, cost time : 0m:0s:2ms
2024-11-15 16:36:42,529 - fed_utils - INFO - load key [features.4.bias].length : 64, cost time : 0m:0s:0ms
2024-11-15 16:36:42,572 - fed_utils - INFO - load key [classifier.0.weight].length : 1572864, cost time : 0m:0s:43ms
2024-11-15 16:36:42,573 - fed_utils - INFO - load key [classifier.0.bias].length : 384, cost time : 0m:0s:0ms
2024-11-15 16:36:42,574 - fed_utils - INFO - load key [classifier.2.weight].length : 73728, cost time : 0m:0s:1ms
2024-11-15 16:36:42,574 - fed_utils - INFO - load key [classifier.2.bias].length : 192, cost time : 0m:0s:0ms
2024-11-15 16:36:57,888 - fed_utils - INFO - encrypting key [classifier.4.weight].length : 1920, cost time : 0m:15s:314ms
2024-11-15 16:36:57,968 - fed_utils - INFO - encrypting key [classifier.4.bias].length : 10, cost time : 0m:0s:79ms
2024-11-15 16:36:57,968 - fl_main - INFO - Server receive client_dict[f_00000] info ...
2024-11-15 16:36:57,968 - fl_main - INFO - ----- client id [f_00001] -----
2024-11-15 16:36:57,982 - fed_utils - INFO - init global model cost time : 0m:0s:13ms
2024-11-15 16:36:57,983 - fl_main - INFO - client_dict[f_00001] training ...
2024-11-15 16:36:57,985 - client_base - INFO - client_dict[f_00001] training epoch : 0
2024-11-15 16:37:07,109 - client_base - INFO - local model train cost time : 0m:9s:124ms
2024-11-15 16:37:07,111 - client_base - INFO - model encode time : 0m:0s:1ms
2024-11-15 16:37:07,111 - fl_main - INFO - client_dict[f_00001] local model encrypting ...
2024-11-15 16:37:45,299 - fed_utils - INFO - encrypting key [features.0.weight].length : 4800, cost time : 0m:38s:188ms
2024-11-15 16:37:45,817 - fed_utils - INFO - encrypting key [features.0.bias].length : 64, cost time : 0m:0s:517ms
2024-11-15 16:37:45,820 - fed_utils - INFO - load key [features.4.weight].length : 102400, cost time : 0m:0s:2ms
2024-11-15 16:37:45,820 - fed_utils - INFO - load key [features.4.bias].length : 64, cost time : 0m:0s:0ms
2024-11-15 16:37:45,858 - fed_utils - INFO - load key [classifier.0.weight].length : 1572864, cost time : 0m:0s:38ms
2024-11-15 16:37:45,859 - fed_utils - INFO - load key [classifier.0.bias].length : 384, cost time : 0m:0s:0ms
2024-11-15 16:37:45,860 - fed_utils - INFO - load key [classifier.2.weight].length : 73728, cost time : 0m:0s:1ms
2024-11-15 16:37:45,861 - fed_utils - INFO - load key [classifier.2.bias].length : 192, cost time : 0m:0s:0ms
2024-11-15 16:38:01,101 - fed_utils - INFO - encrypting key [classifier.4.weight].length : 1920, cost time : 0m:15s:240ms
2024-11-15 16:38:01,181 - fed_utils - INFO - encrypting key [classifier.4.bias].length : 10, cost time : 0m:0s:79ms
2024-11-15 16:38:01,181 - fl_main - INFO - Server receive client_dict[f_00001] info ...
2024-11-15 16:38:01,181 - fl_main - INFO - ----- client id [f_00002] -----
2024-11-15 16:38:01,191 - fed_utils - INFO - init global model cost time : 0m:0s:9ms
2024-11-15 16:38:01,192 - fl_main - INFO - client_dict[f_00002] training ...
2024-11-15 16:38:01,194 - client_base - INFO - client_dict[f_00002] training epoch : 0
2024-11-15 16:38:10,311 - client_base - INFO - local model train cost time : 0m:9s:116ms
2024-11-15 16:38:10,313 - client_base - INFO - model encode time : 0m:0s:1ms
2024-11-15 16:38:10,313 - fl_main - INFO - client_dict[f_00002] local model encrypting ...
2024-11-15 16:38:48,392 - fed_utils - INFO - encrypting key [features.0.weight].length : 4800, cost time : 0m:38s:78ms
2024-11-15 16:38:48,910 - fed_utils - INFO - encrypting key [features.0.bias].length : 64, cost time : 0m:0s:518ms
2024-11-15 16:38:48,913 - fed_utils - INFO - load key [features.4.weight].length : 102400, cost time : 0m:0s:2ms
2024-11-15 16:38:48,913 - fed_utils - INFO - load key [features.4.bias].length : 64, cost time : 0m:0s:0ms
2024-11-15 16:38:48,952 - fed_utils - INFO - load key [classifier.0.weight].length : 1572864, cost time : 0m:0s:38ms
2024-11-15 16:38:48,952 - fed_utils - INFO - load key [classifier.0.bias].length : 384, cost time : 0m:0s:0ms
2024-11-15 16:38:48,954 - fed_utils - INFO - load key [classifier.2.weight].length : 73728, cost time : 0m:0s:1ms
2024-11-15 16:38:48,954 - fed_utils - INFO - load key [classifier.2.bias].length : 192, cost time : 0m:0s:0ms
2024-11-15 16:39:04,244 - fed_utils - INFO - encrypting key [classifier.4.weight].length : 1920, cost time : 0m:15s:290ms
2024-11-15 16:39:04,329 - fed_utils - INFO - encrypting key [classifier.4.bias].length : 10, cost time : 0m:0s:85ms
2024-11-15 16:39:04,330 - fl_main - INFO - Server receive client_dict[f_00002] info ...
2024-11-15 16:39:04,330 - fl_main - INFO - ----- client id [f_00003] -----
2024-11-15 16:39:04,339 - fed_utils - INFO - init global model cost time : 0m:0s:9ms
2024-11-15 16:39:04,341 - fl_main - INFO - client_dict[f_00003] training ...
2024-11-15 16:39:04,343 - client_base - INFO - client_dict[f_00003] training epoch : 0
2024-11-15 16:39:13,459 - client_base - INFO - local model train cost time : 0m:9s:116ms
2024-11-15 16:39:13,461 - client_base - INFO - model encode time : 0m:0s:1ms
2024-11-15 16:39:13,461 - fl_main - INFO - client_dict[f_00003] local model encrypting ...
2024-11-15 16:39:51,549 - fed_utils - INFO - encrypting key [features.0.weight].length : 4800, cost time : 0m:38s:88ms
2024-11-15 16:39:52,069 - fed_utils - INFO - encrypting key [features.0.bias].length : 64, cost time : 0m:0s:519ms
2024-11-15 16:39:52,071 - fed_utils - INFO - load key [features.4.weight].length : 102400, cost time : 0m:0s:2ms
2024-11-15 16:39:52,071 - fed_utils - INFO - load key [features.4.bias].length : 64, cost time : 0m:0s:0ms
2024-11-15 16:39:52,111 - fed_utils - INFO - load key [classifier.0.weight].length : 1572864, cost time : 0m:0s:39ms
2024-11-15 16:39:52,111 - fed_utils - INFO - load key [classifier.0.bias].length : 384, cost time : 0m:0s:0ms
2024-11-15 16:39:52,113 - fed_utils - INFO - load key [classifier.2.weight].length : 73728, cost time : 0m:0s:1ms
2024-11-15 16:39:52,113 - fed_utils - INFO - load key [classifier.2.bias].length : 192, cost time : 0m:0s:0ms
2024-11-15 16:40:07,341 - fed_utils - INFO - encrypting key [classifier.4.weight].length : 1920, cost time : 0m:15s:228ms
2024-11-15 16:40:07,421 - fed_utils - INFO - encrypting key [classifier.4.bias].length : 10, cost time : 0m:0s:79ms
2024-11-15 16:40:07,421 - fl_main - INFO - Server receive client_dict[f_00003] info ...
2024-11-15 16:40:07,421 - fl_main - INFO - ----- client id [f_00004] -----
2024-11-15 16:40:07,431 - fed_utils - INFO - init global model cost time : 0m:0s:9ms
2024-11-15 16:40:07,432 - fl_main - INFO - client_dict[f_00004] training ...
2024-11-15 16:40:07,434 - client_base - INFO - client_dict[f_00004] training epoch : 0
2024-11-15 16:40:16,561 - client_base - INFO - local model train cost time : 0m:9s:127ms
2024-11-15 16:40:16,563 - client_base - INFO - model encode time : 0m:0s:1ms
2024-11-15 16:40:16,563 - fl_main - INFO - client_dict[f_00004] local model encrypting ...
2024-11-15 16:40:54,697 - fed_utils - INFO - encrypting key [features.0.weight].length : 4800, cost time : 0m:38s:133ms
2024-11-15 16:40:55,215 - fed_utils - INFO - encrypting key [features.0.bias].length : 64, cost time : 0m:0s:517ms
2024-11-15 16:40:55,217 - fed_utils - INFO - load key [features.4.weight].length : 102400, cost time : 0m:0s:2ms
2024-11-15 16:40:55,217 - fed_utils - INFO - load key [features.4.bias].length : 64, cost time : 0m:0s:0ms
2024-11-15 16:40:55,256 - fed_utils - INFO - load key [classifier.0.weight].length : 1572864, cost time : 0m:0s:39ms
2024-11-15 16:40:55,256 - fed_utils - INFO - load key [classifier.0.bias].length : 384, cost time : 0m:0s:0ms
2024-11-15 16:40:55,258 - fed_utils - INFO - load key [classifier.2.weight].length : 73728, cost time : 0m:0s:1ms
2024-11-15 16:40:55,258 - fed_utils - INFO - load key [classifier.2.bias].length : 192, cost time : 0m:0s:0ms
2024-11-15 16:41:10,485 - fed_utils - INFO - encrypting key [classifier.4.weight].length : 1920, cost time : 0m:15s:226ms
2024-11-15 16:41:10,565 - fed_utils - INFO - encrypting key [classifier.4.bias].length : 10, cost time : 0m:0s:79ms
2024-11-15 16:41:10,565 - fl_main - INFO - Server receive client_dict[f_00004] info ...
2024-11-15 16:41:10,565 - fl_main - INFO - global aggregation process ...
2024-11-15 16:41:10,593 - fed_utils - INFO - server.n_data : 50000
2024-11-15 16:41:10,593 - fed_utils - INFO - client_dict[f_00000].weight : 0.200000
2024-11-15 16:41:10,593 - fed_utils - INFO - client_dict[f_00001].weight : 0.200000
2024-11-15 16:41:10,593 - fed_utils - INFO - client_dict[f_00002].weight : 0.200000
2024-11-15 16:41:10,594 - fed_utils - INFO - client_dict[f_00003].weight : 0.200000
2024-11-15 16:41:10,594 - fed_utils - INFO - client_dict[f_00004].weight : 0.200000
2024-11-15 16:41:10,594 - fed_utils - INFO - recover secret number by clients: 3157279.000000
2024-11-15 16:41:10,594 - server_base - INFO - Server aggregate model with homomorphic encryption ...
2024-11-15 16:41:21,199 - server_base - INFO - Server aggregate model done, cost time : 0m:10s:604ms
2024-11-15 16:41:32,134 - fed_utils - INFO - decrypting key [features.0.weight].shape [torch.Size([64, 3, 5, 5])]
2024-11-15 16:41:32,279 - fed_utils - INFO - decrypting key [features.0.bias].shape [torch.Size([64])]
2024-11-15 16:41:32,280 - fed_utils - INFO - decrypting key [features.4.weight].shape [torch.Size([64, 64, 5, 5])]
2024-11-15 16:41:32,280 - fed_utils - INFO - decrypting key [features.4.bias].shape [torch.Size([64])]
2024-11-15 16:41:32,287 - fed_utils - INFO - decrypting key [classifier.0.weight].shape [torch.Size([384, 4096])]
2024-11-15 16:41:32,287 - fed_utils - INFO - decrypting key [classifier.0.bias].shape [torch.Size([384])]
2024-11-15 16:41:32,287 - fed_utils - INFO - decrypting key [classifier.2.weight].shape [torch.Size([192, 384])]
2024-11-15 16:41:32,287 - fed_utils - INFO - decrypting key [classifier.2.bias].shape [torch.Size([192])]
2024-11-15 16:41:36,660 - fed_utils - INFO - decrypting key [classifier.4.weight].shape [torch.Size([10, 192])]
2024-11-15 16:41:36,683 - fed_utils - INFO - decrypting key [classifier.4.bias].shape [torch.Size([10])]
2024-11-15 16:41:36,683 - fed_utils - INFO - decrypt time : [0m:15s:484ms]
2024-11-15 16:41:36,750 - fl_main - INFO - [global round : 0] aggregated model loss : 1.5580278372355658
2024-11-15 16:41:36,751 - fl_main - INFO - global round : 1
2024-11-15 16:41:36,751 - fl_main - INFO - the random client id to test accuracy : f_00001
2024-11-15 16:41:36,751 - fl_main - INFO - ----- client id [f_00000] -----
2024-11-15 16:41:36,763 - fed_utils - INFO - init global model cost time : 0m:0s:11ms
2024-11-15 16:41:36,764 - client_base - INFO - recover model cost time : 0m:0s:0ms
2024-11-15 16:41:36,764 - fl_main - INFO - client_dict[f_00000] training ...
2024-11-15 16:41:36,775 - client_base - INFO - client_dict[f_00000] training epoch : 0
2024-11-15 16:41:45,923 - client_base - INFO - local model train cost time : 0m:9s:147ms
2024-11-15 16:41:45,925 - client_base - INFO - model encode time : 0m:0s:1ms
2024-11-15 16:41:45,925 - fl_main - INFO - client_dict[f_00000] local model encrypting ...
2024-11-15 16:42:24,224 - fed_utils - INFO - encrypting key [features.0.weight].length : 4800, cost time : 0m:38s:298ms
2024-11-15 16:42:24,741 - fed_utils - INFO - encrypting key [features.0.bias].length : 64, cost time : 0m:0s:516ms
2024-11-15 16:42:24,743 - fed_utils - INFO - load key [features.4.weight].length : 102400, cost time : 0m:0s:1ms
2024-11-15 16:42:24,743 - fed_utils - INFO - load key [features.4.bias].length : 64, cost time : 0m:0s:0ms
2024-11-15 16:42:24,783 - fed_utils - INFO - load key [classifier.0.weight].length : 1572864, cost time : 0m:0s:39ms
2024-11-15 16:42:24,783 - fed_utils - INFO - load key [classifier.0.bias].length : 384, cost time : 0m:0s:0ms
2024-11-15 16:42:24,785 - fed_utils - INFO - load key [classifier.2.weight].length : 73728, cost time : 0m:0s:1ms
2024-11-15 16:42:24,785 - fed_utils - INFO - load key [classifier.2.bias].length : 192, cost time : 0m:0s:0ms
2024-11-15 16:42:40,235 - fed_utils - INFO - encrypting key [classifier.4.weight].length : 1920, cost time : 0m:15s:449ms
2024-11-15 16:42:40,314 - fed_utils - INFO - encrypting key [classifier.4.bias].length : 10, cost time : 0m:0s:79ms
2024-11-15 16:42:40,338 - fl_main - INFO - Server receive client_dict[f_00000] info ...
2024-11-15 16:42:40,339 - fl_main - INFO - ----- client id [f_00001] -----
2024-11-15 16:42:40,348 - fed_utils - INFO - init global model cost time : 0m:0s:9ms
2024-11-15 16:42:40,350 - client_base - INFO - recover model cost time : 0m:0s:0ms
2024-11-15 16:42:42,813 - fl_main - INFO - global round [1] client_dict[f_00001].accuracy : 0.407800
2024-11-15 16:42:42,813 - fl_main - INFO - client_dict[f_00001] training ...
2024-11-15 16:42:42,814 - client_base - INFO - client_dict[f_00001] training epoch : 0
2024-11-15 16:42:51,910 - client_base - INFO - local model train cost time : 0m:9s:96ms
2024-11-15 16:42:51,912 - client_base - INFO - model encode time : 0m:0s:1ms
2024-11-15 16:42:51,912 - fl_main - INFO - client_dict[f_00001] local model encrypting ...
2024-11-15 16:43:29,940 - fed_utils - INFO - encrypting key [features.0.weight].length : 4800, cost time : 0m:38s:27ms
2024-11-15 16:43:30,457 - fed_utils - INFO - encrypting key [features.0.bias].length : 64, cost time : 0m:0s:517ms
2024-11-15 16:43:30,460 - fed_utils - INFO - load key [features.4.weight].length : 102400, cost time : 0m:0s:2ms
2024-11-15 16:43:30,460 - fed_utils - INFO - load key [features.4.bias].length : 64, cost time : 0m:0s:0ms
2024-11-15 16:43:30,500 - fed_utils - INFO - load key [classifier.0.weight].length : 1572864, cost time : 0m:0s:39ms
2024-11-15 16:43:30,500 - fed_utils - INFO - load key [classifier.0.bias].length : 384, cost time : 0m:0s:0ms
2024-11-15 16:43:30,502 - fed_utils - INFO - load key [classifier.2.weight].length : 73728, cost time : 0m:0s:1ms
2024-11-15 16:43:30,502 - fed_utils - INFO - load key [classifier.2.bias].length : 192, cost time : 0m:0s:0ms
2024-11-15 16:43:45,777 - fed_utils - INFO - encrypting key [classifier.4.weight].length : 1920, cost time : 0m:15s:274ms
2024-11-15 16:43:45,857 - fed_utils - INFO - encrypting key [classifier.4.bias].length : 10, cost time : 0m:0s:80ms
2024-11-15 16:43:45,857 - fl_main - INFO - Server receive client_dict[f_00001] info ...
2024-11-15 16:43:45,858 - fl_main - INFO - ----- client id [f_00002] -----
2024-11-15 16:43:45,867 - fed_utils - INFO - init global model cost time : 0m:0s:9ms
2024-11-15 16:43:45,869 - client_base - INFO - recover model cost time : 0m:0s:0ms
2024-11-15 16:43:45,869 - fl_main - INFO - client_dict[f_00002] training ...
2024-11-15 16:43:45,870 - client_base - INFO - client_dict[f_00002] training epoch : 0
2024-11-15 16:43:55,086 - client_base - INFO - local model train cost time : 0m:9s:215ms
2024-11-15 16:43:55,088 - client_base - INFO - model encode time : 0m:0s:2ms
2024-11-15 16:43:55,089 - fl_main - INFO - client_dict[f_00002] local model encrypting ...
2024-11-15 16:44:33,293 - fed_utils - INFO - encrypting key [features.0.weight].length : 4800, cost time : 0m:38s:204ms
2024-11-15 16:44:33,822 - fed_utils - INFO - encrypting key [features.0.bias].length : 64, cost time : 0m:0s:528ms
2024-11-15 16:44:33,824 - fed_utils - INFO - load key [features.4.weight].length : 102400, cost time : 0m:0s:2ms
2024-11-15 16:44:33,825 - fed_utils - INFO - load key [features.4.bias].length : 64, cost time : 0m:0s:0ms
2024-11-15 16:44:33,864 - fed_utils - INFO - load key [classifier.0.weight].length : 1572864, cost time : 0m:0s:39ms
2024-11-15 16:44:33,864 - fed_utils - INFO - load key [classifier.0.bias].length : 384, cost time : 0m:0s:0ms
2024-11-15 16:44:33,866 - fed_utils - INFO - load key [classifier.2.weight].length : 73728, cost time : 0m:0s:1ms
2024-11-15 16:44:33,866 - fed_utils - INFO - load key [classifier.2.bias].length : 192, cost time : 0m:0s:0ms
2024-11-15 16:44:49,083 - fed_utils - INFO - encrypting key [classifier.4.weight].length : 1920, cost time : 0m:15s:217ms
2024-11-15 16:44:49,162 - fed_utils - INFO - encrypting key [classifier.4.bias].length : 10, cost time : 0m:0s:79ms
2024-11-15 16:44:49,162 - fl_main - INFO - Server receive client_dict[f_00002] info ...
2024-11-15 16:44:49,163 - fl_main - INFO - ----- client id [f_00003] -----
2024-11-15 16:44:49,174 - fed_utils - INFO - init global model cost time : 0m:0s:11ms
2024-11-15 16:44:49,176 - client_base - INFO - recover model cost time : 0m:0s:0ms
2024-11-15 16:44:49,176 - fl_main - INFO - client_dict[f_00003] training ...
2024-11-15 16:44:49,178 - client_base - INFO - client_dict[f_00003] training epoch : 0
2024-11-15 16:44:58,335 - client_base - INFO - local model train cost time : 0m:9s:157ms
2024-11-15 16:44:58,337 - client_base - INFO - model encode time : 0m:0s:1ms
2024-11-15 16:44:58,337 - fl_main - INFO - client_dict[f_00003] local model encrypting ...
2024-11-15 16:45:36,389 - fed_utils - INFO - encrypting key [features.0.weight].length : 4800, cost time : 0m:38s:52ms
2024-11-15 16:45:36,907 - fed_utils - INFO - encrypting key [features.0.bias].length : 64, cost time : 0m:0s:517ms
2024-11-15 16:45:36,910 - fed_utils - INFO - load key [features.4.weight].length : 102400, cost time : 0m:0s:2ms
2024-11-15 16:45:36,910 - fed_utils - INFO - load key [features.4.bias].length : 64, cost time : 0m:0s:0ms
2024-11-15 16:45:36,950 - fed_utils - INFO - load key [classifier.0.weight].length : 1572864, cost time : 0m:0s:39ms
2024-11-15 16:45:36,950 - fed_utils - INFO - load key [classifier.0.bias].length : 384, cost time : 0m:0s:0ms
2024-11-15 16:45:36,951 - fed_utils - INFO - load key [classifier.2.weight].length : 73728, cost time : 0m:0s:1ms
2024-11-15 16:45:36,952 - fed_utils - INFO - load key [classifier.2.bias].length : 192, cost time : 0m:0s:0ms
2024-11-15 16:45:52,179 - fed_utils - INFO - encrypting key [classifier.4.weight].length : 1920, cost time : 0m:15s:227ms
2024-11-15 16:45:52,258 - fed_utils - INFO - encrypting key [classifier.4.bias].length : 10, cost time : 0m:0s:79ms
2024-11-15 16:45:52,258 - fl_main - INFO - Server receive client_dict[f_00003] info ...
2024-11-15 16:45:52,258 - fl_main - INFO - ----- client id [f_00004] -----
2024-11-15 16:45:52,268 - fed_utils - INFO - init global model cost time : 0m:0s:9ms
2024-11-15 16:45:52,270 - client_base - INFO - recover model cost time : 0m:0s:0ms
2024-11-15 16:45:52,270 - fl_main - INFO - client_dict[f_00004] training ...
2024-11-15 16:45:52,272 - client_base - INFO - client_dict[f_00004] training epoch : 0
2024-11-15 16:46:01,400 - client_base - INFO - local model train cost time : 0m:9s:128ms
2024-11-15 16:46:01,402 - client_base - INFO - model encode time : 0m:0s:1ms
2024-11-15 16:46:01,402 - fl_main - INFO - client_dict[f_00004] local model encrypting ...
2024-11-15 16:46:39,593 - fed_utils - INFO - encrypting key [features.0.weight].length : 4800, cost time : 0m:38s:190ms
2024-11-15 16:46:40,109 - fed_utils - INFO - encrypting key [features.0.bias].length : 64, cost time : 0m:0s:515ms
2024-11-15 16:46:40,111 - fed_utils - INFO - load key [features.4.weight].length : 102400, cost time : 0m:0s:2ms
2024-11-15 16:46:40,111 - fed_utils - INFO - load key [features.4.bias].length : 64, cost time : 0m:0s:0ms
2024-11-15 16:46:40,150 - fed_utils - INFO - load key [classifier.0.weight].length : 1572864, cost time : 0m:0s:39ms
2024-11-15 16:46:40,151 - fed_utils - INFO - load key [classifier.0.bias].length : 384, cost time : 0m:0s:0ms
2024-11-15 16:46:40,153 - fed_utils - INFO - load key [classifier.2.weight].length : 73728, cost time : 0m:0s:1ms
2024-11-15 16:46:40,153 - fed_utils - INFO - load key [classifier.2.bias].length : 192, cost time : 0m:0s:0ms
2024-11-15 16:46:55,403 - fed_utils - INFO - encrypting key [classifier.4.weight].length : 1920, cost time : 0m:15s:250ms
2024-11-15 16:46:55,483 - fed_utils - INFO - encrypting key [classifier.4.bias].length : 10, cost time : 0m:0s:79ms
2024-11-15 16:46:55,483 - fl_main - INFO - Server receive client_dict[f_00004] info ...
2024-11-15 16:46:55,483 - fl_main - INFO - global aggregation process ...
2024-11-15 16:46:55,483 - fed_utils - INFO - server.n_data : 50000
2024-11-15 16:46:55,483 - fed_utils - INFO - client_dict[f_00000].weight : 0.200000
2024-11-15 16:46:55,484 - fed_utils - INFO - client_dict[f_00001].weight : 0.200000
2024-11-15 16:46:55,484 - fed_utils - INFO - client_dict[f_00002].weight : 0.200000
2024-11-15 16:46:55,484 - fed_utils - INFO - client_dict[f_00003].weight : 0.200000
2024-11-15 16:46:55,484 - fed_utils - INFO - client_dict[f_00004].weight : 0.200000
2024-11-15 16:46:55,484 - fed_utils - INFO - recover secret number by clients: 3157279.000000
2024-11-15 16:46:55,484 - server_base - INFO - Server aggregate model with homomorphic encryption ...
2024-11-15 16:47:06,061 - server_base - INFO - Server aggregate model done, cost time : 0m:10s:577ms
2024-11-15 16:47:16,983 - fed_utils - INFO - decrypting key [features.0.weight].shape [torch.Size([64, 3, 5, 5])]
2024-11-15 16:47:17,129 - fed_utils - INFO - decrypting key [features.0.bias].shape [torch.Size([64])]
2024-11-15 16:47:17,130 - fed_utils - INFO - decrypting key [features.4.weight].shape [torch.Size([64, 64, 5, 5])]
2024-11-15 16:47:17,130 - fed_utils - INFO - decrypting key [features.4.bias].shape [torch.Size([64])]
2024-11-15 16:47:17,139 - fed_utils - INFO - decrypting key [classifier.0.weight].shape [torch.Size([384, 4096])]
2024-11-15 16:47:17,139 - fed_utils - INFO - decrypting key [classifier.0.bias].shape [torch.Size([384])]
2024-11-15 16:47:17,140 - fed_utils - INFO - decrypting key [classifier.2.weight].shape [torch.Size([192, 384])]
2024-11-15 16:47:17,140 - fed_utils - INFO - decrypting key [classifier.2.bias].shape [torch.Size([192])]
2024-11-15 16:47:21,507 - fed_utils - INFO - decrypting key [classifier.4.weight].shape [torch.Size([10, 192])]
2024-11-15 16:47:21,530 - fed_utils - INFO - decrypting key [classifier.4.bias].shape [torch.Size([10])]
2024-11-15 16:47:21,530 - fed_utils - INFO - decrypt time : [0m:15s:468ms]
2024-11-15 16:47:21,598 - fl_main - INFO - [global round : 1] aggregated model accuracy : 0.4078
2024-11-15 16:47:21,598 - fl_main - INFO - [global round : 1] aggregated model loss : 1.5690956963529126
2024-11-15 16:47:21,599 - fl_main - INFO - global round : 2
2024-11-15 16:47:21,599 - fl_main - INFO - the random client id to test accuracy : f_00004
2024-11-15 16:47:21,599 - fl_main - INFO - ----- client id [f_00000] -----
2024-11-15 16:47:21,611 - fed_utils - INFO - init global model cost time : 0m:0s:11ms
2024-11-15 16:47:21,612 - client_base - INFO - recover model cost time : 0m:0s:0ms
2024-11-15 16:47:21,612 - fl_main - INFO - client_dict[f_00000] training ...
2024-11-15 16:47:21,623 - client_base - INFO - client_dict[f_00000] training epoch : 0
2024-11-15 16:47:30,769 - client_base - INFO - local model train cost time : 0m:9s:145ms
2024-11-15 16:47:30,771 - client_base - INFO - model encode time : 0m:0s:1ms
2024-11-15 16:47:30,771 - fl_main - INFO - client_dict[f_00000] local model encrypting ...
2024-11-15 16:48:08,839 - fed_utils - INFO - encrypting key [features.0.weight].length : 4800, cost time : 0m:38s:68ms
2024-11-15 16:48:09,357 - fed_utils - INFO - encrypting key [features.0.bias].length : 64, cost time : 0m:0s:517ms
2024-11-15 16:48:09,359 - fed_utils - INFO - load key [features.4.weight].length : 102400, cost time : 0m:0s:1ms
2024-11-15 16:48:09,359 - fed_utils - INFO - load key [features.4.bias].length : 64, cost time : 0m:0s:0ms
2024-11-15 16:48:09,397 - fed_utils - INFO - load key [classifier.0.weight].length : 1572864, cost time : 0m:0s:37ms
2024-11-15 16:48:09,397 - fed_utils - INFO - load key [classifier.0.bias].length : 384, cost time : 0m:0s:0ms
2024-11-15 16:48:09,399 - fed_utils - INFO - load key [classifier.2.weight].length : 73728, cost time : 0m:0s:1ms
2024-11-15 16:48:09,399 - fed_utils - INFO - load key [classifier.2.bias].length : 192, cost time : 0m:0s:0ms
2024-11-15 16:48:24,602 - fed_utils - INFO - encrypting key [classifier.4.weight].length : 1920, cost time : 0m:15s:203ms
2024-11-15 16:48:24,682 - fed_utils - INFO - encrypting key [classifier.4.bias].length : 10, cost time : 0m:0s:79ms
2024-11-15 16:48:24,706 - fl_main - INFO - Server receive client_dict[f_00000] info ...
2024-11-15 16:48:24,706 - fl_main - INFO - ----- client id [f_00001] -----
2024-11-15 16:48:24,716 - fed_utils - INFO - init global model cost time : 0m:0s:9ms
2024-11-15 16:48:24,718 - client_base - INFO - recover model cost time : 0m:0s:0ms
2024-11-15 16:48:24,718 - fl_main - INFO - client_dict[f_00001] training ...
2024-11-15 16:48:24,720 - client_base - INFO - client_dict[f_00001] training epoch : 0
2024-11-15 16:48:33,852 - client_base - INFO - local model train cost time : 0m:9s:132ms
2024-11-15 16:48:33,854 - client_base - INFO - model encode time : 0m:0s:1ms
2024-11-15 16:48:33,854 - fl_main - INFO - client_dict[f_00001] local model encrypting ...
2024-11-15 16:49:11,934 - fed_utils - INFO - encrypting key [features.0.weight].length : 4800, cost time : 0m:38s:79ms
2024-11-15 16:49:12,452 - fed_utils - INFO - encrypting key [features.0.bias].length : 64, cost time : 0m:0s:517ms
2024-11-15 16:49:12,454 - fed_utils - INFO - load key [features.4.weight].length : 102400, cost time : 0m:0s:2ms
2024-11-15 16:49:12,455 - fed_utils - INFO - load key [features.4.bias].length : 64, cost time : 0m:0s:0ms
2024-11-15 16:49:12,494 - fed_utils - INFO - load key [classifier.0.weight].length : 1572864, cost time : 0m:0s:39ms
2024-11-15 16:49:12,494 - fed_utils - INFO - load key [classifier.0.bias].length : 384, cost time : 0m:0s:0ms
2024-11-15 16:49:12,496 - fed_utils - INFO - load key [classifier.2.weight].length : 73728, cost time : 0m:0s:2ms
2024-11-15 16:49:12,496 - fed_utils - INFO - load key [classifier.2.bias].length : 192, cost time : 0m:0s:0ms
2024-11-15 16:49:27,728 - fed_utils - INFO - encrypting key [classifier.4.weight].length : 1920, cost time : 0m:15s:231ms
2024-11-15 16:49:27,808 - fed_utils - INFO - encrypting key [classifier.4.bias].length : 10, cost time : 0m:0s:79ms
2024-11-15 16:49:27,808 - fl_main - INFO - Server receive client_dict[f_00001] info ...
2024-11-15 16:49:27,808 - fl_main - INFO - ----- client id [f_00002] -----
2024-11-15 16:49:27,818 - fed_utils - INFO - init global model cost time : 0m:0s:9ms
2024-11-15 16:49:27,820 - client_base - INFO - recover model cost time : 0m:0s:0ms
2024-11-15 16:49:27,820 - fl_main - INFO - client_dict[f_00002] training ...
2024-11-15 16:49:27,822 - client_base - INFO - client_dict[f_00002] training epoch : 0
2024-11-15 16:49:36,957 - client_base - INFO - local model train cost time : 0m:9s:135ms
2024-11-15 16:49:36,959 - client_base - INFO - model encode time : 0m:0s:1ms
2024-11-15 16:49:36,959 - fl_main - INFO - client_dict[f_00002] local model encrypting ...
2024-11-15 16:50:14,977 - fed_utils - INFO - encrypting key [features.0.weight].length : 4800, cost time : 0m:38s:18ms
2024-11-15 16:50:15,495 - fed_utils - INFO - encrypting key [features.0.bias].length : 64, cost time : 0m:0s:517ms
2024-11-15 16:50:15,498 - fed_utils - INFO - load key [features.4.weight].length : 102400, cost time : 0m:0s:2ms
2024-11-15 16:50:15,498 - fed_utils - INFO - load key [features.4.bias].length : 64, cost time : 0m:0s:0ms
2024-11-15 16:50:15,537 - fed_utils - INFO - load key [classifier.0.weight].length : 1572864, cost time : 0m:0s:39ms
2024-11-15 16:50:15,537 - fed_utils - INFO - load key [classifier.0.bias].length : 384, cost time : 0m:0s:0ms
2024-11-15 16:50:15,539 - fed_utils - INFO - load key [classifier.2.weight].length : 73728, cost time : 0m:0s:1ms
2024-11-15 16:50:15,539 - fed_utils - INFO - load key [classifier.2.bias].length : 192, cost time : 0m:0s:0ms
2024-11-15 16:50:30,750 - fed_utils - INFO - encrypting key [classifier.4.weight].length : 1920, cost time : 0m:15s:210ms
2024-11-15 16:50:30,829 - fed_utils - INFO - encrypting key [classifier.4.bias].length : 10, cost time : 0m:0s:79ms
2024-11-15 16:50:30,829 - fl_main - INFO - Server receive client_dict[f_00002] info ...
2024-11-15 16:50:30,830 - fl_main - INFO - ----- client id [f_00003] -----
2024-11-15 16:50:30,839 - fed_utils - INFO - init global model cost time : 0m:0s:9ms
2024-11-15 16:50:30,841 - client_base - INFO - recover model cost time : 0m:0s:0ms
2024-11-15 16:50:30,841 - fl_main - INFO - client_dict[f_00003] training ...
2024-11-15 16:50:30,843 - client_base - INFO - client_dict[f_00003] training epoch : 0
2024-11-15 16:50:40,030 - client_base - INFO - local model train cost time : 0m:9s:187ms
2024-11-15 16:50:40,032 - client_base - INFO - model encode time : 0m:0s:1ms
2024-11-15 16:50:40,032 - fl_main - INFO - client_dict[f_00003] local model encrypting ...
2024-11-15 16:51:18,127 - fed_utils - INFO - encrypting key [features.0.weight].length : 4800, cost time : 0m:38s:95ms
2024-11-15 16:51:18,645 - fed_utils - INFO - encrypting key [features.0.bias].length : 64, cost time : 0m:0s:517ms
2024-11-15 16:51:18,647 - fed_utils - INFO - load key [features.4.weight].length : 102400, cost time : 0m:0s:2ms
2024-11-15 16:51:18,647 - fed_utils - INFO - load key [features.4.bias].length : 64, cost time : 0m:0s:0ms
2024-11-15 16:51:18,686 - fed_utils - INFO - load key [classifier.0.weight].length : 1572864, cost time : 0m:0s:38ms
2024-11-15 16:51:18,686 - fed_utils - INFO - load key [classifier.0.bias].length : 384, cost time : 0m:0s:0ms
2024-11-15 16:51:18,688 - fed_utils - INFO - load key [classifier.2.weight].length : 73728, cost time : 0m:0s:1ms
2024-11-15 16:51:18,688 - fed_utils - INFO - load key [classifier.2.bias].length : 192, cost time : 0m:0s:0ms
2024-11-15 16:51:33,981 - fed_utils - INFO - encrypting key [classifier.4.weight].length : 1920, cost time : 0m:15s:292ms
2024-11-15 16:51:34,060 - fed_utils - INFO - encrypting key [classifier.4.bias].length : 10, cost time : 0m:0s:79ms
2024-11-15 16:51:34,060 - fl_main - INFO - Server receive client_dict[f_00003] info ...
2024-11-15 16:51:34,060 - fl_main - INFO - ----- client id [f_00004] -----
2024-11-15 16:51:34,072 - fed_utils - INFO - init global model cost time : 0m:0s:11ms
2024-11-15 16:51:34,074 - client_base - INFO - recover model cost time : 0m:0s:0ms
2024-11-15 16:51:36,492 - fl_main - INFO - global round [2] client_dict[f_00004].accuracy : 0.489400
2024-11-15 16:51:36,492 - fl_main - INFO - client_dict[f_00004] training ...
2024-11-15 16:51:36,493 - client_base - INFO - client_dict[f_00004] training epoch : 0
2024-11-15 16:51:45,610 - client_base - INFO - local model train cost time : 0m:9s:116ms
2024-11-15 16:51:45,611 - client_base - INFO - model encode time : 0m:0s:1ms
2024-11-15 16:51:45,612 - fl_main - INFO - client_dict[f_00004] local model encrypting ...
2024-11-15 16:52:23,804 - fed_utils - INFO - encrypting key [features.0.weight].length : 4800, cost time : 0m:38s:192ms
2024-11-15 16:52:24,322 - fed_utils - INFO - encrypting key [features.0.bias].length : 64, cost time : 0m:0s:517ms
2024-11-15 16:52:24,325 - fed_utils - INFO - load key [features.4.weight].length : 102400, cost time : 0m:0s:2ms
2024-11-15 16:52:24,325 - fed_utils - INFO - load key [features.4.bias].length : 64, cost time : 0m:0s:0ms
2024-11-15 16:52:24,364 - fed_utils - INFO - load key [classifier.0.weight].length : 1572864, cost time : 0m:0s:38ms
2024-11-15 16:52:24,364 - fed_utils - INFO - load key [classifier.0.bias].length : 384, cost time : 0m:0s:0ms
2024-11-15 16:52:24,366 - fed_utils - INFO - load key [classifier.2.weight].length : 73728, cost time : 0m:0s:1ms
2024-11-15 16:52:24,366 - fed_utils - INFO - load key [classifier.2.bias].length : 192, cost time : 0m:0s:0ms
2024-11-15 16:52:39,654 - fed_utils - INFO - encrypting key [classifier.4.weight].length : 1920, cost time : 0m:15s:287ms
2024-11-15 16:52:39,734 - fed_utils - INFO - encrypting key [classifier.4.bias].length : 10, cost time : 0m:0s:79ms
2024-11-15 16:52:39,734 - fl_main - INFO - Server receive client_dict[f_00004] info ...
2024-11-15 16:52:39,734 - fl_main - INFO - global aggregation process ...
2024-11-15 16:52:39,734 - fed_utils - INFO - server.n_data : 50000
2024-11-15 16:52:39,734 - fed_utils - INFO - client_dict[f_00000].weight : 0.200000
2024-11-15 16:52:39,734 - fed_utils - INFO - client_dict[f_00001].weight : 0.200000
2024-11-15 16:52:39,734 - fed_utils - INFO - client_dict[f_00002].weight : 0.200000
2024-11-15 16:52:39,734 - fed_utils - INFO - client_dict[f_00003].weight : 0.200000
2024-11-15 16:52:39,734 - fed_utils - INFO - client_dict[f_00004].weight : 0.200000
2024-11-15 16:52:39,734 - fed_utils - INFO - recover secret number by clients: 3157279.000000
2024-11-15 16:52:39,735 - server_base - INFO - Server aggregate model with homomorphic encryption ...
2024-11-15 16:52:50,480 - server_base - INFO - Server aggregate model done, cost time : 0m:10s:745ms
2024-11-15 16:53:01,534 - fed_utils - INFO - decrypting key [features.0.weight].shape [torch.Size([64, 3, 5, 5])]
2024-11-15 16:53:01,680 - fed_utils - INFO - decrypting key [features.0.bias].shape [torch.Size([64])]
2024-11-15 16:53:01,680 - fed_utils - INFO - decrypting key [features.4.weight].shape [torch.Size([64, 64, 5, 5])]
2024-11-15 16:53:01,680 - fed_utils - INFO - decrypting key [features.4.bias].shape [torch.Size([64])]
2024-11-15 16:53:01,687 - fed_utils - INFO - decrypting key [classifier.0.weight].shape [torch.Size([384, 4096])]
2024-11-15 16:53:01,687 - fed_utils - INFO - decrypting key [classifier.0.bias].shape [torch.Size([384])]
2024-11-15 16:53:01,688 - fed_utils - INFO - decrypting key [classifier.2.weight].shape [torch.Size([192, 384])]
2024-11-15 16:53:01,688 - fed_utils - INFO - decrypting key [classifier.2.bias].shape [torch.Size([192])]
2024-11-15 16:53:06,118 - fed_utils - INFO - decrypting key [classifier.4.weight].shape [torch.Size([10, 192])]
2024-11-15 16:53:06,141 - fed_utils - INFO - decrypting key [classifier.4.bias].shape [torch.Size([10])]
2024-11-15 16:53:06,141 - fed_utils - INFO - decrypt time : [0m:15s:660ms]
2024-11-15 16:53:06,210 - fl_main - INFO - [global round : 2] aggregated model accuracy : 0.4894
2024-11-15 16:53:06,210 - fl_main - INFO - [global round : 2] aggregated model loss : 1.5234940756045081
2024-11-15 16:53:06,211 - fl_main - INFO - global round : 3
2024-11-15 16:53:06,211 - fl_main - INFO - the random client id to test accuracy : f_00000
2024-11-15 16:53:06,211 - fl_main - INFO - ----- client id [f_00000] -----
2024-11-15 16:53:06,223 - fed_utils - INFO - init global model cost time : 0m:0s:11ms
2024-11-15 16:53:06,225 - client_base - INFO - recover model cost time : 0m:0s:0ms
2024-11-15 16:53:08,707 - fl_main - INFO - global round [3] client_dict[f_00000].accuracy : 0.541000
2024-11-15 16:53:08,707 - fl_main - INFO - client_dict[f_00000] training ...
2024-11-15 16:53:08,707 - client_base - INFO - client_dict[f_00000] training epoch : 0
2024-11-15 16:53:17,541 - client_base - INFO - local model train cost time : 0m:8s:833ms
2024-11-15 16:53:17,542 - client_base - INFO - model encode time : 0m:0s:1ms
2024-11-15 16:53:17,543 - fl_main - INFO - client_dict[f_00000] local model encrypting ...
2024-11-15 16:53:55,896 - fed_utils - INFO - encrypting key [features.0.weight].length : 4800, cost time : 0m:38s:353ms
2024-11-15 16:53:56,412 - fed_utils - INFO - encrypting key [features.0.bias].length : 64, cost time : 0m:0s:515ms
2024-11-15 16:53:56,414 - fed_utils - INFO - load key [features.4.weight].length : 102400, cost time : 0m:0s:2ms
2024-11-15 16:53:56,415 - fed_utils - INFO - load key [features.4.bias].length : 64, cost time : 0m:0s:0ms
2024-11-15 16:53:56,451 - fed_utils - INFO - load key [classifier.0.weight].length : 1572864, cost time : 0m:0s:36ms
2024-11-15 16:53:56,452 - fed_utils - INFO - load key [classifier.0.bias].length : 384, cost time : 0m:0s:0ms
2024-11-15 16:53:56,453 - fed_utils - INFO - load key [classifier.2.weight].length : 73728, cost time : 0m:0s:1ms
2024-11-15 16:53:56,454 - fed_utils - INFO - load key [classifier.2.bias].length : 192, cost time : 0m:0s:0ms
2024-11-15 16:54:11,652 - fed_utils - INFO - encrypting key [classifier.4.weight].length : 1920, cost time : 0m:15s:197ms
2024-11-15 16:54:11,731 - fed_utils - INFO - encrypting key [classifier.4.bias].length : 10, cost time : 0m:0s:79ms
2024-11-15 16:54:11,755 - fl_main - INFO - Server receive client_dict[f_00000] info ...
2024-11-15 16:54:11,755 - fl_main - INFO - ----- client id [f_00001] -----
2024-11-15 16:54:11,765 - fed_utils - INFO - init global model cost time : 0m:0s:9ms
2024-11-15 16:54:11,767 - client_base - INFO - recover model cost time : 0m:0s:0ms
2024-11-15 16:54:11,768 - fl_main - INFO - client_dict[f_00001] training ...
2024-11-15 16:54:11,769 - client_base - INFO - client_dict[f_00001] training epoch : 0
2024-11-15 16:54:20,588 - client_base - INFO - local model train cost time : 0m:8s:818ms
2024-11-15 16:54:20,590 - client_base - INFO - model encode time : 0m:0s:1ms
2024-11-15 16:54:20,590 - fl_main - INFO - client_dict[f_00001] local model encrypting ...
2024-11-15 16:54:58,626 - fed_utils - INFO - encrypting key [features.0.weight].length : 4800, cost time : 0m:38s:36ms
2024-11-15 16:54:59,157 - fed_utils - INFO - encrypting key [features.0.bias].length : 64, cost time : 0m:0s:530ms
2024-11-15 16:54:59,160 - fed_utils - INFO - load key [features.4.weight].length : 102400, cost time : 0m:0s:2ms
2024-11-15 16:54:59,160 - fed_utils - INFO - load key [features.4.bias].length : 64, cost time : 0m:0s:0ms
2024-11-15 16:54:59,200 - fed_utils - INFO - load key [classifier.0.weight].length : 1572864, cost time : 0m:0s:39ms
2024-11-15 16:54:59,200 - fed_utils - INFO - load key [classifier.0.bias].length : 384, cost time : 0m:0s:0ms
2024-11-15 16:54:59,202 - fed_utils - INFO - load key [classifier.2.weight].length : 73728, cost time : 0m:0s:1ms
2024-11-15 16:54:59,202 - fed_utils - INFO - load key [classifier.2.bias].length : 192, cost time : 0m:0s:0ms
2024-11-15 16:55:14,667 - fed_utils - INFO - encrypting key [classifier.4.weight].length : 1920, cost time : 0m:15s:464ms
2024-11-15 16:55:14,748 - fed_utils - INFO - encrypting key [classifier.4.bias].length : 10, cost time : 0m:0s:81ms
2024-11-15 16:55:14,748 - fl_main - INFO - Server receive client_dict[f_00001] info ...
2024-11-15 16:55:14,748 - fl_main - INFO - ----- client id [f_00002] -----
2024-11-15 16:55:14,758 - fed_utils - INFO - init global model cost time : 0m:0s:9ms
2024-11-15 16:55:14,759 - client_base - INFO - recover model cost time : 0m:0s:0ms
2024-11-15 16:55:14,760 - fl_main - INFO - client_dict[f_00002] training ...
2024-11-15 16:55:14,761 - client_base - INFO - client_dict[f_00002] training epoch : 0
2024-11-15 16:55:23,962 - client_base - INFO - local model train cost time : 0m:9s:200ms
2024-11-15 16:55:23,963 - client_base - INFO - model encode time : 0m:0s:1ms
2024-11-15 16:55:23,963 - fl_main - INFO - client_dict[f_00002] local model encrypting ...
2024-11-15 16:56:02,204 - fed_utils - INFO - encrypting key [features.0.weight].length : 4800, cost time : 0m:38s:240ms
2024-11-15 16:56:02,721 - fed_utils - INFO - encrypting key [features.0.bias].length : 64, cost time : 0m:0s:516ms
2024-11-15 16:56:02,723 - fed_utils - INFO - load key [features.4.weight].length : 102400, cost time : 0m:0s:2ms
2024-11-15 16:56:02,724 - fed_utils - INFO - load key [features.4.bias].length : 64, cost time : 0m:0s:0ms
2024-11-15 16:56:02,763 - fed_utils - INFO - load key [classifier.0.weight].length : 1572864, cost time : 0m:0s:39ms
2024-11-15 16:56:02,763 - fed_utils - INFO - load key [classifier.0.bias].length : 384, cost time : 0m:0s:0ms
2024-11-15 16:56:02,765 - fed_utils - INFO - load key [classifier.2.weight].length : 73728, cost time : 0m:0s:1ms
2024-11-15 16:56:02,765 - fed_utils - INFO - load key [classifier.2.bias].length : 192, cost time : 0m:0s:0ms
2024-11-15 16:56:18,017 - fed_utils - INFO - encrypting key [classifier.4.weight].length : 1920, cost time : 0m:15s:252ms
2024-11-15 16:56:18,097 - fed_utils - INFO - encrypting key [classifier.4.bias].length : 10, cost time : 0m:0s:79ms
2024-11-15 16:56:18,097 - fl_main - INFO - Server receive client_dict[f_00002] info ...
2024-11-15 16:56:18,097 - fl_main - INFO - ----- client id [f_00003] -----
2024-11-15 16:56:18,107 - fed_utils - INFO - init global model cost time : 0m:0s:9ms
2024-11-15 16:56:18,109 - client_base - INFO - recover model cost time : 0m:0s:0ms
2024-11-15 16:56:18,110 - fl_main - INFO - client_dict[f_00003] training ...
2024-11-15 16:56:18,111 - client_base - INFO - client_dict[f_00003] training epoch : 0
2024-11-15 16:56:27,339 - client_base - INFO - local model train cost time : 0m:9s:228ms
2024-11-15 16:56:27,342 - client_base - INFO - model encode time : 0m:0s:1ms
2024-11-15 16:56:27,342 - fl_main - INFO - client_dict[f_00003] local model encrypting ...
2024-11-15 16:57:05,457 - fed_utils - INFO - encrypting key [features.0.weight].length : 4800, cost time : 0m:38s:114ms
2024-11-15 16:57:05,975 - fed_utils - INFO - encrypting key [features.0.bias].length : 64, cost time : 0m:0s:518ms
2024-11-15 16:57:05,978 - fed_utils - INFO - load key [features.4.weight].length : 102400, cost time : 0m:0s:2ms
2024-11-15 16:57:05,978 - fed_utils - INFO - load key [features.4.bias].length : 64, cost time : 0m:0s:0ms
2024-11-15 16:57:06,017 - fed_utils - INFO - load key [classifier.0.weight].length : 1572864, cost time : 0m:0s:39ms
2024-11-15 16:57:06,017 - fed_utils - INFO - load key [classifier.0.bias].length : 384, cost time : 0m:0s:0ms
2024-11-15 16:57:06,019 - fed_utils - INFO - load key [classifier.2.weight].length : 73728, cost time : 0m:0s:1ms
2024-11-15 16:57:06,019 - fed_utils - INFO - load key [classifier.2.bias].length : 192, cost time : 0m:0s:0ms
2024-11-15 16:57:21,239 - fed_utils - INFO - encrypting key [classifier.4.weight].length : 1920, cost time : 0m:15s:219ms
2024-11-15 16:57:21,319 - fed_utils - INFO - encrypting key [classifier.4.bias].length : 10, cost time : 0m:0s:79ms
2024-11-15 16:57:21,319 - fl_main - INFO - Server receive client_dict[f_00003] info ...
2024-11-15 16:57:21,319 - fl_main - INFO - ----- client id [f_00004] -----
2024-11-15 16:57:21,329 - fed_utils - INFO - init global model cost time : 0m:0s:9ms
2024-11-15 16:57:21,331 - client_base - INFO - recover model cost time : 0m:0s:0ms
2024-11-15 16:57:21,331 - fl_main - INFO - client_dict[f_00004] training ...
2024-11-15 16:57:21,333 - client_base - INFO - client_dict[f_00004] training epoch : 0
2024-11-15 16:57:30,481 - client_base - INFO - local model train cost time : 0m:9s:147ms
2024-11-15 16:57:30,482 - client_base - INFO - model encode time : 0m:0s:1ms
2024-11-15 16:57:30,483 - fl_main - INFO - client_dict[f_00004] local model encrypting ...
2024-11-15 16:58:08,557 - fed_utils - INFO - encrypting key [features.0.weight].length : 4800, cost time : 0m:38s:74ms
2024-11-15 16:58:09,076 - fed_utils - INFO - encrypting key [features.0.bias].length : 64, cost time : 0m:0s:518ms
2024-11-15 16:58:09,079 - fed_utils - INFO - load key [features.4.weight].length : 102400, cost time : 0m:0s:2ms
2024-11-15 16:58:09,079 - fed_utils - INFO - load key [features.4.bias].length : 64, cost time : 0m:0s:0ms
2024-11-15 16:58:09,118 - fed_utils - INFO - load key [classifier.0.weight].length : 1572864, cost time : 0m:0s:39ms
2024-11-15 16:58:09,118 - fed_utils - INFO - load key [classifier.0.bias].length : 384, cost time : 0m:0s:0ms
2024-11-15 16:58:09,120 - fed_utils - INFO - load key [classifier.2.weight].length : 73728, cost time : 0m:0s:1ms
2024-11-15 16:58:09,120 - fed_utils - INFO - load key [classifier.2.bias].length : 192, cost time : 0m:0s:0ms
2024-11-15 16:58:24,350 - fed_utils - INFO - encrypting key [classifier.4.weight].length : 1920, cost time : 0m:15s:230ms
2024-11-15 16:58:24,430 - fed_utils - INFO - encrypting key [classifier.4.bias].length : 10, cost time : 0m:0s:79ms
2024-11-15 16:58:24,430 - fl_main - INFO - Server receive client_dict[f_00004] info ...
2024-11-15 16:58:24,430 - fl_main - INFO - global aggregation process ...
2024-11-15 16:58:24,431 - fed_utils - INFO - server.n_data : 50000
2024-11-15 16:58:24,431 - fed_utils - INFO - client_dict[f_00000].weight : 0.200000
2024-11-15 16:58:24,431 - fed_utils - INFO - client_dict[f_00001].weight : 0.200000
2024-11-15 16:58:24,431 - fed_utils - INFO - client_dict[f_00002].weight : 0.200000
2024-11-15 16:58:24,431 - fed_utils - INFO - client_dict[f_00003].weight : 0.200000
2024-11-15 16:58:24,431 - fed_utils - INFO - client_dict[f_00004].weight : 0.200000
2024-11-15 16:58:24,431 - fed_utils - INFO - recover secret number by clients: 3157279.000000
2024-11-15 16:58:24,431 - server_base - INFO - Server aggregate model with homomorphic encryption ...
2024-11-15 16:58:35,003 - server_base - INFO - Server aggregate model done, cost time : 0m:10s:572ms
2024-11-15 16:58:46,002 - fed_utils - INFO - decrypting key [features.0.weight].shape [torch.Size([64, 3, 5, 5])]
2024-11-15 16:58:46,148 - fed_utils - INFO - decrypting key [features.0.bias].shape [torch.Size([64])]
2024-11-15 16:58:46,149 - fed_utils - INFO - decrypting key [features.4.weight].shape [torch.Size([64, 64, 5, 5])]
2024-11-15 16:58:46,149 - fed_utils - INFO - decrypting key [features.4.bias].shape [torch.Size([64])]
2024-11-15 16:58:46,158 - fed_utils - INFO - decrypting key [classifier.0.weight].shape [torch.Size([384, 4096])]
2024-11-15 16:58:46,158 - fed_utils - INFO - decrypting key [classifier.0.bias].shape [torch.Size([384])]
2024-11-15 16:58:46,159 - fed_utils - INFO - decrypting key [classifier.2.weight].shape [torch.Size([192, 384])]
2024-11-15 16:58:46,159 - fed_utils - INFO - decrypting key [classifier.2.bias].shape [torch.Size([192])]
2024-11-15 16:58:50,577 - fed_utils - INFO - decrypting key [classifier.4.weight].shape [torch.Size([10, 192])]
2024-11-15 16:58:50,600 - fed_utils - INFO - decrypting key [classifier.4.bias].shape [torch.Size([10])]
2024-11-15 16:58:50,600 - fed_utils - INFO - decrypt time : [0m:15s:596ms]
2024-11-15 16:58:50,669 - fl_main - INFO - [global round : 3] aggregated model accuracy : 0.541
2024-11-15 16:58:50,669 - fl_main - INFO - [global round : 3] aggregated model loss : 1.33469576406484
2024-11-15 16:58:50,669 - fl_main - INFO - global round : 4
2024-11-15 16:58:50,669 - fl_main - INFO - the random client id to test accuracy : f_00003
2024-11-15 16:58:50,669 - fl_main - INFO - ----- client id [f_00000] -----
2024-11-15 16:58:50,681 - fed_utils - INFO - init global model cost time : 0m:0s:11ms
2024-11-15 16:58:50,683 - client_base - INFO - recover model cost time : 0m:0s:0ms
2024-11-15 16:58:50,684 - fl_main - INFO - client_dict[f_00000] training ...
2024-11-15 16:58:50,696 - client_base - INFO - client_dict[f_00000] training epoch : 0
2024-11-15 16:58:59,945 - client_base - INFO - local model train cost time : 0m:9s:248ms
2024-11-15 16:58:59,946 - client_base - INFO - model encode time : 0m:0s:1ms
2024-11-15 16:58:59,947 - fl_main - INFO - client_dict[f_00000] local model encrypting ...
2024-11-15 16:59:38,000 - fed_utils - INFO - encrypting key [features.0.weight].length : 4800, cost time : 0m:38s:53ms
2024-11-15 16:59:38,519 - fed_utils - INFO - encrypting key [features.0.bias].length : 64, cost time : 0m:0s:518ms
2024-11-15 16:59:38,521 - fed_utils - INFO - load key [features.4.weight].length : 102400, cost time : 0m:0s:1ms
2024-11-15 16:59:38,521 - fed_utils - INFO - load key [features.4.bias].length : 64, cost time : 0m:0s:0ms
2024-11-15 16:59:38,557 - fed_utils - INFO - load key [classifier.0.weight].length : 1572864, cost time : 0m:0s:36ms
2024-11-15 16:59:38,558 - fed_utils - INFO - load key [classifier.0.bias].length : 384, cost time : 0m:0s:0ms
2024-11-15 16:59:38,559 - fed_utils - INFO - load key [classifier.2.weight].length : 73728, cost time : 0m:0s:1ms
2024-11-15 16:59:38,560 - fed_utils - INFO - load key [classifier.2.bias].length : 192, cost time : 0m:0s:0ms
2024-11-15 16:59:53,919 - fed_utils - INFO - encrypting key [classifier.4.weight].length : 1920, cost time : 0m:15s:359ms
2024-11-15 16:59:53,998 - fed_utils - INFO - encrypting key [classifier.4.bias].length : 10, cost time : 0m:0s:79ms
2024-11-15 16:59:54,023 - fl_main - INFO - Server receive client_dict[f_00000] info ...
2024-11-15 16:59:54,023 - fl_main - INFO - ----- client id [f_00001] -----
2024-11-15 16:59:54,035 - fed_utils - INFO - init global model cost time : 0m:0s:12ms
2024-11-15 16:59:54,036 - client_base - INFO - recover model cost time : 0m:0s:0ms
2024-11-15 16:59:54,037 - fl_main - INFO - client_dict[f_00001] training ...
2024-11-15 16:59:54,038 - client_base - INFO - client_dict[f_00001] training epoch : 0
2024-11-15 17:00:03,190 - client_base - INFO - local model train cost time : 0m:9s:151ms
2024-11-15 17:00:03,192 - client_base - INFO - model encode time : 0m:0s:1ms
2024-11-15 17:00:03,192 - fl_main - INFO - client_dict[f_00001] local model encrypting ...
2024-11-15 17:00:41,313 - fed_utils - INFO - encrypting key [features.0.weight].length : 4800, cost time : 0m:38s:121ms
2024-11-15 17:00:41,832 - fed_utils - INFO - encrypting key [features.0.bias].length : 64, cost time : 0m:0s:518ms
2024-11-15 17:00:41,834 - fed_utils - INFO - load key [features.4.weight].length : 102400, cost time : 0m:0s:2ms
2024-11-15 17:00:41,834 - fed_utils - INFO - load key [features.4.bias].length : 64, cost time : 0m:0s:0ms
2024-11-15 17:00:41,874 - fed_utils - INFO - load key [classifier.0.weight].length : 1572864, cost time : 0m:0s:39ms
2024-11-15 17:00:41,874 - fed_utils - INFO - load key [classifier.0.bias].length : 384, cost time : 0m:0s:0ms
2024-11-15 17:00:41,876 - fed_utils - INFO - load key [classifier.2.weight].length : 73728, cost time : 0m:0s:1ms
2024-11-15 17:00:41,876 - fed_utils - INFO - load key [classifier.2.bias].length : 192, cost time : 0m:0s:0ms
2024-11-15 17:00:57,118 - fed_utils - INFO - encrypting key [classifier.4.weight].length : 1920, cost time : 0m:15s:241ms
2024-11-15 17:00:57,197 - fed_utils - INFO - encrypting key [classifier.4.bias].length : 10, cost time : 0m:0s:79ms
2024-11-15 17:00:57,197 - fl_main - INFO - Server receive client_dict[f_00001] info ...
2024-11-15 17:00:57,197 - fl_main - INFO - ----- client id [f_00002] -----
2024-11-15 17:00:57,207 - fed_utils - INFO - init global model cost time : 0m:0s:9ms
2024-11-15 17:00:57,209 - client_base - INFO - recover model cost time : 0m:0s:0ms
2024-11-15 17:00:57,209 - fl_main - INFO - client_dict[f_00002] training ...
2024-11-15 17:00:57,211 - client_base - INFO - client_dict[f_00002] training epoch : 0
2024-11-15 17:01:06,363 - client_base - INFO - local model train cost time : 0m:9s:152ms
2024-11-15 17:01:06,365 - client_base - INFO - model encode time : 0m:0s:1ms
2024-11-15 17:01:06,365 - fl_main - INFO - client_dict[f_00002] local model encrypting ...
2024-11-15 17:01:44,383 - fed_utils - INFO - encrypting key [features.0.weight].length : 4800, cost time : 0m:38s:17ms
2024-11-15 17:01:44,901 - fed_utils - INFO - encrypting key [features.0.bias].length : 64, cost time : 0m:0s:517ms
2024-11-15 17:01:44,903 - fed_utils - INFO - load key [features.4.weight].length : 102400, cost time : 0m:0s:2ms
2024-11-15 17:01:44,904 - fed_utils - INFO - load key [features.4.bias].length : 64, cost time : 0m:0s:0ms
2024-11-15 17:01:44,943 - fed_utils - INFO - load key [classifier.0.weight].length : 1572864, cost time : 0m:0s:39ms
2024-11-15 17:01:44,943 - fed_utils - INFO - load key [classifier.0.bias].length : 384, cost time : 0m:0s:0ms
2024-11-15 17:01:44,945 - fed_utils - INFO - load key [classifier.2.weight].length : 73728, cost time : 0m:0s:1ms
2024-11-15 17:01:44,945 - fed_utils - INFO - load key [classifier.2.bias].length : 192, cost time : 0m:0s:0ms
2024-11-15 17:02:00,154 - fed_utils - INFO - encrypting key [classifier.4.weight].length : 1920, cost time : 0m:15s:209ms
2024-11-15 17:02:00,234 - fed_utils - INFO - encrypting key [classifier.4.bias].length : 10, cost time : 0m:0s:79ms
2024-11-15 17:02:00,234 - fl_main - INFO - Server receive client_dict[f_00002] info ...
2024-11-15 17:02:00,234 - fl_main - INFO - ----- client id [f_00003] -----
2024-11-15 17:02:00,243 - fed_utils - INFO - init global model cost time : 0m:0s:9ms
2024-11-15 17:02:00,245 - client_base - INFO - recover model cost time : 0m:0s:0ms
2024-11-15 17:02:02,669 - fl_main - INFO - global round [4] client_dict[f_00003].accuracy : 0.578900
2024-11-15 17:02:02,669 - fl_main - INFO - client_dict[f_00003] training ...
2024-11-15 17:02:02,669 - client_base - INFO - client_dict[f_00003] training epoch : 0
2024-11-15 17:02:11,793 - client_base - INFO - local model train cost time : 0m:9s:124ms
2024-11-15 17:02:11,795 - client_base - INFO - model encode time : 0m:0s:1ms
2024-11-15 17:02:11,795 - fl_main - INFO - client_dict[f_00003] local model encrypting ...
2024-11-15 17:02:49,916 - fed_utils - INFO - encrypting key [features.0.weight].length : 4800, cost time : 0m:38s:120ms
2024-11-15 17:02:50,434 - fed_utils - INFO - encrypting key [features.0.bias].length : 64, cost time : 0m:0s:518ms
2024-11-15 17:02:50,437 - fed_utils - INFO - load key [features.4.weight].length : 102400, cost time : 0m:0s:2ms
2024-11-15 17:02:50,437 - fed_utils - INFO - load key [features.4.bias].length : 64, cost time : 0m:0s:0ms
2024-11-15 17:02:50,476 - fed_utils - INFO - load key [classifier.0.weight].length : 1572864, cost time : 0m:0s:39ms
2024-11-15 17:02:50,476 - fed_utils - INFO - load key [classifier.0.bias].length : 384, cost time : 0m:0s:0ms
2024-11-15 17:02:50,478 - fed_utils - INFO - load key [classifier.2.weight].length : 73728, cost time : 0m:0s:1ms
2024-11-15 17:02:50,478 - fed_utils - INFO - load key [classifier.2.bias].length : 192, cost time : 0m:0s:0ms
2024-11-15 17:03:05,703 - fed_utils - INFO - encrypting key [classifier.4.weight].length : 1920, cost time : 0m:15s:225ms
2024-11-15 17:03:05,783 - fed_utils - INFO - encrypting key [classifier.4.bias].length : 10, cost time : 0m:0s:79ms
2024-11-15 17:03:05,783 - fl_main - INFO - Server receive client_dict[f_00003] info ...
2024-11-15 17:03:05,783 - fl_main - INFO - ----- client id [f_00004] -----
2024-11-15 17:03:05,795 - fed_utils - INFO - init global model cost time : 0m:0s:11ms
2024-11-15 17:03:05,797 - client_base - INFO - recover model cost time : 0m:0s:0ms
2024-11-15 17:03:05,797 - fl_main - INFO - client_dict[f_00004] training ...
2024-11-15 17:03:05,799 - client_base - INFO - client_dict[f_00004] training epoch : 0
2024-11-15 17:03:14,952 - client_base - INFO - local model train cost time : 0m:9s:152ms
2024-11-15 17:03:14,953 - client_base - INFO - model encode time : 0m:0s:1ms
2024-11-15 17:03:14,954 - fl_main - INFO - client_dict[f_00004] local model encrypting ...
2024-11-15 17:03:53,113 - fed_utils - INFO - encrypting key [features.0.weight].length : 4800, cost time : 0m:38s:159ms
2024-11-15 17:03:53,632 - fed_utils - INFO - encrypting key [features.0.bias].length : 64, cost time : 0m:0s:518ms
2024-11-15 17:03:53,635 - fed_utils - INFO - load key [features.4.weight].length : 102400, cost time : 0m:0s:2ms
2024-11-15 17:03:53,635 - fed_utils - INFO - load key [features.4.bias].length : 64, cost time : 0m:0s:0ms
2024-11-15 17:03:53,674 - fed_utils - INFO - load key [classifier.0.weight].length : 1572864, cost time : 0m:0s:39ms
2024-11-15 17:03:53,674 - fed_utils - INFO - load key [classifier.0.bias].length : 384, cost time : 0m:0s:0ms
2024-11-15 17:03:53,676 - fed_utils - INFO - load key [classifier.2.weight].length : 73728, cost time : 0m:0s:1ms
2024-11-15 17:03:53,676 - fed_utils - INFO - load key [classifier.2.bias].length : 192, cost time : 0m:0s:0ms
2024-11-15 17:04:08,898 - fed_utils - INFO - encrypting key [classifier.4.weight].length : 1920, cost time : 0m:15s:221ms
2024-11-15 17:04:08,978 - fed_utils - INFO - encrypting key [classifier.4.bias].length : 10, cost time : 0m:0s:79ms
2024-11-15 17:04:08,978 - fl_main - INFO - Server receive client_dict[f_00004] info ...
2024-11-15 17:04:08,978 - fl_main - INFO - global aggregation process ...
2024-11-15 17:04:08,978 - fed_utils - INFO - server.n_data : 50000
2024-11-15 17:04:08,978 - fed_utils - INFO - client_dict[f_00000].weight : 0.200000
2024-11-15 17:04:08,978 - fed_utils - INFO - client_dict[f_00001].weight : 0.200000
2024-11-15 17:04:08,978 - fed_utils - INFO - client_dict[f_00002].weight : 0.200000
2024-11-15 17:04:08,978 - fed_utils - INFO - client_dict[f_00003].weight : 0.200000
2024-11-15 17:04:08,978 - fed_utils - INFO - client_dict[f_00004].weight : 0.200000
2024-11-15 17:04:08,978 - fed_utils - INFO - recover secret number by clients: 3157279.000000
2024-11-15 17:04:08,978 - server_base - INFO - Server aggregate model with homomorphic encryption ...
2024-11-15 17:04:19,570 - server_base - INFO - Server aggregate model done, cost time : 0m:10s:591ms
2024-11-15 17:04:30,496 - fed_utils - INFO - decrypting key [features.0.weight].shape [torch.Size([64, 3, 5, 5])]
2024-11-15 17:04:30,642 - fed_utils - INFO - decrypting key [features.0.bias].shape [torch.Size([64])]
2024-11-15 17:04:30,643 - fed_utils - INFO - decrypting key [features.4.weight].shape [torch.Size([64, 64, 5, 5])]
2024-11-15 17:04:30,643 - fed_utils - INFO - decrypting key [features.4.bias].shape [torch.Size([64])]
2024-11-15 17:04:30,652 - fed_utils - INFO - decrypting key [classifier.0.weight].shape [torch.Size([384, 4096])]
2024-11-15 17:04:30,652 - fed_utils - INFO - decrypting key [classifier.0.bias].shape [torch.Size([384])]
2024-11-15 17:04:30,652 - fed_utils - INFO - decrypting key [classifier.2.weight].shape [torch.Size([192, 384])]
2024-11-15 17:04:30,652 - fed_utils - INFO - decrypting key [classifier.2.bias].shape [torch.Size([192])]
2024-11-15 17:04:35,021 - fed_utils - INFO - decrypting key [classifier.4.weight].shape [torch.Size([10, 192])]
2024-11-15 17:04:35,043 - fed_utils - INFO - decrypting key [classifier.4.bias].shape [torch.Size([10])]
2024-11-15 17:04:35,044 - fed_utils - INFO - decrypt time : [0m:15s:473ms]
2024-11-15 17:04:35,111 - fl_main - INFO - [global round : 4] aggregated model accuracy : 0.5789000000000001
2024-11-15 17:04:35,111 - fl_main - INFO - [global round : 4] aggregated model loss : 1.175733607876893
2024-11-15 17:04:35,112 - fl_main - INFO - global round : 5
2024-11-15 17:04:35,112 - fl_main - INFO - the random client id to test accuracy : f_00003
2024-11-15 17:04:35,112 - fl_main - INFO - ----- client id [f_00000] -----
2024-11-15 17:04:35,121 - fed_utils - INFO - init global model cost time : 0m:0s:9ms
2024-11-15 17:04:35,124 - client_base - INFO - recover model cost time : 0m:0s:0ms
2024-11-15 17:04:35,124 - fl_main - INFO - client_dict[f_00000] training ...
2024-11-15 17:04:35,131 - client_base - INFO - client_dict[f_00000] training epoch : 0
2024-11-15 17:04:44,286 - client_base - INFO - local model train cost time : 0m:9s:155ms
2024-11-15 17:04:44,288 - client_base - INFO - model encode time : 0m:0s:1ms
2024-11-15 17:04:44,288 - fl_main - INFO - client_dict[f_00000] local model encrypting ...
2024-11-15 17:05:22,510 - fed_utils - INFO - encrypting key [features.0.weight].length : 4800, cost time : 0m:38s:222ms
2024-11-15 17:05:23,032 - fed_utils - INFO - encrypting key [features.0.bias].length : 64, cost time : 0m:0s:521ms
2024-11-15 17:05:23,034 - fed_utils - INFO - load key [features.4.weight].length : 102400, cost time : 0m:0s:2ms
2024-11-15 17:05:23,034 - fed_utils - INFO - load key [features.4.bias].length : 64, cost time : 0m:0s:0ms
2024-11-15 17:05:23,070 - fed_utils - INFO - load key [classifier.0.weight].length : 1572864, cost time : 0m:0s:35ms
2024-11-15 17:05:23,070 - fed_utils - INFO - load key [classifier.0.bias].length : 384, cost time : 0m:0s:0ms
2024-11-15 17:05:23,072 - fed_utils - INFO - load key [classifier.2.weight].length : 73728, cost time : 0m:0s:1ms
2024-11-15 17:05:23,072 - fed_utils - INFO - load key [classifier.2.bias].length : 192, cost time : 0m:0s:0ms
2024-11-15 17:05:38,387 - fed_utils - INFO - encrypting key [classifier.4.weight].length : 1920, cost time : 0m:15s:315ms
2024-11-15 17:05:38,522 - fed_utils - INFO - encrypting key [classifier.4.bias].length : 10, cost time : 0m:0s:134ms
2024-11-15 17:05:38,560 - fl_main - INFO - Server receive client_dict[f_00000] info ...
2024-11-15 17:05:38,560 - fl_main - INFO - ----- client id [f_00001] -----
2024-11-15 17:05:38,577 - fed_utils - INFO - init global model cost time : 0m:0s:16ms
2024-11-15 17:05:38,579 - client_base - INFO - recover model cost time : 0m:0s:0ms
2024-11-15 17:05:38,580 - fl_main - INFO - client_dict[f_00001] training ...
2024-11-15 17:05:38,582 - client_base - INFO - client_dict[f_00001] training epoch : 0
2024-11-15 17:05:47,725 - client_base - INFO - local model train cost time : 0m:9s:143ms
2024-11-15 17:05:47,728 - client_base - INFO - model encode time : 0m:0s:2ms
2024-11-15 17:05:47,728 - fl_main - INFO - client_dict[f_00001] local model encrypting ...
2024-11-15 17:06:25,968 - fed_utils - INFO - encrypting key [features.0.weight].length : 4800, cost time : 0m:38s:239ms
2024-11-15 17:06:26,484 - fed_utils - INFO - encrypting key [features.0.bias].length : 64, cost time : 0m:0s:516ms
2024-11-15 17:06:26,487 - fed_utils - INFO - load key [features.4.weight].length : 102400, cost time : 0m:0s:2ms
2024-11-15 17:06:26,487 - fed_utils - INFO - load key [features.4.bias].length : 64, cost time : 0m:0s:0ms
2024-11-15 17:06:26,527 - fed_utils - INFO - load key [classifier.0.weight].length : 1572864, cost time : 0m:0s:39ms
2024-11-15 17:06:26,527 - fed_utils - INFO - load key [classifier.0.bias].length : 384, cost time : 0m:0s:0ms
2024-11-15 17:06:26,529 - fed_utils - INFO - load key [classifier.2.weight].length : 73728, cost time : 0m:0s:1ms
2024-11-15 17:06:26,529 - fed_utils - INFO - load key [classifier.2.bias].length : 192, cost time : 0m:0s:0ms
2024-11-15 17:06:41,745 - fed_utils - INFO - encrypting key [classifier.4.weight].length : 1920, cost time : 0m:15s:215ms
2024-11-15 17:06:41,824 - fed_utils - INFO - encrypting key [classifier.4.bias].length : 10, cost time : 0m:0s:79ms
2024-11-15 17:06:41,824 - fl_main - INFO - Server receive client_dict[f_00001] info ...
2024-11-15 17:06:41,825 - fl_main - INFO - ----- client id [f_00002] -----
2024-11-15 17:06:41,834 - fed_utils - INFO - init global model cost time : 0m:0s:9ms
2024-11-15 17:06:41,836 - client_base - INFO - recover model cost time : 0m:0s:0ms
2024-11-15 17:06:41,837 - fl_main - INFO - client_dict[f_00002] training ...
2024-11-15 17:06:41,838 - client_base - INFO - client_dict[f_00002] training epoch : 0
2024-11-15 17:06:51,039 - client_base - INFO - local model train cost time : 0m:9s:200ms
2024-11-15 17:06:51,041 - client_base - INFO - model encode time : 0m:0s:1ms
2024-11-15 17:06:51,041 - fl_main - INFO - client_dict[f_00002] local model encrypting ...
2024-11-15 17:07:29,065 - fed_utils - INFO - encrypting key [features.0.weight].length : 4800, cost time : 0m:38s:23ms
2024-11-15 17:07:29,582 - fed_utils - INFO - encrypting key [features.0.bias].length : 64, cost time : 0m:0s:517ms
2024-11-15 17:07:29,585 - fed_utils - INFO - load key [features.4.weight].length : 102400, cost time : 0m:0s:2ms
2024-11-15 17:07:29,585 - fed_utils - INFO - load key [features.4.bias].length : 64, cost time : 0m:0s:0ms
2024-11-15 17:07:29,625 - fed_utils - INFO - load key [classifier.0.weight].length : 1572864, cost time : 0m:0s:39ms
2024-11-15 17:07:29,625 - fed_utils - INFO - load key [classifier.0.bias].length : 384, cost time : 0m:0s:0ms
2024-11-15 17:07:29,627 - fed_utils - INFO - load key [classifier.2.weight].length : 73728, cost time : 0m:0s:1ms
2024-11-15 17:07:29,627 - fed_utils - INFO - load key [classifier.2.bias].length : 192, cost time : 0m:0s:0ms
2024-11-15 17:07:44,863 - fed_utils - INFO - encrypting key [classifier.4.weight].length : 1920, cost time : 0m:15s:235ms
2024-11-15 17:07:44,942 - fed_utils - INFO - encrypting key [classifier.4.bias].length : 10, cost time : 0m:0s:79ms
2024-11-15 17:07:44,942 - fl_main - INFO - Server receive client_dict[f_00002] info ...
2024-11-15 17:07:44,942 - fl_main - INFO - ----- client id [f_00003] -----
2024-11-15 17:07:44,952 - fed_utils - INFO - init global model cost time : 0m:0s:9ms
2024-11-15 17:07:44,954 - client_base - INFO - recover model cost time : 0m:0s:0ms
2024-11-15 17:07:47,402 - fl_main - INFO - global round [5] client_dict[f_00003].accuracy : 0.617200
2024-11-15 17:07:47,402 - fl_main - INFO - client_dict[f_00003] training ...
2024-11-15 17:07:47,402 - client_base - INFO - client_dict[f_00003] training epoch : 0
2024-11-15 17:07:56,521 - client_base - INFO - local model train cost time : 0m:9s:118ms
2024-11-15 17:07:56,522 - client_base - INFO - model encode time : 0m:0s:1ms
2024-11-15 17:07:56,523 - fl_main - INFO - client_dict[f_00003] local model encrypting ...
2024-11-15 17:08:34,593 - fed_utils - INFO - encrypting key [features.0.weight].length : 4800, cost time : 0m:38s:69ms
2024-11-15 17:08:35,111 - fed_utils - INFO - encrypting key [features.0.bias].length : 64, cost time : 0m:0s:518ms
2024-11-15 17:08:35,114 - fed_utils - INFO - load key [features.4.weight].length : 102400, cost time : 0m:0s:2ms
2024-11-15 17:08:35,114 - fed_utils - INFO - load key [features.4.bias].length : 64, cost time : 0m:0s:0ms
2024-11-15 17:08:35,153 - fed_utils - INFO - load key [classifier.0.weight].length : 1572864, cost time : 0m:0s:39ms
2024-11-15 17:08:35,153 - fed_utils - INFO - load key [classifier.0.bias].length : 384, cost time : 0m:0s:0ms
2024-11-15 17:08:35,155 - fed_utils - INFO - load key [classifier.2.weight].length : 73728, cost time : 0m:0s:1ms
2024-11-15 17:08:35,155 - fed_utils - INFO - load key [classifier.2.bias].length : 192, cost time : 0m:0s:0ms
2024-11-15 17:08:50,401 - fed_utils - INFO - encrypting key [classifier.4.weight].length : 1920, cost time : 0m:15s:246ms
2024-11-15 17:08:50,481 - fed_utils - INFO - encrypting key [classifier.4.bias].length : 10, cost time : 0m:0s:79ms
2024-11-15 17:08:50,481 - fl_main - INFO - Server receive client_dict[f_00003] info ...
2024-11-15 17:08:50,482 - fl_main - INFO - ----- client id [f_00004] -----
2024-11-15 17:08:50,491 - fed_utils - INFO - init global model cost time : 0m:0s:9ms
2024-11-15 17:08:50,493 - client_base - INFO - recover model cost time : 0m:0s:0ms
2024-11-15 17:08:50,494 - fl_main - INFO - client_dict[f_00004] training ...
2024-11-15 17:08:50,495 - client_base - INFO - client_dict[f_00004] training epoch : 0
2024-11-15 17:08:59,655 - client_base - INFO - local model train cost time : 0m:9s:159ms
2024-11-15 17:08:59,657 - client_base - INFO - model encode time : 0m:0s:1ms
2024-11-15 17:08:59,657 - fl_main - INFO - client_dict[f_00004] local model encrypting ...
2024-11-15 17:09:37,725 - fed_utils - INFO - encrypting key [features.0.weight].length : 4800, cost time : 0m:38s:67ms
2024-11-15 17:09:38,243 - fed_utils - INFO - encrypting key [features.0.bias].length : 64, cost time : 0m:0s:517ms
2024-11-15 17:09:38,245 - fed_utils - INFO - load key [features.4.weight].length : 102400, cost time : 0m:0s:2ms
2024-11-15 17:09:38,245 - fed_utils - INFO - load key [features.4.bias].length : 64, cost time : 0m:0s:0ms
2024-11-15 17:09:38,284 - fed_utils - INFO - load key [classifier.0.weight].length : 1572864, cost time : 0m:0s:38ms
2024-11-15 17:09:38,284 - fed_utils - INFO - load key [classifier.0.bias].length : 384, cost time : 0m:0s:0ms
2024-11-15 17:09:38,286 - fed_utils - INFO - load key [classifier.2.weight].length : 73728, cost time : 0m:0s:1ms
2024-11-15 17:09:38,286 - fed_utils - INFO - load key [classifier.2.bias].length : 192, cost time : 0m:0s:0ms
2024-11-15 17:09:53,501 - fed_utils - INFO - encrypting key [classifier.4.weight].length : 1920, cost time : 0m:15s:214ms
2024-11-15 17:09:53,581 - fed_utils - INFO - encrypting key [classifier.4.bias].length : 10, cost time : 0m:0s:79ms
2024-11-15 17:09:53,581 - fl_main - INFO - Server receive client_dict[f_00004] info ...
2024-11-15 17:09:53,581 - fl_main - INFO - global aggregation process ...
2024-11-15 17:09:53,581 - fed_utils - INFO - server.n_data : 50000
2024-11-15 17:09:53,581 - fed_utils - INFO - client_dict[f_00000].weight : 0.200000
2024-11-15 17:09:53,581 - fed_utils - INFO - client_dict[f_00001].weight : 0.200000
2024-11-15 17:09:53,581 - fed_utils - INFO - client_dict[f_00002].weight : 0.200000
2024-11-15 17:09:53,581 - fed_utils - INFO - client_dict[f_00003].weight : 0.200000
2024-11-15 17:09:53,581 - fed_utils - INFO - client_dict[f_00004].weight : 0.200000
2024-11-15 17:09:53,581 - fed_utils - INFO - recover secret number by clients: 3157279.000000
2024-11-15 17:09:53,581 - server_base - INFO - Server aggregate model with homomorphic encryption ...
2024-11-15 17:10:04,172 - server_base - INFO - Server aggregate model done, cost time : 0m:10s:590ms
2024-11-15 17:10:15,098 - fed_utils - INFO - decrypting key [features.0.weight].shape [torch.Size([64, 3, 5, 5])]
2024-11-15 17:10:15,244 - fed_utils - INFO - decrypting key [features.0.bias].shape [torch.Size([64])]
2024-11-15 17:10:15,244 - fed_utils - INFO - decrypting key [features.4.weight].shape [torch.Size([64, 64, 5, 5])]
2024-11-15 17:10:15,244 - fed_utils - INFO - decrypting key [features.4.bias].shape [torch.Size([64])]
2024-11-15 17:10:15,254 - fed_utils - INFO - decrypting key [classifier.0.weight].shape [torch.Size([384, 4096])]
2024-11-15 17:10:15,254 - fed_utils - INFO - decrypting key [classifier.0.bias].shape [torch.Size([384])]
2024-11-15 17:10:15,254 - fed_utils - INFO - decrypting key [classifier.2.weight].shape [torch.Size([192, 384])]
2024-11-15 17:10:15,254 - fed_utils - INFO - decrypting key [classifier.2.bias].shape [torch.Size([192])]
2024-11-15 17:10:19,623 - fed_utils - INFO - decrypting key [classifier.4.weight].shape [torch.Size([10, 192])]
2024-11-15 17:10:19,645 - fed_utils - INFO - decrypting key [classifier.4.bias].shape [torch.Size([10])]
2024-11-15 17:10:19,646 - fed_utils - INFO - decrypt time : [0m:15s:473ms]
2024-11-15 17:10:19,713 - fl_main - INFO - [global round : 5] aggregated model accuracy : 0.6172000000000001
2024-11-15 17:10:19,713 - fl_main - INFO - [global round : 5] aggregated model loss : 1.103748350948729
2024-11-15 17:10:19,714 - fl_main - INFO - global round : 6
2024-11-15 17:10:19,714 - fl_main - INFO - the random client id to test accuracy : f_00002
2024-11-15 17:10:19,714 - fl_main - INFO - ----- client id [f_00000] -----
2024-11-15 17:10:19,724 - fed_utils - INFO - init global model cost time : 0m:0s:9ms
2024-11-15 17:10:19,726 - client_base - INFO - recover model cost time : 0m:0s:0ms
2024-11-15 17:10:19,727 - fl_main - INFO - client_dict[f_00000] training ...
2024-11-15 17:10:19,734 - client_base - INFO - client_dict[f_00000] training epoch : 0
2024-11-15 17:10:28,919 - client_base - INFO - local model train cost time : 0m:9s:185ms
2024-11-15 17:10:28,921 - client_base - INFO - model encode time : 0m:0s:1ms
2024-11-15 17:10:28,921 - fl_main - INFO - client_dict[f_00000] local model encrypting ...
2024-11-15 17:11:07,062 - fed_utils - INFO - encrypting key [features.0.weight].length : 4800, cost time : 0m:38s:140ms
2024-11-15 17:11:07,580 - fed_utils - INFO - encrypting key [features.0.bias].length : 64, cost time : 0m:0s:517ms
2024-11-15 17:11:07,582 - fed_utils - INFO - load key [features.4.weight].length : 102400, cost time : 0m:0s:1ms
2024-11-15 17:11:07,582 - fed_utils - INFO - load key [features.4.bias].length : 64, cost time : 0m:0s:0ms
2024-11-15 17:11:07,617 - fed_utils - INFO - load key [classifier.0.weight].length : 1572864, cost time : 0m:0s:34ms
2024-11-15 17:11:07,617 - fed_utils - INFO - load key [classifier.0.bias].length : 384, cost time : 0m:0s:0ms
2024-11-15 17:11:07,619 - fed_utils - INFO - load key [classifier.2.weight].length : 73728, cost time : 0m:0s:1ms
2024-11-15 17:11:07,619 - fed_utils - INFO - load key [classifier.2.bias].length : 192, cost time : 0m:0s:0ms
2024-11-15 17:11:22,839 - fed_utils - INFO - encrypting key [classifier.4.weight].length : 1920, cost time : 0m:15s:219ms
2024-11-15 17:11:22,918 - fed_utils - INFO - encrypting key [classifier.4.bias].length : 10, cost time : 0m:0s:79ms
2024-11-15 17:11:22,942 - fl_main - INFO - Server receive client_dict[f_00000] info ...
2024-11-15 17:11:22,943 - fl_main - INFO - ----- client id [f_00001] -----
2024-11-15 17:11:22,952 - fed_utils - INFO - init global model cost time : 0m:0s:9ms
2024-11-15 17:11:22,955 - client_base - INFO - recover model cost time : 0m:0s:0ms
2024-11-15 17:11:22,955 - fl_main - INFO - client_dict[f_00001] training ...
2024-11-15 17:11:22,957 - client_base - INFO - client_dict[f_00001] training epoch : 0
2024-11-15 17:11:32,141 - client_base - INFO - local model train cost time : 0m:9s:184ms
2024-11-15 17:11:32,143 - client_base - INFO - model encode time : 0m:0s:1ms
2024-11-15 17:11:32,143 - fl_main - INFO - client_dict[f_00001] local model encrypting ...
2024-11-15 17:12:10,357 - fed_utils - INFO - encrypting key [features.0.weight].length : 4800, cost time : 0m:38s:213ms
2024-11-15 17:12:10,879 - fed_utils - INFO - encrypting key [features.0.bias].length : 64, cost time : 0m:0s:521ms
2024-11-15 17:12:10,881 - fed_utils - INFO - load key [features.4.weight].length : 102400, cost time : 0m:0s:2ms
2024-11-15 17:12:10,882 - fed_utils - INFO - load key [features.4.bias].length : 64, cost time : 0m:0s:0ms
2024-11-15 17:12:10,921 - fed_utils - INFO - load key [classifier.0.weight].length : 1572864, cost time : 0m:0s:39ms
2024-11-15 17:12:10,921 - fed_utils - INFO - load key [classifier.0.bias].length : 384, cost time : 0m:0s:0ms
2024-11-15 17:12:10,923 - fed_utils - INFO - load key [classifier.2.weight].length : 73728, cost time : 0m:0s:1ms
2024-11-15 17:12:10,923 - fed_utils - INFO - load key [classifier.2.bias].length : 192, cost time : 0m:0s:0ms
2024-11-15 17:12:26,165 - fed_utils - INFO - encrypting key [classifier.4.weight].length : 1920, cost time : 0m:15s:241ms
2024-11-15 17:12:26,245 - fed_utils - INFO - encrypting key [classifier.4.bias].length : 10, cost time : 0m:0s:79ms
2024-11-15 17:12:26,245 - fl_main - INFO - Server receive client_dict[f_00001] info ...
2024-11-15 17:12:26,245 - fl_main - INFO - ----- client id [f_00002] -----
2024-11-15 17:12:26,255 - fed_utils - INFO - init global model cost time : 0m:0s:9ms
2024-11-15 17:12:26,257 - client_base - INFO - recover model cost time : 0m:0s:0ms
2024-11-15 17:12:28,706 - fl_main - INFO - global round [6] client_dict[f_00002].accuracy : 0.643100
2024-11-15 17:12:28,706 - fl_main - INFO - client_dict[f_00002] training ...
2024-11-15 17:12:28,706 - client_base - INFO - client_dict[f_00002] training epoch : 0
2024-11-15 17:12:37,808 - client_base - INFO - local model train cost time : 0m:9s:101ms
2024-11-15 17:12:37,810 - client_base - INFO - model encode time : 0m:0s:1ms
2024-11-15 17:12:37,810 - fl_main - INFO - client_dict[f_00002] local model encrypting ...
2024-11-15 17:13:15,866 - fed_utils - INFO - encrypting key [features.0.weight].length : 4800, cost time : 0m:38s:55ms
2024-11-15 17:13:16,379 - fed_utils - INFO - encrypting key [features.0.bias].length : 64, cost time : 0m:0s:512ms
2024-11-15 17:13:16,382 - fed_utils - INFO - load key [features.4.weight].length : 102400, cost time : 0m:0s:2ms
2024-11-15 17:13:16,382 - fed_utils - INFO - load key [features.4.bias].length : 64, cost time : 0m:0s:0ms
2024-11-15 17:13:16,421 - fed_utils - INFO - load key [classifier.0.weight].length : 1572864, cost time : 0m:0s:39ms
2024-11-15 17:13:16,421 - fed_utils - INFO - load key [classifier.0.bias].length : 384, cost time : 0m:0s:0ms
2024-11-15 17:13:16,423 - fed_utils - INFO - load key [classifier.2.weight].length : 73728, cost time : 0m:0s:1ms
2024-11-15 17:13:16,423 - fed_utils - INFO - load key [classifier.2.bias].length : 192, cost time : 0m:0s:0ms
2024-11-15 17:13:31,640 - fed_utils - INFO - encrypting key [classifier.4.weight].length : 1920, cost time : 0m:15s:216ms
2024-11-15 17:13:31,719 - fed_utils - INFO - encrypting key [classifier.4.bias].length : 10, cost time : 0m:0s:79ms
2024-11-15 17:13:31,719 - fl_main - INFO - Server receive client_dict[f_00002] info ...
2024-11-15 17:13:31,719 - fl_main - INFO - ----- client id [f_00003] -----
2024-11-15 17:13:31,729 - fed_utils - INFO - init global model cost time : 0m:0s:9ms
2024-11-15 17:13:31,731 - client_base - INFO - recover model cost time : 0m:0s:0ms
2024-11-15 17:13:31,732 - fl_main - INFO - client_dict[f_00003] training ...
2024-11-15 17:13:31,733 - client_base - INFO - client_dict[f_00003] training epoch : 0
2024-11-15 17:13:40,892 - client_base - INFO - local model train cost time : 0m:9s:158ms
2024-11-15 17:13:40,894 - client_base - INFO - model encode time : 0m:0s:1ms
2024-11-15 17:13:40,894 - fl_main - INFO - client_dict[f_00003] local model encrypting ...
2024-11-15 17:14:18,922 - fed_utils - INFO - encrypting key [features.0.weight].length : 4800, cost time : 0m:38s:27ms
2024-11-15 17:14:19,440 - fed_utils - INFO - encrypting key [features.0.bias].length : 64, cost time : 0m:0s:517ms
2024-11-15 17:14:19,442 - fed_utils - INFO - load key [features.4.weight].length : 102400, cost time : 0m:0s:2ms
2024-11-15 17:14:19,443 - fed_utils - INFO - load key [features.4.bias].length : 64, cost time : 0m:0s:0ms
2024-11-15 17:14:19,482 - fed_utils - INFO - load key [classifier.0.weight].length : 1572864, cost time : 0m:0s:38ms
2024-11-15 17:14:19,482 - fed_utils - INFO - load key [classifier.0.bias].length : 384, cost time : 0m:0s:0ms
2024-11-15 17:14:19,484 - fed_utils - INFO - load key [classifier.2.weight].length : 73728, cost time : 0m:0s:1ms
2024-11-15 17:14:19,484 - fed_utils - INFO - load key [classifier.2.bias].length : 192, cost time : 0m:0s:0ms
2024-11-15 17:14:34,696 - fed_utils - INFO - encrypting key [classifier.4.weight].length : 1920, cost time : 0m:15s:211ms
2024-11-15 17:14:34,775 - fed_utils - INFO - encrypting key [classifier.4.bias].length : 10, cost time : 0m:0s:79ms
2024-11-15 17:14:34,775 - fl_main - INFO - Server receive client_dict[f_00003] info ...
2024-11-15 17:14:34,775 - fl_main - INFO - ----- client id [f_00004] -----
2024-11-15 17:14:34,785 - fed_utils - INFO - init global model cost time : 0m:0s:9ms
2024-11-15 17:14:34,787 - client_base - INFO - recover model cost time : 0m:0s:0ms
2024-11-15 17:14:34,787 - fl_main - INFO - client_dict[f_00004] training ...
2024-11-15 17:14:34,789 - client_base - INFO - client_dict[f_00004] training epoch : 0
2024-11-15 17:14:43,957 - client_base - INFO - local model train cost time : 0m:9s:167ms
2024-11-15 17:14:43,958 - client_base - INFO - model encode time : 0m:0s:1ms
2024-11-15 17:14:43,959 - fl_main - INFO - client_dict[f_00004] local model encrypting ...
2024-11-15 17:15:22,049 - fed_utils - INFO - encrypting key [features.0.weight].length : 4800, cost time : 0m:38s:90ms
2024-11-15 17:15:22,567 - fed_utils - INFO - encrypting key [features.0.bias].length : 64, cost time : 0m:0s:517ms
2024-11-15 17:15:22,570 - fed_utils - INFO - load key [features.4.weight].length : 102400, cost time : 0m:0s:2ms
2024-11-15 17:15:22,570 - fed_utils - INFO - load key [features.4.bias].length : 64, cost time : 0m:0s:0ms
2024-11-15 17:15:22,611 - fed_utils - INFO - load key [classifier.0.weight].length : 1572864, cost time : 0m:0s:41ms
2024-11-15 17:15:22,611 - fed_utils - INFO - load key [classifier.0.bias].length : 384, cost time : 0m:0s:0ms
2024-11-15 17:15:22,613 - fed_utils - INFO - load key [classifier.2.weight].length : 73728, cost time : 0m:0s:1ms
2024-11-15 17:15:22,613 - fed_utils - INFO - load key [classifier.2.bias].length : 192, cost time : 0m:0s:0ms
2024-11-15 17:15:37,874 - fed_utils - INFO - encrypting key [classifier.4.weight].length : 1920, cost time : 0m:15s:260ms
2024-11-15 17:15:37,953 - fed_utils - INFO - encrypting key [classifier.4.bias].length : 10, cost time : 0m:0s:79ms
2024-11-15 17:15:37,953 - fl_main - INFO - Server receive client_dict[f_00004] info ...
2024-11-15 17:15:37,953 - fl_main - INFO - global aggregation process ...
2024-11-15 17:15:37,954 - fed_utils - INFO - server.n_data : 50000
2024-11-15 17:15:37,954 - fed_utils - INFO - client_dict[f_00000].weight : 0.200000
2024-11-15 17:15:37,954 - fed_utils - INFO - client_dict[f_00001].weight : 0.200000
2024-11-15 17:15:37,954 - fed_utils - INFO - client_dict[f_00002].weight : 0.200000
2024-11-15 17:15:37,954 - fed_utils - INFO - client_dict[f_00003].weight : 0.200000
2024-11-15 17:15:37,954 - fed_utils - INFO - client_dict[f_00004].weight : 0.200000
2024-11-15 17:15:37,954 - fed_utils - INFO - recover secret number by clients: 3157279.000000
2024-11-15 17:15:37,954 - server_base - INFO - Server aggregate model with homomorphic encryption ...
2024-11-15 17:15:48,548 - server_base - INFO - Server aggregate model done, cost time : 0m:10s:593ms
2024-11-15 17:15:59,520 - fed_utils - INFO - decrypting key [features.0.weight].shape [torch.Size([64, 3, 5, 5])]
2024-11-15 17:15:59,667 - fed_utils - INFO - decrypting key [features.0.bias].shape [torch.Size([64])]
2024-11-15 17:15:59,667 - fed_utils - INFO - decrypting key [features.4.weight].shape [torch.Size([64, 64, 5, 5])]
2024-11-15 17:15:59,667 - fed_utils - INFO - decrypting key [features.4.bias].shape [torch.Size([64])]
2024-11-15 17:15:59,676 - fed_utils - INFO - decrypting key [classifier.0.weight].shape [torch.Size([384, 4096])]
2024-11-15 17:15:59,676 - fed_utils - INFO - decrypting key [classifier.0.bias].shape [torch.Size([384])]
2024-11-15 17:15:59,677 - fed_utils - INFO - decrypting key [classifier.2.weight].shape [torch.Size([192, 384])]
2024-11-15 17:15:59,677 - fed_utils - INFO - decrypting key [classifier.2.bias].shape [torch.Size([192])]
2024-11-15 17:16:04,065 - fed_utils - INFO - decrypting key [classifier.4.weight].shape [torch.Size([10, 192])]
2024-11-15 17:16:04,088 - fed_utils - INFO - decrypting key [classifier.4.bias].shape [torch.Size([10])]
2024-11-15 17:16:04,088 - fed_utils - INFO - decrypt time : [0m:15s:539ms]
2024-11-15 17:16:04,155 - fl_main - INFO - [global round : 6] aggregated model accuracy : 0.6431
2024-11-15 17:16:04,155 - fl_main - INFO - [global round : 6] aggregated model loss : 1.0940865902060584
2024-11-15 17:16:04,156 - fl_main - INFO - global round : 7
2024-11-15 17:16:04,156 - fl_main - INFO - the random client id to test accuracy : f_00001
2024-11-15 17:16:04,156 - fl_main - INFO - ----- client id [f_00000] -----
2024-11-15 17:16:04,166 - fed_utils - INFO - init global model cost time : 0m:0s:9ms
2024-11-15 17:16:04,168 - client_base - INFO - recover model cost time : 0m:0s:0ms
2024-11-15 17:16:04,168 - fl_main - INFO - client_dict[f_00000] training ...
2024-11-15 17:16:04,175 - client_base - INFO - client_dict[f_00000] training epoch : 0
2024-11-15 17:16:13,356 - client_base - INFO - local model train cost time : 0m:9s:180ms
2024-11-15 17:16:13,357 - client_base - INFO - model encode time : 0m:0s:1ms
2024-11-15 17:16:13,358 - fl_main - INFO - client_dict[f_00000] local model encrypting ...
2024-11-15 17:16:51,413 - fed_utils - INFO - encrypting key [features.0.weight].length : 4800, cost time : 0m:38s:55ms
2024-11-15 17:16:51,931 - fed_utils - INFO - encrypting key [features.0.bias].length : 64, cost time : 0m:0s:517ms
2024-11-15 17:16:51,933 - fed_utils - INFO - load key [features.4.weight].length : 102400, cost time : 0m:0s:2ms
2024-11-15 17:16:51,934 - fed_utils - INFO - load key [features.4.bias].length : 64, cost time : 0m:0s:0ms
2024-11-15 17:16:51,967 - fed_utils - INFO - load key [classifier.0.weight].length : 1572864, cost time : 0m:0s:33ms
2024-11-15 17:16:51,968 - fed_utils - INFO - load key [classifier.0.bias].length : 384, cost time : 0m:0s:0ms
2024-11-15 17:16:51,970 - fed_utils - INFO - load key [classifier.2.weight].length : 73728, cost time : 0m:0s:1ms
2024-11-15 17:16:51,970 - fed_utils - INFO - load key [classifier.2.bias].length : 192, cost time : 0m:0s:0ms
2024-11-15 17:17:07,199 - fed_utils - INFO - encrypting key [classifier.4.weight].length : 1920, cost time : 0m:15s:229ms
2024-11-15 17:17:07,278 - fed_utils - INFO - encrypting key [classifier.4.bias].length : 10, cost time : 0m:0s:79ms
2024-11-15 17:17:07,303 - fl_main - INFO - Server receive client_dict[f_00000] info ...
2024-11-15 17:17:07,303 - fl_main - INFO - ----- client id [f_00001] -----
2024-11-15 17:17:07,313 - fed_utils - INFO - init global model cost time : 0m:0s:9ms
2024-11-15 17:17:07,315 - client_base - INFO - recover model cost time : 0m:0s:0ms
2024-11-15 17:17:09,754 - fl_main - INFO - global round [7] client_dict[f_00001].accuracy : 0.663200
2024-11-15 17:17:09,755 - fl_main - INFO - client_dict[f_00001] training ...
2024-11-15 17:17:09,755 - client_base - INFO - client_dict[f_00001] training epoch : 0
2024-11-15 17:17:18,870 - client_base - INFO - local model train cost time : 0m:9s:115ms
2024-11-15 17:17:18,872 - client_base - INFO - model encode time : 0m:0s:1ms
2024-11-15 17:17:18,872 - fl_main - INFO - client_dict[f_00001] local model encrypting ...
2024-11-15 17:17:56,965 - fed_utils - INFO - encrypting key [features.0.weight].length : 4800, cost time : 0m:38s:92ms
2024-11-15 17:17:57,484 - fed_utils - INFO - encrypting key [features.0.bias].length : 64, cost time : 0m:0s:519ms
2024-11-15 17:17:57,487 - fed_utils - INFO - load key [features.4.weight].length : 102400, cost time : 0m:0s:2ms
2024-11-15 17:17:57,487 - fed_utils - INFO - load key [features.4.bias].length : 64, cost time : 0m:0s:0ms
2024-11-15 17:17:57,527 - fed_utils - INFO - load key [classifier.0.weight].length : 1572864, cost time : 0m:0s:39ms
2024-11-15 17:17:57,527 - fed_utils - INFO - load key [classifier.0.bias].length : 384, cost time : 0m:0s:0ms
2024-11-15 17:17:57,529 - fed_utils - INFO - load key [classifier.2.weight].length : 73728, cost time : 0m:0s:1ms
2024-11-15 17:17:57,529 - fed_utils - INFO - load key [classifier.2.bias].length : 192, cost time : 0m:0s:0ms
2024-11-15 17:18:12,753 - fed_utils - INFO - encrypting key [classifier.4.weight].length : 1920, cost time : 0m:15s:223ms
2024-11-15 17:18:12,832 - fed_utils - INFO - encrypting key [classifier.4.bias].length : 10, cost time : 0m:0s:79ms
2024-11-15 17:18:12,832 - fl_main - INFO - Server receive client_dict[f_00001] info ...
2024-11-15 17:18:12,833 - fl_main - INFO - ----- client id [f_00002] -----
2024-11-15 17:18:12,842 - fed_utils - INFO - init global model cost time : 0m:0s:9ms
2024-11-15 17:18:12,844 - client_base - INFO - recover model cost time : 0m:0s:0ms
2024-11-15 17:18:12,845 - fl_main - INFO - client_dict[f_00002] training ...
2024-11-15 17:18:12,846 - client_base - INFO - client_dict[f_00002] training epoch : 0
2024-11-15 17:18:22,012 - client_base - INFO - local model train cost time : 0m:9s:165ms
2024-11-15 17:18:22,014 - client_base - INFO - model encode time : 0m:0s:1ms
2024-11-15 17:18:22,014 - fl_main - INFO - client_dict[f_00002] local model encrypting ...
2024-11-15 17:19:00,050 - fed_utils - INFO - encrypting key [features.0.weight].length : 4800, cost time : 0m:38s:35ms
2024-11-15 17:19:00,569 - fed_utils - INFO - encrypting key [features.0.bias].length : 64, cost time : 0m:0s:518ms
2024-11-15 17:19:00,572 - fed_utils - INFO - load key [features.4.weight].length : 102400, cost time : 0m:0s:2ms
2024-11-15 17:19:00,572 - fed_utils - INFO - load key [features.4.bias].length : 64, cost time : 0m:0s:0ms
2024-11-15 17:19:00,612 - fed_utils - INFO - load key [classifier.0.weight].length : 1572864, cost time : 0m:0s:40ms
2024-11-15 17:19:00,612 - fed_utils - INFO - load key [classifier.0.bias].length : 384, cost time : 0m:0s:0ms
2024-11-15 17:19:00,614 - fed_utils - INFO - load key [classifier.2.weight].length : 73728, cost time : 0m:0s:1ms
2024-11-15 17:19:00,614 - fed_utils - INFO - load key [classifier.2.bias].length : 192, cost time : 0m:0s:0ms
2024-11-15 17:19:15,840 - fed_utils - INFO - encrypting key [classifier.4.weight].length : 1920, cost time : 0m:15s:226ms
2024-11-15 17:19:15,920 - fed_utils - INFO - encrypting key [classifier.4.bias].length : 10, cost time : 0m:0s:79ms
2024-11-15 17:19:15,920 - fl_main - INFO - Server receive client_dict[f_00002] info ...
2024-11-15 17:19:15,920 - fl_main - INFO - ----- client id [f_00003] -----
2024-11-15 17:19:15,930 - fed_utils - INFO - init global model cost time : 0m:0s:9ms
2024-11-15 17:19:15,932 - client_base - INFO - recover model cost time : 0m:0s:0ms
2024-11-15 17:19:15,932 - fl_main - INFO - client_dict[f_00003] training ...
2024-11-15 17:19:15,934 - client_base - INFO - client_dict[f_00003] training epoch : 0
2024-11-15 17:19:25,095 - client_base - INFO - local model train cost time : 0m:9s:161ms
2024-11-15 17:19:25,097 - client_base - INFO - model encode time : 0m:0s:1ms
2024-11-15 17:19:25,097 - fl_main - INFO - client_dict[f_00003] local model encrypting ...
2024-11-15 17:20:03,130 - fed_utils - INFO - encrypting key [features.0.weight].length : 4800, cost time : 0m:38s:32ms
2024-11-15 17:20:03,647 - fed_utils - INFO - encrypting key [features.0.bias].length : 64, cost time : 0m:0s:517ms
2024-11-15 17:20:03,650 - fed_utils - INFO - load key [features.4.weight].length : 102400, cost time : 0m:0s:2ms
2024-11-15 17:20:03,650 - fed_utils - INFO - load key [features.4.bias].length : 64, cost time : 0m:0s:0ms
2024-11-15 17:20:03,689 - fed_utils - INFO - load key [classifier.0.weight].length : 1572864, cost time : 0m:0s:39ms
2024-11-15 17:20:03,689 - fed_utils - INFO - load key [classifier.0.bias].length : 384, cost time : 0m:0s:0ms
2024-11-15 17:20:03,691 - fed_utils - INFO - load key [classifier.2.weight].length : 73728, cost time : 0m:0s:1ms
2024-11-15 17:20:03,691 - fed_utils - INFO - load key [classifier.2.bias].length : 192, cost time : 0m:0s:0ms
2024-11-15 17:20:18,921 - fed_utils - INFO - encrypting key [classifier.4.weight].length : 1920, cost time : 0m:15s:230ms
2024-11-15 17:20:19,001 - fed_utils - INFO - encrypting key [classifier.4.bias].length : 10, cost time : 0m:0s:79ms
2024-11-15 17:20:19,001 - fl_main - INFO - Server receive client_dict[f_00003] info ...
2024-11-15 17:20:19,001 - fl_main - INFO - ----- client id [f_00004] -----
2024-11-15 17:20:19,010 - fed_utils - INFO - init global model cost time : 0m:0s:9ms
2024-11-15 17:20:19,013 - client_base - INFO - recover model cost time : 0m:0s:0ms
2024-11-15 17:20:19,013 - fl_main - INFO - client_dict[f_00004] training ...
2024-11-15 17:20:19,015 - client_base - INFO - client_dict[f_00004] training epoch : 0
2024-11-15 17:20:28,182 - client_base - INFO - local model train cost time : 0m:9s:167ms
2024-11-15 17:20:28,183 - client_base - INFO - model encode time : 0m:0s:1ms
2024-11-15 17:20:28,184 - fl_main - INFO - client_dict[f_00004] local model encrypting ...
2024-11-15 17:21:06,286 - fed_utils - INFO - encrypting key [features.0.weight].length : 4800, cost time : 0m:38s:102ms
2024-11-15 17:21:06,804 - fed_utils - INFO - encrypting key [features.0.bias].length : 64, cost time : 0m:0s:517ms
2024-11-15 17:21:06,806 - fed_utils - INFO - load key [features.4.weight].length : 102400, cost time : 0m:0s:2ms
2024-11-15 17:21:06,807 - fed_utils - INFO - load key [features.4.bias].length : 64, cost time : 0m:0s:0ms
2024-11-15 17:21:06,846 - fed_utils - INFO - load key [classifier.0.weight].length : 1572864, cost time : 0m:0s:39ms
2024-11-15 17:21:06,846 - fed_utils - INFO - load key [classifier.0.bias].length : 384, cost time : 0m:0s:0ms
2024-11-15 17:21:06,848 - fed_utils - INFO - load key [classifier.2.weight].length : 73728, cost time : 0m:0s:1ms
2024-11-15 17:21:06,848 - fed_utils - INFO - load key [classifier.2.bias].length : 192, cost time : 0m:0s:0ms
2024-11-15 17:21:22,074 - fed_utils - INFO - encrypting key [classifier.4.weight].length : 1920, cost time : 0m:15s:226ms
2024-11-15 17:21:22,153 - fed_utils - INFO - encrypting key [classifier.4.bias].length : 10, cost time : 0m:0s:79ms
2024-11-15 17:21:22,154 - fl_main - INFO - Server receive client_dict[f_00004] info ...
2024-11-15 17:21:22,154 - fl_main - INFO - global aggregation process ...
2024-11-15 17:21:22,154 - fed_utils - INFO - server.n_data : 50000
2024-11-15 17:21:22,154 - fed_utils - INFO - client_dict[f_00000].weight : 0.200000
2024-11-15 17:21:22,154 - fed_utils - INFO - client_dict[f_00001].weight : 0.200000
2024-11-15 17:21:22,154 - fed_utils - INFO - client_dict[f_00002].weight : 0.200000
2024-11-15 17:21:22,154 - fed_utils - INFO - client_dict[f_00003].weight : 0.200000
2024-11-15 17:21:22,154 - fed_utils - INFO - client_dict[f_00004].weight : 0.200000
2024-11-15 17:21:22,154 - fed_utils - INFO - recover secret number by clients: 3157279.000000
2024-11-15 17:21:22,154 - server_base - INFO - Server aggregate model with homomorphic encryption ...
2024-11-15 17:21:32,758 - server_base - INFO - Server aggregate model done, cost time : 0m:10s:603ms
2024-11-15 17:21:43,692 - fed_utils - INFO - decrypting key [features.0.weight].shape [torch.Size([64, 3, 5, 5])]
2024-11-15 17:21:43,837 - fed_utils - INFO - decrypting key [features.0.bias].shape [torch.Size([64])]
2024-11-15 17:21:43,838 - fed_utils - INFO - decrypting key [features.4.weight].shape [torch.Size([64, 64, 5, 5])]
2024-11-15 17:21:43,838 - fed_utils - INFO - decrypting key [features.4.bias].shape [torch.Size([64])]
2024-11-15 17:21:43,847 - fed_utils - INFO - decrypting key [classifier.0.weight].shape [torch.Size([384, 4096])]
2024-11-15 17:21:43,847 - fed_utils - INFO - decrypting key [classifier.0.bias].shape [torch.Size([384])]
2024-11-15 17:21:43,848 - fed_utils - INFO - decrypting key [classifier.2.weight].shape [torch.Size([192, 384])]
2024-11-15 17:21:43,848 - fed_utils - INFO - decrypting key [classifier.2.bias].shape [torch.Size([192])]
2024-11-15 17:21:48,216 - fed_utils - INFO - decrypting key [classifier.4.weight].shape [torch.Size([10, 192])]
2024-11-15 17:21:48,239 - fed_utils - INFO - decrypting key [classifier.4.bias].shape [torch.Size([10])]
2024-11-15 17:21:48,239 - fed_utils - INFO - decrypt time : [0m:15s:481ms]
2024-11-15 17:21:48,307 - fl_main - INFO - [global round : 7] aggregated model accuracy : 0.6632
2024-11-15 17:21:48,307 - fl_main - INFO - [global round : 7] aggregated model loss : 1.097448641523412
2024-11-15 17:21:48,308 - fl_main - INFO - global round : 8
2024-11-15 17:21:48,308 - fl_main - INFO - the random client id to test accuracy : f_00004
2024-11-15 17:21:48,308 - fl_main - INFO - ----- client id [f_00000] -----
2024-11-15 17:21:48,318 - fed_utils - INFO - init global model cost time : 0m:0s:9ms
2024-11-15 17:21:48,320 - client_base - INFO - recover model cost time : 0m:0s:0ms
2024-11-15 17:21:48,320 - fl_main - INFO - client_dict[f_00000] training ...
2024-11-15 17:21:48,327 - client_base - INFO - client_dict[f_00000] training epoch : 0
2024-11-15 17:21:57,504 - client_base - INFO - local model train cost time : 0m:9s:177ms
2024-11-15 17:21:57,506 - client_base - INFO - model encode time : 0m:0s:1ms
2024-11-15 17:21:57,506 - fl_main - INFO - client_dict[f_00000] local model encrypting ...
2024-11-15 17:22:35,561 - fed_utils - INFO - encrypting key [features.0.weight].length : 4800, cost time : 0m:38s:55ms
2024-11-15 17:22:36,079 - fed_utils - INFO - encrypting key [features.0.bias].length : 64, cost time : 0m:0s:517ms
2024-11-15 17:22:36,082 - fed_utils - INFO - load key [features.4.weight].length : 102400, cost time : 0m:0s:1ms
2024-11-15 17:22:36,082 - fed_utils - INFO - load key [features.4.bias].length : 64, cost time : 0m:0s:0ms
2024-11-15 17:22:36,116 - fed_utils - INFO - load key [classifier.0.weight].length : 1572864, cost time : 0m:0s:34ms
2024-11-15 17:22:36,116 - fed_utils - INFO - load key [classifier.0.bias].length : 384, cost time : 0m:0s:0ms
2024-11-15 17:22:36,118 - fed_utils - INFO - load key [classifier.2.weight].length : 73728, cost time : 0m:0s:1ms
2024-11-15 17:22:36,118 - fed_utils - INFO - load key [classifier.2.bias].length : 192, cost time : 0m:0s:0ms
2024-11-15 17:22:51,340 - fed_utils - INFO - encrypting key [classifier.4.weight].length : 1920, cost time : 0m:15s:221ms
2024-11-15 17:22:51,419 - fed_utils - INFO - encrypting key [classifier.4.bias].length : 10, cost time : 0m:0s:79ms
2024-11-15 17:22:51,444 - fl_main - INFO - Server receive client_dict[f_00000] info ...
2024-11-15 17:22:51,444 - fl_main - INFO - ----- client id [f_00001] -----
2024-11-15 17:22:51,454 - fed_utils - INFO - init global model cost time : 0m:0s:9ms
2024-11-15 17:22:51,456 - client_base - INFO - recover model cost time : 0m:0s:0ms
2024-11-15 17:22:51,456 - fl_main - INFO - client_dict[f_00001] training ...
2024-11-15 17:22:51,458 - client_base - INFO - client_dict[f_00001] training epoch : 0
2024-11-15 17:23:00,614 - client_base - INFO - local model train cost time : 0m:9s:156ms
2024-11-15 17:23:00,616 - client_base - INFO - model encode time : 0m:0s:1ms
2024-11-15 17:23:00,616 - fl_main - INFO - client_dict[f_00001] local model encrypting ...
2024-11-15 17:23:38,716 - fed_utils - INFO - encrypting key [features.0.weight].length : 4800, cost time : 0m:38s:100ms
2024-11-15 17:23:39,234 - fed_utils - INFO - encrypting key [features.0.bias].length : 64, cost time : 0m:0s:517ms
2024-11-15 17:23:39,236 - fed_utils - INFO - load key [features.4.weight].length : 102400, cost time : 0m:0s:2ms
2024-11-15 17:23:39,236 - fed_utils - INFO - load key [features.4.bias].length : 64, cost time : 0m:0s:0ms
2024-11-15 17:23:39,277 - fed_utils - INFO - load key [classifier.0.weight].length : 1572864, cost time : 0m:0s:40ms
2024-11-15 17:23:39,277 - fed_utils - INFO - load key [classifier.0.bias].length : 384, cost time : 0m:0s:0ms
2024-11-15 17:23:39,279 - fed_utils - INFO - load key [classifier.2.weight].length : 73728, cost time : 0m:0s:1ms
2024-11-15 17:23:39,279 - fed_utils - INFO - load key [classifier.2.bias].length : 192, cost time : 0m:0s:0ms
2024-11-15 17:23:54,494 - fed_utils - INFO - encrypting key [classifier.4.weight].length : 1920, cost time : 0m:15s:215ms
2024-11-15 17:23:54,574 - fed_utils - INFO - encrypting key [classifier.4.bias].length : 10, cost time : 0m:0s:79ms
2024-11-15 17:23:54,574 - fl_main - INFO - Server receive client_dict[f_00001] info ...
2024-11-15 17:23:54,574 - fl_main - INFO - ----- client id [f_00002] -----
2024-11-15 17:23:54,583 - fed_utils - INFO - init global model cost time : 0m:0s:9ms
2024-11-15 17:23:54,585 - client_base - INFO - recover model cost time : 0m:0s:0ms
2024-11-15 17:23:54,586 - fl_main - INFO - client_dict[f_00002] training ...
2024-11-15 17:23:54,588 - client_base - INFO - client_dict[f_00002] training epoch : 0
2024-11-15 17:24:03,723 - client_base - INFO - local model train cost time : 0m:9s:134ms
2024-11-15 17:24:03,724 - client_base - INFO - model encode time : 0m:0s:1ms
2024-11-15 17:24:03,724 - fl_main - INFO - client_dict[f_00002] local model encrypting ...
2024-11-15 17:24:41,889 - fed_utils - INFO - encrypting key [features.0.weight].length : 4800, cost time : 0m:38s:164ms
2024-11-15 17:24:42,407 - fed_utils - INFO - encrypting key [features.0.bias].length : 64, cost time : 0m:0s:518ms
2024-11-15 17:24:42,410 - fed_utils - INFO - load key [features.4.weight].length : 102400, cost time : 0m:0s:2ms
2024-11-15 17:24:42,410 - fed_utils - INFO - load key [features.4.bias].length : 64, cost time : 0m:0s:0ms
2024-11-15 17:24:42,450 - fed_utils - INFO - load key [classifier.0.weight].length : 1572864, cost time : 0m:0s:39ms
2024-11-15 17:24:42,450 - fed_utils - INFO - load key [classifier.0.bias].length : 384, cost time : 0m:0s:0ms
2024-11-15 17:24:42,452 - fed_utils - INFO - load key [classifier.2.weight].length : 73728, cost time : 0m:0s:1ms
2024-11-15 17:24:42,452 - fed_utils - INFO - load key [classifier.2.bias].length : 192, cost time : 0m:0s:0ms
2024-11-15 17:24:57,679 - fed_utils - INFO - encrypting key [classifier.4.weight].length : 1920, cost time : 0m:15s:226ms
2024-11-15 17:24:57,758 - fed_utils - INFO - encrypting key [classifier.4.bias].length : 10, cost time : 0m:0s:79ms
2024-11-15 17:24:57,758 - fl_main - INFO - Server receive client_dict[f_00002] info ...
2024-11-15 17:24:57,759 - fl_main - INFO - ----- client id [f_00003] -----
2024-11-15 17:24:57,768 - fed_utils - INFO - init global model cost time : 0m:0s:9ms
2024-11-15 17:24:57,770 - client_base - INFO - recover model cost time : 0m:0s:0ms
2024-11-15 17:24:57,771 - fl_main - INFO - client_dict[f_00003] training ...
2024-11-15 17:24:57,772 - client_base - INFO - client_dict[f_00003] training epoch : 0
2024-11-15 17:25:06,913 - client_base - INFO - local model train cost time : 0m:9s:141ms
2024-11-15 17:25:06,916 - client_base - INFO - model encode time : 0m:0s:2ms
2024-11-15 17:25:06,916 - fl_main - INFO - client_dict[f_00003] local model encrypting ...
2024-11-15 17:25:44,922 - fed_utils - INFO - encrypting key [features.0.weight].length : 4800, cost time : 0m:38s:5ms
2024-11-15 17:25:45,439 - fed_utils - INFO - encrypting key [features.0.bias].length : 64, cost time : 0m:0s:517ms
2024-11-15 17:25:45,442 - fed_utils - INFO - load key [features.4.weight].length : 102400, cost time : 0m:0s:2ms
2024-11-15 17:25:45,442 - fed_utils - INFO - load key [features.4.bias].length : 64, cost time : 0m:0s:0ms
2024-11-15 17:25:45,481 - fed_utils - INFO - load key [classifier.0.weight].length : 1572864, cost time : 0m:0s:38ms
2024-11-15 17:25:45,481 - fed_utils - INFO - load key [classifier.0.bias].length : 384, cost time : 0m:0s:0ms
2024-11-15 17:25:45,483 - fed_utils - INFO - load key [classifier.2.weight].length : 73728, cost time : 0m:0s:1ms
2024-11-15 17:25:45,483 - fed_utils - INFO - load key [classifier.2.bias].length : 192, cost time : 0m:0s:0ms
2024-11-15 17:26:00,695 - fed_utils - INFO - encrypting key [classifier.4.weight].length : 1920, cost time : 0m:15s:211ms
2024-11-15 17:26:00,775 - fed_utils - INFO - encrypting key [classifier.4.bias].length : 10, cost time : 0m:0s:79ms
2024-11-15 17:26:00,775 - fl_main - INFO - Server receive client_dict[f_00003] info ...
2024-11-15 17:26:00,775 - fl_main - INFO - ----- client id [f_00004] -----
2024-11-15 17:26:00,784 - fed_utils - INFO - init global model cost time : 0m:0s:9ms
2024-11-15 17:26:00,786 - client_base - INFO - recover model cost time : 0m:0s:0ms
2024-11-15 17:26:03,236 - fl_main - INFO - global round [8] client_dict[f_00004].accuracy : 0.678500
2024-11-15 17:26:03,236 - fl_main - INFO - client_dict[f_00004] training ...
2024-11-15 17:26:03,237 - client_base - INFO - client_dict[f_00004] training epoch : 0
2024-11-15 17:26:12,364 - client_base - INFO - local model train cost time : 0m:9s:127ms
2024-11-15 17:26:12,366 - client_base - INFO - model encode time : 0m:0s:1ms
2024-11-15 17:26:12,366 - fl_main - INFO - client_dict[f_00004] local model encrypting ...
2024-11-15 17:26:50,492 - fed_utils - INFO - encrypting key [features.0.weight].length : 4800, cost time : 0m:38s:125ms
2024-11-15 17:26:51,010 - fed_utils - INFO - encrypting key [features.0.bias].length : 64, cost time : 0m:0s:518ms
2024-11-15 17:26:51,013 - fed_utils - INFO - load key [features.4.weight].length : 102400, cost time : 0m:0s:2ms
2024-11-15 17:26:51,013 - fed_utils - INFO - load key [features.4.bias].length : 64, cost time : 0m:0s:0ms
2024-11-15 17:26:51,052 - fed_utils - INFO - load key [classifier.0.weight].length : 1572864, cost time : 0m:0s:38ms
2024-11-15 17:26:51,052 - fed_utils - INFO - load key [classifier.0.bias].length : 384, cost time : 0m:0s:0ms
2024-11-15 17:26:51,054 - fed_utils - INFO - load key [classifier.2.weight].length : 73728, cost time : 0m:0s:1ms
2024-11-15 17:26:51,054 - fed_utils - INFO - load key [classifier.2.bias].length : 192, cost time : 0m:0s:0ms
2024-11-15 17:27:06,271 - fed_utils - INFO - encrypting key [classifier.4.weight].length : 1920, cost time : 0m:15s:217ms
2024-11-15 17:27:06,351 - fed_utils - INFO - encrypting key [classifier.4.bias].length : 10, cost time : 0m:0s:79ms
2024-11-15 17:27:06,351 - fl_main - INFO - Server receive client_dict[f_00004] info ...
2024-11-15 17:27:06,351 - fl_main - INFO - global aggregation process ...
2024-11-15 17:27:06,351 - fed_utils - INFO - server.n_data : 50000
2024-11-15 17:27:06,351 - fed_utils - INFO - client_dict[f_00000].weight : 0.200000
2024-11-15 17:27:06,351 - fed_utils - INFO - client_dict[f_00001].weight : 0.200000
2024-11-15 17:27:06,351 - fed_utils - INFO - client_dict[f_00002].weight : 0.200000
2024-11-15 17:27:06,352 - fed_utils - INFO - client_dict[f_00003].weight : 0.200000
2024-11-15 17:27:06,352 - fed_utils - INFO - client_dict[f_00004].weight : 0.200000
2024-11-15 17:27:06,352 - fed_utils - INFO - recover secret number by clients: 3157279.000000
2024-11-15 17:27:06,352 - server_base - INFO - Server aggregate model with homomorphic encryption ...
2024-11-15 17:27:16,943 - server_base - INFO - Server aggregate model done, cost time : 0m:10s:591ms
2024-11-15 17:27:27,967 - fed_utils - INFO - decrypting key [features.0.weight].shape [torch.Size([64, 3, 5, 5])]
2024-11-15 17:27:28,113 - fed_utils - INFO - decrypting key [features.0.bias].shape [torch.Size([64])]
2024-11-15 17:27:28,113 - fed_utils - INFO - decrypting key [features.4.weight].shape [torch.Size([64, 64, 5, 5])]
2024-11-15 17:27:28,113 - fed_utils - INFO - decrypting key [features.4.bias].shape [torch.Size([64])]
2024-11-15 17:27:28,123 - fed_utils - INFO - decrypting key [classifier.0.weight].shape [torch.Size([384, 4096])]
2024-11-15 17:27:28,123 - fed_utils - INFO - decrypting key [classifier.0.bias].shape [torch.Size([384])]
2024-11-15 17:27:28,123 - fed_utils - INFO - decrypting key [classifier.2.weight].shape [torch.Size([192, 384])]
2024-11-15 17:27:28,123 - fed_utils - INFO - decrypting key [classifier.2.bias].shape [torch.Size([192])]
2024-11-15 17:27:32,492 - fed_utils - INFO - decrypting key [classifier.4.weight].shape [torch.Size([10, 192])]
2024-11-15 17:27:32,514 - fed_utils - INFO - decrypting key [classifier.4.bias].shape [torch.Size([10])]
2024-11-15 17:27:32,515 - fed_utils - INFO - decrypt time : [0m:15s:571ms]
2024-11-15 17:27:32,582 - fl_main - INFO - [global round : 8] aggregated model accuracy : 0.6785
2024-11-15 17:27:32,582 - fl_main - INFO - [global round : 8] aggregated model loss : 0.8757537239547379
2024-11-15 17:27:32,583 - fl_main - INFO - global round : 9
2024-11-15 17:27:32,583 - fl_main - INFO - the random client id to test accuracy : f_00000
2024-11-15 17:27:32,583 - fl_main - INFO - ----- client id [f_00000] -----
2024-11-15 17:27:32,593 - fed_utils - INFO - init global model cost time : 0m:0s:9ms
2024-11-15 17:27:32,595 - client_base - INFO - recover model cost time : 0m:0s:0ms
2024-11-15 17:27:35,052 - fl_main - INFO - global round [9] client_dict[f_00000].accuracy : 0.689800
2024-11-15 17:27:35,052 - fl_main - INFO - client_dict[f_00000] training ...
2024-11-15 17:27:35,052 - client_base - INFO - client_dict[f_00000] training epoch : 0
2024-11-15 17:27:44,171 - client_base - INFO - local model train cost time : 0m:9s:118ms
2024-11-15 17:27:44,173 - client_base - INFO - model encode time : 0m:0s:1ms
2024-11-15 17:27:44,173 - fl_main - INFO - client_dict[f_00000] local model encrypting ...
2024-11-15 17:28:22,176 - fed_utils - INFO - encrypting key [features.0.weight].length : 4800, cost time : 0m:38s:3ms
2024-11-15 17:28:22,694 - fed_utils - INFO - encrypting key [features.0.bias].length : 64, cost time : 0m:0s:517ms
2024-11-15 17:28:22,696 - fed_utils - INFO - load key [features.4.weight].length : 102400, cost time : 0m:0s:1ms
2024-11-15 17:28:22,696 - fed_utils - INFO - load key [features.4.bias].length : 64, cost time : 0m:0s:0ms
2024-11-15 17:28:22,730 - fed_utils - INFO - load key [classifier.0.weight].length : 1572864, cost time : 0m:0s:33ms
2024-11-15 17:28:22,730 - fed_utils - INFO - load key [classifier.0.bias].length : 384, cost time : 0m:0s:0ms
2024-11-15 17:28:22,732 - fed_utils - INFO - load key [classifier.2.weight].length : 73728, cost time : 0m:0s:1ms
2024-11-15 17:28:22,732 - fed_utils - INFO - load key [classifier.2.bias].length : 192, cost time : 0m:0s:0ms
2024-11-15 17:28:37,951 - fed_utils - INFO - encrypting key [classifier.4.weight].length : 1920, cost time : 0m:15s:218ms
2024-11-15 17:28:38,031 - fed_utils - INFO - encrypting key [classifier.4.bias].length : 10, cost time : 0m:0s:79ms
2024-11-15 17:28:38,055 - fl_main - INFO - Server receive client_dict[f_00000] info ...
2024-11-15 17:28:38,055 - fl_main - INFO - ----- client id [f_00001] -----
2024-11-15 17:28:38,065 - fed_utils - INFO - init global model cost time : 0m:0s:9ms
2024-11-15 17:28:38,067 - client_base - INFO - recover model cost time : 0m:0s:0ms
2024-11-15 17:28:38,068 - fl_main - INFO - client_dict[f_00001] training ...
2024-11-15 17:28:38,069 - client_base - INFO - client_dict[f_00001] training epoch : 0
2024-11-15 17:28:47,211 - client_base - INFO - local model train cost time : 0m:9s:141ms
2024-11-15 17:28:47,213 - client_base - INFO - model encode time : 0m:0s:1ms
2024-11-15 17:28:47,213 - fl_main - INFO - client_dict[f_00001] local model encrypting ...
2024-11-15 17:29:25,258 - fed_utils - INFO - encrypting key [features.0.weight].length : 4800, cost time : 0m:38s:45ms
2024-11-15 17:29:25,777 - fed_utils - INFO - encrypting key [features.0.bias].length : 64, cost time : 0m:0s:518ms
2024-11-15 17:29:25,780 - fed_utils - INFO - load key [features.4.weight].length : 102400, cost time : 0m:0s:2ms
2024-11-15 17:29:25,780 - fed_utils - INFO - load key [features.4.bias].length : 64, cost time : 0m:0s:0ms
2024-11-15 17:29:25,820 - fed_utils - INFO - load key [classifier.0.weight].length : 1572864, cost time : 0m:0s:40ms
2024-11-15 17:29:25,820 - fed_utils - INFO - load key [classifier.0.bias].length : 384, cost time : 0m:0s:0ms
2024-11-15 17:29:25,822 - fed_utils - INFO - load key [classifier.2.weight].length : 73728, cost time : 0m:0s:1ms
2024-11-15 17:29:25,822 - fed_utils - INFO - load key [classifier.2.bias].length : 192, cost time : 0m:0s:0ms
2024-11-15 17:29:41,039 - fed_utils - INFO - encrypting key [classifier.4.weight].length : 1920, cost time : 0m:15s:216ms
2024-11-15 17:29:41,118 - fed_utils - INFO - encrypting key [classifier.4.bias].length : 10, cost time : 0m:0s:79ms
2024-11-15 17:29:41,118 - fl_main - INFO - Server receive client_dict[f_00001] info ...
2024-11-15 17:29:41,119 - fl_main - INFO - ----- client id [f_00002] -----
2024-11-15 17:29:41,128 - fed_utils - INFO - init global model cost time : 0m:0s:9ms
2024-11-15 17:29:41,130 - client_base - INFO - recover model cost time : 0m:0s:0ms
2024-11-15 17:29:41,131 - fl_main - INFO - client_dict[f_00002] training ...
2024-11-15 17:29:41,132 - client_base - INFO - client_dict[f_00002] training epoch : 0
2024-11-15 17:29:50,270 - client_base - INFO - local model train cost time : 0m:9s:137ms
2024-11-15 17:29:50,272 - client_base - INFO - model encode time : 0m:0s:1ms
2024-11-15 17:29:50,272 - fl_main - INFO - client_dict[f_00002] local model encrypting ...
2024-11-15 17:30:28,364 - fed_utils - INFO - encrypting key [features.0.weight].length : 4800, cost time : 0m:38s:91ms
2024-11-15 17:30:28,884 - fed_utils - INFO - encrypting key [features.0.bias].length : 64, cost time : 0m:0s:520ms
2024-11-15 17:30:28,887 - fed_utils - INFO - load key [features.4.weight].length : 102400, cost time : 0m:0s:2ms
2024-11-15 17:30:28,887 - fed_utils - INFO - load key [features.4.bias].length : 64, cost time : 0m:0s:0ms
2024-11-15 17:30:28,926 - fed_utils - INFO - load key [classifier.0.weight].length : 1572864, cost time : 0m:0s:39ms
2024-11-15 17:30:28,926 - fed_utils - INFO - load key [classifier.0.bias].length : 384, cost time : 0m:0s:0ms
2024-11-15 17:30:28,928 - fed_utils - INFO - load key [classifier.2.weight].length : 73728, cost time : 0m:0s:1ms
2024-11-15 17:30:28,928 - fed_utils - INFO - load key [classifier.2.bias].length : 192, cost time : 0m:0s:0ms
2024-11-15 17:30:44,147 - fed_utils - INFO - encrypting key [classifier.4.weight].length : 1920, cost time : 0m:15s:218ms
2024-11-15 17:30:44,226 - fed_utils - INFO - encrypting key [classifier.4.bias].length : 10, cost time : 0m:0s:79ms
2024-11-15 17:30:44,226 - fl_main - INFO - Server receive client_dict[f_00002] info ...
2024-11-15 17:30:44,226 - fl_main - INFO - ----- client id [f_00003] -----
2024-11-15 17:30:44,236 - fed_utils - INFO - init global model cost time : 0m:0s:9ms
2024-11-15 17:30:44,238 - client_base - INFO - recover model cost time : 0m:0s:0ms
2024-11-15 17:30:44,238 - fl_main - INFO - client_dict[f_00003] training ...
2024-11-15 17:30:44,240 - client_base - INFO - client_dict[f_00003] training epoch : 0
2024-11-15 17:30:53,397 - client_base - INFO - local model train cost time : 0m:9s:157ms
2024-11-15 17:30:53,399 - client_base - INFO - model encode time : 0m:0s:1ms
2024-11-15 17:30:53,399 - fl_main - INFO - client_dict[f_00003] local model encrypting ...
2024-11-15 17:31:31,414 - fed_utils - INFO - encrypting key [features.0.weight].length : 4800, cost time : 0m:38s:14ms
2024-11-15 17:31:31,932 - fed_utils - INFO - encrypting key [features.0.bias].length : 64, cost time : 0m:0s:518ms
2024-11-15 17:31:31,935 - fed_utils - INFO - load key [features.4.weight].length : 102400, cost time : 0m:0s:2ms
2024-11-15 17:31:31,935 - fed_utils - INFO - load key [features.4.bias].length : 64, cost time : 0m:0s:0ms
2024-11-15 17:31:31,974 - fed_utils - INFO - load key [classifier.0.weight].length : 1572864, cost time : 0m:0s:39ms
2024-11-15 17:31:31,974 - fed_utils - INFO - load key [classifier.0.bias].length : 384, cost time : 0m:0s:0ms
2024-11-15 17:31:31,976 - fed_utils - INFO - load key [classifier.2.weight].length : 73728, cost time : 0m:0s:1ms
2024-11-15 17:31:31,976 - fed_utils - INFO - load key [classifier.2.bias].length : 192, cost time : 0m:0s:0ms
2024-11-15 17:31:47,260 - fed_utils - INFO - encrypting key [classifier.4.weight].length : 1920, cost time : 0m:15s:283ms
2024-11-15 17:31:47,340 - fed_utils - INFO - encrypting key [classifier.4.bias].length : 10, cost time : 0m:0s:79ms
2024-11-15 17:31:47,340 - fl_main - INFO - Server receive client_dict[f_00003] info ...
2024-11-15 17:31:47,340 - fl_main - INFO - ----- client id [f_00004] -----
2024-11-15 17:31:47,349 - fed_utils - INFO - init global model cost time : 0m:0s:9ms
2024-11-15 17:31:47,351 - client_base - INFO - recover model cost time : 0m:0s:0ms
2024-11-15 17:31:47,352 - fl_main - INFO - client_dict[f_00004] training ...
2024-11-15 17:31:47,353 - client_base - INFO - client_dict[f_00004] training epoch : 0
2024-11-15 17:31:56,529 - client_base - INFO - local model train cost time : 0m:9s:175ms
2024-11-15 17:31:56,531 - client_base - INFO - model encode time : 0m:0s:1ms
2024-11-15 17:31:56,531 - fl_main - INFO - client_dict[f_00004] local model encrypting ...
2024-11-15 17:32:34,613 - fed_utils - INFO - encrypting key [features.0.weight].length : 4800, cost time : 0m:38s:82ms
2024-11-15 17:32:35,131 - fed_utils - INFO - encrypting key [features.0.bias].length : 64, cost time : 0m:0s:517ms
2024-11-15 17:32:35,134 - fed_utils - INFO - load key [features.4.weight].length : 102400, cost time : 0m:0s:2ms
2024-11-15 17:32:35,134 - fed_utils - INFO - load key [features.4.bias].length : 64, cost time : 0m:0s:0ms
2024-11-15 17:32:35,173 - fed_utils - INFO - load key [classifier.0.weight].length : 1572864, cost time : 0m:0s:39ms
2024-11-15 17:32:35,173 - fed_utils - INFO - load key [classifier.0.bias].length : 384, cost time : 0m:0s:0ms
2024-11-15 17:32:35,175 - fed_utils - INFO - load key [classifier.2.weight].length : 73728, cost time : 0m:0s:1ms
2024-11-15 17:32:35,175 - fed_utils - INFO - load key [classifier.2.bias].length : 192, cost time : 0m:0s:0ms
2024-11-15 17:32:50,384 - fed_utils - INFO - encrypting key [classifier.4.weight].length : 1920, cost time : 0m:15s:208ms
2024-11-15 17:32:50,463 - fed_utils - INFO - encrypting key [classifier.4.bias].length : 10, cost time : 0m:0s:79ms
2024-11-15 17:32:50,463 - fl_main - INFO - Server receive client_dict[f_00004] info ...
2024-11-15 17:32:50,463 - fl_main - INFO - global aggregation process ...
2024-11-15 17:32:50,464 - fed_utils - INFO - server.n_data : 50000
2024-11-15 17:32:50,464 - fed_utils - INFO - client_dict[f_00000].weight : 0.200000
2024-11-15 17:32:50,464 - fed_utils - INFO - client_dict[f_00001].weight : 0.200000
2024-11-15 17:32:50,464 - fed_utils - INFO - client_dict[f_00002].weight : 0.200000
2024-11-15 17:32:50,464 - fed_utils - INFO - client_dict[f_00003].weight : 0.200000
2024-11-15 17:32:50,464 - fed_utils - INFO - client_dict[f_00004].weight : 0.200000
2024-11-15 17:32:50,464 - fed_utils - INFO - recover secret number by clients: 3157279.000000
2024-11-15 17:32:50,464 - server_base - INFO - Server aggregate model with homomorphic encryption ...
2024-11-15 17:33:01,063 - server_base - INFO - Server aggregate model done, cost time : 0m:10s:598ms
2024-11-15 17:33:11,993 - fed_utils - INFO - decrypting key [features.0.weight].shape [torch.Size([64, 3, 5, 5])]
2024-11-15 17:33:12,139 - fed_utils - INFO - decrypting key [features.0.bias].shape [torch.Size([64])]
2024-11-15 17:33:12,140 - fed_utils - INFO - decrypting key [features.4.weight].shape [torch.Size([64, 64, 5, 5])]
2024-11-15 17:33:12,140 - fed_utils - INFO - decrypting key [features.4.bias].shape [torch.Size([64])]
2024-11-15 17:33:12,147 - fed_utils - INFO - decrypting key [classifier.0.weight].shape [torch.Size([384, 4096])]
2024-11-15 17:33:12,147 - fed_utils - INFO - decrypting key [classifier.0.bias].shape [torch.Size([384])]
2024-11-15 17:33:12,147 - fed_utils - INFO - decrypting key [classifier.2.weight].shape [torch.Size([192, 384])]
2024-11-15 17:33:12,147 - fed_utils - INFO - decrypting key [classifier.2.bias].shape [torch.Size([192])]
2024-11-15 17:33:16,516 - fed_utils - INFO - decrypting key [classifier.4.weight].shape [torch.Size([10, 192])]
2024-11-15 17:33:16,539 - fed_utils - INFO - decrypting key [classifier.4.bias].shape [torch.Size([10])]
2024-11-15 17:33:16,539 - fed_utils - INFO - decrypt time : [0m:15s:476ms]
2024-11-15 17:33:16,607 - fl_main - INFO - [global round : 9] aggregated model accuracy : 0.6898000000000001
2024-11-15 17:33:16,607 - fl_main - INFO - [global round : 9] aggregated model loss : 0.92154498459452
2024-11-15 17:33:16,608 - fl_main - INFO - global round : 10
2024-11-15 17:33:16,608 - fl_main - INFO - the random client id to test accuracy : f_00001
2024-11-15 17:33:16,608 - fl_main - INFO - ----- client id [f_00000] -----
2024-11-15 17:33:16,618 - fed_utils - INFO - init global model cost time : 0m:0s:9ms
2024-11-15 17:33:16,619 - client_base - INFO - recover model cost time : 0m:0s:0ms
2024-11-15 17:33:16,619 - fl_main - INFO - client_dict[f_00000] training ...
2024-11-15 17:33:16,626 - client_base - INFO - client_dict[f_00000] training epoch : 0
2024-11-15 17:33:25,748 - client_base - INFO - local model train cost time : 0m:9s:121ms
2024-11-15 17:33:25,749 - client_base - INFO - model encode time : 0m:0s:1ms
2024-11-15 17:33:25,750 - fl_main - INFO - client_dict[f_00000] local model encrypting ...
2024-11-15 17:34:03,816 - fed_utils - INFO - encrypting key [features.0.weight].length : 4800, cost time : 0m:38s:66ms
2024-11-15 17:34:04,334 - fed_utils - INFO - encrypting key [features.0.bias].length : 64, cost time : 0m:0s:517ms
2024-11-15 17:34:04,336 - fed_utils - INFO - load key [features.4.weight].length : 102400, cost time : 0m:0s:1ms
2024-11-15 17:34:04,336 - fed_utils - INFO - load key [features.4.bias].length : 64, cost time : 0m:0s:0ms
2024-11-15 17:34:04,370 - fed_utils - INFO - load key [classifier.0.weight].length : 1572864, cost time : 0m:0s:33ms
2024-11-15 17:34:04,370 - fed_utils - INFO - load key [classifier.0.bias].length : 384, cost time : 0m:0s:0ms
2024-11-15 17:34:04,372 - fed_utils - INFO - load key [classifier.2.weight].length : 73728, cost time : 0m:0s:1ms
2024-11-15 17:34:04,372 - fed_utils - INFO - load key [classifier.2.bias].length : 192, cost time : 0m:0s:0ms
2024-11-15 17:34:19,593 - fed_utils - INFO - encrypting key [classifier.4.weight].length : 1920, cost time : 0m:15s:220ms
2024-11-15 17:34:19,672 - fed_utils - INFO - encrypting key [classifier.4.bias].length : 10, cost time : 0m:0s:79ms
2024-11-15 17:34:19,697 - fl_main - INFO - Server receive client_dict[f_00000] info ...
2024-11-15 17:34:19,697 - fl_main - INFO - ----- client id [f_00001] -----
2024-11-15 17:34:19,707 - fed_utils - INFO - init global model cost time : 0m:0s:9ms
2024-11-15 17:34:19,709 - client_base - INFO - recover model cost time : 0m:0s:0ms
2024-11-15 17:34:22,141 - fl_main - INFO - global round [10] client_dict[f_00001].accuracy : 0.702900
2024-11-15 17:34:22,141 - fl_main - INFO - client_dict[f_00001] training ...
2024-11-15 17:34:22,141 - client_base - INFO - client_dict[f_00001] training epoch : 0
2024-11-15 17:34:31,253 - client_base - INFO - local model train cost time : 0m:9s:111ms
2024-11-15 17:34:31,255 - client_base - INFO - model encode time : 0m:0s:1ms
2024-11-15 17:34:31,255 - fl_main - INFO - client_dict[f_00001] local model encrypting ...
2024-11-15 17:35:09,319 - fed_utils - INFO - encrypting key [features.0.weight].length : 4800, cost time : 0m:38s:63ms
2024-11-15 17:35:09,837 - fed_utils - INFO - encrypting key [features.0.bias].length : 64, cost time : 0m:0s:517ms
2024-11-15 17:35:09,839 - fed_utils - INFO - load key [features.4.weight].length : 102400, cost time : 0m:0s:2ms
2024-11-15 17:35:09,839 - fed_utils - INFO - load key [features.4.bias].length : 64, cost time : 0m:0s:0ms
2024-11-15 17:35:09,879 - fed_utils - INFO - load key [classifier.0.weight].length : 1572864, cost time : 0m:0s:39ms
2024-11-15 17:35:09,879 - fed_utils - INFO - load key [classifier.0.bias].length : 384, cost time : 0m:0s:0ms
2024-11-15 17:35:09,881 - fed_utils - INFO - load key [classifier.2.weight].length : 73728, cost time : 0m:0s:1ms
2024-11-15 17:35:09,881 - fed_utils - INFO - load key [classifier.2.bias].length : 192, cost time : 0m:0s:0ms
2024-11-15 17:35:25,098 - fed_utils - INFO - encrypting key [classifier.4.weight].length : 1920, cost time : 0m:15s:216ms
2024-11-15 17:35:25,178 - fed_utils - INFO - encrypting key [classifier.4.bias].length : 10, cost time : 0m:0s:79ms
2024-11-15 17:35:25,178 - fl_main - INFO - Server receive client_dict[f_00001] info ...
2024-11-15 17:35:25,178 - fl_main - INFO - ----- client id [f_00002] -----
2024-11-15 17:35:25,187 - fed_utils - INFO - init global model cost time : 0m:0s:9ms
2024-11-15 17:35:25,189 - client_base - INFO - recover model cost time : 0m:0s:0ms
2024-11-15 17:35:25,190 - fl_main - INFO - client_dict[f_00002] training ...
2024-11-15 17:35:25,191 - client_base - INFO - client_dict[f_00002] training epoch : 0
2024-11-15 17:35:34,320 - client_base - INFO - local model train cost time : 0m:9s:128ms
2024-11-15 17:35:34,322 - client_base - INFO - model encode time : 0m:0s:1ms
2024-11-15 17:35:34,322 - fl_main - INFO - client_dict[f_00002] local model encrypting ...
2024-11-15 17:36:12,504 - fed_utils - INFO - encrypting key [features.0.weight].length : 4800, cost time : 0m:38s:181ms
2024-11-15 17:36:13,022 - fed_utils - INFO - encrypting key [features.0.bias].length : 64, cost time : 0m:0s:517ms
2024-11-15 17:36:13,025 - fed_utils - INFO - load key [features.4.weight].length : 102400, cost time : 0m:0s:2ms
2024-11-15 17:36:13,025 - fed_utils - INFO - load key [features.4.bias].length : 64, cost time : 0m:0s:0ms
2024-11-15 17:36:13,065 - fed_utils - INFO - load key [classifier.0.weight].length : 1572864, cost time : 0m:0s:39ms
2024-11-15 17:36:13,065 - fed_utils - INFO - load key [classifier.0.bias].length : 384, cost time : 0m:0s:0ms
2024-11-15 17:36:13,067 - fed_utils - INFO - load key [classifier.2.weight].length : 73728, cost time : 0m:0s:1ms
2024-11-15 17:36:13,067 - fed_utils - INFO - load key [classifier.2.bias].length : 192, cost time : 0m:0s:0ms
2024-11-15 17:36:28,288 - fed_utils - INFO - encrypting key [classifier.4.weight].length : 1920, cost time : 0m:15s:221ms
2024-11-15 17:36:28,368 - fed_utils - INFO - encrypting key [classifier.4.bias].length : 10, cost time : 0m:0s:79ms
2024-11-15 17:36:28,368 - fl_main - INFO - Server receive client_dict[f_00002] info ...
2024-11-15 17:36:28,368 - fl_main - INFO - ----- client id [f_00003] -----
2024-11-15 17:36:28,378 - fed_utils - INFO - init global model cost time : 0m:0s:9ms
2024-11-15 17:36:28,380 - client_base - INFO - recover model cost time : 0m:0s:0ms
2024-11-15 17:36:28,380 - fl_main - INFO - client_dict[f_00003] training ...
2024-11-15 17:36:28,382 - client_base - INFO - client_dict[f_00003] training epoch : 0
2024-11-15 17:36:37,522 - client_base - INFO - local model train cost time : 0m:9s:139ms
2024-11-15 17:36:37,523 - client_base - INFO - model encode time : 0m:0s:1ms
2024-11-15 17:36:37,524 - fl_main - INFO - client_dict[f_00003] local model encrypting ...
2024-11-15 17:37:15,625 - fed_utils - INFO - encrypting key [features.0.weight].length : 4800, cost time : 0m:38s:101ms
2024-11-15 17:37:16,139 - fed_utils - INFO - encrypting key [features.0.bias].length : 64, cost time : 0m:0s:513ms
2024-11-15 17:37:16,141 - fed_utils - INFO - load key [features.4.weight].length : 102400, cost time : 0m:0s:2ms
2024-11-15 17:37:16,141 - fed_utils - INFO - load key [features.4.bias].length : 64, cost time : 0m:0s:0ms
2024-11-15 17:37:16,181 - fed_utils - INFO - load key [classifier.0.weight].length : 1572864, cost time : 0m:0s:39ms
2024-11-15 17:37:16,181 - fed_utils - INFO - load key [classifier.0.bias].length : 384, cost time : 0m:0s:0ms
2024-11-15 17:37:16,183 - fed_utils - INFO - load key [classifier.2.weight].length : 73728, cost time : 0m:0s:1ms
2024-11-15 17:37:16,183 - fed_utils - INFO - load key [classifier.2.bias].length : 192, cost time : 0m:0s:0ms
2024-11-15 17:37:31,396 - fed_utils - INFO - encrypting key [classifier.4.weight].length : 1920, cost time : 0m:15s:212ms
2024-11-15 17:37:31,475 - fed_utils - INFO - encrypting key [classifier.4.bias].length : 10, cost time : 0m:0s:79ms
2024-11-15 17:37:31,475 - fl_main - INFO - Server receive client_dict[f_00003] info ...
2024-11-15 17:37:31,475 - fl_main - INFO - ----- client id [f_00004] -----
2024-11-15 17:37:31,485 - fed_utils - INFO - init global model cost time : 0m:0s:9ms
2024-11-15 17:37:31,487 - client_base - INFO - recover model cost time : 0m:0s:0ms
2024-11-15 17:37:31,487 - fl_main - INFO - client_dict[f_00004] training ...
2024-11-15 17:37:31,489 - client_base - INFO - client_dict[f_00004] training epoch : 0
2024-11-15 17:37:40,810 - client_base - INFO - local model train cost time : 0m:9s:320ms
2024-11-15 17:37:40,811 - client_base - INFO - model encode time : 0m:0s:1ms
2024-11-15 17:37:40,811 - fl_main - INFO - client_dict[f_00004] local model encrypting ...
2024-11-15 17:38:18,842 - fed_utils - INFO - encrypting key [features.0.weight].length : 4800, cost time : 0m:38s:30ms
2024-11-15 17:38:19,360 - fed_utils - INFO - encrypting key [features.0.bias].length : 64, cost time : 0m:0s:518ms
2024-11-15 17:38:19,363 - fed_utils - INFO - load key [features.4.weight].length : 102400, cost time : 0m:0s:2ms
2024-11-15 17:38:19,363 - fed_utils - INFO - load key [features.4.bias].length : 64, cost time : 0m:0s:0ms
2024-11-15 17:38:19,402 - fed_utils - INFO - load key [classifier.0.weight].length : 1572864, cost time : 0m:0s:39ms
2024-11-15 17:38:19,402 - fed_utils - INFO - load key [classifier.0.bias].length : 384, cost time : 0m:0s:0ms
2024-11-15 17:38:19,404 - fed_utils - INFO - load key [classifier.2.weight].length : 73728, cost time : 0m:0s:1ms
2024-11-15 17:38:19,404 - fed_utils - INFO - load key [classifier.2.bias].length : 192, cost time : 0m:0s:0ms
2024-11-15 17:38:34,613 - fed_utils - INFO - encrypting key [classifier.4.weight].length : 1920, cost time : 0m:15s:208ms
2024-11-15 17:38:34,692 - fed_utils - INFO - encrypting key [classifier.4.bias].length : 10, cost time : 0m:0s:79ms
2024-11-15 17:38:34,692 - fl_main - INFO - Server receive client_dict[f_00004] info ...
2024-11-15 17:38:34,692 - fl_main - INFO - global aggregation process ...
2024-11-15 17:38:34,693 - fed_utils - INFO - server.n_data : 50000
2024-11-15 17:38:34,693 - fed_utils - INFO - client_dict[f_00000].weight : 0.200000
2024-11-15 17:38:34,693 - fed_utils - INFO - client_dict[f_00001].weight : 0.200000
2024-11-15 17:38:34,693 - fed_utils - INFO - client_dict[f_00002].weight : 0.200000
2024-11-15 17:38:34,693 - fed_utils - INFO - client_dict[f_00003].weight : 0.200000
2024-11-15 17:38:34,693 - fed_utils - INFO - client_dict[f_00004].weight : 0.200000
2024-11-15 17:38:34,693 - fed_utils - INFO - recover secret number by clients: 3157279.000000
2024-11-15 17:38:34,693 - server_base - INFO - Server aggregate model with homomorphic encryption ...
2024-11-15 17:38:45,319 - server_base - INFO - Server aggregate model done, cost time : 0m:10s:626ms
2024-11-15 17:38:56,246 - fed_utils - INFO - decrypting key [features.0.weight].shape [torch.Size([64, 3, 5, 5])]
2024-11-15 17:38:56,392 - fed_utils - INFO - decrypting key [features.0.bias].shape [torch.Size([64])]
2024-11-15 17:38:56,392 - fed_utils - INFO - decrypting key [features.4.weight].shape [torch.Size([64, 64, 5, 5])]
2024-11-15 17:38:56,392 - fed_utils - INFO - decrypting key [features.4.bias].shape [torch.Size([64])]
2024-11-15 17:38:56,399 - fed_utils - INFO - decrypting key [classifier.0.weight].shape [torch.Size([384, 4096])]
2024-11-15 17:38:56,399 - fed_utils - INFO - decrypting key [classifier.0.bias].shape [torch.Size([384])]
2024-11-15 17:38:56,400 - fed_utils - INFO - decrypting key [classifier.2.weight].shape [torch.Size([192, 384])]
2024-11-15 17:38:56,400 - fed_utils - INFO - decrypting key [classifier.2.bias].shape [torch.Size([192])]
2024-11-15 17:39:00,770 - fed_utils - INFO - decrypting key [classifier.4.weight].shape [torch.Size([10, 192])]
2024-11-15 17:39:00,793 - fed_utils - INFO - decrypting key [classifier.4.bias].shape [torch.Size([10])]
2024-11-15 17:39:00,793 - fed_utils - INFO - decrypt time : [0m:15s:473ms]
2024-11-15 17:39:00,861 - fl_main - INFO - [global round : 10] aggregated model accuracy : 0.7029000000000001
2024-11-15 17:39:00,861 - fl_main - INFO - [global round : 10] aggregated model loss : 0.8306760057677086
2024-11-15 17:39:00,862 - fl_main - INFO - global round : 11
2024-11-15 17:39:00,862 - fl_main - INFO - the random client id to test accuracy : f_00002
2024-11-15 17:39:00,862 - fl_main - INFO - ----- client id [f_00000] -----
2024-11-15 17:39:00,874 - fed_utils - INFO - init global model cost time : 0m:0s:11ms
2024-11-15 17:39:00,876 - client_base - INFO - recover model cost time : 0m:0s:0ms
2024-11-15 17:39:00,876 - fl_main - INFO - client_dict[f_00000] training ...
2024-11-15 17:39:00,888 - client_base - INFO - client_dict[f_00000] training epoch : 0
2024-11-15 17:39:10,041 - client_base - INFO - local model train cost time : 0m:9s:153ms
2024-11-15 17:39:10,042 - client_base - INFO - model encode time : 0m:0s:1ms
2024-11-15 17:39:10,043 - fl_main - INFO - client_dict[f_00000] local model encrypting ...
2024-11-15 17:39:48,060 - fed_utils - INFO - encrypting key [features.0.weight].length : 4800, cost time : 0m:38s:17ms
2024-11-15 17:39:48,579 - fed_utils - INFO - encrypting key [features.0.bias].length : 64, cost time : 0m:0s:518ms
2024-11-15 17:39:48,581 - fed_utils - INFO - load key [features.4.weight].length : 102400, cost time : 0m:0s:1ms
2024-11-15 17:39:48,581 - fed_utils - INFO - load key [features.4.bias].length : 64, cost time : 0m:0s:0ms
2024-11-15 17:39:48,616 - fed_utils - INFO - load key [classifier.0.weight].length : 1572864, cost time : 0m:0s:34ms
2024-11-15 17:39:48,616 - fed_utils - INFO - load key [classifier.0.bias].length : 384, cost time : 0m:0s:0ms
2024-11-15 17:39:48,618 - fed_utils - INFO - load key [classifier.2.weight].length : 73728, cost time : 0m:0s:1ms
2024-11-15 17:39:48,618 - fed_utils - INFO - load key [classifier.2.bias].length : 192, cost time : 0m:0s:0ms
2024-11-15 17:40:03,843 - fed_utils - INFO - encrypting key [classifier.4.weight].length : 1920, cost time : 0m:15s:224ms
2024-11-15 17:40:03,923 - fed_utils - INFO - encrypting key [classifier.4.bias].length : 10, cost time : 0m:0s:79ms
2024-11-15 17:40:03,947 - fl_main - INFO - Server receive client_dict[f_00000] info ...
2024-11-15 17:40:03,947 - fl_main - INFO - ----- client id [f_00001] -----
2024-11-15 17:40:03,957 - fed_utils - INFO - init global model cost time : 0m:0s:9ms
2024-11-15 17:40:03,959 - client_base - INFO - recover model cost time : 0m:0s:0ms
2024-11-15 17:40:03,959 - fl_main - INFO - client_dict[f_00001] training ...
2024-11-15 17:40:03,961 - client_base - INFO - client_dict[f_00001] training epoch : 0
2024-11-15 17:40:13,108 - client_base - INFO - local model train cost time : 0m:9s:146ms
2024-11-15 17:40:13,109 - client_base - INFO - model encode time : 0m:0s:1ms
2024-11-15 17:40:13,110 - fl_main - INFO - client_dict[f_00001] local model encrypting ...
2024-11-15 17:40:51,202 - fed_utils - INFO - encrypting key [features.0.weight].length : 4800, cost time : 0m:38s:92ms
2024-11-15 17:40:51,721 - fed_utils - INFO - encrypting key [features.0.bias].length : 64, cost time : 0m:0s:518ms
2024-11-15 17:40:51,724 - fed_utils - INFO - load key [features.4.weight].length : 102400, cost time : 0m:0s:2ms
2024-11-15 17:40:51,724 - fed_utils - INFO - load key [features.4.bias].length : 64, cost time : 0m:0s:0ms
2024-11-15 17:40:51,764 - fed_utils - INFO - load key [classifier.0.weight].length : 1572864, cost time : 0m:0s:40ms
2024-11-15 17:40:51,765 - fed_utils - INFO - load key [classifier.0.bias].length : 384, cost time : 0m:0s:0ms
2024-11-15 17:40:51,767 - fed_utils - INFO - load key [classifier.2.weight].length : 73728, cost time : 0m:0s:1ms
2024-11-15 17:40:51,767 - fed_utils - INFO - load key [classifier.2.bias].length : 192, cost time : 0m:0s:0ms
2024-11-15 17:41:07,001 - fed_utils - INFO - encrypting key [classifier.4.weight].length : 1920, cost time : 0m:15s:234ms
2024-11-15 17:41:07,081 - fed_utils - INFO - encrypting key [classifier.4.bias].length : 10, cost time : 0m:0s:79ms
2024-11-15 17:41:07,081 - fl_main - INFO - Server receive client_dict[f_00001] info ...
2024-11-15 17:41:07,081 - fl_main - INFO - ----- client id [f_00002] -----
2024-11-15 17:41:07,091 - fed_utils - INFO - init global model cost time : 0m:0s:9ms
2024-11-15 17:41:07,092 - client_base - INFO - recover model cost time : 0m:0s:0ms
2024-11-15 17:41:09,547 - fl_main - INFO - global round [11] client_dict[f_00002].accuracy : 0.711200
2024-11-15 17:41:09,547 - fl_main - INFO - client_dict[f_00002] training ...
2024-11-15 17:41:09,548 - client_base - INFO - client_dict[f_00002] training epoch : 0
2024-11-15 17:41:18,665 - client_base - INFO - local model train cost time : 0m:9s:117ms
2024-11-15 17:41:18,667 - client_base - INFO - model encode time : 0m:0s:1ms
2024-11-15 17:41:18,667 - fl_main - INFO - client_dict[f_00002] local model encrypting ...
2024-11-15 17:41:56,753 - fed_utils - INFO - encrypting key [features.0.weight].length : 4800, cost time : 0m:38s:85ms
2024-11-15 17:41:57,272 - fed_utils - INFO - encrypting key [features.0.bias].length : 64, cost time : 0m:0s:519ms
2024-11-15 17:41:57,275 - fed_utils - INFO - load key [features.4.weight].length : 102400, cost time : 0m:0s:2ms
2024-11-15 17:41:57,275 - fed_utils - INFO - load key [features.4.bias].length : 64, cost time : 0m:0s:0ms
2024-11-15 17:41:57,314 - fed_utils - INFO - load key [classifier.0.weight].length : 1572864, cost time : 0m:0s:39ms
2024-11-15 17:41:57,314 - fed_utils - INFO - load key [classifier.0.bias].length : 384, cost time : 0m:0s:0ms
2024-11-15 17:41:57,316 - fed_utils - INFO - load key [classifier.2.weight].length : 73728, cost time : 0m:0s:1ms
2024-11-15 17:41:57,316 - fed_utils - INFO - load key [classifier.2.bias].length : 192, cost time : 0m:0s:0ms
2024-11-15 17:42:12,526 - fed_utils - INFO - encrypting key [classifier.4.weight].length : 1920, cost time : 0m:15s:209ms
2024-11-15 17:42:12,605 - fed_utils - INFO - encrypting key [classifier.4.bias].length : 10, cost time : 0m:0s:79ms
2024-11-15 17:42:12,605 - fl_main - INFO - Server receive client_dict[f_00002] info ...
2024-11-15 17:42:12,605 - fl_main - INFO - ----- client id [f_00003] -----
2024-11-15 17:42:12,615 - fed_utils - INFO - init global model cost time : 0m:0s:9ms
2024-11-15 17:42:12,617 - client_base - INFO - recover model cost time : 0m:0s:0ms
2024-11-15 17:42:12,617 - fl_main - INFO - client_dict[f_00003] training ...
2024-11-15 17:42:12,619 - client_base - INFO - client_dict[f_00003] training epoch : 0
2024-11-15 17:42:21,762 - client_base - INFO - local model train cost time : 0m:9s:142ms
2024-11-15 17:42:21,764 - client_base - INFO - model encode time : 0m:0s:1ms
2024-11-15 17:42:21,764 - fl_main - INFO - client_dict[f_00003] local model encrypting ...
2024-11-15 17:42:59,853 - fed_utils - INFO - encrypting key [features.0.weight].length : 4800, cost time : 0m:38s:88ms
2024-11-15 17:43:00,371 - fed_utils - INFO - encrypting key [features.0.bias].length : 64, cost time : 0m:0s:518ms
2024-11-15 17:43:00,373 - fed_utils - INFO - load key [features.4.weight].length : 102400, cost time : 0m:0s:2ms
2024-11-15 17:43:00,374 - fed_utils - INFO - load key [features.4.bias].length : 64, cost time : 0m:0s:0ms
2024-11-15 17:43:00,413 - fed_utils - INFO - load key [classifier.0.weight].length : 1572864, cost time : 0m:0s:38ms
2024-11-15 17:43:00,413 - fed_utils - INFO - load key [classifier.0.bias].length : 384, cost time : 0m:0s:0ms
2024-11-15 17:43:00,415 - fed_utils - INFO - load key [classifier.2.weight].length : 73728, cost time : 0m:0s:1ms
2024-11-15 17:43:00,415 - fed_utils - INFO - load key [classifier.2.bias].length : 192, cost time : 0m:0s:0ms
2024-11-15 17:43:15,724 - fed_utils - INFO - encrypting key [classifier.4.weight].length : 1920, cost time : 0m:15s:309ms
2024-11-15 17:43:15,803 - fed_utils - INFO - encrypting key [classifier.4.bias].length : 10, cost time : 0m:0s:79ms
2024-11-15 17:43:15,803 - fl_main - INFO - Server receive client_dict[f_00003] info ...
2024-11-15 17:43:15,804 - fl_main - INFO - ----- client id [f_00004] -----
2024-11-15 17:43:15,813 - fed_utils - INFO - init global model cost time : 0m:0s:9ms
2024-11-15 17:43:15,814 - client_base - INFO - recover model cost time : 0m:0s:0ms
2024-11-15 17:43:15,814 - fl_main - INFO - client_dict[f_00004] training ...
2024-11-15 17:43:15,816 - client_base - INFO - client_dict[f_00004] training epoch : 0
2024-11-15 17:43:24,987 - client_base - INFO - local model train cost time : 0m:9s:170ms
2024-11-15 17:43:24,988 - client_base - INFO - model encode time : 0m:0s:1ms
2024-11-15 17:43:24,989 - fl_main - INFO - client_dict[f_00004] local model encrypting ...
2024-11-15 17:44:02,999 - fed_utils - INFO - encrypting key [features.0.weight].length : 4800, cost time : 0m:38s:10ms
2024-11-15 17:44:03,519 - fed_utils - INFO - encrypting key [features.0.bias].length : 64, cost time : 0m:0s:519ms
2024-11-15 17:44:03,521 - fed_utils - INFO - load key [features.4.weight].length : 102400, cost time : 0m:0s:2ms
2024-11-15 17:44:03,522 - fed_utils - INFO - load key [features.4.bias].length : 64, cost time : 0m:0s:0ms
2024-11-15 17:44:03,561 - fed_utils - INFO - load key [classifier.0.weight].length : 1572864, cost time : 0m:0s:38ms
2024-11-15 17:44:03,561 - fed_utils - INFO - load key [classifier.0.bias].length : 384, cost time : 0m:0s:0ms
2024-11-15 17:44:03,563 - fed_utils - INFO - load key [classifier.2.weight].length : 73728, cost time : 0m:0s:1ms
2024-11-15 17:44:03,563 - fed_utils - INFO - load key [classifier.2.bias].length : 192, cost time : 0m:0s:0ms
2024-11-15 17:44:18,791 - fed_utils - INFO - encrypting key [classifier.4.weight].length : 1920, cost time : 0m:15s:228ms
2024-11-15 17:44:18,871 - fed_utils - INFO - encrypting key [classifier.4.bias].length : 10, cost time : 0m:0s:79ms
2024-11-15 17:44:18,871 - fl_main - INFO - Server receive client_dict[f_00004] info ...
2024-11-15 17:44:18,871 - fl_main - INFO - global aggregation process ...
2024-11-15 17:44:18,871 - fed_utils - INFO - server.n_data : 50000
2024-11-15 17:44:18,871 - fed_utils - INFO - client_dict[f_00000].weight : 0.200000
2024-11-15 17:44:18,871 - fed_utils - INFO - client_dict[f_00001].weight : 0.200000
2024-11-15 17:44:18,871 - fed_utils - INFO - client_dict[f_00002].weight : 0.200000
2024-11-15 17:44:18,871 - fed_utils - INFO - client_dict[f_00003].weight : 0.200000
2024-11-15 17:44:18,871 - fed_utils - INFO - client_dict[f_00004].weight : 0.200000
2024-11-15 17:44:18,871 - fed_utils - INFO - recover secret number by clients: 3157279.000000
2024-11-15 17:44:18,871 - server_base - INFO - Server aggregate model with homomorphic encryption ...
2024-11-15 17:44:29,475 - server_base - INFO - Server aggregate model done, cost time : 0m:10s:603ms
2024-11-15 17:44:40,405 - fed_utils - INFO - decrypting key [features.0.weight].shape [torch.Size([64, 3, 5, 5])]
2024-11-15 17:44:40,550 - fed_utils - INFO - decrypting key [features.0.bias].shape [torch.Size([64])]
2024-11-15 17:44:40,551 - fed_utils - INFO - decrypting key [features.4.weight].shape [torch.Size([64, 64, 5, 5])]
2024-11-15 17:44:40,551 - fed_utils - INFO - decrypting key [features.4.bias].shape [torch.Size([64])]
2024-11-15 17:44:40,560 - fed_utils - INFO - decrypting key [classifier.0.weight].shape [torch.Size([384, 4096])]
2024-11-15 17:44:40,560 - fed_utils - INFO - decrypting key [classifier.0.bias].shape [torch.Size([384])]
2024-11-15 17:44:40,561 - fed_utils - INFO - decrypting key [classifier.2.weight].shape [torch.Size([192, 384])]
2024-11-15 17:44:40,561 - fed_utils - INFO - decrypting key [classifier.2.bias].shape [torch.Size([192])]
2024-11-15 17:44:44,932 - fed_utils - INFO - decrypting key [classifier.4.weight].shape [torch.Size([10, 192])]
2024-11-15 17:44:44,955 - fed_utils - INFO - decrypting key [classifier.4.bias].shape [torch.Size([10])]
2024-11-15 17:44:44,955 - fed_utils - INFO - decrypt time : [0m:15s:479ms]
2024-11-15 17:44:45,023 - fl_main - INFO - [global round : 11] aggregated model accuracy : 0.7112
2024-11-15 17:44:45,023 - fl_main - INFO - [global round : 11] aggregated model loss : 0.6735379371936545
2024-11-15 17:44:45,024 - fl_main - INFO - global round : 12
2024-11-15 17:44:45,024 - fl_main - INFO - the random client id to test accuracy : f_00000
2024-11-15 17:44:45,024 - fl_main - INFO - ----- client id [f_00000] -----
2024-11-15 17:44:45,034 - fed_utils - INFO - init global model cost time : 0m:0s:9ms
2024-11-15 17:44:45,036 - client_base - INFO - recover model cost time : 0m:0s:0ms
2024-11-15 17:44:47,483 - fl_main - INFO - global round [12] client_dict[f_00000].accuracy : 0.719600
2024-11-15 17:44:47,483 - fl_main - INFO - client_dict[f_00000] training ...
2024-11-15 17:44:47,483 - client_base - INFO - client_dict[f_00000] training epoch : 0
2024-11-15 17:44:56,594 - client_base - INFO - local model train cost time : 0m:9s:110ms
2024-11-15 17:44:56,595 - client_base - INFO - model encode time : 0m:0s:1ms
2024-11-15 17:44:56,596 - fl_main - INFO - client_dict[f_00000] local model encrypting ...
2024-11-15 17:45:34,615 - fed_utils - INFO - encrypting key [features.0.weight].length : 4800, cost time : 0m:38s:19ms
2024-11-15 17:45:35,133 - fed_utils - INFO - encrypting key [features.0.bias].length : 64, cost time : 0m:0s:517ms
2024-11-15 17:45:35,135 - fed_utils - INFO - load key [features.4.weight].length : 102400, cost time : 0m:0s:2ms
2024-11-15 17:45:35,135 - fed_utils - INFO - load key [features.4.bias].length : 64, cost time : 0m:0s:0ms
2024-11-15 17:45:35,169 - fed_utils - INFO - load key [classifier.0.weight].length : 1572864, cost time : 0m:0s:34ms
2024-11-15 17:45:35,169 - fed_utils - INFO - load key [classifier.0.bias].length : 384, cost time : 0m:0s:0ms
2024-11-15 17:45:35,171 - fed_utils - INFO - load key [classifier.2.weight].length : 73728, cost time : 0m:0s:1ms
2024-11-15 17:45:35,171 - fed_utils - INFO - load key [classifier.2.bias].length : 192, cost time : 0m:0s:0ms
2024-11-15 17:45:50,394 - fed_utils - INFO - encrypting key [classifier.4.weight].length : 1920, cost time : 0m:15s:222ms
2024-11-15 17:45:50,473 - fed_utils - INFO - encrypting key [classifier.4.bias].length : 10, cost time : 0m:0s:79ms
2024-11-15 17:45:50,498 - fl_main - INFO - Server receive client_dict[f_00000] info ...
2024-11-15 17:45:50,498 - fl_main - INFO - ----- client id [f_00001] -----
2024-11-15 17:45:50,508 - fed_utils - INFO - init global model cost time : 0m:0s:9ms
2024-11-15 17:45:50,510 - client_base - INFO - recover model cost time : 0m:0s:0ms
2024-11-15 17:45:50,511 - fl_main - INFO - client_dict[f_00001] training ...
2024-11-15 17:45:50,512 - client_base - INFO - client_dict[f_00001] training epoch : 0
2024-11-15 17:45:59,657 - client_base - INFO - local model train cost time : 0m:9s:144ms
2024-11-15 17:45:59,658 - client_base - INFO - model encode time : 0m:0s:1ms
2024-11-15 17:45:59,659 - fl_main - INFO - client_dict[f_00001] local model encrypting ...
2024-11-15 17:46:37,679 - fed_utils - INFO - encrypting key [features.0.weight].length : 4800, cost time : 0m:38s:20ms
2024-11-15 17:46:38,197 - fed_utils - INFO - encrypting key [features.0.bias].length : 64, cost time : 0m:0s:518ms
2024-11-15 17:46:38,200 - fed_utils - INFO - load key [features.4.weight].length : 102400, cost time : 0m:0s:2ms
2024-11-15 17:46:38,200 - fed_utils - INFO - load key [features.4.bias].length : 64, cost time : 0m:0s:0ms
2024-11-15 17:46:38,240 - fed_utils - INFO - load key [classifier.0.weight].length : 1572864, cost time : 0m:0s:39ms
2024-11-15 17:46:38,240 - fed_utils - INFO - load key [classifier.0.bias].length : 384, cost time : 0m:0s:0ms
2024-11-15 17:46:38,242 - fed_utils - INFO - load key [classifier.2.weight].length : 73728, cost time : 0m:0s:1ms
2024-11-15 17:46:38,242 - fed_utils - INFO - load key [classifier.2.bias].length : 192, cost time : 0m:0s:0ms
2024-11-15 17:46:53,449 - fed_utils - INFO - encrypting key [classifier.4.weight].length : 1920, cost time : 0m:15s:207ms
2024-11-15 17:46:53,535 - fed_utils - INFO - encrypting key [classifier.4.bias].length : 10, cost time : 0m:0s:85ms
2024-11-15 17:46:53,535 - fl_main - INFO - Server receive client_dict[f_00001] info ...
2024-11-15 17:46:53,535 - fl_main - INFO - ----- client id [f_00002] -----
2024-11-15 17:46:53,545 - fed_utils - INFO - init global model cost time : 0m:0s:9ms
2024-11-15 17:46:53,547 - client_base - INFO - recover model cost time : 0m:0s:0ms
2024-11-15 17:46:53,548 - fl_main - INFO - client_dict[f_00002] training ...
2024-11-15 17:46:53,550 - client_base - INFO - client_dict[f_00002] training epoch : 0
2024-11-15 17:47:02,705 - client_base - INFO - local model train cost time : 0m:9s:155ms
2024-11-15 17:47:02,707 - client_base - INFO - model encode time : 0m:0s:1ms
2024-11-15 17:47:02,707 - fl_main - INFO - client_dict[f_00002] local model encrypting ...
2024-11-15 17:47:40,745 - fed_utils - INFO - encrypting key [features.0.weight].length : 4800, cost time : 0m:38s:38ms
2024-11-15 17:47:41,263 - fed_utils - INFO - encrypting key [features.0.bias].length : 64, cost time : 0m:0s:517ms
2024-11-15 17:47:41,265 - fed_utils - INFO - load key [features.4.weight].length : 102400, cost time : 0m:0s:2ms
2024-11-15 17:47:41,265 - fed_utils - INFO - load key [features.4.bias].length : 64, cost time : 0m:0s:0ms
2024-11-15 17:47:41,305 - fed_utils - INFO - load key [classifier.0.weight].length : 1572864, cost time : 0m:0s:39ms
2024-11-15 17:47:41,305 - fed_utils - INFO - load key [classifier.0.bias].length : 384, cost time : 0m:0s:0ms
2024-11-15 17:47:41,307 - fed_utils - INFO - load key [classifier.2.weight].length : 73728, cost time : 0m:0s:1ms
2024-11-15 17:47:41,307 - fed_utils - INFO - load key [classifier.2.bias].length : 192, cost time : 0m:0s:0ms
2024-11-15 17:47:56,514 - fed_utils - INFO - encrypting key [classifier.4.weight].length : 1920, cost time : 0m:15s:207ms
2024-11-15 17:47:56,594 - fed_utils - INFO - encrypting key [classifier.4.bias].length : 10, cost time : 0m:0s:79ms
2024-11-15 17:47:56,594 - fl_main - INFO - Server receive client_dict[f_00002] info ...
2024-11-15 17:47:56,594 - fl_main - INFO - ----- client id [f_00003] -----
2024-11-15 17:47:56,603 - fed_utils - INFO - init global model cost time : 0m:0s:9ms
2024-11-15 17:47:56,606 - client_base - INFO - recover model cost time : 0m:0s:0ms
2024-11-15 17:47:56,606 - fl_main - INFO - client_dict[f_00003] training ...
2024-11-15 17:47:56,608 - client_base - INFO - client_dict[f_00003] training epoch : 0
2024-11-15 17:48:05,751 - client_base - INFO - local model train cost time : 0m:9s:143ms
2024-11-15 17:48:05,752 - client_base - INFO - model encode time : 0m:0s:1ms
2024-11-15 17:48:05,753 - fl_main - INFO - client_dict[f_00003] local model encrypting ...
2024-11-15 17:48:43,767 - fed_utils - INFO - encrypting key [features.0.weight].length : 4800, cost time : 0m:38s:14ms
2024-11-15 17:48:44,285 - fed_utils - INFO - encrypting key [features.0.bias].length : 64, cost time : 0m:0s:517ms
2024-11-15 17:48:44,288 - fed_utils - INFO - load key [features.4.weight].length : 102400, cost time : 0m:0s:2ms
2024-11-15 17:48:44,288 - fed_utils - INFO - load key [features.4.bias].length : 64, cost time : 0m:0s:0ms
2024-11-15 17:48:44,327 - fed_utils - INFO - load key [classifier.0.weight].length : 1572864, cost time : 0m:0s:39ms
2024-11-15 17:48:44,327 - fed_utils - INFO - load key [classifier.0.bias].length : 384, cost time : 0m:0s:0ms
2024-11-15 17:48:44,329 - fed_utils - INFO - load key [classifier.2.weight].length : 73728, cost time : 0m:0s:1ms
2024-11-15 17:48:44,329 - fed_utils - INFO - load key [classifier.2.bias].length : 192, cost time : 0m:0s:0ms
2024-11-15 17:48:59,598 - fed_utils - INFO - encrypting key [classifier.4.weight].length : 1920, cost time : 0m:15s:269ms
2024-11-15 17:48:59,678 - fed_utils - INFO - encrypting key [classifier.4.bias].length : 10, cost time : 0m:0s:79ms
2024-11-15 17:48:59,678 - fl_main - INFO - Server receive client_dict[f_00003] info ...
2024-11-15 17:48:59,678 - fl_main - INFO - ----- client id [f_00004] -----
2024-11-15 17:48:59,687 - fed_utils - INFO - init global model cost time : 0m:0s:9ms
2024-11-15 17:48:59,689 - client_base - INFO - recover model cost time : 0m:0s:0ms
2024-11-15 17:48:59,689 - fl_main - INFO - client_dict[f_00004] training ...
2024-11-15 17:48:59,690 - client_base - INFO - client_dict[f_00004] training epoch : 0
2024-11-15 17:49:08,856 - client_base - INFO - local model train cost time : 0m:9s:165ms
2024-11-15 17:49:08,858 - client_base - INFO - model encode time : 0m:0s:1ms
2024-11-15 17:49:08,858 - fl_main - INFO - client_dict[f_00004] local model encrypting ...
2024-11-15 17:49:47,096 - fed_utils - INFO - encrypting key [features.0.weight].length : 4800, cost time : 0m:38s:237ms
2024-11-15 17:49:47,612 - fed_utils - INFO - encrypting key [features.0.bias].length : 64, cost time : 0m:0s:515ms
2024-11-15 17:49:47,614 - fed_utils - INFO - load key [features.4.weight].length : 102400, cost time : 0m:0s:2ms
2024-11-15 17:49:47,614 - fed_utils - INFO - load key [features.4.bias].length : 64, cost time : 0m:0s:0ms
2024-11-15 17:49:47,653 - fed_utils - INFO - load key [classifier.0.weight].length : 1572864, cost time : 0m:0s:38ms
2024-11-15 17:49:47,653 - fed_utils - INFO - load key [classifier.0.bias].length : 384, cost time : 0m:0s:0ms
2024-11-15 17:49:47,655 - fed_utils - INFO - load key [classifier.2.weight].length : 73728, cost time : 0m:0s:1ms
2024-11-15 17:49:47,655 - fed_utils - INFO - load key [classifier.2.bias].length : 192, cost time : 0m:0s:0ms
2024-11-15 17:50:03,081 - fed_utils - INFO - encrypting key [classifier.4.weight].length : 1920, cost time : 0m:15s:425ms
2024-11-15 17:50:03,160 - fed_utils - INFO - encrypting key [classifier.4.bias].length : 10, cost time : 0m:0s:79ms
2024-11-15 17:50:03,160 - fl_main - INFO - Server receive client_dict[f_00004] info ...
2024-11-15 17:50:03,161 - fl_main - INFO - global aggregation process ...
2024-11-15 17:50:03,161 - fed_utils - INFO - server.n_data : 50000
2024-11-15 17:50:03,161 - fed_utils - INFO - client_dict[f_00000].weight : 0.200000
2024-11-15 17:50:03,161 - fed_utils - INFO - client_dict[f_00001].weight : 0.200000
2024-11-15 17:50:03,161 - fed_utils - INFO - client_dict[f_00002].weight : 0.200000
2024-11-15 17:50:03,161 - fed_utils - INFO - client_dict[f_00003].weight : 0.200000
2024-11-15 17:50:03,161 - fed_utils - INFO - client_dict[f_00004].weight : 0.200000
2024-11-15 17:50:03,161 - fed_utils - INFO - recover secret number by clients: 3157279.000000
2024-11-15 17:50:03,161 - server_base - INFO - Server aggregate model with homomorphic encryption ...
2024-11-15 17:50:13,757 - server_base - INFO - Server aggregate model done, cost time : 0m:10s:595ms
2024-11-15 17:50:24,685 - fed_utils - INFO - decrypting key [features.0.weight].shape [torch.Size([64, 3, 5, 5])]
2024-11-15 17:50:24,831 - fed_utils - INFO - decrypting key [features.0.bias].shape [torch.Size([64])]
2024-11-15 17:50:24,831 - fed_utils - INFO - decrypting key [features.4.weight].shape [torch.Size([64, 64, 5, 5])]
2024-11-15 17:50:24,831 - fed_utils - INFO - decrypting key [features.4.bias].shape [torch.Size([64])]
2024-11-15 17:50:24,838 - fed_utils - INFO - decrypting key [classifier.0.weight].shape [torch.Size([384, 4096])]
2024-11-15 17:50:24,838 - fed_utils - INFO - decrypting key [classifier.0.bias].shape [torch.Size([384])]
2024-11-15 17:50:24,839 - fed_utils - INFO - decrypting key [classifier.2.weight].shape [torch.Size([192, 384])]
2024-11-15 17:50:24,839 - fed_utils - INFO - decrypting key [classifier.2.bias].shape [torch.Size([192])]
2024-11-15 17:50:29,208 - fed_utils - INFO - decrypting key [classifier.4.weight].shape [torch.Size([10, 192])]
2024-11-15 17:50:29,231 - fed_utils - INFO - decrypting key [classifier.4.bias].shape [torch.Size([10])]
2024-11-15 17:50:29,231 - fed_utils - INFO - decrypt time : [0m:15s:473ms]
2024-11-15 17:50:29,299 - fl_main - INFO - [global round : 12] aggregated model accuracy : 0.7196
2024-11-15 17:50:29,299 - fl_main - INFO - [global round : 12] aggregated model loss : 0.987112277271412
2024-11-15 17:50:29,300 - fl_main - INFO - global round : 13
2024-11-15 17:50:29,300 - fl_main - INFO - the random client id to test accuracy : f_00003
2024-11-15 17:50:29,300 - fl_main - INFO - ----- client id [f_00000] -----
2024-11-15 17:50:29,310 - fed_utils - INFO - init global model cost time : 0m:0s:9ms
2024-11-15 17:50:29,311 - client_base - INFO - recover model cost time : 0m:0s:0ms
2024-11-15 17:50:29,311 - fl_main - INFO - client_dict[f_00000] training ...
2024-11-15 17:50:29,318 - client_base - INFO - client_dict[f_00000] training epoch : 0
2024-11-15 17:50:38,432 - client_base - INFO - local model train cost time : 0m:9s:114ms
2024-11-15 17:50:38,434 - client_base - INFO - model encode time : 0m:0s:1ms
2024-11-15 17:50:38,434 - fl_main - INFO - client_dict[f_00000] local model encrypting ...
2024-11-15 17:51:16,618 - fed_utils - INFO - encrypting key [features.0.weight].length : 4800, cost time : 0m:38s:183ms
2024-11-15 17:51:17,135 - fed_utils - INFO - encrypting key [features.0.bias].length : 64, cost time : 0m:0s:516ms
2024-11-15 17:51:17,137 - fed_utils - INFO - load key [features.4.weight].length : 102400, cost time : 0m:0s:1ms
2024-11-15 17:51:17,137 - fed_utils - INFO - load key [features.4.bias].length : 64, cost time : 0m:0s:0ms
2024-11-15 17:51:17,172 - fed_utils - INFO - load key [classifier.0.weight].length : 1572864, cost time : 0m:0s:34ms
2024-11-15 17:51:17,172 - fed_utils - INFO - load key [classifier.0.bias].length : 384, cost time : 0m:0s:0ms
2024-11-15 17:51:17,174 - fed_utils - INFO - load key [classifier.2.weight].length : 73728, cost time : 0m:0s:1ms
2024-11-15 17:51:17,174 - fed_utils - INFO - load key [classifier.2.bias].length : 192, cost time : 0m:0s:0ms
2024-11-15 17:51:32,387 - fed_utils - INFO - encrypting key [classifier.4.weight].length : 1920, cost time : 0m:15s:212ms
2024-11-15 17:51:32,466 - fed_utils - INFO - encrypting key [classifier.4.bias].length : 10, cost time : 0m:0s:79ms
2024-11-15 17:51:32,490 - fl_main - INFO - Server receive client_dict[f_00000] info ...
2024-11-15 17:51:32,491 - fl_main - INFO - ----- client id [f_00001] -----
2024-11-15 17:51:32,501 - fed_utils - INFO - init global model cost time : 0m:0s:10ms
2024-11-15 17:51:32,502 - client_base - INFO - recover model cost time : 0m:0s:0ms
2024-11-15 17:51:32,502 - fl_main - INFO - client_dict[f_00001] training ...
2024-11-15 17:51:32,504 - client_base - INFO - client_dict[f_00001] training epoch : 0
2024-11-15 17:51:41,637 - client_base - INFO - local model train cost time : 0m:9s:133ms
2024-11-15 17:51:41,638 - client_base - INFO - model encode time : 0m:0s:1ms
2024-11-15 17:51:41,639 - fl_main - INFO - client_dict[f_00001] local model encrypting ...
2024-11-15 17:52:19,721 - fed_utils - INFO - encrypting key [features.0.weight].length : 4800, cost time : 0m:38s:82ms
2024-11-15 17:52:20,241 - fed_utils - INFO - encrypting key [features.0.bias].length : 64, cost time : 0m:0s:520ms
2024-11-15 17:52:20,244 - fed_utils - INFO - load key [features.4.weight].length : 102400, cost time : 0m:0s:2ms
2024-11-15 17:52:20,244 - fed_utils - INFO - load key [features.4.bias].length : 64, cost time : 0m:0s:0ms
2024-11-15 17:52:20,284 - fed_utils - INFO - load key [classifier.0.weight].length : 1572864, cost time : 0m:0s:39ms
2024-11-15 17:52:20,284 - fed_utils - INFO - load key [classifier.0.bias].length : 384, cost time : 0m:0s:0ms
2024-11-15 17:52:20,286 - fed_utils - INFO - load key [classifier.2.weight].length : 73728, cost time : 0m:0s:1ms
2024-11-15 17:52:20,286 - fed_utils - INFO - load key [classifier.2.bias].length : 192, cost time : 0m:0s:0ms
2024-11-15 17:52:35,499 - fed_utils - INFO - encrypting key [classifier.4.weight].length : 1920, cost time : 0m:15s:212ms
2024-11-15 17:52:35,578 - fed_utils - INFO - encrypting key [classifier.4.bias].length : 10, cost time : 0m:0s:79ms
2024-11-15 17:52:35,578 - fl_main - INFO - Server receive client_dict[f_00001] info ...
2024-11-15 17:52:35,578 - fl_main - INFO - ----- client id [f_00002] -----
2024-11-15 17:52:35,588 - fed_utils - INFO - init global model cost time : 0m:0s:9ms
2024-11-15 17:52:35,590 - client_base - INFO - recover model cost time : 0m:0s:0ms
2024-11-15 17:52:35,590 - fl_main - INFO - client_dict[f_00002] training ...
2024-11-15 17:52:35,592 - client_base - INFO - client_dict[f_00002] training epoch : 0
2024-11-15 17:52:44,757 - client_base - INFO - local model train cost time : 0m:9s:164ms
2024-11-15 17:52:44,758 - client_base - INFO - model encode time : 0m:0s:1ms
2024-11-15 17:52:44,759 - fl_main - INFO - client_dict[f_00002] local model encrypting ...
2024-11-15 17:53:22,763 - fed_utils - INFO - encrypting key [features.0.weight].length : 4800, cost time : 0m:38s:4ms
2024-11-15 17:53:23,281 - fed_utils - INFO - encrypting key [features.0.bias].length : 64, cost time : 0m:0s:517ms
2024-11-15 17:53:23,284 - fed_utils - INFO - load key [features.4.weight].length : 102400, cost time : 0m:0s:2ms
2024-11-15 17:53:23,284 - fed_utils - INFO - load key [features.4.bias].length : 64, cost time : 0m:0s:0ms
2024-11-15 17:53:23,324 - fed_utils - INFO - load key [classifier.0.weight].length : 1572864, cost time : 0m:0s:39ms
2024-11-15 17:53:23,324 - fed_utils - INFO - load key [classifier.0.bias].length : 384, cost time : 0m:0s:0ms
2024-11-15 17:53:23,326 - fed_utils - INFO - load key [classifier.2.weight].length : 73728, cost time : 0m:0s:1ms
2024-11-15 17:53:23,326 - fed_utils - INFO - load key [classifier.2.bias].length : 192, cost time : 0m:0s:0ms
2024-11-15 17:53:38,534 - fed_utils - INFO - encrypting key [classifier.4.weight].length : 1920, cost time : 0m:15s:207ms
2024-11-15 17:53:38,614 - fed_utils - INFO - encrypting key [classifier.4.bias].length : 10, cost time : 0m:0s:79ms
2024-11-15 17:53:38,614 - fl_main - INFO - Server receive client_dict[f_00002] info ...
2024-11-15 17:53:38,614 - fl_main - INFO - ----- client id [f_00003] -----
2024-11-15 17:53:38,623 - fed_utils - INFO - init global model cost time : 0m:0s:9ms
2024-11-15 17:53:38,626 - client_base - INFO - recover model cost time : 0m:0s:0ms
2024-11-15 17:53:41,072 - fl_main - INFO - global round [13] client_dict[f_00003].accuracy : 0.731200
2024-11-15 17:53:41,072 - fl_main - INFO - client_dict[f_00003] training ...
2024-11-15 17:53:41,072 - client_base - INFO - client_dict[f_00003] training epoch : 0
2024-11-15 17:53:50,195 - client_base - INFO - local model train cost time : 0m:9s:122ms
2024-11-15 17:53:50,197 - client_base - INFO - model encode time : 0m:0s:1ms
2024-11-15 17:53:50,197 - fl_main - INFO - client_dict[f_00003] local model encrypting ...
2024-11-15 17:54:28,274 - fed_utils - INFO - encrypting key [features.0.weight].length : 4800, cost time : 0m:38s:77ms
2024-11-15 17:54:28,793 - fed_utils - INFO - encrypting key [features.0.bias].length : 64, cost time : 0m:0s:518ms
2024-11-15 17:54:28,796 - fed_utils - INFO - load key [features.4.weight].length : 102400, cost time : 0m:0s:2ms
2024-11-15 17:54:28,796 - fed_utils - INFO - load key [features.4.bias].length : 64, cost time : 0m:0s:0ms
2024-11-15 17:54:28,835 - fed_utils - INFO - load key [classifier.0.weight].length : 1572864, cost time : 0m:0s:39ms
2024-11-15 17:54:28,835 - fed_utils - INFO - load key [classifier.0.bias].length : 384, cost time : 0m:0s:0ms
2024-11-15 17:54:28,837 - fed_utils - INFO - load key [classifier.2.weight].length : 73728, cost time : 0m:0s:1ms
2024-11-15 17:54:28,837 - fed_utils - INFO - load key [classifier.2.bias].length : 192, cost time : 0m:0s:0ms
2024-11-15 17:54:44,207 - fed_utils - INFO - encrypting key [classifier.4.weight].length : 1920, cost time : 0m:15s:369ms
2024-11-15 17:54:44,286 - fed_utils - INFO - encrypting key [classifier.4.bias].length : 10, cost time : 0m:0s:79ms
2024-11-15 17:54:44,286 - fl_main - INFO - Server receive client_dict[f_00003] info ...
2024-11-15 17:54:44,286 - fl_main - INFO - ----- client id [f_00004] -----
2024-11-15 17:54:44,296 - fed_utils - INFO - init global model cost time : 0m:0s:9ms
2024-11-15 17:54:44,298 - client_base - INFO - recover model cost time : 0m:0s:0ms
2024-11-15 17:54:44,298 - fl_main - INFO - client_dict[f_00004] training ...
2024-11-15 17:54:44,300 - client_base - INFO - client_dict[f_00004] training epoch : 0
2024-11-15 17:54:53,437 - client_base - INFO - local model train cost time : 0m:9s:137ms
2024-11-15 17:54:53,439 - client_base - INFO - model encode time : 0m:0s:1ms
2024-11-15 17:54:53,439 - fl_main - INFO - client_dict[f_00004] local model encrypting ...
2024-11-15 17:55:31,515 - fed_utils - INFO - encrypting key [features.0.weight].length : 4800, cost time : 0m:38s:76ms
2024-11-15 17:55:32,033 - fed_utils - INFO - encrypting key [features.0.bias].length : 64, cost time : 0m:0s:517ms
2024-11-15 17:55:32,035 - fed_utils - INFO - load key [features.4.weight].length : 102400, cost time : 0m:0s:2ms
2024-11-15 17:55:32,036 - fed_utils - INFO - load key [features.4.bias].length : 64, cost time : 0m:0s:0ms
2024-11-15 17:55:32,075 - fed_utils - INFO - load key [classifier.0.weight].length : 1572864, cost time : 0m:0s:39ms
2024-11-15 17:55:32,075 - fed_utils - INFO - load key [classifier.0.bias].length : 384, cost time : 0m:0s:0ms
2024-11-15 17:55:32,077 - fed_utils - INFO - load key [classifier.2.weight].length : 73728, cost time : 0m:0s:1ms
2024-11-15 17:55:32,077 - fed_utils - INFO - load key [classifier.2.bias].length : 192, cost time : 0m:0s:0ms
2024-11-15 17:55:47,289 - fed_utils - INFO - encrypting key [classifier.4.weight].length : 1920, cost time : 0m:15s:212ms
2024-11-15 17:55:47,369 - fed_utils - INFO - encrypting key [classifier.4.bias].length : 10, cost time : 0m:0s:79ms
2024-11-15 17:55:47,369 - fl_main - INFO - Server receive client_dict[f_00004] info ...
2024-11-15 17:55:47,369 - fl_main - INFO - global aggregation process ...
2024-11-15 17:55:47,369 - fed_utils - INFO - server.n_data : 50000
2024-11-15 17:55:47,369 - fed_utils - INFO - client_dict[f_00000].weight : 0.200000
2024-11-15 17:55:47,369 - fed_utils - INFO - client_dict[f_00001].weight : 0.200000
2024-11-15 17:55:47,369 - fed_utils - INFO - client_dict[f_00002].weight : 0.200000
2024-11-15 17:55:47,369 - fed_utils - INFO - client_dict[f_00003].weight : 0.200000
2024-11-15 17:55:47,369 - fed_utils - INFO - client_dict[f_00004].weight : 0.200000
2024-11-15 17:55:47,369 - fed_utils - INFO - recover secret number by clients: 3157279.000000
2024-11-15 17:55:47,370 - server_base - INFO - Server aggregate model with homomorphic encryption ...
2024-11-15 17:55:58,042 - server_base - INFO - Server aggregate model done, cost time : 0m:10s:672ms
2024-11-15 17:56:08,967 - fed_utils - INFO - decrypting key [features.0.weight].shape [torch.Size([64, 3, 5, 5])]
2024-11-15 17:56:09,113 - fed_utils - INFO - decrypting key [features.0.bias].shape [torch.Size([64])]
2024-11-15 17:56:09,113 - fed_utils - INFO - decrypting key [features.4.weight].shape [torch.Size([64, 64, 5, 5])]
2024-11-15 17:56:09,113 - fed_utils - INFO - decrypting key [features.4.bias].shape [torch.Size([64])]
2024-11-15 17:56:09,120 - fed_utils - INFO - decrypting key [classifier.0.weight].shape [torch.Size([384, 4096])]
2024-11-15 17:56:09,120 - fed_utils - INFO - decrypting key [classifier.0.bias].shape [torch.Size([384])]
2024-11-15 17:56:09,121 - fed_utils - INFO - decrypting key [classifier.2.weight].shape [torch.Size([192, 384])]
2024-11-15 17:56:09,121 - fed_utils - INFO - decrypting key [classifier.2.bias].shape [torch.Size([192])]
2024-11-15 17:56:13,496 - fed_utils - INFO - decrypting key [classifier.4.weight].shape [torch.Size([10, 192])]
2024-11-15 17:56:13,518 - fed_utils - INFO - decrypting key [classifier.4.bias].shape [torch.Size([10])]
2024-11-15 17:56:13,519 - fed_utils - INFO - decrypt time : [0m:15s:476ms]
2024-11-15 17:56:13,586 - fl_main - INFO - [global round : 13] aggregated model accuracy : 0.7312000000000001
2024-11-15 17:56:13,587 - fl_main - INFO - [global round : 13] aggregated model loss : 0.7483445247267305
2024-11-15 17:56:13,587 - fl_main - INFO - global round : 14
2024-11-15 17:56:13,587 - fl_main - INFO - the random client id to test accuracy : f_00004
2024-11-15 17:56:13,588 - fl_main - INFO - ----- client id [f_00000] -----
2024-11-15 17:56:13,600 - fed_utils - INFO - init global model cost time : 0m:0s:11ms
2024-11-15 17:56:13,602 - client_base - INFO - recover model cost time : 0m:0s:0ms
2024-11-15 17:56:13,602 - fl_main - INFO - client_dict[f_00000] training ...
2024-11-15 17:56:13,613 - client_base - INFO - client_dict[f_00000] training epoch : 0
2024-11-15 17:56:22,732 - client_base - INFO - local model train cost time : 0m:9s:118ms
2024-11-15 17:56:22,733 - client_base - INFO - model encode time : 0m:0s:1ms
2024-11-15 17:56:22,733 - fl_main - INFO - client_dict[f_00000] local model encrypting ...
2024-11-15 17:57:00,883 - fed_utils - INFO - encrypting key [features.0.weight].length : 4800, cost time : 0m:38s:149ms
2024-11-15 17:57:01,399 - fed_utils - INFO - encrypting key [features.0.bias].length : 64, cost time : 0m:0s:516ms
2024-11-15 17:57:01,401 - fed_utils - INFO - load key [features.4.weight].length : 102400, cost time : 0m:0s:1ms
2024-11-15 17:57:01,401 - fed_utils - INFO - load key [features.4.bias].length : 64, cost time : 0m:0s:0ms
2024-11-15 17:57:01,436 - fed_utils - INFO - load key [classifier.0.weight].length : 1572864, cost time : 0m:0s:34ms
2024-11-15 17:57:01,436 - fed_utils - INFO - load key [classifier.0.bias].length : 384, cost time : 0m:0s:0ms
2024-11-15 17:57:01,438 - fed_utils - INFO - load key [classifier.2.weight].length : 73728, cost time : 0m:0s:2ms
2024-11-15 17:57:01,438 - fed_utils - INFO - load key [classifier.2.bias].length : 192, cost time : 0m:0s:0ms
2024-11-15 17:57:16,652 - fed_utils - INFO - encrypting key [classifier.4.weight].length : 1920, cost time : 0m:15s:213ms
2024-11-15 17:57:16,732 - fed_utils - INFO - encrypting key [classifier.4.bias].length : 10, cost time : 0m:0s:79ms
2024-11-15 17:57:16,756 - fl_main - INFO - Server receive client_dict[f_00000] info ...
2024-11-15 17:57:16,757 - fl_main - INFO - ----- client id [f_00001] -----
2024-11-15 17:57:16,766 - fed_utils - INFO - init global model cost time : 0m:0s:9ms
2024-11-15 17:57:16,768 - client_base - INFO - recover model cost time : 0m:0s:0ms
2024-11-15 17:57:16,768 - fl_main - INFO - client_dict[f_00001] training ...
2024-11-15 17:57:16,769 - client_base - INFO - client_dict[f_00001] training epoch : 0
2024-11-15 17:57:25,905 - client_base - INFO - local model train cost time : 0m:9s:135ms
2024-11-15 17:57:25,906 - client_base - INFO - model encode time : 0m:0s:1ms
2024-11-15 17:57:25,907 - fl_main - INFO - client_dict[f_00001] local model encrypting ...
2024-11-15 17:58:03,928 - fed_utils - INFO - encrypting key [features.0.weight].length : 4800, cost time : 0m:38s:20ms
2024-11-15 17:58:04,446 - fed_utils - INFO - encrypting key [features.0.bias].length : 64, cost time : 0m:0s:518ms
2024-11-15 17:58:04,449 - fed_utils - INFO - load key [features.4.weight].length : 102400, cost time : 0m:0s:2ms
2024-11-15 17:58:04,449 - fed_utils - INFO - load key [features.4.bias].length : 64, cost time : 0m:0s:0ms
2024-11-15 17:58:04,489 - fed_utils - INFO - load key [classifier.0.weight].length : 1572864, cost time : 0m:0s:40ms
2024-11-15 17:58:04,489 - fed_utils - INFO - load key [classifier.0.bias].length : 384, cost time : 0m:0s:0ms
2024-11-15 17:58:04,491 - fed_utils - INFO - load key [classifier.2.weight].length : 73728, cost time : 0m:0s:1ms
2024-11-15 17:58:04,491 - fed_utils - INFO - load key [classifier.2.bias].length : 192, cost time : 0m:0s:0ms
2024-11-15 17:58:19,715 - fed_utils - INFO - encrypting key [classifier.4.weight].length : 1920, cost time : 0m:15s:223ms
2024-11-15 17:58:19,795 - fed_utils - INFO - encrypting key [classifier.4.bias].length : 10, cost time : 0m:0s:79ms
2024-11-15 17:58:19,795 - fl_main - INFO - Server receive client_dict[f_00001] info ...
2024-11-15 17:58:19,795 - fl_main - INFO - ----- client id [f_00002] -----
2024-11-15 17:58:19,804 - fed_utils - INFO - init global model cost time : 0m:0s:9ms
2024-11-15 17:58:19,806 - client_base - INFO - recover model cost time : 0m:0s:0ms
2024-11-15 17:58:19,807 - fl_main - INFO - client_dict[f_00002] training ...
2024-11-15 17:58:19,809 - client_base - INFO - client_dict[f_00002] training epoch : 0
2024-11-15 17:58:28,951 - client_base - INFO - local model train cost time : 0m:9s:142ms
2024-11-15 17:58:28,953 - client_base - INFO - model encode time : 0m:0s:1ms
2024-11-15 17:58:28,953 - fl_main - INFO - client_dict[f_00002] local model encrypting ...
2024-11-15 17:59:07,031 - fed_utils - INFO - encrypting key [features.0.weight].length : 4800, cost time : 0m:38s:78ms
2024-11-15 17:59:07,549 - fed_utils - INFO - encrypting key [features.0.bias].length : 64, cost time : 0m:0s:517ms
2024-11-15 17:59:07,552 - fed_utils - INFO - load key [features.4.weight].length : 102400, cost time : 0m:0s:2ms
2024-11-15 17:59:07,552 - fed_utils - INFO - load key [features.4.bias].length : 64, cost time : 0m:0s:0ms
2024-11-15 17:59:07,591 - fed_utils - INFO - load key [classifier.0.weight].length : 1572864, cost time : 0m:0s:39ms
2024-11-15 17:59:07,592 - fed_utils - INFO - load key [classifier.0.bias].length : 384, cost time : 0m:0s:0ms
2024-11-15 17:59:07,593 - fed_utils - INFO - load key [classifier.2.weight].length : 73728, cost time : 0m:0s:1ms
2024-11-15 17:59:07,594 - fed_utils - INFO - load key [classifier.2.bias].length : 192, cost time : 0m:0s:0ms
2024-11-15 17:59:22,879 - fed_utils - INFO - encrypting key [classifier.4.weight].length : 1920, cost time : 0m:15s:285ms
2024-11-15 17:59:22,958 - fed_utils - INFO - encrypting key [classifier.4.bias].length : 10, cost time : 0m:0s:79ms
2024-11-15 17:59:22,958 - fl_main - INFO - Server receive client_dict[f_00002] info ...
2024-11-15 17:59:22,958 - fl_main - INFO - ----- client id [f_00003] -----
2024-11-15 17:59:22,968 - fed_utils - INFO - init global model cost time : 0m:0s:9ms
2024-11-15 17:59:22,970 - client_base - INFO - recover model cost time : 0m:0s:0ms
2024-11-15 17:59:22,970 - fl_main - INFO - client_dict[f_00003] training ...
2024-11-15 17:59:22,972 - client_base - INFO - client_dict[f_00003] training epoch : 0
2024-11-15 17:59:32,135 - client_base - INFO - local model train cost time : 0m:9s:162ms
2024-11-15 17:59:32,137 - client_base - INFO - model encode time : 0m:0s:1ms
2024-11-15 17:59:32,137 - fl_main - INFO - client_dict[f_00003] local model encrypting ...
2024-11-15 18:00:10,153 - fed_utils - INFO - encrypting key [features.0.weight].length : 4800, cost time : 0m:38s:15ms
2024-11-15 18:00:10,670 - fed_utils - INFO - encrypting key [features.0.bias].length : 64, cost time : 0m:0s:517ms
2024-11-15 18:00:10,673 - fed_utils - INFO - load key [features.4.weight].length : 102400, cost time : 0m:0s:2ms
2024-11-15 18:00:10,673 - fed_utils - INFO - load key [features.4.bias].length : 64, cost time : 0m:0s:0ms
2024-11-15 18:00:10,712 - fed_utils - INFO - load key [classifier.0.weight].length : 1572864, cost time : 0m:0s:39ms
2024-11-15 18:00:10,712 - fed_utils - INFO - load key [classifier.0.bias].length : 384, cost time : 0m:0s:0ms
2024-11-15 18:00:10,714 - fed_utils - INFO - load key [classifier.2.weight].length : 73728, cost time : 0m:0s:1ms
2024-11-15 18:00:10,714 - fed_utils - INFO - load key [classifier.2.bias].length : 192, cost time : 0m:0s:0ms
2024-11-15 18:00:25,971 - fed_utils - INFO - encrypting key [classifier.4.weight].length : 1920, cost time : 0m:15s:256ms
2024-11-15 18:00:26,051 - fed_utils - INFO - encrypting key [classifier.4.bias].length : 10, cost time : 0m:0s:79ms
2024-11-15 18:00:26,051 - fl_main - INFO - Server receive client_dict[f_00003] info ...
2024-11-15 18:00:26,051 - fl_main - INFO - ----- client id [f_00004] -----
2024-11-15 18:00:26,060 - fed_utils - INFO - init global model cost time : 0m:0s:9ms
2024-11-15 18:00:26,062 - client_base - INFO - recover model cost time : 0m:0s:0ms
2024-11-15 18:00:28,504 - fl_main - INFO - global round [14] client_dict[f_00004].accuracy : 0.736000
2024-11-15 18:00:28,504 - fl_main - INFO - client_dict[f_00004] training ...
2024-11-15 18:00:28,505 - client_base - INFO - client_dict[f_00004] training epoch : 0
2024-11-15 18:00:37,640 - client_base - INFO - local model train cost time : 0m:9s:135ms
2024-11-15 18:00:37,642 - client_base - INFO - model encode time : 0m:0s:1ms
2024-11-15 18:00:37,642 - fl_main - INFO - client_dict[f_00004] local model encrypting ...
2024-11-15 18:01:15,670 - fed_utils - INFO - encrypting key [features.0.weight].length : 4800, cost time : 0m:38s:27ms
2024-11-15 18:01:16,189 - fed_utils - INFO - encrypting key [features.0.bias].length : 64, cost time : 0m:0s:518ms
2024-11-15 18:01:16,191 - fed_utils - INFO - load key [features.4.weight].length : 102400, cost time : 0m:0s:2ms
2024-11-15 18:01:16,191 - fed_utils - INFO - load key [features.4.bias].length : 64, cost time : 0m:0s:0ms
2024-11-15 18:01:16,230 - fed_utils - INFO - load key [classifier.0.weight].length : 1572864, cost time : 0m:0s:38ms
2024-11-15 18:01:16,230 - fed_utils - INFO - load key [classifier.0.bias].length : 384, cost time : 0m:0s:0ms
2024-11-15 18:01:16,232 - fed_utils - INFO - load key [classifier.2.weight].length : 73728, cost time : 0m:0s:1ms
2024-11-15 18:01:16,232 - fed_utils - INFO - load key [classifier.2.bias].length : 192, cost time : 0m:0s:0ms
2024-11-15 18:01:31,463 - fed_utils - INFO - encrypting key [classifier.4.weight].length : 1920, cost time : 0m:15s:230ms
2024-11-15 18:01:31,543 - fed_utils - INFO - encrypting key [classifier.4.bias].length : 10, cost time : 0m:0s:79ms
2024-11-15 18:01:31,543 - fl_main - INFO - Server receive client_dict[f_00004] info ...
2024-11-15 18:01:31,543 - fl_main - INFO - global aggregation process ...
2024-11-15 18:01:31,543 - fed_utils - INFO - server.n_data : 50000
2024-11-15 18:01:31,543 - fed_utils - INFO - client_dict[f_00000].weight : 0.200000
2024-11-15 18:01:31,544 - fed_utils - INFO - client_dict[f_00001].weight : 0.200000
2024-11-15 18:01:31,544 - fed_utils - INFO - client_dict[f_00002].weight : 0.200000
2024-11-15 18:01:31,544 - fed_utils - INFO - client_dict[f_00003].weight : 0.200000
2024-11-15 18:01:31,544 - fed_utils - INFO - client_dict[f_00004].weight : 0.200000
2024-11-15 18:01:31,544 - fed_utils - INFO - recover secret number by clients: 3157279.000000
2024-11-15 18:01:31,544 - server_base - INFO - Server aggregate model with homomorphic encryption ...
2024-11-15 18:01:42,139 - server_base - INFO - Server aggregate model done, cost time : 0m:10s:595ms
2024-11-15 18:01:53,089 - fed_utils - INFO - decrypting key [features.0.weight].shape [torch.Size([64, 3, 5, 5])]
2024-11-15 18:01:53,235 - fed_utils - INFO - decrypting key [features.0.bias].shape [torch.Size([64])]
2024-11-15 18:01:53,235 - fed_utils - INFO - decrypting key [features.4.weight].shape [torch.Size([64, 64, 5, 5])]
2024-11-15 18:01:53,235 - fed_utils - INFO - decrypting key [features.4.bias].shape [torch.Size([64])]
2024-11-15 18:01:53,242 - fed_utils - INFO - decrypting key [classifier.0.weight].shape [torch.Size([384, 4096])]
2024-11-15 18:01:53,242 - fed_utils - INFO - decrypting key [classifier.0.bias].shape [torch.Size([384])]
2024-11-15 18:01:53,243 - fed_utils - INFO - decrypting key [classifier.2.weight].shape [torch.Size([192, 384])]
2024-11-15 18:01:53,243 - fed_utils - INFO - decrypting key [classifier.2.bias].shape [torch.Size([192])]
2024-11-15 18:01:57,633 - fed_utils - INFO - decrypting key [classifier.4.weight].shape [torch.Size([10, 192])]
2024-11-15 18:01:57,656 - fed_utils - INFO - decrypting key [classifier.4.bias].shape [torch.Size([10])]
2024-11-15 18:01:57,656 - fed_utils - INFO - decrypt time : [0m:15s:516ms]
2024-11-15 18:01:57,725 - fl_main - INFO - [global round : 14] aggregated model accuracy : 0.736
2024-11-15 18:01:57,725 - fl_main - INFO - [global round : 14] aggregated model loss : 1.0436246395638498
2024-11-15 18:01:57,725 - fl_main - INFO - global round : 15
2024-11-15 18:01:57,726 - fl_main - INFO - the random client id to test accuracy : f_00004
2024-11-15 18:01:57,726 - fl_main - INFO - ----- client id [f_00000] -----
2024-11-15 18:01:57,735 - fed_utils - INFO - init global model cost time : 0m:0s:9ms
2024-11-15 18:01:57,737 - client_base - INFO - recover model cost time : 0m:0s:0ms
2024-11-15 18:01:57,737 - fl_main - INFO - client_dict[f_00000] training ...
2024-11-15 18:01:57,748 - client_base - INFO - client_dict[f_00000] training epoch : 0
2024-11-15 18:02:06,888 - client_base - INFO - local model train cost time : 0m:9s:140ms
2024-11-15 18:02:06,890 - client_base - INFO - model encode time : 0m:0s:1ms
2024-11-15 18:02:06,890 - fl_main - INFO - client_dict[f_00000] local model encrypting ...
2024-11-15 18:02:45,132 - fed_utils - INFO - encrypting key [features.0.weight].length : 4800, cost time : 0m:38s:241ms
2024-11-15 18:02:45,657 - fed_utils - INFO - encrypting key [features.0.bias].length : 64, cost time : 0m:0s:524ms
2024-11-15 18:02:45,659 - fed_utils - INFO - load key [features.4.weight].length : 102400, cost time : 0m:0s:1ms
2024-11-15 18:02:45,659 - fed_utils - INFO - load key [features.4.bias].length : 64, cost time : 0m:0s:0ms
2024-11-15 18:02:45,694 - fed_utils - INFO - load key [classifier.0.weight].length : 1572864, cost time : 0m:0s:34ms
2024-11-15 18:02:45,694 - fed_utils - INFO - load key [classifier.0.bias].length : 384, cost time : 0m:0s:0ms
2024-11-15 18:02:45,696 - fed_utils - INFO - load key [classifier.2.weight].length : 73728, cost time : 0m:0s:1ms
2024-11-15 18:02:45,696 - fed_utils - INFO - load key [classifier.2.bias].length : 192, cost time : 0m:0s:0ms
2024-11-15 18:03:00,923 - fed_utils - INFO - encrypting key [classifier.4.weight].length : 1920, cost time : 0m:15s:226ms
2024-11-15 18:03:01,002 - fed_utils - INFO - encrypting key [classifier.4.bias].length : 10, cost time : 0m:0s:79ms
2024-11-15 18:03:01,027 - fl_main - INFO - Server receive client_dict[f_00000] info ...
2024-11-15 18:03:01,027 - fl_main - INFO - ----- client id [f_00001] -----
2024-11-15 18:03:01,037 - fed_utils - INFO - init global model cost time : 0m:0s:9ms
2024-11-15 18:03:01,038 - client_base - INFO - recover model cost time : 0m:0s:0ms
2024-11-15 18:03:01,038 - fl_main - INFO - client_dict[f_00001] training ...
2024-11-15 18:03:01,040 - client_base - INFO - client_dict[f_00001] training epoch : 0
2024-11-15 18:03:10,192 - client_base - INFO - local model train cost time : 0m:9s:152ms
2024-11-15 18:03:10,193 - client_base - INFO - model encode time : 0m:0s:1ms
2024-11-15 18:03:10,194 - fl_main - INFO - client_dict[f_00001] local model encrypting ...
2024-11-15 18:03:48,287 - fed_utils - INFO - encrypting key [features.0.weight].length : 4800, cost time : 0m:38s:93ms
2024-11-15 18:03:48,804 - fed_utils - INFO - encrypting key [features.0.bias].length : 64, cost time : 0m:0s:517ms
2024-11-15 18:03:48,806 - fed_utils - INFO - load key [features.4.weight].length : 102400, cost time : 0m:0s:2ms
2024-11-15 18:03:48,807 - fed_utils - INFO - load key [features.4.bias].length : 64, cost time : 0m:0s:0ms
2024-11-15 18:03:48,847 - fed_utils - INFO - load key [classifier.0.weight].length : 1572864, cost time : 0m:0s:40ms
2024-11-15 18:03:48,847 - fed_utils - INFO - load key [classifier.0.bias].length : 384, cost time : 0m:0s:0ms
2024-11-15 18:03:48,849 - fed_utils - INFO - load key [classifier.2.weight].length : 73728, cost time : 0m:0s:1ms
2024-11-15 18:03:48,849 - fed_utils - INFO - load key [classifier.2.bias].length : 192, cost time : 0m:0s:0ms
2024-11-15 18:04:04,067 - fed_utils - INFO - encrypting key [classifier.4.weight].length : 1920, cost time : 0m:15s:217ms
2024-11-15 18:04:04,146 - fed_utils - INFO - encrypting key [classifier.4.bias].length : 10, cost time : 0m:0s:79ms
2024-11-15 18:04:04,146 - fl_main - INFO - Server receive client_dict[f_00001] info ...
2024-11-15 18:04:04,146 - fl_main - INFO - ----- client id [f_00002] -----
2024-11-15 18:04:04,156 - fed_utils - INFO - init global model cost time : 0m:0s:9ms
2024-11-15 18:04:04,158 - client_base - INFO - recover model cost time : 0m:0s:0ms
2024-11-15 18:04:04,159 - fl_main - INFO - client_dict[f_00002] training ...
2024-11-15 18:04:04,160 - client_base - INFO - client_dict[f_00002] training epoch : 0
2024-11-15 18:04:13,302 - client_base - INFO - local model train cost time : 0m:9s:141ms
2024-11-15 18:04:13,304 - client_base - INFO - model encode time : 0m:0s:2ms
2024-11-15 18:04:13,305 - fl_main - INFO - client_dict[f_00002] local model encrypting ...
2024-11-15 18:04:51,315 - fed_utils - INFO - encrypting key [features.0.weight].length : 4800, cost time : 0m:38s:10ms
2024-11-15 18:04:51,843 - fed_utils - INFO - encrypting key [features.0.bias].length : 64, cost time : 0m:0s:528ms
2024-11-15 18:04:51,846 - fed_utils - INFO - load key [features.4.weight].length : 102400, cost time : 0m:0s:2ms
2024-11-15 18:04:51,846 - fed_utils - INFO - load key [features.4.bias].length : 64, cost time : 0m:0s:0ms
2024-11-15 18:04:51,885 - fed_utils - INFO - load key [classifier.0.weight].length : 1572864, cost time : 0m:0s:39ms
2024-11-15 18:04:51,886 - fed_utils - INFO - load key [classifier.0.bias].length : 384, cost time : 0m:0s:0ms
2024-11-15 18:04:51,887 - fed_utils - INFO - load key [classifier.2.weight].length : 73728, cost time : 0m:0s:1ms
2024-11-15 18:04:51,888 - fed_utils - INFO - load key [classifier.2.bias].length : 192, cost time : 0m:0s:0ms
2024-11-15 18:05:07,100 - fed_utils - INFO - encrypting key [classifier.4.weight].length : 1920, cost time : 0m:15s:212ms
2024-11-15 18:05:07,180 - fed_utils - INFO - encrypting key [classifier.4.bias].length : 10, cost time : 0m:0s:79ms
2024-11-15 18:05:07,180 - fl_main - INFO - Server receive client_dict[f_00002] info ...
2024-11-15 18:05:07,180 - fl_main - INFO - ----- client id [f_00003] -----
2024-11-15 18:05:07,189 - fed_utils - INFO - init global model cost time : 0m:0s:9ms
2024-11-15 18:05:07,191 - client_base - INFO - recover model cost time : 0m:0s:0ms
2024-11-15 18:05:07,192 - fl_main - INFO - client_dict[f_00003] training ...
2024-11-15 18:05:07,193 - client_base - INFO - client_dict[f_00003] training epoch : 0
2024-11-15 18:05:16,373 - client_base - INFO - local model train cost time : 0m:9s:179ms
2024-11-15 18:05:16,375 - client_base - INFO - model encode time : 0m:0s:1ms
2024-11-15 18:05:16,375 - fl_main - INFO - client_dict[f_00003] local model encrypting ...
2024-11-15 18:05:54,429 - fed_utils - INFO - encrypting key [features.0.weight].length : 4800, cost time : 0m:38s:53ms
2024-11-15 18:05:54,946 - fed_utils - INFO - encrypting key [features.0.bias].length : 64, cost time : 0m:0s:517ms
2024-11-15 18:05:54,949 - fed_utils - INFO - load key [features.4.weight].length : 102400, cost time : 0m:0s:2ms
2024-11-15 18:05:54,949 - fed_utils - INFO - load key [features.4.bias].length : 64, cost time : 0m:0s:0ms
2024-11-15 18:05:54,988 - fed_utils - INFO - load key [classifier.0.weight].length : 1572864, cost time : 0m:0s:39ms
2024-11-15 18:05:54,988 - fed_utils - INFO - load key [classifier.0.bias].length : 384, cost time : 0m:0s:0ms
2024-11-15 18:05:54,990 - fed_utils - INFO - load key [classifier.2.weight].length : 73728, cost time : 0m:0s:1ms
2024-11-15 18:05:54,990 - fed_utils - INFO - load key [classifier.2.bias].length : 192, cost time : 0m:0s:0ms
2024-11-15 18:06:10,232 - fed_utils - INFO - encrypting key [classifier.4.weight].length : 1920, cost time : 0m:15s:241ms
2024-11-15 18:06:10,312 - fed_utils - INFO - encrypting key [classifier.4.bias].length : 10, cost time : 0m:0s:79ms
2024-11-15 18:06:10,312 - fl_main - INFO - Server receive client_dict[f_00003] info ...
2024-11-15 18:06:10,312 - fl_main - INFO - ----- client id [f_00004] -----
2024-11-15 18:06:10,321 - fed_utils - INFO - init global model cost time : 0m:0s:9ms
2024-11-15 18:06:10,323 - client_base - INFO - recover model cost time : 0m:0s:0ms
2024-11-15 18:06:12,765 - fl_main - INFO - global round [15] client_dict[f_00004].accuracy : 0.744500
2024-11-15 18:06:12,766 - fl_main - INFO - client_dict[f_00004] training ...
2024-11-15 18:06:12,766 - client_base - INFO - client_dict[f_00004] training epoch : 0
2024-11-15 18:06:21,889 - client_base - INFO - local model train cost time : 0m:9s:122ms
2024-11-15 18:06:21,890 - client_base - INFO - model encode time : 0m:0s:1ms
2024-11-15 18:06:21,891 - fl_main - INFO - client_dict[f_00004] local model encrypting ...
2024-11-15 18:06:59,960 - fed_utils - INFO - encrypting key [features.0.weight].length : 4800, cost time : 0m:38s:69ms
2024-11-15 18:07:00,479 - fed_utils - INFO - encrypting key [features.0.bias].length : 64, cost time : 0m:0s:518ms
2024-11-15 18:07:00,482 - fed_utils - INFO - load key [features.4.weight].length : 102400, cost time : 0m:0s:2ms
2024-11-15 18:07:00,482 - fed_utils - INFO - load key [features.4.bias].length : 64, cost time : 0m:0s:0ms
2024-11-15 18:07:00,520 - fed_utils - INFO - load key [classifier.0.weight].length : 1572864, cost time : 0m:0s:38ms
2024-11-15 18:07:00,521 - fed_utils - INFO - load key [classifier.0.bias].length : 384, cost time : 0m:0s:0ms
2024-11-15 18:07:00,522 - fed_utils - INFO - load key [classifier.2.weight].length : 73728, cost time : 0m:0s:1ms
2024-11-15 18:07:00,523 - fed_utils - INFO - load key [classifier.2.bias].length : 192, cost time : 0m:0s:0ms
2024-11-15 18:07:15,747 - fed_utils - INFO - encrypting key [classifier.4.weight].length : 1920, cost time : 0m:15s:224ms
2024-11-15 18:07:15,827 - fed_utils - INFO - encrypting key [classifier.4.bias].length : 10, cost time : 0m:0s:79ms
2024-11-15 18:07:15,827 - fl_main - INFO - Server receive client_dict[f_00004] info ...
2024-11-15 18:07:15,827 - fl_main - INFO - global aggregation process ...
2024-11-15 18:07:15,827 - fed_utils - INFO - server.n_data : 50000
2024-11-15 18:07:15,827 - fed_utils - INFO - client_dict[f_00000].weight : 0.200000
2024-11-15 18:07:15,828 - fed_utils - INFO - client_dict[f_00001].weight : 0.200000
2024-11-15 18:07:15,828 - fed_utils - INFO - client_dict[f_00002].weight : 0.200000
2024-11-15 18:07:15,828 - fed_utils - INFO - client_dict[f_00003].weight : 0.200000
2024-11-15 18:07:15,828 - fed_utils - INFO - client_dict[f_00004].weight : 0.200000
2024-11-15 18:07:15,828 - fed_utils - INFO - recover secret number by clients: 3157279.000000
2024-11-15 18:07:15,828 - server_base - INFO - Server aggregate model with homomorphic encryption ...
2024-11-15 18:07:26,443 - server_base - INFO - Server aggregate model done, cost time : 0m:10s:615ms
2024-11-15 18:07:37,369 - fed_utils - INFO - decrypting key [features.0.weight].shape [torch.Size([64, 3, 5, 5])]
2024-11-15 18:07:37,514 - fed_utils - INFO - decrypting key [features.0.bias].shape [torch.Size([64])]
2024-11-15 18:07:37,515 - fed_utils - INFO - decrypting key [features.4.weight].shape [torch.Size([64, 64, 5, 5])]
2024-11-15 18:07:37,515 - fed_utils - INFO - decrypting key [features.4.bias].shape [torch.Size([64])]
2024-11-15 18:07:37,522 - fed_utils - INFO - decrypting key [classifier.0.weight].shape [torch.Size([384, 4096])]
2024-11-15 18:07:37,522 - fed_utils - INFO - decrypting key [classifier.0.bias].shape [torch.Size([384])]
2024-11-15 18:07:37,522 - fed_utils - INFO - decrypting key [classifier.2.weight].shape [torch.Size([192, 384])]
2024-11-15 18:07:37,522 - fed_utils - INFO - decrypting key [classifier.2.bias].shape [torch.Size([192])]
2024-11-15 18:07:41,899 - fed_utils - INFO - decrypting key [classifier.4.weight].shape [torch.Size([10, 192])]
2024-11-15 18:07:41,922 - fed_utils - INFO - decrypting key [classifier.4.bias].shape [torch.Size([10])]
2024-11-15 18:07:41,922 - fed_utils - INFO - decrypt time : [0m:15s:478ms]
2024-11-15 18:07:41,991 - fl_main - INFO - [global round : 15] aggregated model accuracy : 0.7445
2024-11-15 18:07:41,991 - fl_main - INFO - [global round : 15] aggregated model loss : 0.6283562787326613
2024-11-15 18:07:41,992 - fl_main - INFO - global round : 16
2024-11-15 18:07:41,992 - fl_main - INFO - the random client id to test accuracy : f_00002
2024-11-15 18:07:41,992 - fl_main - INFO - ----- client id [f_00000] -----
2024-11-15 18:07:42,004 - fed_utils - INFO - init global model cost time : 0m:0s:11ms
2024-11-15 18:07:42,006 - client_base - INFO - recover model cost time : 0m:0s:0ms
2024-11-15 18:07:42,006 - fl_main - INFO - client_dict[f_00000] training ...
2024-11-15 18:07:42,013 - client_base - INFO - client_dict[f_00000] training epoch : 0
2024-11-15 18:07:51,178 - client_base - INFO - local model train cost time : 0m:9s:165ms
2024-11-15 18:07:51,180 - client_base - INFO - model encode time : 0m:0s:1ms
2024-11-15 18:07:51,180 - fl_main - INFO - client_dict[f_00000] local model encrypting ...
2024-11-15 18:08:29,339 - fed_utils - INFO - encrypting key [features.0.weight].length : 4800, cost time : 0m:38s:158ms
2024-11-15 18:08:29,856 - fed_utils - INFO - encrypting key [features.0.bias].length : 64, cost time : 0m:0s:516ms
2024-11-15 18:08:29,858 - fed_utils - INFO - load key [features.4.weight].length : 102400, cost time : 0m:0s:2ms
2024-11-15 18:08:29,858 - fed_utils - INFO - load key [features.4.bias].length : 64, cost time : 0m:0s:0ms
2024-11-15 18:08:29,893 - fed_utils - INFO - load key [classifier.0.weight].length : 1572864, cost time : 0m:0s:34ms
2024-11-15 18:08:29,893 - fed_utils - INFO - load key [classifier.0.bias].length : 384, cost time : 0m:0s:0ms
2024-11-15 18:08:29,895 - fed_utils - INFO - load key [classifier.2.weight].length : 73728, cost time : 0m:0s:2ms
2024-11-15 18:08:29,895 - fed_utils - INFO - load key [classifier.2.bias].length : 192, cost time : 0m:0s:0ms
2024-11-15 18:08:45,105 - fed_utils - INFO - encrypting key [classifier.4.weight].length : 1920, cost time : 0m:15s:210ms
2024-11-15 18:08:45,185 - fed_utils - INFO - encrypting key [classifier.4.bias].length : 10, cost time : 0m:0s:79ms
2024-11-15 18:08:45,209 - fl_main - INFO - Server receive client_dict[f_00000] info ...
2024-11-15 18:08:45,209 - fl_main - INFO - ----- client id [f_00001] -----
2024-11-15 18:08:45,219 - fed_utils - INFO - init global model cost time : 0m:0s:9ms
2024-11-15 18:08:45,221 - client_base - INFO - recover model cost time : 0m:0s:0ms
2024-11-15 18:08:45,222 - fl_main - INFO - client_dict[f_00001] training ...
2024-11-15 18:08:45,223 - client_base - INFO - client_dict[f_00001] training epoch : 0
2024-11-15 18:08:54,371 - client_base - INFO - local model train cost time : 0m:9s:148ms
2024-11-15 18:08:54,373 - client_base - INFO - model encode time : 0m:0s:1ms
2024-11-15 18:08:54,373 - fl_main - INFO - client_dict[f_00001] local model encrypting ...
2024-11-15 18:09:32,395 - fed_utils - INFO - encrypting key [features.0.weight].length : 4800, cost time : 0m:38s:21ms
2024-11-15 18:09:32,913 - fed_utils - INFO - encrypting key [features.0.bias].length : 64, cost time : 0m:0s:517ms
2024-11-15 18:09:32,915 - fed_utils - INFO - load key [features.4.weight].length : 102400, cost time : 0m:0s:2ms
2024-11-15 18:09:32,915 - fed_utils - INFO - load key [features.4.bias].length : 64, cost time : 0m:0s:0ms
2024-11-15 18:09:32,955 - fed_utils - INFO - load key [classifier.0.weight].length : 1572864, cost time : 0m:0s:40ms
2024-11-15 18:09:32,956 - fed_utils - INFO - load key [classifier.0.bias].length : 384, cost time : 0m:0s:0ms
2024-11-15 18:09:32,958 - fed_utils - INFO - load key [classifier.2.weight].length : 73728, cost time : 0m:0s:1ms
2024-11-15 18:09:32,958 - fed_utils - INFO - load key [classifier.2.bias].length : 192, cost time : 0m:0s:0ms
2024-11-15 18:09:48,172 - fed_utils - INFO - encrypting key [classifier.4.weight].length : 1920, cost time : 0m:15s:214ms
2024-11-15 18:09:48,251 - fed_utils - INFO - encrypting key [classifier.4.bias].length : 10, cost time : 0m:0s:79ms
2024-11-15 18:09:48,251 - fl_main - INFO - Server receive client_dict[f_00001] info ...
2024-11-15 18:09:48,251 - fl_main - INFO - ----- client id [f_00002] -----
2024-11-15 18:09:48,261 - fed_utils - INFO - init global model cost time : 0m:0s:9ms
2024-11-15 18:09:48,263 - client_base - INFO - recover model cost time : 0m:0s:0ms
2024-11-15 18:09:50,712 - fl_main - INFO - global round [16] client_dict[f_00002].accuracy : 0.748000
2024-11-15 18:09:50,712 - fl_main - INFO - client_dict[f_00002] training ...
2024-11-15 18:09:50,713 - client_base - INFO - client_dict[f_00002] training epoch : 0
2024-11-15 18:09:59,848 - client_base - INFO - local model train cost time : 0m:9s:135ms
2024-11-15 18:09:59,850 - client_base - INFO - model encode time : 0m:0s:1ms
2024-11-15 18:09:59,850 - fl_main - INFO - client_dict[f_00002] local model encrypting ...
2024-11-15 18:10:37,867 - fed_utils - INFO - encrypting key [features.0.weight].length : 4800, cost time : 0m:38s:16ms
2024-11-15 18:10:38,384 - fed_utils - INFO - encrypting key [features.0.bias].length : 64, cost time : 0m:0s:517ms
2024-11-15 18:10:38,387 - fed_utils - INFO - load key [features.4.weight].length : 102400, cost time : 0m:0s:2ms
2024-11-15 18:10:38,387 - fed_utils - INFO - load key [features.4.bias].length : 64, cost time : 0m:0s:0ms
2024-11-15 18:10:38,427 - fed_utils - INFO - load key [classifier.0.weight].length : 1572864, cost time : 0m:0s:39ms
2024-11-15 18:10:38,427 - fed_utils - INFO - load key [classifier.0.bias].length : 384, cost time : 0m:0s:0ms
2024-11-15 18:10:38,429 - fed_utils - INFO - load key [classifier.2.weight].length : 73728, cost time : 0m:0s:1ms
2024-11-15 18:10:38,429 - fed_utils - INFO - load key [classifier.2.bias].length : 192, cost time : 0m:0s:0ms
2024-11-15 18:10:53,642 - fed_utils - INFO - encrypting key [classifier.4.weight].length : 1920, cost time : 0m:15s:212ms
2024-11-15 18:10:53,722 - fed_utils - INFO - encrypting key [classifier.4.bias].length : 10, cost time : 0m:0s:80ms
2024-11-15 18:10:53,722 - fl_main - INFO - Server receive client_dict[f_00002] info ...
2024-11-15 18:10:53,722 - fl_main - INFO - ----- client id [f_00003] -----
2024-11-15 18:10:53,732 - fed_utils - INFO - init global model cost time : 0m:0s:9ms
2024-11-15 18:10:53,734 - client_base - INFO - recover model cost time : 0m:0s:0ms
2024-11-15 18:10:53,735 - fl_main - INFO - client_dict[f_00003] training ...
2024-11-15 18:10:53,736 - client_base - INFO - client_dict[f_00003] training epoch : 0
2024-11-15 18:11:02,902 - client_base - INFO - local model train cost time : 0m:9s:165ms
2024-11-15 18:11:02,903 - client_base - INFO - model encode time : 0m:0s:1ms
2024-11-15 18:11:02,904 - fl_main - INFO - client_dict[f_00003] local model encrypting ...
2024-11-15 18:11:40,951 - fed_utils - INFO - encrypting key [features.0.weight].length : 4800, cost time : 0m:38s:47ms
2024-11-15 18:11:41,469 - fed_utils - INFO - encrypting key [features.0.bias].length : 64, cost time : 0m:0s:518ms
2024-11-15 18:11:41,472 - fed_utils - INFO - load key [features.4.weight].length : 102400, cost time : 0m:0s:2ms
2024-11-15 18:11:41,472 - fed_utils - INFO - load key [features.4.bias].length : 64, cost time : 0m:0s:0ms
2024-11-15 18:11:41,512 - fed_utils - INFO - load key [classifier.0.weight].length : 1572864, cost time : 0m:0s:39ms
2024-11-15 18:11:41,512 - fed_utils - INFO - load key [classifier.0.bias].length : 384, cost time : 0m:0s:0ms
2024-11-15 18:11:41,514 - fed_utils - INFO - load key [classifier.2.weight].length : 73728, cost time : 0m:0s:1ms
2024-11-15 18:11:41,514 - fed_utils - INFO - load key [classifier.2.bias].length : 192, cost time : 0m:0s:0ms
2024-11-15 18:11:56,734 - fed_utils - INFO - encrypting key [classifier.4.weight].length : 1920, cost time : 0m:15s:220ms
2024-11-15 18:11:56,813 - fed_utils - INFO - encrypting key [classifier.4.bias].length : 10, cost time : 0m:0s:79ms
2024-11-15 18:11:56,814 - fl_main - INFO - Server receive client_dict[f_00003] info ...
2024-11-15 18:11:56,814 - fl_main - INFO - ----- client id [f_00004] -----
2024-11-15 18:11:56,823 - fed_utils - INFO - init global model cost time : 0m:0s:9ms
2024-11-15 18:11:56,825 - client_base - INFO - recover model cost time : 0m:0s:0ms
2024-11-15 18:11:56,826 - fl_main - INFO - client_dict[f_00004] training ...
2024-11-15 18:11:56,827 - client_base - INFO - client_dict[f_00004] training epoch : 0
2024-11-15 18:12:05,999 - client_base - INFO - local model train cost time : 0m:9s:172ms
2024-11-15 18:12:06,001 - client_base - INFO - model encode time : 0m:0s:1ms
2024-11-15 18:12:06,001 - fl_main - INFO - client_dict[f_00004] local model encrypting ...
2024-11-15 18:12:44,033 - fed_utils - INFO - encrypting key [features.0.weight].length : 4800, cost time : 0m:38s:31ms
2024-11-15 18:12:44,551 - fed_utils - INFO - encrypting key [features.0.bias].length : 64, cost time : 0m:0s:518ms
2024-11-15 18:12:44,554 - fed_utils - INFO - load key [features.4.weight].length : 102400, cost time : 0m:0s:2ms
2024-11-15 18:12:44,554 - fed_utils - INFO - load key [features.4.bias].length : 64, cost time : 0m:0s:0ms
2024-11-15 18:12:44,593 - fed_utils - INFO - load key [classifier.0.weight].length : 1572864, cost time : 0m:0s:38ms
2024-11-15 18:12:44,593 - fed_utils - INFO - load key [classifier.0.bias].length : 384, cost time : 0m:0s:0ms
2024-11-15 18:12:44,595 - fed_utils - INFO - load key [classifier.2.weight].length : 73728, cost time : 0m:0s:1ms
2024-11-15 18:12:44,595 - fed_utils - INFO - load key [classifier.2.bias].length : 192, cost time : 0m:0s:0ms
2024-11-15 18:12:59,811 - fed_utils - INFO - encrypting key [classifier.4.weight].length : 1920, cost time : 0m:15s:215ms
2024-11-15 18:12:59,891 - fed_utils - INFO - encrypting key [classifier.4.bias].length : 10, cost time : 0m:0s:79ms
2024-11-15 18:12:59,891 - fl_main - INFO - Server receive client_dict[f_00004] info ...
2024-11-15 18:12:59,891 - fl_main - INFO - global aggregation process ...
2024-11-15 18:12:59,891 - fed_utils - INFO - server.n_data : 50000
2024-11-15 18:12:59,891 - fed_utils - INFO - client_dict[f_00000].weight : 0.200000
2024-11-15 18:12:59,892 - fed_utils - INFO - client_dict[f_00001].weight : 0.200000
2024-11-15 18:12:59,892 - fed_utils - INFO - client_dict[f_00002].weight : 0.200000
2024-11-15 18:12:59,892 - fed_utils - INFO - client_dict[f_00003].weight : 0.200000
2024-11-15 18:12:59,892 - fed_utils - INFO - client_dict[f_00004].weight : 0.200000
2024-11-15 18:12:59,892 - fed_utils - INFO - recover secret number by clients: 3157279.000000
2024-11-15 18:12:59,892 - server_base - INFO - Server aggregate model with homomorphic encryption ...
2024-11-15 18:13:10,479 - server_base - INFO - Server aggregate model done, cost time : 0m:10s:587ms
2024-11-15 18:13:21,404 - fed_utils - INFO - decrypting key [features.0.weight].shape [torch.Size([64, 3, 5, 5])]
2024-11-15 18:13:21,550 - fed_utils - INFO - decrypting key [features.0.bias].shape [torch.Size([64])]
2024-11-15 18:13:21,550 - fed_utils - INFO - decrypting key [features.4.weight].shape [torch.Size([64, 64, 5, 5])]
2024-11-15 18:13:21,551 - fed_utils - INFO - decrypting key [features.4.bias].shape [torch.Size([64])]
2024-11-15 18:13:21,557 - fed_utils - INFO - decrypting key [classifier.0.weight].shape [torch.Size([384, 4096])]
2024-11-15 18:13:21,557 - fed_utils - INFO - decrypting key [classifier.0.bias].shape [torch.Size([384])]
2024-11-15 18:13:21,558 - fed_utils - INFO - decrypting key [classifier.2.weight].shape [torch.Size([192, 384])]
2024-11-15 18:13:21,558 - fed_utils - INFO - decrypting key [classifier.2.bias].shape [torch.Size([192])]
2024-11-15 18:13:25,931 - fed_utils - INFO - decrypting key [classifier.4.weight].shape [torch.Size([10, 192])]
2024-11-15 18:13:25,954 - fed_utils - INFO - decrypting key [classifier.4.bias].shape [torch.Size([10])]
2024-11-15 18:13:25,954 - fed_utils - INFO - decrypt time : [0m:15s:474ms]
2024-11-15 18:13:26,022 - fl_main - INFO - [global round : 16] aggregated model accuracy : 0.748
2024-11-15 18:13:26,023 - fl_main - INFO - [global round : 16] aggregated model loss : 0.5945060270767983
2024-11-15 18:13:26,023 - fl_main - INFO - global round : 17
2024-11-15 18:13:26,024 - fl_main - INFO - the random client id to test accuracy : f_00001
2024-11-15 18:13:26,024 - fl_main - INFO - ----- client id [f_00000] -----
2024-11-15 18:13:26,033 - fed_utils - INFO - init global model cost time : 0m:0s:9ms
2024-11-15 18:13:26,036 - client_base - INFO - recover model cost time : 0m:0s:0ms
2024-11-15 18:13:26,036 - fl_main - INFO - client_dict[f_00000] training ...
2024-11-15 18:13:26,043 - client_base - INFO - client_dict[f_00000] training epoch : 0
2024-11-15 18:13:35,171 - client_base - INFO - local model train cost time : 0m:9s:127ms
2024-11-15 18:13:35,173 - client_base - INFO - model encode time : 0m:0s:1ms
2024-11-15 18:13:35,173 - fl_main - INFO - client_dict[f_00000] local model encrypting ...
2024-11-15 18:14:13,359 - fed_utils - INFO - encrypting key [features.0.weight].length : 4800, cost time : 0m:38s:185ms
2024-11-15 18:14:13,882 - fed_utils - INFO - encrypting key [features.0.bias].length : 64, cost time : 0m:0s:523ms
2024-11-15 18:14:13,884 - fed_utils - INFO - load key [features.4.weight].length : 102400, cost time : 0m:0s:1ms
2024-11-15 18:14:13,884 - fed_utils - INFO - load key [features.4.bias].length : 64, cost time : 0m:0s:0ms
2024-11-15 18:14:13,919 - fed_utils - INFO - load key [classifier.0.weight].length : 1572864, cost time : 0m:0s:34ms
2024-11-15 18:14:13,919 - fed_utils - INFO - load key [classifier.0.bias].length : 384, cost time : 0m:0s:0ms
2024-11-15 18:14:13,921 - fed_utils - INFO - load key [classifier.2.weight].length : 73728, cost time : 0m:0s:1ms
2024-11-15 18:14:13,921 - fed_utils - INFO - load key [classifier.2.bias].length : 192, cost time : 0m:0s:0ms
2024-11-15 18:14:29,131 - fed_utils - INFO - encrypting key [classifier.4.weight].length : 1920, cost time : 0m:15s:209ms
2024-11-15 18:14:29,210 - fed_utils - INFO - encrypting key [classifier.4.bias].length : 10, cost time : 0m:0s:79ms
2024-11-15 18:14:29,234 - fl_main - INFO - Server receive client_dict[f_00000] info ...
2024-11-15 18:14:29,235 - fl_main - INFO - ----- client id [f_00001] -----
2024-11-15 18:14:29,244 - fed_utils - INFO - init global model cost time : 0m:0s:9ms
2024-11-15 18:14:29,246 - client_base - INFO - recover model cost time : 0m:0s:0ms
2024-11-15 18:14:31,685 - fl_main - INFO - global round [17] client_dict[f_00001].accuracy : 0.754200
2024-11-15 18:14:31,685 - fl_main - INFO - client_dict[f_00001] training ...
2024-11-15 18:14:31,685 - client_base - INFO - client_dict[f_00001] training epoch : 0
2024-11-15 18:14:40,793 - client_base - INFO - local model train cost time : 0m:9s:107ms
2024-11-15 18:14:40,794 - client_base - INFO - model encode time : 0m:0s:1ms
2024-11-15 18:14:40,795 - fl_main - INFO - client_dict[f_00001] local model encrypting ...
2024-11-15 18:15:18,950 - fed_utils - INFO - encrypting key [features.0.weight].length : 4800, cost time : 0m:38s:155ms
2024-11-15 18:15:19,469 - fed_utils - INFO - encrypting key [features.0.bias].length : 64, cost time : 0m:0s:519ms
2024-11-15 18:15:19,472 - fed_utils - INFO - load key [features.4.weight].length : 102400, cost time : 0m:0s:2ms
2024-11-15 18:15:19,472 - fed_utils - INFO - load key [features.4.bias].length : 64, cost time : 0m:0s:0ms
2024-11-15 18:15:19,513 - fed_utils - INFO - load key [classifier.0.weight].length : 1572864, cost time : 0m:0s:40ms
2024-11-15 18:15:19,513 - fed_utils - INFO - load key [classifier.0.bias].length : 384, cost time : 0m:0s:0ms
2024-11-15 18:15:19,515 - fed_utils - INFO - load key [classifier.2.weight].length : 73728, cost time : 0m:0s:1ms
2024-11-15 18:15:19,515 - fed_utils - INFO - load key [classifier.2.bias].length : 192, cost time : 0m:0s:0ms
2024-11-15 18:15:34,754 - fed_utils - INFO - encrypting key [classifier.4.weight].length : 1920, cost time : 0m:15s:238ms
2024-11-15 18:15:34,833 - fed_utils - INFO - encrypting key [classifier.4.bias].length : 10, cost time : 0m:0s:79ms
2024-11-15 18:15:34,833 - fl_main - INFO - Server receive client_dict[f_00001] info ...
2024-11-15 18:15:34,833 - fl_main - INFO - ----- client id [f_00002] -----
2024-11-15 18:15:34,843 - fed_utils - INFO - init global model cost time : 0m:0s:9ms
2024-11-15 18:15:34,845 - client_base - INFO - recover model cost time : 0m:0s:0ms
2024-11-15 18:15:34,846 - fl_main - INFO - client_dict[f_00002] training ...
2024-11-15 18:15:34,847 - client_base - INFO - client_dict[f_00002] training epoch : 0
2024-11-15 18:15:44,000 - client_base - INFO - local model train cost time : 0m:9s:153ms
2024-11-15 18:15:44,002 - client_base - INFO - model encode time : 0m:0s:1ms
2024-11-15 18:15:44,002 - fl_main - INFO - client_dict[f_00002] local model encrypting ...
2024-11-15 18:16:22,129 - fed_utils - INFO - encrypting key [features.0.weight].length : 4800, cost time : 0m:38s:126ms
2024-11-15 18:16:22,648 - fed_utils - INFO - encrypting key [features.0.bias].length : 64, cost time : 0m:0s:518ms
2024-11-15 18:16:22,650 - fed_utils - INFO - load key [features.4.weight].length : 102400, cost time : 0m:0s:2ms
2024-11-15 18:16:22,650 - fed_utils - INFO - load key [features.4.bias].length : 64, cost time : 0m:0s:0ms
2024-11-15 18:16:22,690 - fed_utils - INFO - load key [classifier.0.weight].length : 1572864, cost time : 0m:0s:39ms
2024-11-15 18:16:22,690 - fed_utils - INFO - load key [classifier.0.bias].length : 384, cost time : 0m:0s:0ms
2024-11-15 18:16:22,692 - fed_utils - INFO - load key [classifier.2.weight].length : 73728, cost time : 0m:0s:1ms
2024-11-15 18:16:22,692 - fed_utils - INFO - load key [classifier.2.bias].length : 192, cost time : 0m:0s:0ms
2024-11-15 18:16:37,932 - fed_utils - INFO - encrypting key [classifier.4.weight].length : 1920, cost time : 0m:15s:240ms
2024-11-15 18:16:38,012 - fed_utils - INFO - encrypting key [classifier.4.bias].length : 10, cost time : 0m:0s:79ms
2024-11-15 18:16:38,012 - fl_main - INFO - Server receive client_dict[f_00002] info ...
2024-11-15 18:16:38,012 - fl_main - INFO - ----- client id [f_00003] -----
2024-11-15 18:16:38,021 - fed_utils - INFO - init global model cost time : 0m:0s:9ms
2024-11-15 18:16:38,024 - client_base - INFO - recover model cost time : 0m:0s:0ms
2024-11-15 18:16:38,024 - fl_main - INFO - client_dict[f_00003] training ...
2024-11-15 18:16:38,026 - client_base - INFO - client_dict[f_00003] training epoch : 0
2024-11-15 18:16:47,191 - client_base - INFO - local model train cost time : 0m:9s:164ms
2024-11-15 18:16:47,192 - client_base - INFO - model encode time : 0m:0s:1ms
2024-11-15 18:16:47,193 - fl_main - INFO - client_dict[f_00003] local model encrypting ...
2024-11-15 18:17:25,262 - fed_utils - INFO - encrypting key [features.0.weight].length : 4800, cost time : 0m:38s:69ms
2024-11-15 18:17:25,781 - fed_utils - INFO - encrypting key [features.0.bias].length : 64, cost time : 0m:0s:518ms
2024-11-15 18:17:25,784 - fed_utils - INFO - load key [features.4.weight].length : 102400, cost time : 0m:0s:2ms
2024-11-15 18:17:25,784 - fed_utils - INFO - load key [features.4.bias].length : 64, cost time : 0m:0s:0ms
2024-11-15 18:17:25,823 - fed_utils - INFO - load key [classifier.0.weight].length : 1572864, cost time : 0m:0s:39ms
2024-11-15 18:17:25,823 - fed_utils - INFO - load key [classifier.0.bias].length : 384, cost time : 0m:0s:0ms
2024-11-15 18:17:25,825 - fed_utils - INFO - load key [classifier.2.weight].length : 73728, cost time : 0m:0s:1ms
2024-11-15 18:17:25,825 - fed_utils - INFO - load key [classifier.2.bias].length : 192, cost time : 0m:0s:0ms
2024-11-15 18:17:41,033 - fed_utils - INFO - encrypting key [classifier.4.weight].length : 1920, cost time : 0m:15s:207ms
2024-11-15 18:17:41,113 - fed_utils - INFO - encrypting key [classifier.4.bias].length : 10, cost time : 0m:0s:79ms
2024-11-15 18:17:41,113 - fl_main - INFO - Server receive client_dict[f_00003] info ...
2024-11-15 18:17:41,113 - fl_main - INFO - ----- client id [f_00004] -----
2024-11-15 18:17:41,122 - fed_utils - INFO - init global model cost time : 0m:0s:9ms
2024-11-15 18:17:41,124 - client_base - INFO - recover model cost time : 0m:0s:0ms
2024-11-15 18:17:41,125 - fl_main - INFO - client_dict[f_00004] training ...
2024-11-15 18:17:41,127 - client_base - INFO - client_dict[f_00004] training epoch : 0
2024-11-15 18:17:50,297 - client_base - INFO - local model train cost time : 0m:9s:170ms
2024-11-15 18:17:50,298 - client_base - INFO - model encode time : 0m:0s:1ms
2024-11-15 18:17:50,299 - fl_main - INFO - client_dict[f_00004] local model encrypting ...
2024-11-15 18:18:28,316 - fed_utils - INFO - encrypting key [features.0.weight].length : 4800, cost time : 0m:38s:17ms
2024-11-15 18:18:28,834 - fed_utils - INFO - encrypting key [features.0.bias].length : 64, cost time : 0m:0s:517ms
2024-11-15 18:18:28,837 - fed_utils - INFO - load key [features.4.weight].length : 102400, cost time : 0m:0s:2ms
2024-11-15 18:18:28,837 - fed_utils - INFO - load key [features.4.bias].length : 64, cost time : 0m:0s:0ms
2024-11-15 18:18:28,876 - fed_utils - INFO - load key [classifier.0.weight].length : 1572864, cost time : 0m:0s:39ms
2024-11-15 18:18:28,876 - fed_utils - INFO - load key [classifier.0.bias].length : 384, cost time : 0m:0s:0ms
2024-11-15 18:18:28,878 - fed_utils - INFO - load key [classifier.2.weight].length : 73728, cost time : 0m:0s:1ms
2024-11-15 18:18:28,878 - fed_utils - INFO - load key [classifier.2.bias].length : 192, cost time : 0m:0s:0ms
2024-11-15 18:18:44,087 - fed_utils - INFO - encrypting key [classifier.4.weight].length : 1920, cost time : 0m:15s:208ms
2024-11-15 18:18:44,167 - fed_utils - INFO - encrypting key [classifier.4.bias].length : 10, cost time : 0m:0s:79ms
2024-11-15 18:18:44,167 - fl_main - INFO - Server receive client_dict[f_00004] info ...
2024-11-15 18:18:44,167 - fl_main - INFO - global aggregation process ...
2024-11-15 18:18:44,167 - fed_utils - INFO - server.n_data : 50000
2024-11-15 18:18:44,167 - fed_utils - INFO - client_dict[f_00000].weight : 0.200000
2024-11-15 18:18:44,167 - fed_utils - INFO - client_dict[f_00001].weight : 0.200000
2024-11-15 18:18:44,167 - fed_utils - INFO - client_dict[f_00002].weight : 0.200000
2024-11-15 18:18:44,167 - fed_utils - INFO - client_dict[f_00003].weight : 0.200000
2024-11-15 18:18:44,167 - fed_utils - INFO - client_dict[f_00004].weight : 0.200000
2024-11-15 18:18:44,167 - fed_utils - INFO - recover secret number by clients: 3157279.000000
2024-11-15 18:18:44,167 - server_base - INFO - Server aggregate model with homomorphic encryption ...
2024-11-15 18:18:54,877 - server_base - INFO - Server aggregate model done, cost time : 0m:10s:709ms
2024-11-15 18:19:05,798 - fed_utils - INFO - decrypting key [features.0.weight].shape [torch.Size([64, 3, 5, 5])]
2024-11-15 18:19:05,944 - fed_utils - INFO - decrypting key [features.0.bias].shape [torch.Size([64])]
2024-11-15 18:19:05,945 - fed_utils - INFO - decrypting key [features.4.weight].shape [torch.Size([64, 64, 5, 5])]
2024-11-15 18:19:05,945 - fed_utils - INFO - decrypting key [features.4.bias].shape [torch.Size([64])]
2024-11-15 18:19:05,952 - fed_utils - INFO - decrypting key [classifier.0.weight].shape [torch.Size([384, 4096])]
2024-11-15 18:19:05,952 - fed_utils - INFO - decrypting key [classifier.0.bias].shape [torch.Size([384])]
2024-11-15 18:19:05,952 - fed_utils - INFO - decrypting key [classifier.2.weight].shape [torch.Size([192, 384])]
2024-11-15 18:19:05,952 - fed_utils - INFO - decrypting key [classifier.2.bias].shape [torch.Size([192])]
2024-11-15 18:19:10,325 - fed_utils - INFO - decrypting key [classifier.4.weight].shape [torch.Size([10, 192])]
2024-11-15 18:19:10,348 - fed_utils - INFO - decrypting key [classifier.4.bias].shape [torch.Size([10])]
2024-11-15 18:19:10,348 - fed_utils - INFO - decrypt time : [0m:15s:471ms]
2024-11-15 18:19:10,416 - fl_main - INFO - [global round : 17] aggregated model accuracy : 0.7542
2024-11-15 18:19:10,416 - fl_main - INFO - [global round : 17] aggregated model loss : 0.6785043405025047
2024-11-15 18:19:10,417 - fl_main - INFO - global round : 18
2024-11-15 18:19:10,417 - fl_main - INFO - the random client id to test accuracy : f_00004
2024-11-15 18:19:10,417 - fl_main - INFO - ----- client id [f_00000] -----
2024-11-15 18:19:10,427 - fed_utils - INFO - init global model cost time : 0m:0s:9ms
2024-11-15 18:19:10,429 - client_base - INFO - recover model cost time : 0m:0s:0ms
2024-11-15 18:19:10,430 - fl_main - INFO - client_dict[f_00000] training ...
2024-11-15 18:19:10,436 - client_base - INFO - client_dict[f_00000] training epoch : 0
2024-11-15 18:19:19,589 - client_base - INFO - local model train cost time : 0m:9s:152ms
2024-11-15 18:19:19,591 - client_base - INFO - model encode time : 0m:0s:1ms
2024-11-15 18:19:19,591 - fl_main - INFO - client_dict[f_00000] local model encrypting ...
2024-11-15 18:19:57,752 - fed_utils - INFO - encrypting key [features.0.weight].length : 4800, cost time : 0m:38s:160ms
2024-11-15 18:19:58,271 - fed_utils - INFO - encrypting key [features.0.bias].length : 64, cost time : 0m:0s:518ms
2024-11-15 18:19:58,273 - fed_utils - INFO - load key [features.4.weight].length : 102400, cost time : 0m:0s:1ms
2024-11-15 18:19:58,273 - fed_utils - INFO - load key [features.4.bias].length : 64, cost time : 0m:0s:0ms
2024-11-15 18:19:58,307 - fed_utils - INFO - load key [classifier.0.weight].length : 1572864, cost time : 0m:0s:34ms
2024-11-15 18:19:58,307 - fed_utils - INFO - load key [classifier.0.bias].length : 384, cost time : 0m:0s:0ms
2024-11-15 18:19:58,309 - fed_utils - INFO - load key [classifier.2.weight].length : 73728, cost time : 0m:0s:1ms
2024-11-15 18:19:58,309 - fed_utils - INFO - load key [classifier.2.bias].length : 192, cost time : 0m:0s:0ms
2024-11-15 18:20:13,526 - fed_utils - INFO - encrypting key [classifier.4.weight].length : 1920, cost time : 0m:15s:216ms
2024-11-15 18:20:13,606 - fed_utils - INFO - encrypting key [classifier.4.bias].length : 10, cost time : 0m:0s:79ms
2024-11-15 18:20:13,630 - fl_main - INFO - Server receive client_dict[f_00000] info ...
2024-11-15 18:20:13,630 - fl_main - INFO - ----- client id [f_00001] -----
2024-11-15 18:20:13,640 - fed_utils - INFO - init global model cost time : 0m:0s:9ms
2024-11-15 18:20:13,642 - client_base - INFO - recover model cost time : 0m:0s:0ms
2024-11-15 18:20:13,642 - fl_main - INFO - client_dict[f_00001] training ...
2024-11-15 18:20:13,644 - client_base - INFO - client_dict[f_00001] training epoch : 0
2024-11-15 18:20:22,769 - client_base - INFO - local model train cost time : 0m:9s:125ms
2024-11-15 18:20:22,771 - client_base - INFO - model encode time : 0m:0s:1ms
2024-11-15 18:20:22,771 - fl_main - INFO - client_dict[f_00001] local model encrypting ...
2024-11-15 18:21:00,865 - fed_utils - INFO - encrypting key [features.0.weight].length : 4800, cost time : 0m:38s:93ms
2024-11-15 18:21:01,382 - fed_utils - INFO - encrypting key [features.0.bias].length : 64, cost time : 0m:0s:517ms
2024-11-15 18:21:01,385 - fed_utils - INFO - load key [features.4.weight].length : 102400, cost time : 0m:0s:2ms
2024-11-15 18:21:01,385 - fed_utils - INFO - load key [features.4.bias].length : 64, cost time : 0m:0s:0ms
2024-11-15 18:21:01,425 - fed_utils - INFO - load key [classifier.0.weight].length : 1572864, cost time : 0m:0s:40ms
2024-11-15 18:21:01,425 - fed_utils - INFO - load key [classifier.0.bias].length : 384, cost time : 0m:0s:0ms
2024-11-15 18:21:01,427 - fed_utils - INFO - load key [classifier.2.weight].length : 73728, cost time : 0m:0s:2ms
2024-11-15 18:21:01,427 - fed_utils - INFO - load key [classifier.2.bias].length : 192, cost time : 0m:0s:0ms
2024-11-15 18:21:16,641 - fed_utils - INFO - encrypting key [classifier.4.weight].length : 1920, cost time : 0m:15s:213ms
2024-11-15 18:21:16,721 - fed_utils - INFO - encrypting key [classifier.4.bias].length : 10, cost time : 0m:0s:79ms
2024-11-15 18:21:16,721 - fl_main - INFO - Server receive client_dict[f_00001] info ...
2024-11-15 18:21:16,721 - fl_main - INFO - ----- client id [f_00002] -----
2024-11-15 18:21:16,730 - fed_utils - INFO - init global model cost time : 0m:0s:9ms
2024-11-15 18:21:16,732 - client_base - INFO - recover model cost time : 0m:0s:0ms
2024-11-15 18:21:16,733 - fl_main - INFO - client_dict[f_00002] training ...
2024-11-15 18:21:16,734 - client_base - INFO - client_dict[f_00002] training epoch : 0
2024-11-15 18:21:25,879 - client_base - INFO - local model train cost time : 0m:9s:144ms
2024-11-15 18:21:25,880 - client_base - INFO - model encode time : 0m:0s:1ms
2024-11-15 18:21:25,881 - fl_main - INFO - client_dict[f_00002] local model encrypting ...
2024-11-15 18:22:03,995 - fed_utils - INFO - encrypting key [features.0.weight].length : 4800, cost time : 0m:38s:114ms
2024-11-15 18:22:04,517 - fed_utils - INFO - encrypting key [features.0.bias].length : 64, cost time : 0m:0s:521ms
2024-11-15 18:22:04,520 - fed_utils - INFO - load key [features.4.weight].length : 102400, cost time : 0m:0s:2ms
2024-11-15 18:22:04,520 - fed_utils - INFO - load key [features.4.bias].length : 64, cost time : 0m:0s:0ms
2024-11-15 18:22:04,559 - fed_utils - INFO - load key [classifier.0.weight].length : 1572864, cost time : 0m:0s:39ms
2024-11-15 18:22:04,559 - fed_utils - INFO - load key [classifier.0.bias].length : 384, cost time : 0m:0s:0ms
2024-11-15 18:22:04,561 - fed_utils - INFO - load key [classifier.2.weight].length : 73728, cost time : 0m:0s:1ms
2024-11-15 18:22:04,561 - fed_utils - INFO - load key [classifier.2.bias].length : 192, cost time : 0m:0s:0ms
2024-11-15 18:22:19,849 - fed_utils - INFO - encrypting key [classifier.4.weight].length : 1920, cost time : 0m:15s:288ms
2024-11-15 18:22:19,929 - fed_utils - INFO - encrypting key [classifier.4.bias].length : 10, cost time : 0m:0s:79ms
2024-11-15 18:22:19,929 - fl_main - INFO - Server receive client_dict[f_00002] info ...
2024-11-15 18:22:19,929 - fl_main - INFO - ----- client id [f_00003] -----
2024-11-15 18:22:19,938 - fed_utils - INFO - init global model cost time : 0m:0s:9ms
2024-11-15 18:22:19,940 - client_base - INFO - recover model cost time : 0m:0s:0ms
2024-11-15 18:22:19,941 - fl_main - INFO - client_dict[f_00003] training ...
2024-11-15 18:22:19,943 - client_base - INFO - client_dict[f_00003] training epoch : 0
2024-11-15 18:22:29,104 - client_base - INFO - local model train cost time : 0m:9s:161ms
2024-11-15 18:22:29,106 - client_base - INFO - model encode time : 0m:0s:1ms
2024-11-15 18:22:29,106 - fl_main - INFO - client_dict[f_00003] local model encrypting ...
2024-11-15 18:23:07,215 - fed_utils - INFO - encrypting key [features.0.weight].length : 4800, cost time : 0m:38s:109ms
2024-11-15 18:23:07,734 - fed_utils - INFO - encrypting key [features.0.bias].length : 64, cost time : 0m:0s:518ms
2024-11-15 18:23:07,737 - fed_utils - INFO - load key [features.4.weight].length : 102400, cost time : 0m:0s:2ms
2024-11-15 18:23:07,737 - fed_utils - INFO - load key [features.4.bias].length : 64, cost time : 0m:0s:0ms
2024-11-15 18:23:07,776 - fed_utils - INFO - load key [classifier.0.weight].length : 1572864, cost time : 0m:0s:39ms
2024-11-15 18:23:07,776 - fed_utils - INFO - load key [classifier.0.bias].length : 384, cost time : 0m:0s:0ms
2024-11-15 18:23:07,778 - fed_utils - INFO - load key [classifier.2.weight].length : 73728, cost time : 0m:0s:1ms
2024-11-15 18:23:07,778 - fed_utils - INFO - load key [classifier.2.bias].length : 192, cost time : 0m:0s:0ms
2024-11-15 18:23:23,001 - fed_utils - INFO - encrypting key [classifier.4.weight].length : 1920, cost time : 0m:15s:222ms
2024-11-15 18:23:23,081 - fed_utils - INFO - encrypting key [classifier.4.bias].length : 10, cost time : 0m:0s:79ms
2024-11-15 18:23:23,081 - fl_main - INFO - Server receive client_dict[f_00003] info ...
2024-11-15 18:23:23,081 - fl_main - INFO - ----- client id [f_00004] -----
2024-11-15 18:23:23,090 - fed_utils - INFO - init global model cost time : 0m:0s:9ms
2024-11-15 18:23:23,092 - client_base - INFO - recover model cost time : 0m:0s:0ms
2024-11-15 18:23:25,526 - fl_main - INFO - global round [18] client_dict[f_00004].accuracy : 0.756000
2024-11-15 18:23:25,526 - fl_main - INFO - client_dict[f_00004] training ...
2024-11-15 18:23:25,526 - client_base - INFO - client_dict[f_00004] training epoch : 0
2024-11-15 18:23:34,671 - client_base - INFO - local model train cost time : 0m:9s:144ms
2024-11-15 18:23:34,672 - client_base - INFO - model encode time : 0m:0s:1ms
2024-11-15 18:23:34,673 - fl_main - INFO - client_dict[f_00004] local model encrypting ...
2024-11-15 18:24:12,760 - fed_utils - INFO - encrypting key [features.0.weight].length : 4800, cost time : 0m:38s:86ms
2024-11-15 18:24:13,273 - fed_utils - INFO - encrypting key [features.0.bias].length : 64, cost time : 0m:0s:512ms
2024-11-15 18:24:13,276 - fed_utils - INFO - load key [features.4.weight].length : 102400, cost time : 0m:0s:2ms
2024-11-15 18:24:13,276 - fed_utils - INFO - load key [features.4.bias].length : 64, cost time : 0m:0s:0ms
2024-11-15 18:24:13,315 - fed_utils - INFO - load key [classifier.0.weight].length : 1572864, cost time : 0m:0s:39ms
2024-11-15 18:24:13,316 - fed_utils - INFO - load key [classifier.0.bias].length : 384, cost time : 0m:0s:0ms
2024-11-15 18:24:13,317 - fed_utils - INFO - load key [classifier.2.weight].length : 73728, cost time : 0m:0s:1ms
2024-11-15 18:24:13,317 - fed_utils - INFO - load key [classifier.2.bias].length : 192, cost time : 0m:0s:0ms
2024-11-15 18:24:28,599 - fed_utils - INFO - encrypting key [classifier.4.weight].length : 1920, cost time : 0m:15s:281ms
2024-11-15 18:24:28,678 - fed_utils - INFO - encrypting key [classifier.4.bias].length : 10, cost time : 0m:0s:79ms
2024-11-15 18:24:28,678 - fl_main - INFO - Server receive client_dict[f_00004] info ...
2024-11-15 18:24:28,679 - fl_main - INFO - global aggregation process ...
2024-11-15 18:24:28,679 - fed_utils - INFO - server.n_data : 50000
2024-11-15 18:24:28,679 - fed_utils - INFO - client_dict[f_00000].weight : 0.200000
2024-11-15 18:24:28,679 - fed_utils - INFO - client_dict[f_00001].weight : 0.200000
2024-11-15 18:24:28,679 - fed_utils - INFO - client_dict[f_00002].weight : 0.200000
2024-11-15 18:24:28,679 - fed_utils - INFO - client_dict[f_00003].weight : 0.200000
2024-11-15 18:24:28,679 - fed_utils - INFO - client_dict[f_00004].weight : 0.200000
2024-11-15 18:24:28,679 - fed_utils - INFO - recover secret number by clients: 3157279.000000
2024-11-15 18:24:28,679 - server_base - INFO - Server aggregate model with homomorphic encryption ...
2024-11-15 18:24:39,369 - server_base - INFO - Server aggregate model done, cost time : 0m:10s:690ms
2024-11-15 18:24:50,291 - fed_utils - INFO - decrypting key [features.0.weight].shape [torch.Size([64, 3, 5, 5])]
2024-11-15 18:24:50,437 - fed_utils - INFO - decrypting key [features.0.bias].shape [torch.Size([64])]
2024-11-15 18:24:50,437 - fed_utils - INFO - decrypting key [features.4.weight].shape [torch.Size([64, 64, 5, 5])]
2024-11-15 18:24:50,438 - fed_utils - INFO - decrypting key [features.4.bias].shape [torch.Size([64])]
2024-11-15 18:24:50,444 - fed_utils - INFO - decrypting key [classifier.0.weight].shape [torch.Size([384, 4096])]
2024-11-15 18:24:50,444 - fed_utils - INFO - decrypting key [classifier.0.bias].shape [torch.Size([384])]
2024-11-15 18:24:50,445 - fed_utils - INFO - decrypting key [classifier.2.weight].shape [torch.Size([192, 384])]
2024-11-15 18:24:50,445 - fed_utils - INFO - decrypting key [classifier.2.bias].shape [torch.Size([192])]
2024-11-15 18:24:54,817 - fed_utils - INFO - decrypting key [classifier.4.weight].shape [torch.Size([10, 192])]
2024-11-15 18:24:54,840 - fed_utils - INFO - decrypting key [classifier.4.bias].shape [torch.Size([10])]
2024-11-15 18:24:54,840 - fed_utils - INFO - decrypt time : [0m:15s:471ms]
2024-11-15 18:24:54,909 - fl_main - INFO - [global round : 18] aggregated model accuracy : 0.756
2024-11-15 18:24:54,909 - fl_main - INFO - [global round : 18] aggregated model loss : 0.7624865262609589
2024-11-15 18:24:54,910 - fl_main - INFO - global round : 19
2024-11-15 18:24:54,910 - fl_main - INFO - the random client id to test accuracy : f_00004
2024-11-15 18:24:54,910 - fl_main - INFO - ----- client id [f_00000] -----
2024-11-15 18:24:54,922 - fed_utils - INFO - init global model cost time : 0m:0s:11ms
2024-11-15 18:24:54,924 - client_base - INFO - recover model cost time : 0m:0s:0ms
2024-11-15 18:24:54,924 - fl_main - INFO - client_dict[f_00000] training ...
2024-11-15 18:24:54,935 - client_base - INFO - client_dict[f_00000] training epoch : 0
2024-11-15 18:25:04,095 - client_base - INFO - local model train cost time : 0m:9s:160ms
2024-11-15 18:25:04,097 - client_base - INFO - model encode time : 0m:0s:1ms
2024-11-15 18:25:04,097 - fl_main - INFO - client_dict[f_00000] local model encrypting ...
2024-11-15 18:25:42,267 - fed_utils - INFO - encrypting key [features.0.weight].length : 4800, cost time : 0m:38s:169ms
2024-11-15 18:25:42,784 - fed_utils - INFO - encrypting key [features.0.bias].length : 64, cost time : 0m:0s:516ms
2024-11-15 18:25:42,786 - fed_utils - INFO - load key [features.4.weight].length : 102400, cost time : 0m:0s:1ms
2024-11-15 18:25:42,786 - fed_utils - INFO - load key [features.4.bias].length : 64, cost time : 0m:0s:0ms
2024-11-15 18:25:42,820 - fed_utils - INFO - load key [classifier.0.weight].length : 1572864, cost time : 0m:0s:33ms
2024-11-15 18:25:42,820 - fed_utils - INFO - load key [classifier.0.bias].length : 384, cost time : 0m:0s:0ms
2024-11-15 18:25:42,822 - fed_utils - INFO - load key [classifier.2.weight].length : 73728, cost time : 0m:0s:2ms
2024-11-15 18:25:42,822 - fed_utils - INFO - load key [classifier.2.bias].length : 192, cost time : 0m:0s:0ms
2024-11-15 18:25:58,070 - fed_utils - INFO - encrypting key [classifier.4.weight].length : 1920, cost time : 0m:15s:247ms
2024-11-15 18:25:58,150 - fed_utils - INFO - encrypting key [classifier.4.bias].length : 10, cost time : 0m:0s:79ms
2024-11-15 18:25:58,174 - fl_main - INFO - Server receive client_dict[f_00000] info ...
2024-11-15 18:25:58,174 - fl_main - INFO - ----- client id [f_00001] -----
2024-11-15 18:25:58,184 - fed_utils - INFO - init global model cost time : 0m:0s:9ms
2024-11-15 18:25:58,186 - client_base - INFO - recover model cost time : 0m:0s:0ms
2024-11-15 18:25:58,187 - fl_main - INFO - client_dict[f_00001] training ...
2024-11-15 18:25:58,188 - client_base - INFO - client_dict[f_00001] training epoch : 0
2024-11-15 18:26:07,313 - client_base - INFO - local model train cost time : 0m:9s:124ms
2024-11-15 18:26:07,315 - client_base - INFO - model encode time : 0m:0s:1ms
2024-11-15 18:26:07,316 - fl_main - INFO - client_dict[f_00001] local model encrypting ...
2024-11-15 18:26:45,312 - fed_utils - INFO - encrypting key [features.0.weight].length : 4800, cost time : 0m:37s:995ms
2024-11-15 18:26:45,829 - fed_utils - INFO - encrypting key [features.0.bias].length : 64, cost time : 0m:0s:517ms
2024-11-15 18:26:45,832 - fed_utils - INFO - load key [features.4.weight].length : 102400, cost time : 0m:0s:2ms
2024-11-15 18:26:45,832 - fed_utils - INFO - load key [features.4.bias].length : 64, cost time : 0m:0s:0ms
2024-11-15 18:26:45,872 - fed_utils - INFO - load key [classifier.0.weight].length : 1572864, cost time : 0m:0s:40ms
2024-11-15 18:26:45,873 - fed_utils - INFO - load key [classifier.0.bias].length : 384, cost time : 0m:0s:0ms
2024-11-15 18:26:45,875 - fed_utils - INFO - load key [classifier.2.weight].length : 73728, cost time : 0m:0s:1ms
2024-11-15 18:26:45,875 - fed_utils - INFO - load key [classifier.2.bias].length : 192, cost time : 0m:0s:0ms
2024-11-15 18:27:01,172 - fed_utils - INFO - encrypting key [classifier.4.weight].length : 1920, cost time : 0m:15s:297ms
2024-11-15 18:27:01,252 - fed_utils - INFO - encrypting key [classifier.4.bias].length : 10, cost time : 0m:0s:79ms
2024-11-15 18:27:01,252 - fl_main - INFO - Server receive client_dict[f_00001] info ...
2024-11-15 18:27:01,252 - fl_main - INFO - ----- client id [f_00002] -----
2024-11-15 18:27:01,261 - fed_utils - INFO - init global model cost time : 0m:0s:9ms
2024-11-15 18:27:01,263 - client_base - INFO - recover model cost time : 0m:0s:0ms
2024-11-15 18:27:01,263 - fl_main - INFO - client_dict[f_00002] training ...
2024-11-15 18:27:01,264 - client_base - INFO - client_dict[f_00002] training epoch : 0
2024-11-15 18:27:10,426 - client_base - INFO - local model train cost time : 0m:9s:161ms
2024-11-15 18:27:10,427 - client_base - INFO - model encode time : 0m:0s:1ms
2024-11-15 18:27:10,428 - fl_main - INFO - client_dict[f_00002] local model encrypting ...
2024-11-15 18:27:48,494 - fed_utils - INFO - encrypting key [features.0.weight].length : 4800, cost time : 0m:38s:66ms
2024-11-15 18:27:49,012 - fed_utils - INFO - encrypting key [features.0.bias].length : 64, cost time : 0m:0s:517ms
2024-11-15 18:27:49,015 - fed_utils - INFO - load key [features.4.weight].length : 102400, cost time : 0m:0s:2ms
2024-11-15 18:27:49,015 - fed_utils - INFO - load key [features.4.bias].length : 64, cost time : 0m:0s:0ms
2024-11-15 18:27:49,055 - fed_utils - INFO - load key [classifier.0.weight].length : 1572864, cost time : 0m:0s:39ms
2024-11-15 18:27:49,055 - fed_utils - INFO - load key [classifier.0.bias].length : 384, cost time : 0m:0s:0ms
2024-11-15 18:27:49,057 - fed_utils - INFO - load key [classifier.2.weight].length : 73728, cost time : 0m:0s:1ms
2024-11-15 18:27:49,057 - fed_utils - INFO - load key [classifier.2.bias].length : 192, cost time : 0m:0s:0ms
2024-11-15 18:28:04,275 - fed_utils - INFO - encrypting key [classifier.4.weight].length : 1920, cost time : 0m:15s:218ms
2024-11-15 18:28:04,354 - fed_utils - INFO - encrypting key [classifier.4.bias].length : 10, cost time : 0m:0s:79ms
2024-11-15 18:28:04,354 - fl_main - INFO - Server receive client_dict[f_00002] info ...
2024-11-15 18:28:04,355 - fl_main - INFO - ----- client id [f_00003] -----
2024-11-15 18:28:04,364 - fed_utils - INFO - init global model cost time : 0m:0s:9ms
2024-11-15 18:28:04,366 - client_base - INFO - recover model cost time : 0m:0s:0ms
2024-11-15 18:28:04,367 - fl_main - INFO - client_dict[f_00003] training ...
2024-11-15 18:28:04,368 - client_base - INFO - client_dict[f_00003] training epoch : 0
2024-11-15 18:28:13,541 - client_base - INFO - local model train cost time : 0m:9s:172ms
2024-11-15 18:28:13,543 - client_base - INFO - model encode time : 0m:0s:1ms
2024-11-15 18:28:13,543 - fl_main - INFO - client_dict[f_00003] local model encrypting ...
2024-11-15 18:28:51,613 - fed_utils - INFO - encrypting key [features.0.weight].length : 4800, cost time : 0m:38s:69ms
2024-11-15 18:28:52,130 - fed_utils - INFO - encrypting key [features.0.bias].length : 64, cost time : 0m:0s:517ms
2024-11-15 18:28:52,133 - fed_utils - INFO - load key [features.4.weight].length : 102400, cost time : 0m:0s:2ms
2024-11-15 18:28:52,133 - fed_utils - INFO - load key [features.4.bias].length : 64, cost time : 0m:0s:0ms
2024-11-15 18:28:52,172 - fed_utils - INFO - load key [classifier.0.weight].length : 1572864, cost time : 0m:0s:39ms
2024-11-15 18:28:52,173 - fed_utils - INFO - load key [classifier.0.bias].length : 384, cost time : 0m:0s:0ms
2024-11-15 18:28:52,174 - fed_utils - INFO - load key [classifier.2.weight].length : 73728, cost time : 0m:0s:1ms
2024-11-15 18:28:52,174 - fed_utils - INFO - load key [classifier.2.bias].length : 192, cost time : 0m:0s:0ms
2024-11-15 18:29:07,387 - fed_utils - INFO - encrypting key [classifier.4.weight].length : 1920, cost time : 0m:15s:212ms
2024-11-15 18:29:07,466 - fed_utils - INFO - encrypting key [classifier.4.bias].length : 10, cost time : 0m:0s:79ms
2024-11-15 18:29:07,466 - fl_main - INFO - Server receive client_dict[f_00003] info ...
2024-11-15 18:29:07,467 - fl_main - INFO - ----- client id [f_00004] -----
2024-11-15 18:29:07,478 - fed_utils - INFO - init global model cost time : 0m:0s:11ms
2024-11-15 18:29:07,480 - client_base - INFO - recover model cost time : 0m:0s:0ms
2024-11-15 18:29:09,940 - fl_main - INFO - global round [19] client_dict[f_00004].accuracy : 0.758900
2024-11-15 18:29:09,940 - fl_main - INFO - client_dict[f_00004] training ...
2024-11-15 18:29:09,940 - client_base - INFO - client_dict[f_00004] training epoch : 0
2024-11-15 18:29:19,054 - client_base - INFO - local model train cost time : 0m:9s:114ms
2024-11-15 18:29:19,056 - client_base - INFO - model encode time : 0m:0s:1ms
2024-11-15 18:29:19,056 - fl_main - INFO - client_dict[f_00004] local model encrypting ...
2024-11-15 18:29:57,113 - fed_utils - INFO - encrypting key [features.0.weight].length : 4800, cost time : 0m:38s:56ms
2024-11-15 18:29:57,632 - fed_utils - INFO - encrypting key [features.0.bias].length : 64, cost time : 0m:0s:518ms
2024-11-15 18:29:57,634 - fed_utils - INFO - load key [features.4.weight].length : 102400, cost time : 0m:0s:2ms
2024-11-15 18:29:57,634 - fed_utils - INFO - load key [features.4.bias].length : 64, cost time : 0m:0s:0ms
2024-11-15 18:29:57,673 - fed_utils - INFO - load key [classifier.0.weight].length : 1572864, cost time : 0m:0s:38ms
2024-11-15 18:29:57,673 - fed_utils - INFO - load key [classifier.0.bias].length : 384, cost time : 0m:0s:0ms
2024-11-15 18:29:57,675 - fed_utils - INFO - load key [classifier.2.weight].length : 73728, cost time : 0m:0s:1ms
2024-11-15 18:29:57,675 - fed_utils - INFO - load key [classifier.2.bias].length : 192, cost time : 0m:0s:0ms
2024-11-15 18:30:12,902 - fed_utils - INFO - encrypting key [classifier.4.weight].length : 1920, cost time : 0m:15s:226ms
2024-11-15 18:30:12,982 - fed_utils - INFO - encrypting key [classifier.4.bias].length : 10, cost time : 0m:0s:79ms
2024-11-15 18:30:12,982 - fl_main - INFO - Server receive client_dict[f_00004] info ...
2024-11-15 18:30:12,982 - fl_main - INFO - global aggregation process ...
2024-11-15 18:30:12,982 - fed_utils - INFO - server.n_data : 50000
2024-11-15 18:30:12,983 - fed_utils - INFO - client_dict[f_00000].weight : 0.200000
2024-11-15 18:30:12,983 - fed_utils - INFO - client_dict[f_00001].weight : 0.200000
2024-11-15 18:30:12,983 - fed_utils - INFO - client_dict[f_00002].weight : 0.200000
2024-11-15 18:30:12,983 - fed_utils - INFO - client_dict[f_00003].weight : 0.200000
2024-11-15 18:30:12,983 - fed_utils - INFO - client_dict[f_00004].weight : 0.200000
2024-11-15 18:30:12,983 - fed_utils - INFO - recover secret number by clients: 3157279.000000
2024-11-15 18:30:12,983 - server_base - INFO - Server aggregate model with homomorphic encryption ...
2024-11-15 18:30:23,579 - server_base - INFO - Server aggregate model done, cost time : 0m:10s:596ms
2024-11-15 18:30:34,538 - fed_utils - INFO - decrypting key [features.0.weight].shape [torch.Size([64, 3, 5, 5])]
2024-11-15 18:30:34,684 - fed_utils - INFO - decrypting key [features.0.bias].shape [torch.Size([64])]
2024-11-15 18:30:34,685 - fed_utils - INFO - decrypting key [features.4.weight].shape [torch.Size([64, 64, 5, 5])]
2024-11-15 18:30:34,685 - fed_utils - INFO - decrypting key [features.4.bias].shape [torch.Size([64])]
2024-11-15 18:30:34,694 - fed_utils - INFO - decrypting key [classifier.0.weight].shape [torch.Size([384, 4096])]
2024-11-15 18:30:34,694 - fed_utils - INFO - decrypting key [classifier.0.bias].shape [torch.Size([384])]
2024-11-15 18:30:34,695 - fed_utils - INFO - decrypting key [classifier.2.weight].shape [torch.Size([192, 384])]
2024-11-15 18:30:34,695 - fed_utils - INFO - decrypting key [classifier.2.bias].shape [torch.Size([192])]
2024-11-15 18:30:39,082 - fed_utils - INFO - decrypting key [classifier.4.weight].shape [torch.Size([10, 192])]
2024-11-15 18:30:39,105 - fed_utils - INFO - decrypting key [classifier.4.bias].shape [torch.Size([10])]
2024-11-15 18:30:39,105 - fed_utils - INFO - decrypt time : [0m:15s:526ms]
2024-11-15 18:30:39,175 - fl_main - INFO - [global round : 19] aggregated model accuracy : 0.7589
2024-11-15 18:30:39,175 - fl_main - INFO - [global round : 19] aggregated model loss : 0.5899474604798206
2024-11-15 18:30:39,176 - fl_main - INFO - global round : 20
2024-11-15 18:30:39,176 - fl_main - INFO - the random client id to test accuracy : f_00003
2024-11-15 18:30:39,176 - fl_main - INFO - ----- client id [f_00000] -----
2024-11-15 18:30:39,186 - fed_utils - INFO - init global model cost time : 0m:0s:9ms
2024-11-15 18:30:39,188 - client_base - INFO - recover model cost time : 0m:0s:0ms
2024-11-15 18:30:39,188 - fl_main - INFO - client_dict[f_00000] training ...
2024-11-15 18:30:39,199 - client_base - INFO - client_dict[f_00000] training epoch : 0
2024-11-15 18:30:48,378 - client_base - INFO - local model train cost time : 0m:9s:179ms
2024-11-15 18:30:48,380 - client_base - INFO - model encode time : 0m:0s:1ms
2024-11-15 18:30:48,380 - fl_main - INFO - client_dict[f_00000] local model encrypting ...
2024-11-15 18:31:26,547 - fed_utils - INFO - encrypting key [features.0.weight].length : 4800, cost time : 0m:38s:166ms
2024-11-15 18:31:27,063 - fed_utils - INFO - encrypting key [features.0.bias].length : 64, cost time : 0m:0s:516ms
2024-11-15 18:31:27,065 - fed_utils - INFO - load key [features.4.weight].length : 102400, cost time : 0m:0s:1ms
2024-11-15 18:31:27,065 - fed_utils - INFO - load key [features.4.bias].length : 64, cost time : 0m:0s:0ms
2024-11-15 18:31:27,099 - fed_utils - INFO - load key [classifier.0.weight].length : 1572864, cost time : 0m:0s:33ms
2024-11-15 18:31:27,099 - fed_utils - INFO - load key [classifier.0.bias].length : 384, cost time : 0m:0s:0ms
2024-11-15 18:31:27,101 - fed_utils - INFO - load key [classifier.2.weight].length : 73728, cost time : 0m:0s:2ms
2024-11-15 18:31:27,101 - fed_utils - INFO - load key [classifier.2.bias].length : 192, cost time : 0m:0s:0ms
2024-11-15 18:31:42,315 - fed_utils - INFO - encrypting key [classifier.4.weight].length : 1920, cost time : 0m:15s:213ms
2024-11-15 18:31:42,394 - fed_utils - INFO - encrypting key [classifier.4.bias].length : 10, cost time : 0m:0s:79ms
2024-11-15 18:31:42,419 - fl_main - INFO - Server receive client_dict[f_00000] info ...
2024-11-15 18:31:42,419 - fl_main - INFO - ----- client id [f_00001] -----
2024-11-15 18:31:42,429 - fed_utils - INFO - init global model cost time : 0m:0s:9ms
2024-11-15 18:31:42,431 - client_base - INFO - recover model cost time : 0m:0s:0ms
2024-11-15 18:31:42,431 - fl_main - INFO - client_dict[f_00001] training ...
2024-11-15 18:31:42,433 - client_base - INFO - client_dict[f_00001] training epoch : 0
2024-11-15 18:31:51,579 - client_base - INFO - local model train cost time : 0m:9s:146ms
2024-11-15 18:31:51,581 - client_base - INFO - model encode time : 0m:0s:1ms
2024-11-15 18:31:51,581 - fl_main - INFO - client_dict[f_00001] local model encrypting ...
2024-11-15 18:32:29,627 - fed_utils - INFO - encrypting key [features.0.weight].length : 4800, cost time : 0m:38s:45ms
2024-11-15 18:32:30,144 - fed_utils - INFO - encrypting key [features.0.bias].length : 64, cost time : 0m:0s:517ms
2024-11-15 18:32:30,147 - fed_utils - INFO - load key [features.4.weight].length : 102400, cost time : 0m:0s:2ms
2024-11-15 18:32:30,147 - fed_utils - INFO - load key [features.4.bias].length : 64, cost time : 0m:0s:0ms
2024-11-15 18:32:30,187 - fed_utils - INFO - load key [classifier.0.weight].length : 1572864, cost time : 0m:0s:40ms
2024-11-15 18:32:30,187 - fed_utils - INFO - load key [classifier.0.bias].length : 384, cost time : 0m:0s:0ms
2024-11-15 18:32:30,189 - fed_utils - INFO - load key [classifier.2.weight].length : 73728, cost time : 0m:0s:2ms
2024-11-15 18:32:30,189 - fed_utils - INFO - load key [classifier.2.bias].length : 192, cost time : 0m:0s:0ms
2024-11-15 18:32:45,401 - fed_utils - INFO - encrypting key [classifier.4.weight].length : 1920, cost time : 0m:15s:211ms
2024-11-15 18:32:45,481 - fed_utils - INFO - encrypting key [classifier.4.bias].length : 10, cost time : 0m:0s:79ms
2024-11-15 18:32:45,481 - fl_main - INFO - Server receive client_dict[f_00001] info ...
2024-11-15 18:32:45,481 - fl_main - INFO - ----- client id [f_00002] -----
2024-11-15 18:32:45,490 - fed_utils - INFO - init global model cost time : 0m:0s:9ms
2024-11-15 18:32:45,493 - client_base - INFO - recover model cost time : 0m:0s:0ms
2024-11-15 18:32:45,493 - fl_main - INFO - client_dict[f_00002] training ...
2024-11-15 18:32:45,495 - client_base - INFO - client_dict[f_00002] training epoch : 0
2024-11-15 18:32:54,644 - client_base - INFO - local model train cost time : 0m:9s:149ms
2024-11-15 18:32:54,646 - client_base - INFO - model encode time : 0m:0s:1ms
2024-11-15 18:32:54,646 - fl_main - INFO - client_dict[f_00002] local model encrypting ...
2024-11-15 18:33:32,667 - fed_utils - INFO - encrypting key [features.0.weight].length : 4800, cost time : 0m:38s:20ms
2024-11-15 18:33:33,185 - fed_utils - INFO - encrypting key [features.0.bias].length : 64, cost time : 0m:0s:517ms
2024-11-15 18:33:33,188 - fed_utils - INFO - load key [features.4.weight].length : 102400, cost time : 0m:0s:2ms
2024-11-15 18:33:33,188 - fed_utils - INFO - load key [features.4.bias].length : 64, cost time : 0m:0s:0ms
2024-11-15 18:33:33,228 - fed_utils - INFO - load key [classifier.0.weight].length : 1572864, cost time : 0m:0s:39ms
2024-11-15 18:33:33,228 - fed_utils - INFO - load key [classifier.0.bias].length : 384, cost time : 0m:0s:0ms
2024-11-15 18:33:33,230 - fed_utils - INFO - load key [classifier.2.weight].length : 73728, cost time : 0m:0s:1ms
2024-11-15 18:33:33,230 - fed_utils - INFO - load key [classifier.2.bias].length : 192, cost time : 0m:0s:0ms
2024-11-15 18:33:48,448 - fed_utils - INFO - encrypting key [classifier.4.weight].length : 1920, cost time : 0m:15s:218ms
2024-11-15 18:33:48,527 - fed_utils - INFO - encrypting key [classifier.4.bias].length : 10, cost time : 0m:0s:79ms
2024-11-15 18:33:48,527 - fl_main - INFO - Server receive client_dict[f_00002] info ...
2024-11-15 18:33:48,528 - fl_main - INFO - ----- client id [f_00003] -----
2024-11-15 18:33:48,537 - fed_utils - INFO - init global model cost time : 0m:0s:9ms
2024-11-15 18:33:48,539 - client_base - INFO - recover model cost time : 0m:0s:0ms
2024-11-15 18:33:50,979 - fl_main - INFO - global round [20] client_dict[f_00003].accuracy : 0.767600
2024-11-15 18:33:50,979 - fl_main - INFO - client_dict[f_00003] training ...
2024-11-15 18:33:50,980 - client_base - INFO - client_dict[f_00003] training epoch : 0
2024-11-15 18:34:00,111 - client_base - INFO - local model train cost time : 0m:9s:131ms
2024-11-15 18:34:00,113 - client_base - INFO - model encode time : 0m:0s:1ms
2024-11-15 18:34:00,113 - fl_main - INFO - client_dict[f_00003] local model encrypting ...
2024-11-15 18:34:38,182 - fed_utils - INFO - encrypting key [features.0.weight].length : 4800, cost time : 0m:38s:68ms
2024-11-15 18:34:38,699 - fed_utils - INFO - encrypting key [features.0.bias].length : 64, cost time : 0m:0s:517ms
2024-11-15 18:34:38,702 - fed_utils - INFO - load key [features.4.weight].length : 102400, cost time : 0m:0s:2ms
2024-11-15 18:34:38,702 - fed_utils - INFO - load key [features.4.bias].length : 64, cost time : 0m:0s:0ms
2024-11-15 18:34:38,741 - fed_utils - INFO - load key [classifier.0.weight].length : 1572864, cost time : 0m:0s:39ms
2024-11-15 18:34:38,741 - fed_utils - INFO - load key [classifier.0.bias].length : 384, cost time : 0m:0s:0ms
2024-11-15 18:34:38,743 - fed_utils - INFO - load key [classifier.2.weight].length : 73728, cost time : 0m:0s:1ms
2024-11-15 18:34:38,743 - fed_utils - INFO - load key [classifier.2.bias].length : 192, cost time : 0m:0s:0ms
2024-11-15 18:34:53,983 - fed_utils - INFO - encrypting key [classifier.4.weight].length : 1920, cost time : 0m:15s:239ms
2024-11-15 18:34:54,115 - fed_utils - INFO - encrypting key [classifier.4.bias].length : 10, cost time : 0m:0s:132ms
2024-11-15 18:34:54,116 - fl_main - INFO - Server receive client_dict[f_00003] info ...
2024-11-15 18:34:54,116 - fl_main - INFO - ----- client id [f_00004] -----
2024-11-15 18:34:54,132 - fed_utils - INFO - init global model cost time : 0m:0s:16ms
2024-11-15 18:34:54,135 - client_base - INFO - recover model cost time : 0m:0s:0ms
2024-11-15 18:34:54,136 - fl_main - INFO - client_dict[f_00004] training ...
2024-11-15 18:34:54,138 - client_base - INFO - client_dict[f_00004] training epoch : 0
2024-11-15 18:35:03,294 - client_base - INFO - local model train cost time : 0m:9s:156ms
2024-11-15 18:35:03,296 - client_base - INFO - model encode time : 0m:0s:1ms
2024-11-15 18:35:03,296 - fl_main - INFO - client_dict[f_00004] local model encrypting ...
2024-11-15 18:35:41,404 - fed_utils - INFO - encrypting key [features.0.weight].length : 4800, cost time : 0m:38s:107ms
2024-11-15 18:35:41,922 - fed_utils - INFO - encrypting key [features.0.bias].length : 64, cost time : 0m:0s:517ms
2024-11-15 18:35:41,925 - fed_utils - INFO - load key [features.4.weight].length : 102400, cost time : 0m:0s:2ms
2024-11-15 18:35:41,925 - fed_utils - INFO - load key [features.4.bias].length : 64, cost time : 0m:0s:0ms
2024-11-15 18:35:41,964 - fed_utils - INFO - load key [classifier.0.weight].length : 1572864, cost time : 0m:0s:38ms
2024-11-15 18:35:41,964 - fed_utils - INFO - load key [classifier.0.bias].length : 384, cost time : 0m:0s:0ms
2024-11-15 18:35:41,966 - fed_utils - INFO - load key [classifier.2.weight].length : 73728, cost time : 0m:0s:1ms
2024-11-15 18:35:41,966 - fed_utils - INFO - load key [classifier.2.bias].length : 192, cost time : 0m:0s:0ms
2024-11-15 18:35:57,183 - fed_utils - INFO - encrypting key [classifier.4.weight].length : 1920, cost time : 0m:15s:217ms
2024-11-15 18:35:57,263 - fed_utils - INFO - encrypting key [classifier.4.bias].length : 10, cost time : 0m:0s:79ms
2024-11-15 18:35:57,263 - fl_main - INFO - Server receive client_dict[f_00004] info ...
2024-11-15 18:35:57,263 - fl_main - INFO - global aggregation process ...
2024-11-15 18:35:57,263 - fed_utils - INFO - server.n_data : 50000
2024-11-15 18:35:57,263 - fed_utils - INFO - client_dict[f_00000].weight : 0.200000
2024-11-15 18:35:57,263 - fed_utils - INFO - client_dict[f_00001].weight : 0.200000
2024-11-15 18:35:57,263 - fed_utils - INFO - client_dict[f_00002].weight : 0.200000
2024-11-15 18:35:57,263 - fed_utils - INFO - client_dict[f_00003].weight : 0.200000
2024-11-15 18:35:57,263 - fed_utils - INFO - client_dict[f_00004].weight : 0.200000
2024-11-15 18:35:57,263 - fed_utils - INFO - recover secret number by clients: 3157279.000000
2024-11-15 18:35:57,263 - server_base - INFO - Server aggregate model with homomorphic encryption ...
2024-11-15 18:36:07,862 - server_base - INFO - Server aggregate model done, cost time : 0m:10s:598ms
2024-11-15 18:36:18,786 - fed_utils - INFO - decrypting key [features.0.weight].shape [torch.Size([64, 3, 5, 5])]
2024-11-15 18:36:18,932 - fed_utils - INFO - decrypting key [features.0.bias].shape [torch.Size([64])]
2024-11-15 18:36:18,933 - fed_utils - INFO - decrypting key [features.4.weight].shape [torch.Size([64, 64, 5, 5])]
2024-11-15 18:36:18,933 - fed_utils - INFO - decrypting key [features.4.bias].shape [torch.Size([64])]
2024-11-15 18:36:18,942 - fed_utils - INFO - decrypting key [classifier.0.weight].shape [torch.Size([384, 4096])]
2024-11-15 18:36:18,942 - fed_utils - INFO - decrypting key [classifier.0.bias].shape [torch.Size([384])]
2024-11-15 18:36:18,942 - fed_utils - INFO - decrypting key [classifier.2.weight].shape [torch.Size([192, 384])]
2024-11-15 18:36:18,942 - fed_utils - INFO - decrypting key [classifier.2.bias].shape [torch.Size([192])]
2024-11-15 18:36:23,311 - fed_utils - INFO - decrypting key [classifier.4.weight].shape [torch.Size([10, 192])]
2024-11-15 18:36:23,334 - fed_utils - INFO - decrypting key [classifier.4.bias].shape [torch.Size([10])]
2024-11-15 18:36:23,334 - fed_utils - INFO - decrypt time : [0m:15s:471ms]
2024-11-15 18:36:23,401 - fl_main - INFO - [global round : 20] aggregated model accuracy : 0.7676000000000001
2024-11-15 18:36:23,401 - fl_main - INFO - [global round : 20] aggregated model loss : 0.42629596926054797
2024-11-15 18:36:23,402 - fl_main - INFO - global round : 21
2024-11-15 18:36:23,402 - fl_main - INFO - the random client id to test accuracy : f_00000
2024-11-15 18:36:23,402 - fl_main - INFO - ----- client id [f_00000] -----
2024-11-15 18:36:23,411 - fed_utils - INFO - init global model cost time : 0m:0s:9ms
2024-11-15 18:36:23,414 - client_base - INFO - recover model cost time : 0m:0s:0ms
2024-11-15 18:36:25,862 - fl_main - INFO - global round [21] client_dict[f_00000].accuracy : 0.766700
2024-11-15 18:36:25,862 - fl_main - INFO - client_dict[f_00000] training ...
2024-11-15 18:36:25,862 - client_base - INFO - client_dict[f_00000] training epoch : 0
2024-11-15 18:36:34,979 - client_base - INFO - local model train cost time : 0m:9s:116ms
2024-11-15 18:36:34,981 - client_base - INFO - model encode time : 0m:0s:1ms
2024-11-15 18:36:34,981 - fl_main - INFO - client_dict[f_00000] local model encrypting ...
2024-11-15 18:37:12,986 - fed_utils - INFO - encrypting key [features.0.weight].length : 4800, cost time : 0m:38s:4ms
2024-11-15 18:37:13,507 - fed_utils - INFO - encrypting key [features.0.bias].length : 64, cost time : 0m:0s:520ms
2024-11-15 18:37:13,509 - fed_utils - INFO - load key [features.4.weight].length : 102400, cost time : 0m:0s:1ms
2024-11-15 18:37:13,509 - fed_utils - INFO - load key [features.4.bias].length : 64, cost time : 0m:0s:0ms
2024-11-15 18:37:13,542 - fed_utils - INFO - load key [classifier.0.weight].length : 1572864, cost time : 0m:0s:33ms
2024-11-15 18:37:13,542 - fed_utils - INFO - load key [classifier.0.bias].length : 384, cost time : 0m:0s:0ms
2024-11-15 18:37:13,544 - fed_utils - INFO - load key [classifier.2.weight].length : 73728, cost time : 0m:0s:2ms
2024-11-15 18:37:13,544 - fed_utils - INFO - load key [classifier.2.bias].length : 192, cost time : 0m:0s:0ms
2024-11-15 18:37:28,757 - fed_utils - INFO - encrypting key [classifier.4.weight].length : 1920, cost time : 0m:15s:212ms
2024-11-15 18:37:28,836 - fed_utils - INFO - encrypting key [classifier.4.bias].length : 10, cost time : 0m:0s:79ms
2024-11-15 18:37:28,860 - fl_main - INFO - Server receive client_dict[f_00000] info ...
2024-11-15 18:37:28,861 - fl_main - INFO - ----- client id [f_00001] -----
2024-11-15 18:37:28,871 - fed_utils - INFO - init global model cost time : 0m:0s:9ms
2024-11-15 18:37:28,872 - client_base - INFO - recover model cost time : 0m:0s:0ms
2024-11-15 18:37:28,872 - fl_main - INFO - client_dict[f_00001] training ...
2024-11-15 18:37:28,874 - client_base - INFO - client_dict[f_00001] training epoch : 0
2024-11-15 18:37:38,018 - client_base - INFO - local model train cost time : 0m:9s:143ms
2024-11-15 18:37:38,019 - client_base - INFO - model encode time : 0m:0s:1ms
2024-11-15 18:37:38,020 - fl_main - INFO - client_dict[f_00001] local model encrypting ...
2024-11-15 18:38:16,034 - fed_utils - INFO - encrypting key [features.0.weight].length : 4800, cost time : 0m:38s:14ms
2024-11-15 18:38:16,552 - fed_utils - INFO - encrypting key [features.0.bias].length : 64, cost time : 0m:0s:518ms
2024-11-15 18:38:16,555 - fed_utils - INFO - load key [features.4.weight].length : 102400, cost time : 0m:0s:2ms
2024-11-15 18:38:16,555 - fed_utils - INFO - load key [features.4.bias].length : 64, cost time : 0m:0s:0ms
2024-11-15 18:38:16,595 - fed_utils - INFO - load key [classifier.0.weight].length : 1572864, cost time : 0m:0s:40ms
2024-11-15 18:38:16,595 - fed_utils - INFO - load key [classifier.0.bias].length : 384, cost time : 0m:0s:0ms
2024-11-15 18:38:16,597 - fed_utils - INFO - load key [classifier.2.weight].length : 73728, cost time : 0m:0s:2ms
2024-11-15 18:38:16,597 - fed_utils - INFO - load key [classifier.2.bias].length : 192, cost time : 0m:0s:0ms
2024-11-15 18:38:31,815 - fed_utils - INFO - encrypting key [classifier.4.weight].length : 1920, cost time : 0m:15s:217ms
2024-11-15 18:38:31,894 - fed_utils - INFO - encrypting key [classifier.4.bias].length : 10, cost time : 0m:0s:79ms
2024-11-15 18:38:31,894 - fl_main - INFO - Server receive client_dict[f_00001] info ...
2024-11-15 18:38:31,894 - fl_main - INFO - ----- client id [f_00002] -----
2024-11-15 18:38:31,904 - fed_utils - INFO - init global model cost time : 0m:0s:9ms
2024-11-15 18:38:31,906 - client_base - INFO - recover model cost time : 0m:0s:0ms
2024-11-15 18:38:31,906 - fl_main - INFO - client_dict[f_00002] training ...
2024-11-15 18:38:31,908 - client_base - INFO - client_dict[f_00002] training epoch : 0
2024-11-15 18:38:41,116 - client_base - INFO - local model train cost time : 0m:9s:207ms
2024-11-15 18:38:41,117 - client_base - INFO - model encode time : 0m:0s:1ms
2024-11-15 18:38:41,118 - fl_main - INFO - client_dict[f_00002] local model encrypting ...
2024-11-15 18:39:19,149 - fed_utils - INFO - encrypting key [features.0.weight].length : 4800, cost time : 0m:38s:31ms
2024-11-15 18:39:19,667 - fed_utils - INFO - encrypting key [features.0.bias].length : 64, cost time : 0m:0s:517ms
2024-11-15 18:39:19,670 - fed_utils - INFO - load key [features.4.weight].length : 102400, cost time : 0m:0s:2ms
2024-11-15 18:39:19,670 - fed_utils - INFO - load key [features.4.bias].length : 64, cost time : 0m:0s:0ms
2024-11-15 18:39:19,709 - fed_utils - INFO - load key [classifier.0.weight].length : 1572864, cost time : 0m:0s:39ms
2024-11-15 18:39:19,710 - fed_utils - INFO - load key [classifier.0.bias].length : 384, cost time : 0m:0s:0ms
2024-11-15 18:39:19,711 - fed_utils - INFO - load key [classifier.2.weight].length : 73728, cost time : 0m:0s:1ms
2024-11-15 18:39:19,712 - fed_utils - INFO - load key [classifier.2.bias].length : 192, cost time : 0m:0s:0ms
2024-11-15 18:39:34,926 - fed_utils - INFO - encrypting key [classifier.4.weight].length : 1920, cost time : 0m:15s:214ms
2024-11-15 18:39:35,006 - fed_utils - INFO - encrypting key [classifier.4.bias].length : 10, cost time : 0m:0s:79ms
2024-11-15 18:39:35,006 - fl_main - INFO - Server receive client_dict[f_00002] info ...
2024-11-15 18:39:35,006 - fl_main - INFO - ----- client id [f_00003] -----
2024-11-15 18:39:35,016 - fed_utils - INFO - init global model cost time : 0m:0s:9ms
2024-11-15 18:39:35,018 - client_base - INFO - recover model cost time : 0m:0s:0ms
2024-11-15 18:39:35,018 - fl_main - INFO - client_dict[f_00003] training ...
2024-11-15 18:39:35,020 - client_base - INFO - client_dict[f_00003] training epoch : 0
2024-11-15 18:39:44,202 - client_base - INFO - local model train cost time : 0m:9s:182ms
2024-11-15 18:39:44,204 - client_base - INFO - model encode time : 0m:0s:1ms
2024-11-15 18:39:44,204 - fl_main - INFO - client_dict[f_00003] local model encrypting ...
2024-11-15 18:40:22,486 - fed_utils - INFO - encrypting key [features.0.weight].length : 4800, cost time : 0m:38s:281ms
2024-11-15 18:40:23,004 - fed_utils - INFO - encrypting key [features.0.bias].length : 64, cost time : 0m:0s:517ms
2024-11-15 18:40:23,006 - fed_utils - INFO - load key [features.4.weight].length : 102400, cost time : 0m:0s:2ms
2024-11-15 18:40:23,006 - fed_utils - INFO - load key [features.4.bias].length : 64, cost time : 0m:0s:0ms
2024-11-15 18:40:23,046 - fed_utils - INFO - load key [classifier.0.weight].length : 1572864, cost time : 0m:0s:39ms
2024-11-15 18:40:23,046 - fed_utils - INFO - load key [classifier.0.bias].length : 384, cost time : 0m:0s:0ms
2024-11-15 18:40:23,048 - fed_utils - INFO - load key [classifier.2.weight].length : 73728, cost time : 0m:0s:1ms
2024-11-15 18:40:23,048 - fed_utils - INFO - load key [classifier.2.bias].length : 192, cost time : 0m:0s:0ms
2024-11-15 18:40:38,283 - fed_utils - INFO - encrypting key [classifier.4.weight].length : 1920, cost time : 0m:15s:235ms
2024-11-15 18:40:38,363 - fed_utils - INFO - encrypting key [classifier.4.bias].length : 10, cost time : 0m:0s:79ms
2024-11-15 18:40:38,363 - fl_main - INFO - Server receive client_dict[f_00003] info ...
2024-11-15 18:40:38,363 - fl_main - INFO - ----- client id [f_00004] -----
2024-11-15 18:40:38,372 - fed_utils - INFO - init global model cost time : 0m:0s:9ms
2024-11-15 18:40:38,375 - client_base - INFO - recover model cost time : 0m:0s:0ms
2024-11-15 18:40:38,375 - fl_main - INFO - client_dict[f_00004] training ...
2024-11-15 18:40:38,377 - client_base - INFO - client_dict[f_00004] training epoch : 0
2024-11-15 18:40:47,538 - client_base - INFO - local model train cost time : 0m:9s:161ms
2024-11-15 18:40:47,540 - client_base - INFO - model encode time : 0m:0s:1ms
2024-11-15 18:40:47,540 - fl_main - INFO - client_dict[f_00004] local model encrypting ...
2024-11-15 18:41:25,558 - fed_utils - INFO - encrypting key [features.0.weight].length : 4800, cost time : 0m:38s:17ms
2024-11-15 18:41:26,077 - fed_utils - INFO - encrypting key [features.0.bias].length : 64, cost time : 0m:0s:518ms
2024-11-15 18:41:26,080 - fed_utils - INFO - load key [features.4.weight].length : 102400, cost time : 0m:0s:2ms
2024-11-15 18:41:26,080 - fed_utils - INFO - load key [features.4.bias].length : 64, cost time : 0m:0s:0ms
2024-11-15 18:41:26,119 - fed_utils - INFO - load key [classifier.0.weight].length : 1572864, cost time : 0m:0s:38ms
2024-11-15 18:41:26,119 - fed_utils - INFO - load key [classifier.0.bias].length : 384, cost time : 0m:0s:0ms
2024-11-15 18:41:26,121 - fed_utils - INFO - load key [classifier.2.weight].length : 73728, cost time : 0m:0s:1ms
2024-11-15 18:41:26,121 - fed_utils - INFO - load key [classifier.2.bias].length : 192, cost time : 0m:0s:0ms
2024-11-15 18:41:41,328 - fed_utils - INFO - encrypting key [classifier.4.weight].length : 1920, cost time : 0m:15s:207ms
2024-11-15 18:41:41,407 - fed_utils - INFO - encrypting key [classifier.4.bias].length : 10, cost time : 0m:0s:79ms
2024-11-15 18:41:41,407 - fl_main - INFO - Server receive client_dict[f_00004] info ...
2024-11-15 18:41:41,408 - fl_main - INFO - global aggregation process ...
2024-11-15 18:41:41,408 - fed_utils - INFO - server.n_data : 50000
2024-11-15 18:41:41,408 - fed_utils - INFO - client_dict[f_00000].weight : 0.200000
2024-11-15 18:41:41,408 - fed_utils - INFO - client_dict[f_00001].weight : 0.200000
2024-11-15 18:41:41,408 - fed_utils - INFO - client_dict[f_00002].weight : 0.200000
2024-11-15 18:41:41,408 - fed_utils - INFO - client_dict[f_00003].weight : 0.200000
2024-11-15 18:41:41,408 - fed_utils - INFO - client_dict[f_00004].weight : 0.200000
2024-11-15 18:41:41,408 - fed_utils - INFO - recover secret number by clients: 3157279.000000
2024-11-15 18:41:41,408 - server_base - INFO - Server aggregate model with homomorphic encryption ...
2024-11-15 18:41:51,980 - server_base - INFO - Server aggregate model done, cost time : 0m:10s:571ms
2024-11-15 18:42:02,907 - fed_utils - INFO - decrypting key [features.0.weight].shape [torch.Size([64, 3, 5, 5])]
2024-11-15 18:42:03,053 - fed_utils - INFO - decrypting key [features.0.bias].shape [torch.Size([64])]
2024-11-15 18:42:03,053 - fed_utils - INFO - decrypting key [features.4.weight].shape [torch.Size([64, 64, 5, 5])]
2024-11-15 18:42:03,053 - fed_utils - INFO - decrypting key [features.4.bias].shape [torch.Size([64])]
2024-11-15 18:42:03,063 - fed_utils - INFO - decrypting key [classifier.0.weight].shape [torch.Size([384, 4096])]
2024-11-15 18:42:03,063 - fed_utils - INFO - decrypting key [classifier.0.bias].shape [torch.Size([384])]
2024-11-15 18:42:03,063 - fed_utils - INFO - decrypting key [classifier.2.weight].shape [torch.Size([192, 384])]
2024-11-15 18:42:03,063 - fed_utils - INFO - decrypting key [classifier.2.bias].shape [torch.Size([192])]
2024-11-15 18:42:07,432 - fed_utils - INFO - decrypting key [classifier.4.weight].shape [torch.Size([10, 192])]
2024-11-15 18:42:07,455 - fed_utils - INFO - decrypting key [classifier.4.bias].shape [torch.Size([10])]
2024-11-15 18:42:07,455 - fed_utils - INFO - decrypt time : [0m:15s:475ms]
2024-11-15 18:42:07,523 - fl_main - INFO - [global round : 21] aggregated model accuracy : 0.7667
2024-11-15 18:42:07,523 - fl_main - INFO - [global round : 21] aggregated model loss : 0.5065908591674699
2024-11-15 18:42:07,524 - fl_main - INFO - global round : 22
2024-11-15 18:42:07,525 - fl_main - INFO - the random client id to test accuracy : f_00000
2024-11-15 18:42:07,525 - fl_main - INFO - ----- client id [f_00000] -----
2024-11-15 18:42:07,534 - fed_utils - INFO - init global model cost time : 0m:0s:9ms
2024-11-15 18:42:07,537 - client_base - INFO - recover model cost time : 0m:0s:0ms
2024-11-15 18:42:10,003 - fl_main - INFO - global round [22] client_dict[f_00000].accuracy : 0.772200
2024-11-15 18:42:10,003 - fl_main - INFO - client_dict[f_00000] training ...
2024-11-15 18:42:10,003 - client_base - INFO - client_dict[f_00000] training epoch : 0
2024-11-15 18:42:19,132 - client_base - INFO - local model train cost time : 0m:9s:128ms
2024-11-15 18:42:19,133 - client_base - INFO - model encode time : 0m:0s:1ms
2024-11-15 18:42:19,134 - fl_main - INFO - client_dict[f_00000] local model encrypting ...
2024-11-15 18:42:57,144 - fed_utils - INFO - encrypting key [features.0.weight].length : 4800, cost time : 0m:38s:10ms
2024-11-15 18:42:57,662 - fed_utils - INFO - encrypting key [features.0.bias].length : 64, cost time : 0m:0s:517ms
2024-11-15 18:42:57,664 - fed_utils - INFO - load key [features.4.weight].length : 102400, cost time : 0m:0s:1ms
2024-11-15 18:42:57,664 - fed_utils - INFO - load key [features.4.bias].length : 64, cost time : 0m:0s:0ms
2024-11-15 18:42:57,697 - fed_utils - INFO - load key [classifier.0.weight].length : 1572864, cost time : 0m:0s:33ms
2024-11-15 18:42:57,698 - fed_utils - INFO - load key [classifier.0.bias].length : 384, cost time : 0m:0s:0ms
2024-11-15 18:42:57,700 - fed_utils - INFO - load key [classifier.2.weight].length : 73728, cost time : 0m:0s:1ms
2024-11-15 18:42:57,700 - fed_utils - INFO - load key [classifier.2.bias].length : 192, cost time : 0m:0s:0ms
2024-11-15 18:43:12,917 - fed_utils - INFO - encrypting key [classifier.4.weight].length : 1920, cost time : 0m:15s:216ms
2024-11-15 18:43:12,997 - fed_utils - INFO - encrypting key [classifier.4.bias].length : 10, cost time : 0m:0s:79ms
2024-11-15 18:43:13,021 - fl_main - INFO - Server receive client_dict[f_00000] info ...
2024-11-15 18:43:13,021 - fl_main - INFO - ----- client id [f_00001] -----
2024-11-15 18:43:13,031 - fed_utils - INFO - init global model cost time : 0m:0s:10ms
2024-11-15 18:43:13,034 - client_base - INFO - recover model cost time : 0m:0s:0ms
2024-11-15 18:43:13,034 - fl_main - INFO - client_dict[f_00001] training ...
2024-11-15 18:43:13,036 - client_base - INFO - client_dict[f_00001] training epoch : 0
2024-11-15 18:43:22,199 - client_base - INFO - local model train cost time : 0m:9s:163ms
2024-11-15 18:43:22,201 - client_base - INFO - model encode time : 0m:0s:1ms
2024-11-15 18:43:22,201 - fl_main - INFO - client_dict[f_00001] local model encrypting ...
2024-11-15 18:44:00,373 - fed_utils - INFO - encrypting key [features.0.weight].length : 4800, cost time : 0m:38s:171ms
2024-11-15 18:44:00,905 - fed_utils - INFO - encrypting key [features.0.bias].length : 64, cost time : 0m:0s:531ms
2024-11-15 18:44:00,907 - fed_utils - INFO - load key [features.4.weight].length : 102400, cost time : 0m:0s:2ms
2024-11-15 18:44:00,907 - fed_utils - INFO - load key [features.4.bias].length : 64, cost time : 0m:0s:0ms
2024-11-15 18:44:00,948 - fed_utils - INFO - load key [classifier.0.weight].length : 1572864, cost time : 0m:0s:40ms
2024-11-15 18:44:00,948 - fed_utils - INFO - load key [classifier.0.bias].length : 384, cost time : 0m:0s:0ms
2024-11-15 18:44:00,950 - fed_utils - INFO - load key [classifier.2.weight].length : 73728, cost time : 0m:0s:1ms
2024-11-15 18:44:00,950 - fed_utils - INFO - load key [classifier.2.bias].length : 192, cost time : 0m:0s:0ms
2024-11-15 18:44:16,177 - fed_utils - INFO - encrypting key [classifier.4.weight].length : 1920, cost time : 0m:15s:227ms
2024-11-15 18:44:16,257 - fed_utils - INFO - encrypting key [classifier.4.bias].length : 10, cost time : 0m:0s:79ms
2024-11-15 18:44:16,257 - fl_main - INFO - Server receive client_dict[f_00001] info ...
2024-11-15 18:44:16,257 - fl_main - INFO - ----- client id [f_00002] -----
2024-11-15 18:44:16,266 - fed_utils - INFO - init global model cost time : 0m:0s:9ms
2024-11-15 18:44:16,268 - client_base - INFO - recover model cost time : 0m:0s:0ms
2024-11-15 18:44:16,269 - fl_main - INFO - client_dict[f_00002] training ...
2024-11-15 18:44:16,271 - client_base - INFO - client_dict[f_00002] training epoch : 0
2024-11-15 18:44:25,415 - client_base - INFO - local model train cost time : 0m:9s:144ms
2024-11-15 18:44:25,417 - client_base - INFO - model encode time : 0m:0s:1ms
2024-11-15 18:44:25,417 - fl_main - INFO - client_dict[f_00002] local model encrypting ...
2024-11-15 18:45:03,509 - fed_utils - INFO - encrypting key [features.0.weight].length : 4800, cost time : 0m:38s:91ms
2024-11-15 18:45:04,027 - fed_utils - INFO - encrypting key [features.0.bias].length : 64, cost time : 0m:0s:517ms
2024-11-15 18:45:04,030 - fed_utils - INFO - load key [features.4.weight].length : 102400, cost time : 0m:0s:2ms
2024-11-15 18:45:04,030 - fed_utils - INFO - load key [features.4.bias].length : 64, cost time : 0m:0s:0ms
2024-11-15 18:45:04,069 - fed_utils - INFO - load key [classifier.0.weight].length : 1572864, cost time : 0m:0s:39ms
2024-11-15 18:45:04,069 - fed_utils - INFO - load key [classifier.0.bias].length : 384, cost time : 0m:0s:0ms
2024-11-15 18:45:04,071 - fed_utils - INFO - load key [classifier.2.weight].length : 73728, cost time : 0m:0s:1ms
2024-11-15 18:45:04,071 - fed_utils - INFO - load key [classifier.2.bias].length : 192, cost time : 0m:0s:0ms
2024-11-15 18:45:19,279 - fed_utils - INFO - encrypting key [classifier.4.weight].length : 1920, cost time : 0m:15s:207ms
2024-11-15 18:45:19,359 - fed_utils - INFO - encrypting key [classifier.4.bias].length : 10, cost time : 0m:0s:79ms
2024-11-15 18:45:19,359 - fl_main - INFO - Server receive client_dict[f_00002] info ...
2024-11-15 18:45:19,359 - fl_main - INFO - ----- client id [f_00003] -----
2024-11-15 18:45:19,368 - fed_utils - INFO - init global model cost time : 0m:0s:9ms
2024-11-15 18:45:19,370 - client_base - INFO - recover model cost time : 0m:0s:0ms
2024-11-15 18:45:19,371 - fl_main - INFO - client_dict[f_00003] training ...
2024-11-15 18:45:19,373 - client_base - INFO - client_dict[f_00003] training epoch : 0
2024-11-15 18:45:28,540 - client_base - INFO - local model train cost time : 0m:9s:167ms
2024-11-15 18:45:28,542 - client_base - INFO - model encode time : 0m:0s:1ms
2024-11-15 18:45:28,542 - fl_main - INFO - client_dict[f_00003] local model encrypting ...
2024-11-15 18:46:06,605 - fed_utils - INFO - encrypting key [features.0.weight].length : 4800, cost time : 0m:38s:62ms
2024-11-15 18:46:07,123 - fed_utils - INFO - encrypting key [features.0.bias].length : 64, cost time : 0m:0s:517ms
2024-11-15 18:46:07,125 - fed_utils - INFO - load key [features.4.weight].length : 102400, cost time : 0m:0s:2ms
2024-11-15 18:46:07,126 - fed_utils - INFO - load key [features.4.bias].length : 64, cost time : 0m:0s:0ms
2024-11-15 18:46:07,165 - fed_utils - INFO - load key [classifier.0.weight].length : 1572864, cost time : 0m:0s:39ms
2024-11-15 18:46:07,165 - fed_utils - INFO - load key [classifier.0.bias].length : 384, cost time : 0m:0s:0ms
2024-11-15 18:46:07,167 - fed_utils - INFO - load key [classifier.2.weight].length : 73728, cost time : 0m:0s:1ms
2024-11-15 18:46:07,167 - fed_utils - INFO - load key [classifier.2.bias].length : 192, cost time : 0m:0s:0ms
2024-11-15 18:46:22,382 - fed_utils - INFO - encrypting key [classifier.4.weight].length : 1920, cost time : 0m:15s:214ms
2024-11-15 18:46:22,461 - fed_utils - INFO - encrypting key [classifier.4.bias].length : 10, cost time : 0m:0s:79ms
2024-11-15 18:46:22,461 - fl_main - INFO - Server receive client_dict[f_00003] info ...
2024-11-15 18:46:22,461 - fl_main - INFO - ----- client id [f_00004] -----
2024-11-15 18:46:22,471 - fed_utils - INFO - init global model cost time : 0m:0s:9ms
2024-11-15 18:46:22,473 - client_base - INFO - recover model cost time : 0m:0s:0ms
2024-11-15 18:46:22,473 - fl_main - INFO - client_dict[f_00004] training ...
2024-11-15 18:46:22,475 - client_base - INFO - client_dict[f_00004] training epoch : 0
2024-11-15 18:46:31,645 - client_base - INFO - local model train cost time : 0m:9s:169ms
2024-11-15 18:46:31,647 - client_base - INFO - model encode time : 0m:0s:1ms
2024-11-15 18:46:31,647 - fl_main - INFO - client_dict[f_00004] local model encrypting ...
2024-11-15 18:47:09,659 - fed_utils - INFO - encrypting key [features.0.weight].length : 4800, cost time : 0m:38s:11ms
2024-11-15 18:47:10,177 - fed_utils - INFO - encrypting key [features.0.bias].length : 64, cost time : 0m:0s:517ms
2024-11-15 18:47:10,179 - fed_utils - INFO - load key [features.4.weight].length : 102400, cost time : 0m:0s:2ms
2024-11-15 18:47:10,179 - fed_utils - INFO - load key [features.4.bias].length : 64, cost time : 0m:0s:0ms
2024-11-15 18:47:10,218 - fed_utils - INFO - load key [classifier.0.weight].length : 1572864, cost time : 0m:0s:39ms
2024-11-15 18:47:10,219 - fed_utils - INFO - load key [classifier.0.bias].length : 384, cost time : 0m:0s:0ms
2024-11-15 18:47:10,220 - fed_utils - INFO - load key [classifier.2.weight].length : 73728, cost time : 0m:0s:1ms
2024-11-15 18:47:10,221 - fed_utils - INFO - load key [classifier.2.bias].length : 192, cost time : 0m:0s:0ms
2024-11-15 18:47:25,441 - fed_utils - INFO - encrypting key [classifier.4.weight].length : 1920, cost time : 0m:15s:220ms
2024-11-15 18:47:25,521 - fed_utils - INFO - encrypting key [classifier.4.bias].length : 10, cost time : 0m:0s:79ms
2024-11-15 18:47:25,521 - fl_main - INFO - Server receive client_dict[f_00004] info ...
2024-11-15 18:47:25,521 - fl_main - INFO - global aggregation process ...
2024-11-15 18:47:25,522 - fed_utils - INFO - server.n_data : 50000
2024-11-15 18:47:25,522 - fed_utils - INFO - client_dict[f_00000].weight : 0.200000
2024-11-15 18:47:25,522 - fed_utils - INFO - client_dict[f_00001].weight : 0.200000
2024-11-15 18:47:25,522 - fed_utils - INFO - client_dict[f_00002].weight : 0.200000
2024-11-15 18:47:25,522 - fed_utils - INFO - client_dict[f_00003].weight : 0.200000
2024-11-15 18:47:25,522 - fed_utils - INFO - client_dict[f_00004].weight : 0.200000
2024-11-15 18:47:25,522 - fed_utils - INFO - recover secret number by clients: 3157279.000000
2024-11-15 18:47:25,522 - server_base - INFO - Server aggregate model with homomorphic encryption ...
2024-11-15 18:47:36,115 - server_base - INFO - Server aggregate model done, cost time : 0m:10s:593ms
2024-11-15 18:47:47,119 - fed_utils - INFO - decrypting key [features.0.weight].shape [torch.Size([64, 3, 5, 5])]
2024-11-15 18:47:47,265 - fed_utils - INFO - decrypting key [features.0.bias].shape [torch.Size([64])]
2024-11-15 18:47:47,266 - fed_utils - INFO - decrypting key [features.4.weight].shape [torch.Size([64, 64, 5, 5])]
2024-11-15 18:47:47,266 - fed_utils - INFO - decrypting key [features.4.bias].shape [torch.Size([64])]
2024-11-15 18:47:47,275 - fed_utils - INFO - decrypting key [classifier.0.weight].shape [torch.Size([384, 4096])]
2024-11-15 18:47:47,275 - fed_utils - INFO - decrypting key [classifier.0.bias].shape [torch.Size([384])]
2024-11-15 18:47:47,275 - fed_utils - INFO - decrypting key [classifier.2.weight].shape [torch.Size([192, 384])]
2024-11-15 18:47:47,275 - fed_utils - INFO - decrypting key [classifier.2.bias].shape [torch.Size([192])]
2024-11-15 18:47:51,645 - fed_utils - INFO - decrypting key [classifier.4.weight].shape [torch.Size([10, 192])]
2024-11-15 18:47:51,668 - fed_utils - INFO - decrypting key [classifier.4.bias].shape [torch.Size([10])]
2024-11-15 18:47:51,668 - fed_utils - INFO - decrypt time : [0m:15s:552ms]
2024-11-15 18:47:51,736 - fl_main - INFO - [global round : 22] aggregated model accuracy : 0.7722
2024-11-15 18:47:51,736 - fl_main - INFO - [global round : 22] aggregated model loss : 0.4890692458257959
2024-11-15 18:47:51,737 - fl_main - INFO - global round : 23
2024-11-15 18:47:51,737 - fl_main - INFO - the random client id to test accuracy : f_00004
2024-11-15 18:47:51,737 - fl_main - INFO - ----- client id [f_00000] -----
2024-11-15 18:47:51,749 - fed_utils - INFO - init global model cost time : 0m:0s:11ms
2024-11-15 18:47:51,751 - client_base - INFO - recover model cost time : 0m:0s:0ms
2024-11-15 18:47:51,752 - fl_main - INFO - client_dict[f_00000] training ...
2024-11-15 18:47:51,759 - client_base - INFO - client_dict[f_00000] training epoch : 0
2024-11-15 18:48:00,918 - client_base - INFO - local model train cost time : 0m:9s:158ms
2024-11-15 18:48:00,919 - client_base - INFO - model encode time : 0m:0s:1ms
2024-11-15 18:48:00,920 - fl_main - INFO - client_dict[f_00000] local model encrypting ...
2024-11-15 18:48:38,956 - fed_utils - INFO - encrypting key [features.0.weight].length : 4800, cost time : 0m:38s:36ms
2024-11-15 18:48:39,475 - fed_utils - INFO - encrypting key [features.0.bias].length : 64, cost time : 0m:0s:518ms
2024-11-15 18:48:39,477 - fed_utils - INFO - load key [features.4.weight].length : 102400, cost time : 0m:0s:1ms
2024-11-15 18:48:39,477 - fed_utils - INFO - load key [features.4.bias].length : 64, cost time : 0m:0s:0ms
2024-11-15 18:48:39,510 - fed_utils - INFO - load key [classifier.0.weight].length : 1572864, cost time : 0m:0s:32ms
2024-11-15 18:48:39,510 - fed_utils - INFO - load key [classifier.0.bias].length : 384, cost time : 0m:0s:0ms
2024-11-15 18:48:39,512 - fed_utils - INFO - load key [classifier.2.weight].length : 73728, cost time : 0m:0s:2ms
2024-11-15 18:48:39,512 - fed_utils - INFO - load key [classifier.2.bias].length : 192, cost time : 0m:0s:0ms
2024-11-15 18:48:54,719 - fed_utils - INFO - encrypting key [classifier.4.weight].length : 1920, cost time : 0m:15s:206ms
2024-11-15 18:48:54,798 - fed_utils - INFO - encrypting key [classifier.4.bias].length : 10, cost time : 0m:0s:79ms
2024-11-15 18:48:54,822 - fl_main - INFO - Server receive client_dict[f_00000] info ...
2024-11-15 18:48:54,823 - fl_main - INFO - ----- client id [f_00001] -----
2024-11-15 18:48:54,832 - fed_utils - INFO - init global model cost time : 0m:0s:9ms
2024-11-15 18:48:54,834 - client_base - INFO - recover model cost time : 0m:0s:0ms
2024-11-15 18:48:54,834 - fl_main - INFO - client_dict[f_00001] training ...
2024-11-15 18:48:54,835 - client_base - INFO - client_dict[f_00001] training epoch : 0
2024-11-15 18:49:03,995 - client_base - INFO - local model train cost time : 0m:9s:159ms
2024-11-15 18:49:03,996 - client_base - INFO - model encode time : 0m:0s:1ms
2024-11-15 18:49:03,997 - fl_main - INFO - client_dict[f_00001] local model encrypting ...
2024-11-15 18:49:42,013 - fed_utils - INFO - encrypting key [features.0.weight].length : 4800, cost time : 0m:38s:16ms
2024-11-15 18:49:42,532 - fed_utils - INFO - encrypting key [features.0.bias].length : 64, cost time : 0m:0s:518ms
2024-11-15 18:49:42,534 - fed_utils - INFO - load key [features.4.weight].length : 102400, cost time : 0m:0s:2ms
2024-11-15 18:49:42,534 - fed_utils - INFO - load key [features.4.bias].length : 64, cost time : 0m:0s:0ms
2024-11-15 18:49:42,575 - fed_utils - INFO - load key [classifier.0.weight].length : 1572864, cost time : 0m:0s:40ms
2024-11-15 18:49:42,575 - fed_utils - INFO - load key [classifier.0.bias].length : 384, cost time : 0m:0s:0ms
2024-11-15 18:49:42,577 - fed_utils - INFO - load key [classifier.2.weight].length : 73728, cost time : 0m:0s:2ms
2024-11-15 18:49:42,577 - fed_utils - INFO - load key [classifier.2.bias].length : 192, cost time : 0m:0s:0ms
2024-11-15 18:49:57,790 - fed_utils - INFO - encrypting key [classifier.4.weight].length : 1920, cost time : 0m:15s:212ms
2024-11-15 18:49:57,870 - fed_utils - INFO - encrypting key [classifier.4.bias].length : 10, cost time : 0m:0s:79ms
2024-11-15 18:49:57,870 - fl_main - INFO - Server receive client_dict[f_00001] info ...
2024-11-15 18:49:57,870 - fl_main - INFO - ----- client id [f_00002] -----
2024-11-15 18:49:57,879 - fed_utils - INFO - init global model cost time : 0m:0s:9ms
2024-11-15 18:49:57,882 - client_base - INFO - recover model cost time : 0m:0s:0ms
2024-11-15 18:49:57,882 - fl_main - INFO - client_dict[f_00002] training ...
2024-11-15 18:49:57,884 - client_base - INFO - client_dict[f_00002] training epoch : 0
2024-11-15 18:50:07,063 - client_base - INFO - local model train cost time : 0m:9s:179ms
2024-11-15 18:50:07,065 - client_base - INFO - model encode time : 0m:0s:1ms
2024-11-15 18:50:07,065 - fl_main - INFO - client_dict[f_00002] local model encrypting ...
2024-11-15 18:50:45,155 - fed_utils - INFO - encrypting key [features.0.weight].length : 4800, cost time : 0m:38s:89ms
2024-11-15 18:50:45,673 - fed_utils - INFO - encrypting key [features.0.bias].length : 64, cost time : 0m:0s:518ms
2024-11-15 18:50:45,676 - fed_utils - INFO - load key [features.4.weight].length : 102400, cost time : 0m:0s:2ms
2024-11-15 18:50:45,676 - fed_utils - INFO - load key [features.4.bias].length : 64, cost time : 0m:0s:0ms
2024-11-15 18:50:45,716 - fed_utils - INFO - load key [classifier.0.weight].length : 1572864, cost time : 0m:0s:39ms
2024-11-15 18:50:45,716 - fed_utils - INFO - load key [classifier.0.bias].length : 384, cost time : 0m:0s:0ms
2024-11-15 18:50:45,718 - fed_utils - INFO - load key [classifier.2.weight].length : 73728, cost time : 0m:0s:1ms
2024-11-15 18:50:45,718 - fed_utils - INFO - load key [classifier.2.bias].length : 192, cost time : 0m:0s:0ms
2024-11-15 18:51:00,943 - fed_utils - INFO - encrypting key [classifier.4.weight].length : 1920, cost time : 0m:15s:225ms
2024-11-15 18:51:01,023 - fed_utils - INFO - encrypting key [classifier.4.bias].length : 10, cost time : 0m:0s:79ms
2024-11-15 18:51:01,023 - fl_main - INFO - Server receive client_dict[f_00002] info ...
2024-11-15 18:51:01,023 - fl_main - INFO - ----- client id [f_00003] -----
2024-11-15 18:51:01,032 - fed_utils - INFO - init global model cost time : 0m:0s:9ms
2024-11-15 18:51:01,035 - client_base - INFO - recover model cost time : 0m:0s:0ms
2024-11-15 18:51:01,035 - fl_main - INFO - client_dict[f_00003] training ...
2024-11-15 18:51:01,037 - client_base - INFO - client_dict[f_00003] training epoch : 0
2024-11-15 18:51:10,222 - client_base - INFO - local model train cost time : 0m:9s:184ms
2024-11-15 18:51:10,223 - client_base - INFO - model encode time : 0m:0s:1ms
2024-11-15 18:51:10,224 - fl_main - INFO - client_dict[f_00003] local model encrypting ...
2024-11-15 18:51:48,331 - fed_utils - INFO - encrypting key [features.0.weight].length : 4800, cost time : 0m:38s:107ms
2024-11-15 18:51:48,848 - fed_utils - INFO - encrypting key [features.0.bias].length : 64, cost time : 0m:0s:517ms
2024-11-15 18:51:48,851 - fed_utils - INFO - load key [features.4.weight].length : 102400, cost time : 0m:0s:2ms
2024-11-15 18:51:48,851 - fed_utils - INFO - load key [features.4.bias].length : 64, cost time : 0m:0s:0ms
2024-11-15 18:51:48,890 - fed_utils - INFO - load key [classifier.0.weight].length : 1572864, cost time : 0m:0s:38ms
2024-11-15 18:51:48,890 - fed_utils - INFO - load key [classifier.0.bias].length : 384, cost time : 0m:0s:0ms
2024-11-15 18:51:48,892 - fed_utils - INFO - load key [classifier.2.weight].length : 73728, cost time : 0m:0s:1ms
2024-11-15 18:51:48,892 - fed_utils - INFO - load key [classifier.2.bias].length : 192, cost time : 0m:0s:0ms
2024-11-15 18:52:04,110 - fed_utils - INFO - encrypting key [classifier.4.weight].length : 1920, cost time : 0m:15s:218ms
2024-11-15 18:52:04,189 - fed_utils - INFO - encrypting key [classifier.4.bias].length : 10, cost time : 0m:0s:79ms
2024-11-15 18:52:04,189 - fl_main - INFO - Server receive client_dict[f_00003] info ...
2024-11-15 18:52:04,190 - fl_main - INFO - ----- client id [f_00004] -----
2024-11-15 18:52:04,199 - fed_utils - INFO - init global model cost time : 0m:0s:9ms
2024-11-15 18:52:04,201 - client_base - INFO - recover model cost time : 0m:0s:0ms
2024-11-15 18:52:06,644 - fl_main - INFO - global round [23] client_dict[f_00004].accuracy : 0.772900
2024-11-15 18:52:06,644 - fl_main - INFO - client_dict[f_00004] training ...
2024-11-15 18:52:06,644 - client_base - INFO - client_dict[f_00004] training epoch : 0
2024-11-15 18:52:15,762 - client_base - INFO - local model train cost time : 0m:9s:117ms
2024-11-15 18:52:15,764 - client_base - INFO - model encode time : 0m:0s:1ms
2024-11-15 18:52:15,764 - fl_main - INFO - client_dict[f_00004] local model encrypting ...
2024-11-15 18:52:53,841 - fed_utils - INFO - encrypting key [features.0.weight].length : 4800, cost time : 0m:38s:77ms
2024-11-15 18:52:54,354 - fed_utils - INFO - encrypting key [features.0.bias].length : 64, cost time : 0m:0s:512ms
2024-11-15 18:52:54,357 - fed_utils - INFO - load key [features.4.weight].length : 102400, cost time : 0m:0s:2ms
2024-11-15 18:52:54,357 - fed_utils - INFO - load key [features.4.bias].length : 64, cost time : 0m:0s:0ms
2024-11-15 18:52:54,396 - fed_utils - INFO - load key [classifier.0.weight].length : 1572864, cost time : 0m:0s:39ms
2024-11-15 18:52:54,396 - fed_utils - INFO - load key [classifier.0.bias].length : 384, cost time : 0m:0s:0ms
2024-11-15 18:52:54,398 - fed_utils - INFO - load key [classifier.2.weight].length : 73728, cost time : 0m:0s:1ms
2024-11-15 18:52:54,398 - fed_utils - INFO - load key [classifier.2.bias].length : 192, cost time : 0m:0s:0ms
2024-11-15 18:53:09,701 - fed_utils - INFO - encrypting key [classifier.4.weight].length : 1920, cost time : 0m:15s:302ms
2024-11-15 18:53:09,780 - fed_utils - INFO - encrypting key [classifier.4.bias].length : 10, cost time : 0m:0s:79ms
2024-11-15 18:53:09,780 - fl_main - INFO - Server receive client_dict[f_00004] info ...
2024-11-15 18:53:09,780 - fl_main - INFO - global aggregation process ...
2024-11-15 18:53:09,781 - fed_utils - INFO - server.n_data : 50000
2024-11-15 18:53:09,781 - fed_utils - INFO - client_dict[f_00000].weight : 0.200000
2024-11-15 18:53:09,781 - fed_utils - INFO - client_dict[f_00001].weight : 0.200000
2024-11-15 18:53:09,781 - fed_utils - INFO - client_dict[f_00002].weight : 0.200000
2024-11-15 18:53:09,781 - fed_utils - INFO - client_dict[f_00003].weight : 0.200000
2024-11-15 18:53:09,781 - fed_utils - INFO - client_dict[f_00004].weight : 0.200000
2024-11-15 18:53:09,781 - fed_utils - INFO - recover secret number by clients: 3157279.000000
2024-11-15 18:53:09,781 - server_base - INFO - Server aggregate model with homomorphic encryption ...
2024-11-15 18:53:20,375 - server_base - INFO - Server aggregate model done, cost time : 0m:10s:594ms
2024-11-15 18:53:31,380 - fed_utils - INFO - decrypting key [features.0.weight].shape [torch.Size([64, 3, 5, 5])]
2024-11-15 18:53:31,526 - fed_utils - INFO - decrypting key [features.0.bias].shape [torch.Size([64])]
2024-11-15 18:53:31,526 - fed_utils - INFO - decrypting key [features.4.weight].shape [torch.Size([64, 64, 5, 5])]
2024-11-15 18:53:31,526 - fed_utils - INFO - decrypting key [features.4.bias].shape [torch.Size([64])]
2024-11-15 18:53:31,533 - fed_utils - INFO - decrypting key [classifier.0.weight].shape [torch.Size([384, 4096])]
2024-11-15 18:53:31,533 - fed_utils - INFO - decrypting key [classifier.0.bias].shape [torch.Size([384])]
2024-11-15 18:53:31,534 - fed_utils - INFO - decrypting key [classifier.2.weight].shape [torch.Size([192, 384])]
2024-11-15 18:53:31,534 - fed_utils - INFO - decrypting key [classifier.2.bias].shape [torch.Size([192])]
2024-11-15 18:53:35,902 - fed_utils - INFO - decrypting key [classifier.4.weight].shape [torch.Size([10, 192])]
2024-11-15 18:53:35,925 - fed_utils - INFO - decrypting key [classifier.4.bias].shape [torch.Size([10])]
2024-11-15 18:53:35,925 - fed_utils - INFO - decrypt time : [0m:15s:549ms]
2024-11-15 18:53:35,992 - fl_main - INFO - [global round : 23] aggregated model accuracy : 0.7729
2024-11-15 18:53:35,992 - fl_main - INFO - [global round : 23] aggregated model loss : 0.319411269281732
2024-11-15 18:53:35,993 - fl_main - INFO - global round : 24
2024-11-15 18:53:35,993 - fl_main - INFO - the random client id to test accuracy : f_00002
2024-11-15 18:53:35,994 - fl_main - INFO - ----- client id [f_00000] -----
2024-11-15 18:53:36,005 - fed_utils - INFO - init global model cost time : 0m:0s:11ms
2024-11-15 18:53:36,007 - client_base - INFO - recover model cost time : 0m:0s:0ms
2024-11-15 18:53:36,008 - fl_main - INFO - client_dict[f_00000] training ...
2024-11-15 18:53:36,015 - client_base - INFO - client_dict[f_00000] training epoch : 0
2024-11-15 18:53:45,208 - client_base - INFO - local model train cost time : 0m:9s:193ms
2024-11-15 18:53:45,210 - client_base - INFO - model encode time : 0m:0s:1ms
2024-11-15 18:53:45,210 - fl_main - INFO - client_dict[f_00000] local model encrypting ...
2024-11-15 18:54:23,331 - fed_utils - INFO - encrypting key [features.0.weight].length : 4800, cost time : 0m:38s:121ms
2024-11-15 18:54:23,849 - fed_utils - INFO - encrypting key [features.0.bias].length : 64, cost time : 0m:0s:517ms
2024-11-15 18:54:23,851 - fed_utils - INFO - load key [features.4.weight].length : 102400, cost time : 0m:0s:1ms
2024-11-15 18:54:23,851 - fed_utils - INFO - load key [features.4.bias].length : 64, cost time : 0m:0s:0ms
2024-11-15 18:54:23,883 - fed_utils - INFO - load key [classifier.0.weight].length : 1572864, cost time : 0m:0s:32ms
2024-11-15 18:54:23,884 - fed_utils - INFO - load key [classifier.0.bias].length : 384, cost time : 0m:0s:0ms
2024-11-15 18:54:23,886 - fed_utils - INFO - load key [classifier.2.weight].length : 73728, cost time : 0m:0s:1ms
2024-11-15 18:54:23,886 - fed_utils - INFO - load key [classifier.2.bias].length : 192, cost time : 0m:0s:0ms
2024-11-15 18:54:39,099 - fed_utils - INFO - encrypting key [classifier.4.weight].length : 1920, cost time : 0m:15s:213ms
2024-11-15 18:54:39,179 - fed_utils - INFO - encrypting key [classifier.4.bias].length : 10, cost time : 0m:0s:79ms
2024-11-15 18:54:39,204 - fl_main - INFO - Server receive client_dict[f_00000] info ...
2024-11-15 18:54:39,204 - fl_main - INFO - ----- client id [f_00001] -----
2024-11-15 18:54:39,214 - fed_utils - INFO - init global model cost time : 0m:0s:9ms
2024-11-15 18:54:39,216 - client_base - INFO - recover model cost time : 0m:0s:0ms
2024-11-15 18:54:39,216 - fl_main - INFO - client_dict[f_00001] training ...
2024-11-15 18:54:39,218 - client_base - INFO - client_dict[f_00001] training epoch : 0
2024-11-15 18:54:48,378 - client_base - INFO - local model train cost time : 0m:9s:160ms
2024-11-15 18:54:48,380 - client_base - INFO - model encode time : 0m:0s:1ms
2024-11-15 18:54:48,380 - fl_main - INFO - client_dict[f_00001] local model encrypting ...
2024-11-15 18:55:26,438 - fed_utils - INFO - encrypting key [features.0.weight].length : 4800, cost time : 0m:38s:57ms
2024-11-15 18:55:26,958 - fed_utils - INFO - encrypting key [features.0.bias].length : 64, cost time : 0m:0s:519ms
2024-11-15 18:55:26,960 - fed_utils - INFO - load key [features.4.weight].length : 102400, cost time : 0m:0s:2ms
2024-11-15 18:55:26,960 - fed_utils - INFO - load key [features.4.bias].length : 64, cost time : 0m:0s:0ms
2024-11-15 18:55:27,001 - fed_utils - INFO - load key [classifier.0.weight].length : 1572864, cost time : 0m:0s:40ms
2024-11-15 18:55:27,001 - fed_utils - INFO - load key [classifier.0.bias].length : 384, cost time : 0m:0s:0ms
2024-11-15 18:55:27,003 - fed_utils - INFO - load key [classifier.2.weight].length : 73728, cost time : 0m:0s:2ms
2024-11-15 18:55:27,003 - fed_utils - INFO - load key [classifier.2.bias].length : 192, cost time : 0m:0s:0ms
2024-11-15 18:55:42,220 - fed_utils - INFO - encrypting key [classifier.4.weight].length : 1920, cost time : 0m:15s:216ms
2024-11-15 18:55:42,299 - fed_utils - INFO - encrypting key [classifier.4.bias].length : 10, cost time : 0m:0s:79ms
2024-11-15 18:55:42,299 - fl_main - INFO - Server receive client_dict[f_00001] info ...
2024-11-15 18:55:42,299 - fl_main - INFO - ----- client id [f_00002] -----
2024-11-15 18:55:42,309 - fed_utils - INFO - init global model cost time : 0m:0s:9ms
2024-11-15 18:55:42,311 - client_base - INFO - recover model cost time : 0m:0s:0ms
2024-11-15 18:55:44,748 - fl_main - INFO - global round [24] client_dict[f_00002].accuracy : 0.775500
2024-11-15 18:55:44,748 - fl_main - INFO - client_dict[f_00002] training ...
2024-11-15 18:55:44,749 - client_base - INFO - client_dict[f_00002] training epoch : 0
2024-11-15 18:55:53,878 - client_base - INFO - local model train cost time : 0m:9s:129ms
2024-11-15 18:55:53,880 - client_base - INFO - model encode time : 0m:0s:1ms
2024-11-15 18:55:53,880 - fl_main - INFO - client_dict[f_00002] local model encrypting ...
2024-11-15 18:56:31,915 - fed_utils - INFO - encrypting key [features.0.weight].length : 4800, cost time : 0m:38s:35ms
2024-11-15 18:56:32,433 - fed_utils - INFO - encrypting key [features.0.bias].length : 64, cost time : 0m:0s:517ms
2024-11-15 18:56:32,436 - fed_utils - INFO - load key [features.4.weight].length : 102400, cost time : 0m:0s:2ms
2024-11-15 18:56:32,436 - fed_utils - INFO - load key [features.4.bias].length : 64, cost time : 0m:0s:0ms
2024-11-15 18:56:32,476 - fed_utils - INFO - load key [classifier.0.weight].length : 1572864, cost time : 0m:0s:39ms
2024-11-15 18:56:32,476 - fed_utils - INFO - load key [classifier.0.bias].length : 384, cost time : 0m:0s:0ms
2024-11-15 18:56:32,478 - fed_utils - INFO - load key [classifier.2.weight].length : 73728, cost time : 0m:0s:1ms
2024-11-15 18:56:32,478 - fed_utils - INFO - load key [classifier.2.bias].length : 192, cost time : 0m:0s:0ms
2024-11-15 18:56:47,703 - fed_utils - INFO - encrypting key [classifier.4.weight].length : 1920, cost time : 0m:15s:224ms
2024-11-15 18:56:47,782 - fed_utils - INFO - encrypting key [classifier.4.bias].length : 10, cost time : 0m:0s:79ms
2024-11-15 18:56:47,782 - fl_main - INFO - Server receive client_dict[f_00002] info ...
2024-11-15 18:56:47,783 - fl_main - INFO - ----- client id [f_00003] -----
2024-11-15 18:56:47,794 - fed_utils - INFO - init global model cost time : 0m:0s:11ms
2024-11-15 18:56:47,796 - client_base - INFO - recover model cost time : 0m:0s:0ms
2024-11-15 18:56:47,797 - fl_main - INFO - client_dict[f_00003] training ...
2024-11-15 18:56:47,799 - client_base - INFO - client_dict[f_00003] training epoch : 0
2024-11-15 18:56:57,039 - client_base - INFO - local model train cost time : 0m:9s:240ms
2024-11-15 18:56:57,041 - client_base - INFO - model encode time : 0m:0s:1ms
2024-11-15 18:56:57,041 - fl_main - INFO - client_dict[f_00003] local model encrypting ...
2024-11-15 18:57:35,082 - fed_utils - INFO - encrypting key [features.0.weight].length : 4800, cost time : 0m:38s:40ms
2024-11-15 18:57:35,600 - fed_utils - INFO - encrypting key [features.0.bias].length : 64, cost time : 0m:0s:518ms
2024-11-15 18:57:35,603 - fed_utils - INFO - load key [features.4.weight].length : 102400, cost time : 0m:0s:2ms
2024-11-15 18:57:35,603 - fed_utils - INFO - load key [features.4.bias].length : 64, cost time : 0m:0s:0ms
2024-11-15 18:57:35,643 - fed_utils - INFO - load key [classifier.0.weight].length : 1572864, cost time : 0m:0s:40ms
2024-11-15 18:57:35,643 - fed_utils - INFO - load key [classifier.0.bias].length : 384, cost time : 0m:0s:0ms
2024-11-15 18:57:35,645 - fed_utils - INFO - load key [classifier.2.weight].length : 73728, cost time : 0m:0s:1ms
2024-11-15 18:57:35,645 - fed_utils - INFO - load key [classifier.2.bias].length : 192, cost time : 0m:0s:0ms
2024-11-15 18:57:50,875 - fed_utils - INFO - encrypting key [classifier.4.weight].length : 1920, cost time : 0m:15s:229ms
2024-11-15 18:57:50,955 - fed_utils - INFO - encrypting key [classifier.4.bias].length : 10, cost time : 0m:0s:79ms
2024-11-15 18:57:50,955 - fl_main - INFO - Server receive client_dict[f_00003] info ...
2024-11-15 18:57:50,955 - fl_main - INFO - ----- client id [f_00004] -----
2024-11-15 18:57:50,964 - fed_utils - INFO - init global model cost time : 0m:0s:9ms
2024-11-15 18:57:50,967 - client_base - INFO - recover model cost time : 0m:0s:0ms
2024-11-15 18:57:50,967 - fl_main - INFO - client_dict[f_00004] training ...
2024-11-15 18:57:50,969 - client_base - INFO - client_dict[f_00004] training epoch : 0
2024-11-15 18:58:00,150 - client_base - INFO - local model train cost time : 0m:9s:181ms
2024-11-15 18:58:00,152 - client_base - INFO - model encode time : 0m:0s:1ms
2024-11-15 18:58:00,152 - fl_main - INFO - client_dict[f_00004] local model encrypting ...
2024-11-15 18:58:38,204 - fed_utils - INFO - encrypting key [features.0.weight].length : 4800, cost time : 0m:38s:52ms
2024-11-15 18:58:38,722 - fed_utils - INFO - encrypting key [features.0.bias].length : 64, cost time : 0m:0s:518ms
2024-11-15 18:58:38,725 - fed_utils - INFO - load key [features.4.weight].length : 102400, cost time : 0m:0s:2ms
2024-11-15 18:58:38,725 - fed_utils - INFO - load key [features.4.bias].length : 64, cost time : 0m:0s:0ms
2024-11-15 18:58:38,764 - fed_utils - INFO - load key [classifier.0.weight].length : 1572864, cost time : 0m:0s:38ms
2024-11-15 18:58:38,764 - fed_utils - INFO - load key [classifier.0.bias].length : 384, cost time : 0m:0s:0ms
2024-11-15 18:58:38,766 - fed_utils - INFO - load key [classifier.2.weight].length : 73728, cost time : 0m:0s:1ms
2024-11-15 18:58:38,766 - fed_utils - INFO - load key [classifier.2.bias].length : 192, cost time : 0m:0s:0ms
2024-11-15 18:58:53,981 - fed_utils - INFO - encrypting key [classifier.4.weight].length : 1920, cost time : 0m:15s:214ms
2024-11-15 18:58:54,063 - fed_utils - INFO - encrypting key [classifier.4.bias].length : 10, cost time : 0m:0s:81ms
2024-11-15 18:58:54,063 - fl_main - INFO - Server receive client_dict[f_00004] info ...
2024-11-15 18:58:54,063 - fl_main - INFO - global aggregation process ...
2024-11-15 18:58:54,063 - fed_utils - INFO - server.n_data : 50000
2024-11-15 18:58:54,063 - fed_utils - INFO - client_dict[f_00000].weight : 0.200000
2024-11-15 18:58:54,063 - fed_utils - INFO - client_dict[f_00001].weight : 0.200000
2024-11-15 18:58:54,063 - fed_utils - INFO - client_dict[f_00002].weight : 0.200000
2024-11-15 18:58:54,063 - fed_utils - INFO - client_dict[f_00003].weight : 0.200000
2024-11-15 18:58:54,064 - fed_utils - INFO - client_dict[f_00004].weight : 0.200000
2024-11-15 18:58:54,064 - fed_utils - INFO - recover secret number by clients: 3157279.000000
2024-11-15 18:58:54,064 - server_base - INFO - Server aggregate model with homomorphic encryption ...
2024-11-15 18:59:04,651 - server_base - INFO - Server aggregate model done, cost time : 0m:10s:586ms
2024-11-15 18:59:15,581 - fed_utils - INFO - decrypting key [features.0.weight].shape [torch.Size([64, 3, 5, 5])]
2024-11-15 18:59:15,726 - fed_utils - INFO - decrypting key [features.0.bias].shape [torch.Size([64])]
2024-11-15 18:59:15,727 - fed_utils - INFO - decrypting key [features.4.weight].shape [torch.Size([64, 64, 5, 5])]
2024-11-15 18:59:15,727 - fed_utils - INFO - decrypting key [features.4.bias].shape [torch.Size([64])]
2024-11-15 18:59:15,736 - fed_utils - INFO - decrypting key [classifier.0.weight].shape [torch.Size([384, 4096])]
2024-11-15 18:59:15,736 - fed_utils - INFO - decrypting key [classifier.0.bias].shape [torch.Size([384])]
2024-11-15 18:59:15,737 - fed_utils - INFO - decrypting key [classifier.2.weight].shape [torch.Size([192, 384])]
2024-11-15 18:59:15,737 - fed_utils - INFO - decrypting key [classifier.2.bias].shape [torch.Size([192])]
2024-11-15 18:59:20,107 - fed_utils - INFO - decrypting key [classifier.4.weight].shape [torch.Size([10, 192])]
2024-11-15 18:59:20,130 - fed_utils - INFO - decrypting key [classifier.4.bias].shape [torch.Size([10])]
2024-11-15 18:59:20,130 - fed_utils - INFO - decrypt time : [0m:15s:479ms]
2024-11-15 18:59:20,198 - fl_main - INFO - [global round : 24] aggregated model accuracy : 0.7755000000000001
2024-11-15 18:59:20,198 - fl_main - INFO - [global round : 24] aggregated model loss : 0.3435304673577471
2024-11-15 18:59:20,199 - fl_main - INFO - global round : 25
2024-11-15 18:59:20,199 - fl_main - INFO - the random client id to test accuracy : f_00002
2024-11-15 18:59:20,199 - fl_main - INFO - ----- client id [f_00000] -----
2024-11-15 18:59:20,209 - fed_utils - INFO - init global model cost time : 0m:0s:9ms
2024-11-15 18:59:20,211 - client_base - INFO - recover model cost time : 0m:0s:0ms
2024-11-15 18:59:20,211 - fl_main - INFO - client_dict[f_00000] training ...
2024-11-15 18:59:20,218 - client_base - INFO - client_dict[f_00000] training epoch : 0
2024-11-15 18:59:29,363 - client_base - INFO - local model train cost time : 0m:9s:144ms
2024-11-15 18:59:29,364 - client_base - INFO - model encode time : 0m:0s:1ms
2024-11-15 18:59:29,365 - fl_main - INFO - client_dict[f_00000] local model encrypting ...
2024-11-15 19:00:07,400 - fed_utils - INFO - encrypting key [features.0.weight].length : 4800, cost time : 0m:38s:35ms
2024-11-15 19:00:07,917 - fed_utils - INFO - encrypting key [features.0.bias].length : 64, cost time : 0m:0s:517ms
2024-11-15 19:00:07,919 - fed_utils - INFO - load key [features.4.weight].length : 102400, cost time : 0m:0s:1ms
2024-11-15 19:00:07,919 - fed_utils - INFO - load key [features.4.bias].length : 64, cost time : 0m:0s:0ms
2024-11-15 19:00:07,952 - fed_utils - INFO - load key [classifier.0.weight].length : 1572864, cost time : 0m:0s:32ms
2024-11-15 19:00:07,952 - fed_utils - INFO - load key [classifier.0.bias].length : 384, cost time : 0m:0s:0ms
2024-11-15 19:00:07,954 - fed_utils - INFO - load key [classifier.2.weight].length : 73728, cost time : 0m:0s:1ms
2024-11-15 19:00:07,954 - fed_utils - INFO - load key [classifier.2.bias].length : 192, cost time : 0m:0s:0ms
2024-11-15 19:00:23,166 - fed_utils - INFO - encrypting key [classifier.4.weight].length : 1920, cost time : 0m:15s:211ms
2024-11-15 19:00:23,245 - fed_utils - INFO - encrypting key [classifier.4.bias].length : 10, cost time : 0m:0s:79ms
2024-11-15 19:00:23,270 - fl_main - INFO - Server receive client_dict[f_00000] info ...
2024-11-15 19:00:23,270 - fl_main - INFO - ----- client id [f_00001] -----
2024-11-15 19:00:23,280 - fed_utils - INFO - init global model cost time : 0m:0s:9ms
2024-11-15 19:00:23,281 - client_base - INFO - recover model cost time : 0m:0s:0ms
2024-11-15 19:00:23,281 - fl_main - INFO - client_dict[f_00001] training ...
2024-11-15 19:00:23,283 - client_base - INFO - client_dict[f_00001] training epoch : 0
2024-11-15 19:00:32,398 - client_base - INFO - local model train cost time : 0m:9s:115ms
2024-11-15 19:00:32,400 - client_base - INFO - model encode time : 0m:0s:1ms
2024-11-15 19:00:32,400 - fl_main - INFO - client_dict[f_00001] local model encrypting ...
2024-11-15 19:01:10,404 - fed_utils - INFO - encrypting key [features.0.weight].length : 4800, cost time : 0m:38s:4ms
2024-11-15 19:01:10,922 - fed_utils - INFO - encrypting key [features.0.bias].length : 64, cost time : 0m:0s:517ms
2024-11-15 19:01:10,925 - fed_utils - INFO - load key [features.4.weight].length : 102400, cost time : 0m:0s:2ms
2024-11-15 19:01:10,925 - fed_utils - INFO - load key [features.4.bias].length : 64, cost time : 0m:0s:0ms
2024-11-15 19:01:10,965 - fed_utils - INFO - load key [classifier.0.weight].length : 1572864, cost time : 0m:0s:40ms
2024-11-15 19:01:10,965 - fed_utils - INFO - load key [classifier.0.bias].length : 384, cost time : 0m:0s:0ms
2024-11-15 19:01:10,968 - fed_utils - INFO - load key [classifier.2.weight].length : 73728, cost time : 0m:0s:2ms
2024-11-15 19:01:10,968 - fed_utils - INFO - load key [classifier.2.bias].length : 192, cost time : 0m:0s:0ms
2024-11-15 19:01:26,179 - fed_utils - INFO - encrypting key [classifier.4.weight].length : 1920, cost time : 0m:15s:211ms
2024-11-15 19:01:26,258 - fed_utils - INFO - encrypting key [classifier.4.bias].length : 10, cost time : 0m:0s:79ms
2024-11-15 19:01:26,258 - fl_main - INFO - Server receive client_dict[f_00001] info ...
2024-11-15 19:01:26,259 - fl_main - INFO - ----- client id [f_00002] -----
2024-11-15 19:01:26,268 - fed_utils - INFO - init global model cost time : 0m:0s:9ms
2024-11-15 19:01:26,270 - client_base - INFO - recover model cost time : 0m:0s:0ms
2024-11-15 19:01:28,725 - fl_main - INFO - global round [25] client_dict[f_00002].accuracy : 0.771600
2024-11-15 19:01:28,725 - fl_main - INFO - client_dict[f_00002] training ...
2024-11-15 19:01:28,725 - client_base - INFO - client_dict[f_00002] training epoch : 0
2024-11-15 19:01:37,849 - client_base - INFO - local model train cost time : 0m:9s:123ms
2024-11-15 19:01:37,851 - client_base - INFO - model encode time : 0m:0s:1ms
2024-11-15 19:01:37,851 - fl_main - INFO - client_dict[f_00002] local model encrypting ...
2024-11-15 19:02:15,869 - fed_utils - INFO - encrypting key [features.0.weight].length : 4800, cost time : 0m:38s:18ms
2024-11-15 19:02:16,387 - fed_utils - INFO - encrypting key [features.0.bias].length : 64, cost time : 0m:0s:517ms
2024-11-15 19:02:16,390 - fed_utils - INFO - load key [features.4.weight].length : 102400, cost time : 0m:0s:2ms
2024-11-15 19:02:16,390 - fed_utils - INFO - load key [features.4.bias].length : 64, cost time : 0m:0s:0ms
2024-11-15 19:02:16,430 - fed_utils - INFO - load key [classifier.0.weight].length : 1572864, cost time : 0m:0s:39ms
2024-11-15 19:02:16,430 - fed_utils - INFO - load key [classifier.0.bias].length : 384, cost time : 0m:0s:0ms
2024-11-15 19:02:16,432 - fed_utils - INFO - load key [classifier.2.weight].length : 73728, cost time : 0m:0s:1ms
2024-11-15 19:02:16,432 - fed_utils - INFO - load key [classifier.2.bias].length : 192, cost time : 0m:0s:0ms
2024-11-15 19:02:31,696 - fed_utils - INFO - encrypting key [classifier.4.weight].length : 1920, cost time : 0m:15s:264ms
2024-11-15 19:02:31,776 - fed_utils - INFO - encrypting key [classifier.4.bias].length : 10, cost time : 0m:0s:79ms
2024-11-15 19:02:31,776 - fl_main - INFO - Server receive client_dict[f_00002] info ...
2024-11-15 19:02:31,776 - fl_main - INFO - ----- client id [f_00003] -----
2024-11-15 19:02:31,785 - fed_utils - INFO - init global model cost time : 0m:0s:9ms
2024-11-15 19:02:31,787 - client_base - INFO - recover model cost time : 0m:0s:0ms
2024-11-15 19:02:31,787 - fl_main - INFO - client_dict[f_00003] training ...
2024-11-15 19:02:31,789 - client_base - INFO - client_dict[f_00003] training epoch : 0
2024-11-15 19:02:40,954 - client_base - INFO - local model train cost time : 0m:9s:165ms
2024-11-15 19:02:40,956 - client_base - INFO - model encode time : 0m:0s:1ms
2024-11-15 19:02:40,956 - fl_main - INFO - client_dict[f_00003] local model encrypting ...
2024-11-15 19:03:19,050 - fed_utils - INFO - encrypting key [features.0.weight].length : 4800, cost time : 0m:38s:94ms
2024-11-15 19:03:19,572 - fed_utils - INFO - encrypting key [features.0.bias].length : 64, cost time : 0m:0s:521ms
2024-11-15 19:03:19,574 - fed_utils - INFO - load key [features.4.weight].length : 102400, cost time : 0m:0s:2ms
2024-11-15 19:03:19,575 - fed_utils - INFO - load key [features.4.bias].length : 64, cost time : 0m:0s:0ms
2024-11-15 19:03:19,614 - fed_utils - INFO - load key [classifier.0.weight].length : 1572864, cost time : 0m:0s:39ms
2024-11-15 19:03:19,614 - fed_utils - INFO - load key [classifier.0.bias].length : 384, cost time : 0m:0s:0ms
2024-11-15 19:03:19,616 - fed_utils - INFO - load key [classifier.2.weight].length : 73728, cost time : 0m:0s:1ms
2024-11-15 19:03:19,616 - fed_utils - INFO - load key [classifier.2.bias].length : 192, cost time : 0m:0s:0ms
2024-11-15 19:03:34,877 - fed_utils - INFO - encrypting key [classifier.4.weight].length : 1920, cost time : 0m:15s:260ms
2024-11-15 19:03:34,957 - fed_utils - INFO - encrypting key [classifier.4.bias].length : 10, cost time : 0m:0s:79ms
2024-11-15 19:03:34,957 - fl_main - INFO - Server receive client_dict[f_00003] info ...
2024-11-15 19:03:34,957 - fl_main - INFO - ----- client id [f_00004] -----
2024-11-15 19:03:34,966 - fed_utils - INFO - init global model cost time : 0m:0s:9ms
2024-11-15 19:03:34,968 - client_base - INFO - recover model cost time : 0m:0s:0ms
2024-11-15 19:03:34,969 - fl_main - INFO - client_dict[f_00004] training ...
2024-11-15 19:03:34,971 - client_base - INFO - client_dict[f_00004] training epoch : 0
2024-11-15 19:03:44,149 - client_base - INFO - local model train cost time : 0m:9s:178ms
2024-11-15 19:03:44,151 - client_base - INFO - model encode time : 0m:0s:1ms
2024-11-15 19:03:44,151 - fl_main - INFO - client_dict[f_00004] local model encrypting ...
2024-11-15 19:04:22,177 - fed_utils - INFO - encrypting key [features.0.weight].length : 4800, cost time : 0m:38s:26ms
2024-11-15 19:04:22,697 - fed_utils - INFO - encrypting key [features.0.bias].length : 64, cost time : 0m:0s:519ms
2024-11-15 19:04:22,700 - fed_utils - INFO - load key [features.4.weight].length : 102400, cost time : 0m:0s:2ms
2024-11-15 19:04:22,700 - fed_utils - INFO - load key [features.4.bias].length : 64, cost time : 0m:0s:0ms
2024-11-15 19:04:22,740 - fed_utils - INFO - load key [classifier.0.weight].length : 1572864, cost time : 0m:0s:39ms
2024-11-15 19:04:22,740 - fed_utils - INFO - load key [classifier.0.bias].length : 384, cost time : 0m:0s:0ms
2024-11-15 19:04:22,742 - fed_utils - INFO - load key [classifier.2.weight].length : 73728, cost time : 0m:0s:1ms
2024-11-15 19:04:22,742 - fed_utils - INFO - load key [classifier.2.bias].length : 192, cost time : 0m:0s:0ms
2024-11-15 19:04:37,968 - fed_utils - INFO - encrypting key [classifier.4.weight].length : 1920, cost time : 0m:15s:225ms
2024-11-15 19:04:38,047 - fed_utils - INFO - encrypting key [classifier.4.bias].length : 10, cost time : 0m:0s:79ms
2024-11-15 19:04:38,047 - fl_main - INFO - Server receive client_dict[f_00004] info ...
2024-11-15 19:04:38,047 - fl_main - INFO - global aggregation process ...
2024-11-15 19:04:38,048 - fed_utils - INFO - server.n_data : 50000
2024-11-15 19:04:38,048 - fed_utils - INFO - client_dict[f_00000].weight : 0.200000
2024-11-15 19:04:38,048 - fed_utils - INFO - client_dict[f_00001].weight : 0.200000
2024-11-15 19:04:38,048 - fed_utils - INFO - client_dict[f_00002].weight : 0.200000
2024-11-15 19:04:38,048 - fed_utils - INFO - client_dict[f_00003].weight : 0.200000
2024-11-15 19:04:38,048 - fed_utils - INFO - client_dict[f_00004].weight : 0.200000
2024-11-15 19:04:38,048 - fed_utils - INFO - recover secret number by clients: 3157279.000000
2024-11-15 19:04:38,048 - server_base - INFO - Server aggregate model with homomorphic encryption ...
2024-11-15 19:04:48,648 - server_base - INFO - Server aggregate model done, cost time : 0m:10s:600ms
2024-11-15 19:04:59,570 - fed_utils - INFO - decrypting key [features.0.weight].shape [torch.Size([64, 3, 5, 5])]
2024-11-15 19:04:59,716 - fed_utils - INFO - decrypting key [features.0.bias].shape [torch.Size([64])]
2024-11-15 19:04:59,716 - fed_utils - INFO - decrypting key [features.4.weight].shape [torch.Size([64, 64, 5, 5])]
2024-11-15 19:04:59,717 - fed_utils - INFO - decrypting key [features.4.bias].shape [torch.Size([64])]
2024-11-15 19:04:59,723 - fed_utils - INFO - decrypting key [classifier.0.weight].shape [torch.Size([384, 4096])]
2024-11-15 19:04:59,723 - fed_utils - INFO - decrypting key [classifier.0.bias].shape [torch.Size([384])]
2024-11-15 19:04:59,724 - fed_utils - INFO - decrypting key [classifier.2.weight].shape [torch.Size([192, 384])]
2024-11-15 19:04:59,724 - fed_utils - INFO - decrypting key [classifier.2.bias].shape [torch.Size([192])]
2024-11-15 19:05:04,092 - fed_utils - INFO - decrypting key [classifier.4.weight].shape [torch.Size([10, 192])]
2024-11-15 19:05:04,115 - fed_utils - INFO - decrypting key [classifier.4.bias].shape [torch.Size([10])]
2024-11-15 19:05:04,115 - fed_utils - INFO - decrypt time : [0m:15s:466ms]
2024-11-15 19:05:04,184 - fl_main - INFO - [global round : 25] aggregated model accuracy : 0.7716000000000001
2024-11-15 19:05:04,184 - fl_main - INFO - [global round : 25] aggregated model loss : 0.44604916328290484
2024-11-15 19:05:04,184 - fl_main - INFO - global round : 26
2024-11-15 19:05:04,185 - fl_main - INFO - the random client id to test accuracy : f_00003
2024-11-15 19:05:04,185 - fl_main - INFO - ----- client id [f_00000] -----
2024-11-15 19:05:04,197 - fed_utils - INFO - init global model cost time : 0m:0s:11ms
2024-11-15 19:05:04,199 - client_base - INFO - recover model cost time : 0m:0s:0ms
2024-11-15 19:05:04,199 - fl_main - INFO - client_dict[f_00000] training ...
2024-11-15 19:05:04,206 - client_base - INFO - client_dict[f_00000] training epoch : 0
2024-11-15 19:05:13,382 - client_base - INFO - local model train cost time : 0m:9s:175ms
2024-11-15 19:05:13,384 - client_base - INFO - model encode time : 0m:0s:1ms
2024-11-15 19:05:13,384 - fl_main - INFO - client_dict[f_00000] local model encrypting ...
2024-11-15 19:05:51,494 - fed_utils - INFO - encrypting key [features.0.weight].length : 4800, cost time : 0m:38s:110ms
2024-11-15 19:05:52,013 - fed_utils - INFO - encrypting key [features.0.bias].length : 64, cost time : 0m:0s:518ms
2024-11-15 19:05:52,016 - fed_utils - INFO - load key [features.4.weight].length : 102400, cost time : 0m:0s:1ms
2024-11-15 19:05:52,016 - fed_utils - INFO - load key [features.4.bias].length : 64, cost time : 0m:0s:0ms
2024-11-15 19:05:52,048 - fed_utils - INFO - load key [classifier.0.weight].length : 1572864, cost time : 0m:0s:31ms
2024-11-15 19:05:52,048 - fed_utils - INFO - load key [classifier.0.bias].length : 384, cost time : 0m:0s:0ms
2024-11-15 19:05:52,050 - fed_utils - INFO - load key [classifier.2.weight].length : 73728, cost time : 0m:0s:2ms
2024-11-15 19:05:52,050 - fed_utils - INFO - load key [classifier.2.bias].length : 192, cost time : 0m:0s:0ms
2024-11-15 19:06:07,262 - fed_utils - INFO - encrypting key [classifier.4.weight].length : 1920, cost time : 0m:15s:211ms
2024-11-15 19:06:07,341 - fed_utils - INFO - encrypting key [classifier.4.bias].length : 10, cost time : 0m:0s:79ms
2024-11-15 19:06:07,366 - fl_main - INFO - Server receive client_dict[f_00000] info ...
2024-11-15 19:06:07,366 - fl_main - INFO - ----- client id [f_00001] -----
2024-11-15 19:06:07,376 - fed_utils - INFO - init global model cost time : 0m:0s:9ms
2024-11-15 19:06:07,378 - client_base - INFO - recover model cost time : 0m:0s:0ms
2024-11-15 19:06:07,379 - fl_main - INFO - client_dict[f_00001] training ...
2024-11-15 19:06:07,380 - client_base - INFO - client_dict[f_00001] training epoch : 0
2024-11-15 19:06:16,537 - client_base - INFO - local model train cost time : 0m:9s:156ms
2024-11-15 19:06:16,539 - client_base - INFO - model encode time : 0m:0s:1ms
2024-11-15 19:06:16,539 - fl_main - INFO - client_dict[f_00001] local model encrypting ...
2024-11-15 19:06:54,622 - fed_utils - INFO - encrypting key [features.0.weight].length : 4800, cost time : 0m:38s:82ms
2024-11-15 19:06:55,144 - fed_utils - INFO - encrypting key [features.0.bias].length : 64, cost time : 0m:0s:522ms
2024-11-15 19:06:55,147 - fed_utils - INFO - load key [features.4.weight].length : 102400, cost time : 0m:0s:2ms
2024-11-15 19:06:55,147 - fed_utils - INFO - load key [features.4.bias].length : 64, cost time : 0m:0s:0ms
2024-11-15 19:06:55,187 - fed_utils - INFO - load key [classifier.0.weight].length : 1572864, cost time : 0m:0s:40ms
2024-11-15 19:06:55,187 - fed_utils - INFO - load key [classifier.0.bias].length : 384, cost time : 0m:0s:0ms
2024-11-15 19:06:55,189 - fed_utils - INFO - load key [classifier.2.weight].length : 73728, cost time : 0m:0s:1ms
2024-11-15 19:06:55,189 - fed_utils - INFO - load key [classifier.2.bias].length : 192, cost time : 0m:0s:0ms
2024-11-15 19:07:10,401 - fed_utils - INFO - encrypting key [classifier.4.weight].length : 1920, cost time : 0m:15s:211ms
2024-11-15 19:07:10,481 - fed_utils - INFO - encrypting key [classifier.4.bias].length : 10, cost time : 0m:0s:79ms
2024-11-15 19:07:10,481 - fl_main - INFO - Server receive client_dict[f_00001] info ...
2024-11-15 19:07:10,481 - fl_main - INFO - ----- client id [f_00002] -----
2024-11-15 19:07:10,490 - fed_utils - INFO - init global model cost time : 0m:0s:9ms
2024-11-15 19:07:10,493 - client_base - INFO - recover model cost time : 0m:0s:0ms
2024-11-15 19:07:10,493 - fl_main - INFO - client_dict[f_00002] training ...
2024-11-15 19:07:10,495 - client_base - INFO - client_dict[f_00002] training epoch : 0
2024-11-15 19:07:19,640 - client_base - INFO - local model train cost time : 0m:9s:145ms
2024-11-15 19:07:19,642 - client_base - INFO - model encode time : 0m:0s:1ms
2024-11-15 19:07:19,642 - fl_main - INFO - client_dict[f_00002] local model encrypting ...
2024-11-15 19:07:57,642 - fed_utils - INFO - encrypting key [features.0.weight].length : 4800, cost time : 0m:37s:999ms
2024-11-15 19:07:58,160 - fed_utils - INFO - encrypting key [features.0.bias].length : 64, cost time : 0m:0s:518ms
2024-11-15 19:07:58,163 - fed_utils - INFO - load key [features.4.weight].length : 102400, cost time : 0m:0s:2ms
2024-11-15 19:07:58,163 - fed_utils - INFO - load key [features.4.bias].length : 64, cost time : 0m:0s:0ms
2024-11-15 19:07:58,203 - fed_utils - INFO - load key [classifier.0.weight].length : 1572864, cost time : 0m:0s:39ms
2024-11-15 19:07:58,203 - fed_utils - INFO - load key [classifier.0.bias].length : 384, cost time : 0m:0s:0ms
2024-11-15 19:07:58,205 - fed_utils - INFO - load key [classifier.2.weight].length : 73728, cost time : 0m:0s:1ms
2024-11-15 19:07:58,205 - fed_utils - INFO - load key [classifier.2.bias].length : 192, cost time : 0m:0s:0ms
2024-11-15 19:08:13,475 - fed_utils - INFO - encrypting key [classifier.4.weight].length : 1920, cost time : 0m:15s:269ms
2024-11-15 19:08:13,554 - fed_utils - INFO - encrypting key [classifier.4.bias].length : 10, cost time : 0m:0s:79ms
2024-11-15 19:08:13,554 - fl_main - INFO - Server receive client_dict[f_00002] info ...
2024-11-15 19:08:13,554 - fl_main - INFO - ----- client id [f_00003] -----
2024-11-15 19:08:13,564 - fed_utils - INFO - init global model cost time : 0m:0s:9ms
2024-11-15 19:08:13,566 - client_base - INFO - recover model cost time : 0m:0s:0ms
2024-11-15 19:08:16,009 - fl_main - INFO - global round [26] client_dict[f_00003].accuracy : 0.774300
2024-11-15 19:08:16,009 - fl_main - INFO - client_dict[f_00003] training ...
2024-11-15 19:08:16,009 - client_base - INFO - client_dict[f_00003] training epoch : 0
2024-11-15 19:08:25,137 - client_base - INFO - local model train cost time : 0m:9s:127ms
2024-11-15 19:08:25,139 - client_base - INFO - model encode time : 0m:0s:1ms
2024-11-15 19:08:25,139 - fl_main - INFO - client_dict[f_00003] local model encrypting ...
2024-11-15 19:09:03,162 - fed_utils - INFO - encrypting key [features.0.weight].length : 4800, cost time : 0m:38s:23ms
2024-11-15 19:09:03,681 - fed_utils - INFO - encrypting key [features.0.bias].length : 64, cost time : 0m:0s:518ms
2024-11-15 19:09:03,683 - fed_utils - INFO - load key [features.4.weight].length : 102400, cost time : 0m:0s:2ms
2024-11-15 19:09:03,683 - fed_utils - INFO - load key [features.4.bias].length : 64, cost time : 0m:0s:0ms
2024-11-15 19:09:03,723 - fed_utils - INFO - load key [classifier.0.weight].length : 1572864, cost time : 0m:0s:39ms
2024-11-15 19:09:03,723 - fed_utils - INFO - load key [classifier.0.bias].length : 384, cost time : 0m:0s:0ms
2024-11-15 19:09:03,725 - fed_utils - INFO - load key [classifier.2.weight].length : 73728, cost time : 0m:0s:1ms
2024-11-15 19:09:03,725 - fed_utils - INFO - load key [classifier.2.bias].length : 192, cost time : 0m:0s:0ms
2024-11-15 19:09:18,941 - fed_utils - INFO - encrypting key [classifier.4.weight].length : 1920, cost time : 0m:15s:215ms
2024-11-15 19:09:19,020 - fed_utils - INFO - encrypting key [classifier.4.bias].length : 10, cost time : 0m:0s:79ms
2024-11-15 19:09:19,020 - fl_main - INFO - Server receive client_dict[f_00003] info ...
2024-11-15 19:09:19,020 - fl_main - INFO - ----- client id [f_00004] -----
2024-11-15 19:09:19,030 - fed_utils - INFO - init global model cost time : 0m:0s:9ms
2024-11-15 19:09:19,032 - client_base - INFO - recover model cost time : 0m:0s:0ms
2024-11-15 19:09:19,032 - fl_main - INFO - client_dict[f_00004] training ...
2024-11-15 19:09:19,034 - client_base - INFO - client_dict[f_00004] training epoch : 0
2024-11-15 19:09:28,215 - client_base - INFO - local model train cost time : 0m:9s:180ms
2024-11-15 19:09:28,217 - client_base - INFO - model encode time : 0m:0s:1ms
2024-11-15 19:09:28,217 - fl_main - INFO - client_dict[f_00004] local model encrypting ...
2024-11-15 19:10:06,282 - fed_utils - INFO - encrypting key [features.0.weight].length : 4800, cost time : 0m:38s:64ms
2024-11-15 19:10:06,800 - fed_utils - INFO - encrypting key [features.0.bias].length : 64, cost time : 0m:0s:517ms
2024-11-15 19:10:06,802 - fed_utils - INFO - load key [features.4.weight].length : 102400, cost time : 0m:0s:2ms
2024-11-15 19:10:06,802 - fed_utils - INFO - load key [features.4.bias].length : 64, cost time : 0m:0s:0ms
2024-11-15 19:10:06,841 - fed_utils - INFO - load key [classifier.0.weight].length : 1572864, cost time : 0m:0s:38ms
2024-11-15 19:10:06,841 - fed_utils - INFO - load key [classifier.0.bias].length : 384, cost time : 0m:0s:0ms
2024-11-15 19:10:06,843 - fed_utils - INFO - load key [classifier.2.weight].length : 73728, cost time : 0m:0s:1ms
2024-11-15 19:10:06,843 - fed_utils - INFO - load key [classifier.2.bias].length : 192, cost time : 0m:0s:0ms
2024-11-15 19:10:22,064 - fed_utils - INFO - encrypting key [classifier.4.weight].length : 1920, cost time : 0m:15s:220ms
2024-11-15 19:10:22,144 - fed_utils - INFO - encrypting key [classifier.4.bias].length : 10, cost time : 0m:0s:79ms
2024-11-15 19:10:22,144 - fl_main - INFO - Server receive client_dict[f_00004] info ...
2024-11-15 19:10:22,144 - fl_main - INFO - global aggregation process ...
2024-11-15 19:10:22,144 - fed_utils - INFO - server.n_data : 50000
2024-11-15 19:10:22,144 - fed_utils - INFO - client_dict[f_00000].weight : 0.200000
2024-11-15 19:10:22,144 - fed_utils - INFO - client_dict[f_00001].weight : 0.200000
2024-11-15 19:10:22,144 - fed_utils - INFO - client_dict[f_00002].weight : 0.200000
2024-11-15 19:10:22,144 - fed_utils - INFO - client_dict[f_00003].weight : 0.200000
2024-11-15 19:10:22,144 - fed_utils - INFO - client_dict[f_00004].weight : 0.200000
2024-11-15 19:10:22,145 - fed_utils - INFO - recover secret number by clients: 3157279.000000
2024-11-15 19:10:22,145 - server_base - INFO - Server aggregate model with homomorphic encryption ...
2024-11-15 19:10:32,752 - server_base - INFO - Server aggregate model done, cost time : 0m:10s:607ms
2024-11-15 19:10:43,687 - fed_utils - INFO - decrypting key [features.0.weight].shape [torch.Size([64, 3, 5, 5])]
2024-11-15 19:10:43,833 - fed_utils - INFO - decrypting key [features.0.bias].shape [torch.Size([64])]
2024-11-15 19:10:43,834 - fed_utils - INFO - decrypting key [features.4.weight].shape [torch.Size([64, 64, 5, 5])]
2024-11-15 19:10:43,834 - fed_utils - INFO - decrypting key [features.4.bias].shape [torch.Size([64])]
2024-11-15 19:10:43,841 - fed_utils - INFO - decrypting key [classifier.0.weight].shape [torch.Size([384, 4096])]
2024-11-15 19:10:43,841 - fed_utils - INFO - decrypting key [classifier.0.bias].shape [torch.Size([384])]
2024-11-15 19:10:43,841 - fed_utils - INFO - decrypting key [classifier.2.weight].shape [torch.Size([192, 384])]
2024-11-15 19:10:43,841 - fed_utils - INFO - decrypting key [classifier.2.bias].shape [torch.Size([192])]
2024-11-15 19:10:48,210 - fed_utils - INFO - decrypting key [classifier.4.weight].shape [torch.Size([10, 192])]
2024-11-15 19:10:48,232 - fed_utils - INFO - decrypting key [classifier.4.bias].shape [torch.Size([10])]
2024-11-15 19:10:48,233 - fed_utils - INFO - decrypt time : [0m:15s:480ms]
2024-11-15 19:10:48,300 - fl_main - INFO - [global round : 26] aggregated model accuracy : 0.7743
2024-11-15 19:10:48,300 - fl_main - INFO - [global round : 26] aggregated model loss : 0.4258182797936824
2024-11-15 19:10:48,301 - fl_main - INFO - global round : 27
2024-11-15 19:10:48,301 - fl_main - INFO - the random client id to test accuracy : f_00000
2024-11-15 19:10:48,301 - fl_main - INFO - ----- client id [f_00000] -----
2024-11-15 19:10:48,311 - fed_utils - INFO - init global model cost time : 0m:0s:9ms
2024-11-15 19:10:48,312 - client_base - INFO - recover model cost time : 0m:0s:0ms
2024-11-15 19:10:50,754 - fl_main - INFO - global round [27] client_dict[f_00000].accuracy : 0.774600
2024-11-15 19:10:50,754 - fl_main - INFO - client_dict[f_00000] training ...
2024-11-15 19:10:50,754 - client_base - INFO - client_dict[f_00000] training epoch : 0
2024-11-15 19:10:59,896 - client_base - INFO - local model train cost time : 0m:9s:142ms
2024-11-15 19:10:59,898 - client_base - INFO - model encode time : 0m:0s:1ms
2024-11-15 19:10:59,898 - fl_main - INFO - client_dict[f_00000] local model encrypting ...
2024-11-15 19:11:37,907 - fed_utils - INFO - encrypting key [features.0.weight].length : 4800, cost time : 0m:38s:8ms
2024-11-15 19:11:38,425 - fed_utils - INFO - encrypting key [features.0.bias].length : 64, cost time : 0m:0s:518ms
2024-11-15 19:11:38,427 - fed_utils - INFO - load key [features.4.weight].length : 102400, cost time : 0m:0s:2ms
2024-11-15 19:11:38,428 - fed_utils - INFO - load key [features.4.bias].length : 64, cost time : 0m:0s:0ms
2024-11-15 19:11:38,460 - fed_utils - INFO - load key [classifier.0.weight].length : 1572864, cost time : 0m:0s:32ms
2024-11-15 19:11:38,460 - fed_utils - INFO - load key [classifier.0.bias].length : 384, cost time : 0m:0s:0ms
2024-11-15 19:11:38,462 - fed_utils - INFO - load key [classifier.2.weight].length : 73728, cost time : 0m:0s:1ms
2024-11-15 19:11:38,462 - fed_utils - INFO - load key [classifier.2.bias].length : 192, cost time : 0m:0s:0ms
2024-11-15 19:11:53,677 - fed_utils - INFO - encrypting key [classifier.4.weight].length : 1920, cost time : 0m:15s:214ms
2024-11-15 19:11:53,756 - fed_utils - INFO - encrypting key [classifier.4.bias].length : 10, cost time : 0m:0s:79ms
2024-11-15 19:11:53,780 - fl_main - INFO - Server receive client_dict[f_00000] info ...
2024-11-15 19:11:53,780 - fl_main - INFO - ----- client id [f_00001] -----
2024-11-15 19:11:53,790 - fed_utils - INFO - init global model cost time : 0m:0s:9ms
2024-11-15 19:11:53,793 - client_base - INFO - recover model cost time : 0m:0s:0ms
2024-11-15 19:11:53,793 - fl_main - INFO - client_dict[f_00001] training ...
2024-11-15 19:11:53,795 - client_base - INFO - client_dict[f_00001] training epoch : 0
2024-11-15 19:12:02,923 - client_base - INFO - local model train cost time : 0m:9s:128ms
2024-11-15 19:12:02,926 - client_base - INFO - model encode time : 0m:0s:2ms
2024-11-15 19:12:02,926 - fl_main - INFO - client_dict[f_00001] local model encrypting ...
2024-11-15 19:12:41,002 - fed_utils - INFO - encrypting key [features.0.weight].length : 4800, cost time : 0m:38s:76ms
2024-11-15 19:12:41,521 - fed_utils - INFO - encrypting key [features.0.bias].length : 64, cost time : 0m:0s:518ms
2024-11-15 19:12:41,523 - fed_utils - INFO - load key [features.4.weight].length : 102400, cost time : 0m:0s:2ms
2024-11-15 19:12:41,523 - fed_utils - INFO - load key [features.4.bias].length : 64, cost time : 0m:0s:0ms
2024-11-15 19:12:41,563 - fed_utils - INFO - load key [classifier.0.weight].length : 1572864, cost time : 0m:0s:40ms
2024-11-15 19:12:41,564 - fed_utils - INFO - load key [classifier.0.bias].length : 384, cost time : 0m:0s:0ms
2024-11-15 19:12:41,566 - fed_utils - INFO - load key [classifier.2.weight].length : 73728, cost time : 0m:0s:1ms
2024-11-15 19:12:41,566 - fed_utils - INFO - load key [classifier.2.bias].length : 192, cost time : 0m:0s:0ms
2024-11-15 19:12:56,774 - fed_utils - INFO - encrypting key [classifier.4.weight].length : 1920, cost time : 0m:15s:207ms
2024-11-15 19:12:56,854 - fed_utils - INFO - encrypting key [classifier.4.bias].length : 10, cost time : 0m:0s:79ms
2024-11-15 19:12:56,854 - fl_main - INFO - Server receive client_dict[f_00001] info ...
2024-11-15 19:12:56,854 - fl_main - INFO - ----- client id [f_00002] -----
2024-11-15 19:12:56,863 - fed_utils - INFO - init global model cost time : 0m:0s:9ms
2024-11-15 19:12:56,865 - client_base - INFO - recover model cost time : 0m:0s:0ms
2024-11-15 19:12:56,866 - fl_main - INFO - client_dict[f_00002] training ...
2024-11-15 19:12:56,868 - client_base - INFO - client_dict[f_00002] training epoch : 0
2024-11-15 19:13:06,030 - client_base - INFO - local model train cost time : 0m:9s:162ms
2024-11-15 19:13:06,032 - client_base - INFO - model encode time : 0m:0s:1ms
2024-11-15 19:13:06,032 - fl_main - INFO - client_dict[f_00002] local model encrypting ...
2024-11-15 19:13:44,317 - fed_utils - INFO - encrypting key [features.0.weight].length : 4800, cost time : 0m:38s:285ms
2024-11-15 19:13:44,834 - fed_utils - INFO - encrypting key [features.0.bias].length : 64, cost time : 0m:0s:517ms
2024-11-15 19:13:44,837 - fed_utils - INFO - load key [features.4.weight].length : 102400, cost time : 0m:0s:2ms
2024-11-15 19:13:44,837 - fed_utils - INFO - load key [features.4.bias].length : 64, cost time : 0m:0s:0ms
2024-11-15 19:13:44,877 - fed_utils - INFO - load key [classifier.0.weight].length : 1572864, cost time : 0m:0s:39ms
2024-11-15 19:13:44,877 - fed_utils - INFO - load key [classifier.0.bias].length : 384, cost time : 0m:0s:0ms
2024-11-15 19:13:44,879 - fed_utils - INFO - load key [classifier.2.weight].length : 73728, cost time : 0m:0s:1ms
2024-11-15 19:13:44,879 - fed_utils - INFO - load key [classifier.2.bias].length : 192, cost time : 0m:0s:0ms
2024-11-15 19:14:00,183 - fed_utils - INFO - encrypting key [classifier.4.weight].length : 1920, cost time : 0m:15s:304ms
2024-11-15 19:14:00,263 - fed_utils - INFO - encrypting key [classifier.4.bias].length : 10, cost time : 0m:0s:79ms
2024-11-15 19:14:00,263 - fl_main - INFO - Server receive client_dict[f_00002] info ...
2024-11-15 19:14:00,264 - fl_main - INFO - ----- client id [f_00003] -----
2024-11-15 19:14:00,273 - fed_utils - INFO - init global model cost time : 0m:0s:9ms
2024-11-15 19:14:00,275 - client_base - INFO - recover model cost time : 0m:0s:0ms
2024-11-15 19:14:00,276 - fl_main - INFO - client_dict[f_00003] training ...
2024-11-15 19:14:00,277 - client_base - INFO - client_dict[f_00003] training epoch : 0
2024-11-15 19:14:09,436 - client_base - INFO - local model train cost time : 0m:9s:158ms
2024-11-15 19:14:09,438 - client_base - INFO - model encode time : 0m:0s:1ms
2024-11-15 19:14:09,438 - fl_main - INFO - client_dict[f_00003] local model encrypting ...
2024-11-15 19:14:47,594 - fed_utils - INFO - encrypting key [features.0.weight].length : 4800, cost time : 0m:38s:155ms
2024-11-15 19:14:48,116 - fed_utils - INFO - encrypting key [features.0.bias].length : 64, cost time : 0m:0s:521ms
2024-11-15 19:14:48,118 - fed_utils - INFO - load key [features.4.weight].length : 102400, cost time : 0m:0s:2ms
2024-11-15 19:14:48,119 - fed_utils - INFO - load key [features.4.bias].length : 64, cost time : 0m:0s:0ms
2024-11-15 19:14:48,158 - fed_utils - INFO - load key [classifier.0.weight].length : 1572864, cost time : 0m:0s:39ms
2024-11-15 19:14:48,158 - fed_utils - INFO - load key [classifier.0.bias].length : 384, cost time : 0m:0s:0ms
2024-11-15 19:14:48,160 - fed_utils - INFO - load key [classifier.2.weight].length : 73728, cost time : 0m:0s:1ms
2024-11-15 19:14:48,160 - fed_utils - INFO - load key [classifier.2.bias].length : 192, cost time : 0m:0s:0ms
2024-11-15 19:15:03,394 - fed_utils - INFO - encrypting key [classifier.4.weight].length : 1920, cost time : 0m:15s:234ms
2024-11-15 19:15:03,474 - fed_utils - INFO - encrypting key [classifier.4.bias].length : 10, cost time : 0m:0s:79ms
2024-11-15 19:15:03,474 - fl_main - INFO - Server receive client_dict[f_00003] info ...
2024-11-15 19:15:03,474 - fl_main - INFO - ----- client id [f_00004] -----
2024-11-15 19:15:03,483 - fed_utils - INFO - init global model cost time : 0m:0s:9ms
2024-11-15 19:15:03,486 - client_base - INFO - recover model cost time : 0m:0s:0ms
2024-11-15 19:15:03,486 - fl_main - INFO - client_dict[f_00004] training ...
2024-11-15 19:15:03,488 - client_base - INFO - client_dict[f_00004] training epoch : 0
2024-11-15 19:15:12,650 - client_base - INFO - local model train cost time : 0m:9s:162ms
2024-11-15 19:15:12,651 - client_base - INFO - model encode time : 0m:0s:1ms
2024-11-15 19:15:12,652 - fl_main - INFO - client_dict[f_00004] local model encrypting ...
2024-11-15 19:15:50,723 - fed_utils - INFO - encrypting key [features.0.weight].length : 4800, cost time : 0m:38s:71ms
2024-11-15 19:15:51,241 - fed_utils - INFO - encrypting key [features.0.bias].length : 64, cost time : 0m:0s:517ms
2024-11-15 19:15:51,244 - fed_utils - INFO - load key [features.4.weight].length : 102400, cost time : 0m:0s:2ms
2024-11-15 19:15:51,244 - fed_utils - INFO - load key [features.4.bias].length : 64, cost time : 0m:0s:0ms
2024-11-15 19:15:51,283 - fed_utils - INFO - load key [classifier.0.weight].length : 1572864, cost time : 0m:0s:39ms
2024-11-15 19:15:51,284 - fed_utils - INFO - load key [classifier.0.bias].length : 384, cost time : 0m:0s:0ms
2024-11-15 19:15:51,285 - fed_utils - INFO - load key [classifier.2.weight].length : 73728, cost time : 0m:0s:1ms
2024-11-15 19:15:51,285 - fed_utils - INFO - load key [classifier.2.bias].length : 192, cost time : 0m:0s:0ms
2024-11-15 19:16:06,501 - fed_utils - INFO - encrypting key [classifier.4.weight].length : 1920, cost time : 0m:15s:215ms
2024-11-15 19:16:06,580 - fed_utils - INFO - encrypting key [classifier.4.bias].length : 10, cost time : 0m:0s:79ms
2024-11-15 19:16:06,580 - fl_main - INFO - Server receive client_dict[f_00004] info ...
2024-11-15 19:16:06,580 - fl_main - INFO - global aggregation process ...
2024-11-15 19:16:06,581 - fed_utils - INFO - server.n_data : 50000
2024-11-15 19:16:06,581 - fed_utils - INFO - client_dict[f_00000].weight : 0.200000
2024-11-15 19:16:06,581 - fed_utils - INFO - client_dict[f_00001].weight : 0.200000
2024-11-15 19:16:06,581 - fed_utils - INFO - client_dict[f_00002].weight : 0.200000
2024-11-15 19:16:06,581 - fed_utils - INFO - client_dict[f_00003].weight : 0.200000
2024-11-15 19:16:06,581 - fed_utils - INFO - client_dict[f_00004].weight : 0.200000
2024-11-15 19:16:06,581 - fed_utils - INFO - recover secret number by clients: 3157279.000000
2024-11-15 19:16:06,581 - server_base - INFO - Server aggregate model with homomorphic encryption ...
2024-11-15 19:16:17,185 - server_base - INFO - Server aggregate model done, cost time : 0m:10s:604ms
2024-11-15 19:16:28,107 - fed_utils - INFO - decrypting key [features.0.weight].shape [torch.Size([64, 3, 5, 5])]
2024-11-15 19:16:28,253 - fed_utils - INFO - decrypting key [features.0.bias].shape [torch.Size([64])]
2024-11-15 19:16:28,253 - fed_utils - INFO - decrypting key [features.4.weight].shape [torch.Size([64, 64, 5, 5])]
2024-11-15 19:16:28,254 - fed_utils - INFO - decrypting key [features.4.bias].shape [torch.Size([64])]
2024-11-15 19:16:28,261 - fed_utils - INFO - decrypting key [classifier.0.weight].shape [torch.Size([384, 4096])]
2024-11-15 19:16:28,261 - fed_utils - INFO - decrypting key [classifier.0.bias].shape [torch.Size([384])]
2024-11-15 19:16:28,261 - fed_utils - INFO - decrypting key [classifier.2.weight].shape [torch.Size([192, 384])]
2024-11-15 19:16:28,261 - fed_utils - INFO - decrypting key [classifier.2.bias].shape [torch.Size([192])]
2024-11-15 19:16:32,629 - fed_utils - INFO - decrypting key [classifier.4.weight].shape [torch.Size([10, 192])]
2024-11-15 19:16:32,652 - fed_utils - INFO - decrypting key [classifier.4.bias].shape [torch.Size([10])]
2024-11-15 19:16:32,652 - fed_utils - INFO - decrypt time : [0m:15s:467ms]
2024-11-15 19:16:32,720 - fl_main - INFO - [global round : 27] aggregated model accuracy : 0.7746000000000001
2024-11-15 19:16:32,720 - fl_main - INFO - [global round : 27] aggregated model loss : 0.3138077420162355
2024-11-15 19:16:32,721 - fl_main - INFO - global round : 28
2024-11-15 19:16:32,721 - fl_main - INFO - the random client id to test accuracy : f_00000
2024-11-15 19:16:32,721 - fl_main - INFO - ----- client id [f_00000] -----
2024-11-15 19:16:32,733 - fed_utils - INFO - init global model cost time : 0m:0s:11ms
2024-11-15 19:16:32,735 - client_base - INFO - recover model cost time : 0m:0s:0ms
2024-11-15 19:16:35,186 - fl_main - INFO - global round [28] client_dict[f_00000].accuracy : 0.773000
2024-11-15 19:16:35,186 - fl_main - INFO - client_dict[f_00000] training ...
2024-11-15 19:16:35,186 - client_base - INFO - client_dict[f_00000] training epoch : 0
2024-11-15 19:16:44,320 - client_base - INFO - local model train cost time : 0m:9s:134ms
2024-11-15 19:16:44,322 - client_base - INFO - model encode time : 0m:0s:1ms
2024-11-15 19:16:44,322 - fl_main - INFO - client_dict[f_00000] local model encrypting ...
2024-11-15 19:17:22,371 - fed_utils - INFO - encrypting key [features.0.weight].length : 4800, cost time : 0m:38s:48ms
2024-11-15 19:17:22,889 - fed_utils - INFO - encrypting key [features.0.bias].length : 64, cost time : 0m:0s:517ms
2024-11-15 19:17:22,891 - fed_utils - INFO - load key [features.4.weight].length : 102400, cost time : 0m:0s:1ms
2024-11-15 19:17:22,891 - fed_utils - INFO - load key [features.4.bias].length : 64, cost time : 0m:0s:0ms
2024-11-15 19:17:22,923 - fed_utils - INFO - load key [classifier.0.weight].length : 1572864, cost time : 0m:0s:32ms
2024-11-15 19:17:22,924 - fed_utils - INFO - load key [classifier.0.bias].length : 384, cost time : 0m:0s:0ms
2024-11-15 19:17:22,925 - fed_utils - INFO - load key [classifier.2.weight].length : 73728, cost time : 0m:0s:1ms
2024-11-15 19:17:22,926 - fed_utils - INFO - load key [classifier.2.bias].length : 192, cost time : 0m:0s:0ms
2024-11-15 19:17:38,153 - fed_utils - INFO - encrypting key [classifier.4.weight].length : 1920, cost time : 0m:15s:227ms
2024-11-15 19:17:38,232 - fed_utils - INFO - encrypting key [classifier.4.bias].length : 10, cost time : 0m:0s:79ms
2024-11-15 19:17:38,257 - fl_main - INFO - Server receive client_dict[f_00000] info ...
2024-11-15 19:17:38,257 - fl_main - INFO - ----- client id [f_00001] -----
2024-11-15 19:17:38,269 - fed_utils - INFO - init global model cost time : 0m:0s:12ms
2024-11-15 19:17:38,271 - client_base - INFO - recover model cost time : 0m:0s:0ms
2024-11-15 19:17:38,272 - fl_main - INFO - client_dict[f_00001] training ...
2024-11-15 19:17:38,273 - client_base - INFO - client_dict[f_00001] training epoch : 0
2024-11-15 19:17:47,413 - client_base - INFO - local model train cost time : 0m:9s:139ms
2024-11-15 19:17:47,415 - client_base - INFO - model encode time : 0m:0s:1ms
2024-11-15 19:17:47,415 - fl_main - INFO - client_dict[f_00001] local model encrypting ...
2024-11-15 19:18:25,503 - fed_utils - INFO - encrypting key [features.0.weight].length : 4800, cost time : 0m:38s:87ms
2024-11-15 19:18:26,025 - fed_utils - INFO - encrypting key [features.0.bias].length : 64, cost time : 0m:0s:522ms
2024-11-15 19:18:26,028 - fed_utils - INFO - load key [features.4.weight].length : 102400, cost time : 0m:0s:2ms
2024-11-15 19:18:26,028 - fed_utils - INFO - load key [features.4.bias].length : 64, cost time : 0m:0s:0ms
2024-11-15 19:18:26,068 - fed_utils - INFO - load key [classifier.0.weight].length : 1572864, cost time : 0m:0s:40ms
2024-11-15 19:18:26,068 - fed_utils - INFO - load key [classifier.0.bias].length : 384, cost time : 0m:0s:0ms
2024-11-15 19:18:26,070 - fed_utils - INFO - load key [classifier.2.weight].length : 73728, cost time : 0m:0s:2ms
2024-11-15 19:18:26,071 - fed_utils - INFO - load key [classifier.2.bias].length : 192, cost time : 0m:0s:0ms
2024-11-15 19:18:41,353 - fed_utils - INFO - encrypting key [classifier.4.weight].length : 1920, cost time : 0m:15s:282ms
2024-11-15 19:18:41,433 - fed_utils - INFO - encrypting key [classifier.4.bias].length : 10, cost time : 0m:0s:79ms
2024-11-15 19:18:41,433 - fl_main - INFO - Server receive client_dict[f_00001] info ...
2024-11-15 19:18:41,433 - fl_main - INFO - ----- client id [f_00002] -----
2024-11-15 19:18:41,442 - fed_utils - INFO - init global model cost time : 0m:0s:9ms
2024-11-15 19:18:41,445 - client_base - INFO - recover model cost time : 0m:0s:0ms
2024-11-15 19:18:41,445 - fl_main - INFO - client_dict[f_00002] training ...
2024-11-15 19:18:41,447 - client_base - INFO - client_dict[f_00002] training epoch : 0
2024-11-15 19:18:50,607 - client_base - INFO - local model train cost time : 0m:9s:160ms
2024-11-15 19:18:50,609 - client_base - INFO - model encode time : 0m:0s:1ms
2024-11-15 19:18:50,609 - fl_main - INFO - client_dict[f_00002] local model encrypting ...
2024-11-15 19:19:28,792 - fed_utils - INFO - encrypting key [features.0.weight].length : 4800, cost time : 0m:38s:183ms
2024-11-15 19:19:29,306 - fed_utils - INFO - encrypting key [features.0.bias].length : 64, cost time : 0m:0s:513ms
2024-11-15 19:19:29,308 - fed_utils - INFO - load key [features.4.weight].length : 102400, cost time : 0m:0s:2ms
2024-11-15 19:19:29,308 - fed_utils - INFO - load key [features.4.bias].length : 64, cost time : 0m:0s:0ms
2024-11-15 19:19:29,348 - fed_utils - INFO - load key [classifier.0.weight].length : 1572864, cost time : 0m:0s:39ms
2024-11-15 19:19:29,348 - fed_utils - INFO - load key [classifier.0.bias].length : 384, cost time : 0m:0s:0ms
2024-11-15 19:19:29,350 - fed_utils - INFO - load key [classifier.2.weight].length : 73728, cost time : 0m:0s:1ms
2024-11-15 19:19:29,350 - fed_utils - INFO - load key [classifier.2.bias].length : 192, cost time : 0m:0s:0ms
2024-11-15 19:19:44,614 - fed_utils - INFO - encrypting key [classifier.4.weight].length : 1920, cost time : 0m:15s:263ms
2024-11-15 19:19:44,693 - fed_utils - INFO - encrypting key [classifier.4.bias].length : 10, cost time : 0m:0s:79ms
2024-11-15 19:19:44,693 - fl_main - INFO - Server receive client_dict[f_00002] info ...
2024-11-15 19:19:44,693 - fl_main - INFO - ----- client id [f_00003] -----
2024-11-15 19:19:44,703 - fed_utils - INFO - init global model cost time : 0m:0s:9ms
2024-11-15 19:19:44,705 - client_base - INFO - recover model cost time : 0m:0s:0ms
2024-11-15 19:19:44,705 - fl_main - INFO - client_dict[f_00003] training ...
2024-11-15 19:19:44,707 - client_base - INFO - client_dict[f_00003] training epoch : 0
2024-11-15 19:19:53,840 - client_base - INFO - local model train cost time : 0m:9s:132ms
2024-11-15 19:19:53,841 - client_base - INFO - model encode time : 0m:0s:1ms
2024-11-15 19:19:53,841 - fl_main - INFO - client_dict[f_00003] local model encrypting ...
2024-11-15 19:20:31,920 - fed_utils - INFO - encrypting key [features.0.weight].length : 4800, cost time : 0m:38s:78ms
2024-11-15 19:20:32,437 - fed_utils - INFO - encrypting key [features.0.bias].length : 64, cost time : 0m:0s:516ms
2024-11-15 19:20:32,439 - fed_utils - INFO - load key [features.4.weight].length : 102400, cost time : 0m:0s:2ms
2024-11-15 19:20:32,439 - fed_utils - INFO - load key [features.4.bias].length : 64, cost time : 0m:0s:0ms
2024-11-15 19:20:32,479 - fed_utils - INFO - load key [classifier.0.weight].length : 1572864, cost time : 0m:0s:39ms
2024-11-15 19:20:32,479 - fed_utils - INFO - load key [classifier.0.bias].length : 384, cost time : 0m:0s:0ms
2024-11-15 19:20:32,481 - fed_utils - INFO - load key [classifier.2.weight].length : 73728, cost time : 0m:0s:1ms
2024-11-15 19:20:32,481 - fed_utils - INFO - load key [classifier.2.bias].length : 192, cost time : 0m:0s:0ms
2024-11-15 19:20:47,694 - fed_utils - INFO - encrypting key [classifier.4.weight].length : 1920, cost time : 0m:15s:213ms
2024-11-15 19:20:47,774 - fed_utils - INFO - encrypting key [classifier.4.bias].length : 10, cost time : 0m:0s:79ms
2024-11-15 19:20:47,774 - fl_main - INFO - Server receive client_dict[f_00003] info ...
2024-11-15 19:20:47,774 - fl_main - INFO - ----- client id [f_00004] -----
2024-11-15 19:20:47,786 - fed_utils - INFO - init global model cost time : 0m:0s:11ms
2024-11-15 19:20:47,788 - client_base - INFO - recover model cost time : 0m:0s:0ms
2024-11-15 19:20:47,789 - fl_main - INFO - client_dict[f_00004] training ...
2024-11-15 19:20:47,790 - client_base - INFO - client_dict[f_00004] training epoch : 0
2024-11-15 19:20:56,957 - client_base - INFO - local model train cost time : 0m:9s:166ms
2024-11-15 19:20:56,959 - client_base - INFO - model encode time : 0m:0s:1ms
2024-11-15 19:20:56,959 - fl_main - INFO - client_dict[f_00004] local model encrypting ...
2024-11-15 19:21:35,017 - fed_utils - INFO - encrypting key [features.0.weight].length : 4800, cost time : 0m:38s:57ms
2024-11-15 19:21:35,535 - fed_utils - INFO - encrypting key [features.0.bias].length : 64, cost time : 0m:0s:517ms
2024-11-15 19:21:35,537 - fed_utils - INFO - load key [features.4.weight].length : 102400, cost time : 0m:0s:2ms
2024-11-15 19:21:35,537 - fed_utils - INFO - load key [features.4.bias].length : 64, cost time : 0m:0s:0ms
2024-11-15 19:21:35,576 - fed_utils - INFO - load key [classifier.0.weight].length : 1572864, cost time : 0m:0s:38ms
2024-11-15 19:21:35,576 - fed_utils - INFO - load key [classifier.0.bias].length : 384, cost time : 0m:0s:0ms
2024-11-15 19:21:35,578 - fed_utils - INFO - load key [classifier.2.weight].length : 73728, cost time : 0m:0s:1ms
2024-11-15 19:21:35,578 - fed_utils - INFO - load key [classifier.2.bias].length : 192, cost time : 0m:0s:0ms
2024-11-15 19:21:50,787 - fed_utils - INFO - encrypting key [classifier.4.weight].length : 1920, cost time : 0m:15s:208ms
2024-11-15 19:21:50,866 - fed_utils - INFO - encrypting key [classifier.4.bias].length : 10, cost time : 0m:0s:79ms
2024-11-15 19:21:50,866 - fl_main - INFO - Server receive client_dict[f_00004] info ...
2024-11-15 19:21:50,866 - fl_main - INFO - global aggregation process ...
2024-11-15 19:21:50,867 - fed_utils - INFO - server.n_data : 50000
2024-11-15 19:21:50,867 - fed_utils - INFO - client_dict[f_00000].weight : 0.200000
2024-11-15 19:21:50,867 - fed_utils - INFO - client_dict[f_00001].weight : 0.200000
2024-11-15 19:21:50,867 - fed_utils - INFO - client_dict[f_00002].weight : 0.200000
2024-11-15 19:21:50,867 - fed_utils - INFO - client_dict[f_00003].weight : 0.200000
2024-11-15 19:21:50,867 - fed_utils - INFO - client_dict[f_00004].weight : 0.200000
2024-11-15 19:21:50,867 - fed_utils - INFO - recover secret number by clients: 3157279.000000
2024-11-15 19:21:50,867 - server_base - INFO - Server aggregate model with homomorphic encryption ...
2024-11-15 19:22:01,481 - server_base - INFO - Server aggregate model done, cost time : 0m:10s:614ms
2024-11-15 19:22:12,414 - fed_utils - INFO - decrypting key [features.0.weight].shape [torch.Size([64, 3, 5, 5])]
2024-11-15 19:22:12,560 - fed_utils - INFO - decrypting key [features.0.bias].shape [torch.Size([64])]
2024-11-15 19:22:12,561 - fed_utils - INFO - decrypting key [features.4.weight].shape [torch.Size([64, 64, 5, 5])]
2024-11-15 19:22:12,561 - fed_utils - INFO - decrypting key [features.4.bias].shape [torch.Size([64])]
2024-11-15 19:22:12,568 - fed_utils - INFO - decrypting key [classifier.0.weight].shape [torch.Size([384, 4096])]
2024-11-15 19:22:12,568 - fed_utils - INFO - decrypting key [classifier.0.bias].shape [torch.Size([384])]
2024-11-15 19:22:12,568 - fed_utils - INFO - decrypting key [classifier.2.weight].shape [torch.Size([192, 384])]
2024-11-15 19:22:12,568 - fed_utils - INFO - decrypting key [classifier.2.bias].shape [torch.Size([192])]
2024-11-15 19:22:16,937 - fed_utils - INFO - decrypting key [classifier.4.weight].shape [torch.Size([10, 192])]
2024-11-15 19:22:16,960 - fed_utils - INFO - decrypting key [classifier.4.bias].shape [torch.Size([10])]
2024-11-15 19:22:16,960 - fed_utils - INFO - decrypt time : [0m:15s:478ms]
2024-11-15 19:22:17,027 - fl_main - INFO - [global round : 28] aggregated model accuracy : 0.773
2024-11-15 19:22:17,027 - fl_main - INFO - [global round : 28] aggregated model loss : 0.25247782999839663
2024-11-15 19:22:17,028 - fl_main - INFO - global round : 29
2024-11-15 19:22:17,028 - fl_main - INFO - the random client id to test accuracy : f_00002
2024-11-15 19:22:17,028 - fl_main - INFO - ----- client id [f_00000] -----
2024-11-15 19:22:17,038 - fed_utils - INFO - init global model cost time : 0m:0s:9ms
2024-11-15 19:22:17,039 - client_base - INFO - recover model cost time : 0m:0s:0ms
2024-11-15 19:22:17,040 - fl_main - INFO - client_dict[f_00000] training ...
2024-11-15 19:22:17,051 - client_base - INFO - client_dict[f_00000] training epoch : 0
2024-11-15 19:22:26,184 - client_base - INFO - local model train cost time : 0m:9s:133ms
2024-11-15 19:22:26,186 - client_base - INFO - model encode time : 0m:0s:1ms
2024-11-15 19:22:26,186 - fl_main - INFO - client_dict[f_00000] local model encrypting ...
2024-11-15 19:23:04,255 - fed_utils - INFO - encrypting key [features.0.weight].length : 4800, cost time : 0m:38s:68ms
2024-11-15 19:23:04,773 - fed_utils - INFO - encrypting key [features.0.bias].length : 64, cost time : 0m:0s:517ms
2024-11-15 19:23:04,775 - fed_utils - INFO - load key [features.4.weight].length : 102400, cost time : 0m:0s:1ms
2024-11-15 19:23:04,775 - fed_utils - INFO - load key [features.4.bias].length : 64, cost time : 0m:0s:0ms
2024-11-15 19:23:04,807 - fed_utils - INFO - load key [classifier.0.weight].length : 1572864, cost time : 0m:0s:32ms
2024-11-15 19:23:04,808 - fed_utils - INFO - load key [classifier.0.bias].length : 384, cost time : 0m:0s:0ms
2024-11-15 19:23:04,809 - fed_utils - INFO - load key [classifier.2.weight].length : 73728, cost time : 0m:0s:1ms
2024-11-15 19:23:04,810 - fed_utils - INFO - load key [classifier.2.bias].length : 192, cost time : 0m:0s:0ms
2024-11-15 19:23:20,024 - fed_utils - INFO - encrypting key [classifier.4.weight].length : 1920, cost time : 0m:15s:213ms
2024-11-15 19:23:20,103 - fed_utils - INFO - encrypting key [classifier.4.bias].length : 10, cost time : 0m:0s:79ms
2024-11-15 19:23:20,127 - fl_main - INFO - Server receive client_dict[f_00000] info ...
2024-11-15 19:23:20,127 - fl_main - INFO - ----- client id [f_00001] -----
2024-11-15 19:23:20,137 - fed_utils - INFO - init global model cost time : 0m:0s:9ms
2024-11-15 19:23:20,139 - client_base - INFO - recover model cost time : 0m:0s:0ms
2024-11-15 19:23:20,140 - fl_main - INFO - client_dict[f_00001] training ...
2024-11-15 19:23:20,141 - client_base - INFO - client_dict[f_00001] training epoch : 0
2024-11-15 19:23:29,286 - client_base - INFO - local model train cost time : 0m:9s:144ms
2024-11-15 19:23:29,287 - client_base - INFO - model encode time : 0m:0s:1ms
2024-11-15 19:23:29,288 - fl_main - INFO - client_dict[f_00001] local model encrypting ...
2024-11-15 19:24:07,329 - fed_utils - INFO - encrypting key [features.0.weight].length : 4800, cost time : 0m:38s:41ms
2024-11-15 19:24:07,846 - fed_utils - INFO - encrypting key [features.0.bias].length : 64, cost time : 0m:0s:517ms
2024-11-15 19:24:07,849 - fed_utils - INFO - load key [features.4.weight].length : 102400, cost time : 0m:0s:2ms
2024-11-15 19:24:07,849 - fed_utils - INFO - load key [features.4.bias].length : 64, cost time : 0m:0s:0ms
2024-11-15 19:24:07,889 - fed_utils - INFO - load key [classifier.0.weight].length : 1572864, cost time : 0m:0s:39ms
2024-11-15 19:24:07,889 - fed_utils - INFO - load key [classifier.0.bias].length : 384, cost time : 0m:0s:0ms
2024-11-15 19:24:07,891 - fed_utils - INFO - load key [classifier.2.weight].length : 73728, cost time : 0m:0s:1ms
2024-11-15 19:24:07,891 - fed_utils - INFO - load key [classifier.2.bias].length : 192, cost time : 0m:0s:0ms
2024-11-15 19:24:23,112 - fed_utils - INFO - encrypting key [classifier.4.weight].length : 1920, cost time : 0m:15s:221ms
2024-11-15 19:24:23,192 - fed_utils - INFO - encrypting key [classifier.4.bias].length : 10, cost time : 0m:0s:79ms
2024-11-15 19:24:23,192 - fl_main - INFO - Server receive client_dict[f_00001] info ...
2024-11-15 19:24:23,192 - fl_main - INFO - ----- client id [f_00002] -----
2024-11-15 19:24:23,201 - fed_utils - INFO - init global model cost time : 0m:0s:9ms
2024-11-15 19:24:23,204 - client_base - INFO - recover model cost time : 0m:0s:0ms
2024-11-15 19:24:25,658 - fl_main - INFO - global round [29] client_dict[f_00002].accuracy : 0.774300
2024-11-15 19:24:25,658 - fl_main - INFO - client_dict[f_00002] training ...
2024-11-15 19:24:25,659 - client_base - INFO - client_dict[f_00002] training epoch : 0
2024-11-15 19:24:34,779 - client_base - INFO - local model train cost time : 0m:9s:120ms
2024-11-15 19:24:34,781 - client_base - INFO - model encode time : 0m:0s:1ms
2024-11-15 19:24:34,781 - fl_main - INFO - client_dict[f_00002] local model encrypting ...
2024-11-15 19:25:12,798 - fed_utils - INFO - encrypting key [features.0.weight].length : 4800, cost time : 0m:38s:16ms
2024-11-15 19:25:13,317 - fed_utils - INFO - encrypting key [features.0.bias].length : 64, cost time : 0m:0s:518ms
2024-11-15 19:25:13,319 - fed_utils - INFO - load key [features.4.weight].length : 102400, cost time : 0m:0s:2ms
2024-11-15 19:25:13,319 - fed_utils - INFO - load key [features.4.bias].length : 64, cost time : 0m:0s:0ms
2024-11-15 19:25:13,359 - fed_utils - INFO - load key [classifier.0.weight].length : 1572864, cost time : 0m:0s:39ms
2024-11-15 19:25:13,359 - fed_utils - INFO - load key [classifier.0.bias].length : 384, cost time : 0m:0s:0ms
2024-11-15 19:25:13,361 - fed_utils - INFO - load key [classifier.2.weight].length : 73728, cost time : 0m:0s:1ms
2024-11-15 19:25:13,361 - fed_utils - INFO - load key [classifier.2.bias].length : 192, cost time : 0m:0s:0ms
2024-11-15 19:25:28,614 - fed_utils - INFO - encrypting key [classifier.4.weight].length : 1920, cost time : 0m:15s:252ms
2024-11-15 19:25:28,693 - fed_utils - INFO - encrypting key [classifier.4.bias].length : 10, cost time : 0m:0s:79ms
2024-11-15 19:25:28,693 - fl_main - INFO - Server receive client_dict[f_00002] info ...
2024-11-15 19:25:28,694 - fl_main - INFO - ----- client id [f_00003] -----
2024-11-15 19:25:28,703 - fed_utils - INFO - init global model cost time : 0m:0s:9ms
2024-11-15 19:25:28,704 - client_base - INFO - recover model cost time : 0m:0s:0ms
2024-11-15 19:25:28,705 - fl_main - INFO - client_dict[f_00003] training ...
2024-11-15 19:25:28,706 - client_base - INFO - client_dict[f_00003] training epoch : 0
2024-11-15 19:25:37,853 - client_base - INFO - local model train cost time : 0m:9s:146ms
2024-11-15 19:25:37,854 - client_base - INFO - model encode time : 0m:0s:1ms
2024-11-15 19:25:37,855 - fl_main - INFO - client_dict[f_00003] local model encrypting ...
2024-11-15 19:26:16,070 - fed_utils - INFO - encrypting key [features.0.weight].length : 4800, cost time : 0m:38s:214ms
2024-11-15 19:26:16,586 - fed_utils - INFO - encrypting key [features.0.bias].length : 64, cost time : 0m:0s:516ms
2024-11-15 19:26:16,588 - fed_utils - INFO - load key [features.4.weight].length : 102400, cost time : 0m:0s:2ms
2024-11-15 19:26:16,588 - fed_utils - INFO - load key [features.4.bias].length : 64, cost time : 0m:0s:0ms
2024-11-15 19:26:16,628 - fed_utils - INFO - load key [classifier.0.weight].length : 1572864, cost time : 0m:0s:39ms
2024-11-15 19:26:16,628 - fed_utils - INFO - load key [classifier.0.bias].length : 384, cost time : 0m:0s:0ms
2024-11-15 19:26:16,630 - fed_utils - INFO - load key [classifier.2.weight].length : 73728, cost time : 0m:0s:1ms
2024-11-15 19:26:16,630 - fed_utils - INFO - load key [classifier.2.bias].length : 192, cost time : 0m:0s:0ms
2024-11-15 19:26:31,924 - fed_utils - INFO - encrypting key [classifier.4.weight].length : 1920, cost time : 0m:15s:293ms
2024-11-15 19:26:32,003 - fed_utils - INFO - encrypting key [classifier.4.bias].length : 10, cost time : 0m:0s:79ms
2024-11-15 19:26:32,003 - fl_main - INFO - Server receive client_dict[f_00003] info ...
2024-11-15 19:26:32,003 - fl_main - INFO - ----- client id [f_00004] -----
2024-11-15 19:26:32,013 - fed_utils - INFO - init global model cost time : 0m:0s:9ms
2024-11-15 19:26:32,015 - client_base - INFO - recover model cost time : 0m:0s:0ms
2024-11-15 19:26:32,015 - fl_main - INFO - client_dict[f_00004] training ...
2024-11-15 19:26:32,017 - client_base - INFO - client_dict[f_00004] training epoch : 0
2024-11-15 19:26:41,229 - client_base - INFO - local model train cost time : 0m:9s:212ms
2024-11-15 19:26:41,231 - client_base - INFO - model encode time : 0m:0s:1ms
2024-11-15 19:26:41,231 - fl_main - INFO - client_dict[f_00004] local model encrypting ...
2024-11-15 19:27:19,271 - fed_utils - INFO - encrypting key [features.0.weight].length : 4800, cost time : 0m:38s:40ms
2024-11-15 19:27:19,790 - fed_utils - INFO - encrypting key [features.0.bias].length : 64, cost time : 0m:0s:519ms
2024-11-15 19:27:19,793 - fed_utils - INFO - load key [features.4.weight].length : 102400, cost time : 0m:0s:2ms
2024-11-15 19:27:19,793 - fed_utils - INFO - load key [features.4.bias].length : 64, cost time : 0m:0s:0ms
2024-11-15 19:27:19,832 - fed_utils - INFO - load key [classifier.0.weight].length : 1572864, cost time : 0m:0s:38ms
2024-11-15 19:27:19,832 - fed_utils - INFO - load key [classifier.0.bias].length : 384, cost time : 0m:0s:0ms
2024-11-15 19:27:19,834 - fed_utils - INFO - load key [classifier.2.weight].length : 73728, cost time : 0m:0s:1ms
2024-11-15 19:27:19,834 - fed_utils - INFO - load key [classifier.2.bias].length : 192, cost time : 0m:0s:0ms
2024-11-15 19:27:35,044 - fed_utils - INFO - encrypting key [classifier.4.weight].length : 1920, cost time : 0m:15s:209ms
2024-11-15 19:27:35,123 - fed_utils - INFO - encrypting key [classifier.4.bias].length : 10, cost time : 0m:0s:79ms
2024-11-15 19:27:35,123 - fl_main - INFO - Server receive client_dict[f_00004] info ...
2024-11-15 19:27:35,123 - fl_main - INFO - global aggregation process ...
2024-11-15 19:27:35,124 - fed_utils - INFO - server.n_data : 50000
2024-11-15 19:27:35,124 - fed_utils - INFO - client_dict[f_00000].weight : 0.200000
2024-11-15 19:27:35,124 - fed_utils - INFO - client_dict[f_00001].weight : 0.200000
2024-11-15 19:27:35,124 - fed_utils - INFO - client_dict[f_00002].weight : 0.200000
2024-11-15 19:27:35,124 - fed_utils - INFO - client_dict[f_00003].weight : 0.200000
2024-11-15 19:27:35,124 - fed_utils - INFO - client_dict[f_00004].weight : 0.200000
2024-11-15 19:27:35,124 - fed_utils - INFO - recover secret number by clients: 3157279.000000
2024-11-15 19:27:35,124 - server_base - INFO - Server aggregate model with homomorphic encryption ...
2024-11-15 19:27:45,715 - server_base - INFO - Server aggregate model done, cost time : 0m:10s:590ms
2024-11-15 19:27:56,640 - fed_utils - INFO - decrypting key [features.0.weight].shape [torch.Size([64, 3, 5, 5])]
2024-11-15 19:27:56,786 - fed_utils - INFO - decrypting key [features.0.bias].shape [torch.Size([64])]
2024-11-15 19:27:56,787 - fed_utils - INFO - decrypting key [features.4.weight].shape [torch.Size([64, 64, 5, 5])]
2024-11-15 19:27:56,787 - fed_utils - INFO - decrypting key [features.4.bias].shape [torch.Size([64])]
2024-11-15 19:27:56,794 - fed_utils - INFO - decrypting key [classifier.0.weight].shape [torch.Size([384, 4096])]
2024-11-15 19:27:56,794 - fed_utils - INFO - decrypting key [classifier.0.bias].shape [torch.Size([384])]
2024-11-15 19:27:56,794 - fed_utils - INFO - decrypting key [classifier.2.weight].shape [torch.Size([192, 384])]
2024-11-15 19:27:56,794 - fed_utils - INFO - decrypting key [classifier.2.bias].shape [torch.Size([192])]
2024-11-15 19:28:01,163 - fed_utils - INFO - decrypting key [classifier.4.weight].shape [torch.Size([10, 192])]
2024-11-15 19:28:01,186 - fed_utils - INFO - decrypting key [classifier.4.bias].shape [torch.Size([10])]
2024-11-15 19:28:01,186 - fed_utils - INFO - decrypt time : [0m:15s:470ms]
2024-11-15 19:28:01,254 - fl_main - INFO - [global round : 29] aggregated model accuracy : 0.7743
2024-11-15 19:28:01,254 - fl_main - INFO - [global round : 29] aggregated model loss : 0.2011524079316176
2024-11-15 19:28:01,255 - fl_main - INFO - global round : 30
2024-11-15 19:28:01,255 - fl_main - INFO - the random client id to test accuracy : f_00004
2024-11-15 19:28:01,255 - fl_main - INFO - ----- client id [f_00004] -----
2024-11-15 19:28:01,267 - fed_utils - INFO - init global model cost time : 0m:0s:11ms
2024-11-15 19:28:01,269 - client_base - INFO - recover model cost time : 0m:0s:0ms
2024-11-15 19:28:03,724 - fl_main - INFO - global round [30] client_dict[f_00004].accuracy : 0.774300
2024-11-15 19:28:06,136 - fl_main - INFO - Final accuracy : 0.774300
