2024-11-15 10:15:02,507 - fl_main - INFO - data divide is iid
2024-11-15 10:15:02,567 - fed_utils - INFO - generating secret number and splitting it ...
2024-11-15 10:15:02,568 - fed_utils - INFO - secret_number : 15786395.000000
2024-11-15 10:15:02,568 - fed_utils - INFO - client_dict[f_00000].share : 10.000000
2024-11-15 10:15:02,568 - fed_utils - INFO - client_dict[f_00001].share : 957.000000
2024-11-15 10:15:02,568 - fed_utils - INFO - client_dict[f_00002].share : 42230.000000
2024-11-15 10:15:02,568 - fed_utils - INFO - client_dict[f_00003].share : 3.000000
2024-11-15 10:15:02,568 - fed_utils - INFO - client_dict[f_00004].share : 227.000000
2024-11-15 10:15:02,568 - fed_utils - INFO - client_dict[f_00005].share : 52.000000
2024-11-15 10:15:02,568 - fed_utils - INFO - client_dict[f_00006].share : 163853.000000
2024-11-15 10:15:02,568 - fed_utils - INFO - client_dict[f_00007].share : 709315.000000
2024-11-15 10:15:02,568 - fed_utils - INFO - client_dict[f_00008].share : 4.000000
2024-11-15 10:15:02,568 - fed_utils - INFO - client_dict[f_00009].share : 1849447.000000
2024-11-15 10:15:02,568 - fed_utils - INFO - client_dict[f_00010].share : 1908.000000
2024-11-15 10:15:02,568 - fed_utils - INFO - client_dict[f_00011].share : 3.000000
2024-11-15 10:15:02,568 - fed_utils - INFO - client_dict[f_00012].share : 73654.000000
2024-11-15 10:15:02,568 - fed_utils - INFO - client_dict[f_00013].share : 300.000000
2024-11-15 10:15:02,568 - fed_utils - INFO - client_dict[f_00014].share : 150473.000000
2024-11-15 10:15:02,568 - fed_utils - INFO - client_dict[f_00015].share : 1.000000
2024-11-15 10:15:02,568 - fed_utils - INFO - client_dict[f_00016].share : 26.000000
2024-11-15 10:15:02,568 - fed_utils - INFO - client_dict[f_00017].share : 12704369.000000
2024-11-15 10:15:02,568 - fed_utils - INFO - client_dict[f_00018].share : 1990.000000
2024-11-15 10:15:02,568 - fed_utils - INFO - client_dict[f_00019].share : 87573.000000
2024-11-15 10:15:02,568 - server_base - INFO - Server set model shape and dtype ...
2024-11-15 10:15:02,568 - server_base - INFO - Server generate pk and sk ...
2024-11-15 10:15:02,601 - server_base - INFO - Server generate pk and sk done, time : 0m:0s:32ms
2024-11-15 10:15:02,601 - server_base - INFO - Public key : <PaillierPublicKey 38e69e09a1>
2024-11-15 10:15:02,601 - server_base - INFO - Private key : <PaillierPrivateKey for <PaillierPublicKey 38e69e09a1>>
2024-11-15 10:15:02,602 - fl_main - INFO - Training process start ...
2024-11-15 10:15:02,602 - fl_main - INFO - global round : 0
2024-11-15 10:15:02,602 - fl_main - INFO - the random client id to test accuracy : f_00018
2024-11-15 10:15:02,602 - fl_main - INFO - ----- client id [f_00000] -----
2024-11-15 10:15:02,603 - fl_main - INFO - client_dict[f_00000] training ...
2024-11-15 10:15:05,183 - client_base - INFO - client_dict[f_00000] training epoch : 0
2024-11-15 10:15:05,867 - client_base - INFO - local model train cost time : 0m:0s:683ms
2024-11-15 10:15:05,868 - client_base - INFO - model encode time : 0m:0s:1ms
2024-11-15 10:15:05,869 - fl_main - INFO - client_dict[f_00000] local model encrypting ...
2024-11-15 10:15:07,073 - fed_utils - INFO - encrypting key [conv1.weight].length : 150, cost time : 0m:1s:204ms
2024-11-15 10:15:07,121 - fed_utils - INFO - encrypting key [conv1.bias].length : 6, cost time : 0m:0s:47ms
2024-11-15 10:15:07,121 - fed_utils - INFO - load key [conv2.weight].length : 2400, cost time : 0m:0s:0ms
2024-11-15 10:15:07,121 - fed_utils - INFO - load key [conv2.bias].length : 16, cost time : 0m:0s:0ms
2024-11-15 10:15:07,122 - fed_utils - INFO - load key [fc1.weight].length : 48000, cost time : 0m:0s:1ms
2024-11-15 10:15:07,122 - fed_utils - INFO - load key [fc1.bias].length : 120, cost time : 0m:0s:0ms
2024-11-15 10:15:07,122 - fed_utils - INFO - load key [fc2.weight].length : 10080, cost time : 0m:0s:0ms
2024-11-15 10:15:07,122 - fed_utils - INFO - load key [fc2.bias].length : 84, cost time : 0m:0s:0ms
2024-11-15 10:15:13,982 - fed_utils - INFO - encrypting key [fc3.weight].length : 840, cost time : 0m:6s:859ms
2024-11-15 10:15:14,061 - fed_utils - INFO - encrypting key [fc3.bias].length : 10, cost time : 0m:0s:78ms
2024-11-15 10:15:14,061 - fl_main - INFO - Server receive client_dict[f_00000] info ...
2024-11-15 10:15:14,061 - fl_main - INFO - ----- client id [f_00001] -----
2024-11-15 10:15:14,062 - fl_main - INFO - client_dict[f_00001] training ...
2024-11-15 10:15:14,063 - client_base - INFO - client_dict[f_00001] training epoch : 0
2024-11-15 10:15:14,449 - client_base - INFO - local model train cost time : 0m:0s:385ms
2024-11-15 10:15:14,450 - client_base - INFO - model encode time : 0m:0s:1ms
2024-11-15 10:15:14,450 - fl_main - INFO - client_dict[f_00001] local model encrypting ...
2024-11-15 10:15:15,634 - fed_utils - INFO - encrypting key [conv1.weight].length : 150, cost time : 0m:1s:183ms
2024-11-15 10:15:15,682 - fed_utils - INFO - encrypting key [conv1.bias].length : 6, cost time : 0m:0s:47ms
2024-11-15 10:15:15,682 - fed_utils - INFO - load key [conv2.weight].length : 2400, cost time : 0m:0s:0ms
2024-11-15 10:15:15,682 - fed_utils - INFO - load key [conv2.bias].length : 16, cost time : 0m:0s:0ms
2024-11-15 10:15:15,683 - fed_utils - INFO - load key [fc1.weight].length : 48000, cost time : 0m:0s:1ms
2024-11-15 10:15:15,683 - fed_utils - INFO - load key [fc1.bias].length : 120, cost time : 0m:0s:0ms
2024-11-15 10:15:15,684 - fed_utils - INFO - load key [fc2.weight].length : 10080, cost time : 0m:0s:0ms
2024-11-15 10:15:15,684 - fed_utils - INFO - load key [fc2.bias].length : 84, cost time : 0m:0s:0ms
2024-11-15 10:15:22,379 - fed_utils - INFO - encrypting key [fc3.weight].length : 840, cost time : 0m:6s:694ms
2024-11-15 10:15:22,458 - fed_utils - INFO - encrypting key [fc3.bias].length : 10, cost time : 0m:0s:79ms
2024-11-15 10:15:22,458 - fl_main - INFO - Server receive client_dict[f_00001] info ...
2024-11-15 10:15:22,458 - fl_main - INFO - ----- client id [f_00002] -----
2024-11-15 10:15:22,459 - fl_main - INFO - client_dict[f_00002] training ...
2024-11-15 10:15:22,460 - client_base - INFO - client_dict[f_00002] training epoch : 0
2024-11-15 10:15:22,828 - client_base - INFO - local model train cost time : 0m:0s:368ms
2024-11-15 10:15:22,829 - client_base - INFO - model encode time : 0m:0s:1ms
2024-11-15 10:15:22,830 - fl_main - INFO - client_dict[f_00002] local model encrypting ...
2024-11-15 10:15:24,018 - fed_utils - INFO - encrypting key [conv1.weight].length : 150, cost time : 0m:1s:188ms
2024-11-15 10:15:24,066 - fed_utils - INFO - encrypting key [conv1.bias].length : 6, cost time : 0m:0s:47ms
2024-11-15 10:15:24,066 - fed_utils - INFO - load key [conv2.weight].length : 2400, cost time : 0m:0s:0ms
2024-11-15 10:15:24,066 - fed_utils - INFO - load key [conv2.bias].length : 16, cost time : 0m:0s:0ms
2024-11-15 10:15:24,067 - fed_utils - INFO - load key [fc1.weight].length : 48000, cost time : 0m:0s:1ms
2024-11-15 10:15:24,067 - fed_utils - INFO - load key [fc1.bias].length : 120, cost time : 0m:0s:0ms
2024-11-15 10:15:24,068 - fed_utils - INFO - load key [fc2.weight].length : 10080, cost time : 0m:0s:0ms
2024-11-15 10:15:24,068 - fed_utils - INFO - load key [fc2.bias].length : 84, cost time : 0m:0s:0ms
2024-11-15 10:15:30,752 - fed_utils - INFO - encrypting key [fc3.weight].length : 840, cost time : 0m:6s:683ms
2024-11-15 10:15:30,831 - fed_utils - INFO - encrypting key [fc3.bias].length : 10, cost time : 0m:0s:79ms
2024-11-15 10:15:30,831 - fl_main - INFO - Server receive client_dict[f_00002] info ...
2024-11-15 10:15:30,831 - fl_main - INFO - ----- client id [f_00003] -----
2024-11-15 10:15:30,833 - fl_main - INFO - client_dict[f_00003] training ...
2024-11-15 10:15:30,833 - client_base - INFO - client_dict[f_00003] training epoch : 0
2024-11-15 10:15:31,213 - client_base - INFO - local model train cost time : 0m:0s:379ms
2024-11-15 10:15:31,214 - client_base - INFO - model encode time : 0m:0s:1ms
2024-11-15 10:15:31,215 - fl_main - INFO - client_dict[f_00003] local model encrypting ...
2024-11-15 10:15:32,415 - fed_utils - INFO - encrypting key [conv1.weight].length : 150, cost time : 0m:1s:200ms
2024-11-15 10:15:32,462 - fed_utils - INFO - encrypting key [conv1.bias].length : 6, cost time : 0m:0s:47ms
2024-11-15 10:15:32,462 - fed_utils - INFO - load key [conv2.weight].length : 2400, cost time : 0m:0s:0ms
2024-11-15 10:15:32,462 - fed_utils - INFO - load key [conv2.bias].length : 16, cost time : 0m:0s:0ms
2024-11-15 10:15:32,464 - fed_utils - INFO - load key [fc1.weight].length : 48000, cost time : 0m:0s:1ms
2024-11-15 10:15:32,464 - fed_utils - INFO - load key [fc1.bias].length : 120, cost time : 0m:0s:0ms
2024-11-15 10:15:32,464 - fed_utils - INFO - load key [fc2.weight].length : 10080, cost time : 0m:0s:0ms
2024-11-15 10:15:32,464 - fed_utils - INFO - load key [fc2.bias].length : 84, cost time : 0m:0s:0ms
2024-11-15 10:15:39,108 - fed_utils - INFO - encrypting key [fc3.weight].length : 840, cost time : 0m:6s:644ms
2024-11-15 10:15:39,188 - fed_utils - INFO - encrypting key [fc3.bias].length : 10, cost time : 0m:0s:79ms
2024-11-15 10:15:39,188 - fl_main - INFO - Server receive client_dict[f_00003] info ...
2024-11-15 10:15:39,188 - fl_main - INFO - ----- client id [f_00004] -----
2024-11-15 10:15:39,189 - fl_main - INFO - client_dict[f_00004] training ...
2024-11-15 10:15:39,190 - client_base - INFO - client_dict[f_00004] training epoch : 0
2024-11-15 10:15:39,553 - client_base - INFO - local model train cost time : 0m:0s:362ms
2024-11-15 10:15:39,555 - client_base - INFO - model encode time : 0m:0s:1ms
2024-11-15 10:15:39,555 - fl_main - INFO - client_dict[f_00004] local model encrypting ...
2024-11-15 10:15:40,742 - fed_utils - INFO - encrypting key [conv1.weight].length : 150, cost time : 0m:1s:186ms
2024-11-15 10:15:40,789 - fed_utils - INFO - encrypting key [conv1.bias].length : 6, cost time : 0m:0s:47ms
2024-11-15 10:15:40,790 - fed_utils - INFO - load key [conv2.weight].length : 2400, cost time : 0m:0s:0ms
2024-11-15 10:15:40,790 - fed_utils - INFO - load key [conv2.bias].length : 16, cost time : 0m:0s:0ms
2024-11-15 10:15:40,791 - fed_utils - INFO - load key [fc1.weight].length : 48000, cost time : 0m:0s:1ms
2024-11-15 10:15:40,791 - fed_utils - INFO - load key [fc1.bias].length : 120, cost time : 0m:0s:0ms
2024-11-15 10:15:40,791 - fed_utils - INFO - load key [fc2.weight].length : 10080, cost time : 0m:0s:0ms
2024-11-15 10:15:40,791 - fed_utils - INFO - load key [fc2.bias].length : 84, cost time : 0m:0s:0ms
2024-11-15 10:15:47,581 - fed_utils - INFO - encrypting key [fc3.weight].length : 840, cost time : 0m:6s:789ms
2024-11-15 10:15:47,661 - fed_utils - INFO - encrypting key [fc3.bias].length : 10, cost time : 0m:0s:79ms
2024-11-15 10:15:47,661 - fl_main - INFO - Server receive client_dict[f_00004] info ...
2024-11-15 10:15:47,661 - fl_main - INFO - ----- client id [f_00005] -----
2024-11-15 10:15:47,662 - fl_main - INFO - client_dict[f_00005] training ...
2024-11-15 10:15:47,662 - client_base - INFO - client_dict[f_00005] training epoch : 0
2024-11-15 10:15:48,054 - client_base - INFO - local model train cost time : 0m:0s:391ms
2024-11-15 10:15:48,055 - client_base - INFO - model encode time : 0m:0s:1ms
2024-11-15 10:15:48,056 - fl_main - INFO - client_dict[f_00005] local model encrypting ...
2024-11-15 10:15:49,243 - fed_utils - INFO - encrypting key [conv1.weight].length : 150, cost time : 0m:1s:187ms
2024-11-15 10:15:49,290 - fed_utils - INFO - encrypting key [conv1.bias].length : 6, cost time : 0m:0s:47ms
2024-11-15 10:15:49,291 - fed_utils - INFO - load key [conv2.weight].length : 2400, cost time : 0m:0s:0ms
2024-11-15 10:15:49,291 - fed_utils - INFO - load key [conv2.bias].length : 16, cost time : 0m:0s:0ms
2024-11-15 10:15:49,292 - fed_utils - INFO - load key [fc1.weight].length : 48000, cost time : 0m:0s:1ms
2024-11-15 10:15:49,292 - fed_utils - INFO - load key [fc1.bias].length : 120, cost time : 0m:0s:0ms
2024-11-15 10:15:49,292 - fed_utils - INFO - load key [fc2.weight].length : 10080, cost time : 0m:0s:0ms
2024-11-15 10:15:49,292 - fed_utils - INFO - load key [fc2.bias].length : 84, cost time : 0m:0s:0ms
2024-11-15 10:15:55,923 - fed_utils - INFO - encrypting key [fc3.weight].length : 840, cost time : 0m:6s:630ms
2024-11-15 10:15:56,003 - fed_utils - INFO - encrypting key [fc3.bias].length : 10, cost time : 0m:0s:79ms
2024-11-15 10:15:56,003 - fl_main - INFO - Server receive client_dict[f_00005] info ...
2024-11-15 10:15:56,003 - fl_main - INFO - ----- client id [f_00006] -----
2024-11-15 10:15:56,004 - fl_main - INFO - client_dict[f_00006] training ...
2024-11-15 10:15:56,005 - client_base - INFO - client_dict[f_00006] training epoch : 0
2024-11-15 10:15:56,378 - client_base - INFO - local model train cost time : 0m:0s:372ms
2024-11-15 10:15:56,380 - client_base - INFO - model encode time : 0m:0s:1ms
2024-11-15 10:15:56,380 - fl_main - INFO - client_dict[f_00006] local model encrypting ...
2024-11-15 10:15:57,572 - fed_utils - INFO - encrypting key [conv1.weight].length : 150, cost time : 0m:1s:192ms
2024-11-15 10:15:57,621 - fed_utils - INFO - encrypting key [conv1.bias].length : 6, cost time : 0m:0s:48ms
2024-11-15 10:15:57,621 - fed_utils - INFO - load key [conv2.weight].length : 2400, cost time : 0m:0s:0ms
2024-11-15 10:15:57,621 - fed_utils - INFO - load key [conv2.bias].length : 16, cost time : 0m:0s:0ms
2024-11-15 10:15:57,622 - fed_utils - INFO - load key [fc1.weight].length : 48000, cost time : 0m:0s:1ms
2024-11-15 10:15:57,622 - fed_utils - INFO - load key [fc1.bias].length : 120, cost time : 0m:0s:0ms
2024-11-15 10:15:57,623 - fed_utils - INFO - load key [fc2.weight].length : 10080, cost time : 0m:0s:0ms
2024-11-15 10:15:57,623 - fed_utils - INFO - load key [fc2.bias].length : 84, cost time : 0m:0s:0ms
2024-11-15 10:16:04,267 - fed_utils - INFO - encrypting key [fc3.weight].length : 840, cost time : 0m:6s:643ms
2024-11-15 10:16:04,347 - fed_utils - INFO - encrypting key [fc3.bias].length : 10, cost time : 0m:0s:79ms
2024-11-15 10:16:04,347 - fl_main - INFO - Server receive client_dict[f_00006] info ...
2024-11-15 10:16:04,347 - fl_main - INFO - ----- client id [f_00007] -----
2024-11-15 10:16:04,348 - fl_main - INFO - client_dict[f_00007] training ...
2024-11-15 10:16:04,349 - client_base - INFO - client_dict[f_00007] training epoch : 0
2024-11-15 10:16:04,742 - client_base - INFO - local model train cost time : 0m:0s:393ms
2024-11-15 10:16:04,743 - client_base - INFO - model encode time : 0m:0s:1ms
2024-11-15 10:16:04,743 - fl_main - INFO - client_dict[f_00007] local model encrypting ...
2024-11-15 10:16:05,931 - fed_utils - INFO - encrypting key [conv1.weight].length : 150, cost time : 0m:1s:187ms
2024-11-15 10:16:05,978 - fed_utils - INFO - encrypting key [conv1.bias].length : 6, cost time : 0m:0s:47ms
2024-11-15 10:16:05,979 - fed_utils - INFO - load key [conv2.weight].length : 2400, cost time : 0m:0s:0ms
2024-11-15 10:16:05,979 - fed_utils - INFO - load key [conv2.bias].length : 16, cost time : 0m:0s:0ms
2024-11-15 10:16:05,980 - fed_utils - INFO - load key [fc1.weight].length : 48000, cost time : 0m:0s:1ms
2024-11-15 10:16:05,980 - fed_utils - INFO - load key [fc1.bias].length : 120, cost time : 0m:0s:0ms
2024-11-15 10:16:05,980 - fed_utils - INFO - load key [fc2.weight].length : 10080, cost time : 0m:0s:0ms
2024-11-15 10:16:05,980 - fed_utils - INFO - load key [fc2.bias].length : 84, cost time : 0m:0s:0ms
2024-11-15 10:16:12,669 - fed_utils - INFO - encrypting key [fc3.weight].length : 840, cost time : 0m:6s:688ms
2024-11-15 10:16:12,749 - fed_utils - INFO - encrypting key [fc3.bias].length : 10, cost time : 0m:0s:79ms
2024-11-15 10:16:12,749 - fl_main - INFO - Server receive client_dict[f_00007] info ...
2024-11-15 10:16:12,749 - fl_main - INFO - ----- client id [f_00008] -----
2024-11-15 10:16:12,750 - fl_main - INFO - client_dict[f_00008] training ...
2024-11-15 10:16:12,750 - client_base - INFO - client_dict[f_00008] training epoch : 0
2024-11-15 10:16:13,120 - client_base - INFO - local model train cost time : 0m:0s:369ms
2024-11-15 10:16:13,121 - client_base - INFO - model encode time : 0m:0s:1ms
2024-11-15 10:16:13,121 - fl_main - INFO - client_dict[f_00008] local model encrypting ...
2024-11-15 10:16:14,307 - fed_utils - INFO - encrypting key [conv1.weight].length : 150, cost time : 0m:1s:185ms
2024-11-15 10:16:14,354 - fed_utils - INFO - encrypting key [conv1.bias].length : 6, cost time : 0m:0s:47ms
2024-11-15 10:16:14,354 - fed_utils - INFO - load key [conv2.weight].length : 2400, cost time : 0m:0s:0ms
2024-11-15 10:16:14,354 - fed_utils - INFO - load key [conv2.bias].length : 16, cost time : 0m:0s:0ms
2024-11-15 10:16:14,356 - fed_utils - INFO - load key [fc1.weight].length : 48000, cost time : 0m:0s:1ms
2024-11-15 10:16:14,356 - fed_utils - INFO - load key [fc1.bias].length : 120, cost time : 0m:0s:0ms
2024-11-15 10:16:14,356 - fed_utils - INFO - load key [fc2.weight].length : 10080, cost time : 0m:0s:0ms
2024-11-15 10:16:14,356 - fed_utils - INFO - load key [fc2.bias].length : 84, cost time : 0m:0s:0ms
2024-11-15 10:16:21,010 - fed_utils - INFO - encrypting key [fc3.weight].length : 840, cost time : 0m:6s:653ms
2024-11-15 10:16:21,092 - fed_utils - INFO - encrypting key [fc3.bias].length : 10, cost time : 0m:0s:82ms
2024-11-15 10:16:21,092 - fl_main - INFO - Server receive client_dict[f_00008] info ...
2024-11-15 10:16:21,093 - fl_main - INFO - ----- client id [f_00009] -----
2024-11-15 10:16:21,094 - fl_main - INFO - client_dict[f_00009] training ...
2024-11-15 10:16:21,094 - client_base - INFO - client_dict[f_00009] training epoch : 0
2024-11-15 10:16:21,483 - client_base - INFO - local model train cost time : 0m:0s:388ms
2024-11-15 10:16:21,484 - client_base - INFO - model encode time : 0m:0s:1ms
2024-11-15 10:16:21,484 - fl_main - INFO - client_dict[f_00009] local model encrypting ...
2024-11-15 10:16:22,680 - fed_utils - INFO - encrypting key [conv1.weight].length : 150, cost time : 0m:1s:195ms
2024-11-15 10:16:22,728 - fed_utils - INFO - encrypting key [conv1.bias].length : 6, cost time : 0m:0s:47ms
2024-11-15 10:16:22,728 - fed_utils - INFO - load key [conv2.weight].length : 2400, cost time : 0m:0s:0ms
2024-11-15 10:16:22,728 - fed_utils - INFO - load key [conv2.bias].length : 16, cost time : 0m:0s:0ms
2024-11-15 10:16:22,729 - fed_utils - INFO - load key [fc1.weight].length : 48000, cost time : 0m:0s:1ms
2024-11-15 10:16:22,729 - fed_utils - INFO - load key [fc1.bias].length : 120, cost time : 0m:0s:0ms
2024-11-15 10:16:22,730 - fed_utils - INFO - load key [fc2.weight].length : 10080, cost time : 0m:0s:0ms
2024-11-15 10:16:22,730 - fed_utils - INFO - load key [fc2.bias].length : 84, cost time : 0m:0s:0ms
2024-11-15 10:16:29,493 - fed_utils - INFO - encrypting key [fc3.weight].length : 840, cost time : 0m:6s:763ms
2024-11-15 10:16:29,572 - fed_utils - INFO - encrypting key [fc3.bias].length : 10, cost time : 0m:0s:78ms
2024-11-15 10:16:29,572 - fl_main - INFO - Server receive client_dict[f_00009] info ...
2024-11-15 10:16:29,572 - fl_main - INFO - ----- client id [f_00010] -----
2024-11-15 10:16:29,573 - fl_main - INFO - client_dict[f_00010] training ...
2024-11-15 10:16:29,574 - client_base - INFO - client_dict[f_00010] training epoch : 0
2024-11-15 10:16:29,953 - client_base - INFO - local model train cost time : 0m:0s:379ms
2024-11-15 10:16:29,955 - client_base - INFO - model encode time : 0m:0s:1ms
2024-11-15 10:16:29,955 - fl_main - INFO - client_dict[f_00010] local model encrypting ...
2024-11-15 10:16:31,135 - fed_utils - INFO - encrypting key [conv1.weight].length : 150, cost time : 0m:1s:180ms
2024-11-15 10:16:31,182 - fed_utils - INFO - encrypting key [conv1.bias].length : 6, cost time : 0m:0s:47ms
2024-11-15 10:16:31,183 - fed_utils - INFO - load key [conv2.weight].length : 2400, cost time : 0m:0s:0ms
2024-11-15 10:16:31,183 - fed_utils - INFO - load key [conv2.bias].length : 16, cost time : 0m:0s:0ms
2024-11-15 10:16:31,184 - fed_utils - INFO - load key [fc1.weight].length : 48000, cost time : 0m:0s:1ms
2024-11-15 10:16:31,184 - fed_utils - INFO - load key [fc1.bias].length : 120, cost time : 0m:0s:0ms
2024-11-15 10:16:31,184 - fed_utils - INFO - load key [fc2.weight].length : 10080, cost time : 0m:0s:0ms
2024-11-15 10:16:31,184 - fed_utils - INFO - load key [fc2.bias].length : 84, cost time : 0m:0s:0ms
2024-11-15 10:16:37,869 - fed_utils - INFO - encrypting key [fc3.weight].length : 840, cost time : 0m:6s:684ms
2024-11-15 10:16:37,948 - fed_utils - INFO - encrypting key [fc3.bias].length : 10, cost time : 0m:0s:78ms
2024-11-15 10:16:37,948 - fl_main - INFO - Server receive client_dict[f_00010] info ...
2024-11-15 10:16:37,948 - fl_main - INFO - ----- client id [f_00011] -----
2024-11-15 10:16:37,949 - fl_main - INFO - client_dict[f_00011] training ...
2024-11-15 10:16:37,950 - client_base - INFO - client_dict[f_00011] training epoch : 0
2024-11-15 10:16:38,312 - client_base - INFO - local model train cost time : 0m:0s:362ms
2024-11-15 10:16:38,314 - client_base - INFO - model encode time : 0m:0s:1ms
2024-11-15 10:16:38,314 - fl_main - INFO - client_dict[f_00011] local model encrypting ...
2024-11-15 10:16:39,529 - fed_utils - INFO - encrypting key [conv1.weight].length : 150, cost time : 0m:1s:214ms
2024-11-15 10:16:39,578 - fed_utils - INFO - encrypting key [conv1.bias].length : 6, cost time : 0m:0s:49ms
2024-11-15 10:16:39,578 - fed_utils - INFO - load key [conv2.weight].length : 2400, cost time : 0m:0s:0ms
2024-11-15 10:16:39,578 - fed_utils - INFO - load key [conv2.bias].length : 16, cost time : 0m:0s:0ms
2024-11-15 10:16:39,580 - fed_utils - INFO - load key [fc1.weight].length : 48000, cost time : 0m:0s:1ms
2024-11-15 10:16:39,580 - fed_utils - INFO - load key [fc1.bias].length : 120, cost time : 0m:0s:0ms
2024-11-15 10:16:39,580 - fed_utils - INFO - load key [fc2.weight].length : 10080, cost time : 0m:0s:0ms
2024-11-15 10:16:39,580 - fed_utils - INFO - load key [fc2.bias].length : 84, cost time : 0m:0s:0ms
2024-11-15 10:16:46,257 - fed_utils - INFO - encrypting key [fc3.weight].length : 840, cost time : 0m:6s:676ms
2024-11-15 10:16:46,337 - fed_utils - INFO - encrypting key [fc3.bias].length : 10, cost time : 0m:0s:80ms
2024-11-15 10:16:46,337 - fl_main - INFO - Server receive client_dict[f_00011] info ...
2024-11-15 10:16:46,337 - fl_main - INFO - ----- client id [f_00012] -----
2024-11-15 10:16:46,339 - fl_main - INFO - client_dict[f_00012] training ...
2024-11-15 10:16:46,339 - client_base - INFO - client_dict[f_00012] training epoch : 0
2024-11-15 10:16:46,717 - client_base - INFO - local model train cost time : 0m:0s:377ms
2024-11-15 10:16:46,718 - client_base - INFO - model encode time : 0m:0s:1ms
2024-11-15 10:16:46,718 - fl_main - INFO - client_dict[f_00012] local model encrypting ...
2024-11-15 10:16:47,909 - fed_utils - INFO - encrypting key [conv1.weight].length : 150, cost time : 0m:1s:190ms
2024-11-15 10:16:47,958 - fed_utils - INFO - encrypting key [conv1.bias].length : 6, cost time : 0m:0s:48ms
2024-11-15 10:16:47,958 - fed_utils - INFO - load key [conv2.weight].length : 2400, cost time : 0m:0s:0ms
2024-11-15 10:16:47,958 - fed_utils - INFO - load key [conv2.bias].length : 16, cost time : 0m:0s:0ms
2024-11-15 10:16:47,959 - fed_utils - INFO - load key [fc1.weight].length : 48000, cost time : 0m:0s:1ms
2024-11-15 10:16:47,960 - fed_utils - INFO - load key [fc1.bias].length : 120, cost time : 0m:0s:0ms
2024-11-15 10:16:47,960 - fed_utils - INFO - load key [fc2.weight].length : 10080, cost time : 0m:0s:0ms
2024-11-15 10:16:47,960 - fed_utils - INFO - load key [fc2.bias].length : 84, cost time : 0m:0s:0ms
2024-11-15 10:16:54,677 - fed_utils - INFO - encrypting key [fc3.weight].length : 840, cost time : 0m:6s:716ms
2024-11-15 10:16:54,757 - fed_utils - INFO - encrypting key [fc3.bias].length : 10, cost time : 0m:0s:80ms
2024-11-15 10:16:54,757 - fl_main - INFO - Server receive client_dict[f_00012] info ...
2024-11-15 10:16:54,757 - fl_main - INFO - ----- client id [f_00013] -----
2024-11-15 10:16:54,758 - fl_main - INFO - client_dict[f_00013] training ...
2024-11-15 10:16:54,759 - client_base - INFO - client_dict[f_00013] training epoch : 0
2024-11-15 10:16:55,144 - client_base - INFO - local model train cost time : 0m:0s:385ms
2024-11-15 10:16:55,146 - client_base - INFO - model encode time : 0m:0s:1ms
2024-11-15 10:16:55,146 - fl_main - INFO - client_dict[f_00013] local model encrypting ...
2024-11-15 10:16:56,334 - fed_utils - INFO - encrypting key [conv1.weight].length : 150, cost time : 0m:1s:187ms
2024-11-15 10:16:56,382 - fed_utils - INFO - encrypting key [conv1.bias].length : 6, cost time : 0m:0s:47ms
2024-11-15 10:16:56,382 - fed_utils - INFO - load key [conv2.weight].length : 2400, cost time : 0m:0s:0ms
2024-11-15 10:16:56,382 - fed_utils - INFO - load key [conv2.bias].length : 16, cost time : 0m:0s:0ms
2024-11-15 10:16:56,383 - fed_utils - INFO - load key [fc1.weight].length : 48000, cost time : 0m:0s:1ms
2024-11-15 10:16:56,383 - fed_utils - INFO - load key [fc1.bias].length : 120, cost time : 0m:0s:0ms
2024-11-15 10:16:56,383 - fed_utils - INFO - load key [fc2.weight].length : 10080, cost time : 0m:0s:0ms
2024-11-15 10:16:56,383 - fed_utils - INFO - load key [fc2.bias].length : 84, cost time : 0m:0s:0ms
2024-11-15 10:17:03,084 - fed_utils - INFO - encrypting key [fc3.weight].length : 840, cost time : 0m:6s:700ms
2024-11-15 10:17:03,162 - fed_utils - INFO - encrypting key [fc3.bias].length : 10, cost time : 0m:0s:78ms
2024-11-15 10:17:03,162 - fl_main - INFO - Server receive client_dict[f_00013] info ...
2024-11-15 10:17:03,163 - fl_main - INFO - ----- client id [f_00014] -----
2024-11-15 10:17:03,164 - fl_main - INFO - client_dict[f_00014] training ...
2024-11-15 10:17:03,164 - client_base - INFO - client_dict[f_00014] training epoch : 0
2024-11-15 10:17:03,543 - client_base - INFO - local model train cost time : 0m:0s:378ms
2024-11-15 10:17:03,545 - client_base - INFO - model encode time : 0m:0s:1ms
2024-11-15 10:17:03,545 - fl_main - INFO - client_dict[f_00014] local model encrypting ...
2024-11-15 10:17:04,745 - fed_utils - INFO - encrypting key [conv1.weight].length : 150, cost time : 0m:1s:200ms
2024-11-15 10:17:04,796 - fed_utils - INFO - encrypting key [conv1.bias].length : 6, cost time : 0m:0s:50ms
2024-11-15 10:17:04,796 - fed_utils - INFO - load key [conv2.weight].length : 2400, cost time : 0m:0s:0ms
2024-11-15 10:17:04,796 - fed_utils - INFO - load key [conv2.bias].length : 16, cost time : 0m:0s:0ms
2024-11-15 10:17:04,797 - fed_utils - INFO - load key [fc1.weight].length : 48000, cost time : 0m:0s:1ms
2024-11-15 10:17:04,797 - fed_utils - INFO - load key [fc1.bias].length : 120, cost time : 0m:0s:0ms
2024-11-15 10:17:04,798 - fed_utils - INFO - load key [fc2.weight].length : 10080, cost time : 0m:0s:0ms
2024-11-15 10:17:04,798 - fed_utils - INFO - load key [fc2.bias].length : 84, cost time : 0m:0s:0ms
2024-11-15 10:17:11,435 - fed_utils - INFO - encrypting key [fc3.weight].length : 840, cost time : 0m:6s:637ms
2024-11-15 10:17:11,516 - fed_utils - INFO - encrypting key [fc3.bias].length : 10, cost time : 0m:0s:80ms
2024-11-15 10:17:11,516 - fl_main - INFO - Server receive client_dict[f_00014] info ...
2024-11-15 10:17:11,516 - fl_main - INFO - ----- client id [f_00015] -----
2024-11-15 10:17:11,517 - fl_main - INFO - client_dict[f_00015] training ...
2024-11-15 10:17:11,518 - client_base - INFO - client_dict[f_00015] training epoch : 0
2024-11-15 10:17:11,907 - client_base - INFO - local model train cost time : 0m:0s:388ms
2024-11-15 10:17:11,908 - client_base - INFO - model encode time : 0m:0s:1ms
2024-11-15 10:17:11,909 - fl_main - INFO - client_dict[f_00015] local model encrypting ...
2024-11-15 10:17:13,097 - fed_utils - INFO - encrypting key [conv1.weight].length : 150, cost time : 0m:1s:188ms
2024-11-15 10:17:13,145 - fed_utils - INFO - encrypting key [conv1.bias].length : 6, cost time : 0m:0s:47ms
2024-11-15 10:17:13,145 - fed_utils - INFO - load key [conv2.weight].length : 2400, cost time : 0m:0s:0ms
2024-11-15 10:17:13,145 - fed_utils - INFO - load key [conv2.bias].length : 16, cost time : 0m:0s:0ms
2024-11-15 10:17:13,146 - fed_utils - INFO - load key [fc1.weight].length : 48000, cost time : 0m:0s:1ms
2024-11-15 10:17:13,146 - fed_utils - INFO - load key [fc1.bias].length : 120, cost time : 0m:0s:0ms
2024-11-15 10:17:13,147 - fed_utils - INFO - load key [fc2.weight].length : 10080, cost time : 0m:0s:0ms
2024-11-15 10:17:13,147 - fed_utils - INFO - load key [fc2.bias].length : 84, cost time : 0m:0s:0ms
2024-11-15 10:17:19,815 - fed_utils - INFO - encrypting key [fc3.weight].length : 840, cost time : 0m:6s:668ms
2024-11-15 10:17:19,896 - fed_utils - INFO - encrypting key [fc3.bias].length : 10, cost time : 0m:0s:80ms
2024-11-15 10:17:19,896 - fl_main - INFO - Server receive client_dict[f_00015] info ...
2024-11-15 10:17:19,896 - fl_main - INFO - ----- client id [f_00016] -----
2024-11-15 10:17:19,897 - fl_main - INFO - client_dict[f_00016] training ...
2024-11-15 10:17:19,898 - client_base - INFO - client_dict[f_00016] training epoch : 0
2024-11-15 10:17:20,291 - client_base - INFO - local model train cost time : 0m:0s:392ms
2024-11-15 10:17:20,292 - client_base - INFO - model encode time : 0m:0s:1ms
2024-11-15 10:17:20,292 - fl_main - INFO - client_dict[f_00016] local model encrypting ...
2024-11-15 10:17:21,481 - fed_utils - INFO - encrypting key [conv1.weight].length : 150, cost time : 0m:1s:188ms
2024-11-15 10:17:21,529 - fed_utils - INFO - encrypting key [conv1.bias].length : 6, cost time : 0m:0s:47ms
2024-11-15 10:17:21,529 - fed_utils - INFO - load key [conv2.weight].length : 2400, cost time : 0m:0s:0ms
2024-11-15 10:17:21,529 - fed_utils - INFO - load key [conv2.bias].length : 16, cost time : 0m:0s:0ms
2024-11-15 10:17:21,530 - fed_utils - INFO - load key [fc1.weight].length : 48000, cost time : 0m:0s:1ms
2024-11-15 10:17:21,530 - fed_utils - INFO - load key [fc1.bias].length : 120, cost time : 0m:0s:0ms
2024-11-15 10:17:21,531 - fed_utils - INFO - load key [fc2.weight].length : 10080, cost time : 0m:0s:0ms
2024-11-15 10:17:21,531 - fed_utils - INFO - load key [fc2.bias].length : 84, cost time : 0m:0s:0ms
2024-11-15 10:17:28,198 - fed_utils - INFO - encrypting key [fc3.weight].length : 840, cost time : 0m:6s:667ms
2024-11-15 10:17:28,281 - fed_utils - INFO - encrypting key [fc3.bias].length : 10, cost time : 0m:0s:82ms
2024-11-15 10:17:28,281 - fl_main - INFO - Server receive client_dict[f_00016] info ...
2024-11-15 10:17:28,281 - fl_main - INFO - ----- client id [f_00017] -----
2024-11-15 10:17:28,282 - fl_main - INFO - client_dict[f_00017] training ...
2024-11-15 10:17:28,283 - client_base - INFO - client_dict[f_00017] training epoch : 0
2024-11-15 10:17:28,669 - client_base - INFO - local model train cost time : 0m:0s:386ms
2024-11-15 10:17:28,671 - client_base - INFO - model encode time : 0m:0s:1ms
2024-11-15 10:17:28,671 - fl_main - INFO - client_dict[f_00017] local model encrypting ...
2024-11-15 10:17:29,867 - fed_utils - INFO - encrypting key [conv1.weight].length : 150, cost time : 0m:1s:196ms
2024-11-15 10:17:29,915 - fed_utils - INFO - encrypting key [conv1.bias].length : 6, cost time : 0m:0s:47ms
2024-11-15 10:17:29,915 - fed_utils - INFO - load key [conv2.weight].length : 2400, cost time : 0m:0s:0ms
2024-11-15 10:17:29,915 - fed_utils - INFO - load key [conv2.bias].length : 16, cost time : 0m:0s:0ms
2024-11-15 10:17:29,916 - fed_utils - INFO - load key [fc1.weight].length : 48000, cost time : 0m:0s:1ms
2024-11-15 10:17:29,916 - fed_utils - INFO - load key [fc1.bias].length : 120, cost time : 0m:0s:0ms
2024-11-15 10:17:29,917 - fed_utils - INFO - load key [fc2.weight].length : 10080, cost time : 0m:0s:0ms
2024-11-15 10:17:29,917 - fed_utils - INFO - load key [fc2.bias].length : 84, cost time : 0m:0s:0ms
2024-11-15 10:17:36,644 - fed_utils - INFO - encrypting key [fc3.weight].length : 840, cost time : 0m:6s:727ms
2024-11-15 10:17:36,725 - fed_utils - INFO - encrypting key [fc3.bias].length : 10, cost time : 0m:0s:80ms
2024-11-15 10:17:36,725 - fl_main - INFO - Server receive client_dict[f_00017] info ...
2024-11-15 10:17:36,725 - fl_main - INFO - ----- client id [f_00018] -----
2024-11-15 10:17:36,726 - fl_main - INFO - client_dict[f_00018] training ...
2024-11-15 10:17:36,727 - client_base - INFO - client_dict[f_00018] training epoch : 0
2024-11-15 10:17:37,137 - client_base - INFO - local model train cost time : 0m:0s:409ms
2024-11-15 10:17:37,140 - client_base - INFO - model encode time : 0m:0s:2ms
2024-11-15 10:17:37,140 - fl_main - INFO - client_dict[f_00018] local model encrypting ...
2024-11-15 10:17:38,356 - fed_utils - INFO - encrypting key [conv1.weight].length : 150, cost time : 0m:1s:215ms
2024-11-15 10:17:38,405 - fed_utils - INFO - encrypting key [conv1.bias].length : 6, cost time : 0m:0s:49ms
2024-11-15 10:17:38,406 - fed_utils - INFO - load key [conv2.weight].length : 2400, cost time : 0m:0s:0ms
2024-11-15 10:17:38,406 - fed_utils - INFO - load key [conv2.bias].length : 16, cost time : 0m:0s:0ms
2024-11-15 10:17:38,407 - fed_utils - INFO - load key [fc1.weight].length : 48000, cost time : 0m:0s:1ms
2024-11-15 10:17:38,407 - fed_utils - INFO - load key [fc1.bias].length : 120, cost time : 0m:0s:0ms
2024-11-15 10:17:38,407 - fed_utils - INFO - load key [fc2.weight].length : 10080, cost time : 0m:0s:0ms
2024-11-15 10:17:38,407 - fed_utils - INFO - load key [fc2.bias].length : 84, cost time : 0m:0s:0ms
2024-11-15 10:17:45,211 - fed_utils - INFO - encrypting key [fc3.weight].length : 840, cost time : 0m:6s:803ms
2024-11-15 10:17:45,293 - fed_utils - INFO - encrypting key [fc3.bias].length : 10, cost time : 0m:0s:81ms
2024-11-15 10:17:45,293 - fl_main - INFO - Server receive client_dict[f_00018] info ...
2024-11-15 10:17:45,293 - fl_main - INFO - ----- client id [f_00019] -----
2024-11-15 10:17:45,294 - fl_main - INFO - client_dict[f_00019] training ...
2024-11-15 10:17:45,295 - client_base - INFO - client_dict[f_00019] training epoch : 0
2024-11-15 10:17:45,664 - client_base - INFO - local model train cost time : 0m:0s:369ms
2024-11-15 10:17:45,666 - client_base - INFO - model encode time : 0m:0s:1ms
2024-11-15 10:17:45,666 - fl_main - INFO - client_dict[f_00019] local model encrypting ...
2024-11-15 10:17:46,873 - fed_utils - INFO - encrypting key [conv1.weight].length : 150, cost time : 0m:1s:206ms
2024-11-15 10:17:46,922 - fed_utils - INFO - encrypting key [conv1.bias].length : 6, cost time : 0m:0s:48ms
2024-11-15 10:17:46,922 - fed_utils - INFO - load key [conv2.weight].length : 2400, cost time : 0m:0s:0ms
2024-11-15 10:17:46,922 - fed_utils - INFO - load key [conv2.bias].length : 16, cost time : 0m:0s:0ms
2024-11-15 10:17:46,923 - fed_utils - INFO - load key [fc1.weight].length : 48000, cost time : 0m:0s:1ms
2024-11-15 10:17:46,924 - fed_utils - INFO - load key [fc1.bias].length : 120, cost time : 0m:0s:0ms
2024-11-15 10:17:46,924 - fed_utils - INFO - load key [fc2.weight].length : 10080, cost time : 0m:0s:0ms
2024-11-15 10:17:46,924 - fed_utils - INFO - load key [fc2.bias].length : 84, cost time : 0m:0s:0ms
2024-11-15 10:17:53,808 - fed_utils - INFO - encrypting key [fc3.weight].length : 840, cost time : 0m:6s:883ms
2024-11-15 10:17:53,890 - fed_utils - INFO - encrypting key [fc3.bias].length : 10, cost time : 0m:0s:82ms
2024-11-15 10:17:53,890 - fl_main - INFO - Server receive client_dict[f_00019] info ...
2024-11-15 10:17:53,890 - fl_main - INFO - global aggregation process ...
2024-11-15 10:17:53,891 - fed_utils - INFO - server.n_data : 60000
2024-11-15 10:17:53,891 - fed_utils - INFO - client_dict[f_00000].weight : 0.050000
2024-11-15 10:17:53,891 - fed_utils - INFO - client_dict[f_00001].weight : 0.050000
2024-11-15 10:17:53,891 - fed_utils - INFO - client_dict[f_00002].weight : 0.050000
2024-11-15 10:17:53,891 - fed_utils - INFO - client_dict[f_00003].weight : 0.050000
2024-11-15 10:17:53,891 - fed_utils - INFO - client_dict[f_00004].weight : 0.050000
2024-11-15 10:17:53,891 - fed_utils - INFO - client_dict[f_00005].weight : 0.050000
2024-11-15 10:17:53,891 - fed_utils - INFO - client_dict[f_00006].weight : 0.050000
2024-11-15 10:17:53,891 - fed_utils - INFO - client_dict[f_00007].weight : 0.050000
2024-11-15 10:17:53,891 - fed_utils - INFO - client_dict[f_00008].weight : 0.050000
2024-11-15 10:17:53,891 - fed_utils - INFO - client_dict[f_00009].weight : 0.050000
2024-11-15 10:17:53,891 - fed_utils - INFO - client_dict[f_00010].weight : 0.050000
2024-11-15 10:17:53,891 - fed_utils - INFO - client_dict[f_00011].weight : 0.050000
2024-11-15 10:17:53,891 - fed_utils - INFO - client_dict[f_00012].weight : 0.050000
2024-11-15 10:17:53,891 - fed_utils - INFO - client_dict[f_00013].weight : 0.050000
2024-11-15 10:17:53,891 - fed_utils - INFO - client_dict[f_00014].weight : 0.050000
2024-11-15 10:17:53,891 - fed_utils - INFO - client_dict[f_00015].weight : 0.050000
2024-11-15 10:17:53,891 - fed_utils - INFO - client_dict[f_00016].weight : 0.050000
2024-11-15 10:17:53,891 - fed_utils - INFO - client_dict[f_00017].weight : 0.050000
2024-11-15 10:17:53,891 - fed_utils - INFO - client_dict[f_00018].weight : 0.050000
2024-11-15 10:17:53,891 - fed_utils - INFO - client_dict[f_00019].weight : 0.050000
2024-11-15 10:17:53,892 - fed_utils - INFO - recover secret number by clients: 789319.750000
2024-11-15 10:17:53,892 - server_base - INFO - Server aggregate model with homomorphic encryption ...
2024-11-15 10:18:00,946 - server_base - INFO - Server aggregate model done, cost time : 0m:7s:54ms
2024-11-15 10:18:01,299 - fed_utils - INFO - decrypting key [conv1.weight].shape [torch.Size([6, 1, 5, 5])]
2024-11-15 10:18:01,313 - fed_utils - INFO - decrypting key [conv1.bias].shape [torch.Size([6])]
2024-11-15 10:18:01,313 - fed_utils - INFO - decrypting key [conv2.weight].shape [torch.Size([16, 6, 5, 5])]
2024-11-15 10:18:01,313 - fed_utils - INFO - decrypting key [conv2.bias].shape [torch.Size([16])]
2024-11-15 10:18:01,313 - fed_utils - INFO - decrypting key [fc1.weight].shape [torch.Size([120, 400])]
2024-11-15 10:18:01,313 - fed_utils - INFO - decrypting key [fc1.bias].shape [torch.Size([120])]
2024-11-15 10:18:01,313 - fed_utils - INFO - decrypting key [fc2.weight].shape [torch.Size([84, 120])]
2024-11-15 10:18:01,313 - fed_utils - INFO - decrypting key [fc2.bias].shape [torch.Size([84])]
2024-11-15 10:18:03,326 - fed_utils - INFO - decrypting key [fc3.weight].shape [torch.Size([10, 84])]
2024-11-15 10:18:03,349 - fed_utils - INFO - decrypting key [fc3.bias].shape [torch.Size([10])]
2024-11-15 10:18:03,349 - fed_utils - INFO - decrypt time : [0m:2s:402ms]
2024-11-15 10:18:03,365 - fl_main - INFO - [global round : 0] aggregated model loss : 2.296599505668039
2024-11-15 10:18:03,366 - fl_main - INFO - global round : 1
2024-11-15 10:18:03,366 - fl_main - INFO - the random client id to test accuracy : f_00008
2024-11-15 10:18:03,366 - fl_main - INFO - ----- client id [f_00000] -----
2024-11-15 10:18:03,367 - client_base - INFO - recover model cost time : 0m:0s:0ms
2024-11-15 10:18:03,368 - fl_main - INFO - client_dict[f_00000] training ...
2024-11-15 10:18:03,368 - client_base - INFO - client_dict[f_00000] training epoch : 0
2024-11-15 10:18:03,781 - client_base - INFO - local model train cost time : 0m:0s:412ms
2024-11-15 10:18:03,782 - client_base - INFO - model encode time : 0m:0s:1ms
2024-11-15 10:18:03,783 - fl_main - INFO - client_dict[f_00000] local model encrypting ...
2024-11-15 10:18:05,267 - fed_utils - INFO - encrypting key [conv1.weight].length : 150, cost time : 0m:1s:484ms
2024-11-15 10:18:05,336 - fed_utils - INFO - encrypting key [conv1.bias].length : 6, cost time : 0m:0s:68ms
2024-11-15 10:18:05,336 - fed_utils - INFO - load key [conv2.weight].length : 2400, cost time : 0m:0s:0ms
2024-11-15 10:18:05,336 - fed_utils - INFO - load key [conv2.bias].length : 16, cost time : 0m:0s:0ms
2024-11-15 10:18:05,338 - fed_utils - INFO - load key [fc1.weight].length : 48000, cost time : 0m:0s:1ms
2024-11-15 10:18:05,338 - fed_utils - INFO - load key [fc1.bias].length : 120, cost time : 0m:0s:0ms
2024-11-15 10:18:05,338 - fed_utils - INFO - load key [fc2.weight].length : 10080, cost time : 0m:0s:0ms
2024-11-15 10:18:05,338 - fed_utils - INFO - load key [fc2.bias].length : 84, cost time : 0m:0s:0ms
2024-11-15 10:18:12,669 - fed_utils - INFO - encrypting key [fc3.weight].length : 840, cost time : 0m:7s:330ms
2024-11-15 10:18:12,750 - fed_utils - INFO - encrypting key [fc3.bias].length : 10, cost time : 0m:0s:80ms
2024-11-15 10:18:12,752 - fl_main - INFO - Server receive client_dict[f_00000] info ...
2024-11-15 10:18:12,752 - fl_main - INFO - ----- client id [f_00001] -----
2024-11-15 10:18:12,755 - client_base - INFO - recover model cost time : 0m:0s:0ms
2024-11-15 10:18:12,755 - fl_main - INFO - client_dict[f_00001] training ...
2024-11-15 10:18:12,756 - client_base - INFO - client_dict[f_00001] training epoch : 0
2024-11-15 10:18:13,178 - client_base - INFO - local model train cost time : 0m:0s:422ms
2024-11-15 10:18:13,180 - client_base - INFO - model encode time : 0m:0s:1ms
2024-11-15 10:18:13,180 - fl_main - INFO - client_dict[f_00001] local model encrypting ...
2024-11-15 10:18:14,415 - fed_utils - INFO - encrypting key [conv1.weight].length : 150, cost time : 0m:1s:234ms
2024-11-15 10:18:14,464 - fed_utils - INFO - encrypting key [conv1.bias].length : 6, cost time : 0m:0s:49ms
2024-11-15 10:18:14,465 - fed_utils - INFO - load key [conv2.weight].length : 2400, cost time : 0m:0s:0ms
2024-11-15 10:18:14,465 - fed_utils - INFO - load key [conv2.bias].length : 16, cost time : 0m:0s:0ms
2024-11-15 10:18:14,466 - fed_utils - INFO - load key [fc1.weight].length : 48000, cost time : 0m:0s:0ms
2024-11-15 10:18:14,466 - fed_utils - INFO - load key [fc1.bias].length : 120, cost time : 0m:0s:0ms
2024-11-15 10:18:14,466 - fed_utils - INFO - load key [fc2.weight].length : 10080, cost time : 0m:0s:0ms
2024-11-15 10:18:14,466 - fed_utils - INFO - load key [fc2.bias].length : 84, cost time : 0m:0s:0ms
2024-11-15 10:18:21,228 - fed_utils - INFO - encrypting key [fc3.weight].length : 840, cost time : 0m:6s:761ms
2024-11-15 10:18:21,307 - fed_utils - INFO - encrypting key [fc3.bias].length : 10, cost time : 0m:0s:78ms
2024-11-15 10:18:21,307 - fl_main - INFO - Server receive client_dict[f_00001] info ...
2024-11-15 10:18:21,307 - fl_main - INFO - ----- client id [f_00002] -----
2024-11-15 10:18:21,308 - client_base - INFO - recover model cost time : 0m:0s:0ms
2024-11-15 10:18:21,308 - fl_main - INFO - client_dict[f_00002] training ...
2024-11-15 10:18:21,309 - client_base - INFO - client_dict[f_00002] training epoch : 0
2024-11-15 10:18:21,683 - client_base - INFO - local model train cost time : 0m:0s:373ms
2024-11-15 10:18:21,684 - client_base - INFO - model encode time : 0m:0s:1ms
2024-11-15 10:18:21,684 - fl_main - INFO - client_dict[f_00002] local model encrypting ...
2024-11-15 10:18:22,866 - fed_utils - INFO - encrypting key [conv1.weight].length : 150, cost time : 0m:1s:181ms
2024-11-15 10:18:22,914 - fed_utils - INFO - encrypting key [conv1.bias].length : 6, cost time : 0m:0s:47ms
2024-11-15 10:18:22,914 - fed_utils - INFO - load key [conv2.weight].length : 2400, cost time : 0m:0s:0ms
2024-11-15 10:18:22,914 - fed_utils - INFO - load key [conv2.bias].length : 16, cost time : 0m:0s:0ms
2024-11-15 10:18:22,915 - fed_utils - INFO - load key [fc1.weight].length : 48000, cost time : 0m:0s:0ms
2024-11-15 10:18:22,915 - fed_utils - INFO - load key [fc1.bias].length : 120, cost time : 0m:0s:0ms
2024-11-15 10:18:22,915 - fed_utils - INFO - load key [fc2.weight].length : 10080, cost time : 0m:0s:0ms
2024-11-15 10:18:22,916 - fed_utils - INFO - load key [fc2.bias].length : 84, cost time : 0m:0s:0ms
2024-11-15 10:18:29,530 - fed_utils - INFO - encrypting key [fc3.weight].length : 840, cost time : 0m:6s:614ms
2024-11-15 10:18:29,609 - fed_utils - INFO - encrypting key [fc3.bias].length : 10, cost time : 0m:0s:78ms
2024-11-15 10:18:29,609 - fl_main - INFO - Server receive client_dict[f_00002] info ...
2024-11-15 10:18:29,609 - fl_main - INFO - ----- client id [f_00003] -----
2024-11-15 10:18:29,610 - client_base - INFO - recover model cost time : 0m:0s:0ms
2024-11-15 10:18:29,610 - fl_main - INFO - client_dict[f_00003] training ...
2024-11-15 10:18:29,611 - client_base - INFO - client_dict[f_00003] training epoch : 0
2024-11-15 10:18:29,974 - client_base - INFO - local model train cost time : 0m:0s:362ms
2024-11-15 10:18:29,975 - client_base - INFO - model encode time : 0m:0s:1ms
2024-11-15 10:18:29,975 - fl_main - INFO - client_dict[f_00003] local model encrypting ...
2024-11-15 10:18:31,162 - fed_utils - INFO - encrypting key [conv1.weight].length : 150, cost time : 0m:1s:186ms
2024-11-15 10:18:31,214 - fed_utils - INFO - encrypting key [conv1.bias].length : 6, cost time : 0m:0s:51ms
2024-11-15 10:18:31,214 - fed_utils - INFO - load key [conv2.weight].length : 2400, cost time : 0m:0s:0ms
2024-11-15 10:18:31,214 - fed_utils - INFO - load key [conv2.bias].length : 16, cost time : 0m:0s:0ms
2024-11-15 10:18:31,215 - fed_utils - INFO - load key [fc1.weight].length : 48000, cost time : 0m:0s:0ms
2024-11-15 10:18:31,215 - fed_utils - INFO - load key [fc1.bias].length : 120, cost time : 0m:0s:0ms
2024-11-15 10:18:31,216 - fed_utils - INFO - load key [fc2.weight].length : 10080, cost time : 0m:0s:0ms
2024-11-15 10:18:31,216 - fed_utils - INFO - load key [fc2.bias].length : 84, cost time : 0m:0s:0ms
2024-11-15 10:18:37,899 - fed_utils - INFO - encrypting key [fc3.weight].length : 840, cost time : 0m:6s:682ms
2024-11-15 10:18:37,978 - fed_utils - INFO - encrypting key [fc3.bias].length : 10, cost time : 0m:0s:78ms
2024-11-15 10:18:37,978 - fl_main - INFO - Server receive client_dict[f_00003] info ...
2024-11-15 10:18:37,978 - fl_main - INFO - ----- client id [f_00004] -----
2024-11-15 10:18:37,979 - client_base - INFO - recover model cost time : 0m:0s:0ms
2024-11-15 10:18:37,979 - fl_main - INFO - client_dict[f_00004] training ...
2024-11-15 10:18:37,980 - client_base - INFO - client_dict[f_00004] training epoch : 0
2024-11-15 10:18:38,360 - client_base - INFO - local model train cost time : 0m:0s:379ms
2024-11-15 10:18:38,361 - client_base - INFO - model encode time : 0m:0s:1ms
2024-11-15 10:18:38,361 - fl_main - INFO - client_dict[f_00004] local model encrypting ...
2024-11-15 10:18:39,555 - fed_utils - INFO - encrypting key [conv1.weight].length : 150, cost time : 0m:1s:194ms
2024-11-15 10:18:39,603 - fed_utils - INFO - encrypting key [conv1.bias].length : 6, cost time : 0m:0s:47ms
2024-11-15 10:18:39,603 - fed_utils - INFO - load key [conv2.weight].length : 2400, cost time : 0m:0s:0ms
2024-11-15 10:18:39,603 - fed_utils - INFO - load key [conv2.bias].length : 16, cost time : 0m:0s:0ms
2024-11-15 10:18:39,604 - fed_utils - INFO - load key [fc1.weight].length : 48000, cost time : 0m:0s:0ms
2024-11-15 10:18:39,604 - fed_utils - INFO - load key [fc1.bias].length : 120, cost time : 0m:0s:0ms
2024-11-15 10:18:39,605 - fed_utils - INFO - load key [fc2.weight].length : 10080, cost time : 0m:0s:0ms
2024-11-15 10:18:39,605 - fed_utils - INFO - load key [fc2.bias].length : 84, cost time : 0m:0s:0ms
2024-11-15 10:18:46,641 - fed_utils - INFO - encrypting key [fc3.weight].length : 840, cost time : 0m:7s:36ms
2024-11-15 10:18:46,723 - fed_utils - INFO - encrypting key [fc3.bias].length : 10, cost time : 0m:0s:82ms
2024-11-15 10:18:46,723 - fl_main - INFO - Server receive client_dict[f_00004] info ...
2024-11-15 10:18:46,723 - fl_main - INFO - ----- client id [f_00005] -----
2024-11-15 10:18:46,725 - client_base - INFO - recover model cost time : 0m:0s:0ms
2024-11-15 10:18:46,725 - fl_main - INFO - client_dict[f_00005] training ...
2024-11-15 10:18:46,726 - client_base - INFO - client_dict[f_00005] training epoch : 0
2024-11-15 10:18:47,150 - client_base - INFO - local model train cost time : 0m:0s:424ms
2024-11-15 10:18:47,151 - client_base - INFO - model encode time : 0m:0s:1ms
2024-11-15 10:18:47,152 - fl_main - INFO - client_dict[f_00005] local model encrypting ...
2024-11-15 10:18:48,402 - fed_utils - INFO - encrypting key [conv1.weight].length : 150, cost time : 0m:1s:250ms
2024-11-15 10:18:48,450 - fed_utils - INFO - encrypting key [conv1.bias].length : 6, cost time : 0m:0s:47ms
2024-11-15 10:18:48,450 - fed_utils - INFO - load key [conv2.weight].length : 2400, cost time : 0m:0s:0ms
2024-11-15 10:18:48,450 - fed_utils - INFO - load key [conv2.bias].length : 16, cost time : 0m:0s:0ms
2024-11-15 10:18:48,452 - fed_utils - INFO - load key [fc1.weight].length : 48000, cost time : 0m:0s:1ms
2024-11-15 10:18:48,452 - fed_utils - INFO - load key [fc1.bias].length : 120, cost time : 0m:0s:0ms
2024-11-15 10:18:48,452 - fed_utils - INFO - load key [fc2.weight].length : 10080, cost time : 0m:0s:0ms
2024-11-15 10:18:48,452 - fed_utils - INFO - load key [fc2.bias].length : 84, cost time : 0m:0s:0ms
2024-11-15 10:18:55,541 - fed_utils - INFO - encrypting key [fc3.weight].length : 840, cost time : 0m:7s:88ms
2024-11-15 10:18:55,620 - fed_utils - INFO - encrypting key [fc3.bias].length : 10, cost time : 0m:0s:78ms
2024-11-15 10:18:55,620 - fl_main - INFO - Server receive client_dict[f_00005] info ...
2024-11-15 10:18:55,620 - fl_main - INFO - ----- client id [f_00006] -----
2024-11-15 10:18:55,621 - client_base - INFO - recover model cost time : 0m:0s:0ms
2024-11-15 10:18:55,622 - fl_main - INFO - client_dict[f_00006] training ...
2024-11-15 10:18:55,622 - client_base - INFO - client_dict[f_00006] training epoch : 0
2024-11-15 10:18:56,092 - client_base - INFO - local model train cost time : 0m:0s:470ms
2024-11-15 10:18:56,094 - client_base - INFO - model encode time : 0m:0s:1ms
2024-11-15 10:18:56,094 - fl_main - INFO - client_dict[f_00006] local model encrypting ...
2024-11-15 10:18:57,283 - fed_utils - INFO - encrypting key [conv1.weight].length : 150, cost time : 0m:1s:188ms
2024-11-15 10:18:57,366 - fed_utils - INFO - encrypting key [conv1.bias].length : 6, cost time : 0m:0s:83ms
2024-11-15 10:18:57,367 - fed_utils - INFO - load key [conv2.weight].length : 2400, cost time : 0m:0s:0ms
2024-11-15 10:18:57,367 - fed_utils - INFO - load key [conv2.bias].length : 16, cost time : 0m:0s:0ms
2024-11-15 10:18:57,369 - fed_utils - INFO - load key [fc1.weight].length : 48000, cost time : 0m:0s:1ms
2024-11-15 10:18:57,369 - fed_utils - INFO - load key [fc1.bias].length : 120, cost time : 0m:0s:0ms
2024-11-15 10:18:57,369 - fed_utils - INFO - load key [fc2.weight].length : 10080, cost time : 0m:0s:0ms
2024-11-15 10:18:57,369 - fed_utils - INFO - load key [fc2.bias].length : 84, cost time : 0m:0s:0ms
2024-11-15 10:19:04,511 - fed_utils - INFO - encrypting key [fc3.weight].length : 840, cost time : 0m:7s:141ms
2024-11-15 10:19:04,592 - fed_utils - INFO - encrypting key [fc3.bias].length : 10, cost time : 0m:0s:81ms
2024-11-15 10:19:04,592 - fl_main - INFO - Server receive client_dict[f_00006] info ...
2024-11-15 10:19:04,593 - fl_main - INFO - ----- client id [f_00007] -----
2024-11-15 10:19:04,594 - client_base - INFO - recover model cost time : 0m:0s:0ms
2024-11-15 10:19:04,594 - fl_main - INFO - client_dict[f_00007] training ...
2024-11-15 10:19:04,594 - client_base - INFO - client_dict[f_00007] training epoch : 0
2024-11-15 10:19:04,965 - client_base - INFO - local model train cost time : 0m:0s:370ms
2024-11-15 10:19:04,967 - client_base - INFO - model encode time : 0m:0s:1ms
2024-11-15 10:19:04,967 - fl_main - INFO - client_dict[f_00007] local model encrypting ...
2024-11-15 10:19:06,263 - fed_utils - INFO - encrypting key [conv1.weight].length : 150, cost time : 0m:1s:295ms
2024-11-15 10:19:06,319 - fed_utils - INFO - encrypting key [conv1.bias].length : 6, cost time : 0m:0s:55ms
2024-11-15 10:19:06,319 - fed_utils - INFO - load key [conv2.weight].length : 2400, cost time : 0m:0s:0ms
2024-11-15 10:19:06,319 - fed_utils - INFO - load key [conv2.bias].length : 16, cost time : 0m:0s:0ms
2024-11-15 10:19:06,321 - fed_utils - INFO - load key [fc1.weight].length : 48000, cost time : 0m:0s:1ms
2024-11-15 10:19:06,321 - fed_utils - INFO - load key [fc1.bias].length : 120, cost time : 0m:0s:0ms
2024-11-15 10:19:06,322 - fed_utils - INFO - load key [fc2.weight].length : 10080, cost time : 0m:0s:0ms
2024-11-15 10:19:06,322 - fed_utils - INFO - load key [fc2.bias].length : 84, cost time : 0m:0s:0ms
2024-11-15 10:19:13,616 - fed_utils - INFO - encrypting key [fc3.weight].length : 840, cost time : 0m:7s:294ms
2024-11-15 10:19:13,695 - fed_utils - INFO - encrypting key [fc3.bias].length : 10, cost time : 0m:0s:78ms
2024-11-15 10:19:13,695 - fl_main - INFO - Server receive client_dict[f_00007] info ...
2024-11-15 10:19:13,695 - fl_main - INFO - ----- client id [f_00008] -----
2024-11-15 10:19:13,696 - client_base - INFO - recover model cost time : 0m:0s:0ms
2024-11-15 10:19:14,649 - fl_main - INFO - global round [1] client_dict[f_00008].accuracy : 0.103000
2024-11-15 10:19:14,649 - fl_main - INFO - client_dict[f_00008] training ...
2024-11-15 10:19:14,649 - client_base - INFO - client_dict[f_00008] training epoch : 0
2024-11-15 10:19:15,022 - client_base - INFO - local model train cost time : 0m:0s:372ms
2024-11-15 10:19:15,024 - client_base - INFO - model encode time : 0m:0s:1ms
2024-11-15 10:19:15,024 - fl_main - INFO - client_dict[f_00008] local model encrypting ...
2024-11-15 10:19:16,261 - fed_utils - INFO - encrypting key [conv1.weight].length : 150, cost time : 0m:1s:237ms
2024-11-15 10:19:16,309 - fed_utils - INFO - encrypting key [conv1.bias].length : 6, cost time : 0m:0s:47ms
2024-11-15 10:19:16,309 - fed_utils - INFO - load key [conv2.weight].length : 2400, cost time : 0m:0s:0ms
2024-11-15 10:19:16,309 - fed_utils - INFO - load key [conv2.bias].length : 16, cost time : 0m:0s:0ms
2024-11-15 10:19:16,310 - fed_utils - INFO - load key [fc1.weight].length : 48000, cost time : 0m:0s:1ms
2024-11-15 10:19:16,310 - fed_utils - INFO - load key [fc1.bias].length : 120, cost time : 0m:0s:0ms
2024-11-15 10:19:16,311 - fed_utils - INFO - load key [fc2.weight].length : 10080, cost time : 0m:0s:0ms
2024-11-15 10:19:16,311 - fed_utils - INFO - load key [fc2.bias].length : 84, cost time : 0m:0s:0ms
2024-11-15 10:19:23,244 - fed_utils - INFO - encrypting key [fc3.weight].length : 840, cost time : 0m:6s:932ms
2024-11-15 10:19:23,323 - fed_utils - INFO - encrypting key [fc3.bias].length : 10, cost time : 0m:0s:78ms
2024-11-15 10:19:23,323 - fl_main - INFO - Server receive client_dict[f_00008] info ...
2024-11-15 10:19:23,323 - fl_main - INFO - ----- client id [f_00009] -----
2024-11-15 10:19:23,324 - client_base - INFO - recover model cost time : 0m:0s:0ms
2024-11-15 10:19:23,325 - fl_main - INFO - client_dict[f_00009] training ...
2024-11-15 10:19:23,326 - client_base - INFO - client_dict[f_00009] training epoch : 0
2024-11-15 10:19:23,871 - client_base - INFO - local model train cost time : 0m:0s:545ms
2024-11-15 10:19:23,873 - client_base - INFO - model encode time : 0m:0s:1ms
2024-11-15 10:19:23,873 - fl_main - INFO - client_dict[f_00009] local model encrypting ...
2024-11-15 10:19:25,061 - fed_utils - INFO - encrypting key [conv1.weight].length : 150, cost time : 0m:1s:188ms
2024-11-15 10:19:25,109 - fed_utils - INFO - encrypting key [conv1.bias].length : 6, cost time : 0m:0s:47ms
2024-11-15 10:19:25,109 - fed_utils - INFO - load key [conv2.weight].length : 2400, cost time : 0m:0s:0ms
2024-11-15 10:19:25,109 - fed_utils - INFO - load key [conv2.bias].length : 16, cost time : 0m:0s:0ms
2024-11-15 10:19:25,110 - fed_utils - INFO - load key [fc1.weight].length : 48000, cost time : 0m:0s:1ms
2024-11-15 10:19:25,110 - fed_utils - INFO - load key [fc1.bias].length : 120, cost time : 0m:0s:0ms
2024-11-15 10:19:25,110 - fed_utils - INFO - load key [fc2.weight].length : 10080, cost time : 0m:0s:0ms
2024-11-15 10:19:25,111 - fed_utils - INFO - load key [fc2.bias].length : 84, cost time : 0m:0s:0ms
2024-11-15 10:19:32,001 - fed_utils - INFO - encrypting key [fc3.weight].length : 840, cost time : 0m:6s:890ms
2024-11-15 10:19:32,080 - fed_utils - INFO - encrypting key [fc3.bias].length : 10, cost time : 0m:0s:78ms
2024-11-15 10:19:32,080 - fl_main - INFO - Server receive client_dict[f_00009] info ...
2024-11-15 10:19:32,080 - fl_main - INFO - ----- client id [f_00010] -----
2024-11-15 10:19:32,081 - client_base - INFO - recover model cost time : 0m:0s:0ms
2024-11-15 10:19:32,082 - fl_main - INFO - client_dict[f_00010] training ...
2024-11-15 10:19:32,082 - client_base - INFO - client_dict[f_00010] training epoch : 0
2024-11-15 10:19:32,450 - client_base - INFO - local model train cost time : 0m:0s:367ms
2024-11-15 10:19:32,451 - client_base - INFO - model encode time : 0m:0s:1ms
2024-11-15 10:19:32,452 - fl_main - INFO - client_dict[f_00010] local model encrypting ...
2024-11-15 10:19:33,637 - fed_utils - INFO - encrypting key [conv1.weight].length : 150, cost time : 0m:1s:184ms
2024-11-15 10:19:33,684 - fed_utils - INFO - encrypting key [conv1.bias].length : 6, cost time : 0m:0s:47ms
2024-11-15 10:19:33,684 - fed_utils - INFO - load key [conv2.weight].length : 2400, cost time : 0m:0s:0ms
2024-11-15 10:19:33,684 - fed_utils - INFO - load key [conv2.bias].length : 16, cost time : 0m:0s:0ms
2024-11-15 10:19:33,686 - fed_utils - INFO - load key [fc1.weight].length : 48000, cost time : 0m:0s:1ms
2024-11-15 10:19:33,686 - fed_utils - INFO - load key [fc1.bias].length : 120, cost time : 0m:0s:0ms
2024-11-15 10:19:33,686 - fed_utils - INFO - load key [fc2.weight].length : 10080, cost time : 0m:0s:0ms
2024-11-15 10:19:33,686 - fed_utils - INFO - load key [fc2.bias].length : 84, cost time : 0m:0s:0ms
2024-11-15 10:19:40,477 - fed_utils - INFO - encrypting key [fc3.weight].length : 840, cost time : 0m:6s:790ms
2024-11-15 10:19:40,556 - fed_utils - INFO - encrypting key [fc3.bias].length : 10, cost time : 0m:0s:78ms
2024-11-15 10:19:40,556 - fl_main - INFO - Server receive client_dict[f_00010] info ...
2024-11-15 10:19:40,556 - fl_main - INFO - ----- client id [f_00011] -----
2024-11-15 10:19:40,557 - client_base - INFO - recover model cost time : 0m:0s:0ms
2024-11-15 10:19:40,557 - fl_main - INFO - client_dict[f_00011] training ...
2024-11-15 10:19:40,558 - client_base - INFO - client_dict[f_00011] training epoch : 0
2024-11-15 10:19:40,950 - client_base - INFO - local model train cost time : 0m:0s:392ms
2024-11-15 10:19:40,952 - client_base - INFO - model encode time : 0m:0s:1ms
2024-11-15 10:19:40,952 - fl_main - INFO - client_dict[f_00011] local model encrypting ...
2024-11-15 10:19:42,136 - fed_utils - INFO - encrypting key [conv1.weight].length : 150, cost time : 0m:1s:184ms
2024-11-15 10:19:42,184 - fed_utils - INFO - encrypting key [conv1.bias].length : 6, cost time : 0m:0s:47ms
2024-11-15 10:19:42,184 - fed_utils - INFO - load key [conv2.weight].length : 2400, cost time : 0m:0s:0ms
2024-11-15 10:19:42,184 - fed_utils - INFO - load key [conv2.bias].length : 16, cost time : 0m:0s:0ms
2024-11-15 10:19:42,186 - fed_utils - INFO - load key [fc1.weight].length : 48000, cost time : 0m:0s:1ms
2024-11-15 10:19:42,186 - fed_utils - INFO - load key [fc1.bias].length : 120, cost time : 0m:0s:0ms
2024-11-15 10:19:42,186 - fed_utils - INFO - load key [fc2.weight].length : 10080, cost time : 0m:0s:0ms
2024-11-15 10:19:42,186 - fed_utils - INFO - load key [fc2.bias].length : 84, cost time : 0m:0s:0ms
2024-11-15 10:19:49,345 - fed_utils - INFO - encrypting key [fc3.weight].length : 840, cost time : 0m:7s:159ms
2024-11-15 10:19:49,425 - fed_utils - INFO - encrypting key [fc3.bias].length : 10, cost time : 0m:0s:79ms
2024-11-15 10:19:49,425 - fl_main - INFO - Server receive client_dict[f_00011] info ...
2024-11-15 10:19:49,425 - fl_main - INFO - ----- client id [f_00012] -----
2024-11-15 10:19:49,426 - client_base - INFO - recover model cost time : 0m:0s:0ms
2024-11-15 10:19:49,426 - fl_main - INFO - client_dict[f_00012] training ...
2024-11-15 10:19:49,427 - client_base - INFO - client_dict[f_00012] training epoch : 0
2024-11-15 10:19:49,804 - client_base - INFO - local model train cost time : 0m:0s:377ms
2024-11-15 10:19:49,806 - client_base - INFO - model encode time : 0m:0s:1ms
2024-11-15 10:19:49,806 - fl_main - INFO - client_dict[f_00012] local model encrypting ...
2024-11-15 10:19:51,033 - fed_utils - INFO - encrypting key [conv1.weight].length : 150, cost time : 0m:1s:226ms
2024-11-15 10:19:51,081 - fed_utils - INFO - encrypting key [conv1.bias].length : 6, cost time : 0m:0s:47ms
2024-11-15 10:19:51,081 - fed_utils - INFO - load key [conv2.weight].length : 2400, cost time : 0m:0s:0ms
2024-11-15 10:19:51,081 - fed_utils - INFO - load key [conv2.bias].length : 16, cost time : 0m:0s:0ms
2024-11-15 10:19:51,083 - fed_utils - INFO - load key [fc1.weight].length : 48000, cost time : 0m:0s:1ms
2024-11-15 10:19:51,083 - fed_utils - INFO - load key [fc1.bias].length : 120, cost time : 0m:0s:0ms
2024-11-15 10:19:51,083 - fed_utils - INFO - load key [fc2.weight].length : 10080, cost time : 0m:0s:0ms
2024-11-15 10:19:51,083 - fed_utils - INFO - load key [fc2.bias].length : 84, cost time : 0m:0s:0ms
2024-11-15 10:19:58,147 - fed_utils - INFO - encrypting key [fc3.weight].length : 840, cost time : 0m:7s:63ms
2024-11-15 10:19:58,227 - fed_utils - INFO - encrypting key [fc3.bias].length : 10, cost time : 0m:0s:80ms
2024-11-15 10:19:58,227 - fl_main - INFO - Server receive client_dict[f_00012] info ...
2024-11-15 10:19:58,227 - fl_main - INFO - ----- client id [f_00013] -----
2024-11-15 10:19:58,228 - client_base - INFO - recover model cost time : 0m:0s:0ms
2024-11-15 10:19:58,228 - fl_main - INFO - client_dict[f_00013] training ...
2024-11-15 10:19:58,229 - client_base - INFO - client_dict[f_00013] training epoch : 0
2024-11-15 10:19:58,624 - client_base - INFO - local model train cost time : 0m:0s:394ms
2024-11-15 10:19:58,625 - client_base - INFO - model encode time : 0m:0s:1ms
2024-11-15 10:19:58,625 - fl_main - INFO - client_dict[f_00013] local model encrypting ...
2024-11-15 10:19:59,969 - fed_utils - INFO - encrypting key [conv1.weight].length : 150, cost time : 0m:1s:343ms
2024-11-15 10:20:00,017 - fed_utils - INFO - encrypting key [conv1.bias].length : 6, cost time : 0m:0s:47ms
2024-11-15 10:20:00,017 - fed_utils - INFO - load key [conv2.weight].length : 2400, cost time : 0m:0s:0ms
2024-11-15 10:20:00,017 - fed_utils - INFO - load key [conv2.bias].length : 16, cost time : 0m:0s:0ms
2024-11-15 10:20:00,018 - fed_utils - INFO - load key [fc1.weight].length : 48000, cost time : 0m:0s:1ms
2024-11-15 10:20:00,018 - fed_utils - INFO - load key [fc1.bias].length : 120, cost time : 0m:0s:0ms
2024-11-15 10:20:00,019 - fed_utils - INFO - load key [fc2.weight].length : 10080, cost time : 0m:0s:0ms
2024-11-15 10:20:00,019 - fed_utils - INFO - load key [fc2.bias].length : 84, cost time : 0m:0s:0ms
2024-11-15 10:20:07,553 - fed_utils - INFO - encrypting key [fc3.weight].length : 840, cost time : 0m:7s:533ms
2024-11-15 10:20:07,635 - fed_utils - INFO - encrypting key [fc3.bias].length : 10, cost time : 0m:0s:82ms
2024-11-15 10:20:07,635 - fl_main - INFO - Server receive client_dict[f_00013] info ...
2024-11-15 10:20:07,635 - fl_main - INFO - ----- client id [f_00014] -----
2024-11-15 10:20:07,637 - client_base - INFO - recover model cost time : 0m:0s:0ms
2024-11-15 10:20:07,637 - fl_main - INFO - client_dict[f_00014] training ...
2024-11-15 10:20:07,638 - client_base - INFO - client_dict[f_00014] training epoch : 0
2024-11-15 10:20:08,028 - client_base - INFO - local model train cost time : 0m:0s:389ms
2024-11-15 10:20:08,029 - client_base - INFO - model encode time : 0m:0s:1ms
2024-11-15 10:20:08,030 - fl_main - INFO - client_dict[f_00014] local model encrypting ...
2024-11-15 10:20:09,215 - fed_utils - INFO - encrypting key [conv1.weight].length : 150, cost time : 0m:1s:185ms
2024-11-15 10:20:09,263 - fed_utils - INFO - encrypting key [conv1.bias].length : 6, cost time : 0m:0s:47ms
2024-11-15 10:20:09,264 - fed_utils - INFO - load key [conv2.weight].length : 2400, cost time : 0m:0s:0ms
2024-11-15 10:20:09,264 - fed_utils - INFO - load key [conv2.bias].length : 16, cost time : 0m:0s:0ms
2024-11-15 10:20:09,265 - fed_utils - INFO - load key [fc1.weight].length : 48000, cost time : 0m:0s:1ms
2024-11-15 10:20:09,265 - fed_utils - INFO - load key [fc1.bias].length : 120, cost time : 0m:0s:0ms
2024-11-15 10:20:09,265 - fed_utils - INFO - load key [fc2.weight].length : 10080, cost time : 0m:0s:0ms
2024-11-15 10:20:09,265 - fed_utils - INFO - load key [fc2.bias].length : 84, cost time : 0m:0s:0ms
2024-11-15 10:20:15,989 - fed_utils - INFO - encrypting key [fc3.weight].length : 840, cost time : 0m:6s:724ms
2024-11-15 10:20:16,069 - fed_utils - INFO - encrypting key [fc3.bias].length : 10, cost time : 0m:0s:78ms
2024-11-15 10:20:16,069 - fl_main - INFO - Server receive client_dict[f_00014] info ...
2024-11-15 10:20:16,069 - fl_main - INFO - ----- client id [f_00015] -----
2024-11-15 10:20:16,070 - client_base - INFO - recover model cost time : 0m:0s:0ms
2024-11-15 10:20:16,070 - fl_main - INFO - client_dict[f_00015] training ...
2024-11-15 10:20:16,071 - client_base - INFO - client_dict[f_00015] training epoch : 0
2024-11-15 10:20:16,449 - client_base - INFO - local model train cost time : 0m:0s:378ms
2024-11-15 10:20:16,451 - client_base - INFO - model encode time : 0m:0s:1ms
2024-11-15 10:20:16,451 - fl_main - INFO - client_dict[f_00015] local model encrypting ...
2024-11-15 10:20:17,637 - fed_utils - INFO - encrypting key [conv1.weight].length : 150, cost time : 0m:1s:185ms
2024-11-15 10:20:17,684 - fed_utils - INFO - encrypting key [conv1.bias].length : 6, cost time : 0m:0s:47ms
2024-11-15 10:20:17,685 - fed_utils - INFO - load key [conv2.weight].length : 2400, cost time : 0m:0s:0ms
2024-11-15 10:20:17,685 - fed_utils - INFO - load key [conv2.bias].length : 16, cost time : 0m:0s:0ms
2024-11-15 10:20:17,686 - fed_utils - INFO - load key [fc1.weight].length : 48000, cost time : 0m:0s:1ms
2024-11-15 10:20:17,686 - fed_utils - INFO - load key [fc1.bias].length : 120, cost time : 0m:0s:0ms
2024-11-15 10:20:17,686 - fed_utils - INFO - load key [fc2.weight].length : 10080, cost time : 0m:0s:0ms
2024-11-15 10:20:17,686 - fed_utils - INFO - load key [fc2.bias].length : 84, cost time : 0m:0s:0ms
2024-11-15 10:20:24,408 - fed_utils - INFO - encrypting key [fc3.weight].length : 840, cost time : 0m:6s:721ms
2024-11-15 10:20:24,495 - fed_utils - INFO - encrypting key [fc3.bias].length : 10, cost time : 0m:0s:87ms
2024-11-15 10:20:24,495 - fl_main - INFO - Server receive client_dict[f_00015] info ...
2024-11-15 10:20:24,495 - fl_main - INFO - ----- client id [f_00016] -----
2024-11-15 10:20:24,496 - client_base - INFO - recover model cost time : 0m:0s:0ms
2024-11-15 10:20:24,497 - fl_main - INFO - client_dict[f_00016] training ...
2024-11-15 10:20:24,497 - client_base - INFO - client_dict[f_00016] training epoch : 0
2024-11-15 10:20:24,866 - client_base - INFO - local model train cost time : 0m:0s:369ms
2024-11-15 10:20:24,868 - client_base - INFO - model encode time : 0m:0s:1ms
2024-11-15 10:20:24,868 - fl_main - INFO - client_dict[f_00016] local model encrypting ...
2024-11-15 10:20:26,048 - fed_utils - INFO - encrypting key [conv1.weight].length : 150, cost time : 0m:1s:180ms
2024-11-15 10:20:26,096 - fed_utils - INFO - encrypting key [conv1.bias].length : 6, cost time : 0m:0s:47ms
2024-11-15 10:20:26,096 - fed_utils - INFO - load key [conv2.weight].length : 2400, cost time : 0m:0s:0ms
2024-11-15 10:20:26,096 - fed_utils - INFO - load key [conv2.bias].length : 16, cost time : 0m:0s:0ms
2024-11-15 10:20:26,097 - fed_utils - INFO - load key [fc1.weight].length : 48000, cost time : 0m:0s:1ms
2024-11-15 10:20:26,097 - fed_utils - INFO - load key [fc1.bias].length : 120, cost time : 0m:0s:0ms
2024-11-15 10:20:26,098 - fed_utils - INFO - load key [fc2.weight].length : 10080, cost time : 0m:0s:0ms
2024-11-15 10:20:26,098 - fed_utils - INFO - load key [fc2.bias].length : 84, cost time : 0m:0s:0ms
2024-11-15 10:20:32,698 - fed_utils - INFO - encrypting key [fc3.weight].length : 840, cost time : 0m:6s:600ms
2024-11-15 10:20:32,777 - fed_utils - INFO - encrypting key [fc3.bias].length : 10, cost time : 0m:0s:78ms
2024-11-15 10:20:32,777 - fl_main - INFO - Server receive client_dict[f_00016] info ...
2024-11-15 10:20:32,777 - fl_main - INFO - ----- client id [f_00017] -----
2024-11-15 10:20:32,779 - client_base - INFO - recover model cost time : 0m:0s:0ms
2024-11-15 10:20:32,779 - fl_main - INFO - client_dict[f_00017] training ...
2024-11-15 10:20:32,779 - client_base - INFO - client_dict[f_00017] training epoch : 0
2024-11-15 10:20:33,152 - client_base - INFO - local model train cost time : 0m:0s:372ms
2024-11-15 10:20:33,153 - client_base - INFO - model encode time : 0m:0s:1ms
2024-11-15 10:20:33,153 - fl_main - INFO - client_dict[f_00017] local model encrypting ...
2024-11-15 10:20:34,333 - fed_utils - INFO - encrypting key [conv1.weight].length : 150, cost time : 0m:1s:179ms
2024-11-15 10:20:34,380 - fed_utils - INFO - encrypting key [conv1.bias].length : 6, cost time : 0m:0s:47ms
2024-11-15 10:20:34,381 - fed_utils - INFO - load key [conv2.weight].length : 2400, cost time : 0m:0s:0ms
2024-11-15 10:20:34,381 - fed_utils - INFO - load key [conv2.bias].length : 16, cost time : 0m:0s:0ms
2024-11-15 10:20:34,382 - fed_utils - INFO - load key [fc1.weight].length : 48000, cost time : 0m:0s:1ms
2024-11-15 10:20:34,382 - fed_utils - INFO - load key [fc1.bias].length : 120, cost time : 0m:0s:0ms
2024-11-15 10:20:34,382 - fed_utils - INFO - load key [fc2.weight].length : 10080, cost time : 0m:0s:0ms
2024-11-15 10:20:34,382 - fed_utils - INFO - load key [fc2.bias].length : 84, cost time : 0m:0s:0ms
2024-11-15 10:20:41,054 - fed_utils - INFO - encrypting key [fc3.weight].length : 840, cost time : 0m:6s:671ms
2024-11-15 10:20:41,136 - fed_utils - INFO - encrypting key [fc3.bias].length : 10, cost time : 0m:0s:81ms
2024-11-15 10:20:41,136 - fl_main - INFO - Server receive client_dict[f_00017] info ...
2024-11-15 10:20:41,137 - fl_main - INFO - ----- client id [f_00018] -----
2024-11-15 10:20:41,138 - client_base - INFO - recover model cost time : 0m:0s:0ms
2024-11-15 10:20:41,138 - fl_main - INFO - client_dict[f_00018] training ...
2024-11-15 10:20:41,139 - client_base - INFO - client_dict[f_00018] training epoch : 0
2024-11-15 10:20:41,527 - client_base - INFO - local model train cost time : 0m:0s:387ms
2024-11-15 10:20:41,528 - client_base - INFO - model encode time : 0m:0s:1ms
2024-11-15 10:20:41,528 - fl_main - INFO - client_dict[f_00018] local model encrypting ...
2024-11-15 10:20:42,955 - fed_utils - INFO - encrypting key [conv1.weight].length : 150, cost time : 0m:1s:426ms
2024-11-15 10:20:43,003 - fed_utils - INFO - encrypting key [conv1.bias].length : 6, cost time : 0m:0s:47ms
2024-11-15 10:20:43,003 - fed_utils - INFO - load key [conv2.weight].length : 2400, cost time : 0m:0s:0ms
2024-11-15 10:20:43,003 - fed_utils - INFO - load key [conv2.bias].length : 16, cost time : 0m:0s:0ms
2024-11-15 10:20:43,004 - fed_utils - INFO - load key [fc1.weight].length : 48000, cost time : 0m:0s:1ms
2024-11-15 10:20:43,004 - fed_utils - INFO - load key [fc1.bias].length : 120, cost time : 0m:0s:0ms
2024-11-15 10:20:43,005 - fed_utils - INFO - load key [fc2.weight].length : 10080, cost time : 0m:0s:0ms
2024-11-15 10:20:43,005 - fed_utils - INFO - load key [fc2.bias].length : 84, cost time : 0m:0s:0ms
2024-11-15 10:20:49,717 - fed_utils - INFO - encrypting key [fc3.weight].length : 840, cost time : 0m:6s:712ms
2024-11-15 10:20:49,804 - fed_utils - INFO - encrypting key [fc3.bias].length : 10, cost time : 0m:0s:86ms
2024-11-15 10:20:49,804 - fl_main - INFO - Server receive client_dict[f_00018] info ...
2024-11-15 10:20:49,805 - fl_main - INFO - ----- client id [f_00019] -----
2024-11-15 10:20:49,808 - client_base - INFO - recover model cost time : 0m:0s:0ms
2024-11-15 10:20:49,808 - fl_main - INFO - client_dict[f_00019] training ...
2024-11-15 10:20:49,809 - client_base - INFO - client_dict[f_00019] training epoch : 0
2024-11-15 10:20:50,341 - client_base - INFO - local model train cost time : 0m:0s:531ms
2024-11-15 10:20:50,343 - client_base - INFO - model encode time : 0m:0s:1ms
2024-11-15 10:20:50,343 - fl_main - INFO - client_dict[f_00019] local model encrypting ...
2024-11-15 10:20:51,657 - fed_utils - INFO - encrypting key [conv1.weight].length : 150, cost time : 0m:1s:314ms
2024-11-15 10:20:51,705 - fed_utils - INFO - encrypting key [conv1.bias].length : 6, cost time : 0m:0s:47ms
2024-11-15 10:20:51,705 - fed_utils - INFO - load key [conv2.weight].length : 2400, cost time : 0m:0s:0ms
2024-11-15 10:20:51,705 - fed_utils - INFO - load key [conv2.bias].length : 16, cost time : 0m:0s:0ms
2024-11-15 10:20:51,707 - fed_utils - INFO - load key [fc1.weight].length : 48000, cost time : 0m:0s:1ms
2024-11-15 10:20:51,707 - fed_utils - INFO - load key [fc1.bias].length : 120, cost time : 0m:0s:0ms
2024-11-15 10:20:51,707 - fed_utils - INFO - load key [fc2.weight].length : 10080, cost time : 0m:0s:0ms
2024-11-15 10:20:51,707 - fed_utils - INFO - load key [fc2.bias].length : 84, cost time : 0m:0s:0ms
2024-11-15 10:20:58,862 - fed_utils - INFO - encrypting key [fc3.weight].length : 840, cost time : 0m:7s:154ms
2024-11-15 10:20:58,947 - fed_utils - INFO - encrypting key [fc3.bias].length : 10, cost time : 0m:0s:85ms
2024-11-15 10:20:58,947 - fl_main - INFO - Server receive client_dict[f_00019] info ...
2024-11-15 10:20:58,947 - fl_main - INFO - global aggregation process ...
2024-11-15 10:20:58,948 - fed_utils - INFO - server.n_data : 60000
2024-11-15 10:20:58,948 - fed_utils - INFO - client_dict[f_00000].weight : 0.050000
2024-11-15 10:20:58,948 - fed_utils - INFO - client_dict[f_00001].weight : 0.050000
2024-11-15 10:20:58,948 - fed_utils - INFO - client_dict[f_00002].weight : 0.050000
2024-11-15 10:20:58,948 - fed_utils - INFO - client_dict[f_00003].weight : 0.050000
2024-11-15 10:20:58,948 - fed_utils - INFO - client_dict[f_00004].weight : 0.050000
2024-11-15 10:20:58,948 - fed_utils - INFO - client_dict[f_00005].weight : 0.050000
2024-11-15 10:20:58,948 - fed_utils - INFO - client_dict[f_00006].weight : 0.050000
2024-11-15 10:20:58,948 - fed_utils - INFO - client_dict[f_00007].weight : 0.050000
2024-11-15 10:20:58,948 - fed_utils - INFO - client_dict[f_00008].weight : 0.050000
2024-11-15 10:20:58,948 - fed_utils - INFO - client_dict[f_00009].weight : 0.050000
2024-11-15 10:20:58,948 - fed_utils - INFO - client_dict[f_00010].weight : 0.050000
2024-11-15 10:20:58,948 - fed_utils - INFO - client_dict[f_00011].weight : 0.050000
2024-11-15 10:20:58,948 - fed_utils - INFO - client_dict[f_00012].weight : 0.050000
2024-11-15 10:20:58,948 - fed_utils - INFO - client_dict[f_00013].weight : 0.050000
2024-11-15 10:20:58,948 - fed_utils - INFO - client_dict[f_00014].weight : 0.050000
2024-11-15 10:20:58,948 - fed_utils - INFO - client_dict[f_00015].weight : 0.050000
2024-11-15 10:20:58,948 - fed_utils - INFO - client_dict[f_00016].weight : 0.050000
2024-11-15 10:20:58,948 - fed_utils - INFO - client_dict[f_00017].weight : 0.050000
2024-11-15 10:20:58,948 - fed_utils - INFO - client_dict[f_00018].weight : 0.050000
2024-11-15 10:20:58,948 - fed_utils - INFO - client_dict[f_00019].weight : 0.050000
2024-11-15 10:20:58,948 - fed_utils - INFO - recover secret number by clients: 789319.750000
2024-11-15 10:20:58,949 - server_base - INFO - Server aggregate model with homomorphic encryption ...
2024-11-15 10:21:06,076 - server_base - INFO - Server aggregate model done, cost time : 0m:7s:127ms
2024-11-15 10:21:06,418 - fed_utils - INFO - decrypting key [conv1.weight].shape [torch.Size([6, 1, 5, 5])]
2024-11-15 10:21:06,432 - fed_utils - INFO - decrypting key [conv1.bias].shape [torch.Size([6])]
2024-11-15 10:21:06,432 - fed_utils - INFO - decrypting key [conv2.weight].shape [torch.Size([16, 6, 5, 5])]
2024-11-15 10:21:06,432 - fed_utils - INFO - decrypting key [conv2.bias].shape [torch.Size([16])]
2024-11-15 10:21:06,432 - fed_utils - INFO - decrypting key [fc1.weight].shape [torch.Size([120, 400])]
2024-11-15 10:21:06,433 - fed_utils - INFO - decrypting key [fc1.bias].shape [torch.Size([120])]
2024-11-15 10:21:06,433 - fed_utils - INFO - decrypting key [fc2.weight].shape [torch.Size([84, 120])]
2024-11-15 10:21:06,433 - fed_utils - INFO - decrypting key [fc2.bias].shape [torch.Size([84])]
2024-11-15 10:21:08,654 - fed_utils - INFO - decrypting key [fc3.weight].shape [torch.Size([10, 84])]
2024-11-15 10:21:08,679 - fed_utils - INFO - decrypting key [fc3.bias].shape [torch.Size([10])]
2024-11-15 10:21:08,679 - fed_utils - INFO - decrypt time : [0m:2s:602ms]
2024-11-15 10:21:08,693 - fl_main - INFO - [global round : 1] aggregated model accuracy : 0.10300000000000001
2024-11-15 10:21:08,693 - fl_main - INFO - [global round : 1] aggregated model loss : 2.2930241909937843
2024-11-15 10:21:08,693 - fl_main - INFO - global round : 2
2024-11-15 10:21:08,693 - fl_main - INFO - the random client id to test accuracy : f_00012
2024-11-15 10:21:08,694 - fl_main - INFO - ----- client id [f_00000] -----
2024-11-15 10:21:08,695 - client_base - INFO - recover model cost time : 0m:0s:0ms
2024-11-15 10:21:08,695 - fl_main - INFO - client_dict[f_00000] training ...
2024-11-15 10:21:08,696 - client_base - INFO - client_dict[f_00000] training epoch : 0
2024-11-15 10:21:09,088 - client_base - INFO - local model train cost time : 0m:0s:392ms
2024-11-15 10:21:09,089 - client_base - INFO - model encode time : 0m:0s:1ms
2024-11-15 10:21:09,090 - fl_main - INFO - client_dict[f_00000] local model encrypting ...
2024-11-15 10:21:10,304 - fed_utils - INFO - encrypting key [conv1.weight].length : 150, cost time : 0m:1s:214ms
2024-11-15 10:21:10,352 - fed_utils - INFO - encrypting key [conv1.bias].length : 6, cost time : 0m:0s:47ms
2024-11-15 10:21:10,352 - fed_utils - INFO - load key [conv2.weight].length : 2400, cost time : 0m:0s:0ms
2024-11-15 10:21:10,352 - fed_utils - INFO - load key [conv2.bias].length : 16, cost time : 0m:0s:0ms
2024-11-15 10:21:10,353 - fed_utils - INFO - load key [fc1.weight].length : 48000, cost time : 0m:0s:0ms
2024-11-15 10:21:10,353 - fed_utils - INFO - load key [fc1.bias].length : 120, cost time : 0m:0s:0ms
2024-11-15 10:21:10,354 - fed_utils - INFO - load key [fc2.weight].length : 10080, cost time : 0m:0s:0ms
2024-11-15 10:21:10,354 - fed_utils - INFO - load key [fc2.bias].length : 84, cost time : 0m:0s:0ms
2024-11-15 10:21:17,435 - fed_utils - INFO - encrypting key [fc3.weight].length : 840, cost time : 0m:7s:80ms
2024-11-15 10:21:17,555 - fed_utils - INFO - encrypting key [fc3.bias].length : 10, cost time : 0m:0s:120ms
2024-11-15 10:21:17,556 - fl_main - INFO - Server receive client_dict[f_00000] info ...
2024-11-15 10:21:17,557 - fl_main - INFO - ----- client id [f_00001] -----
2024-11-15 10:21:17,558 - client_base - INFO - recover model cost time : 0m:0s:0ms
2024-11-15 10:21:17,558 - fl_main - INFO - client_dict[f_00001] training ...
2024-11-15 10:21:17,559 - client_base - INFO - client_dict[f_00001] training epoch : 0
2024-11-15 10:21:17,973 - client_base - INFO - local model train cost time : 0m:0s:413ms
2024-11-15 10:21:17,974 - client_base - INFO - model encode time : 0m:0s:1ms
2024-11-15 10:21:17,974 - fl_main - INFO - client_dict[f_00001] local model encrypting ...
2024-11-15 10:21:19,355 - fed_utils - INFO - encrypting key [conv1.weight].length : 150, cost time : 0m:1s:380ms
2024-11-15 10:21:19,412 - fed_utils - INFO - encrypting key [conv1.bias].length : 6, cost time : 0m:0s:56ms
2024-11-15 10:21:19,412 - fed_utils - INFO - load key [conv2.weight].length : 2400, cost time : 0m:0s:0ms
2024-11-15 10:21:19,412 - fed_utils - INFO - load key [conv2.bias].length : 16, cost time : 0m:0s:0ms
2024-11-15 10:21:19,413 - fed_utils - INFO - load key [fc1.weight].length : 48000, cost time : 0m:0s:0ms
2024-11-15 10:21:19,413 - fed_utils - INFO - load key [fc1.bias].length : 120, cost time : 0m:0s:0ms
2024-11-15 10:21:19,414 - fed_utils - INFO - load key [fc2.weight].length : 10080, cost time : 0m:0s:0ms
2024-11-15 10:21:19,414 - fed_utils - INFO - load key [fc2.bias].length : 84, cost time : 0m:0s:0ms
2024-11-15 10:21:26,625 - fed_utils - INFO - encrypting key [fc3.weight].length : 840, cost time : 0m:7s:211ms
2024-11-15 10:21:26,710 - fed_utils - INFO - encrypting key [fc3.bias].length : 10, cost time : 0m:0s:84ms
2024-11-15 10:21:26,710 - fl_main - INFO - Server receive client_dict[f_00001] info ...
2024-11-15 10:21:26,710 - fl_main - INFO - ----- client id [f_00002] -----
2024-11-15 10:21:26,712 - client_base - INFO - recover model cost time : 0m:0s:0ms
2024-11-15 10:21:26,712 - fl_main - INFO - client_dict[f_00002] training ...
2024-11-15 10:21:26,713 - client_base - INFO - client_dict[f_00002] training epoch : 0
2024-11-15 10:21:27,149 - client_base - INFO - local model train cost time : 0m:0s:436ms
2024-11-15 10:21:27,151 - client_base - INFO - model encode time : 0m:0s:2ms
2024-11-15 10:21:27,152 - fl_main - INFO - client_dict[f_00002] local model encrypting ...
2024-11-15 10:21:28,479 - fed_utils - INFO - encrypting key [conv1.weight].length : 150, cost time : 0m:1s:327ms
2024-11-15 10:21:28,527 - fed_utils - INFO - encrypting key [conv1.bias].length : 6, cost time : 0m:0s:48ms
2024-11-15 10:21:28,528 - fed_utils - INFO - load key [conv2.weight].length : 2400, cost time : 0m:0s:0ms
2024-11-15 10:21:28,528 - fed_utils - INFO - load key [conv2.bias].length : 16, cost time : 0m:0s:0ms
2024-11-15 10:21:28,529 - fed_utils - INFO - load key [fc1.weight].length : 48000, cost time : 0m:0s:0ms
2024-11-15 10:21:28,529 - fed_utils - INFO - load key [fc1.bias].length : 120, cost time : 0m:0s:0ms
2024-11-15 10:21:28,529 - fed_utils - INFO - load key [fc2.weight].length : 10080, cost time : 0m:0s:0ms
2024-11-15 10:21:28,529 - fed_utils - INFO - load key [fc2.bias].length : 84, cost time : 0m:0s:0ms
2024-11-15 10:21:35,357 - fed_utils - INFO - encrypting key [fc3.weight].length : 840, cost time : 0m:6s:827ms
2024-11-15 10:21:35,436 - fed_utils - INFO - encrypting key [fc3.bias].length : 10, cost time : 0m:0s:78ms
2024-11-15 10:21:35,436 - fl_main - INFO - Server receive client_dict[f_00002] info ...
2024-11-15 10:21:35,436 - fl_main - INFO - ----- client id [f_00003] -----
2024-11-15 10:21:35,437 - client_base - INFO - recover model cost time : 0m:0s:0ms
2024-11-15 10:21:35,437 - fl_main - INFO - client_dict[f_00003] training ...
2024-11-15 10:21:35,438 - client_base - INFO - client_dict[f_00003] training epoch : 0
2024-11-15 10:21:35,825 - client_base - INFO - local model train cost time : 0m:0s:386ms
2024-11-15 10:21:35,826 - client_base - INFO - model encode time : 0m:0s:1ms
2024-11-15 10:21:35,826 - fl_main - INFO - client_dict[f_00003] local model encrypting ...
2024-11-15 10:21:37,030 - fed_utils - INFO - encrypting key [conv1.weight].length : 150, cost time : 0m:1s:204ms
2024-11-15 10:21:37,080 - fed_utils - INFO - encrypting key [conv1.bias].length : 6, cost time : 0m:0s:49ms
2024-11-15 10:21:37,080 - fed_utils - INFO - load key [conv2.weight].length : 2400, cost time : 0m:0s:0ms
2024-11-15 10:21:37,080 - fed_utils - INFO - load key [conv2.bias].length : 16, cost time : 0m:0s:0ms
2024-11-15 10:21:37,081 - fed_utils - INFO - load key [fc1.weight].length : 48000, cost time : 0m:0s:0ms
2024-11-15 10:21:37,081 - fed_utils - INFO - load key [fc1.bias].length : 120, cost time : 0m:0s:0ms
2024-11-15 10:21:37,082 - fed_utils - INFO - load key [fc2.weight].length : 10080, cost time : 0m:0s:0ms
2024-11-15 10:21:37,082 - fed_utils - INFO - load key [fc2.bias].length : 84, cost time : 0m:0s:0ms
2024-11-15 10:21:44,119 - fed_utils - INFO - encrypting key [fc3.weight].length : 840, cost time : 0m:7s:37ms
2024-11-15 10:21:44,198 - fed_utils - INFO - encrypting key [fc3.bias].length : 10, cost time : 0m:0s:78ms
2024-11-15 10:21:44,198 - fl_main - INFO - Server receive client_dict[f_00003] info ...
2024-11-15 10:21:44,198 - fl_main - INFO - ----- client id [f_00004] -----
2024-11-15 10:21:44,200 - client_base - INFO - recover model cost time : 0m:0s:0ms
2024-11-15 10:21:44,200 - fl_main - INFO - client_dict[f_00004] training ...
2024-11-15 10:21:44,200 - client_base - INFO - client_dict[f_00004] training epoch : 0
2024-11-15 10:21:44,592 - client_base - INFO - local model train cost time : 0m:0s:391ms
2024-11-15 10:21:44,593 - client_base - INFO - model encode time : 0m:0s:1ms
2024-11-15 10:21:44,593 - fl_main - INFO - client_dict[f_00004] local model encrypting ...
2024-11-15 10:21:45,796 - fed_utils - INFO - encrypting key [conv1.weight].length : 150, cost time : 0m:1s:202ms
2024-11-15 10:21:45,843 - fed_utils - INFO - encrypting key [conv1.bias].length : 6, cost time : 0m:0s:47ms
2024-11-15 10:21:45,843 - fed_utils - INFO - load key [conv2.weight].length : 2400, cost time : 0m:0s:0ms
2024-11-15 10:21:45,843 - fed_utils - INFO - load key [conv2.bias].length : 16, cost time : 0m:0s:0ms
2024-11-15 10:21:45,844 - fed_utils - INFO - load key [fc1.weight].length : 48000, cost time : 0m:0s:0ms
2024-11-15 10:21:45,844 - fed_utils - INFO - load key [fc1.bias].length : 120, cost time : 0m:0s:0ms
2024-11-15 10:21:45,845 - fed_utils - INFO - load key [fc2.weight].length : 10080, cost time : 0m:0s:0ms
2024-11-15 10:21:45,845 - fed_utils - INFO - load key [fc2.bias].length : 84, cost time : 0m:0s:0ms
2024-11-15 10:21:53,031 - fed_utils - INFO - encrypting key [fc3.weight].length : 840, cost time : 0m:7s:186ms
2024-11-15 10:21:53,110 - fed_utils - INFO - encrypting key [fc3.bias].length : 10, cost time : 0m:0s:78ms
2024-11-15 10:21:53,110 - fl_main - INFO - Server receive client_dict[f_00004] info ...
2024-11-15 10:21:53,110 - fl_main - INFO - ----- client id [f_00005] -----
2024-11-15 10:21:53,111 - client_base - INFO - recover model cost time : 0m:0s:0ms
2024-11-15 10:21:53,112 - fl_main - INFO - client_dict[f_00005] training ...
2024-11-15 10:21:53,112 - client_base - INFO - client_dict[f_00005] training epoch : 0
2024-11-15 10:21:53,496 - client_base - INFO - local model train cost time : 0m:0s:383ms
2024-11-15 10:21:53,497 - client_base - INFO - model encode time : 0m:0s:1ms
2024-11-15 10:21:53,497 - fl_main - INFO - client_dict[f_00005] local model encrypting ...
2024-11-15 10:21:54,845 - fed_utils - INFO - encrypting key [conv1.weight].length : 150, cost time : 0m:1s:347ms
2024-11-15 10:21:54,892 - fed_utils - INFO - encrypting key [conv1.bias].length : 6, cost time : 0m:0s:47ms
2024-11-15 10:21:54,892 - fed_utils - INFO - load key [conv2.weight].length : 2400, cost time : 0m:0s:0ms
2024-11-15 10:21:54,892 - fed_utils - INFO - load key [conv2.bias].length : 16, cost time : 0m:0s:0ms
2024-11-15 10:21:54,893 - fed_utils - INFO - load key [fc1.weight].length : 48000, cost time : 0m:0s:0ms
2024-11-15 10:21:54,893 - fed_utils - INFO - load key [fc1.bias].length : 120, cost time : 0m:0s:0ms
2024-11-15 10:21:54,894 - fed_utils - INFO - load key [fc2.weight].length : 10080, cost time : 0m:0s:0ms
2024-11-15 10:21:54,894 - fed_utils - INFO - load key [fc2.bias].length : 84, cost time : 0m:0s:0ms
2024-11-15 10:22:02,060 - fed_utils - INFO - encrypting key [fc3.weight].length : 840, cost time : 0m:7s:166ms
2024-11-15 10:22:02,141 - fed_utils - INFO - encrypting key [fc3.bias].length : 10, cost time : 0m:0s:81ms
2024-11-15 10:22:02,142 - fl_main - INFO - Server receive client_dict[f_00005] info ...
2024-11-15 10:22:02,142 - fl_main - INFO - ----- client id [f_00006] -----
2024-11-15 10:22:02,143 - client_base - INFO - recover model cost time : 0m:0s:0ms
2024-11-15 10:22:02,143 - fl_main - INFO - client_dict[f_00006] training ...
2024-11-15 10:22:02,144 - client_base - INFO - client_dict[f_00006] training epoch : 0
2024-11-15 10:22:02,548 - client_base - INFO - local model train cost time : 0m:0s:403ms
2024-11-15 10:22:02,549 - client_base - INFO - model encode time : 0m:0s:1ms
2024-11-15 10:22:02,549 - fl_main - INFO - client_dict[f_00006] local model encrypting ...
2024-11-15 10:22:03,876 - fed_utils - INFO - encrypting key [conv1.weight].length : 150, cost time : 0m:1s:326ms
2024-11-15 10:22:03,924 - fed_utils - INFO - encrypting key [conv1.bias].length : 6, cost time : 0m:0s:47ms
2024-11-15 10:22:03,924 - fed_utils - INFO - load key [conv2.weight].length : 2400, cost time : 0m:0s:0ms
2024-11-15 10:22:03,924 - fed_utils - INFO - load key [conv2.bias].length : 16, cost time : 0m:0s:0ms
2024-11-15 10:22:03,925 - fed_utils - INFO - load key [fc1.weight].length : 48000, cost time : 0m:0s:0ms
2024-11-15 10:22:03,925 - fed_utils - INFO - load key [fc1.bias].length : 120, cost time : 0m:0s:0ms
2024-11-15 10:22:03,925 - fed_utils - INFO - load key [fc2.weight].length : 10080, cost time : 0m:0s:0ms
2024-11-15 10:22:03,925 - fed_utils - INFO - load key [fc2.bias].length : 84, cost time : 0m:0s:0ms
2024-11-15 10:22:10,910 - fed_utils - INFO - encrypting key [fc3.weight].length : 840, cost time : 0m:6s:984ms
2024-11-15 10:22:10,990 - fed_utils - INFO - encrypting key [fc3.bias].length : 10, cost time : 0m:0s:79ms
2024-11-15 10:22:10,990 - fl_main - INFO - Server receive client_dict[f_00006] info ...
2024-11-15 10:22:10,990 - fl_main - INFO - ----- client id [f_00007] -----
2024-11-15 10:22:10,991 - client_base - INFO - recover model cost time : 0m:0s:0ms
2024-11-15 10:22:10,991 - fl_main - INFO - client_dict[f_00007] training ...
2024-11-15 10:22:10,992 - client_base - INFO - client_dict[f_00007] training epoch : 0
2024-11-15 10:22:11,397 - client_base - INFO - local model train cost time : 0m:0s:404ms
2024-11-15 10:22:11,398 - client_base - INFO - model encode time : 0m:0s:1ms
2024-11-15 10:22:11,399 - fl_main - INFO - client_dict[f_00007] local model encrypting ...
2024-11-15 10:22:12,593 - fed_utils - INFO - encrypting key [conv1.weight].length : 150, cost time : 0m:1s:193ms
2024-11-15 10:22:12,641 - fed_utils - INFO - encrypting key [conv1.bias].length : 6, cost time : 0m:0s:47ms
2024-11-15 10:22:12,641 - fed_utils - INFO - load key [conv2.weight].length : 2400, cost time : 0m:0s:0ms
2024-11-15 10:22:12,641 - fed_utils - INFO - load key [conv2.bias].length : 16, cost time : 0m:0s:0ms
2024-11-15 10:22:12,642 - fed_utils - INFO - load key [fc1.weight].length : 48000, cost time : 0m:0s:0ms
2024-11-15 10:22:12,642 - fed_utils - INFO - load key [fc1.bias].length : 120, cost time : 0m:0s:0ms
2024-11-15 10:22:12,642 - fed_utils - INFO - load key [fc2.weight].length : 10080, cost time : 0m:0s:0ms
2024-11-15 10:22:12,642 - fed_utils - INFO - load key [fc2.bias].length : 84, cost time : 0m:0s:0ms
2024-11-15 10:22:19,823 - fed_utils - INFO - encrypting key [fc3.weight].length : 840, cost time : 0m:7s:180ms
2024-11-15 10:22:19,931 - fed_utils - INFO - encrypting key [fc3.bias].length : 10, cost time : 0m:0s:107ms
2024-11-15 10:22:19,931 - fl_main - INFO - Server receive client_dict[f_00007] info ...
2024-11-15 10:22:19,931 - fl_main - INFO - ----- client id [f_00008] -----
2024-11-15 10:22:19,932 - client_base - INFO - recover model cost time : 0m:0s:0ms
2024-11-15 10:22:19,932 - fl_main - INFO - client_dict[f_00008] training ...
2024-11-15 10:22:19,933 - client_base - INFO - client_dict[f_00008] training epoch : 0
2024-11-15 10:22:20,330 - client_base - INFO - local model train cost time : 0m:0s:396ms
2024-11-15 10:22:20,331 - client_base - INFO - model encode time : 0m:0s:1ms
2024-11-15 10:22:20,332 - fl_main - INFO - client_dict[f_00008] local model encrypting ...
2024-11-15 10:22:21,536 - fed_utils - INFO - encrypting key [conv1.weight].length : 150, cost time : 0m:1s:204ms
2024-11-15 10:22:21,584 - fed_utils - INFO - encrypting key [conv1.bias].length : 6, cost time : 0m:0s:47ms
2024-11-15 10:22:21,585 - fed_utils - INFO - load key [conv2.weight].length : 2400, cost time : 0m:0s:0ms
2024-11-15 10:22:21,585 - fed_utils - INFO - load key [conv2.bias].length : 16, cost time : 0m:0s:0ms
2024-11-15 10:22:21,586 - fed_utils - INFO - load key [fc1.weight].length : 48000, cost time : 0m:0s:1ms
2024-11-15 10:22:21,586 - fed_utils - INFO - load key [fc1.bias].length : 120, cost time : 0m:0s:0ms
2024-11-15 10:22:21,587 - fed_utils - INFO - load key [fc2.weight].length : 10080, cost time : 0m:0s:0ms
2024-11-15 10:22:21,587 - fed_utils - INFO - load key [fc2.bias].length : 84, cost time : 0m:0s:0ms
2024-11-15 10:22:28,480 - fed_utils - INFO - encrypting key [fc3.weight].length : 840, cost time : 0m:6s:892ms
2024-11-15 10:22:28,559 - fed_utils - INFO - encrypting key [fc3.bias].length : 10, cost time : 0m:0s:79ms
2024-11-15 10:22:28,560 - fl_main - INFO - Server receive client_dict[f_00008] info ...
2024-11-15 10:22:28,560 - fl_main - INFO - ----- client id [f_00009] -----
2024-11-15 10:22:28,561 - client_base - INFO - recover model cost time : 0m:0s:0ms
2024-11-15 10:22:28,561 - fl_main - INFO - client_dict[f_00009] training ...
2024-11-15 10:22:28,562 - client_base - INFO - client_dict[f_00009] training epoch : 0
2024-11-15 10:22:28,947 - client_base - INFO - local model train cost time : 0m:0s:385ms
2024-11-15 10:22:28,949 - client_base - INFO - model encode time : 0m:0s:1ms
2024-11-15 10:22:28,949 - fl_main - INFO - client_dict[f_00009] local model encrypting ...
2024-11-15 10:22:30,291 - fed_utils - INFO - encrypting key [conv1.weight].length : 150, cost time : 0m:1s:341ms
2024-11-15 10:22:30,339 - fed_utils - INFO - encrypting key [conv1.bias].length : 6, cost time : 0m:0s:48ms
2024-11-15 10:22:30,339 - fed_utils - INFO - load key [conv2.weight].length : 2400, cost time : 0m:0s:0ms
2024-11-15 10:22:30,339 - fed_utils - INFO - load key [conv2.bias].length : 16, cost time : 0m:0s:0ms
2024-11-15 10:22:30,341 - fed_utils - INFO - load key [fc1.weight].length : 48000, cost time : 0m:0s:1ms
2024-11-15 10:22:30,341 - fed_utils - INFO - load key [fc1.bias].length : 120, cost time : 0m:0s:0ms
2024-11-15 10:22:30,341 - fed_utils - INFO - load key [fc2.weight].length : 10080, cost time : 0m:0s:0ms
2024-11-15 10:22:30,341 - fed_utils - INFO - load key [fc2.bias].length : 84, cost time : 0m:0s:0ms
2024-11-15 10:22:37,445 - fed_utils - INFO - encrypting key [fc3.weight].length : 840, cost time : 0m:7s:103ms
2024-11-15 10:22:37,524 - fed_utils - INFO - encrypting key [fc3.bias].length : 10, cost time : 0m:0s:78ms
2024-11-15 10:22:37,524 - fl_main - INFO - Server receive client_dict[f_00009] info ...
2024-11-15 10:22:37,524 - fl_main - INFO - ----- client id [f_00010] -----
2024-11-15 10:22:37,526 - client_base - INFO - recover model cost time : 0m:0s:0ms
2024-11-15 10:22:37,526 - fl_main - INFO - client_dict[f_00010] training ...
2024-11-15 10:22:37,526 - client_base - INFO - client_dict[f_00010] training epoch : 0
2024-11-15 10:22:37,897 - client_base - INFO - local model train cost time : 0m:0s:370ms
2024-11-15 10:22:37,898 - client_base - INFO - model encode time : 0m:0s:1ms
2024-11-15 10:22:37,898 - fl_main - INFO - client_dict[f_00010] local model encrypting ...
2024-11-15 10:22:39,098 - fed_utils - INFO - encrypting key [conv1.weight].length : 150, cost time : 0m:1s:200ms
2024-11-15 10:22:39,146 - fed_utils - INFO - encrypting key [conv1.bias].length : 6, cost time : 0m:0s:47ms
2024-11-15 10:22:39,146 - fed_utils - INFO - load key [conv2.weight].length : 2400, cost time : 0m:0s:0ms
2024-11-15 10:22:39,146 - fed_utils - INFO - load key [conv2.bias].length : 16, cost time : 0m:0s:0ms
2024-11-15 10:22:39,148 - fed_utils - INFO - load key [fc1.weight].length : 48000, cost time : 0m:0s:1ms
2024-11-15 10:22:39,148 - fed_utils - INFO - load key [fc1.bias].length : 120, cost time : 0m:0s:0ms
2024-11-15 10:22:39,148 - fed_utils - INFO - load key [fc2.weight].length : 10080, cost time : 0m:0s:0ms
2024-11-15 10:22:39,148 - fed_utils - INFO - load key [fc2.bias].length : 84, cost time : 0m:0s:0ms
2024-11-15 10:22:46,308 - fed_utils - INFO - encrypting key [fc3.weight].length : 840, cost time : 0m:7s:160ms
2024-11-15 10:22:46,387 - fed_utils - INFO - encrypting key [fc3.bias].length : 10, cost time : 0m:0s:78ms
2024-11-15 10:22:46,387 - fl_main - INFO - Server receive client_dict[f_00010] info ...
2024-11-15 10:22:46,387 - fl_main - INFO - ----- client id [f_00011] -----
2024-11-15 10:22:46,389 - client_base - INFO - recover model cost time : 0m:0s:0ms
2024-11-15 10:22:46,389 - fl_main - INFO - client_dict[f_00011] training ...
2024-11-15 10:22:46,389 - client_base - INFO - client_dict[f_00011] training epoch : 0
2024-11-15 10:22:46,762 - client_base - INFO - local model train cost time : 0m:0s:372ms
2024-11-15 10:22:46,764 - client_base - INFO - model encode time : 0m:0s:1ms
2024-11-15 10:22:46,764 - fl_main - INFO - client_dict[f_00011] local model encrypting ...
2024-11-15 10:22:47,960 - fed_utils - INFO - encrypting key [conv1.weight].length : 150, cost time : 0m:1s:196ms
2024-11-15 10:22:48,013 - fed_utils - INFO - encrypting key [conv1.bias].length : 6, cost time : 0m:0s:52ms
2024-11-15 10:22:48,013 - fed_utils - INFO - load key [conv2.weight].length : 2400, cost time : 0m:0s:0ms
2024-11-15 10:22:48,014 - fed_utils - INFO - load key [conv2.bias].length : 16, cost time : 0m:0s:0ms
2024-11-15 10:22:48,016 - fed_utils - INFO - load key [fc1.weight].length : 48000, cost time : 0m:0s:1ms
2024-11-15 10:22:48,016 - fed_utils - INFO - load key [fc1.bias].length : 120, cost time : 0m:0s:0ms
2024-11-15 10:22:48,016 - fed_utils - INFO - load key [fc2.weight].length : 10080, cost time : 0m:0s:0ms
2024-11-15 10:22:48,016 - fed_utils - INFO - load key [fc2.bias].length : 84, cost time : 0m:0s:0ms
2024-11-15 10:22:55,121 - fed_utils - INFO - encrypting key [fc3.weight].length : 840, cost time : 0m:7s:104ms
2024-11-15 10:22:55,200 - fed_utils - INFO - encrypting key [fc3.bias].length : 10, cost time : 0m:0s:79ms
2024-11-15 10:22:55,200 - fl_main - INFO - Server receive client_dict[f_00011] info ...
2024-11-15 10:22:55,200 - fl_main - INFO - ----- client id [f_00012] -----
2024-11-15 10:22:55,201 - client_base - INFO - recover model cost time : 0m:0s:0ms
2024-11-15 10:22:56,017 - fl_main - INFO - global round [2] client_dict[f_00012].accuracy : 0.184000
2024-11-15 10:22:56,017 - fl_main - INFO - client_dict[f_00012] training ...
2024-11-15 10:22:56,018 - client_base - INFO - client_dict[f_00012] training epoch : 0
2024-11-15 10:22:56,399 - client_base - INFO - local model train cost time : 0m:0s:381ms
2024-11-15 10:22:56,401 - client_base - INFO - model encode time : 0m:0s:1ms
2024-11-15 10:22:56,401 - fl_main - INFO - client_dict[f_00012] local model encrypting ...
2024-11-15 10:22:57,714 - fed_utils - INFO - encrypting key [conv1.weight].length : 150, cost time : 0m:1s:313ms
2024-11-15 10:22:57,762 - fed_utils - INFO - encrypting key [conv1.bias].length : 6, cost time : 0m:0s:48ms
2024-11-15 10:22:57,763 - fed_utils - INFO - load key [conv2.weight].length : 2400, cost time : 0m:0s:0ms
2024-11-15 10:22:57,763 - fed_utils - INFO - load key [conv2.bias].length : 16, cost time : 0m:0s:0ms
2024-11-15 10:22:57,764 - fed_utils - INFO - load key [fc1.weight].length : 48000, cost time : 0m:0s:1ms
2024-11-15 10:22:57,764 - fed_utils - INFO - load key [fc1.bias].length : 120, cost time : 0m:0s:0ms
2024-11-15 10:22:57,765 - fed_utils - INFO - load key [fc2.weight].length : 10080, cost time : 0m:0s:0ms
2024-11-15 10:22:57,765 - fed_utils - INFO - load key [fc2.bias].length : 84, cost time : 0m:0s:0ms
2024-11-15 10:23:04,797 - fed_utils - INFO - encrypting key [fc3.weight].length : 840, cost time : 0m:7s:31ms
2024-11-15 10:23:04,875 - fed_utils - INFO - encrypting key [fc3.bias].length : 10, cost time : 0m:0s:78ms
2024-11-15 10:23:04,876 - fl_main - INFO - Server receive client_dict[f_00012] info ...
2024-11-15 10:23:04,876 - fl_main - INFO - ----- client id [f_00013] -----
2024-11-15 10:23:04,877 - client_base - INFO - recover model cost time : 0m:0s:0ms
2024-11-15 10:23:04,877 - fl_main - INFO - client_dict[f_00013] training ...
2024-11-15 10:23:04,878 - client_base - INFO - client_dict[f_00013] training epoch : 0
2024-11-15 10:23:05,284 - client_base - INFO - local model train cost time : 0m:0s:406ms
2024-11-15 10:23:05,286 - client_base - INFO - model encode time : 0m:0s:1ms
2024-11-15 10:23:05,286 - fl_main - INFO - client_dict[f_00013] local model encrypting ...
2024-11-15 10:23:06,479 - fed_utils - INFO - encrypting key [conv1.weight].length : 150, cost time : 0m:1s:193ms
2024-11-15 10:23:06,527 - fed_utils - INFO - encrypting key [conv1.bias].length : 6, cost time : 0m:0s:47ms
2024-11-15 10:23:06,527 - fed_utils - INFO - load key [conv2.weight].length : 2400, cost time : 0m:0s:0ms
2024-11-15 10:23:06,527 - fed_utils - INFO - load key [conv2.bias].length : 16, cost time : 0m:0s:0ms
2024-11-15 10:23:06,528 - fed_utils - INFO - load key [fc1.weight].length : 48000, cost time : 0m:0s:1ms
2024-11-15 10:23:06,528 - fed_utils - INFO - load key [fc1.bias].length : 120, cost time : 0m:0s:0ms
2024-11-15 10:23:06,529 - fed_utils - INFO - load key [fc2.weight].length : 10080, cost time : 0m:0s:0ms
2024-11-15 10:23:06,529 - fed_utils - INFO - load key [fc2.bias].length : 84, cost time : 0m:0s:0ms
2024-11-15 10:23:13,197 - fed_utils - INFO - encrypting key [fc3.weight].length : 840, cost time : 0m:6s:668ms
2024-11-15 10:23:13,276 - fed_utils - INFO - encrypting key [fc3.bias].length : 10, cost time : 0m:0s:78ms
2024-11-15 10:23:13,276 - fl_main - INFO - Server receive client_dict[f_00013] info ...
2024-11-15 10:23:13,276 - fl_main - INFO - ----- client id [f_00014] -----
2024-11-15 10:23:13,277 - client_base - INFO - recover model cost time : 0m:0s:0ms
2024-11-15 10:23:13,278 - fl_main - INFO - client_dict[f_00014] training ...
2024-11-15 10:23:13,278 - client_base - INFO - client_dict[f_00014] training epoch : 0
2024-11-15 10:23:13,648 - client_base - INFO - local model train cost time : 0m:0s:369ms
2024-11-15 10:23:13,649 - client_base - INFO - model encode time : 0m:0s:1ms
2024-11-15 10:23:13,650 - fl_main - INFO - client_dict[f_00014] local model encrypting ...
2024-11-15 10:23:14,840 - fed_utils - INFO - encrypting key [conv1.weight].length : 150, cost time : 0m:1s:190ms
2024-11-15 10:23:14,888 - fed_utils - INFO - encrypting key [conv1.bias].length : 6, cost time : 0m:0s:47ms
2024-11-15 10:23:14,888 - fed_utils - INFO - load key [conv2.weight].length : 2400, cost time : 0m:0s:0ms
2024-11-15 10:23:14,888 - fed_utils - INFO - load key [conv2.bias].length : 16, cost time : 0m:0s:0ms
2024-11-15 10:23:14,889 - fed_utils - INFO - load key [fc1.weight].length : 48000, cost time : 0m:0s:1ms
2024-11-15 10:23:14,889 - fed_utils - INFO - load key [fc1.bias].length : 120, cost time : 0m:0s:0ms
2024-11-15 10:23:14,890 - fed_utils - INFO - load key [fc2.weight].length : 10080, cost time : 0m:0s:0ms
2024-11-15 10:23:14,890 - fed_utils - INFO - load key [fc2.bias].length : 84, cost time : 0m:0s:0ms
2024-11-15 10:23:21,653 - fed_utils - INFO - encrypting key [fc3.weight].length : 840, cost time : 0m:6s:763ms
2024-11-15 10:23:21,732 - fed_utils - INFO - encrypting key [fc3.bias].length : 10, cost time : 0m:0s:78ms
2024-11-15 10:23:21,732 - fl_main - INFO - Server receive client_dict[f_00014] info ...
2024-11-15 10:23:21,733 - fl_main - INFO - ----- client id [f_00015] -----
2024-11-15 10:23:21,734 - client_base - INFO - recover model cost time : 0m:0s:0ms
2024-11-15 10:23:21,734 - fl_main - INFO - client_dict[f_00015] training ...
2024-11-15 10:23:21,735 - client_base - INFO - client_dict[f_00015] training epoch : 0
2024-11-15 10:23:22,112 - client_base - INFO - local model train cost time : 0m:0s:376ms
2024-11-15 10:23:22,113 - client_base - INFO - model encode time : 0m:0s:1ms
2024-11-15 10:23:22,114 - fl_main - INFO - client_dict[f_00015] local model encrypting ...
2024-11-15 10:23:23,438 - fed_utils - INFO - encrypting key [conv1.weight].length : 150, cost time : 0m:1s:323ms
2024-11-15 10:23:23,485 - fed_utils - INFO - encrypting key [conv1.bias].length : 6, cost time : 0m:0s:47ms
2024-11-15 10:23:23,485 - fed_utils - INFO - load key [conv2.weight].length : 2400, cost time : 0m:0s:0ms
2024-11-15 10:23:23,485 - fed_utils - INFO - load key [conv2.bias].length : 16, cost time : 0m:0s:0ms
2024-11-15 10:23:23,487 - fed_utils - INFO - load key [fc1.weight].length : 48000, cost time : 0m:0s:1ms
2024-11-15 10:23:23,487 - fed_utils - INFO - load key [fc1.bias].length : 120, cost time : 0m:0s:0ms
2024-11-15 10:23:23,487 - fed_utils - INFO - load key [fc2.weight].length : 10080, cost time : 0m:0s:0ms
2024-11-15 10:23:23,487 - fed_utils - INFO - load key [fc2.bias].length : 84, cost time : 0m:0s:0ms
2024-11-15 10:23:30,652 - fed_utils - INFO - encrypting key [fc3.weight].length : 840, cost time : 0m:7s:164ms
2024-11-15 10:23:30,731 - fed_utils - INFO - encrypting key [fc3.bias].length : 10, cost time : 0m:0s:79ms
2024-11-15 10:23:30,731 - fl_main - INFO - Server receive client_dict[f_00015] info ...
2024-11-15 10:23:30,731 - fl_main - INFO - ----- client id [f_00016] -----
2024-11-15 10:23:30,733 - client_base - INFO - recover model cost time : 0m:0s:0ms
2024-11-15 10:23:30,733 - fl_main - INFO - client_dict[f_00016] training ...
2024-11-15 10:23:30,733 - client_base - INFO - client_dict[f_00016] training epoch : 0
2024-11-15 10:23:31,111 - client_base - INFO - local model train cost time : 0m:0s:377ms
2024-11-15 10:23:31,112 - client_base - INFO - model encode time : 0m:0s:1ms
2024-11-15 10:23:31,113 - fl_main - INFO - client_dict[f_00016] local model encrypting ...
2024-11-15 10:23:32,294 - fed_utils - INFO - encrypting key [conv1.weight].length : 150, cost time : 0m:1s:181ms
2024-11-15 10:23:32,342 - fed_utils - INFO - encrypting key [conv1.bias].length : 6, cost time : 0m:0s:47ms
2024-11-15 10:23:32,342 - fed_utils - INFO - load key [conv2.weight].length : 2400, cost time : 0m:0s:0ms
2024-11-15 10:23:32,342 - fed_utils - INFO - load key [conv2.bias].length : 16, cost time : 0m:0s:0ms
2024-11-15 10:23:32,343 - fed_utils - INFO - load key [fc1.weight].length : 48000, cost time : 0m:0s:1ms
2024-11-15 10:23:32,343 - fed_utils - INFO - load key [fc1.bias].length : 120, cost time : 0m:0s:0ms
2024-11-15 10:23:32,344 - fed_utils - INFO - load key [fc2.weight].length : 10080, cost time : 0m:0s:0ms
2024-11-15 10:23:32,344 - fed_utils - INFO - load key [fc2.bias].length : 84, cost time : 0m:0s:0ms
2024-11-15 10:23:39,358 - fed_utils - INFO - encrypting key [fc3.weight].length : 840, cost time : 0m:7s:14ms
2024-11-15 10:23:39,437 - fed_utils - INFO - encrypting key [fc3.bias].length : 10, cost time : 0m:0s:79ms
2024-11-15 10:23:39,438 - fl_main - INFO - Server receive client_dict[f_00016] info ...
2024-11-15 10:23:39,438 - fl_main - INFO - ----- client id [f_00017] -----
2024-11-15 10:23:39,439 - client_base - INFO - recover model cost time : 0m:0s:0ms
2024-11-15 10:23:39,439 - fl_main - INFO - client_dict[f_00017] training ...
2024-11-15 10:23:39,440 - client_base - INFO - client_dict[f_00017] training epoch : 0
2024-11-15 10:23:39,822 - client_base - INFO - local model train cost time : 0m:0s:382ms
2024-11-15 10:23:39,823 - client_base - INFO - model encode time : 0m:0s:1ms
2024-11-15 10:23:39,824 - fl_main - INFO - client_dict[f_00017] local model encrypting ...
2024-11-15 10:23:41,019 - fed_utils - INFO - encrypting key [conv1.weight].length : 150, cost time : 0m:1s:194ms
2024-11-15 10:23:41,069 - fed_utils - INFO - encrypting key [conv1.bias].length : 6, cost time : 0m:0s:50ms
2024-11-15 10:23:41,069 - fed_utils - INFO - load key [conv2.weight].length : 2400, cost time : 0m:0s:0ms
2024-11-15 10:23:41,070 - fed_utils - INFO - load key [conv2.bias].length : 16, cost time : 0m:0s:0ms
2024-11-15 10:23:41,071 - fed_utils - INFO - load key [fc1.weight].length : 48000, cost time : 0m:0s:1ms
2024-11-15 10:23:41,071 - fed_utils - INFO - load key [fc1.bias].length : 120, cost time : 0m:0s:0ms
2024-11-15 10:23:41,072 - fed_utils - INFO - load key [fc2.weight].length : 10080, cost time : 0m:0s:0ms
2024-11-15 10:23:41,072 - fed_utils - INFO - load key [fc2.bias].length : 84, cost time : 0m:0s:0ms
2024-11-15 10:23:47,942 - fed_utils - INFO - encrypting key [fc3.weight].length : 840, cost time : 0m:6s:870ms
2024-11-15 10:23:48,022 - fed_utils - INFO - encrypting key [fc3.bias].length : 10, cost time : 0m:0s:79ms
2024-11-15 10:23:48,022 - fl_main - INFO - Server receive client_dict[f_00017] info ...
2024-11-15 10:23:48,023 - fl_main - INFO - ----- client id [f_00018] -----
2024-11-15 10:23:48,024 - client_base - INFO - recover model cost time : 0m:0s:0ms
2024-11-15 10:23:48,024 - fl_main - INFO - client_dict[f_00018] training ...
2024-11-15 10:23:48,025 - client_base - INFO - client_dict[f_00018] training epoch : 0
2024-11-15 10:23:48,404 - client_base - INFO - local model train cost time : 0m:0s:378ms
2024-11-15 10:23:48,405 - client_base - INFO - model encode time : 0m:0s:1ms
2024-11-15 10:23:48,405 - fl_main - INFO - client_dict[f_00018] local model encrypting ...
2024-11-15 10:23:49,600 - fed_utils - INFO - encrypting key [conv1.weight].length : 150, cost time : 0m:1s:194ms
2024-11-15 10:23:49,649 - fed_utils - INFO - encrypting key [conv1.bias].length : 6, cost time : 0m:0s:48ms
2024-11-15 10:23:49,649 - fed_utils - INFO - load key [conv2.weight].length : 2400, cost time : 0m:0s:0ms
2024-11-15 10:23:49,649 - fed_utils - INFO - load key [conv2.bias].length : 16, cost time : 0m:0s:0ms
2024-11-15 10:23:49,650 - fed_utils - INFO - load key [fc1.weight].length : 48000, cost time : 0m:0s:1ms
2024-11-15 10:23:49,650 - fed_utils - INFO - load key [fc1.bias].length : 120, cost time : 0m:0s:0ms
2024-11-15 10:23:49,651 - fed_utils - INFO - load key [fc2.weight].length : 10080, cost time : 0m:0s:0ms
2024-11-15 10:23:49,651 - fed_utils - INFO - load key [fc2.bias].length : 84, cost time : 0m:0s:0ms
2024-11-15 10:23:56,314 - fed_utils - INFO - encrypting key [fc3.weight].length : 840, cost time : 0m:6s:662ms
2024-11-15 10:23:56,393 - fed_utils - INFO - encrypting key [fc3.bias].length : 10, cost time : 0m:0s:79ms
2024-11-15 10:23:56,393 - fl_main - INFO - Server receive client_dict[f_00018] info ...
2024-11-15 10:23:56,393 - fl_main - INFO - ----- client id [f_00019] -----
2024-11-15 10:23:56,395 - client_base - INFO - recover model cost time : 0m:0s:0ms
2024-11-15 10:23:56,395 - fl_main - INFO - client_dict[f_00019] training ...
2024-11-15 10:23:56,395 - client_base - INFO - client_dict[f_00019] training epoch : 0
2024-11-15 10:23:56,783 - client_base - INFO - local model train cost time : 0m:0s:387ms
2024-11-15 10:23:56,784 - client_base - INFO - model encode time : 0m:0s:1ms
2024-11-15 10:23:56,784 - fl_main - INFO - client_dict[f_00019] local model encrypting ...
2024-11-15 10:23:57,990 - fed_utils - INFO - encrypting key [conv1.weight].length : 150, cost time : 0m:1s:205ms
2024-11-15 10:23:58,037 - fed_utils - INFO - encrypting key [conv1.bias].length : 6, cost time : 0m:0s:47ms
2024-11-15 10:23:58,038 - fed_utils - INFO - load key [conv2.weight].length : 2400, cost time : 0m:0s:0ms
2024-11-15 10:23:58,038 - fed_utils - INFO - load key [conv2.bias].length : 16, cost time : 0m:0s:0ms
2024-11-15 10:23:58,039 - fed_utils - INFO - load key [fc1.weight].length : 48000, cost time : 0m:0s:1ms
2024-11-15 10:23:58,039 - fed_utils - INFO - load key [fc1.bias].length : 120, cost time : 0m:0s:0ms
2024-11-15 10:23:58,039 - fed_utils - INFO - load key [fc2.weight].length : 10080, cost time : 0m:0s:0ms
2024-11-15 10:23:58,039 - fed_utils - INFO - load key [fc2.bias].length : 84, cost time : 0m:0s:0ms
2024-11-15 10:24:04,807 - fed_utils - INFO - encrypting key [fc3.weight].length : 840, cost time : 0m:6s:767ms
2024-11-15 10:24:04,887 - fed_utils - INFO - encrypting key [fc3.bias].length : 10, cost time : 0m:0s:79ms
2024-11-15 10:24:04,887 - fl_main - INFO - Server receive client_dict[f_00019] info ...
2024-11-15 10:24:04,888 - fl_main - INFO - global aggregation process ...
2024-11-15 10:24:04,888 - fed_utils - INFO - server.n_data : 60000
2024-11-15 10:24:04,888 - fed_utils - INFO - client_dict[f_00000].weight : 0.050000
2024-11-15 10:24:04,888 - fed_utils - INFO - client_dict[f_00001].weight : 0.050000
2024-11-15 10:24:04,888 - fed_utils - INFO - client_dict[f_00002].weight : 0.050000
2024-11-15 10:24:04,888 - fed_utils - INFO - client_dict[f_00003].weight : 0.050000
2024-11-15 10:24:04,889 - fed_utils - INFO - client_dict[f_00004].weight : 0.050000
2024-11-15 10:24:04,889 - fed_utils - INFO - client_dict[f_00005].weight : 0.050000
2024-11-15 10:24:04,889 - fed_utils - INFO - client_dict[f_00006].weight : 0.050000
2024-11-15 10:24:04,889 - fed_utils - INFO - client_dict[f_00007].weight : 0.050000
2024-11-15 10:24:04,889 - fed_utils - INFO - client_dict[f_00008].weight : 0.050000
2024-11-15 10:24:04,889 - fed_utils - INFO - client_dict[f_00009].weight : 0.050000
2024-11-15 10:24:04,889 - fed_utils - INFO - client_dict[f_00010].weight : 0.050000
2024-11-15 10:24:04,889 - fed_utils - INFO - client_dict[f_00011].weight : 0.050000
2024-11-15 10:24:04,889 - fed_utils - INFO - client_dict[f_00012].weight : 0.050000
2024-11-15 10:24:04,889 - fed_utils - INFO - client_dict[f_00013].weight : 0.050000
2024-11-15 10:24:04,889 - fed_utils - INFO - client_dict[f_00014].weight : 0.050000
2024-11-15 10:24:04,889 - fed_utils - INFO - client_dict[f_00015].weight : 0.050000
2024-11-15 10:24:04,889 - fed_utils - INFO - client_dict[f_00016].weight : 0.050000
2024-11-15 10:24:04,889 - fed_utils - INFO - client_dict[f_00017].weight : 0.050000
2024-11-15 10:24:04,889 - fed_utils - INFO - client_dict[f_00018].weight : 0.050000
2024-11-15 10:24:04,889 - fed_utils - INFO - client_dict[f_00019].weight : 0.050000
2024-11-15 10:24:04,889 - fed_utils - INFO - recover secret number by clients: 789319.750000
2024-11-15 10:24:04,889 - server_base - INFO - Server aggregate model with homomorphic encryption ...
2024-11-15 10:24:11,642 - server_base - INFO - Server aggregate model done, cost time : 0m:6s:752ms
2024-11-15 10:24:11,983 - fed_utils - INFO - decrypting key [conv1.weight].shape [torch.Size([6, 1, 5, 5])]
2024-11-15 10:24:11,997 - fed_utils - INFO - decrypting key [conv1.bias].shape [torch.Size([6])]
2024-11-15 10:24:11,997 - fed_utils - INFO - decrypting key [conv2.weight].shape [torch.Size([16, 6, 5, 5])]
2024-11-15 10:24:11,997 - fed_utils - INFO - decrypting key [conv2.bias].shape [torch.Size([16])]
2024-11-15 10:24:11,998 - fed_utils - INFO - decrypting key [fc1.weight].shape [torch.Size([120, 400])]
2024-11-15 10:24:11,998 - fed_utils - INFO - decrypting key [fc1.bias].shape [torch.Size([120])]
2024-11-15 10:24:11,998 - fed_utils - INFO - decrypting key [fc2.weight].shape [torch.Size([84, 120])]
2024-11-15 10:24:11,998 - fed_utils - INFO - decrypting key [fc2.bias].shape [torch.Size([84])]
2024-11-15 10:24:13,963 - fed_utils - INFO - decrypting key [fc3.weight].shape [torch.Size([10, 84])]
2024-11-15 10:24:13,987 - fed_utils - INFO - decrypting key [fc3.bias].shape [torch.Size([10])]
2024-11-15 10:24:13,987 - fed_utils - INFO - decrypt time : [0m:2s:344ms]
2024-11-15 10:24:13,999 - fl_main - INFO - [global round : 2] aggregated model accuracy : 0.184
2024-11-15 10:24:13,999 - fl_main - INFO - [global round : 2] aggregated model loss : 2.2839821790603603
2024-11-15 10:24:14,000 - fl_main - INFO - global round : 3
2024-11-15 10:24:14,000 - fl_main - INFO - the random client id to test accuracy : f_00016
2024-11-15 10:24:14,000 - fl_main - INFO - ----- client id [f_00000] -----
2024-11-15 10:24:14,001 - client_base - INFO - recover model cost time : 0m:0s:0ms
2024-11-15 10:24:14,001 - fl_main - INFO - client_dict[f_00000] training ...
2024-11-15 10:24:14,002 - client_base - INFO - client_dict[f_00000] training epoch : 0
2024-11-15 10:24:14,410 - client_base - INFO - local model train cost time : 0m:0s:407ms
2024-11-15 10:24:14,414 - client_base - INFO - model encode time : 0m:0s:3ms
2024-11-15 10:24:14,414 - fl_main - INFO - client_dict[f_00000] local model encrypting ...
2024-11-15 10:24:15,638 - fed_utils - INFO - encrypting key [conv1.weight].length : 150, cost time : 0m:1s:223ms
2024-11-15 10:24:15,687 - fed_utils - INFO - encrypting key [conv1.bias].length : 6, cost time : 0m:0s:48ms
2024-11-15 10:24:15,687 - fed_utils - INFO - load key [conv2.weight].length : 2400, cost time : 0m:0s:0ms
2024-11-15 10:24:15,687 - fed_utils - INFO - load key [conv2.bias].length : 16, cost time : 0m:0s:0ms
2024-11-15 10:24:15,689 - fed_utils - INFO - load key [fc1.weight].length : 48000, cost time : 0m:0s:1ms
2024-11-15 10:24:15,689 - fed_utils - INFO - load key [fc1.bias].length : 120, cost time : 0m:0s:0ms
2024-11-15 10:24:15,689 - fed_utils - INFO - load key [fc2.weight].length : 10080, cost time : 0m:0s:0ms
2024-11-15 10:24:15,689 - fed_utils - INFO - load key [fc2.bias].length : 84, cost time : 0m:0s:0ms
2024-11-15 10:24:22,768 - fed_utils - INFO - encrypting key [fc3.weight].length : 840, cost time : 0m:7s:78ms
2024-11-15 10:24:22,850 - fed_utils - INFO - encrypting key [fc3.bias].length : 10, cost time : 0m:0s:82ms
2024-11-15 10:24:22,851 - fl_main - INFO - Server receive client_dict[f_00000] info ...
2024-11-15 10:24:22,852 - fl_main - INFO - ----- client id [f_00001] -----
2024-11-15 10:24:22,853 - client_base - INFO - recover model cost time : 0m:0s:0ms
2024-11-15 10:24:22,853 - fl_main - INFO - client_dict[f_00001] training ...
2024-11-15 10:24:22,854 - client_base - INFO - client_dict[f_00001] training epoch : 0
2024-11-15 10:24:23,277 - client_base - INFO - local model train cost time : 0m:0s:423ms
2024-11-15 10:24:23,279 - client_base - INFO - model encode time : 0m:0s:1ms
2024-11-15 10:24:23,279 - fl_main - INFO - client_dict[f_00001] local model encrypting ...
2024-11-15 10:24:24,500 - fed_utils - INFO - encrypting key [conv1.weight].length : 150, cost time : 0m:1s:220ms
2024-11-15 10:24:24,547 - fed_utils - INFO - encrypting key [conv1.bias].length : 6, cost time : 0m:0s:47ms
2024-11-15 10:24:24,547 - fed_utils - INFO - load key [conv2.weight].length : 2400, cost time : 0m:0s:0ms
2024-11-15 10:24:24,547 - fed_utils - INFO - load key [conv2.bias].length : 16, cost time : 0m:0s:0ms
2024-11-15 10:24:24,548 - fed_utils - INFO - load key [fc1.weight].length : 48000, cost time : 0m:0s:0ms
2024-11-15 10:24:24,548 - fed_utils - INFO - load key [fc1.bias].length : 120, cost time : 0m:0s:0ms
2024-11-15 10:24:24,549 - fed_utils - INFO - load key [fc2.weight].length : 10080, cost time : 0m:0s:0ms
2024-11-15 10:24:24,549 - fed_utils - INFO - load key [fc2.bias].length : 84, cost time : 0m:0s:0ms
2024-11-15 10:24:31,334 - fed_utils - INFO - encrypting key [fc3.weight].length : 840, cost time : 0m:6s:785ms
2024-11-15 10:24:31,416 - fed_utils - INFO - encrypting key [fc3.bias].length : 10, cost time : 0m:0s:82ms
2024-11-15 10:24:31,416 - fl_main - INFO - Server receive client_dict[f_00001] info ...
2024-11-15 10:24:31,417 - fl_main - INFO - ----- client id [f_00002] -----
2024-11-15 10:24:31,418 - client_base - INFO - recover model cost time : 0m:0s:0ms
2024-11-15 10:24:31,418 - fl_main - INFO - client_dict[f_00002] training ...
2024-11-15 10:24:31,419 - client_base - INFO - client_dict[f_00002] training epoch : 0
2024-11-15 10:24:31,804 - client_base - INFO - local model train cost time : 0m:0s:384ms
2024-11-15 10:24:31,805 - client_base - INFO - model encode time : 0m:0s:1ms
2024-11-15 10:24:31,805 - fl_main - INFO - client_dict[f_00002] local model encrypting ...
2024-11-15 10:24:33,032 - fed_utils - INFO - encrypting key [conv1.weight].length : 150, cost time : 0m:1s:226ms
2024-11-15 10:24:33,079 - fed_utils - INFO - encrypting key [conv1.bias].length : 6, cost time : 0m:0s:47ms
2024-11-15 10:24:33,079 - fed_utils - INFO - load key [conv2.weight].length : 2400, cost time : 0m:0s:0ms
2024-11-15 10:24:33,080 - fed_utils - INFO - load key [conv2.bias].length : 16, cost time : 0m:0s:0ms
2024-11-15 10:24:33,081 - fed_utils - INFO - load key [fc1.weight].length : 48000, cost time : 0m:0s:0ms
2024-11-15 10:24:33,081 - fed_utils - INFO - load key [fc1.bias].length : 120, cost time : 0m:0s:0ms
2024-11-15 10:24:33,081 - fed_utils - INFO - load key [fc2.weight].length : 10080, cost time : 0m:0s:0ms
2024-11-15 10:24:33,081 - fed_utils - INFO - load key [fc2.bias].length : 84, cost time : 0m:0s:0ms
2024-11-15 10:24:39,864 - fed_utils - INFO - encrypting key [fc3.weight].length : 840, cost time : 0m:6s:783ms
2024-11-15 10:24:39,943 - fed_utils - INFO - encrypting key [fc3.bias].length : 10, cost time : 0m:0s:78ms
2024-11-15 10:24:39,943 - fl_main - INFO - Server receive client_dict[f_00002] info ...
2024-11-15 10:24:39,943 - fl_main - INFO - ----- client id [f_00003] -----
2024-11-15 10:24:39,945 - client_base - INFO - recover model cost time : 0m:0s:0ms
2024-11-15 10:24:39,945 - fl_main - INFO - client_dict[f_00003] training ...
2024-11-15 10:24:39,945 - client_base - INFO - client_dict[f_00003] training epoch : 0
2024-11-15 10:24:40,313 - client_base - INFO - local model train cost time : 0m:0s:367ms
2024-11-15 10:24:40,314 - client_base - INFO - model encode time : 0m:0s:1ms
2024-11-15 10:24:40,314 - fl_main - INFO - client_dict[f_00003] local model encrypting ...
2024-11-15 10:24:41,497 - fed_utils - INFO - encrypting key [conv1.weight].length : 150, cost time : 0m:1s:182ms
2024-11-15 10:24:41,545 - fed_utils - INFO - encrypting key [conv1.bias].length : 6, cost time : 0m:0s:48ms
2024-11-15 10:24:41,545 - fed_utils - INFO - load key [conv2.weight].length : 2400, cost time : 0m:0s:0ms
2024-11-15 10:24:41,545 - fed_utils - INFO - load key [conv2.bias].length : 16, cost time : 0m:0s:0ms
2024-11-15 10:24:41,546 - fed_utils - INFO - load key [fc1.weight].length : 48000, cost time : 0m:0s:0ms
2024-11-15 10:24:41,546 - fed_utils - INFO - load key [fc1.bias].length : 120, cost time : 0m:0s:0ms
2024-11-15 10:24:41,547 - fed_utils - INFO - load key [fc2.weight].length : 10080, cost time : 0m:0s:0ms
2024-11-15 10:24:41,547 - fed_utils - INFO - load key [fc2.bias].length : 84, cost time : 0m:0s:0ms
2024-11-15 10:24:48,338 - fed_utils - INFO - encrypting key [fc3.weight].length : 840, cost time : 0m:6s:791ms
2024-11-15 10:24:48,418 - fed_utils - INFO - encrypting key [fc3.bias].length : 10, cost time : 0m:0s:80ms
2024-11-15 10:24:48,418 - fl_main - INFO - Server receive client_dict[f_00003] info ...
2024-11-15 10:24:48,419 - fl_main - INFO - ----- client id [f_00004] -----
2024-11-15 10:24:48,420 - client_base - INFO - recover model cost time : 0m:0s:0ms
2024-11-15 10:24:48,420 - fl_main - INFO - client_dict[f_00004] training ...
2024-11-15 10:24:48,421 - client_base - INFO - client_dict[f_00004] training epoch : 0
2024-11-15 10:24:48,796 - client_base - INFO - local model train cost time : 0m:0s:375ms
2024-11-15 10:24:48,798 - client_base - INFO - model encode time : 0m:0s:1ms
2024-11-15 10:24:48,798 - fl_main - INFO - client_dict[f_00004] local model encrypting ...
2024-11-15 10:24:50,101 - fed_utils - INFO - encrypting key [conv1.weight].length : 150, cost time : 0m:1s:303ms
2024-11-15 10:24:50,165 - fed_utils - INFO - encrypting key [conv1.bias].length : 6, cost time : 0m:0s:63ms
2024-11-15 10:24:50,166 - fed_utils - INFO - load key [conv2.weight].length : 2400, cost time : 0m:0s:0ms
2024-11-15 10:24:50,166 - fed_utils - INFO - load key [conv2.bias].length : 16, cost time : 0m:0s:0ms
2024-11-15 10:24:50,167 - fed_utils - INFO - load key [fc1.weight].length : 48000, cost time : 0m:0s:1ms
2024-11-15 10:24:50,167 - fed_utils - INFO - load key [fc1.bias].length : 120, cost time : 0m:0s:0ms
2024-11-15 10:24:50,168 - fed_utils - INFO - load key [fc2.weight].length : 10080, cost time : 0m:0s:0ms
2024-11-15 10:24:50,168 - fed_utils - INFO - load key [fc2.bias].length : 84, cost time : 0m:0s:0ms
2024-11-15 10:24:57,089 - fed_utils - INFO - encrypting key [fc3.weight].length : 840, cost time : 0m:6s:921ms
2024-11-15 10:24:57,169 - fed_utils - INFO - encrypting key [fc3.bias].length : 10, cost time : 0m:0s:79ms
2024-11-15 10:24:57,169 - fl_main - INFO - Server receive client_dict[f_00004] info ...
2024-11-15 10:24:57,169 - fl_main - INFO - ----- client id [f_00005] -----
2024-11-15 10:24:57,170 - client_base - INFO - recover model cost time : 0m:0s:0ms
2024-11-15 10:24:57,171 - fl_main - INFO - client_dict[f_00005] training ...
2024-11-15 10:24:57,172 - client_base - INFO - client_dict[f_00005] training epoch : 0
2024-11-15 10:24:57,572 - client_base - INFO - local model train cost time : 0m:0s:400ms
2024-11-15 10:24:57,576 - client_base - INFO - model encode time : 0m:0s:3ms
2024-11-15 10:24:57,576 - fl_main - INFO - client_dict[f_00005] local model encrypting ...
2024-11-15 10:24:58,775 - fed_utils - INFO - encrypting key [conv1.weight].length : 150, cost time : 0m:1s:199ms
2024-11-15 10:24:58,824 - fed_utils - INFO - encrypting key [conv1.bias].length : 6, cost time : 0m:0s:48ms
2024-11-15 10:24:58,824 - fed_utils - INFO - load key [conv2.weight].length : 2400, cost time : 0m:0s:0ms
2024-11-15 10:24:58,824 - fed_utils - INFO - load key [conv2.bias].length : 16, cost time : 0m:0s:0ms
2024-11-15 10:24:58,826 - fed_utils - INFO - load key [fc1.weight].length : 48000, cost time : 0m:0s:1ms
2024-11-15 10:24:58,826 - fed_utils - INFO - load key [fc1.bias].length : 120, cost time : 0m:0s:0ms
2024-11-15 10:24:58,826 - fed_utils - INFO - load key [fc2.weight].length : 10080, cost time : 0m:0s:0ms
2024-11-15 10:24:58,826 - fed_utils - INFO - load key [fc2.bias].length : 84, cost time : 0m:0s:0ms
2024-11-15 10:25:05,915 - fed_utils - INFO - encrypting key [fc3.weight].length : 840, cost time : 0m:7s:89ms
2024-11-15 10:25:05,995 - fed_utils - INFO - encrypting key [fc3.bias].length : 10, cost time : 0m:0s:79ms
2024-11-15 10:25:05,995 - fl_main - INFO - Server receive client_dict[f_00005] info ...
2024-11-15 10:25:05,995 - fl_main - INFO - ----- client id [f_00006] -----
2024-11-15 10:25:05,997 - client_base - INFO - recover model cost time : 0m:0s:0ms
2024-11-15 10:25:05,997 - fl_main - INFO - client_dict[f_00006] training ...
2024-11-15 10:25:05,999 - client_base - INFO - client_dict[f_00006] training epoch : 0
2024-11-15 10:25:06,397 - client_base - INFO - local model train cost time : 0m:0s:397ms
2024-11-15 10:25:06,399 - client_base - INFO - model encode time : 0m:0s:2ms
2024-11-15 10:25:06,399 - fl_main - INFO - client_dict[f_00006] local model encrypting ...
2024-11-15 10:25:07,589 - fed_utils - INFO - encrypting key [conv1.weight].length : 150, cost time : 0m:1s:189ms
2024-11-15 10:25:07,636 - fed_utils - INFO - encrypting key [conv1.bias].length : 6, cost time : 0m:0s:47ms
2024-11-15 10:25:07,637 - fed_utils - INFO - load key [conv2.weight].length : 2400, cost time : 0m:0s:0ms
2024-11-15 10:25:07,637 - fed_utils - INFO - load key [conv2.bias].length : 16, cost time : 0m:0s:0ms
2024-11-15 10:25:07,638 - fed_utils - INFO - load key [fc1.weight].length : 48000, cost time : 0m:0s:1ms
2024-11-15 10:25:07,638 - fed_utils - INFO - load key [fc1.bias].length : 120, cost time : 0m:0s:0ms
2024-11-15 10:25:07,638 - fed_utils - INFO - load key [fc2.weight].length : 10080, cost time : 0m:0s:0ms
2024-11-15 10:25:07,638 - fed_utils - INFO - load key [fc2.bias].length : 84, cost time : 0m:0s:0ms
2024-11-15 10:25:14,749 - fed_utils - INFO - encrypting key [fc3.weight].length : 840, cost time : 0m:7s:110ms
2024-11-15 10:25:14,828 - fed_utils - INFO - encrypting key [fc3.bias].length : 10, cost time : 0m:0s:79ms
2024-11-15 10:25:14,828 - fl_main - INFO - Server receive client_dict[f_00006] info ...
2024-11-15 10:25:14,829 - fl_main - INFO - ----- client id [f_00007] -----
2024-11-15 10:25:14,830 - client_base - INFO - recover model cost time : 0m:0s:0ms
2024-11-15 10:25:14,830 - fl_main - INFO - client_dict[f_00007] training ...
2024-11-15 10:25:14,831 - client_base - INFO - client_dict[f_00007] training epoch : 0
2024-11-15 10:25:15,247 - client_base - INFO - local model train cost time : 0m:0s:416ms
2024-11-15 10:25:15,249 - client_base - INFO - model encode time : 0m:0s:1ms
2024-11-15 10:25:15,249 - fl_main - INFO - client_dict[f_00007] local model encrypting ...
2024-11-15 10:25:16,454 - fed_utils - INFO - encrypting key [conv1.weight].length : 150, cost time : 0m:1s:204ms
2024-11-15 10:25:16,503 - fed_utils - INFO - encrypting key [conv1.bias].length : 6, cost time : 0m:0s:48ms
2024-11-15 10:25:16,503 - fed_utils - INFO - load key [conv2.weight].length : 2400, cost time : 0m:0s:0ms
2024-11-15 10:25:16,503 - fed_utils - INFO - load key [conv2.bias].length : 16, cost time : 0m:0s:0ms
2024-11-15 10:25:16,504 - fed_utils - INFO - load key [fc1.weight].length : 48000, cost time : 0m:0s:1ms
2024-11-15 10:25:16,504 - fed_utils - INFO - load key [fc1.bias].length : 120, cost time : 0m:0s:0ms
2024-11-15 10:25:16,505 - fed_utils - INFO - load key [fc2.weight].length : 10080, cost time : 0m:0s:0ms
2024-11-15 10:25:16,505 - fed_utils - INFO - load key [fc2.bias].length : 84, cost time : 0m:0s:0ms
2024-11-15 10:25:23,286 - fed_utils - INFO - encrypting key [fc3.weight].length : 840, cost time : 0m:6s:781ms
2024-11-15 10:25:23,366 - fed_utils - INFO - encrypting key [fc3.bias].length : 10, cost time : 0m:0s:79ms
2024-11-15 10:25:23,366 - fl_main - INFO - Server receive client_dict[f_00007] info ...
2024-11-15 10:25:23,366 - fl_main - INFO - ----- client id [f_00008] -----
2024-11-15 10:25:23,367 - client_base - INFO - recover model cost time : 0m:0s:0ms
2024-11-15 10:25:23,367 - fl_main - INFO - client_dict[f_00008] training ...
2024-11-15 10:25:23,368 - client_base - INFO - client_dict[f_00008] training epoch : 0
2024-11-15 10:25:23,767 - client_base - INFO - local model train cost time : 0m:0s:398ms
2024-11-15 10:25:23,768 - client_base - INFO - model encode time : 0m:0s:1ms
2024-11-15 10:25:23,769 - fl_main - INFO - client_dict[f_00008] local model encrypting ...
2024-11-15 10:25:25,040 - fed_utils - INFO - encrypting key [conv1.weight].length : 150, cost time : 0m:1s:270ms
2024-11-15 10:25:25,089 - fed_utils - INFO - encrypting key [conv1.bias].length : 6, cost time : 0m:0s:49ms
2024-11-15 10:25:25,089 - fed_utils - INFO - load key [conv2.weight].length : 2400, cost time : 0m:0s:0ms
2024-11-15 10:25:25,089 - fed_utils - INFO - load key [conv2.bias].length : 16, cost time : 0m:0s:0ms
2024-11-15 10:25:25,091 - fed_utils - INFO - load key [fc1.weight].length : 48000, cost time : 0m:0s:1ms
2024-11-15 10:25:25,091 - fed_utils - INFO - load key [fc1.bias].length : 120, cost time : 0m:0s:0ms
2024-11-15 10:25:25,092 - fed_utils - INFO - load key [fc2.weight].length : 10080, cost time : 0m:0s:0ms
2024-11-15 10:25:25,092 - fed_utils - INFO - load key [fc2.bias].length : 84, cost time : 0m:0s:0ms
2024-11-15 10:25:31,874 - fed_utils - INFO - encrypting key [fc3.weight].length : 840, cost time : 0m:6s:781ms
2024-11-15 10:25:31,953 - fed_utils - INFO - encrypting key [fc3.bias].length : 10, cost time : 0m:0s:79ms
2024-11-15 10:25:31,953 - fl_main - INFO - Server receive client_dict[f_00008] info ...
2024-11-15 10:25:31,953 - fl_main - INFO - ----- client id [f_00009] -----
2024-11-15 10:25:31,955 - client_base - INFO - recover model cost time : 0m:0s:0ms
2024-11-15 10:25:31,955 - fl_main - INFO - client_dict[f_00009] training ...
2024-11-15 10:25:31,955 - client_base - INFO - client_dict[f_00009] training epoch : 0
2024-11-15 10:25:32,344 - client_base - INFO - local model train cost time : 0m:0s:388ms
2024-11-15 10:25:32,345 - client_base - INFO - model encode time : 0m:0s:1ms
2024-11-15 10:25:32,345 - fl_main - INFO - client_dict[f_00009] local model encrypting ...
2024-11-15 10:25:33,674 - fed_utils - INFO - encrypting key [conv1.weight].length : 150, cost time : 0m:1s:329ms
2024-11-15 10:25:33,722 - fed_utils - INFO - encrypting key [conv1.bias].length : 6, cost time : 0m:0s:47ms
2024-11-15 10:25:33,723 - fed_utils - INFO - load key [conv2.weight].length : 2400, cost time : 0m:0s:0ms
2024-11-15 10:25:33,723 - fed_utils - INFO - load key [conv2.bias].length : 16, cost time : 0m:0s:0ms
2024-11-15 10:25:33,724 - fed_utils - INFO - load key [fc1.weight].length : 48000, cost time : 0m:0s:0ms
2024-11-15 10:25:33,724 - fed_utils - INFO - load key [fc1.bias].length : 120, cost time : 0m:0s:0ms
2024-11-15 10:25:33,724 - fed_utils - INFO - load key [fc2.weight].length : 10080, cost time : 0m:0s:0ms
2024-11-15 10:25:33,724 - fed_utils - INFO - load key [fc2.bias].length : 84, cost time : 0m:0s:0ms
2024-11-15 10:25:40,705 - fed_utils - INFO - encrypting key [fc3.weight].length : 840, cost time : 0m:6s:980ms
2024-11-15 10:25:40,784 - fed_utils - INFO - encrypting key [fc3.bias].length : 10, cost time : 0m:0s:78ms
2024-11-15 10:25:40,784 - fl_main - INFO - Server receive client_dict[f_00009] info ...
2024-11-15 10:25:40,784 - fl_main - INFO - ----- client id [f_00010] -----
2024-11-15 10:25:40,785 - client_base - INFO - recover model cost time : 0m:0s:0ms
2024-11-15 10:25:40,786 - fl_main - INFO - client_dict[f_00010] training ...
2024-11-15 10:25:40,786 - client_base - INFO - client_dict[f_00010] training epoch : 0
2024-11-15 10:25:41,154 - client_base - INFO - local model train cost time : 0m:0s:367ms
2024-11-15 10:25:41,155 - client_base - INFO - model encode time : 0m:0s:1ms
2024-11-15 10:25:41,156 - fl_main - INFO - client_dict[f_00010] local model encrypting ...
2024-11-15 10:25:42,349 - fed_utils - INFO - encrypting key [conv1.weight].length : 150, cost time : 0m:1s:192ms
2024-11-15 10:25:42,399 - fed_utils - INFO - encrypting key [conv1.bias].length : 6, cost time : 0m:0s:49ms
2024-11-15 10:25:42,399 - fed_utils - INFO - load key [conv2.weight].length : 2400, cost time : 0m:0s:0ms
2024-11-15 10:25:42,399 - fed_utils - INFO - load key [conv2.bias].length : 16, cost time : 0m:0s:0ms
2024-11-15 10:25:42,400 - fed_utils - INFO - load key [fc1.weight].length : 48000, cost time : 0m:0s:1ms
2024-11-15 10:25:42,400 - fed_utils - INFO - load key [fc1.bias].length : 120, cost time : 0m:0s:0ms
2024-11-15 10:25:42,401 - fed_utils - INFO - load key [fc2.weight].length : 10080, cost time : 0m:0s:0ms
2024-11-15 10:25:42,401 - fed_utils - INFO - load key [fc2.bias].length : 84, cost time : 0m:0s:0ms
2024-11-15 10:25:49,089 - fed_utils - INFO - encrypting key [fc3.weight].length : 840, cost time : 0m:6s:688ms
2024-11-15 10:25:49,168 - fed_utils - INFO - encrypting key [fc3.bias].length : 10, cost time : 0m:0s:78ms
2024-11-15 10:25:49,168 - fl_main - INFO - Server receive client_dict[f_00010] info ...
2024-11-15 10:25:49,168 - fl_main - INFO - ----- client id [f_00011] -----
2024-11-15 10:25:49,169 - client_base - INFO - recover model cost time : 0m:0s:0ms
2024-11-15 10:25:49,169 - fl_main - INFO - client_dict[f_00011] training ...
2024-11-15 10:25:49,170 - client_base - INFO - client_dict[f_00011] training epoch : 0
2024-11-15 10:25:49,547 - client_base - INFO - local model train cost time : 0m:0s:377ms
2024-11-15 10:25:49,549 - client_base - INFO - model encode time : 0m:0s:1ms
2024-11-15 10:25:49,549 - fl_main - INFO - client_dict[f_00011] local model encrypting ...
2024-11-15 10:25:50,766 - fed_utils - INFO - encrypting key [conv1.weight].length : 150, cost time : 0m:1s:216ms
2024-11-15 10:25:50,813 - fed_utils - INFO - encrypting key [conv1.bias].length : 6, cost time : 0m:0s:47ms
2024-11-15 10:25:50,813 - fed_utils - INFO - load key [conv2.weight].length : 2400, cost time : 0m:0s:0ms
2024-11-15 10:25:50,813 - fed_utils - INFO - load key [conv2.bias].length : 16, cost time : 0m:0s:0ms
2024-11-15 10:25:50,815 - fed_utils - INFO - load key [fc1.weight].length : 48000, cost time : 0m:0s:1ms
2024-11-15 10:25:50,815 - fed_utils - INFO - load key [fc1.bias].length : 120, cost time : 0m:0s:0ms
2024-11-15 10:25:50,815 - fed_utils - INFO - load key [fc2.weight].length : 10080, cost time : 0m:0s:0ms
2024-11-15 10:25:50,815 - fed_utils - INFO - load key [fc2.bias].length : 84, cost time : 0m:0s:0ms
2024-11-15 10:25:57,544 - fed_utils - INFO - encrypting key [fc3.weight].length : 840, cost time : 0m:6s:728ms
2024-11-15 10:25:57,623 - fed_utils - INFO - encrypting key [fc3.bias].length : 10, cost time : 0m:0s:79ms
2024-11-15 10:25:57,623 - fl_main - INFO - Server receive client_dict[f_00011] info ...
2024-11-15 10:25:57,624 - fl_main - INFO - ----- client id [f_00012] -----
2024-11-15 10:25:57,625 - client_base - INFO - recover model cost time : 0m:0s:0ms
2024-11-15 10:25:57,625 - fl_main - INFO - client_dict[f_00012] training ...
2024-11-15 10:25:57,626 - client_base - INFO - client_dict[f_00012] training epoch : 0
2024-11-15 10:25:58,012 - client_base - INFO - local model train cost time : 0m:0s:386ms
2024-11-15 10:25:58,014 - client_base - INFO - model encode time : 0m:0s:1ms
2024-11-15 10:25:58,014 - fl_main - INFO - client_dict[f_00012] local model encrypting ...
2024-11-15 10:25:59,392 - fed_utils - INFO - encrypting key [conv1.weight].length : 150, cost time : 0m:1s:378ms
2024-11-15 10:25:59,444 - fed_utils - INFO - encrypting key [conv1.bias].length : 6, cost time : 0m:0s:51ms
2024-11-15 10:25:59,445 - fed_utils - INFO - load key [conv2.weight].length : 2400, cost time : 0m:0s:0ms
2024-11-15 10:25:59,445 - fed_utils - INFO - load key [conv2.bias].length : 16, cost time : 0m:0s:0ms
2024-11-15 10:25:59,446 - fed_utils - INFO - load key [fc1.weight].length : 48000, cost time : 0m:0s:1ms
2024-11-15 10:25:59,446 - fed_utils - INFO - load key [fc1.bias].length : 120, cost time : 0m:0s:0ms
2024-11-15 10:25:59,446 - fed_utils - INFO - load key [fc2.weight].length : 10080, cost time : 0m:0s:0ms
2024-11-15 10:25:59,446 - fed_utils - INFO - load key [fc2.bias].length : 84, cost time : 0m:0s:0ms
2024-11-15 10:26:06,351 - fed_utils - INFO - encrypting key [fc3.weight].length : 840, cost time : 0m:6s:904ms
2024-11-15 10:26:06,430 - fed_utils - INFO - encrypting key [fc3.bias].length : 10, cost time : 0m:0s:78ms
2024-11-15 10:26:06,430 - fl_main - INFO - Server receive client_dict[f_00012] info ...
2024-11-15 10:26:06,430 - fl_main - INFO - ----- client id [f_00013] -----
2024-11-15 10:26:06,431 - client_base - INFO - recover model cost time : 0m:0s:0ms
2024-11-15 10:26:06,431 - fl_main - INFO - client_dict[f_00013] training ...
2024-11-15 10:26:06,432 - client_base - INFO - client_dict[f_00013] training epoch : 0
2024-11-15 10:26:06,819 - client_base - INFO - local model train cost time : 0m:0s:386ms
2024-11-15 10:26:06,820 - client_base - INFO - model encode time : 0m:0s:1ms
2024-11-15 10:26:06,820 - fl_main - INFO - client_dict[f_00013] local model encrypting ...
2024-11-15 10:26:08,021 - fed_utils - INFO - encrypting key [conv1.weight].length : 150, cost time : 0m:1s:200ms
2024-11-15 10:26:08,068 - fed_utils - INFO - encrypting key [conv1.bias].length : 6, cost time : 0m:0s:47ms
2024-11-15 10:26:08,069 - fed_utils - INFO - load key [conv2.weight].length : 2400, cost time : 0m:0s:0ms
2024-11-15 10:26:08,069 - fed_utils - INFO - load key [conv2.bias].length : 16, cost time : 0m:0s:0ms
2024-11-15 10:26:08,070 - fed_utils - INFO - load key [fc1.weight].length : 48000, cost time : 0m:0s:1ms
2024-11-15 10:26:08,070 - fed_utils - INFO - load key [fc1.bias].length : 120, cost time : 0m:0s:0ms
2024-11-15 10:26:08,070 - fed_utils - INFO - load key [fc2.weight].length : 10080, cost time : 0m:0s:0ms
2024-11-15 10:26:08,070 - fed_utils - INFO - load key [fc2.bias].length : 84, cost time : 0m:0s:0ms
2024-11-15 10:26:14,903 - fed_utils - INFO - encrypting key [fc3.weight].length : 840, cost time : 0m:6s:832ms
2024-11-15 10:26:14,983 - fed_utils - INFO - encrypting key [fc3.bias].length : 10, cost time : 0m:0s:79ms
2024-11-15 10:26:14,983 - fl_main - INFO - Server receive client_dict[f_00013] info ...
2024-11-15 10:26:14,983 - fl_main - INFO - ----- client id [f_00014] -----
2024-11-15 10:26:14,984 - client_base - INFO - recover model cost time : 0m:0s:0ms
2024-11-15 10:26:14,984 - fl_main - INFO - client_dict[f_00014] training ...
2024-11-15 10:26:14,985 - client_base - INFO - client_dict[f_00014] training epoch : 0
2024-11-15 10:26:15,383 - client_base - INFO - local model train cost time : 0m:0s:398ms
2024-11-15 10:26:15,385 - client_base - INFO - model encode time : 0m:0s:1ms
2024-11-15 10:26:15,385 - fl_main - INFO - client_dict[f_00014] local model encrypting ...
2024-11-15 10:26:16,586 - fed_utils - INFO - encrypting key [conv1.weight].length : 150, cost time : 0m:1s:200ms
2024-11-15 10:26:16,633 - fed_utils - INFO - encrypting key [conv1.bias].length : 6, cost time : 0m:0s:47ms
2024-11-15 10:26:16,634 - fed_utils - INFO - load key [conv2.weight].length : 2400, cost time : 0m:0s:0ms
2024-11-15 10:26:16,634 - fed_utils - INFO - load key [conv2.bias].length : 16, cost time : 0m:0s:0ms
2024-11-15 10:26:16,635 - fed_utils - INFO - load key [fc1.weight].length : 48000, cost time : 0m:0s:1ms
2024-11-15 10:26:16,635 - fed_utils - INFO - load key [fc1.bias].length : 120, cost time : 0m:0s:0ms
2024-11-15 10:26:16,635 - fed_utils - INFO - load key [fc2.weight].length : 10080, cost time : 0m:0s:0ms
2024-11-15 10:26:16,635 - fed_utils - INFO - load key [fc2.bias].length : 84, cost time : 0m:0s:0ms
2024-11-15 10:26:23,770 - fed_utils - INFO - encrypting key [fc3.weight].length : 840, cost time : 0m:7s:134ms
2024-11-15 10:26:23,850 - fed_utils - INFO - encrypting key [fc3.bias].length : 10, cost time : 0m:0s:80ms
2024-11-15 10:26:23,850 - fl_main - INFO - Server receive client_dict[f_00014] info ...
2024-11-15 10:26:23,851 - fl_main - INFO - ----- client id [f_00015] -----
2024-11-15 10:26:23,852 - client_base - INFO - recover model cost time : 0m:0s:0ms
2024-11-15 10:26:23,852 - fl_main - INFO - client_dict[f_00015] training ...
2024-11-15 10:26:23,853 - client_base - INFO - client_dict[f_00015] training epoch : 0
2024-11-15 10:26:24,259 - client_base - INFO - local model train cost time : 0m:0s:405ms
2024-11-15 10:26:24,261 - client_base - INFO - model encode time : 0m:0s:2ms
2024-11-15 10:26:24,261 - fl_main - INFO - client_dict[f_00015] local model encrypting ...
2024-11-15 10:26:25,596 - fed_utils - INFO - encrypting key [conv1.weight].length : 150, cost time : 0m:1s:335ms
2024-11-15 10:26:25,644 - fed_utils - INFO - encrypting key [conv1.bias].length : 6, cost time : 0m:0s:47ms
2024-11-15 10:26:25,644 - fed_utils - INFO - load key [conv2.weight].length : 2400, cost time : 0m:0s:0ms
2024-11-15 10:26:25,644 - fed_utils - INFO - load key [conv2.bias].length : 16, cost time : 0m:0s:0ms
2024-11-15 10:26:25,646 - fed_utils - INFO - load key [fc1.weight].length : 48000, cost time : 0m:0s:1ms
2024-11-15 10:26:25,646 - fed_utils - INFO - load key [fc1.bias].length : 120, cost time : 0m:0s:0ms
2024-11-15 10:26:25,646 - fed_utils - INFO - load key [fc2.weight].length : 10080, cost time : 0m:0s:0ms
2024-11-15 10:26:25,646 - fed_utils - INFO - load key [fc2.bias].length : 84, cost time : 0m:0s:0ms
2024-11-15 10:26:32,642 - fed_utils - INFO - encrypting key [fc3.weight].length : 840, cost time : 0m:6s:995ms
2024-11-15 10:26:32,721 - fed_utils - INFO - encrypting key [fc3.bias].length : 10, cost time : 0m:0s:78ms
2024-11-15 10:26:32,721 - fl_main - INFO - Server receive client_dict[f_00015] info ...
2024-11-15 10:26:32,721 - fl_main - INFO - ----- client id [f_00016] -----
2024-11-15 10:26:32,722 - client_base - INFO - recover model cost time : 0m:0s:0ms
2024-11-15 10:26:33,550 - fl_main - INFO - global round [3] client_dict[f_00016].accuracy : 0.212100
2024-11-15 10:26:33,550 - fl_main - INFO - client_dict[f_00016] training ...
2024-11-15 10:26:33,550 - client_base - INFO - client_dict[f_00016] training epoch : 0
2024-11-15 10:26:33,954 - client_base - INFO - local model train cost time : 0m:0s:404ms
2024-11-15 10:26:33,956 - client_base - INFO - model encode time : 0m:0s:1ms
2024-11-15 10:26:33,956 - fl_main - INFO - client_dict[f_00016] local model encrypting ...
2024-11-15 10:26:35,169 - fed_utils - INFO - encrypting key [conv1.weight].length : 150, cost time : 0m:1s:213ms
2024-11-15 10:26:35,217 - fed_utils - INFO - encrypting key [conv1.bias].length : 6, cost time : 0m:0s:48ms
2024-11-15 10:26:35,218 - fed_utils - INFO - load key [conv2.weight].length : 2400, cost time : 0m:0s:0ms
2024-11-15 10:26:35,218 - fed_utils - INFO - load key [conv2.bias].length : 16, cost time : 0m:0s:0ms
2024-11-15 10:26:35,219 - fed_utils - INFO - load key [fc1.weight].length : 48000, cost time : 0m:0s:1ms
2024-11-15 10:26:35,219 - fed_utils - INFO - load key [fc1.bias].length : 120, cost time : 0m:0s:0ms
2024-11-15 10:26:35,219 - fed_utils - INFO - load key [fc2.weight].length : 10080, cost time : 0m:0s:0ms
2024-11-15 10:26:35,219 - fed_utils - INFO - load key [fc2.bias].length : 84, cost time : 0m:0s:0ms
2024-11-15 10:26:41,922 - fed_utils - INFO - encrypting key [fc3.weight].length : 840, cost time : 0m:6s:702ms
2024-11-15 10:26:42,001 - fed_utils - INFO - encrypting key [fc3.bias].length : 10, cost time : 0m:0s:78ms
2024-11-15 10:26:42,001 - fl_main - INFO - Server receive client_dict[f_00016] info ...
2024-11-15 10:26:42,001 - fl_main - INFO - ----- client id [f_00017] -----
2024-11-15 10:26:42,003 - client_base - INFO - recover model cost time : 0m:0s:0ms
2024-11-15 10:26:42,003 - fl_main - INFO - client_dict[f_00017] training ...
2024-11-15 10:26:42,003 - client_base - INFO - client_dict[f_00017] training epoch : 0
2024-11-15 10:26:42,377 - client_base - INFO - local model train cost time : 0m:0s:373ms
2024-11-15 10:26:42,378 - client_base - INFO - model encode time : 0m:0s:1ms
2024-11-15 10:26:42,379 - fl_main - INFO - client_dict[f_00017] local model encrypting ...
2024-11-15 10:26:43,572 - fed_utils - INFO - encrypting key [conv1.weight].length : 150, cost time : 0m:1s:193ms
2024-11-15 10:26:43,620 - fed_utils - INFO - encrypting key [conv1.bias].length : 6, cost time : 0m:0s:48ms
2024-11-15 10:26:43,620 - fed_utils - INFO - load key [conv2.weight].length : 2400, cost time : 0m:0s:0ms
2024-11-15 10:26:43,620 - fed_utils - INFO - load key [conv2.bias].length : 16, cost time : 0m:0s:0ms
2024-11-15 10:26:43,622 - fed_utils - INFO - load key [fc1.weight].length : 48000, cost time : 0m:0s:1ms
2024-11-15 10:26:43,622 - fed_utils - INFO - load key [fc1.bias].length : 120, cost time : 0m:0s:0ms
2024-11-15 10:26:43,622 - fed_utils - INFO - load key [fc2.weight].length : 10080, cost time : 0m:0s:0ms
2024-11-15 10:26:43,622 - fed_utils - INFO - load key [fc2.bias].length : 84, cost time : 0m:0s:0ms
2024-11-15 10:26:50,731 - fed_utils - INFO - encrypting key [fc3.weight].length : 840, cost time : 0m:7s:109ms
2024-11-15 10:26:50,812 - fed_utils - INFO - encrypting key [fc3.bias].length : 10, cost time : 0m:0s:80ms
2024-11-15 10:26:50,812 - fl_main - INFO - Server receive client_dict[f_00017] info ...
2024-11-15 10:26:50,813 - fl_main - INFO - ----- client id [f_00018] -----
2024-11-15 10:26:50,814 - client_base - INFO - recover model cost time : 0m:0s:0ms
2024-11-15 10:26:50,814 - fl_main - INFO - client_dict[f_00018] training ...
2024-11-15 10:26:50,815 - client_base - INFO - client_dict[f_00018] training epoch : 0
2024-11-15 10:26:51,185 - client_base - INFO - local model train cost time : 0m:0s:370ms
2024-11-15 10:26:51,186 - client_base - INFO - model encode time : 0m:0s:1ms
2024-11-15 10:26:51,187 - fl_main - INFO - client_dict[f_00018] local model encrypting ...
2024-11-15 10:26:52,401 - fed_utils - INFO - encrypting key [conv1.weight].length : 150, cost time : 0m:1s:214ms
2024-11-15 10:26:52,452 - fed_utils - INFO - encrypting key [conv1.bias].length : 6, cost time : 0m:0s:51ms
2024-11-15 10:26:52,452 - fed_utils - INFO - load key [conv2.weight].length : 2400, cost time : 0m:0s:0ms
2024-11-15 10:26:52,452 - fed_utils - INFO - load key [conv2.bias].length : 16, cost time : 0m:0s:0ms
2024-11-15 10:26:52,454 - fed_utils - INFO - load key [fc1.weight].length : 48000, cost time : 0m:0s:1ms
2024-11-15 10:26:52,454 - fed_utils - INFO - load key [fc1.bias].length : 120, cost time : 0m:0s:0ms
2024-11-15 10:26:52,454 - fed_utils - INFO - load key [fc2.weight].length : 10080, cost time : 0m:0s:0ms
2024-11-15 10:26:52,454 - fed_utils - INFO - load key [fc2.bias].length : 84, cost time : 0m:0s:0ms
2024-11-15 10:26:59,180 - fed_utils - INFO - encrypting key [fc3.weight].length : 840, cost time : 0m:6s:726ms
2024-11-15 10:26:59,260 - fed_utils - INFO - encrypting key [fc3.bias].length : 10, cost time : 0m:0s:79ms
2024-11-15 10:26:59,260 - fl_main - INFO - Server receive client_dict[f_00018] info ...
2024-11-15 10:26:59,260 - fl_main - INFO - ----- client id [f_00019] -----
2024-11-15 10:26:59,261 - client_base - INFO - recover model cost time : 0m:0s:0ms
2024-11-15 10:26:59,261 - fl_main - INFO - client_dict[f_00019] training ...
2024-11-15 10:26:59,262 - client_base - INFO - client_dict[f_00019] training epoch : 0
2024-11-15 10:26:59,630 - client_base - INFO - local model train cost time : 0m:0s:368ms
2024-11-15 10:26:59,631 - client_base - INFO - model encode time : 0m:0s:1ms
2024-11-15 10:26:59,632 - fl_main - INFO - client_dict[f_00019] local model encrypting ...
2024-11-15 10:27:00,833 - fed_utils - INFO - encrypting key [conv1.weight].length : 150, cost time : 0m:1s:201ms
2024-11-15 10:27:00,881 - fed_utils - INFO - encrypting key [conv1.bias].length : 6, cost time : 0m:0s:47ms
2024-11-15 10:27:00,881 - fed_utils - INFO - load key [conv2.weight].length : 2400, cost time : 0m:0s:0ms
2024-11-15 10:27:00,881 - fed_utils - INFO - load key [conv2.bias].length : 16, cost time : 0m:0s:0ms
2024-11-15 10:27:00,883 - fed_utils - INFO - load key [fc1.weight].length : 48000, cost time : 0m:0s:1ms
2024-11-15 10:27:00,883 - fed_utils - INFO - load key [fc1.bias].length : 120, cost time : 0m:0s:0ms
2024-11-15 10:27:00,883 - fed_utils - INFO - load key [fc2.weight].length : 10080, cost time : 0m:0s:0ms
2024-11-15 10:27:00,883 - fed_utils - INFO - load key [fc2.bias].length : 84, cost time : 0m:0s:0ms
2024-11-15 10:27:07,929 - fed_utils - INFO - encrypting key [fc3.weight].length : 840, cost time : 0m:7s:45ms
2024-11-15 10:27:08,043 - fed_utils - INFO - encrypting key [fc3.bias].length : 10, cost time : 0m:0s:114ms
2024-11-15 10:27:08,044 - fl_main - INFO - Server receive client_dict[f_00019] info ...
2024-11-15 10:27:08,044 - fl_main - INFO - global aggregation process ...
2024-11-15 10:27:08,045 - fed_utils - INFO - server.n_data : 60000
2024-11-15 10:27:08,045 - fed_utils - INFO - client_dict[f_00000].weight : 0.050000
2024-11-15 10:27:08,045 - fed_utils - INFO - client_dict[f_00001].weight : 0.050000
2024-11-15 10:27:08,045 - fed_utils - INFO - client_dict[f_00002].weight : 0.050000
2024-11-15 10:27:08,045 - fed_utils - INFO - client_dict[f_00003].weight : 0.050000
2024-11-15 10:27:08,045 - fed_utils - INFO - client_dict[f_00004].weight : 0.050000
2024-11-15 10:27:08,045 - fed_utils - INFO - client_dict[f_00005].weight : 0.050000
2024-11-15 10:27:08,045 - fed_utils - INFO - client_dict[f_00006].weight : 0.050000
2024-11-15 10:27:08,045 - fed_utils - INFO - client_dict[f_00007].weight : 0.050000
2024-11-15 10:27:08,045 - fed_utils - INFO - client_dict[f_00008].weight : 0.050000
2024-11-15 10:27:08,045 - fed_utils - INFO - client_dict[f_00009].weight : 0.050000
2024-11-15 10:27:08,045 - fed_utils - INFO - client_dict[f_00010].weight : 0.050000
2024-11-15 10:27:08,045 - fed_utils - INFO - client_dict[f_00011].weight : 0.050000
2024-11-15 10:27:08,046 - fed_utils - INFO - client_dict[f_00012].weight : 0.050000
2024-11-15 10:27:08,046 - fed_utils - INFO - client_dict[f_00013].weight : 0.050000
2024-11-15 10:27:08,046 - fed_utils - INFO - client_dict[f_00014].weight : 0.050000
2024-11-15 10:27:08,046 - fed_utils - INFO - client_dict[f_00015].weight : 0.050000
2024-11-15 10:27:08,046 - fed_utils - INFO - client_dict[f_00016].weight : 0.050000
2024-11-15 10:27:08,046 - fed_utils - INFO - client_dict[f_00017].weight : 0.050000
2024-11-15 10:27:08,046 - fed_utils - INFO - client_dict[f_00018].weight : 0.050000
2024-11-15 10:27:08,046 - fed_utils - INFO - client_dict[f_00019].weight : 0.050000
2024-11-15 10:27:08,046 - fed_utils - INFO - recover secret number by clients: 789319.750000
2024-11-15 10:27:08,046 - server_base - INFO - Server aggregate model with homomorphic encryption ...
2024-11-15 10:27:14,977 - server_base - INFO - Server aggregate model done, cost time : 0m:6s:931ms
2024-11-15 10:27:15,321 - fed_utils - INFO - decrypting key [conv1.weight].shape [torch.Size([6, 1, 5, 5])]
2024-11-15 10:27:15,335 - fed_utils - INFO - decrypting key [conv1.bias].shape [torch.Size([6])]
2024-11-15 10:27:15,335 - fed_utils - INFO - decrypting key [conv2.weight].shape [torch.Size([16, 6, 5, 5])]
2024-11-15 10:27:15,335 - fed_utils - INFO - decrypting key [conv2.bias].shape [torch.Size([16])]
2024-11-15 10:27:15,335 - fed_utils - INFO - decrypting key [fc1.weight].shape [torch.Size([120, 400])]
2024-11-15 10:27:15,335 - fed_utils - INFO - decrypting key [fc1.bias].shape [torch.Size([120])]
2024-11-15 10:27:15,335 - fed_utils - INFO - decrypting key [fc2.weight].shape [torch.Size([84, 120])]
2024-11-15 10:27:15,335 - fed_utils - INFO - decrypting key [fc2.bias].shape [torch.Size([84])]
2024-11-15 10:27:17,268 - fed_utils - INFO - decrypting key [fc3.weight].shape [torch.Size([10, 84])]
2024-11-15 10:27:17,291 - fed_utils - INFO - decrypting key [fc3.bias].shape [torch.Size([10])]
2024-11-15 10:27:17,291 - fed_utils - INFO - decrypt time : [0m:2s:313ms]
2024-11-15 10:27:17,302 - fl_main - INFO - [global round : 3] aggregated model accuracy : 0.2121
2024-11-15 10:27:17,303 - fl_main - INFO - [global round : 3] aggregated model loss : 2.276930614898103
2024-11-15 10:27:17,303 - fl_main - INFO - global round : 4
2024-11-15 10:27:17,303 - fl_main - INFO - the random client id to test accuracy : f_00008
2024-11-15 10:27:17,303 - fl_main - INFO - ----- client id [f_00000] -----
2024-11-15 10:27:17,304 - client_base - INFO - recover model cost time : 0m:0s:0ms
2024-11-15 10:27:17,305 - fl_main - INFO - client_dict[f_00000] training ...
2024-11-15 10:27:17,305 - client_base - INFO - client_dict[f_00000] training epoch : 0
2024-11-15 10:27:17,697 - client_base - INFO - local model train cost time : 0m:0s:391ms
2024-11-15 10:27:17,698 - client_base - INFO - model encode time : 0m:0s:1ms
2024-11-15 10:27:17,699 - fl_main - INFO - client_dict[f_00000] local model encrypting ...
2024-11-15 10:27:18,879 - fed_utils - INFO - encrypting key [conv1.weight].length : 150, cost time : 0m:1s:180ms
2024-11-15 10:27:18,927 - fed_utils - INFO - encrypting key [conv1.bias].length : 6, cost time : 0m:0s:48ms
2024-11-15 10:27:18,927 - fed_utils - INFO - load key [conv2.weight].length : 2400, cost time : 0m:0s:0ms
2024-11-15 10:27:18,927 - fed_utils - INFO - load key [conv2.bias].length : 16, cost time : 0m:0s:0ms
2024-11-15 10:27:18,928 - fed_utils - INFO - load key [fc1.weight].length : 48000, cost time : 0m:0s:1ms
2024-11-15 10:27:18,928 - fed_utils - INFO - load key [fc1.bias].length : 120, cost time : 0m:0s:0ms
2024-11-15 10:27:18,929 - fed_utils - INFO - load key [fc2.weight].length : 10080, cost time : 0m:0s:0ms
2024-11-15 10:27:18,929 - fed_utils - INFO - load key [fc2.bias].length : 84, cost time : 0m:0s:0ms
2024-11-15 10:27:25,764 - fed_utils - INFO - encrypting key [fc3.weight].length : 840, cost time : 0m:6s:834ms
2024-11-15 10:27:25,845 - fed_utils - INFO - encrypting key [fc3.bias].length : 10, cost time : 0m:0s:80ms
2024-11-15 10:27:25,846 - fl_main - INFO - Server receive client_dict[f_00000] info ...
2024-11-15 10:27:25,846 - fl_main - INFO - ----- client id [f_00001] -----
2024-11-15 10:27:25,847 - client_base - INFO - recover model cost time : 0m:0s:0ms
2024-11-15 10:27:25,847 - fl_main - INFO - client_dict[f_00001] training ...
2024-11-15 10:27:25,848 - client_base - INFO - client_dict[f_00001] training epoch : 0
2024-11-15 10:27:26,263 - client_base - INFO - local model train cost time : 0m:0s:414ms
2024-11-15 10:27:26,264 - client_base - INFO - model encode time : 0m:0s:1ms
2024-11-15 10:27:26,265 - fl_main - INFO - client_dict[f_00001] local model encrypting ...
2024-11-15 10:27:27,451 - fed_utils - INFO - encrypting key [conv1.weight].length : 150, cost time : 0m:1s:186ms
2024-11-15 10:27:27,499 - fed_utils - INFO - encrypting key [conv1.bias].length : 6, cost time : 0m:0s:47ms
2024-11-15 10:27:27,499 - fed_utils - INFO - load key [conv2.weight].length : 2400, cost time : 0m:0s:0ms
2024-11-15 10:27:27,499 - fed_utils - INFO - load key [conv2.bias].length : 16, cost time : 0m:0s:0ms
2024-11-15 10:27:27,500 - fed_utils - INFO - load key [fc1.weight].length : 48000, cost time : 0m:0s:0ms
2024-11-15 10:27:27,500 - fed_utils - INFO - load key [fc1.bias].length : 120, cost time : 0m:0s:0ms
2024-11-15 10:27:27,500 - fed_utils - INFO - load key [fc2.weight].length : 10080, cost time : 0m:0s:0ms
2024-11-15 10:27:27,500 - fed_utils - INFO - load key [fc2.bias].length : 84, cost time : 0m:0s:0ms
2024-11-15 10:27:34,352 - fed_utils - INFO - encrypting key [fc3.weight].length : 840, cost time : 0m:6s:851ms
2024-11-15 10:27:34,432 - fed_utils - INFO - encrypting key [fc3.bias].length : 10, cost time : 0m:0s:79ms
2024-11-15 10:27:34,432 - fl_main - INFO - Server receive client_dict[f_00001] info ...
2024-11-15 10:27:34,432 - fl_main - INFO - ----- client id [f_00002] -----
2024-11-15 10:27:34,433 - client_base - INFO - recover model cost time : 0m:0s:0ms
2024-11-15 10:27:34,433 - fl_main - INFO - client_dict[f_00002] training ...
2024-11-15 10:27:34,434 - client_base - INFO - client_dict[f_00002] training epoch : 0
2024-11-15 10:27:34,813 - client_base - INFO - local model train cost time : 0m:0s:379ms
2024-11-15 10:27:34,815 - client_base - INFO - model encode time : 0m:0s:1ms
2024-11-15 10:27:34,815 - fl_main - INFO - client_dict[f_00002] local model encrypting ...
2024-11-15 10:27:36,017 - fed_utils - INFO - encrypting key [conv1.weight].length : 150, cost time : 0m:1s:201ms
2024-11-15 10:27:36,065 - fed_utils - INFO - encrypting key [conv1.bias].length : 6, cost time : 0m:0s:48ms
2024-11-15 10:27:36,065 - fed_utils - INFO - load key [conv2.weight].length : 2400, cost time : 0m:0s:0ms
2024-11-15 10:27:36,066 - fed_utils - INFO - load key [conv2.bias].length : 16, cost time : 0m:0s:0ms
2024-11-15 10:27:36,067 - fed_utils - INFO - load key [fc1.weight].length : 48000, cost time : 0m:0s:0ms
2024-11-15 10:27:36,067 - fed_utils - INFO - load key [fc1.bias].length : 120, cost time : 0m:0s:0ms
2024-11-15 10:27:36,067 - fed_utils - INFO - load key [fc2.weight].length : 10080, cost time : 0m:0s:0ms
2024-11-15 10:27:36,067 - fed_utils - INFO - load key [fc2.bias].length : 84, cost time : 0m:0s:0ms
2024-11-15 10:27:42,733 - fed_utils - INFO - encrypting key [fc3.weight].length : 840, cost time : 0m:6s:666ms
2024-11-15 10:27:42,814 - fed_utils - INFO - encrypting key [fc3.bias].length : 10, cost time : 0m:0s:80ms
2024-11-15 10:27:42,814 - fl_main - INFO - Server receive client_dict[f_00002] info ...
2024-11-15 10:27:42,814 - fl_main - INFO - ----- client id [f_00003] -----
2024-11-15 10:27:42,815 - client_base - INFO - recover model cost time : 0m:0s:0ms
2024-11-15 10:27:42,815 - fl_main - INFO - client_dict[f_00003] training ...
2024-11-15 10:27:42,816 - client_base - INFO - client_dict[f_00003] training epoch : 0
2024-11-15 10:27:43,207 - client_base - INFO - local model train cost time : 0m:0s:391ms
2024-11-15 10:27:43,209 - client_base - INFO - model encode time : 0m:0s:1ms
2024-11-15 10:27:43,209 - fl_main - INFO - client_dict[f_00003] local model encrypting ...
2024-11-15 10:27:44,402 - fed_utils - INFO - encrypting key [conv1.weight].length : 150, cost time : 0m:1s:193ms
2024-11-15 10:27:44,450 - fed_utils - INFO - encrypting key [conv1.bias].length : 6, cost time : 0m:0s:47ms
2024-11-15 10:27:44,450 - fed_utils - INFO - load key [conv2.weight].length : 2400, cost time : 0m:0s:0ms
2024-11-15 10:27:44,450 - fed_utils - INFO - load key [conv2.bias].length : 16, cost time : 0m:0s:0ms
2024-11-15 10:27:44,451 - fed_utils - INFO - load key [fc1.weight].length : 48000, cost time : 0m:0s:0ms
2024-11-15 10:27:44,452 - fed_utils - INFO - load key [fc1.bias].length : 120, cost time : 0m:0s:0ms
2024-11-15 10:27:44,452 - fed_utils - INFO - load key [fc2.weight].length : 10080, cost time : 0m:0s:0ms
2024-11-15 10:27:44,452 - fed_utils - INFO - load key [fc2.bias].length : 84, cost time : 0m:0s:0ms
2024-11-15 10:27:51,731 - fed_utils - INFO - encrypting key [fc3.weight].length : 840, cost time : 0m:7s:279ms
2024-11-15 10:27:51,811 - fed_utils - INFO - encrypting key [fc3.bias].length : 10, cost time : 0m:0s:79ms
2024-11-15 10:27:51,811 - fl_main - INFO - Server receive client_dict[f_00003] info ...
2024-11-15 10:27:51,811 - fl_main - INFO - ----- client id [f_00004] -----
2024-11-15 10:27:51,812 - client_base - INFO - recover model cost time : 0m:0s:0ms
2024-11-15 10:27:51,812 - fl_main - INFO - client_dict[f_00004] training ...
2024-11-15 10:27:51,813 - client_base - INFO - client_dict[f_00004] training epoch : 0
2024-11-15 10:27:52,185 - client_base - INFO - local model train cost time : 0m:0s:371ms
2024-11-15 10:27:52,186 - client_base - INFO - model encode time : 0m:0s:1ms
2024-11-15 10:27:52,187 - fl_main - INFO - client_dict[f_00004] local model encrypting ...
2024-11-15 10:27:53,367 - fed_utils - INFO - encrypting key [conv1.weight].length : 150, cost time : 0m:1s:179ms
2024-11-15 10:27:53,414 - fed_utils - INFO - encrypting key [conv1.bias].length : 6, cost time : 0m:0s:47ms
2024-11-15 10:27:53,414 - fed_utils - INFO - load key [conv2.weight].length : 2400, cost time : 0m:0s:0ms
2024-11-15 10:27:53,414 - fed_utils - INFO - load key [conv2.bias].length : 16, cost time : 0m:0s:0ms
2024-11-15 10:27:53,415 - fed_utils - INFO - load key [fc1.weight].length : 48000, cost time : 0m:0s:0ms
2024-11-15 10:27:53,415 - fed_utils - INFO - load key [fc1.bias].length : 120, cost time : 0m:0s:0ms
2024-11-15 10:27:53,416 - fed_utils - INFO - load key [fc2.weight].length : 10080, cost time : 0m:0s:0ms
2024-11-15 10:27:53,416 - fed_utils - INFO - load key [fc2.bias].length : 84, cost time : 0m:0s:0ms
2024-11-15 10:28:00,073 - fed_utils - INFO - encrypting key [fc3.weight].length : 840, cost time : 0m:6s:657ms
2024-11-15 10:28:00,154 - fed_utils - INFO - encrypting key [fc3.bias].length : 10, cost time : 0m:0s:80ms
2024-11-15 10:28:00,154 - fl_main - INFO - Server receive client_dict[f_00004] info ...
2024-11-15 10:28:00,154 - fl_main - INFO - ----- client id [f_00005] -----
2024-11-15 10:28:00,156 - client_base - INFO - recover model cost time : 0m:0s:0ms
2024-11-15 10:28:00,156 - fl_main - INFO - client_dict[f_00005] training ...
2024-11-15 10:28:00,157 - client_base - INFO - client_dict[f_00005] training epoch : 0
2024-11-15 10:28:00,576 - client_base - INFO - local model train cost time : 0m:0s:419ms
2024-11-15 10:28:00,578 - client_base - INFO - model encode time : 0m:0s:1ms
2024-11-15 10:28:00,578 - fl_main - INFO - client_dict[f_00005] local model encrypting ...
2024-11-15 10:28:01,965 - fed_utils - INFO - encrypting key [conv1.weight].length : 150, cost time : 0m:1s:387ms
2024-11-15 10:28:02,015 - fed_utils - INFO - encrypting key [conv1.bias].length : 6, cost time : 0m:0s:49ms
2024-11-15 10:28:02,015 - fed_utils - INFO - load key [conv2.weight].length : 2400, cost time : 0m:0s:0ms
2024-11-15 10:28:02,015 - fed_utils - INFO - load key [conv2.bias].length : 16, cost time : 0m:0s:0ms
2024-11-15 10:28:02,016 - fed_utils - INFO - load key [fc1.weight].length : 48000, cost time : 0m:0s:0ms
2024-11-15 10:28:02,016 - fed_utils - INFO - load key [fc1.bias].length : 120, cost time : 0m:0s:0ms
2024-11-15 10:28:02,016 - fed_utils - INFO - load key [fc2.weight].length : 10080, cost time : 0m:0s:0ms
2024-11-15 10:28:02,017 - fed_utils - INFO - load key [fc2.bias].length : 84, cost time : 0m:0s:0ms
2024-11-15 10:28:08,720 - fed_utils - INFO - encrypting key [fc3.weight].length : 840, cost time : 0m:6s:703ms
2024-11-15 10:28:08,800 - fed_utils - INFO - encrypting key [fc3.bias].length : 10, cost time : 0m:0s:80ms
2024-11-15 10:28:08,801 - fl_main - INFO - Server receive client_dict[f_00005] info ...
2024-11-15 10:28:08,801 - fl_main - INFO - ----- client id [f_00006] -----
2024-11-15 10:28:08,802 - client_base - INFO - recover model cost time : 0m:0s:0ms
2024-11-15 10:28:08,802 - fl_main - INFO - client_dict[f_00006] training ...
2024-11-15 10:28:08,803 - client_base - INFO - client_dict[f_00006] training epoch : 0
2024-11-15 10:28:09,224 - client_base - INFO - local model train cost time : 0m:0s:421ms
2024-11-15 10:28:09,226 - client_base - INFO - model encode time : 0m:0s:1ms
2024-11-15 10:28:09,226 - fl_main - INFO - client_dict[f_00006] local model encrypting ...
2024-11-15 10:28:10,460 - fed_utils - INFO - encrypting key [conv1.weight].length : 150, cost time : 0m:1s:234ms
2024-11-15 10:28:10,510 - fed_utils - INFO - encrypting key [conv1.bias].length : 6, cost time : 0m:0s:49ms
2024-11-15 10:28:10,510 - fed_utils - INFO - load key [conv2.weight].length : 2400, cost time : 0m:0s:0ms
2024-11-15 10:28:10,510 - fed_utils - INFO - load key [conv2.bias].length : 16, cost time : 0m:0s:0ms
2024-11-15 10:28:10,511 - fed_utils - INFO - load key [fc1.weight].length : 48000, cost time : 0m:0s:0ms
2024-11-15 10:28:10,511 - fed_utils - INFO - load key [fc1.bias].length : 120, cost time : 0m:0s:0ms
2024-11-15 10:28:10,512 - fed_utils - INFO - load key [fc2.weight].length : 10080, cost time : 0m:0s:0ms
2024-11-15 10:28:10,512 - fed_utils - INFO - load key [fc2.bias].length : 84, cost time : 0m:0s:0ms
2024-11-15 10:28:17,342 - fed_utils - INFO - encrypting key [fc3.weight].length : 840, cost time : 0m:6s:830ms
2024-11-15 10:28:17,426 - fed_utils - INFO - encrypting key [fc3.bias].length : 10, cost time : 0m:0s:84ms
2024-11-15 10:28:17,426 - fl_main - INFO - Server receive client_dict[f_00006] info ...
2024-11-15 10:28:17,427 - fl_main - INFO - ----- client id [f_00007] -----
2024-11-15 10:28:17,428 - client_base - INFO - recover model cost time : 0m:0s:0ms
2024-11-15 10:28:17,428 - fl_main - INFO - client_dict[f_00007] training ...
2024-11-15 10:28:17,429 - client_base - INFO - client_dict[f_00007] training epoch : 0
2024-11-15 10:28:17,824 - client_base - INFO - local model train cost time : 0m:0s:394ms
2024-11-15 10:28:17,825 - client_base - INFO - model encode time : 0m:0s:1ms
2024-11-15 10:28:17,825 - fl_main - INFO - client_dict[f_00007] local model encrypting ...
2024-11-15 10:28:19,007 - fed_utils - INFO - encrypting key [conv1.weight].length : 150, cost time : 0m:1s:182ms
2024-11-15 10:28:19,055 - fed_utils - INFO - encrypting key [conv1.bias].length : 6, cost time : 0m:0s:47ms
2024-11-15 10:28:19,055 - fed_utils - INFO - load key [conv2.weight].length : 2400, cost time : 0m:0s:0ms
2024-11-15 10:28:19,055 - fed_utils - INFO - load key [conv2.bias].length : 16, cost time : 0m:0s:0ms
2024-11-15 10:28:19,056 - fed_utils - INFO - load key [fc1.weight].length : 48000, cost time : 0m:0s:0ms
2024-11-15 10:28:19,056 - fed_utils - INFO - load key [fc1.bias].length : 120, cost time : 0m:0s:0ms
2024-11-15 10:28:19,056 - fed_utils - INFO - load key [fc2.weight].length : 10080, cost time : 0m:0s:0ms
2024-11-15 10:28:19,057 - fed_utils - INFO - load key [fc2.bias].length : 84, cost time : 0m:0s:0ms
2024-11-15 10:28:25,795 - fed_utils - INFO - encrypting key [fc3.weight].length : 840, cost time : 0m:6s:738ms
2024-11-15 10:28:25,879 - fed_utils - INFO - encrypting key [fc3.bias].length : 10, cost time : 0m:0s:83ms
2024-11-15 10:28:25,879 - fl_main - INFO - Server receive client_dict[f_00007] info ...
2024-11-15 10:28:25,879 - fl_main - INFO - ----- client id [f_00008] -----
2024-11-15 10:28:25,886 - client_base - INFO - recover model cost time : 0m:0s:1ms
2024-11-15 10:28:26,716 - fl_main - INFO - global round [4] client_dict[f_00008].accuracy : 0.253700
2024-11-15 10:28:26,716 - fl_main - INFO - client_dict[f_00008] training ...
2024-11-15 10:28:26,717 - client_base - INFO - client_dict[f_00008] training epoch : 0
2024-11-15 10:28:27,092 - client_base - INFO - local model train cost time : 0m:0s:375ms
2024-11-15 10:28:27,093 - client_base - INFO - model encode time : 0m:0s:1ms
2024-11-15 10:28:27,094 - fl_main - INFO - client_dict[f_00008] local model encrypting ...
2024-11-15 10:28:28,288 - fed_utils - INFO - encrypting key [conv1.weight].length : 150, cost time : 0m:1s:194ms
2024-11-15 10:28:28,338 - fed_utils - INFO - encrypting key [conv1.bias].length : 6, cost time : 0m:0s:49ms
2024-11-15 10:28:28,338 - fed_utils - INFO - load key [conv2.weight].length : 2400, cost time : 0m:0s:0ms
2024-11-15 10:28:28,338 - fed_utils - INFO - load key [conv2.bias].length : 16, cost time : 0m:0s:0ms
2024-11-15 10:28:28,339 - fed_utils - INFO - load key [fc1.weight].length : 48000, cost time : 0m:0s:0ms
2024-11-15 10:28:28,339 - fed_utils - INFO - load key [fc1.bias].length : 120, cost time : 0m:0s:0ms
2024-11-15 10:28:28,340 - fed_utils - INFO - load key [fc2.weight].length : 10080, cost time : 0m:0s:0ms
2024-11-15 10:28:28,340 - fed_utils - INFO - load key [fc2.bias].length : 84, cost time : 0m:0s:0ms
2024-11-15 10:28:35,140 - fed_utils - INFO - encrypting key [fc3.weight].length : 840, cost time : 0m:6s:800ms
2024-11-15 10:28:35,224 - fed_utils - INFO - encrypting key [fc3.bias].length : 10, cost time : 0m:0s:83ms
2024-11-15 10:28:35,224 - fl_main - INFO - Server receive client_dict[f_00008] info ...
2024-11-15 10:28:35,224 - fl_main - INFO - ----- client id [f_00009] -----
2024-11-15 10:28:35,226 - client_base - INFO - recover model cost time : 0m:0s:0ms
2024-11-15 10:28:35,226 - fl_main - INFO - client_dict[f_00009] training ...
2024-11-15 10:28:35,227 - client_base - INFO - client_dict[f_00009] training epoch : 0
2024-11-15 10:28:35,647 - client_base - INFO - local model train cost time : 0m:0s:420ms
2024-11-15 10:28:35,649 - client_base - INFO - model encode time : 0m:0s:1ms
2024-11-15 10:28:35,650 - fl_main - INFO - client_dict[f_00009] local model encrypting ...
2024-11-15 10:28:36,863 - fed_utils - INFO - encrypting key [conv1.weight].length : 150, cost time : 0m:1s:213ms
2024-11-15 10:28:36,911 - fed_utils - INFO - encrypting key [conv1.bias].length : 6, cost time : 0m:0s:47ms
2024-11-15 10:28:36,911 - fed_utils - INFO - load key [conv2.weight].length : 2400, cost time : 0m:0s:0ms
2024-11-15 10:28:36,911 - fed_utils - INFO - load key [conv2.bias].length : 16, cost time : 0m:0s:0ms
2024-11-15 10:28:36,912 - fed_utils - INFO - load key [fc1.weight].length : 48000, cost time : 0m:0s:0ms
2024-11-15 10:28:36,912 - fed_utils - INFO - load key [fc1.bias].length : 120, cost time : 0m:0s:0ms
2024-11-15 10:28:36,912 - fed_utils - INFO - load key [fc2.weight].length : 10080, cost time : 0m:0s:0ms
2024-11-15 10:28:36,912 - fed_utils - INFO - load key [fc2.bias].length : 84, cost time : 0m:0s:0ms
2024-11-15 10:28:43,763 - fed_utils - INFO - encrypting key [fc3.weight].length : 840, cost time : 0m:6s:850ms
2024-11-15 10:28:43,843 - fed_utils - INFO - encrypting key [fc3.bias].length : 10, cost time : 0m:0s:80ms
2024-11-15 10:28:43,843 - fl_main - INFO - Server receive client_dict[f_00009] info ...
2024-11-15 10:28:43,843 - fl_main - INFO - ----- client id [f_00010] -----
2024-11-15 10:28:43,845 - client_base - INFO - recover model cost time : 0m:0s:0ms
2024-11-15 10:28:43,845 - fl_main - INFO - client_dict[f_00010] training ...
2024-11-15 10:28:43,845 - client_base - INFO - client_dict[f_00010] training epoch : 0
2024-11-15 10:28:44,248 - client_base - INFO - local model train cost time : 0m:0s:403ms
2024-11-15 10:28:44,250 - client_base - INFO - model encode time : 0m:0s:1ms
2024-11-15 10:28:44,250 - fl_main - INFO - client_dict[f_00010] local model encrypting ...
2024-11-15 10:28:45,469 - fed_utils - INFO - encrypting key [conv1.weight].length : 150, cost time : 0m:1s:219ms
2024-11-15 10:28:45,519 - fed_utils - INFO - encrypting key [conv1.bias].length : 6, cost time : 0m:0s:49ms
2024-11-15 10:28:45,519 - fed_utils - INFO - load key [conv2.weight].length : 2400, cost time : 0m:0s:0ms
2024-11-15 10:28:45,519 - fed_utils - INFO - load key [conv2.bias].length : 16, cost time : 0m:0s:0ms
2024-11-15 10:28:45,520 - fed_utils - INFO - load key [fc1.weight].length : 48000, cost time : 0m:0s:0ms
2024-11-15 10:28:45,520 - fed_utils - INFO - load key [fc1.bias].length : 120, cost time : 0m:0s:0ms
2024-11-15 10:28:45,520 - fed_utils - INFO - load key [fc2.weight].length : 10080, cost time : 0m:0s:0ms
2024-11-15 10:28:45,520 - fed_utils - INFO - load key [fc2.bias].length : 84, cost time : 0m:0s:0ms
2024-11-15 10:28:52,696 - fed_utils - INFO - encrypting key [fc3.weight].length : 840, cost time : 0m:7s:175ms
2024-11-15 10:28:52,781 - fed_utils - INFO - encrypting key [fc3.bias].length : 10, cost time : 0m:0s:84ms
2024-11-15 10:28:52,781 - fl_main - INFO - Server receive client_dict[f_00010] info ...
2024-11-15 10:28:52,781 - fl_main - INFO - ----- client id [f_00011] -----
2024-11-15 10:28:52,782 - client_base - INFO - recover model cost time : 0m:0s:0ms
2024-11-15 10:28:52,782 - fl_main - INFO - client_dict[f_00011] training ...
2024-11-15 10:28:52,783 - client_base - INFO - client_dict[f_00011] training epoch : 0
2024-11-15 10:28:53,198 - client_base - INFO - local model train cost time : 0m:0s:415ms
2024-11-15 10:28:53,200 - client_base - INFO - model encode time : 0m:0s:1ms
2024-11-15 10:28:53,200 - fl_main - INFO - client_dict[f_00011] local model encrypting ...
2024-11-15 10:28:54,438 - fed_utils - INFO - encrypting key [conv1.weight].length : 150, cost time : 0m:1s:237ms
2024-11-15 10:28:54,489 - fed_utils - INFO - encrypting key [conv1.bias].length : 6, cost time : 0m:0s:50ms
2024-11-15 10:28:54,489 - fed_utils - INFO - load key [conv2.weight].length : 2400, cost time : 0m:0s:0ms
2024-11-15 10:28:54,489 - fed_utils - INFO - load key [conv2.bias].length : 16, cost time : 0m:0s:0ms
2024-11-15 10:28:54,491 - fed_utils - INFO - load key [fc1.weight].length : 48000, cost time : 0m:0s:1ms
2024-11-15 10:28:54,491 - fed_utils - INFO - load key [fc1.bias].length : 120, cost time : 0m:0s:0ms
2024-11-15 10:28:54,491 - fed_utils - INFO - load key [fc2.weight].length : 10080, cost time : 0m:0s:0ms
2024-11-15 10:28:54,491 - fed_utils - INFO - load key [fc2.bias].length : 84, cost time : 0m:0s:0ms
2024-11-15 10:29:01,274 - fed_utils - INFO - encrypting key [fc3.weight].length : 840, cost time : 0m:6s:782ms
2024-11-15 10:29:01,354 - fed_utils - INFO - encrypting key [fc3.bias].length : 10, cost time : 0m:0s:79ms
2024-11-15 10:29:01,354 - fl_main - INFO - Server receive client_dict[f_00011] info ...
2024-11-15 10:29:01,354 - fl_main - INFO - ----- client id [f_00012] -----
2024-11-15 10:29:01,356 - client_base - INFO - recover model cost time : 0m:0s:0ms
2024-11-15 10:29:01,356 - fl_main - INFO - client_dict[f_00012] training ...
2024-11-15 10:29:01,356 - client_base - INFO - client_dict[f_00012] training epoch : 0
2024-11-15 10:29:01,766 - client_base - INFO - local model train cost time : 0m:0s:409ms
2024-11-15 10:29:01,767 - client_base - INFO - model encode time : 0m:0s:1ms
2024-11-15 10:29:01,768 - fl_main - INFO - client_dict[f_00012] local model encrypting ...
2024-11-15 10:29:02,959 - fed_utils - INFO - encrypting key [conv1.weight].length : 150, cost time : 0m:1s:191ms
2024-11-15 10:29:03,007 - fed_utils - INFO - encrypting key [conv1.bias].length : 6, cost time : 0m:0s:47ms
2024-11-15 10:29:03,007 - fed_utils - INFO - load key [conv2.weight].length : 2400, cost time : 0m:0s:0ms
2024-11-15 10:29:03,007 - fed_utils - INFO - load key [conv2.bias].length : 16, cost time : 0m:0s:0ms
2024-11-15 10:29:03,008 - fed_utils - INFO - load key [fc1.weight].length : 48000, cost time : 0m:0s:1ms
2024-11-15 10:29:03,008 - fed_utils - INFO - load key [fc1.bias].length : 120, cost time : 0m:0s:0ms
2024-11-15 10:29:03,009 - fed_utils - INFO - load key [fc2.weight].length : 10080, cost time : 0m:0s:0ms
2024-11-15 10:29:03,009 - fed_utils - INFO - load key [fc2.bias].length : 84, cost time : 0m:0s:0ms
2024-11-15 10:29:09,752 - fed_utils - INFO - encrypting key [fc3.weight].length : 840, cost time : 0m:6s:743ms
2024-11-15 10:29:09,834 - fed_utils - INFO - encrypting key [fc3.bias].length : 10, cost time : 0m:0s:82ms
2024-11-15 10:29:09,834 - fl_main - INFO - Server receive client_dict[f_00012] info ...
2024-11-15 10:29:09,835 - fl_main - INFO - ----- client id [f_00013] -----
2024-11-15 10:29:09,836 - client_base - INFO - recover model cost time : 0m:0s:0ms
2024-11-15 10:29:09,836 - fl_main - INFO - client_dict[f_00013] training ...
2024-11-15 10:29:09,837 - client_base - INFO - client_dict[f_00013] training epoch : 0
2024-11-15 10:29:10,272 - client_base - INFO - local model train cost time : 0m:0s:435ms
2024-11-15 10:29:10,274 - client_base - INFO - model encode time : 0m:0s:1ms
2024-11-15 10:29:10,274 - fl_main - INFO - client_dict[f_00013] local model encrypting ...
2024-11-15 10:29:11,495 - fed_utils - INFO - encrypting key [conv1.weight].length : 150, cost time : 0m:1s:220ms
2024-11-15 10:29:11,544 - fed_utils - INFO - encrypting key [conv1.bias].length : 6, cost time : 0m:0s:48ms
2024-11-15 10:29:11,544 - fed_utils - INFO - load key [conv2.weight].length : 2400, cost time : 0m:0s:0ms
2024-11-15 10:29:11,544 - fed_utils - INFO - load key [conv2.bias].length : 16, cost time : 0m:0s:0ms
2024-11-15 10:29:11,545 - fed_utils - INFO - load key [fc1.weight].length : 48000, cost time : 0m:0s:1ms
2024-11-15 10:29:11,546 - fed_utils - INFO - load key [fc1.bias].length : 120, cost time : 0m:0s:0ms
2024-11-15 10:29:11,546 - fed_utils - INFO - load key [fc2.weight].length : 10080, cost time : 0m:0s:0ms
2024-11-15 10:29:11,546 - fed_utils - INFO - load key [fc2.bias].length : 84, cost time : 0m:0s:0ms
2024-11-15 10:29:18,366 - fed_utils - INFO - encrypting key [fc3.weight].length : 840, cost time : 0m:6s:819ms
2024-11-15 10:29:18,447 - fed_utils - INFO - encrypting key [fc3.bias].length : 10, cost time : 0m:0s:81ms
2024-11-15 10:29:18,447 - fl_main - INFO - Server receive client_dict[f_00013] info ...
2024-11-15 10:29:18,447 - fl_main - INFO - ----- client id [f_00014] -----
2024-11-15 10:29:18,449 - client_base - INFO - recover model cost time : 0m:0s:0ms
2024-11-15 10:29:18,449 - fl_main - INFO - client_dict[f_00014] training ...
2024-11-15 10:29:18,450 - client_base - INFO - client_dict[f_00014] training epoch : 0
2024-11-15 10:29:18,869 - client_base - INFO - local model train cost time : 0m:0s:419ms
2024-11-15 10:29:18,872 - client_base - INFO - model encode time : 0m:0s:2ms
2024-11-15 10:29:18,872 - fl_main - INFO - client_dict[f_00014] local model encrypting ...
2024-11-15 10:29:20,219 - fed_utils - INFO - encrypting key [conv1.weight].length : 150, cost time : 0m:1s:346ms
2024-11-15 10:29:20,290 - fed_utils - INFO - encrypting key [conv1.bias].length : 6, cost time : 0m:0s:71ms
2024-11-15 10:29:20,291 - fed_utils - INFO - load key [conv2.weight].length : 2400, cost time : 0m:0s:0ms
2024-11-15 10:29:20,291 - fed_utils - INFO - load key [conv2.bias].length : 16, cost time : 0m:0s:0ms
2024-11-15 10:29:20,292 - fed_utils - INFO - load key [fc1.weight].length : 48000, cost time : 0m:0s:1ms
2024-11-15 10:29:20,293 - fed_utils - INFO - load key [fc1.bias].length : 120, cost time : 0m:0s:0ms
2024-11-15 10:29:20,293 - fed_utils - INFO - load key [fc2.weight].length : 10080, cost time : 0m:0s:0ms
2024-11-15 10:29:20,293 - fed_utils - INFO - load key [fc2.bias].length : 84, cost time : 0m:0s:0ms
2024-11-15 10:29:27,248 - fed_utils - INFO - encrypting key [fc3.weight].length : 840, cost time : 0m:6s:954ms
2024-11-15 10:29:27,367 - fed_utils - INFO - encrypting key [fc3.bias].length : 10, cost time : 0m:0s:118ms
2024-11-15 10:29:27,367 - fl_main - INFO - Server receive client_dict[f_00014] info ...
2024-11-15 10:29:27,367 - fl_main - INFO - ----- client id [f_00015] -----
2024-11-15 10:29:27,369 - client_base - INFO - recover model cost time : 0m:0s:0ms
2024-11-15 10:29:27,369 - fl_main - INFO - client_dict[f_00015] training ...
2024-11-15 10:29:27,370 - client_base - INFO - client_dict[f_00015] training epoch : 0
2024-11-15 10:29:27,827 - client_base - INFO - local model train cost time : 0m:0s:457ms
2024-11-15 10:29:27,830 - client_base - INFO - model encode time : 0m:0s:2ms
2024-11-15 10:29:27,830 - fl_main - INFO - client_dict[f_00015] local model encrypting ...
2024-11-15 10:29:29,055 - fed_utils - INFO - encrypting key [conv1.weight].length : 150, cost time : 0m:1s:225ms
2024-11-15 10:29:29,105 - fed_utils - INFO - encrypting key [conv1.bias].length : 6, cost time : 0m:0s:49ms
2024-11-15 10:29:29,105 - fed_utils - INFO - load key [conv2.weight].length : 2400, cost time : 0m:0s:0ms
2024-11-15 10:29:29,105 - fed_utils - INFO - load key [conv2.bias].length : 16, cost time : 0m:0s:0ms
2024-11-15 10:29:29,106 - fed_utils - INFO - load key [fc1.weight].length : 48000, cost time : 0m:0s:1ms
2024-11-15 10:29:29,106 - fed_utils - INFO - load key [fc1.bias].length : 120, cost time : 0m:0s:0ms
2024-11-15 10:29:29,107 - fed_utils - INFO - load key [fc2.weight].length : 10080, cost time : 0m:0s:0ms
2024-11-15 10:29:29,107 - fed_utils - INFO - load key [fc2.bias].length : 84, cost time : 0m:0s:0ms
2024-11-15 10:29:36,054 - fed_utils - INFO - encrypting key [fc3.weight].length : 840, cost time : 0m:6s:947ms
2024-11-15 10:29:36,137 - fed_utils - INFO - encrypting key [fc3.bias].length : 10, cost time : 0m:0s:82ms
2024-11-15 10:29:36,137 - fl_main - INFO - Server receive client_dict[f_00015] info ...
2024-11-15 10:29:36,137 - fl_main - INFO - ----- client id [f_00016] -----
2024-11-15 10:29:36,138 - client_base - INFO - recover model cost time : 0m:0s:0ms
2024-11-15 10:29:36,139 - fl_main - INFO - client_dict[f_00016] training ...
2024-11-15 10:29:36,139 - client_base - INFO - client_dict[f_00016] training epoch : 0
2024-11-15 10:29:36,554 - client_base - INFO - local model train cost time : 0m:0s:414ms
2024-11-15 10:29:36,557 - client_base - INFO - model encode time : 0m:0s:3ms
2024-11-15 10:29:36,558 - fl_main - INFO - client_dict[f_00016] local model encrypting ...
2024-11-15 10:29:37,828 - fed_utils - INFO - encrypting key [conv1.weight].length : 150, cost time : 0m:1s:270ms
2024-11-15 10:29:37,876 - fed_utils - INFO - encrypting key [conv1.bias].length : 6, cost time : 0m:0s:47ms
2024-11-15 10:29:37,876 - fed_utils - INFO - load key [conv2.weight].length : 2400, cost time : 0m:0s:0ms
2024-11-15 10:29:37,876 - fed_utils - INFO - load key [conv2.bias].length : 16, cost time : 0m:0s:0ms
2024-11-15 10:29:37,877 - fed_utils - INFO - load key [fc1.weight].length : 48000, cost time : 0m:0s:1ms
2024-11-15 10:29:37,878 - fed_utils - INFO - load key [fc1.bias].length : 120, cost time : 0m:0s:0ms
2024-11-15 10:29:37,878 - fed_utils - INFO - load key [fc2.weight].length : 10080, cost time : 0m:0s:0ms
2024-11-15 10:29:37,878 - fed_utils - INFO - load key [fc2.bias].length : 84, cost time : 0m:0s:0ms
2024-11-15 10:29:44,611 - fed_utils - INFO - encrypting key [fc3.weight].length : 840, cost time : 0m:6s:733ms
2024-11-15 10:29:44,690 - fed_utils - INFO - encrypting key [fc3.bias].length : 10, cost time : 0m:0s:78ms
2024-11-15 10:29:44,690 - fl_main - INFO - Server receive client_dict[f_00016] info ...
2024-11-15 10:29:44,691 - fl_main - INFO - ----- client id [f_00017] -----
2024-11-15 10:29:44,692 - client_base - INFO - recover model cost time : 0m:0s:0ms
2024-11-15 10:29:44,692 - fl_main - INFO - client_dict[f_00017] training ...
2024-11-15 10:29:44,693 - client_base - INFO - client_dict[f_00017] training epoch : 0
2024-11-15 10:29:45,097 - client_base - INFO - local model train cost time : 0m:0s:403ms
2024-11-15 10:29:45,098 - client_base - INFO - model encode time : 0m:0s:1ms
2024-11-15 10:29:45,098 - fl_main - INFO - client_dict[f_00017] local model encrypting ...
2024-11-15 10:29:46,302 - fed_utils - INFO - encrypting key [conv1.weight].length : 150, cost time : 0m:1s:203ms
2024-11-15 10:29:46,351 - fed_utils - INFO - encrypting key [conv1.bias].length : 6, cost time : 0m:0s:48ms
2024-11-15 10:29:46,351 - fed_utils - INFO - load key [conv2.weight].length : 2400, cost time : 0m:0s:0ms
2024-11-15 10:29:46,351 - fed_utils - INFO - load key [conv2.bias].length : 16, cost time : 0m:0s:0ms
2024-11-15 10:29:46,352 - fed_utils - INFO - load key [fc1.weight].length : 48000, cost time : 0m:0s:1ms
2024-11-15 10:29:46,352 - fed_utils - INFO - load key [fc1.bias].length : 120, cost time : 0m:0s:0ms
2024-11-15 10:29:46,353 - fed_utils - INFO - load key [fc2.weight].length : 10080, cost time : 0m:0s:0ms
2024-11-15 10:29:46,353 - fed_utils - INFO - load key [fc2.bias].length : 84, cost time : 0m:0s:0ms
2024-11-15 10:29:53,162 - fed_utils - INFO - encrypting key [fc3.weight].length : 840, cost time : 0m:6s:809ms
2024-11-15 10:29:53,243 - fed_utils - INFO - encrypting key [fc3.bias].length : 10, cost time : 0m:0s:80ms
2024-11-15 10:29:53,243 - fl_main - INFO - Server receive client_dict[f_00017] info ...
2024-11-15 10:29:53,243 - fl_main - INFO - ----- client id [f_00018] -----
2024-11-15 10:29:53,245 - client_base - INFO - recover model cost time : 0m:0s:0ms
2024-11-15 10:29:53,245 - fl_main - INFO - client_dict[f_00018] training ...
2024-11-15 10:29:53,245 - client_base - INFO - client_dict[f_00018] training epoch : 0
2024-11-15 10:29:53,661 - client_base - INFO - local model train cost time : 0m:0s:415ms
2024-11-15 10:29:53,662 - client_base - INFO - model encode time : 0m:0s:1ms
2024-11-15 10:29:53,663 - fl_main - INFO - client_dict[f_00018] local model encrypting ...
2024-11-15 10:29:54,857 - fed_utils - INFO - encrypting key [conv1.weight].length : 150, cost time : 0m:1s:194ms
2024-11-15 10:29:54,905 - fed_utils - INFO - encrypting key [conv1.bias].length : 6, cost time : 0m:0s:47ms
2024-11-15 10:29:54,905 - fed_utils - INFO - load key [conv2.weight].length : 2400, cost time : 0m:0s:0ms
2024-11-15 10:29:54,905 - fed_utils - INFO - load key [conv2.bias].length : 16, cost time : 0m:0s:0ms
2024-11-15 10:29:54,907 - fed_utils - INFO - load key [fc1.weight].length : 48000, cost time : 0m:0s:1ms
2024-11-15 10:29:54,907 - fed_utils - INFO - load key [fc1.bias].length : 120, cost time : 0m:0s:0ms
2024-11-15 10:29:54,907 - fed_utils - INFO - load key [fc2.weight].length : 10080, cost time : 0m:0s:0ms
2024-11-15 10:29:54,907 - fed_utils - INFO - load key [fc2.bias].length : 84, cost time : 0m:0s:0ms
2024-11-15 10:30:01,891 - fed_utils - INFO - encrypting key [fc3.weight].length : 840, cost time : 0m:6s:983ms
2024-11-15 10:30:01,971 - fed_utils - INFO - encrypting key [fc3.bias].length : 10, cost time : 0m:0s:80ms
2024-11-15 10:30:01,971 - fl_main - INFO - Server receive client_dict[f_00018] info ...
2024-11-15 10:30:01,971 - fl_main - INFO - ----- client id [f_00019] -----
2024-11-15 10:30:02,006 - client_base - INFO - recover model cost time : 0m:0s:0ms
2024-11-15 10:30:02,006 - fl_main - INFO - client_dict[f_00019] training ...
2024-11-15 10:30:02,007 - client_base - INFO - client_dict[f_00019] training epoch : 0
2024-11-15 10:30:02,381 - client_base - INFO - local model train cost time : 0m:0s:374ms
2024-11-15 10:30:02,383 - client_base - INFO - model encode time : 0m:0s:1ms
2024-11-15 10:30:02,383 - fl_main - INFO - client_dict[f_00019] local model encrypting ...
2024-11-15 10:30:03,566 - fed_utils - INFO - encrypting key [conv1.weight].length : 150, cost time : 0m:1s:182ms
2024-11-15 10:30:03,614 - fed_utils - INFO - encrypting key [conv1.bias].length : 6, cost time : 0m:0s:47ms
2024-11-15 10:30:03,614 - fed_utils - INFO - load key [conv2.weight].length : 2400, cost time : 0m:0s:0ms
2024-11-15 10:30:03,614 - fed_utils - INFO - load key [conv2.bias].length : 16, cost time : 0m:0s:0ms
2024-11-15 10:30:03,615 - fed_utils - INFO - load key [fc1.weight].length : 48000, cost time : 0m:0s:1ms
2024-11-15 10:30:03,615 - fed_utils - INFO - load key [fc1.bias].length : 120, cost time : 0m:0s:0ms
2024-11-15 10:30:03,615 - fed_utils - INFO - load key [fc2.weight].length : 10080, cost time : 0m:0s:0ms
2024-11-15 10:30:03,616 - fed_utils - INFO - load key [fc2.bias].length : 84, cost time : 0m:0s:0ms
2024-11-15 10:30:10,412 - fed_utils - INFO - encrypting key [fc3.weight].length : 840, cost time : 0m:6s:796ms
2024-11-15 10:30:10,494 - fed_utils - INFO - encrypting key [fc3.bias].length : 10, cost time : 0m:0s:81ms
2024-11-15 10:30:10,494 - fl_main - INFO - Server receive client_dict[f_00019] info ...
2024-11-15 10:30:10,494 - fl_main - INFO - global aggregation process ...
2024-11-15 10:30:10,495 - fed_utils - INFO - server.n_data : 60000
2024-11-15 10:30:10,495 - fed_utils - INFO - client_dict[f_00000].weight : 0.050000
2024-11-15 10:30:10,495 - fed_utils - INFO - client_dict[f_00001].weight : 0.050000
2024-11-15 10:30:10,495 - fed_utils - INFO - client_dict[f_00002].weight : 0.050000
2024-11-15 10:30:10,495 - fed_utils - INFO - client_dict[f_00003].weight : 0.050000
2024-11-15 10:30:10,495 - fed_utils - INFO - client_dict[f_00004].weight : 0.050000
2024-11-15 10:30:10,495 - fed_utils - INFO - client_dict[f_00005].weight : 0.050000
2024-11-15 10:30:10,495 - fed_utils - INFO - client_dict[f_00006].weight : 0.050000
2024-11-15 10:30:10,495 - fed_utils - INFO - client_dict[f_00007].weight : 0.050000
2024-11-15 10:30:10,495 - fed_utils - INFO - client_dict[f_00008].weight : 0.050000
2024-11-15 10:30:10,495 - fed_utils - INFO - client_dict[f_00009].weight : 0.050000
2024-11-15 10:30:10,495 - fed_utils - INFO - client_dict[f_00010].weight : 0.050000
2024-11-15 10:30:10,495 - fed_utils - INFO - client_dict[f_00011].weight : 0.050000
2024-11-15 10:30:10,495 - fed_utils - INFO - client_dict[f_00012].weight : 0.050000
2024-11-15 10:30:10,495 - fed_utils - INFO - client_dict[f_00013].weight : 0.050000
2024-11-15 10:30:10,495 - fed_utils - INFO - client_dict[f_00014].weight : 0.050000
2024-11-15 10:30:10,495 - fed_utils - INFO - client_dict[f_00015].weight : 0.050000
2024-11-15 10:30:10,496 - fed_utils - INFO - client_dict[f_00016].weight : 0.050000
2024-11-15 10:30:10,496 - fed_utils - INFO - client_dict[f_00017].weight : 0.050000
2024-11-15 10:30:10,496 - fed_utils - INFO - client_dict[f_00018].weight : 0.050000
2024-11-15 10:30:10,496 - fed_utils - INFO - client_dict[f_00019].weight : 0.050000
2024-11-15 10:30:10,496 - fed_utils - INFO - recover secret number by clients: 789319.750000
2024-11-15 10:30:10,496 - server_base - INFO - Server aggregate model with homomorphic encryption ...
2024-11-15 10:30:17,275 - server_base - INFO - Server aggregate model done, cost time : 0m:6s:778ms
2024-11-15 10:30:17,616 - fed_utils - INFO - decrypting key [conv1.weight].shape [torch.Size([6, 1, 5, 5])]
2024-11-15 10:30:17,630 - fed_utils - INFO - decrypting key [conv1.bias].shape [torch.Size([6])]
2024-11-15 10:30:17,630 - fed_utils - INFO - decrypting key [conv2.weight].shape [torch.Size([16, 6, 5, 5])]
2024-11-15 10:30:17,630 - fed_utils - INFO - decrypting key [conv2.bias].shape [torch.Size([16])]
2024-11-15 10:30:17,630 - fed_utils - INFO - decrypting key [fc1.weight].shape [torch.Size([120, 400])]
2024-11-15 10:30:17,630 - fed_utils - INFO - decrypting key [fc1.bias].shape [torch.Size([120])]
2024-11-15 10:30:17,630 - fed_utils - INFO - decrypting key [fc2.weight].shape [torch.Size([84, 120])]
2024-11-15 10:30:17,630 - fed_utils - INFO - decrypting key [fc2.bias].shape [torch.Size([84])]
2024-11-15 10:30:19,600 - fed_utils - INFO - decrypting key [fc3.weight].shape [torch.Size([10, 84])]
2024-11-15 10:30:19,623 - fed_utils - INFO - decrypting key [fc3.bias].shape [torch.Size([10])]
2024-11-15 10:30:19,623 - fed_utils - INFO - decrypt time : [0m:2s:348ms]
2024-11-15 10:30:19,634 - fl_main - INFO - [global round : 4] aggregated model accuracy : 0.25370000000000004
2024-11-15 10:30:19,634 - fl_main - INFO - [global round : 4] aggregated model loss : 2.260980854110471
2024-11-15 10:30:19,634 - fl_main - INFO - global round : 5
2024-11-15 10:30:19,634 - fl_main - INFO - the random client id to test accuracy : f_00017
2024-11-15 10:30:19,635 - fl_main - INFO - ----- client id [f_00000] -----
2024-11-15 10:30:19,636 - client_base - INFO - recover model cost time : 0m:0s:0ms
2024-11-15 10:30:19,636 - fl_main - INFO - client_dict[f_00000] training ...
2024-11-15 10:30:19,637 - client_base - INFO - client_dict[f_00000] training epoch : 0
2024-11-15 10:30:20,034 - client_base - INFO - local model train cost time : 0m:0s:397ms
2024-11-15 10:30:20,036 - client_base - INFO - model encode time : 0m:0s:1ms
2024-11-15 10:30:20,036 - fl_main - INFO - client_dict[f_00000] local model encrypting ...
2024-11-15 10:30:21,235 - fed_utils - INFO - encrypting key [conv1.weight].length : 150, cost time : 0m:1s:198ms
2024-11-15 10:30:21,282 - fed_utils - INFO - encrypting key [conv1.bias].length : 6, cost time : 0m:0s:47ms
2024-11-15 10:30:21,283 - fed_utils - INFO - load key [conv2.weight].length : 2400, cost time : 0m:0s:0ms
2024-11-15 10:30:21,283 - fed_utils - INFO - load key [conv2.bias].length : 16, cost time : 0m:0s:0ms
2024-11-15 10:30:21,284 - fed_utils - INFO - load key [fc1.weight].length : 48000, cost time : 0m:0s:1ms
2024-11-15 10:30:21,284 - fed_utils - INFO - load key [fc1.bias].length : 120, cost time : 0m:0s:0ms
2024-11-15 10:30:21,284 - fed_utils - INFO - load key [fc2.weight].length : 10080, cost time : 0m:0s:0ms
2024-11-15 10:30:21,284 - fed_utils - INFO - load key [fc2.bias].length : 84, cost time : 0m:0s:0ms
2024-11-15 10:30:28,180 - fed_utils - INFO - encrypting key [fc3.weight].length : 840, cost time : 0m:6s:896ms
2024-11-15 10:30:28,259 - fed_utils - INFO - encrypting key [fc3.bias].length : 10, cost time : 0m:0s:78ms
2024-11-15 10:30:28,260 - fl_main - INFO - Server receive client_dict[f_00000] info ...
2024-11-15 10:30:28,261 - fl_main - INFO - ----- client id [f_00001] -----
2024-11-15 10:30:28,262 - client_base - INFO - recover model cost time : 0m:0s:0ms
2024-11-15 10:30:28,262 - fl_main - INFO - client_dict[f_00001] training ...
2024-11-15 10:30:28,263 - client_base - INFO - client_dict[f_00001] training epoch : 0
2024-11-15 10:30:28,652 - client_base - INFO - local model train cost time : 0m:0s:389ms
2024-11-15 10:30:28,653 - client_base - INFO - model encode time : 0m:0s:1ms
2024-11-15 10:30:28,654 - fl_main - INFO - client_dict[f_00001] local model encrypting ...
2024-11-15 10:30:29,838 - fed_utils - INFO - encrypting key [conv1.weight].length : 150, cost time : 0m:1s:184ms
2024-11-15 10:30:29,886 - fed_utils - INFO - encrypting key [conv1.bias].length : 6, cost time : 0m:0s:47ms
2024-11-15 10:30:29,886 - fed_utils - INFO - load key [conv2.weight].length : 2400, cost time : 0m:0s:0ms
2024-11-15 10:30:29,886 - fed_utils - INFO - load key [conv2.bias].length : 16, cost time : 0m:0s:0ms
2024-11-15 10:30:29,887 - fed_utils - INFO - load key [fc1.weight].length : 48000, cost time : 0m:0s:0ms
2024-11-15 10:30:29,887 - fed_utils - INFO - load key [fc1.bias].length : 120, cost time : 0m:0s:0ms
2024-11-15 10:30:29,887 - fed_utils - INFO - load key [fc2.weight].length : 10080, cost time : 0m:0s:0ms
2024-11-15 10:30:29,887 - fed_utils - INFO - load key [fc2.bias].length : 84, cost time : 0m:0s:0ms
2024-11-15 10:30:36,552 - fed_utils - INFO - encrypting key [fc3.weight].length : 840, cost time : 0m:6s:664ms
2024-11-15 10:30:36,632 - fed_utils - INFO - encrypting key [fc3.bias].length : 10, cost time : 0m:0s:79ms
2024-11-15 10:30:36,632 - fl_main - INFO - Server receive client_dict[f_00001] info ...
2024-11-15 10:30:36,632 - fl_main - INFO - ----- client id [f_00002] -----
2024-11-15 10:30:36,633 - client_base - INFO - recover model cost time : 0m:0s:0ms
2024-11-15 10:30:36,633 - fl_main - INFO - client_dict[f_00002] training ...
2024-11-15 10:30:36,634 - client_base - INFO - client_dict[f_00002] training epoch : 0
2024-11-15 10:30:37,004 - client_base - INFO - local model train cost time : 0m:0s:370ms
2024-11-15 10:30:37,006 - client_base - INFO - model encode time : 0m:0s:1ms
2024-11-15 10:30:37,006 - fl_main - INFO - client_dict[f_00002] local model encrypting ...
2024-11-15 10:30:38,198 - fed_utils - INFO - encrypting key [conv1.weight].length : 150, cost time : 0m:1s:191ms
2024-11-15 10:30:38,245 - fed_utils - INFO - encrypting key [conv1.bias].length : 6, cost time : 0m:0s:47ms
2024-11-15 10:30:38,245 - fed_utils - INFO - load key [conv2.weight].length : 2400, cost time : 0m:0s:0ms
2024-11-15 10:30:38,246 - fed_utils - INFO - load key [conv2.bias].length : 16, cost time : 0m:0s:0ms
2024-11-15 10:30:38,247 - fed_utils - INFO - load key [fc1.weight].length : 48000, cost time : 0m:0s:0ms
2024-11-15 10:30:38,247 - fed_utils - INFO - load key [fc1.bias].length : 120, cost time : 0m:0s:0ms
2024-11-15 10:30:38,247 - fed_utils - INFO - load key [fc2.weight].length : 10080, cost time : 0m:0s:0ms
2024-11-15 10:30:38,247 - fed_utils - INFO - load key [fc2.bias].length : 84, cost time : 0m:0s:0ms
2024-11-15 10:30:44,968 - fed_utils - INFO - encrypting key [fc3.weight].length : 840, cost time : 0m:6s:721ms
2024-11-15 10:30:45,048 - fed_utils - INFO - encrypting key [fc3.bias].length : 10, cost time : 0m:0s:78ms
2024-11-15 10:30:45,048 - fl_main - INFO - Server receive client_dict[f_00002] info ...
2024-11-15 10:30:45,048 - fl_main - INFO - ----- client id [f_00003] -----
2024-11-15 10:30:45,049 - client_base - INFO - recover model cost time : 0m:0s:0ms
2024-11-15 10:30:45,049 - fl_main - INFO - client_dict[f_00003] training ...
2024-11-15 10:30:45,050 - client_base - INFO - client_dict[f_00003] training epoch : 0
2024-11-15 10:30:45,455 - client_base - INFO - local model train cost time : 0m:0s:405ms
2024-11-15 10:30:45,457 - client_base - INFO - model encode time : 0m:0s:1ms
2024-11-15 10:30:45,457 - fl_main - INFO - client_dict[f_00003] local model encrypting ...
2024-11-15 10:30:46,650 - fed_utils - INFO - encrypting key [conv1.weight].length : 150, cost time : 0m:1s:193ms
2024-11-15 10:30:46,699 - fed_utils - INFO - encrypting key [conv1.bias].length : 6, cost time : 0m:0s:48ms
2024-11-15 10:30:46,699 - fed_utils - INFO - load key [conv2.weight].length : 2400, cost time : 0m:0s:0ms
2024-11-15 10:30:46,699 - fed_utils - INFO - load key [conv2.bias].length : 16, cost time : 0m:0s:0ms
2024-11-15 10:30:46,700 - fed_utils - INFO - load key [fc1.weight].length : 48000, cost time : 0m:0s:0ms
2024-11-15 10:30:46,700 - fed_utils - INFO - load key [fc1.bias].length : 120, cost time : 0m:0s:0ms
2024-11-15 10:30:46,700 - fed_utils - INFO - load key [fc2.weight].length : 10080, cost time : 0m:0s:0ms
2024-11-15 10:30:46,700 - fed_utils - INFO - load key [fc2.bias].length : 84, cost time : 0m:0s:0ms
2024-11-15 10:30:53,404 - fed_utils - INFO - encrypting key [fc3.weight].length : 840, cost time : 0m:6s:704ms
2024-11-15 10:30:53,485 - fed_utils - INFO - encrypting key [fc3.bias].length : 10, cost time : 0m:0s:80ms
2024-11-15 10:30:53,485 - fl_main - INFO - Server receive client_dict[f_00003] info ...
2024-11-15 10:30:53,485 - fl_main - INFO - ----- client id [f_00004] -----
2024-11-15 10:30:53,487 - client_base - INFO - recover model cost time : 0m:0s:0ms
2024-11-15 10:30:53,487 - fl_main - INFO - client_dict[f_00004] training ...
2024-11-15 10:30:53,487 - client_base - INFO - client_dict[f_00004] training epoch : 0
2024-11-15 10:30:53,890 - client_base - INFO - local model train cost time : 0m:0s:402ms
2024-11-15 10:30:53,891 - client_base - INFO - model encode time : 0m:0s:1ms
2024-11-15 10:30:53,891 - fl_main - INFO - client_dict[f_00004] local model encrypting ...
2024-11-15 10:30:55,150 - fed_utils - INFO - encrypting key [conv1.weight].length : 150, cost time : 0m:1s:258ms
2024-11-15 10:30:55,198 - fed_utils - INFO - encrypting key [conv1.bias].length : 6, cost time : 0m:0s:47ms
2024-11-15 10:30:55,198 - fed_utils - INFO - load key [conv2.weight].length : 2400, cost time : 0m:0s:0ms
2024-11-15 10:30:55,198 - fed_utils - INFO - load key [conv2.bias].length : 16, cost time : 0m:0s:0ms
2024-11-15 10:30:55,199 - fed_utils - INFO - load key [fc1.weight].length : 48000, cost time : 0m:0s:0ms
2024-11-15 10:30:55,200 - fed_utils - INFO - load key [fc1.bias].length : 120, cost time : 0m:0s:0ms
2024-11-15 10:30:55,200 - fed_utils - INFO - load key [fc2.weight].length : 10080, cost time : 0m:0s:0ms
2024-11-15 10:30:55,200 - fed_utils - INFO - load key [fc2.bias].length : 84, cost time : 0m:0s:0ms
2024-11-15 10:31:01,899 - fed_utils - INFO - encrypting key [fc3.weight].length : 840, cost time : 0m:6s:698ms
2024-11-15 10:31:01,978 - fed_utils - INFO - encrypting key [fc3.bias].length : 10, cost time : 0m:0s:79ms
2024-11-15 10:31:01,978 - fl_main - INFO - Server receive client_dict[f_00004] info ...
2024-11-15 10:31:01,979 - fl_main - INFO - ----- client id [f_00005] -----
2024-11-15 10:31:01,980 - client_base - INFO - recover model cost time : 0m:0s:0ms
2024-11-15 10:31:01,980 - fl_main - INFO - client_dict[f_00005] training ...
2024-11-15 10:31:01,981 - client_base - INFO - client_dict[f_00005] training epoch : 0
2024-11-15 10:31:02,375 - client_base - INFO - local model train cost time : 0m:0s:394ms
2024-11-15 10:31:02,376 - client_base - INFO - model encode time : 0m:0s:1ms
2024-11-15 10:31:02,377 - fl_main - INFO - client_dict[f_00005] local model encrypting ...
2024-11-15 10:31:03,568 - fed_utils - INFO - encrypting key [conv1.weight].length : 150, cost time : 0m:1s:190ms
2024-11-15 10:31:03,615 - fed_utils - INFO - encrypting key [conv1.bias].length : 6, cost time : 0m:0s:47ms
2024-11-15 10:31:03,615 - fed_utils - INFO - load key [conv2.weight].length : 2400, cost time : 0m:0s:0ms
2024-11-15 10:31:03,615 - fed_utils - INFO - load key [conv2.bias].length : 16, cost time : 0m:0s:0ms
2024-11-15 10:31:03,616 - fed_utils - INFO - load key [fc1.weight].length : 48000, cost time : 0m:0s:0ms
2024-11-15 10:31:03,617 - fed_utils - INFO - load key [fc1.bias].length : 120, cost time : 0m:0s:0ms
2024-11-15 10:31:03,617 - fed_utils - INFO - load key [fc2.weight].length : 10080, cost time : 0m:0s:0ms
2024-11-15 10:31:03,617 - fed_utils - INFO - load key [fc2.bias].length : 84, cost time : 0m:0s:0ms
2024-11-15 10:31:10,273 - fed_utils - INFO - encrypting key [fc3.weight].length : 840, cost time : 0m:6s:656ms
2024-11-15 10:31:10,352 - fed_utils - INFO - encrypting key [fc3.bias].length : 10, cost time : 0m:0s:78ms
2024-11-15 10:31:10,352 - fl_main - INFO - Server receive client_dict[f_00005] info ...
2024-11-15 10:31:10,352 - fl_main - INFO - ----- client id [f_00006] -----
2024-11-15 10:31:10,353 - client_base - INFO - recover model cost time : 0m:0s:0ms
2024-11-15 10:31:10,354 - fl_main - INFO - client_dict[f_00006] training ...
2024-11-15 10:31:10,354 - client_base - INFO - client_dict[f_00006] training epoch : 0
2024-11-15 10:31:10,722 - client_base - INFO - local model train cost time : 0m:0s:367ms
2024-11-15 10:31:10,723 - client_base - INFO - model encode time : 0m:0s:1ms
2024-11-15 10:31:10,723 - fl_main - INFO - client_dict[f_00006] local model encrypting ...
2024-11-15 10:31:11,920 - fed_utils - INFO - encrypting key [conv1.weight].length : 150, cost time : 0m:1s:196ms
2024-11-15 10:31:11,968 - fed_utils - INFO - encrypting key [conv1.bias].length : 6, cost time : 0m:0s:47ms
2024-11-15 10:31:11,968 - fed_utils - INFO - load key [conv2.weight].length : 2400, cost time : 0m:0s:0ms
2024-11-15 10:31:11,968 - fed_utils - INFO - load key [conv2.bias].length : 16, cost time : 0m:0s:0ms
2024-11-15 10:31:11,969 - fed_utils - INFO - load key [fc1.weight].length : 48000, cost time : 0m:0s:0ms
2024-11-15 10:31:11,969 - fed_utils - INFO - load key [fc1.bias].length : 120, cost time : 0m:0s:0ms
2024-11-15 10:31:11,969 - fed_utils - INFO - load key [fc2.weight].length : 10080, cost time : 0m:0s:0ms
2024-11-15 10:31:11,969 - fed_utils - INFO - load key [fc2.bias].length : 84, cost time : 0m:0s:0ms
2024-11-15 10:31:18,753 - fed_utils - INFO - encrypting key [fc3.weight].length : 840, cost time : 0m:6s:783ms
2024-11-15 10:31:18,836 - fed_utils - INFO - encrypting key [fc3.bias].length : 10, cost time : 0m:0s:82ms
2024-11-15 10:31:18,836 - fl_main - INFO - Server receive client_dict[f_00006] info ...
2024-11-15 10:31:18,837 - fl_main - INFO - ----- client id [f_00007] -----
2024-11-15 10:31:18,838 - client_base - INFO - recover model cost time : 0m:0s:0ms
2024-11-15 10:31:18,838 - fl_main - INFO - client_dict[f_00007] training ...
2024-11-15 10:31:18,839 - client_base - INFO - client_dict[f_00007] training epoch : 0
2024-11-15 10:31:19,234 - client_base - INFO - local model train cost time : 0m:0s:395ms
2024-11-15 10:31:19,235 - client_base - INFO - model encode time : 0m:0s:1ms
2024-11-15 10:31:19,236 - fl_main - INFO - client_dict[f_00007] local model encrypting ...
2024-11-15 10:31:20,434 - fed_utils - INFO - encrypting key [conv1.weight].length : 150, cost time : 0m:1s:198ms
2024-11-15 10:31:20,485 - fed_utils - INFO - encrypting key [conv1.bias].length : 6, cost time : 0m:0s:50ms
2024-11-15 10:31:20,485 - fed_utils - INFO - load key [conv2.weight].length : 2400, cost time : 0m:0s:0ms
2024-11-15 10:31:20,485 - fed_utils - INFO - load key [conv2.bias].length : 16, cost time : 0m:0s:0ms
2024-11-15 10:31:20,487 - fed_utils - INFO - load key [fc1.weight].length : 48000, cost time : 0m:0s:1ms
2024-11-15 10:31:20,487 - fed_utils - INFO - load key [fc1.bias].length : 120, cost time : 0m:0s:0ms
2024-11-15 10:31:20,487 - fed_utils - INFO - load key [fc2.weight].length : 10080, cost time : 0m:0s:0ms
2024-11-15 10:31:20,487 - fed_utils - INFO - load key [fc2.bias].length : 84, cost time : 0m:0s:0ms
2024-11-15 10:31:27,443 - fed_utils - INFO - encrypting key [fc3.weight].length : 840, cost time : 0m:6s:956ms
2024-11-15 10:31:27,524 - fed_utils - INFO - encrypting key [fc3.bias].length : 10, cost time : 0m:0s:80ms
2024-11-15 10:31:27,524 - fl_main - INFO - Server receive client_dict[f_00007] info ...
2024-11-15 10:31:27,524 - fl_main - INFO - ----- client id [f_00008] -----
2024-11-15 10:31:27,526 - client_base - INFO - recover model cost time : 0m:0s:0ms
2024-11-15 10:31:27,526 - fl_main - INFO - client_dict[f_00008] training ...
2024-11-15 10:31:27,527 - client_base - INFO - client_dict[f_00008] training epoch : 0
2024-11-15 10:31:27,950 - client_base - INFO - local model train cost time : 0m:0s:423ms
2024-11-15 10:31:27,952 - client_base - INFO - model encode time : 0m:0s:1ms
2024-11-15 10:31:27,952 - fl_main - INFO - client_dict[f_00008] local model encrypting ...
2024-11-15 10:31:29,200 - fed_utils - INFO - encrypting key [conv1.weight].length : 150, cost time : 0m:1s:247ms
2024-11-15 10:31:29,250 - fed_utils - INFO - encrypting key [conv1.bias].length : 6, cost time : 0m:0s:49ms
2024-11-15 10:31:29,250 - fed_utils - INFO - load key [conv2.weight].length : 2400, cost time : 0m:0s:0ms
2024-11-15 10:31:29,250 - fed_utils - INFO - load key [conv2.bias].length : 16, cost time : 0m:0s:0ms
2024-11-15 10:31:29,252 - fed_utils - INFO - load key [fc1.weight].length : 48000, cost time : 0m:0s:1ms
2024-11-15 10:31:29,252 - fed_utils - INFO - load key [fc1.bias].length : 120, cost time : 0m:0s:0ms
2024-11-15 10:31:29,252 - fed_utils - INFO - load key [fc2.weight].length : 10080, cost time : 0m:0s:0ms
2024-11-15 10:31:29,252 - fed_utils - INFO - load key [fc2.bias].length : 84, cost time : 0m:0s:0ms
2024-11-15 10:31:36,186 - fed_utils - INFO - encrypting key [fc3.weight].length : 840, cost time : 0m:6s:933ms
2024-11-15 10:31:36,275 - fed_utils - INFO - encrypting key [fc3.bias].length : 10, cost time : 0m:0s:89ms
2024-11-15 10:31:36,275 - fl_main - INFO - Server receive client_dict[f_00008] info ...
2024-11-15 10:31:36,276 - fl_main - INFO - ----- client id [f_00009] -----
2024-11-15 10:31:36,278 - client_base - INFO - recover model cost time : 0m:0s:0ms
2024-11-15 10:31:36,278 - fl_main - INFO - client_dict[f_00009] training ...
2024-11-15 10:31:36,279 - client_base - INFO - client_dict[f_00009] training epoch : 0
2024-11-15 10:31:36,721 - client_base - INFO - local model train cost time : 0m:0s:442ms
2024-11-15 10:31:36,722 - client_base - INFO - model encode time : 0m:0s:1ms
2024-11-15 10:31:36,723 - fl_main - INFO - client_dict[f_00009] local model encrypting ...
2024-11-15 10:31:37,980 - fed_utils - INFO - encrypting key [conv1.weight].length : 150, cost time : 0m:1s:257ms
2024-11-15 10:31:38,028 - fed_utils - INFO - encrypting key [conv1.bias].length : 6, cost time : 0m:0s:48ms
2024-11-15 10:31:38,028 - fed_utils - INFO - load key [conv2.weight].length : 2400, cost time : 0m:0s:0ms
2024-11-15 10:31:38,028 - fed_utils - INFO - load key [conv2.bias].length : 16, cost time : 0m:0s:0ms
2024-11-15 10:31:38,029 - fed_utils - INFO - load key [fc1.weight].length : 48000, cost time : 0m:0s:0ms
2024-11-15 10:31:38,029 - fed_utils - INFO - load key [fc1.bias].length : 120, cost time : 0m:0s:0ms
2024-11-15 10:31:38,030 - fed_utils - INFO - load key [fc2.weight].length : 10080, cost time : 0m:0s:0ms
2024-11-15 10:31:38,030 - fed_utils - INFO - load key [fc2.bias].length : 84, cost time : 0m:0s:0ms
2024-11-15 10:31:45,283 - fed_utils - INFO - encrypting key [fc3.weight].length : 840, cost time : 0m:7s:252ms
2024-11-15 10:31:45,400 - fed_utils - INFO - encrypting key [fc3.bias].length : 10, cost time : 0m:0s:116ms
2024-11-15 10:31:45,400 - fl_main - INFO - Server receive client_dict[f_00009] info ...
2024-11-15 10:31:45,400 - fl_main - INFO - ----- client id [f_00010] -----
2024-11-15 10:31:45,402 - client_base - INFO - recover model cost time : 0m:0s:0ms
2024-11-15 10:31:45,402 - fl_main - INFO - client_dict[f_00010] training ...
2024-11-15 10:31:45,403 - client_base - INFO - client_dict[f_00010] training epoch : 0
2024-11-15 10:31:45,812 - client_base - INFO - local model train cost time : 0m:0s:409ms
2024-11-15 10:31:45,813 - client_base - INFO - model encode time : 0m:0s:1ms
2024-11-15 10:31:45,813 - fl_main - INFO - client_dict[f_00010] local model encrypting ...
2024-11-15 10:31:46,994 - fed_utils - INFO - encrypting key [conv1.weight].length : 150, cost time : 0m:1s:180ms
2024-11-15 10:31:47,042 - fed_utils - INFO - encrypting key [conv1.bias].length : 6, cost time : 0m:0s:47ms
2024-11-15 10:31:47,042 - fed_utils - INFO - load key [conv2.weight].length : 2400, cost time : 0m:0s:0ms
2024-11-15 10:31:47,042 - fed_utils - INFO - load key [conv2.bias].length : 16, cost time : 0m:0s:0ms
2024-11-15 10:31:47,043 - fed_utils - INFO - load key [fc1.weight].length : 48000, cost time : 0m:0s:0ms
2024-11-15 10:31:47,043 - fed_utils - INFO - load key [fc1.bias].length : 120, cost time : 0m:0s:0ms
2024-11-15 10:31:47,043 - fed_utils - INFO - load key [fc2.weight].length : 10080, cost time : 0m:0s:0ms
2024-11-15 10:31:47,043 - fed_utils - INFO - load key [fc2.bias].length : 84, cost time : 0m:0s:0ms
2024-11-15 10:31:53,852 - fed_utils - INFO - encrypting key [fc3.weight].length : 840, cost time : 0m:6s:809ms
2024-11-15 10:31:53,931 - fed_utils - INFO - encrypting key [fc3.bias].length : 10, cost time : 0m:0s:78ms
2024-11-15 10:31:53,931 - fl_main - INFO - Server receive client_dict[f_00010] info ...
2024-11-15 10:31:53,932 - fl_main - INFO - ----- client id [f_00011] -----
2024-11-15 10:31:53,933 - client_base - INFO - recover model cost time : 0m:0s:0ms
2024-11-15 10:31:53,933 - fl_main - INFO - client_dict[f_00011] training ...
2024-11-15 10:31:53,934 - client_base - INFO - client_dict[f_00011] training epoch : 0
2024-11-15 10:31:54,318 - client_base - INFO - local model train cost time : 0m:0s:384ms
2024-11-15 10:31:54,320 - client_base - INFO - model encode time : 0m:0s:1ms
2024-11-15 10:31:54,320 - fl_main - INFO - client_dict[f_00011] local model encrypting ...
2024-11-15 10:31:55,499 - fed_utils - INFO - encrypting key [conv1.weight].length : 150, cost time : 0m:1s:179ms
2024-11-15 10:31:55,547 - fed_utils - INFO - encrypting key [conv1.bias].length : 6, cost time : 0m:0s:47ms
2024-11-15 10:31:55,547 - fed_utils - INFO - load key [conv2.weight].length : 2400, cost time : 0m:0s:0ms
2024-11-15 10:31:55,547 - fed_utils - INFO - load key [conv2.bias].length : 16, cost time : 0m:0s:0ms
2024-11-15 10:31:55,548 - fed_utils - INFO - load key [fc1.weight].length : 48000, cost time : 0m:0s:0ms
2024-11-15 10:31:55,548 - fed_utils - INFO - load key [fc1.bias].length : 120, cost time : 0m:0s:0ms
2024-11-15 10:31:55,548 - fed_utils - INFO - load key [fc2.weight].length : 10080, cost time : 0m:0s:0ms
2024-11-15 10:31:55,549 - fed_utils - INFO - load key [fc2.bias].length : 84, cost time : 0m:0s:0ms
2024-11-15 10:32:02,408 - fed_utils - INFO - encrypting key [fc3.weight].length : 840, cost time : 0m:6s:858ms
2024-11-15 10:32:02,489 - fed_utils - INFO - encrypting key [fc3.bias].length : 10, cost time : 0m:0s:81ms
2024-11-15 10:32:02,489 - fl_main - INFO - Server receive client_dict[f_00011] info ...
2024-11-15 10:32:02,489 - fl_main - INFO - ----- client id [f_00012] -----
2024-11-15 10:32:02,491 - client_base - INFO - recover model cost time : 0m:0s:0ms
2024-11-15 10:32:02,491 - fl_main - INFO - client_dict[f_00012] training ...
2024-11-15 10:32:02,492 - client_base - INFO - client_dict[f_00012] training epoch : 0
2024-11-15 10:32:02,900 - client_base - INFO - local model train cost time : 0m:0s:407ms
2024-11-15 10:32:02,901 - client_base - INFO - model encode time : 0m:0s:1ms
2024-11-15 10:32:02,901 - fl_main - INFO - client_dict[f_00012] local model encrypting ...
2024-11-15 10:32:04,136 - fed_utils - INFO - encrypting key [conv1.weight].length : 150, cost time : 0m:1s:234ms
2024-11-15 10:32:04,185 - fed_utils - INFO - encrypting key [conv1.bias].length : 6, cost time : 0m:0s:49ms
2024-11-15 10:32:04,186 - fed_utils - INFO - load key [conv2.weight].length : 2400, cost time : 0m:0s:0ms
2024-11-15 10:32:04,186 - fed_utils - INFO - load key [conv2.bias].length : 16, cost time : 0m:0s:0ms
2024-11-15 10:32:04,187 - fed_utils - INFO - load key [fc1.weight].length : 48000, cost time : 0m:0s:0ms
2024-11-15 10:32:04,187 - fed_utils - INFO - load key [fc1.bias].length : 120, cost time : 0m:0s:0ms
2024-11-15 10:32:04,187 - fed_utils - INFO - load key [fc2.weight].length : 10080, cost time : 0m:0s:0ms
2024-11-15 10:32:04,187 - fed_utils - INFO - load key [fc2.bias].length : 84, cost time : 0m:0s:0ms
2024-11-15 10:32:11,031 - fed_utils - INFO - encrypting key [fc3.weight].length : 840, cost time : 0m:6s:843ms
2024-11-15 10:32:11,114 - fed_utils - INFO - encrypting key [fc3.bias].length : 10, cost time : 0m:0s:83ms
2024-11-15 10:32:11,115 - fl_main - INFO - Server receive client_dict[f_00012] info ...
2024-11-15 10:32:11,115 - fl_main - INFO - ----- client id [f_00013] -----
2024-11-15 10:32:11,116 - client_base - INFO - recover model cost time : 0m:0s:0ms
2024-11-15 10:32:11,116 - fl_main - INFO - client_dict[f_00013] training ...
2024-11-15 10:32:11,117 - client_base - INFO - client_dict[f_00013] training epoch : 0
2024-11-15 10:32:11,543 - client_base - INFO - local model train cost time : 0m:0s:425ms
2024-11-15 10:32:11,544 - client_base - INFO - model encode time : 0m:0s:1ms
2024-11-15 10:32:11,544 - fl_main - INFO - client_dict[f_00013] local model encrypting ...
2024-11-15 10:32:12,817 - fed_utils - INFO - encrypting key [conv1.weight].length : 150, cost time : 0m:1s:272ms
2024-11-15 10:32:12,870 - fed_utils - INFO - encrypting key [conv1.bias].length : 6, cost time : 0m:0s:53ms
2024-11-15 10:32:12,871 - fed_utils - INFO - load key [conv2.weight].length : 2400, cost time : 0m:0s:0ms
2024-11-15 10:32:12,871 - fed_utils - INFO - load key [conv2.bias].length : 16, cost time : 0m:0s:0ms
2024-11-15 10:32:12,873 - fed_utils - INFO - load key [fc1.weight].length : 48000, cost time : 0m:0s:1ms
2024-11-15 10:32:12,873 - fed_utils - INFO - load key [fc1.bias].length : 120, cost time : 0m:0s:0ms
2024-11-15 10:32:12,874 - fed_utils - INFO - load key [fc2.weight].length : 10080, cost time : 0m:0s:0ms
2024-11-15 10:32:12,874 - fed_utils - INFO - load key [fc2.bias].length : 84, cost time : 0m:0s:0ms
2024-11-15 10:32:19,787 - fed_utils - INFO - encrypting key [fc3.weight].length : 840, cost time : 0m:6s:913ms
2024-11-15 10:32:19,869 - fed_utils - INFO - encrypting key [fc3.bias].length : 10, cost time : 0m:0s:81ms
2024-11-15 10:32:19,869 - fl_main - INFO - Server receive client_dict[f_00013] info ...
2024-11-15 10:32:19,870 - fl_main - INFO - ----- client id [f_00014] -----
2024-11-15 10:32:19,871 - client_base - INFO - recover model cost time : 0m:0s:0ms
2024-11-15 10:32:19,871 - fl_main - INFO - client_dict[f_00014] training ...
2024-11-15 10:32:19,872 - client_base - INFO - client_dict[f_00014] training epoch : 0
2024-11-15 10:32:20,306 - client_base - INFO - local model train cost time : 0m:0s:434ms
2024-11-15 10:32:20,307 - client_base - INFO - model encode time : 0m:0s:1ms
2024-11-15 10:32:20,308 - fl_main - INFO - client_dict[f_00014] local model encrypting ...
2024-11-15 10:32:21,542 - fed_utils - INFO - encrypting key [conv1.weight].length : 150, cost time : 0m:1s:234ms
2024-11-15 10:32:21,591 - fed_utils - INFO - encrypting key [conv1.bias].length : 6, cost time : 0m:0s:49ms
2024-11-15 10:32:21,592 - fed_utils - INFO - load key [conv2.weight].length : 2400, cost time : 0m:0s:0ms
2024-11-15 10:32:21,592 - fed_utils - INFO - load key [conv2.bias].length : 16, cost time : 0m:0s:0ms
2024-11-15 10:32:21,593 - fed_utils - INFO - load key [fc1.weight].length : 48000, cost time : 0m:0s:1ms
2024-11-15 10:32:21,593 - fed_utils - INFO - load key [fc1.bias].length : 120, cost time : 0m:0s:0ms
2024-11-15 10:32:21,594 - fed_utils - INFO - load key [fc2.weight].length : 10080, cost time : 0m:0s:0ms
2024-11-15 10:32:21,594 - fed_utils - INFO - load key [fc2.bias].length : 84, cost time : 0m:0s:0ms
2024-11-15 10:32:28,588 - fed_utils - INFO - encrypting key [fc3.weight].length : 840, cost time : 0m:6s:994ms
2024-11-15 10:32:28,671 - fed_utils - INFO - encrypting key [fc3.bias].length : 10, cost time : 0m:0s:83ms
2024-11-15 10:32:28,671 - fl_main - INFO - Server receive client_dict[f_00014] info ...
2024-11-15 10:32:28,671 - fl_main - INFO - ----- client id [f_00015] -----
2024-11-15 10:32:28,673 - client_base - INFO - recover model cost time : 0m:0s:0ms
2024-11-15 10:32:28,673 - fl_main - INFO - client_dict[f_00015] training ...
2024-11-15 10:32:28,674 - client_base - INFO - client_dict[f_00015] training epoch : 0
2024-11-15 10:32:29,099 - client_base - INFO - local model train cost time : 0m:0s:424ms
2024-11-15 10:32:29,100 - client_base - INFO - model encode time : 0m:0s:1ms
2024-11-15 10:32:29,100 - fl_main - INFO - client_dict[f_00015] local model encrypting ...
2024-11-15 10:32:30,425 - fed_utils - INFO - encrypting key [conv1.weight].length : 150, cost time : 0m:1s:324ms
2024-11-15 10:32:30,483 - fed_utils - INFO - encrypting key [conv1.bias].length : 6, cost time : 0m:0s:58ms
2024-11-15 10:32:30,484 - fed_utils - INFO - load key [conv2.weight].length : 2400, cost time : 0m:0s:0ms
2024-11-15 10:32:30,484 - fed_utils - INFO - load key [conv2.bias].length : 16, cost time : 0m:0s:0ms
2024-11-15 10:32:30,485 - fed_utils - INFO - load key [fc1.weight].length : 48000, cost time : 0m:0s:1ms
2024-11-15 10:32:30,485 - fed_utils - INFO - load key [fc1.bias].length : 120, cost time : 0m:0s:0ms
2024-11-15 10:32:30,485 - fed_utils - INFO - load key [fc2.weight].length : 10080, cost time : 0m:0s:0ms
2024-11-15 10:32:30,485 - fed_utils - INFO - load key [fc2.bias].length : 84, cost time : 0m:0s:0ms
2024-11-15 10:32:37,308 - fed_utils - INFO - encrypting key [fc3.weight].length : 840, cost time : 0m:6s:822ms
2024-11-15 10:32:37,391 - fed_utils - INFO - encrypting key [fc3.bias].length : 10, cost time : 0m:0s:82ms
2024-11-15 10:32:37,392 - fl_main - INFO - Server receive client_dict[f_00015] info ...
2024-11-15 10:32:37,392 - fl_main - INFO - ----- client id [f_00016] -----
2024-11-15 10:32:37,393 - client_base - INFO - recover model cost time : 0m:0s:0ms
2024-11-15 10:32:37,393 - fl_main - INFO - client_dict[f_00016] training ...
2024-11-15 10:32:37,394 - client_base - INFO - client_dict[f_00016] training epoch : 0
2024-11-15 10:32:37,901 - client_base - INFO - local model train cost time : 0m:0s:506ms
2024-11-15 10:32:37,903 - client_base - INFO - model encode time : 0m:0s:1ms
2024-11-15 10:32:37,903 - fl_main - INFO - client_dict[f_00016] local model encrypting ...
2024-11-15 10:32:39,152 - fed_utils - INFO - encrypting key [conv1.weight].length : 150, cost time : 0m:1s:248ms
2024-11-15 10:32:39,212 - fed_utils - INFO - encrypting key [conv1.bias].length : 6, cost time : 0m:0s:60ms
2024-11-15 10:32:39,213 - fed_utils - INFO - load key [conv2.weight].length : 2400, cost time : 0m:0s:0ms
2024-11-15 10:32:39,213 - fed_utils - INFO - load key [conv2.bias].length : 16, cost time : 0m:0s:0ms
2024-11-15 10:32:39,215 - fed_utils - INFO - load key [fc1.weight].length : 48000, cost time : 0m:0s:1ms
2024-11-15 10:32:39,215 - fed_utils - INFO - load key [fc1.bias].length : 120, cost time : 0m:0s:0ms
2024-11-15 10:32:39,216 - fed_utils - INFO - load key [fc2.weight].length : 10080, cost time : 0m:0s:0ms
2024-11-15 10:32:39,216 - fed_utils - INFO - load key [fc2.bias].length : 84, cost time : 0m:0s:0ms
2024-11-15 10:32:46,419 - fed_utils - INFO - encrypting key [fc3.weight].length : 840, cost time : 0m:7s:202ms
2024-11-15 10:32:46,502 - fed_utils - INFO - encrypting key [fc3.bias].length : 10, cost time : 0m:0s:82ms
2024-11-15 10:32:46,502 - fl_main - INFO - Server receive client_dict[f_00016] info ...
2024-11-15 10:32:46,502 - fl_main - INFO - ----- client id [f_00017] -----
2024-11-15 10:32:46,503 - client_base - INFO - recover model cost time : 0m:0s:0ms
2024-11-15 10:32:47,454 - fl_main - INFO - global round [5] client_dict[f_00017].accuracy : 0.325200
2024-11-15 10:32:47,454 - fl_main - INFO - client_dict[f_00017] training ...
2024-11-15 10:32:47,454 - client_base - INFO - client_dict[f_00017] training epoch : 0
2024-11-15 10:32:47,886 - client_base - INFO - local model train cost time : 0m:0s:431ms
2024-11-15 10:32:47,887 - client_base - INFO - model encode time : 0m:0s:1ms
2024-11-15 10:32:47,887 - fl_main - INFO - client_dict[f_00017] local model encrypting ...
2024-11-15 10:32:49,145 - fed_utils - INFO - encrypting key [conv1.weight].length : 150, cost time : 0m:1s:257ms
2024-11-15 10:32:49,193 - fed_utils - INFO - encrypting key [conv1.bias].length : 6, cost time : 0m:0s:48ms
2024-11-15 10:32:49,193 - fed_utils - INFO - load key [conv2.weight].length : 2400, cost time : 0m:0s:0ms
2024-11-15 10:32:49,193 - fed_utils - INFO - load key [conv2.bias].length : 16, cost time : 0m:0s:0ms
2024-11-15 10:32:49,195 - fed_utils - INFO - load key [fc1.weight].length : 48000, cost time : 0m:0s:1ms
2024-11-15 10:32:49,195 - fed_utils - INFO - load key [fc1.bias].length : 120, cost time : 0m:0s:0ms
2024-11-15 10:32:49,196 - fed_utils - INFO - load key [fc2.weight].length : 10080, cost time : 0m:0s:0ms
2024-11-15 10:32:49,196 - fed_utils - INFO - load key [fc2.bias].length : 84, cost time : 0m:0s:0ms
2024-11-15 10:32:56,408 - fed_utils - INFO - encrypting key [fc3.weight].length : 840, cost time : 0m:7s:212ms
2024-11-15 10:32:56,488 - fed_utils - INFO - encrypting key [fc3.bias].length : 10, cost time : 0m:0s:80ms
2024-11-15 10:32:56,488 - fl_main - INFO - Server receive client_dict[f_00017] info ...
2024-11-15 10:32:56,488 - fl_main - INFO - ----- client id [f_00018] -----
2024-11-15 10:32:56,490 - client_base - INFO - recover model cost time : 0m:0s:0ms
2024-11-15 10:32:56,490 - fl_main - INFO - client_dict[f_00018] training ...
2024-11-15 10:32:56,490 - client_base - INFO - client_dict[f_00018] training epoch : 0
2024-11-15 10:32:56,885 - client_base - INFO - local model train cost time : 0m:0s:394ms
2024-11-15 10:32:56,887 - client_base - INFO - model encode time : 0m:0s:1ms
2024-11-15 10:32:56,888 - fl_main - INFO - client_dict[f_00018] local model encrypting ...
2024-11-15 10:32:58,078 - fed_utils - INFO - encrypting key [conv1.weight].length : 150, cost time : 0m:1s:190ms
2024-11-15 10:32:58,125 - fed_utils - INFO - encrypting key [conv1.bias].length : 6, cost time : 0m:0s:47ms
2024-11-15 10:32:58,126 - fed_utils - INFO - load key [conv2.weight].length : 2400, cost time : 0m:0s:0ms
2024-11-15 10:32:58,126 - fed_utils - INFO - load key [conv2.bias].length : 16, cost time : 0m:0s:0ms
2024-11-15 10:32:58,127 - fed_utils - INFO - load key [fc1.weight].length : 48000, cost time : 0m:0s:1ms
2024-11-15 10:32:58,127 - fed_utils - INFO - load key [fc1.bias].length : 120, cost time : 0m:0s:0ms
2024-11-15 10:32:58,127 - fed_utils - INFO - load key [fc2.weight].length : 10080, cost time : 0m:0s:0ms
2024-11-15 10:32:58,127 - fed_utils - INFO - load key [fc2.bias].length : 84, cost time : 0m:0s:0ms
2024-11-15 10:33:04,985 - fed_utils - INFO - encrypting key [fc3.weight].length : 840, cost time : 0m:6s:857ms
2024-11-15 10:33:05,066 - fed_utils - INFO - encrypting key [fc3.bias].length : 10, cost time : 0m:0s:80ms
2024-11-15 10:33:05,066 - fl_main - INFO - Server receive client_dict[f_00018] info ...
2024-11-15 10:33:05,066 - fl_main - INFO - ----- client id [f_00019] -----
2024-11-15 10:33:05,068 - client_base - INFO - recover model cost time : 0m:0s:0ms
2024-11-15 10:33:05,068 - fl_main - INFO - client_dict[f_00019] training ...
2024-11-15 10:33:05,068 - client_base - INFO - client_dict[f_00019] training epoch : 0
2024-11-15 10:33:05,474 - client_base - INFO - local model train cost time : 0m:0s:405ms
2024-11-15 10:33:05,476 - client_base - INFO - model encode time : 0m:0s:1ms
2024-11-15 10:33:05,476 - fl_main - INFO - client_dict[f_00019] local model encrypting ...
2024-11-15 10:33:06,718 - fed_utils - INFO - encrypting key [conv1.weight].length : 150, cost time : 0m:1s:241ms
2024-11-15 10:33:06,765 - fed_utils - INFO - encrypting key [conv1.bias].length : 6, cost time : 0m:0s:47ms
2024-11-15 10:33:06,766 - fed_utils - INFO - load key [conv2.weight].length : 2400, cost time : 0m:0s:0ms
2024-11-15 10:33:06,766 - fed_utils - INFO - load key [conv2.bias].length : 16, cost time : 0m:0s:0ms
2024-11-15 10:33:06,767 - fed_utils - INFO - load key [fc1.weight].length : 48000, cost time : 0m:0s:1ms
2024-11-15 10:33:06,767 - fed_utils - INFO - load key [fc1.bias].length : 120, cost time : 0m:0s:0ms
2024-11-15 10:33:06,767 - fed_utils - INFO - load key [fc2.weight].length : 10080, cost time : 0m:0s:0ms
2024-11-15 10:33:06,767 - fed_utils - INFO - load key [fc2.bias].length : 84, cost time : 0m:0s:0ms
2024-11-15 10:33:14,011 - fed_utils - INFO - encrypting key [fc3.weight].length : 840, cost time : 0m:7s:243ms
2024-11-15 10:33:14,092 - fed_utils - INFO - encrypting key [fc3.bias].length : 10, cost time : 0m:0s:80ms
2024-11-15 10:33:14,092 - fl_main - INFO - Server receive client_dict[f_00019] info ...
2024-11-15 10:33:14,092 - fl_main - INFO - global aggregation process ...
2024-11-15 10:33:14,093 - fed_utils - INFO - server.n_data : 60000
2024-11-15 10:33:14,093 - fed_utils - INFO - client_dict[f_00000].weight : 0.050000
2024-11-15 10:33:14,093 - fed_utils - INFO - client_dict[f_00001].weight : 0.050000
2024-11-15 10:33:14,093 - fed_utils - INFO - client_dict[f_00002].weight : 0.050000
2024-11-15 10:33:14,093 - fed_utils - INFO - client_dict[f_00003].weight : 0.050000
2024-11-15 10:33:14,093 - fed_utils - INFO - client_dict[f_00004].weight : 0.050000
2024-11-15 10:33:14,093 - fed_utils - INFO - client_dict[f_00005].weight : 0.050000
2024-11-15 10:33:14,093 - fed_utils - INFO - client_dict[f_00006].weight : 0.050000
2024-11-15 10:33:14,093 - fed_utils - INFO - client_dict[f_00007].weight : 0.050000
2024-11-15 10:33:14,093 - fed_utils - INFO - client_dict[f_00008].weight : 0.050000
2024-11-15 10:33:14,093 - fed_utils - INFO - client_dict[f_00009].weight : 0.050000
2024-11-15 10:33:14,093 - fed_utils - INFO - client_dict[f_00010].weight : 0.050000
2024-11-15 10:33:14,093 - fed_utils - INFO - client_dict[f_00011].weight : 0.050000
2024-11-15 10:33:14,093 - fed_utils - INFO - client_dict[f_00012].weight : 0.050000
2024-11-15 10:33:14,093 - fed_utils - INFO - client_dict[f_00013].weight : 0.050000
2024-11-15 10:33:14,093 - fed_utils - INFO - client_dict[f_00014].weight : 0.050000
2024-11-15 10:33:14,093 - fed_utils - INFO - client_dict[f_00015].weight : 0.050000
2024-11-15 10:33:14,093 - fed_utils - INFO - client_dict[f_00016].weight : 0.050000
2024-11-15 10:33:14,093 - fed_utils - INFO - client_dict[f_00017].weight : 0.050000
2024-11-15 10:33:14,093 - fed_utils - INFO - client_dict[f_00018].weight : 0.050000
2024-11-15 10:33:14,093 - fed_utils - INFO - client_dict[f_00019].weight : 0.050000
2024-11-15 10:33:14,093 - fed_utils - INFO - recover secret number by clients: 789319.750000
2024-11-15 10:33:14,093 - server_base - INFO - Server aggregate model with homomorphic encryption ...
2024-11-15 10:33:21,318 - server_base - INFO - Server aggregate model done, cost time : 0m:7s:224ms
2024-11-15 10:33:21,674 - fed_utils - INFO - decrypting key [conv1.weight].shape [torch.Size([6, 1, 5, 5])]
2024-11-15 10:33:21,688 - fed_utils - INFO - decrypting key [conv1.bias].shape [torch.Size([6])]
2024-11-15 10:33:21,688 - fed_utils - INFO - decrypting key [conv2.weight].shape [torch.Size([16, 6, 5, 5])]
2024-11-15 10:33:21,688 - fed_utils - INFO - decrypting key [conv2.bias].shape [torch.Size([16])]
2024-11-15 10:33:21,688 - fed_utils - INFO - decrypting key [fc1.weight].shape [torch.Size([120, 400])]
2024-11-15 10:33:21,688 - fed_utils - INFO - decrypting key [fc1.bias].shape [torch.Size([120])]
2024-11-15 10:33:21,688 - fed_utils - INFO - decrypting key [fc2.weight].shape [torch.Size([84, 120])]
2024-11-15 10:33:21,689 - fed_utils - INFO - decrypting key [fc2.bias].shape [torch.Size([84])]
2024-11-15 10:33:23,630 - fed_utils - INFO - decrypting key [fc3.weight].shape [torch.Size([10, 84])]
2024-11-15 10:33:23,653 - fed_utils - INFO - decrypting key [fc3.bias].shape [torch.Size([10])]
2024-11-15 10:33:23,653 - fed_utils - INFO - decrypt time : [0m:2s:335ms]
2024-11-15 10:33:23,664 - fl_main - INFO - [global round : 5] aggregated model accuracy : 0.3252
2024-11-15 10:33:23,665 - fl_main - INFO - [global round : 5] aggregated model loss : 2.240420642432718
2024-11-15 10:33:23,665 - fl_main - INFO - global round : 6
2024-11-15 10:33:23,665 - fl_main - INFO - the random client id to test accuracy : f_00002
2024-11-15 10:33:23,665 - fl_main - INFO - ----- client id [f_00000] -----
2024-11-15 10:33:23,666 - client_base - INFO - recover model cost time : 0m:0s:0ms
2024-11-15 10:33:23,667 - fl_main - INFO - client_dict[f_00000] training ...
2024-11-15 10:33:23,667 - client_base - INFO - client_dict[f_00000] training epoch : 0
2024-11-15 10:33:24,044 - client_base - INFO - local model train cost time : 0m:0s:376ms
2024-11-15 10:33:24,046 - client_base - INFO - model encode time : 0m:0s:1ms
2024-11-15 10:33:24,046 - fl_main - INFO - client_dict[f_00000] local model encrypting ...
2024-11-15 10:33:25,242 - fed_utils - INFO - encrypting key [conv1.weight].length : 150, cost time : 0m:1s:195ms
2024-11-15 10:33:25,289 - fed_utils - INFO - encrypting key [conv1.bias].length : 6, cost time : 0m:0s:47ms
2024-11-15 10:33:25,289 - fed_utils - INFO - load key [conv2.weight].length : 2400, cost time : 0m:0s:0ms
2024-11-15 10:33:25,289 - fed_utils - INFO - load key [conv2.bias].length : 16, cost time : 0m:0s:0ms
2024-11-15 10:33:25,291 - fed_utils - INFO - load key [fc1.weight].length : 48000, cost time : 0m:0s:1ms
2024-11-15 10:33:25,291 - fed_utils - INFO - load key [fc1.bias].length : 120, cost time : 0m:0s:0ms
2024-11-15 10:33:25,291 - fed_utils - INFO - load key [fc2.weight].length : 10080, cost time : 0m:0s:0ms
2024-11-15 10:33:25,291 - fed_utils - INFO - load key [fc2.bias].length : 84, cost time : 0m:0s:0ms
2024-11-15 10:33:31,970 - fed_utils - INFO - encrypting key [fc3.weight].length : 840, cost time : 0m:6s:678ms
2024-11-15 10:33:32,049 - fed_utils - INFO - encrypting key [fc3.bias].length : 10, cost time : 0m:0s:79ms
2024-11-15 10:33:32,051 - fl_main - INFO - Server receive client_dict[f_00000] info ...
2024-11-15 10:33:32,051 - fl_main - INFO - ----- client id [f_00001] -----
2024-11-15 10:33:32,052 - client_base - INFO - recover model cost time : 0m:0s:0ms
2024-11-15 10:33:32,052 - fl_main - INFO - client_dict[f_00001] training ...
2024-11-15 10:33:32,053 - client_base - INFO - client_dict[f_00001] training epoch : 0
2024-11-15 10:33:32,463 - client_base - INFO - local model train cost time : 0m:0s:410ms
2024-11-15 10:33:32,465 - client_base - INFO - model encode time : 0m:0s:1ms
2024-11-15 10:33:32,465 - fl_main - INFO - client_dict[f_00001] local model encrypting ...
2024-11-15 10:33:33,676 - fed_utils - INFO - encrypting key [conv1.weight].length : 150, cost time : 0m:1s:211ms
2024-11-15 10:33:33,727 - fed_utils - INFO - encrypting key [conv1.bias].length : 6, cost time : 0m:0s:50ms
2024-11-15 10:33:33,727 - fed_utils - INFO - load key [conv2.weight].length : 2400, cost time : 0m:0s:0ms
2024-11-15 10:33:33,727 - fed_utils - INFO - load key [conv2.bias].length : 16, cost time : 0m:0s:0ms
2024-11-15 10:33:33,728 - fed_utils - INFO - load key [fc1.weight].length : 48000, cost time : 0m:0s:1ms
2024-11-15 10:33:33,729 - fed_utils - INFO - load key [fc1.bias].length : 120, cost time : 0m:0s:0ms
2024-11-15 10:33:33,729 - fed_utils - INFO - load key [fc2.weight].length : 10080, cost time : 0m:0s:0ms
2024-11-15 10:33:33,729 - fed_utils - INFO - load key [fc2.bias].length : 84, cost time : 0m:0s:0ms
2024-11-15 10:33:40,818 - fed_utils - INFO - encrypting key [fc3.weight].length : 840, cost time : 0m:7s:88ms
2024-11-15 10:33:40,899 - fed_utils - INFO - encrypting key [fc3.bias].length : 10, cost time : 0m:0s:81ms
2024-11-15 10:33:40,899 - fl_main - INFO - Server receive client_dict[f_00001] info ...
2024-11-15 10:33:40,899 - fl_main - INFO - ----- client id [f_00002] -----
2024-11-15 10:33:40,900 - client_base - INFO - recover model cost time : 0m:0s:0ms
2024-11-15 10:33:41,708 - fl_main - INFO - global round [6] client_dict[f_00002].accuracy : 0.469600
2024-11-15 10:33:41,708 - fl_main - INFO - client_dict[f_00002] training ...
2024-11-15 10:33:41,708 - client_base - INFO - client_dict[f_00002] training epoch : 0
2024-11-15 10:33:42,084 - client_base - INFO - local model train cost time : 0m:0s:375ms
2024-11-15 10:33:42,085 - client_base - INFO - model encode time : 0m:0s:1ms
2024-11-15 10:33:42,086 - fl_main - INFO - client_dict[f_00002] local model encrypting ...
2024-11-15 10:33:43,297 - fed_utils - INFO - encrypting key [conv1.weight].length : 150, cost time : 0m:1s:211ms
2024-11-15 10:33:43,344 - fed_utils - INFO - encrypting key [conv1.bias].length : 6, cost time : 0m:0s:47ms
2024-11-15 10:33:43,345 - fed_utils - INFO - load key [conv2.weight].length : 2400, cost time : 0m:0s:0ms
2024-11-15 10:33:43,345 - fed_utils - INFO - load key [conv2.bias].length : 16, cost time : 0m:0s:0ms
2024-11-15 10:33:43,346 - fed_utils - INFO - load key [fc1.weight].length : 48000, cost time : 0m:0s:0ms
2024-11-15 10:33:43,346 - fed_utils - INFO - load key [fc1.bias].length : 120, cost time : 0m:0s:0ms
2024-11-15 10:33:43,346 - fed_utils - INFO - load key [fc2.weight].length : 10080, cost time : 0m:0s:0ms
2024-11-15 10:33:43,346 - fed_utils - INFO - load key [fc2.bias].length : 84, cost time : 0m:0s:0ms
2024-11-15 10:33:50,021 - fed_utils - INFO - encrypting key [fc3.weight].length : 840, cost time : 0m:6s:674ms
2024-11-15 10:33:50,099 - fed_utils - INFO - encrypting key [fc3.bias].length : 10, cost time : 0m:0s:78ms
2024-11-15 10:33:50,100 - fl_main - INFO - Server receive client_dict[f_00002] info ...
2024-11-15 10:33:50,100 - fl_main - INFO - ----- client id [f_00003] -----
2024-11-15 10:33:50,101 - client_base - INFO - recover model cost time : 0m:0s:0ms
2024-11-15 10:33:50,101 - fl_main - INFO - client_dict[f_00003] training ...
2024-11-15 10:33:50,102 - client_base - INFO - client_dict[f_00003] training epoch : 0
2024-11-15 10:33:50,472 - client_base - INFO - local model train cost time : 0m:0s:370ms
2024-11-15 10:33:50,473 - client_base - INFO - model encode time : 0m:0s:1ms
2024-11-15 10:33:50,474 - fl_main - INFO - client_dict[f_00003] local model encrypting ...
2024-11-15 10:33:51,652 - fed_utils - INFO - encrypting key [conv1.weight].length : 150, cost time : 0m:1s:178ms
2024-11-15 10:33:51,701 - fed_utils - INFO - encrypting key [conv1.bias].length : 6, cost time : 0m:0s:48ms
2024-11-15 10:33:51,701 - fed_utils - INFO - load key [conv2.weight].length : 2400, cost time : 0m:0s:0ms
2024-11-15 10:33:51,701 - fed_utils - INFO - load key [conv2.bias].length : 16, cost time : 0m:0s:0ms
2024-11-15 10:33:51,702 - fed_utils - INFO - load key [fc1.weight].length : 48000, cost time : 0m:0s:0ms
2024-11-15 10:33:51,702 - fed_utils - INFO - load key [fc1.bias].length : 120, cost time : 0m:0s:0ms
2024-11-15 10:33:51,702 - fed_utils - INFO - load key [fc2.weight].length : 10080, cost time : 0m:0s:0ms
2024-11-15 10:33:51,702 - fed_utils - INFO - load key [fc2.bias].length : 84, cost time : 0m:0s:0ms
2024-11-15 10:33:58,351 - fed_utils - INFO - encrypting key [fc3.weight].length : 840, cost time : 0m:6s:648ms
2024-11-15 10:33:58,466 - fed_utils - INFO - encrypting key [fc3.bias].length : 10, cost time : 0m:0s:114ms
2024-11-15 10:33:58,466 - fl_main - INFO - Server receive client_dict[f_00003] info ...
2024-11-15 10:33:58,466 - fl_main - INFO - ----- client id [f_00004] -----
2024-11-15 10:33:58,467 - client_base - INFO - recover model cost time : 0m:0s:0ms
2024-11-15 10:33:58,467 - fl_main - INFO - client_dict[f_00004] training ...
2024-11-15 10:33:58,468 - client_base - INFO - client_dict[f_00004] training epoch : 0
2024-11-15 10:33:58,866 - client_base - INFO - local model train cost time : 0m:0s:398ms
2024-11-15 10:33:58,868 - client_base - INFO - model encode time : 0m:0s:1ms
2024-11-15 10:33:58,868 - fl_main - INFO - client_dict[f_00004] local model encrypting ...
2024-11-15 10:34:00,057 - fed_utils - INFO - encrypting key [conv1.weight].length : 150, cost time : 0m:1s:188ms
2024-11-15 10:34:00,104 - fed_utils - INFO - encrypting key [conv1.bias].length : 6, cost time : 0m:0s:47ms
2024-11-15 10:34:00,105 - fed_utils - INFO - load key [conv2.weight].length : 2400, cost time : 0m:0s:0ms
2024-11-15 10:34:00,105 - fed_utils - INFO - load key [conv2.bias].length : 16, cost time : 0m:0s:0ms
2024-11-15 10:34:00,106 - fed_utils - INFO - load key [fc1.weight].length : 48000, cost time : 0m:0s:0ms
2024-11-15 10:34:00,106 - fed_utils - INFO - load key [fc1.bias].length : 120, cost time : 0m:0s:0ms
2024-11-15 10:34:00,106 - fed_utils - INFO - load key [fc2.weight].length : 10080, cost time : 0m:0s:0ms
2024-11-15 10:34:00,106 - fed_utils - INFO - load key [fc2.bias].length : 84, cost time : 0m:0s:0ms
2024-11-15 10:34:06,819 - fed_utils - INFO - encrypting key [fc3.weight].length : 840, cost time : 0m:6s:712ms
2024-11-15 10:34:06,902 - fed_utils - INFO - encrypting key [fc3.bias].length : 10, cost time : 0m:0s:83ms
2024-11-15 10:34:06,902 - fl_main - INFO - Server receive client_dict[f_00004] info ...
2024-11-15 10:34:06,902 - fl_main - INFO - ----- client id [f_00005] -----
2024-11-15 10:34:06,904 - client_base - INFO - recover model cost time : 0m:0s:0ms
2024-11-15 10:34:06,904 - fl_main - INFO - client_dict[f_00005] training ...
2024-11-15 10:34:06,905 - client_base - INFO - client_dict[f_00005] training epoch : 0
2024-11-15 10:34:07,315 - client_base - INFO - local model train cost time : 0m:0s:410ms
2024-11-15 10:34:07,317 - client_base - INFO - model encode time : 0m:0s:2ms
2024-11-15 10:34:07,318 - fl_main - INFO - client_dict[f_00005] local model encrypting ...
2024-11-15 10:34:08,548 - fed_utils - INFO - encrypting key [conv1.weight].length : 150, cost time : 0m:1s:229ms
2024-11-15 10:34:08,599 - fed_utils - INFO - encrypting key [conv1.bias].length : 6, cost time : 0m:0s:50ms
2024-11-15 10:34:08,599 - fed_utils - INFO - load key [conv2.weight].length : 2400, cost time : 0m:0s:0ms
2024-11-15 10:34:08,599 - fed_utils - INFO - load key [conv2.bias].length : 16, cost time : 0m:0s:0ms
2024-11-15 10:34:08,600 - fed_utils - INFO - load key [fc1.weight].length : 48000, cost time : 0m:0s:0ms
2024-11-15 10:34:08,600 - fed_utils - INFO - load key [fc1.bias].length : 120, cost time : 0m:0s:0ms
2024-11-15 10:34:08,600 - fed_utils - INFO - load key [fc2.weight].length : 10080, cost time : 0m:0s:0ms
2024-11-15 10:34:08,600 - fed_utils - INFO - load key [fc2.bias].length : 84, cost time : 0m:0s:0ms
2024-11-15 10:34:15,521 - fed_utils - INFO - encrypting key [fc3.weight].length : 840, cost time : 0m:6s:920ms
2024-11-15 10:34:15,603 - fed_utils - INFO - encrypting key [fc3.bias].length : 10, cost time : 0m:0s:81ms
2024-11-15 10:34:15,603 - fl_main - INFO - Server receive client_dict[f_00005] info ...
2024-11-15 10:34:15,603 - fl_main - INFO - ----- client id [f_00006] -----
2024-11-15 10:34:15,604 - client_base - INFO - recover model cost time : 0m:0s:0ms
2024-11-15 10:34:15,604 - fl_main - INFO - client_dict[f_00006] training ...
2024-11-15 10:34:15,605 - client_base - INFO - client_dict[f_00006] training epoch : 0
2024-11-15 10:34:15,993 - client_base - INFO - local model train cost time : 0m:0s:387ms
2024-11-15 10:34:15,994 - client_base - INFO - model encode time : 0m:0s:1ms
2024-11-15 10:34:15,994 - fl_main - INFO - client_dict[f_00006] local model encrypting ...
2024-11-15 10:34:17,216 - fed_utils - INFO - encrypting key [conv1.weight].length : 150, cost time : 0m:1s:221ms
2024-11-15 10:34:17,264 - fed_utils - INFO - encrypting key [conv1.bias].length : 6, cost time : 0m:0s:47ms
2024-11-15 10:34:17,264 - fed_utils - INFO - load key [conv2.weight].length : 2400, cost time : 0m:0s:0ms
2024-11-15 10:34:17,264 - fed_utils - INFO - load key [conv2.bias].length : 16, cost time : 0m:0s:0ms
2024-11-15 10:34:17,265 - fed_utils - INFO - load key [fc1.weight].length : 48000, cost time : 0m:0s:0ms
2024-11-15 10:34:17,265 - fed_utils - INFO - load key [fc1.bias].length : 120, cost time : 0m:0s:0ms
2024-11-15 10:34:17,265 - fed_utils - INFO - load key [fc2.weight].length : 10080, cost time : 0m:0s:0ms
2024-11-15 10:34:17,265 - fed_utils - INFO - load key [fc2.bias].length : 84, cost time : 0m:0s:0ms
2024-11-15 10:34:24,550 - fed_utils - INFO - encrypting key [fc3.weight].length : 840, cost time : 0m:7s:284ms
2024-11-15 10:34:24,630 - fed_utils - INFO - encrypting key [fc3.bias].length : 10, cost time : 0m:0s:79ms
2024-11-15 10:34:24,630 - fl_main - INFO - Server receive client_dict[f_00006] info ...
2024-11-15 10:34:24,630 - fl_main - INFO - ----- client id [f_00007] -----
2024-11-15 10:34:24,631 - client_base - INFO - recover model cost time : 0m:0s:0ms
2024-11-15 10:34:24,631 - fl_main - INFO - client_dict[f_00007] training ...
2024-11-15 10:34:24,632 - client_base - INFO - client_dict[f_00007] training epoch : 0
2024-11-15 10:34:25,006 - client_base - INFO - local model train cost time : 0m:0s:374ms
2024-11-15 10:34:25,008 - client_base - INFO - model encode time : 0m:0s:1ms
2024-11-15 10:34:25,008 - fl_main - INFO - client_dict[f_00007] local model encrypting ...
2024-11-15 10:34:26,198 - fed_utils - INFO - encrypting key [conv1.weight].length : 150, cost time : 0m:1s:189ms
2024-11-15 10:34:26,246 - fed_utils - INFO - encrypting key [conv1.bias].length : 6, cost time : 0m:0s:47ms
2024-11-15 10:34:26,246 - fed_utils - INFO - load key [conv2.weight].length : 2400, cost time : 0m:0s:0ms
2024-11-15 10:34:26,246 - fed_utils - INFO - load key [conv2.bias].length : 16, cost time : 0m:0s:0ms
2024-11-15 10:34:26,247 - fed_utils - INFO - load key [fc1.weight].length : 48000, cost time : 0m:0s:0ms
2024-11-15 10:34:26,247 - fed_utils - INFO - load key [fc1.bias].length : 120, cost time : 0m:0s:0ms
2024-11-15 10:34:26,247 - fed_utils - INFO - load key [fc2.weight].length : 10080, cost time : 0m:0s:0ms
2024-11-15 10:34:26,247 - fed_utils - INFO - load key [fc2.bias].length : 84, cost time : 0m:0s:0ms
2024-11-15 10:34:32,912 - fed_utils - INFO - encrypting key [fc3.weight].length : 840, cost time : 0m:6s:664ms
2024-11-15 10:34:32,992 - fed_utils - INFO - encrypting key [fc3.bias].length : 10, cost time : 0m:0s:79ms
2024-11-15 10:34:32,992 - fl_main - INFO - Server receive client_dict[f_00007] info ...
2024-11-15 10:34:32,993 - fl_main - INFO - ----- client id [f_00008] -----
2024-11-15 10:34:32,994 - client_base - INFO - recover model cost time : 0m:0s:0ms
2024-11-15 10:34:32,994 - fl_main - INFO - client_dict[f_00008] training ...
2024-11-15 10:34:32,995 - client_base - INFO - client_dict[f_00008] training epoch : 0
2024-11-15 10:34:33,383 - client_base - INFO - local model train cost time : 0m:0s:388ms
2024-11-15 10:34:33,385 - client_base - INFO - model encode time : 0m:0s:1ms
2024-11-15 10:34:33,385 - fl_main - INFO - client_dict[f_00008] local model encrypting ...
2024-11-15 10:34:34,566 - fed_utils - INFO - encrypting key [conv1.weight].length : 150, cost time : 0m:1s:180ms
2024-11-15 10:34:34,614 - fed_utils - INFO - encrypting key [conv1.bias].length : 6, cost time : 0m:0s:47ms
2024-11-15 10:34:34,614 - fed_utils - INFO - load key [conv2.weight].length : 2400, cost time : 0m:0s:0ms
2024-11-15 10:34:34,614 - fed_utils - INFO - load key [conv2.bias].length : 16, cost time : 0m:0s:0ms
2024-11-15 10:34:34,615 - fed_utils - INFO - load key [fc1.weight].length : 48000, cost time : 0m:0s:0ms
2024-11-15 10:34:34,615 - fed_utils - INFO - load key [fc1.bias].length : 120, cost time : 0m:0s:0ms
2024-11-15 10:34:34,615 - fed_utils - INFO - load key [fc2.weight].length : 10080, cost time : 0m:0s:0ms
2024-11-15 10:34:34,615 - fed_utils - INFO - load key [fc2.bias].length : 84, cost time : 0m:0s:0ms
2024-11-15 10:34:41,250 - fed_utils - INFO - encrypting key [fc3.weight].length : 840, cost time : 0m:6s:634ms
2024-11-15 10:34:41,329 - fed_utils - INFO - encrypting key [fc3.bias].length : 10, cost time : 0m:0s:79ms
2024-11-15 10:34:41,329 - fl_main - INFO - Server receive client_dict[f_00008] info ...
2024-11-15 10:34:41,329 - fl_main - INFO - ----- client id [f_00009] -----
2024-11-15 10:34:41,331 - client_base - INFO - recover model cost time : 0m:0s:0ms
2024-11-15 10:34:41,331 - fl_main - INFO - client_dict[f_00009] training ...
2024-11-15 10:34:41,333 - client_base - INFO - client_dict[f_00009] training epoch : 0
2024-11-15 10:34:41,705 - client_base - INFO - local model train cost time : 0m:0s:371ms
2024-11-15 10:34:41,706 - client_base - INFO - model encode time : 0m:0s:1ms
2024-11-15 10:34:41,707 - fl_main - INFO - client_dict[f_00009] local model encrypting ...
2024-11-15 10:34:42,896 - fed_utils - INFO - encrypting key [conv1.weight].length : 150, cost time : 0m:1s:189ms
2024-11-15 10:34:42,943 - fed_utils - INFO - encrypting key [conv1.bias].length : 6, cost time : 0m:0s:47ms
2024-11-15 10:34:42,943 - fed_utils - INFO - load key [conv2.weight].length : 2400, cost time : 0m:0s:0ms
2024-11-15 10:34:42,944 - fed_utils - INFO - load key [conv2.bias].length : 16, cost time : 0m:0s:0ms
2024-11-15 10:34:42,945 - fed_utils - INFO - load key [fc1.weight].length : 48000, cost time : 0m:0s:0ms
2024-11-15 10:34:42,945 - fed_utils - INFO - load key [fc1.bias].length : 120, cost time : 0m:0s:0ms
2024-11-15 10:34:42,945 - fed_utils - INFO - load key [fc2.weight].length : 10080, cost time : 0m:0s:0ms
2024-11-15 10:34:42,945 - fed_utils - INFO - load key [fc2.bias].length : 84, cost time : 0m:0s:0ms
2024-11-15 10:34:49,565 - fed_utils - INFO - encrypting key [fc3.weight].length : 840, cost time : 0m:6s:620ms
2024-11-15 10:34:49,644 - fed_utils - INFO - encrypting key [fc3.bias].length : 10, cost time : 0m:0s:78ms
2024-11-15 10:34:49,644 - fl_main - INFO - Server receive client_dict[f_00009] info ...
2024-11-15 10:34:49,644 - fl_main - INFO - ----- client id [f_00010] -----
2024-11-15 10:34:49,645 - client_base - INFO - recover model cost time : 0m:0s:0ms
2024-11-15 10:34:49,645 - fl_main - INFO - client_dict[f_00010] training ...
2024-11-15 10:34:49,646 - client_base - INFO - client_dict[f_00010] training epoch : 0
2024-11-15 10:34:50,035 - client_base - INFO - local model train cost time : 0m:0s:388ms
2024-11-15 10:34:50,037 - client_base - INFO - model encode time : 0m:0s:1ms
2024-11-15 10:34:50,037 - fl_main - INFO - client_dict[f_00010] local model encrypting ...
2024-11-15 10:34:51,236 - fed_utils - INFO - encrypting key [conv1.weight].length : 150, cost time : 0m:1s:198ms
2024-11-15 10:34:51,283 - fed_utils - INFO - encrypting key [conv1.bias].length : 6, cost time : 0m:0s:47ms
2024-11-15 10:34:51,283 - fed_utils - INFO - load key [conv2.weight].length : 2400, cost time : 0m:0s:0ms
2024-11-15 10:34:51,283 - fed_utils - INFO - load key [conv2.bias].length : 16, cost time : 0m:0s:0ms
2024-11-15 10:34:51,284 - fed_utils - INFO - load key [fc1.weight].length : 48000, cost time : 0m:0s:0ms
2024-11-15 10:34:51,284 - fed_utils - INFO - load key [fc1.bias].length : 120, cost time : 0m:0s:0ms
2024-11-15 10:34:51,285 - fed_utils - INFO - load key [fc2.weight].length : 10080, cost time : 0m:0s:0ms
2024-11-15 10:34:51,285 - fed_utils - INFO - load key [fc2.bias].length : 84, cost time : 0m:0s:0ms
2024-11-15 10:34:57,933 - fed_utils - INFO - encrypting key [fc3.weight].length : 840, cost time : 0m:6s:648ms
2024-11-15 10:34:58,012 - fed_utils - INFO - encrypting key [fc3.bias].length : 10, cost time : 0m:0s:79ms
2024-11-15 10:34:58,012 - fl_main - INFO - Server receive client_dict[f_00010] info ...
2024-11-15 10:34:58,012 - fl_main - INFO - ----- client id [f_00011] -----
2024-11-15 10:34:58,013 - client_base - INFO - recover model cost time : 0m:0s:0ms
2024-11-15 10:34:58,013 - fl_main - INFO - client_dict[f_00011] training ...
2024-11-15 10:34:58,014 - client_base - INFO - client_dict[f_00011] training epoch : 0
2024-11-15 10:34:58,386 - client_base - INFO - local model train cost time : 0m:0s:371ms
2024-11-15 10:34:58,387 - client_base - INFO - model encode time : 0m:0s:1ms
2024-11-15 10:34:58,387 - fl_main - INFO - client_dict[f_00011] local model encrypting ...
2024-11-15 10:34:59,566 - fed_utils - INFO - encrypting key [conv1.weight].length : 150, cost time : 0m:1s:178ms
2024-11-15 10:34:59,614 - fed_utils - INFO - encrypting key [conv1.bias].length : 6, cost time : 0m:0s:47ms
2024-11-15 10:34:59,614 - fed_utils - INFO - load key [conv2.weight].length : 2400, cost time : 0m:0s:0ms
2024-11-15 10:34:59,614 - fed_utils - INFO - load key [conv2.bias].length : 16, cost time : 0m:0s:0ms
2024-11-15 10:34:59,615 - fed_utils - INFO - load key [fc1.weight].length : 48000, cost time : 0m:0s:0ms
2024-11-15 10:34:59,615 - fed_utils - INFO - load key [fc1.bias].length : 120, cost time : 0m:0s:0ms
2024-11-15 10:34:59,615 - fed_utils - INFO - load key [fc2.weight].length : 10080, cost time : 0m:0s:0ms
2024-11-15 10:34:59,615 - fed_utils - INFO - load key [fc2.bias].length : 84, cost time : 0m:0s:0ms
2024-11-15 10:35:06,304 - fed_utils - INFO - encrypting key [fc3.weight].length : 840, cost time : 0m:6s:689ms
2024-11-15 10:35:06,386 - fed_utils - INFO - encrypting key [fc3.bias].length : 10, cost time : 0m:0s:81ms
2024-11-15 10:35:06,386 - fl_main - INFO - Server receive client_dict[f_00011] info ...
2024-11-15 10:35:06,387 - fl_main - INFO - ----- client id [f_00012] -----
2024-11-15 10:35:06,389 - client_base - INFO - recover model cost time : 0m:0s:0ms
2024-11-15 10:35:06,389 - fl_main - INFO - client_dict[f_00012] training ...
2024-11-15 10:35:06,390 - client_base - INFO - client_dict[f_00012] training epoch : 0
2024-11-15 10:35:06,778 - client_base - INFO - local model train cost time : 0m:0s:387ms
2024-11-15 10:35:06,779 - client_base - INFO - model encode time : 0m:0s:1ms
2024-11-15 10:35:06,779 - fl_main - INFO - client_dict[f_00012] local model encrypting ...
2024-11-15 10:35:07,973 - fed_utils - INFO - encrypting key [conv1.weight].length : 150, cost time : 0m:1s:193ms
2024-11-15 10:35:08,021 - fed_utils - INFO - encrypting key [conv1.bias].length : 6, cost time : 0m:0s:47ms
2024-11-15 10:35:08,021 - fed_utils - INFO - load key [conv2.weight].length : 2400, cost time : 0m:0s:0ms
2024-11-15 10:35:08,021 - fed_utils - INFO - load key [conv2.bias].length : 16, cost time : 0m:0s:0ms
2024-11-15 10:35:08,022 - fed_utils - INFO - load key [fc1.weight].length : 48000, cost time : 0m:0s:0ms
2024-11-15 10:35:08,022 - fed_utils - INFO - load key [fc1.bias].length : 120, cost time : 0m:0s:0ms
2024-11-15 10:35:08,022 - fed_utils - INFO - load key [fc2.weight].length : 10080, cost time : 0m:0s:0ms
2024-11-15 10:35:08,022 - fed_utils - INFO - load key [fc2.bias].length : 84, cost time : 0m:0s:0ms
2024-11-15 10:35:14,691 - fed_utils - INFO - encrypting key [fc3.weight].length : 840, cost time : 0m:6s:669ms
2024-11-15 10:35:14,770 - fed_utils - INFO - encrypting key [fc3.bias].length : 10, cost time : 0m:0s:78ms
2024-11-15 10:35:14,770 - fl_main - INFO - Server receive client_dict[f_00012] info ...
2024-11-15 10:35:14,771 - fl_main - INFO - ----- client id [f_00013] -----
2024-11-15 10:35:14,772 - client_base - INFO - recover model cost time : 0m:0s:0ms
2024-11-15 10:35:14,772 - fl_main - INFO - client_dict[f_00013] training ...
2024-11-15 10:35:14,772 - client_base - INFO - client_dict[f_00013] training epoch : 0
2024-11-15 10:35:15,183 - client_base - INFO - local model train cost time : 0m:0s:410ms
2024-11-15 10:35:15,184 - client_base - INFO - model encode time : 0m:0s:1ms
2024-11-15 10:35:15,185 - fl_main - INFO - client_dict[f_00013] local model encrypting ...
2024-11-15 10:35:16,422 - fed_utils - INFO - encrypting key [conv1.weight].length : 150, cost time : 0m:1s:237ms
2024-11-15 10:35:16,470 - fed_utils - INFO - encrypting key [conv1.bias].length : 6, cost time : 0m:0s:47ms
2024-11-15 10:35:16,470 - fed_utils - INFO - load key [conv2.weight].length : 2400, cost time : 0m:0s:0ms
2024-11-15 10:35:16,470 - fed_utils - INFO - load key [conv2.bias].length : 16, cost time : 0m:0s:0ms
2024-11-15 10:35:16,471 - fed_utils - INFO - load key [fc1.weight].length : 48000, cost time : 0m:0s:1ms
2024-11-15 10:35:16,471 - fed_utils - INFO - load key [fc1.bias].length : 120, cost time : 0m:0s:0ms
2024-11-15 10:35:16,472 - fed_utils - INFO - load key [fc2.weight].length : 10080, cost time : 0m:0s:0ms
2024-11-15 10:35:16,472 - fed_utils - INFO - load key [fc2.bias].length : 84, cost time : 0m:0s:0ms
2024-11-15 10:35:23,188 - fed_utils - INFO - encrypting key [fc3.weight].length : 840, cost time : 0m:6s:716ms
2024-11-15 10:35:23,268 - fed_utils - INFO - encrypting key [fc3.bias].length : 10, cost time : 0m:0s:79ms
2024-11-15 10:35:23,268 - fl_main - INFO - Server receive client_dict[f_00013] info ...
2024-11-15 10:35:23,268 - fl_main - INFO - ----- client id [f_00014] -----
2024-11-15 10:35:23,269 - client_base - INFO - recover model cost time : 0m:0s:0ms
2024-11-15 10:35:23,269 - fl_main - INFO - client_dict[f_00014] training ...
2024-11-15 10:35:23,270 - client_base - INFO - client_dict[f_00014] training epoch : 0
2024-11-15 10:35:23,665 - client_base - INFO - local model train cost time : 0m:0s:394ms
2024-11-15 10:35:23,666 - client_base - INFO - model encode time : 0m:0s:1ms
2024-11-15 10:35:23,666 - fl_main - INFO - client_dict[f_00014] local model encrypting ...
2024-11-15 10:35:25,024 - fed_utils - INFO - encrypting key [conv1.weight].length : 150, cost time : 0m:1s:357ms
2024-11-15 10:35:25,083 - fed_utils - INFO - encrypting key [conv1.bias].length : 6, cost time : 0m:0s:58ms
2024-11-15 10:35:25,083 - fed_utils - INFO - load key [conv2.weight].length : 2400, cost time : 0m:0s:0ms
2024-11-15 10:35:25,083 - fed_utils - INFO - load key [conv2.bias].length : 16, cost time : 0m:0s:0ms
2024-11-15 10:35:25,085 - fed_utils - INFO - load key [fc1.weight].length : 48000, cost time : 0m:0s:1ms
2024-11-15 10:35:25,085 - fed_utils - INFO - load key [fc1.bias].length : 120, cost time : 0m:0s:0ms
2024-11-15 10:35:25,086 - fed_utils - INFO - load key [fc2.weight].length : 10080, cost time : 0m:0s:0ms
2024-11-15 10:35:25,086 - fed_utils - INFO - load key [fc2.bias].length : 84, cost time : 0m:0s:0ms
2024-11-15 10:35:32,429 - fed_utils - INFO - encrypting key [fc3.weight].length : 840, cost time : 0m:7s:342ms
2024-11-15 10:35:32,558 - fed_utils - INFO - encrypting key [fc3.bias].length : 10, cost time : 0m:0s:129ms
2024-11-15 10:35:32,558 - fl_main - INFO - Server receive client_dict[f_00014] info ...
2024-11-15 10:35:32,559 - fl_main - INFO - ----- client id [f_00015] -----
2024-11-15 10:35:32,573 - client_base - INFO - recover model cost time : 0m:0s:7ms
2024-11-15 10:35:32,580 - fl_main - INFO - client_dict[f_00015] training ...
2024-11-15 10:35:32,581 - client_base - INFO - client_dict[f_00015] training epoch : 0
2024-11-15 10:35:33,014 - client_base - INFO - local model train cost time : 0m:0s:432ms
2024-11-15 10:35:33,015 - client_base - INFO - model encode time : 0m:0s:1ms
2024-11-15 10:35:33,016 - fl_main - INFO - client_dict[f_00015] local model encrypting ...
2024-11-15 10:35:34,321 - fed_utils - INFO - encrypting key [conv1.weight].length : 150, cost time : 0m:1s:305ms
2024-11-15 10:35:34,369 - fed_utils - INFO - encrypting key [conv1.bias].length : 6, cost time : 0m:0s:47ms
2024-11-15 10:35:34,369 - fed_utils - INFO - load key [conv2.weight].length : 2400, cost time : 0m:0s:0ms
2024-11-15 10:35:34,369 - fed_utils - INFO - load key [conv2.bias].length : 16, cost time : 0m:0s:0ms
2024-11-15 10:35:34,370 - fed_utils - INFO - load key [fc1.weight].length : 48000, cost time : 0m:0s:1ms
2024-11-15 10:35:34,370 - fed_utils - INFO - load key [fc1.bias].length : 120, cost time : 0m:0s:0ms
2024-11-15 10:35:34,371 - fed_utils - INFO - load key [fc2.weight].length : 10080, cost time : 0m:0s:0ms
2024-11-15 10:35:34,371 - fed_utils - INFO - load key [fc2.bias].length : 84, cost time : 0m:0s:0ms
2024-11-15 10:35:41,014 - fed_utils - INFO - encrypting key [fc3.weight].length : 840, cost time : 0m:6s:643ms
2024-11-15 10:35:41,093 - fed_utils - INFO - encrypting key [fc3.bias].length : 10, cost time : 0m:0s:78ms
2024-11-15 10:35:41,093 - fl_main - INFO - Server receive client_dict[f_00015] info ...
2024-11-15 10:35:41,094 - fl_main - INFO - ----- client id [f_00016] -----
2024-11-15 10:35:41,095 - client_base - INFO - recover model cost time : 0m:0s:0ms
2024-11-15 10:35:41,095 - fl_main - INFO - client_dict[f_00016] training ...
2024-11-15 10:35:41,096 - client_base - INFO - client_dict[f_00016] training epoch : 0
2024-11-15 10:35:41,509 - client_base - INFO - local model train cost time : 0m:0s:412ms
2024-11-15 10:35:41,510 - client_base - INFO - model encode time : 0m:0s:1ms
2024-11-15 10:35:41,510 - fl_main - INFO - client_dict[f_00016] local model encrypting ...
2024-11-15 10:35:42,825 - fed_utils - INFO - encrypting key [conv1.weight].length : 150, cost time : 0m:1s:314ms
2024-11-15 10:35:42,873 - fed_utils - INFO - encrypting key [conv1.bias].length : 6, cost time : 0m:0s:47ms
2024-11-15 10:35:42,873 - fed_utils - INFO - load key [conv2.weight].length : 2400, cost time : 0m:0s:0ms
2024-11-15 10:35:42,873 - fed_utils - INFO - load key [conv2.bias].length : 16, cost time : 0m:0s:0ms
2024-11-15 10:35:42,874 - fed_utils - INFO - load key [fc1.weight].length : 48000, cost time : 0m:0s:1ms
2024-11-15 10:35:42,874 - fed_utils - INFO - load key [fc1.bias].length : 120, cost time : 0m:0s:0ms
2024-11-15 10:35:42,875 - fed_utils - INFO - load key [fc2.weight].length : 10080, cost time : 0m:0s:0ms
2024-11-15 10:35:42,875 - fed_utils - INFO - load key [fc2.bias].length : 84, cost time : 0m:0s:0ms
2024-11-15 10:35:49,785 - fed_utils - INFO - encrypting key [fc3.weight].length : 840, cost time : 0m:6s:910ms
2024-11-15 10:35:49,864 - fed_utils - INFO - encrypting key [fc3.bias].length : 10, cost time : 0m:0s:78ms
2024-11-15 10:35:49,864 - fl_main - INFO - Server receive client_dict[f_00016] info ...
2024-11-15 10:35:49,864 - fl_main - INFO - ----- client id [f_00017] -----
2024-11-15 10:35:49,865 - client_base - INFO - recover model cost time : 0m:0s:0ms
2024-11-15 10:35:49,865 - fl_main - INFO - client_dict[f_00017] training ...
2024-11-15 10:35:49,866 - client_base - INFO - client_dict[f_00017] training epoch : 0
2024-11-15 10:35:50,255 - client_base - INFO - local model train cost time : 0m:0s:389ms
2024-11-15 10:35:50,256 - client_base - INFO - model encode time : 0m:0s:1ms
2024-11-15 10:35:50,257 - fl_main - INFO - client_dict[f_00017] local model encrypting ...
2024-11-15 10:35:51,439 - fed_utils - INFO - encrypting key [conv1.weight].length : 150, cost time : 0m:1s:182ms
2024-11-15 10:35:51,487 - fed_utils - INFO - encrypting key [conv1.bias].length : 6, cost time : 0m:0s:47ms
2024-11-15 10:35:51,487 - fed_utils - INFO - load key [conv2.weight].length : 2400, cost time : 0m:0s:0ms
2024-11-15 10:35:51,487 - fed_utils - INFO - load key [conv2.bias].length : 16, cost time : 0m:0s:0ms
2024-11-15 10:35:51,488 - fed_utils - INFO - load key [fc1.weight].length : 48000, cost time : 0m:0s:1ms
2024-11-15 10:35:51,488 - fed_utils - INFO - load key [fc1.bias].length : 120, cost time : 0m:0s:0ms
2024-11-15 10:35:51,488 - fed_utils - INFO - load key [fc2.weight].length : 10080, cost time : 0m:0s:0ms
2024-11-15 10:35:51,488 - fed_utils - INFO - load key [fc2.bias].length : 84, cost time : 0m:0s:0ms
2024-11-15 10:35:58,153 - fed_utils - INFO - encrypting key [fc3.weight].length : 840, cost time : 0m:6s:664ms
2024-11-15 10:35:58,232 - fed_utils - INFO - encrypting key [fc3.bias].length : 10, cost time : 0m:0s:78ms
2024-11-15 10:35:58,232 - fl_main - INFO - Server receive client_dict[f_00017] info ...
2024-11-15 10:35:58,232 - fl_main - INFO - ----- client id [f_00018] -----
2024-11-15 10:35:58,233 - client_base - INFO - recover model cost time : 0m:0s:0ms
2024-11-15 10:35:58,234 - fl_main - INFO - client_dict[f_00018] training ...
2024-11-15 10:35:58,234 - client_base - INFO - client_dict[f_00018] training epoch : 0
2024-11-15 10:35:58,627 - client_base - INFO - local model train cost time : 0m:0s:392ms
2024-11-15 10:35:58,629 - client_base - INFO - model encode time : 0m:0s:1ms
2024-11-15 10:35:58,629 - fl_main - INFO - client_dict[f_00018] local model encrypting ...
2024-11-15 10:35:59,808 - fed_utils - INFO - encrypting key [conv1.weight].length : 150, cost time : 0m:1s:178ms
2024-11-15 10:35:59,855 - fed_utils - INFO - encrypting key [conv1.bias].length : 6, cost time : 0m:0s:47ms
2024-11-15 10:35:59,855 - fed_utils - INFO - load key [conv2.weight].length : 2400, cost time : 0m:0s:0ms
2024-11-15 10:35:59,855 - fed_utils - INFO - load key [conv2.bias].length : 16, cost time : 0m:0s:0ms
2024-11-15 10:35:59,856 - fed_utils - INFO - load key [fc1.weight].length : 48000, cost time : 0m:0s:1ms
2024-11-15 10:35:59,857 - fed_utils - INFO - load key [fc1.bias].length : 120, cost time : 0m:0s:0ms
2024-11-15 10:35:59,857 - fed_utils - INFO - load key [fc2.weight].length : 10080, cost time : 0m:0s:0ms
2024-11-15 10:35:59,857 - fed_utils - INFO - load key [fc2.bias].length : 84, cost time : 0m:0s:0ms
2024-11-15 10:36:06,459 - fed_utils - INFO - encrypting key [fc3.weight].length : 840, cost time : 0m:6s:601ms
2024-11-15 10:36:06,538 - fed_utils - INFO - encrypting key [fc3.bias].length : 10, cost time : 0m:0s:78ms
2024-11-15 10:36:06,538 - fl_main - INFO - Server receive client_dict[f_00018] info ...
2024-11-15 10:36:06,538 - fl_main - INFO - ----- client id [f_00019] -----
2024-11-15 10:36:06,539 - client_base - INFO - recover model cost time : 0m:0s:0ms
2024-11-15 10:36:06,539 - fl_main - INFO - client_dict[f_00019] training ...
2024-11-15 10:36:06,540 - client_base - INFO - client_dict[f_00019] training epoch : 0
2024-11-15 10:36:06,913 - client_base - INFO - local model train cost time : 0m:0s:373ms
2024-11-15 10:36:06,914 - client_base - INFO - model encode time : 0m:0s:1ms
2024-11-15 10:36:06,915 - fl_main - INFO - client_dict[f_00019] local model encrypting ...
2024-11-15 10:36:08,096 - fed_utils - INFO - encrypting key [conv1.weight].length : 150, cost time : 0m:1s:181ms
2024-11-15 10:36:08,143 - fed_utils - INFO - encrypting key [conv1.bias].length : 6, cost time : 0m:0s:47ms
2024-11-15 10:36:08,143 - fed_utils - INFO - load key [conv2.weight].length : 2400, cost time : 0m:0s:0ms
2024-11-15 10:36:08,143 - fed_utils - INFO - load key [conv2.bias].length : 16, cost time : 0m:0s:0ms
2024-11-15 10:36:08,145 - fed_utils - INFO - load key [fc1.weight].length : 48000, cost time : 0m:0s:1ms
2024-11-15 10:36:08,145 - fed_utils - INFO - load key [fc1.bias].length : 120, cost time : 0m:0s:0ms
2024-11-15 10:36:08,145 - fed_utils - INFO - load key [fc2.weight].length : 10080, cost time : 0m:0s:0ms
2024-11-15 10:36:08,145 - fed_utils - INFO - load key [fc2.bias].length : 84, cost time : 0m:0s:0ms
2024-11-15 10:36:14,751 - fed_utils - INFO - encrypting key [fc3.weight].length : 840, cost time : 0m:6s:605ms
2024-11-15 10:36:14,830 - fed_utils - INFO - encrypting key [fc3.bias].length : 10, cost time : 0m:0s:78ms
2024-11-15 10:36:14,830 - fl_main - INFO - Server receive client_dict[f_00019] info ...
2024-11-15 10:36:14,830 - fl_main - INFO - global aggregation process ...
2024-11-15 10:36:14,831 - fed_utils - INFO - server.n_data : 60000
2024-11-15 10:36:14,831 - fed_utils - INFO - client_dict[f_00000].weight : 0.050000
2024-11-15 10:36:14,831 - fed_utils - INFO - client_dict[f_00001].weight : 0.050000
2024-11-15 10:36:14,831 - fed_utils - INFO - client_dict[f_00002].weight : 0.050000
2024-11-15 10:36:14,831 - fed_utils - INFO - client_dict[f_00003].weight : 0.050000
2024-11-15 10:36:14,831 - fed_utils - INFO - client_dict[f_00004].weight : 0.050000
2024-11-15 10:36:14,831 - fed_utils - INFO - client_dict[f_00005].weight : 0.050000
2024-11-15 10:36:14,831 - fed_utils - INFO - client_dict[f_00006].weight : 0.050000
2024-11-15 10:36:14,831 - fed_utils - INFO - client_dict[f_00007].weight : 0.050000
2024-11-15 10:36:14,831 - fed_utils - INFO - client_dict[f_00008].weight : 0.050000
2024-11-15 10:36:14,831 - fed_utils - INFO - client_dict[f_00009].weight : 0.050000
2024-11-15 10:36:14,831 - fed_utils - INFO - client_dict[f_00010].weight : 0.050000
2024-11-15 10:36:14,831 - fed_utils - INFO - client_dict[f_00011].weight : 0.050000
2024-11-15 10:36:14,831 - fed_utils - INFO - client_dict[f_00012].weight : 0.050000
2024-11-15 10:36:14,831 - fed_utils - INFO - client_dict[f_00013].weight : 0.050000
2024-11-15 10:36:14,831 - fed_utils - INFO - client_dict[f_00014].weight : 0.050000
2024-11-15 10:36:14,831 - fed_utils - INFO - client_dict[f_00015].weight : 0.050000
2024-11-15 10:36:14,831 - fed_utils - INFO - client_dict[f_00016].weight : 0.050000
2024-11-15 10:36:14,831 - fed_utils - INFO - client_dict[f_00017].weight : 0.050000
2024-11-15 10:36:14,831 - fed_utils - INFO - client_dict[f_00018].weight : 0.050000
2024-11-15 10:36:14,831 - fed_utils - INFO - client_dict[f_00019].weight : 0.050000
2024-11-15 10:36:14,831 - fed_utils - INFO - recover secret number by clients: 789319.750000
2024-11-15 10:36:14,831 - server_base - INFO - Server aggregate model with homomorphic encryption ...
2024-11-15 10:36:21,540 - server_base - INFO - Server aggregate model done, cost time : 0m:6s:709ms
2024-11-15 10:36:21,903 - fed_utils - INFO - decrypting key [conv1.weight].shape [torch.Size([6, 1, 5, 5])]
2024-11-15 10:36:21,916 - fed_utils - INFO - decrypting key [conv1.bias].shape [torch.Size([6])]
2024-11-15 10:36:21,916 - fed_utils - INFO - decrypting key [conv2.weight].shape [torch.Size([16, 6, 5, 5])]
2024-11-15 10:36:21,916 - fed_utils - INFO - decrypting key [conv2.bias].shape [torch.Size([16])]
2024-11-15 10:36:21,917 - fed_utils - INFO - decrypting key [fc1.weight].shape [torch.Size([120, 400])]
2024-11-15 10:36:21,917 - fed_utils - INFO - decrypting key [fc1.bias].shape [torch.Size([120])]
2024-11-15 10:36:21,917 - fed_utils - INFO - decrypting key [fc2.weight].shape [torch.Size([84, 120])]
2024-11-15 10:36:21,917 - fed_utils - INFO - decrypting key [fc2.bias].shape [torch.Size([84])]
2024-11-15 10:36:23,839 - fed_utils - INFO - decrypting key [fc3.weight].shape [torch.Size([10, 84])]
2024-11-15 10:36:23,862 - fed_utils - INFO - decrypting key [fc3.bias].shape [torch.Size([10])]
2024-11-15 10:36:23,862 - fed_utils - INFO - decrypt time : [0m:2s:321ms]
2024-11-15 10:36:23,873 - fl_main - INFO - [global round : 6] aggregated model accuracy : 0.4696
2024-11-15 10:36:23,873 - fl_main - INFO - [global round : 6] aggregated model loss : 2.1990752454489653
2024-11-15 10:36:23,874 - fl_main - INFO - global round : 7
2024-11-15 10:36:23,874 - fl_main - INFO - the random client id to test accuracy : f_00010
2024-11-15 10:36:23,874 - fl_main - INFO - ----- client id [f_00000] -----
2024-11-15 10:36:23,875 - client_base - INFO - recover model cost time : 0m:0s:0ms
2024-11-15 10:36:23,875 - fl_main - INFO - client_dict[f_00000] training ...
2024-11-15 10:36:23,876 - client_base - INFO - client_dict[f_00000] training epoch : 0
2024-11-15 10:36:24,262 - client_base - INFO - local model train cost time : 0m:0s:386ms
2024-11-15 10:36:24,264 - client_base - INFO - model encode time : 0m:0s:1ms
2024-11-15 10:36:24,264 - fl_main - INFO - client_dict[f_00000] local model encrypting ...
2024-11-15 10:36:25,452 - fed_utils - INFO - encrypting key [conv1.weight].length : 150, cost time : 0m:1s:188ms
2024-11-15 10:36:25,500 - fed_utils - INFO - encrypting key [conv1.bias].length : 6, cost time : 0m:0s:47ms
2024-11-15 10:36:25,501 - fed_utils - INFO - load key [conv2.weight].length : 2400, cost time : 0m:0s:0ms
2024-11-15 10:36:25,501 - fed_utils - INFO - load key [conv2.bias].length : 16, cost time : 0m:0s:0ms
2024-11-15 10:36:25,502 - fed_utils - INFO - load key [fc1.weight].length : 48000, cost time : 0m:0s:1ms
2024-11-15 10:36:25,502 - fed_utils - INFO - load key [fc1.bias].length : 120, cost time : 0m:0s:0ms
2024-11-15 10:36:25,502 - fed_utils - INFO - load key [fc2.weight].length : 10080, cost time : 0m:0s:0ms
2024-11-15 10:36:25,502 - fed_utils - INFO - load key [fc2.bias].length : 84, cost time : 0m:0s:0ms
2024-11-15 10:36:32,367 - fed_utils - INFO - encrypting key [fc3.weight].length : 840, cost time : 0m:6s:865ms
2024-11-15 10:36:32,446 - fed_utils - INFO - encrypting key [fc3.bias].length : 10, cost time : 0m:0s:78ms
2024-11-15 10:36:32,447 - fl_main - INFO - Server receive client_dict[f_00000] info ...
2024-11-15 10:36:32,447 - fl_main - INFO - ----- client id [f_00001] -----
2024-11-15 10:36:32,449 - client_base - INFO - recover model cost time : 0m:0s:0ms
2024-11-15 10:36:32,449 - fl_main - INFO - client_dict[f_00001] training ...
2024-11-15 10:36:32,449 - client_base - INFO - client_dict[f_00001] training epoch : 0
2024-11-15 10:36:32,836 - client_base - INFO - local model train cost time : 0m:0s:386ms
2024-11-15 10:36:32,837 - client_base - INFO - model encode time : 0m:0s:1ms
2024-11-15 10:36:32,837 - fl_main - INFO - client_dict[f_00001] local model encrypting ...
2024-11-15 10:36:34,020 - fed_utils - INFO - encrypting key [conv1.weight].length : 150, cost time : 0m:1s:182ms
2024-11-15 10:36:34,068 - fed_utils - INFO - encrypting key [conv1.bias].length : 6, cost time : 0m:0s:47ms
2024-11-15 10:36:34,068 - fed_utils - INFO - load key [conv2.weight].length : 2400, cost time : 0m:0s:0ms
2024-11-15 10:36:34,068 - fed_utils - INFO - load key [conv2.bias].length : 16, cost time : 0m:0s:0ms
2024-11-15 10:36:34,069 - fed_utils - INFO - load key [fc1.weight].length : 48000, cost time : 0m:0s:0ms
2024-11-15 10:36:34,069 - fed_utils - INFO - load key [fc1.bias].length : 120, cost time : 0m:0s:0ms
2024-11-15 10:36:34,069 - fed_utils - INFO - load key [fc2.weight].length : 10080, cost time : 0m:0s:0ms
2024-11-15 10:36:34,069 - fed_utils - INFO - load key [fc2.bias].length : 84, cost time : 0m:0s:0ms
2024-11-15 10:36:40,943 - fed_utils - INFO - encrypting key [fc3.weight].length : 840, cost time : 0m:6s:873ms
2024-11-15 10:36:41,028 - fed_utils - INFO - encrypting key [fc3.bias].length : 10, cost time : 0m:0s:84ms
2024-11-15 10:36:41,028 - fl_main - INFO - Server receive client_dict[f_00001] info ...
2024-11-15 10:36:41,028 - fl_main - INFO - ----- client id [f_00002] -----
2024-11-15 10:36:41,029 - client_base - INFO - recover model cost time : 0m:0s:0ms
2024-11-15 10:36:41,030 - fl_main - INFO - client_dict[f_00002] training ...
2024-11-15 10:36:41,030 - client_base - INFO - client_dict[f_00002] training epoch : 0
2024-11-15 10:36:41,424 - client_base - INFO - local model train cost time : 0m:0s:394ms
2024-11-15 10:36:41,427 - client_base - INFO - model encode time : 0m:0s:1ms
2024-11-15 10:36:41,427 - fl_main - INFO - client_dict[f_00002] local model encrypting ...
2024-11-15 10:36:42,644 - fed_utils - INFO - encrypting key [conv1.weight].length : 150, cost time : 0m:1s:216ms
2024-11-15 10:36:42,692 - fed_utils - INFO - encrypting key [conv1.bias].length : 6, cost time : 0m:0s:47ms
2024-11-15 10:36:42,692 - fed_utils - INFO - load key [conv2.weight].length : 2400, cost time : 0m:0s:0ms
2024-11-15 10:36:42,692 - fed_utils - INFO - load key [conv2.bias].length : 16, cost time : 0m:0s:0ms
2024-11-15 10:36:42,693 - fed_utils - INFO - load key [fc1.weight].length : 48000, cost time : 0m:0s:0ms
2024-11-15 10:36:42,693 - fed_utils - INFO - load key [fc1.bias].length : 120, cost time : 0m:0s:0ms
2024-11-15 10:36:42,693 - fed_utils - INFO - load key [fc2.weight].length : 10080, cost time : 0m:0s:0ms
2024-11-15 10:36:42,693 - fed_utils - INFO - load key [fc2.bias].length : 84, cost time : 0m:0s:0ms
2024-11-15 10:36:49,396 - fed_utils - INFO - encrypting key [fc3.weight].length : 840, cost time : 0m:6s:702ms
2024-11-15 10:36:49,475 - fed_utils - INFO - encrypting key [fc3.bias].length : 10, cost time : 0m:0s:79ms
2024-11-15 10:36:49,475 - fl_main - INFO - Server receive client_dict[f_00002] info ...
2024-11-15 10:36:49,476 - fl_main - INFO - ----- client id [f_00003] -----
2024-11-15 10:36:49,477 - client_base - INFO - recover model cost time : 0m:0s:0ms
2024-11-15 10:36:49,477 - fl_main - INFO - client_dict[f_00003] training ...
2024-11-15 10:36:49,478 - client_base - INFO - client_dict[f_00003] training epoch : 0
2024-11-15 10:36:49,849 - client_base - INFO - local model train cost time : 0m:0s:370ms
2024-11-15 10:36:49,850 - client_base - INFO - model encode time : 0m:0s:1ms
2024-11-15 10:36:49,850 - fl_main - INFO - client_dict[f_00003] local model encrypting ...
2024-11-15 10:36:51,031 - fed_utils - INFO - encrypting key [conv1.weight].length : 150, cost time : 0m:1s:180ms
2024-11-15 10:36:51,078 - fed_utils - INFO - encrypting key [conv1.bias].length : 6, cost time : 0m:0s:47ms
2024-11-15 10:36:51,078 - fed_utils - INFO - load key [conv2.weight].length : 2400, cost time : 0m:0s:0ms
2024-11-15 10:36:51,078 - fed_utils - INFO - load key [conv2.bias].length : 16, cost time : 0m:0s:0ms
2024-11-15 10:36:51,079 - fed_utils - INFO - load key [fc1.weight].length : 48000, cost time : 0m:0s:0ms
2024-11-15 10:36:51,079 - fed_utils - INFO - load key [fc1.bias].length : 120, cost time : 0m:0s:0ms
2024-11-15 10:36:51,080 - fed_utils - INFO - load key [fc2.weight].length : 10080, cost time : 0m:0s:0ms
2024-11-15 10:36:51,080 - fed_utils - INFO - load key [fc2.bias].length : 84, cost time : 0m:0s:0ms
2024-11-15 10:36:57,716 - fed_utils - INFO - encrypting key [fc3.weight].length : 840, cost time : 0m:6s:635ms
2024-11-15 10:36:57,794 - fed_utils - INFO - encrypting key [fc3.bias].length : 10, cost time : 0m:0s:78ms
2024-11-15 10:36:57,794 - fl_main - INFO - Server receive client_dict[f_00003] info ...
2024-11-15 10:36:57,795 - fl_main - INFO - ----- client id [f_00004] -----
2024-11-15 10:36:57,796 - client_base - INFO - recover model cost time : 0m:0s:0ms
2024-11-15 10:36:57,796 - fl_main - INFO - client_dict[f_00004] training ...
2024-11-15 10:36:57,797 - client_base - INFO - client_dict[f_00004] training epoch : 0
2024-11-15 10:36:58,185 - client_base - INFO - local model train cost time : 0m:0s:388ms
2024-11-15 10:36:58,186 - client_base - INFO - model encode time : 0m:0s:1ms
2024-11-15 10:36:58,186 - fl_main - INFO - client_dict[f_00004] local model encrypting ...
2024-11-15 10:36:59,407 - fed_utils - INFO - encrypting key [conv1.weight].length : 150, cost time : 0m:1s:221ms
2024-11-15 10:36:59,456 - fed_utils - INFO - encrypting key [conv1.bias].length : 6, cost time : 0m:0s:47ms
2024-11-15 10:36:59,456 - fed_utils - INFO - load key [conv2.weight].length : 2400, cost time : 0m:0s:0ms
2024-11-15 10:36:59,456 - fed_utils - INFO - load key [conv2.bias].length : 16, cost time : 0m:0s:0ms
2024-11-15 10:36:59,457 - fed_utils - INFO - load key [fc1.weight].length : 48000, cost time : 0m:0s:0ms
2024-11-15 10:36:59,457 - fed_utils - INFO - load key [fc1.bias].length : 120, cost time : 0m:0s:0ms
2024-11-15 10:36:59,457 - fed_utils - INFO - load key [fc2.weight].length : 10080, cost time : 0m:0s:0ms
2024-11-15 10:36:59,457 - fed_utils - INFO - load key [fc2.bias].length : 84, cost time : 0m:0s:0ms
2024-11-15 10:37:06,391 - fed_utils - INFO - encrypting key [fc3.weight].length : 840, cost time : 0m:6s:933ms
2024-11-15 10:37:06,474 - fed_utils - INFO - encrypting key [fc3.bias].length : 10, cost time : 0m:0s:82ms
2024-11-15 10:37:06,474 - fl_main - INFO - Server receive client_dict[f_00004] info ...
2024-11-15 10:37:06,474 - fl_main - INFO - ----- client id [f_00005] -----
2024-11-15 10:37:06,476 - client_base - INFO - recover model cost time : 0m:0s:0ms
2024-11-15 10:37:06,476 - fl_main - INFO - client_dict[f_00005] training ...
2024-11-15 10:37:06,479 - client_base - INFO - client_dict[f_00005] training epoch : 0
2024-11-15 10:37:06,889 - client_base - INFO - local model train cost time : 0m:0s:409ms
2024-11-15 10:37:06,890 - client_base - INFO - model encode time : 0m:0s:1ms
2024-11-15 10:37:06,890 - fl_main - INFO - client_dict[f_00005] local model encrypting ...
2024-11-15 10:37:08,091 - fed_utils - INFO - encrypting key [conv1.weight].length : 150, cost time : 0m:1s:200ms
2024-11-15 10:37:08,140 - fed_utils - INFO - encrypting key [conv1.bias].length : 6, cost time : 0m:0s:48ms
2024-11-15 10:37:08,140 - fed_utils - INFO - load key [conv2.weight].length : 2400, cost time : 0m:0s:0ms
2024-11-15 10:37:08,140 - fed_utils - INFO - load key [conv2.bias].length : 16, cost time : 0m:0s:0ms
2024-11-15 10:37:08,141 - fed_utils - INFO - load key [fc1.weight].length : 48000, cost time : 0m:0s:0ms
2024-11-15 10:37:08,141 - fed_utils - INFO - load key [fc1.bias].length : 120, cost time : 0m:0s:0ms
2024-11-15 10:37:08,142 - fed_utils - INFO - load key [fc2.weight].length : 10080, cost time : 0m:0s:0ms
2024-11-15 10:37:08,142 - fed_utils - INFO - load key [fc2.bias].length : 84, cost time : 0m:0s:0ms
2024-11-15 10:37:14,836 - fed_utils - INFO - encrypting key [fc3.weight].length : 840, cost time : 0m:6s:694ms
2024-11-15 10:37:14,918 - fed_utils - INFO - encrypting key [fc3.bias].length : 10, cost time : 0m:0s:82ms
2024-11-15 10:37:14,918 - fl_main - INFO - Server receive client_dict[f_00005] info ...
2024-11-15 10:37:14,919 - fl_main - INFO - ----- client id [f_00006] -----
2024-11-15 10:37:14,920 - client_base - INFO - recover model cost time : 0m:0s:0ms
2024-11-15 10:37:14,920 - fl_main - INFO - client_dict[f_00006] training ...
2024-11-15 10:37:14,921 - client_base - INFO - client_dict[f_00006] training epoch : 0
2024-11-15 10:37:15,332 - client_base - INFO - local model train cost time : 0m:0s:410ms
2024-11-15 10:37:15,333 - client_base - INFO - model encode time : 0m:0s:1ms
2024-11-15 10:37:15,334 - fl_main - INFO - client_dict[f_00006] local model encrypting ...
2024-11-15 10:37:16,532 - fed_utils - INFO - encrypting key [conv1.weight].length : 150, cost time : 0m:1s:197ms
2024-11-15 10:37:16,579 - fed_utils - INFO - encrypting key [conv1.bias].length : 6, cost time : 0m:0s:47ms
2024-11-15 10:37:16,579 - fed_utils - INFO - load key [conv2.weight].length : 2400, cost time : 0m:0s:0ms
2024-11-15 10:37:16,579 - fed_utils - INFO - load key [conv2.bias].length : 16, cost time : 0m:0s:0ms
2024-11-15 10:37:16,580 - fed_utils - INFO - load key [fc1.weight].length : 48000, cost time : 0m:0s:0ms
2024-11-15 10:37:16,580 - fed_utils - INFO - load key [fc1.bias].length : 120, cost time : 0m:0s:0ms
2024-11-15 10:37:16,581 - fed_utils - INFO - load key [fc2.weight].length : 10080, cost time : 0m:0s:0ms
2024-11-15 10:37:16,581 - fed_utils - INFO - load key [fc2.bias].length : 84, cost time : 0m:0s:0ms
2024-11-15 10:37:23,480 - fed_utils - INFO - encrypting key [fc3.weight].length : 840, cost time : 0m:6s:898ms
2024-11-15 10:37:23,561 - fed_utils - INFO - encrypting key [fc3.bias].length : 10, cost time : 0m:0s:81ms
2024-11-15 10:37:23,561 - fl_main - INFO - Server receive client_dict[f_00006] info ...
2024-11-15 10:37:23,561 - fl_main - INFO - ----- client id [f_00007] -----
2024-11-15 10:37:23,563 - client_base - INFO - recover model cost time : 0m:0s:0ms
2024-11-15 10:37:23,563 - fl_main - INFO - client_dict[f_00007] training ...
2024-11-15 10:37:23,564 - client_base - INFO - client_dict[f_00007] training epoch : 0
2024-11-15 10:37:23,983 - client_base - INFO - local model train cost time : 0m:0s:419ms
2024-11-15 10:37:23,985 - client_base - INFO - model encode time : 0m:0s:2ms
2024-11-15 10:37:23,986 - fl_main - INFO - client_dict[f_00007] local model encrypting ...
2024-11-15 10:37:25,282 - fed_utils - INFO - encrypting key [conv1.weight].length : 150, cost time : 0m:1s:295ms
2024-11-15 10:37:25,331 - fed_utils - INFO - encrypting key [conv1.bias].length : 6, cost time : 0m:0s:48ms
2024-11-15 10:37:25,331 - fed_utils - INFO - load key [conv2.weight].length : 2400, cost time : 0m:0s:0ms
2024-11-15 10:37:25,331 - fed_utils - INFO - load key [conv2.bias].length : 16, cost time : 0m:0s:0ms
2024-11-15 10:37:25,332 - fed_utils - INFO - load key [fc1.weight].length : 48000, cost time : 0m:0s:0ms
2024-11-15 10:37:25,332 - fed_utils - INFO - load key [fc1.bias].length : 120, cost time : 0m:0s:0ms
2024-11-15 10:37:25,332 - fed_utils - INFO - load key [fc2.weight].length : 10080, cost time : 0m:0s:0ms
2024-11-15 10:37:25,333 - fed_utils - INFO - load key [fc2.bias].length : 84, cost time : 0m:0s:0ms
2024-11-15 10:37:32,151 - fed_utils - INFO - encrypting key [fc3.weight].length : 840, cost time : 0m:6s:818ms
2024-11-15 10:37:32,230 - fed_utils - INFO - encrypting key [fc3.bias].length : 10, cost time : 0m:0s:79ms
2024-11-15 10:37:32,230 - fl_main - INFO - Server receive client_dict[f_00007] info ...
2024-11-15 10:37:32,230 - fl_main - INFO - ----- client id [f_00008] -----
2024-11-15 10:37:32,232 - client_base - INFO - recover model cost time : 0m:0s:0ms
2024-11-15 10:37:32,232 - fl_main - INFO - client_dict[f_00008] training ...
2024-11-15 10:37:32,233 - client_base - INFO - client_dict[f_00008] training epoch : 0
2024-11-15 10:37:32,597 - client_base - INFO - local model train cost time : 0m:0s:364ms
2024-11-15 10:37:32,598 - client_base - INFO - model encode time : 0m:0s:1ms
2024-11-15 10:37:32,599 - fl_main - INFO - client_dict[f_00008] local model encrypting ...
2024-11-15 10:37:33,783 - fed_utils - INFO - encrypting key [conv1.weight].length : 150, cost time : 0m:1s:184ms
2024-11-15 10:37:33,831 - fed_utils - INFO - encrypting key [conv1.bias].length : 6, cost time : 0m:0s:47ms
2024-11-15 10:37:33,831 - fed_utils - INFO - load key [conv2.weight].length : 2400, cost time : 0m:0s:0ms
2024-11-15 10:37:33,831 - fed_utils - INFO - load key [conv2.bias].length : 16, cost time : 0m:0s:0ms
2024-11-15 10:37:33,832 - fed_utils - INFO - load key [fc1.weight].length : 48000, cost time : 0m:0s:0ms
2024-11-15 10:37:33,832 - fed_utils - INFO - load key [fc1.bias].length : 120, cost time : 0m:0s:0ms
2024-11-15 10:37:33,832 - fed_utils - INFO - load key [fc2.weight].length : 10080, cost time : 0m:0s:0ms
2024-11-15 10:37:33,832 - fed_utils - INFO - load key [fc2.bias].length : 84, cost time : 0m:0s:0ms
2024-11-15 10:37:40,487 - fed_utils - INFO - encrypting key [fc3.weight].length : 840, cost time : 0m:6s:654ms
2024-11-15 10:37:40,566 - fed_utils - INFO - encrypting key [fc3.bias].length : 10, cost time : 0m:0s:78ms
2024-11-15 10:37:40,566 - fl_main - INFO - Server receive client_dict[f_00008] info ...
2024-11-15 10:37:40,566 - fl_main - INFO - ----- client id [f_00009] -----
2024-11-15 10:37:40,568 - client_base - INFO - recover model cost time : 0m:0s:0ms
2024-11-15 10:37:40,568 - fl_main - INFO - client_dict[f_00009] training ...
2024-11-15 10:37:40,568 - client_base - INFO - client_dict[f_00009] training epoch : 0
2024-11-15 10:37:40,945 - client_base - INFO - local model train cost time : 0m:0s:376ms
2024-11-15 10:37:40,946 - client_base - INFO - model encode time : 0m:0s:1ms
2024-11-15 10:37:40,947 - fl_main - INFO - client_dict[f_00009] local model encrypting ...
2024-11-15 10:37:42,135 - fed_utils - INFO - encrypting key [conv1.weight].length : 150, cost time : 0m:1s:188ms
2024-11-15 10:37:42,183 - fed_utils - INFO - encrypting key [conv1.bias].length : 6, cost time : 0m:0s:48ms
2024-11-15 10:37:42,184 - fed_utils - INFO - load key [conv2.weight].length : 2400, cost time : 0m:0s:0ms
2024-11-15 10:37:42,184 - fed_utils - INFO - load key [conv2.bias].length : 16, cost time : 0m:0s:0ms
2024-11-15 10:37:42,185 - fed_utils - INFO - load key [fc1.weight].length : 48000, cost time : 0m:0s:0ms
2024-11-15 10:37:42,185 - fed_utils - INFO - load key [fc1.bias].length : 120, cost time : 0m:0s:0ms
2024-11-15 10:37:42,185 - fed_utils - INFO - load key [fc2.weight].length : 10080, cost time : 0m:0s:0ms
2024-11-15 10:37:42,185 - fed_utils - INFO - load key [fc2.bias].length : 84, cost time : 0m:0s:0ms
2024-11-15 10:37:48,829 - fed_utils - INFO - encrypting key [fc3.weight].length : 840, cost time : 0m:6s:644ms
2024-11-15 10:37:48,908 - fed_utils - INFO - encrypting key [fc3.bias].length : 10, cost time : 0m:0s:78ms
2024-11-15 10:37:48,908 - fl_main - INFO - Server receive client_dict[f_00009] info ...
2024-11-15 10:37:48,908 - fl_main - INFO - ----- client id [f_00010] -----
2024-11-15 10:37:48,909 - client_base - INFO - recover model cost time : 0m:0s:0ms
2024-11-15 10:37:49,704 - fl_main - INFO - global round [7] client_dict[f_00010].accuracy : 0.570200
2024-11-15 10:37:49,705 - fl_main - INFO - client_dict[f_00010] training ...
2024-11-15 10:37:49,705 - client_base - INFO - client_dict[f_00010] training epoch : 0
2024-11-15 10:37:50,108 - client_base - INFO - local model train cost time : 0m:0s:403ms
2024-11-15 10:37:50,109 - client_base - INFO - model encode time : 0m:0s:1ms
2024-11-15 10:37:50,110 - fl_main - INFO - client_dict[f_00010] local model encrypting ...
2024-11-15 10:37:51,296 - fed_utils - INFO - encrypting key [conv1.weight].length : 150, cost time : 0m:1s:186ms
2024-11-15 10:37:51,344 - fed_utils - INFO - encrypting key [conv1.bias].length : 6, cost time : 0m:0s:47ms
2024-11-15 10:37:51,344 - fed_utils - INFO - load key [conv2.weight].length : 2400, cost time : 0m:0s:0ms
2024-11-15 10:37:51,344 - fed_utils - INFO - load key [conv2.bias].length : 16, cost time : 0m:0s:0ms
2024-11-15 10:37:51,345 - fed_utils - INFO - load key [fc1.weight].length : 48000, cost time : 0m:0s:0ms
2024-11-15 10:37:51,345 - fed_utils - INFO - load key [fc1.bias].length : 120, cost time : 0m:0s:0ms
2024-11-15 10:37:51,345 - fed_utils - INFO - load key [fc2.weight].length : 10080, cost time : 0m:0s:0ms
2024-11-15 10:37:51,345 - fed_utils - INFO - load key [fc2.bias].length : 84, cost time : 0m:0s:0ms
2024-11-15 10:37:57,959 - fed_utils - INFO - encrypting key [fc3.weight].length : 840, cost time : 0m:6s:613ms
2024-11-15 10:37:58,038 - fed_utils - INFO - encrypting key [fc3.bias].length : 10, cost time : 0m:0s:78ms
2024-11-15 10:37:58,038 - fl_main - INFO - Server receive client_dict[f_00010] info ...
2024-11-15 10:37:58,038 - fl_main - INFO - ----- client id [f_00011] -----
2024-11-15 10:37:58,039 - client_base - INFO - recover model cost time : 0m:0s:0ms
2024-11-15 10:37:58,039 - fl_main - INFO - client_dict[f_00011] training ...
2024-11-15 10:37:58,040 - client_base - INFO - client_dict[f_00011] training epoch : 0
2024-11-15 10:37:58,460 - client_base - INFO - local model train cost time : 0m:0s:419ms
2024-11-15 10:37:58,461 - client_base - INFO - model encode time : 0m:0s:1ms
2024-11-15 10:37:58,462 - fl_main - INFO - client_dict[f_00011] local model encrypting ...
2024-11-15 10:37:59,641 - fed_utils - INFO - encrypting key [conv1.weight].length : 150, cost time : 0m:1s:179ms
2024-11-15 10:37:59,688 - fed_utils - INFO - encrypting key [conv1.bias].length : 6, cost time : 0m:0s:47ms
2024-11-15 10:37:59,688 - fed_utils - INFO - load key [conv2.weight].length : 2400, cost time : 0m:0s:0ms
2024-11-15 10:37:59,688 - fed_utils - INFO - load key [conv2.bias].length : 16, cost time : 0m:0s:0ms
2024-11-15 10:37:59,689 - fed_utils - INFO - load key [fc1.weight].length : 48000, cost time : 0m:0s:0ms
2024-11-15 10:37:59,689 - fed_utils - INFO - load key [fc1.bias].length : 120, cost time : 0m:0s:0ms
2024-11-15 10:37:59,690 - fed_utils - INFO - load key [fc2.weight].length : 10080, cost time : 0m:0s:0ms
2024-11-15 10:37:59,690 - fed_utils - INFO - load key [fc2.bias].length : 84, cost time : 0m:0s:0ms
2024-11-15 10:38:06,414 - fed_utils - INFO - encrypting key [fc3.weight].length : 840, cost time : 0m:6s:724ms
2024-11-15 10:38:06,494 - fed_utils - INFO - encrypting key [fc3.bias].length : 10, cost time : 0m:0s:79ms
2024-11-15 10:38:06,494 - fl_main - INFO - Server receive client_dict[f_00011] info ...
2024-11-15 10:38:06,494 - fl_main - INFO - ----- client id [f_00012] -----
2024-11-15 10:38:06,496 - client_base - INFO - recover model cost time : 0m:0s:0ms
2024-11-15 10:38:06,496 - fl_main - INFO - client_dict[f_00012] training ...
2024-11-15 10:38:06,496 - client_base - INFO - client_dict[f_00012] training epoch : 0
2024-11-15 10:38:06,866 - client_base - INFO - local model train cost time : 0m:0s:369ms
2024-11-15 10:38:06,868 - client_base - INFO - model encode time : 0m:0s:1ms
2024-11-15 10:38:06,868 - fl_main - INFO - client_dict[f_00012] local model encrypting ...
2024-11-15 10:38:08,131 - fed_utils - INFO - encrypting key [conv1.weight].length : 150, cost time : 0m:1s:262ms
2024-11-15 10:38:08,179 - fed_utils - INFO - encrypting key [conv1.bias].length : 6, cost time : 0m:0s:47ms
2024-11-15 10:38:08,179 - fed_utils - INFO - load key [conv2.weight].length : 2400, cost time : 0m:0s:0ms
2024-11-15 10:38:08,179 - fed_utils - INFO - load key [conv2.bias].length : 16, cost time : 0m:0s:0ms
2024-11-15 10:38:08,180 - fed_utils - INFO - load key [fc1.weight].length : 48000, cost time : 0m:0s:0ms
2024-11-15 10:38:08,180 - fed_utils - INFO - load key [fc1.bias].length : 120, cost time : 0m:0s:0ms
2024-11-15 10:38:08,181 - fed_utils - INFO - load key [fc2.weight].length : 10080, cost time : 0m:0s:0ms
2024-11-15 10:38:08,181 - fed_utils - INFO - load key [fc2.bias].length : 84, cost time : 0m:0s:0ms
2024-11-15 10:38:14,804 - fed_utils - INFO - encrypting key [fc3.weight].length : 840, cost time : 0m:6s:623ms
2024-11-15 10:38:14,883 - fed_utils - INFO - encrypting key [fc3.bias].length : 10, cost time : 0m:0s:78ms
2024-11-15 10:38:14,883 - fl_main - INFO - Server receive client_dict[f_00012] info ...
2024-11-15 10:38:14,883 - fl_main - INFO - ----- client id [f_00013] -----
2024-11-15 10:38:14,884 - client_base - INFO - recover model cost time : 0m:0s:0ms
2024-11-15 10:38:14,884 - fl_main - INFO - client_dict[f_00013] training ...
2024-11-15 10:38:14,885 - client_base - INFO - client_dict[f_00013] training epoch : 0
2024-11-15 10:38:15,272 - client_base - INFO - local model train cost time : 0m:0s:387ms
2024-11-15 10:38:15,273 - client_base - INFO - model encode time : 0m:0s:1ms
2024-11-15 10:38:15,274 - fl_main - INFO - client_dict[f_00013] local model encrypting ...
2024-11-15 10:38:16,455 - fed_utils - INFO - encrypting key [conv1.weight].length : 150, cost time : 0m:1s:181ms
2024-11-15 10:38:16,503 - fed_utils - INFO - encrypting key [conv1.bias].length : 6, cost time : 0m:0s:47ms
2024-11-15 10:38:16,503 - fed_utils - INFO - load key [conv2.weight].length : 2400, cost time : 0m:0s:0ms
2024-11-15 10:38:16,503 - fed_utils - INFO - load key [conv2.bias].length : 16, cost time : 0m:0s:0ms
2024-11-15 10:38:16,504 - fed_utils - INFO - load key [fc1.weight].length : 48000, cost time : 0m:0s:0ms
2024-11-15 10:38:16,504 - fed_utils - INFO - load key [fc1.bias].length : 120, cost time : 0m:0s:0ms
2024-11-15 10:38:16,504 - fed_utils - INFO - load key [fc2.weight].length : 10080, cost time : 0m:0s:0ms
2024-11-15 10:38:16,504 - fed_utils - INFO - load key [fc2.bias].length : 84, cost time : 0m:0s:0ms
2024-11-15 10:38:23,146 - fed_utils - INFO - encrypting key [fc3.weight].length : 840, cost time : 0m:6s:641ms
2024-11-15 10:38:23,225 - fed_utils - INFO - encrypting key [fc3.bias].length : 10, cost time : 0m:0s:78ms
2024-11-15 10:38:23,225 - fl_main - INFO - Server receive client_dict[f_00013] info ...
2024-11-15 10:38:23,226 - fl_main - INFO - ----- client id [f_00014] -----
2024-11-15 10:38:23,227 - client_base - INFO - recover model cost time : 0m:0s:0ms
2024-11-15 10:38:23,227 - fl_main - INFO - client_dict[f_00014] training ...
2024-11-15 10:38:23,228 - client_base - INFO - client_dict[f_00014] training epoch : 0
2024-11-15 10:38:23,601 - client_base - INFO - local model train cost time : 0m:0s:372ms
2024-11-15 10:38:23,602 - client_base - INFO - model encode time : 0m:0s:1ms
2024-11-15 10:38:23,602 - fl_main - INFO - client_dict[f_00014] local model encrypting ...
2024-11-15 10:38:24,782 - fed_utils - INFO - encrypting key [conv1.weight].length : 150, cost time : 0m:1s:179ms
2024-11-15 10:38:24,829 - fed_utils - INFO - encrypting key [conv1.bias].length : 6, cost time : 0m:0s:47ms
2024-11-15 10:38:24,829 - fed_utils - INFO - load key [conv2.weight].length : 2400, cost time : 0m:0s:0ms
2024-11-15 10:38:24,830 - fed_utils - INFO - load key [conv2.bias].length : 16, cost time : 0m:0s:0ms
2024-11-15 10:38:24,831 - fed_utils - INFO - load key [fc1.weight].length : 48000, cost time : 0m:0s:1ms
2024-11-15 10:38:24,831 - fed_utils - INFO - load key [fc1.bias].length : 120, cost time : 0m:0s:0ms
2024-11-15 10:38:24,831 - fed_utils - INFO - load key [fc2.weight].length : 10080, cost time : 0m:0s:0ms
2024-11-15 10:38:24,831 - fed_utils - INFO - load key [fc2.bias].length : 84, cost time : 0m:0s:0ms
2024-11-15 10:38:31,432 - fed_utils - INFO - encrypting key [fc3.weight].length : 840, cost time : 0m:6s:600ms
2024-11-15 10:38:31,511 - fed_utils - INFO - encrypting key [fc3.bias].length : 10, cost time : 0m:0s:78ms
2024-11-15 10:38:31,511 - fl_main - INFO - Server receive client_dict[f_00014] info ...
2024-11-15 10:38:31,511 - fl_main - INFO - ----- client id [f_00015] -----
2024-11-15 10:38:31,514 - client_base - INFO - recover model cost time : 0m:0s:0ms
2024-11-15 10:38:31,514 - fl_main - INFO - client_dict[f_00015] training ...
2024-11-15 10:38:31,515 - client_base - INFO - client_dict[f_00015] training epoch : 0
2024-11-15 10:38:31,888 - client_base - INFO - local model train cost time : 0m:0s:373ms
2024-11-15 10:38:31,889 - client_base - INFO - model encode time : 0m:0s:1ms
2024-11-15 10:38:31,890 - fl_main - INFO - client_dict[f_00015] local model encrypting ...
2024-11-15 10:38:33,070 - fed_utils - INFO - encrypting key [conv1.weight].length : 150, cost time : 0m:1s:180ms
2024-11-15 10:38:33,117 - fed_utils - INFO - encrypting key [conv1.bias].length : 6, cost time : 0m:0s:47ms
2024-11-15 10:38:33,118 - fed_utils - INFO - load key [conv2.weight].length : 2400, cost time : 0m:0s:0ms
2024-11-15 10:38:33,118 - fed_utils - INFO - load key [conv2.bias].length : 16, cost time : 0m:0s:0ms
2024-11-15 10:38:33,119 - fed_utils - INFO - load key [fc1.weight].length : 48000, cost time : 0m:0s:1ms
2024-11-15 10:38:33,119 - fed_utils - INFO - load key [fc1.bias].length : 120, cost time : 0m:0s:0ms
2024-11-15 10:38:33,119 - fed_utils - INFO - load key [fc2.weight].length : 10080, cost time : 0m:0s:0ms
2024-11-15 10:38:33,119 - fed_utils - INFO - load key [fc2.bias].length : 84, cost time : 0m:0s:0ms
2024-11-15 10:38:39,783 - fed_utils - INFO - encrypting key [fc3.weight].length : 840, cost time : 0m:6s:663ms
2024-11-15 10:38:39,862 - fed_utils - INFO - encrypting key [fc3.bias].length : 10, cost time : 0m:0s:78ms
2024-11-15 10:38:39,862 - fl_main - INFO - Server receive client_dict[f_00015] info ...
2024-11-15 10:38:39,862 - fl_main - INFO - ----- client id [f_00016] -----
2024-11-15 10:38:39,863 - client_base - INFO - recover model cost time : 0m:0s:0ms
2024-11-15 10:38:39,864 - fl_main - INFO - client_dict[f_00016] training ...
2024-11-15 10:38:39,864 - client_base - INFO - client_dict[f_00016] training epoch : 0
2024-11-15 10:38:40,226 - client_base - INFO - local model train cost time : 0m:0s:361ms
2024-11-15 10:38:40,227 - client_base - INFO - model encode time : 0m:0s:1ms
2024-11-15 10:38:40,227 - fl_main - INFO - client_dict[f_00016] local model encrypting ...
2024-11-15 10:38:41,406 - fed_utils - INFO - encrypting key [conv1.weight].length : 150, cost time : 0m:1s:178ms
2024-11-15 10:38:41,454 - fed_utils - INFO - encrypting key [conv1.bias].length : 6, cost time : 0m:0s:47ms
2024-11-15 10:38:41,454 - fed_utils - INFO - load key [conv2.weight].length : 2400, cost time : 0m:0s:0ms
2024-11-15 10:38:41,454 - fed_utils - INFO - load key [conv2.bias].length : 16, cost time : 0m:0s:0ms
2024-11-15 10:38:41,455 - fed_utils - INFO - load key [fc1.weight].length : 48000, cost time : 0m:0s:1ms
2024-11-15 10:38:41,455 - fed_utils - INFO - load key [fc1.bias].length : 120, cost time : 0m:0s:0ms
2024-11-15 10:38:41,456 - fed_utils - INFO - load key [fc2.weight].length : 10080, cost time : 0m:0s:0ms
2024-11-15 10:38:41,456 - fed_utils - INFO - load key [fc2.bias].length : 84, cost time : 0m:0s:0ms
2024-11-15 10:38:48,068 - fed_utils - INFO - encrypting key [fc3.weight].length : 840, cost time : 0m:6s:612ms
2024-11-15 10:38:48,148 - fed_utils - INFO - encrypting key [fc3.bias].length : 10, cost time : 0m:0s:80ms
2024-11-15 10:38:48,148 - fl_main - INFO - Server receive client_dict[f_00016] info ...
2024-11-15 10:38:48,148 - fl_main - INFO - ----- client id [f_00017] -----
2024-11-15 10:38:48,150 - client_base - INFO - recover model cost time : 0m:0s:0ms
2024-11-15 10:38:48,150 - fl_main - INFO - client_dict[f_00017] training ...
2024-11-15 10:38:48,151 - client_base - INFO - client_dict[f_00017] training epoch : 0
2024-11-15 10:38:48,540 - client_base - INFO - local model train cost time : 0m:0s:389ms
2024-11-15 10:38:48,542 - client_base - INFO - model encode time : 0m:0s:1ms
2024-11-15 10:38:48,542 - fl_main - INFO - client_dict[f_00017] local model encrypting ...
2024-11-15 10:38:49,729 - fed_utils - INFO - encrypting key [conv1.weight].length : 150, cost time : 0m:1s:187ms
2024-11-15 10:38:49,778 - fed_utils - INFO - encrypting key [conv1.bias].length : 6, cost time : 0m:0s:48ms
2024-11-15 10:38:49,778 - fed_utils - INFO - load key [conv2.weight].length : 2400, cost time : 0m:0s:0ms
2024-11-15 10:38:49,778 - fed_utils - INFO - load key [conv2.bias].length : 16, cost time : 0m:0s:0ms
2024-11-15 10:38:49,779 - fed_utils - INFO - load key [fc1.weight].length : 48000, cost time : 0m:0s:1ms
2024-11-15 10:38:49,780 - fed_utils - INFO - load key [fc1.bias].length : 120, cost time : 0m:0s:0ms
2024-11-15 10:38:49,780 - fed_utils - INFO - load key [fc2.weight].length : 10080, cost time : 0m:0s:0ms
2024-11-15 10:38:49,780 - fed_utils - INFO - load key [fc2.bias].length : 84, cost time : 0m:0s:0ms
2024-11-15 10:38:56,533 - fed_utils - INFO - encrypting key [fc3.weight].length : 840, cost time : 0m:6s:753ms
2024-11-15 10:38:56,613 - fed_utils - INFO - encrypting key [fc3.bias].length : 10, cost time : 0m:0s:79ms
2024-11-15 10:38:56,613 - fl_main - INFO - Server receive client_dict[f_00017] info ...
2024-11-15 10:38:56,613 - fl_main - INFO - ----- client id [f_00018] -----
2024-11-15 10:38:56,614 - client_base - INFO - recover model cost time : 0m:0s:0ms
2024-11-15 10:38:56,614 - fl_main - INFO - client_dict[f_00018] training ...
2024-11-15 10:38:56,615 - client_base - INFO - client_dict[f_00018] training epoch : 0
2024-11-15 10:38:57,133 - client_base - INFO - local model train cost time : 0m:0s:517ms
2024-11-15 10:38:57,134 - client_base - INFO - model encode time : 0m:0s:1ms
2024-11-15 10:38:57,135 - fl_main - INFO - client_dict[f_00018] local model encrypting ...
2024-11-15 10:38:58,334 - fed_utils - INFO - encrypting key [conv1.weight].length : 150, cost time : 0m:1s:199ms
2024-11-15 10:38:58,382 - fed_utils - INFO - encrypting key [conv1.bias].length : 6, cost time : 0m:0s:47ms
2024-11-15 10:38:58,382 - fed_utils - INFO - load key [conv2.weight].length : 2400, cost time : 0m:0s:0ms
2024-11-15 10:38:58,382 - fed_utils - INFO - load key [conv2.bias].length : 16, cost time : 0m:0s:0ms
2024-11-15 10:38:58,383 - fed_utils - INFO - load key [fc1.weight].length : 48000, cost time : 0m:0s:1ms
2024-11-15 10:38:58,383 - fed_utils - INFO - load key [fc1.bias].length : 120, cost time : 0m:0s:0ms
2024-11-15 10:38:58,384 - fed_utils - INFO - load key [fc2.weight].length : 10080, cost time : 0m:0s:0ms
2024-11-15 10:38:58,384 - fed_utils - INFO - load key [fc2.bias].length : 84, cost time : 0m:0s:0ms
2024-11-15 10:39:05,533 - fed_utils - INFO - encrypting key [fc3.weight].length : 840, cost time : 0m:7s:148ms
2024-11-15 10:39:05,614 - fed_utils - INFO - encrypting key [fc3.bias].length : 10, cost time : 0m:0s:81ms
2024-11-15 10:39:05,614 - fl_main - INFO - Server receive client_dict[f_00018] info ...
2024-11-15 10:39:05,614 - fl_main - INFO - ----- client id [f_00019] -----
2024-11-15 10:39:05,616 - client_base - INFO - recover model cost time : 0m:0s:0ms
2024-11-15 10:39:05,616 - fl_main - INFO - client_dict[f_00019] training ...
2024-11-15 10:39:05,616 - client_base - INFO - client_dict[f_00019] training epoch : 0
2024-11-15 10:39:06,004 - client_base - INFO - local model train cost time : 0m:0s:388ms
2024-11-15 10:39:06,006 - client_base - INFO - model encode time : 0m:0s:1ms
2024-11-15 10:39:06,006 - fl_main - INFO - client_dict[f_00019] local model encrypting ...
2024-11-15 10:39:07,187 - fed_utils - INFO - encrypting key [conv1.weight].length : 150, cost time : 0m:1s:180ms
2024-11-15 10:39:07,234 - fed_utils - INFO - encrypting key [conv1.bias].length : 6, cost time : 0m:0s:47ms
2024-11-15 10:39:07,234 - fed_utils - INFO - load key [conv2.weight].length : 2400, cost time : 0m:0s:0ms
2024-11-15 10:39:07,234 - fed_utils - INFO - load key [conv2.bias].length : 16, cost time : 0m:0s:0ms
2024-11-15 10:39:07,236 - fed_utils - INFO - load key [fc1.weight].length : 48000, cost time : 0m:0s:1ms
2024-11-15 10:39:07,236 - fed_utils - INFO - load key [fc1.bias].length : 120, cost time : 0m:0s:0ms
2024-11-15 10:39:07,236 - fed_utils - INFO - load key [fc2.weight].length : 10080, cost time : 0m:0s:0ms
2024-11-15 10:39:07,236 - fed_utils - INFO - load key [fc2.bias].length : 84, cost time : 0m:0s:0ms
2024-11-15 10:39:13,859 - fed_utils - INFO - encrypting key [fc3.weight].length : 840, cost time : 0m:6s:623ms
2024-11-15 10:39:13,938 - fed_utils - INFO - encrypting key [fc3.bias].length : 10, cost time : 0m:0s:78ms
2024-11-15 10:39:13,938 - fl_main - INFO - Server receive client_dict[f_00019] info ...
2024-11-15 10:39:13,939 - fl_main - INFO - global aggregation process ...
2024-11-15 10:39:13,939 - fed_utils - INFO - server.n_data : 60000
2024-11-15 10:39:13,939 - fed_utils - INFO - client_dict[f_00000].weight : 0.050000
2024-11-15 10:39:13,939 - fed_utils - INFO - client_dict[f_00001].weight : 0.050000
2024-11-15 10:39:13,939 - fed_utils - INFO - client_dict[f_00002].weight : 0.050000
2024-11-15 10:39:13,939 - fed_utils - INFO - client_dict[f_00003].weight : 0.050000
2024-11-15 10:39:13,939 - fed_utils - INFO - client_dict[f_00004].weight : 0.050000
2024-11-15 10:39:13,939 - fed_utils - INFO - client_dict[f_00005].weight : 0.050000
2024-11-15 10:39:13,939 - fed_utils - INFO - client_dict[f_00006].weight : 0.050000
2024-11-15 10:39:13,939 - fed_utils - INFO - client_dict[f_00007].weight : 0.050000
2024-11-15 10:39:13,939 - fed_utils - INFO - client_dict[f_00008].weight : 0.050000
2024-11-15 10:39:13,940 - fed_utils - INFO - client_dict[f_00009].weight : 0.050000
2024-11-15 10:39:13,940 - fed_utils - INFO - client_dict[f_00010].weight : 0.050000
2024-11-15 10:39:13,940 - fed_utils - INFO - client_dict[f_00011].weight : 0.050000
2024-11-15 10:39:13,940 - fed_utils - INFO - client_dict[f_00012].weight : 0.050000
2024-11-15 10:39:13,940 - fed_utils - INFO - client_dict[f_00013].weight : 0.050000
2024-11-15 10:39:13,940 - fed_utils - INFO - client_dict[f_00014].weight : 0.050000
2024-11-15 10:39:13,940 - fed_utils - INFO - client_dict[f_00015].weight : 0.050000
2024-11-15 10:39:13,940 - fed_utils - INFO - client_dict[f_00016].weight : 0.050000
2024-11-15 10:39:13,940 - fed_utils - INFO - client_dict[f_00017].weight : 0.050000
2024-11-15 10:39:13,940 - fed_utils - INFO - client_dict[f_00018].weight : 0.050000
2024-11-15 10:39:13,940 - fed_utils - INFO - client_dict[f_00019].weight : 0.050000
2024-11-15 10:39:13,940 - fed_utils - INFO - recover secret number by clients: 789319.750000
2024-11-15 10:39:13,940 - server_base - INFO - Server aggregate model with homomorphic encryption ...
2024-11-15 10:39:21,017 - server_base - INFO - Server aggregate model done, cost time : 0m:7s:76ms
2024-11-15 10:39:21,358 - fed_utils - INFO - decrypting key [conv1.weight].shape [torch.Size([6, 1, 5, 5])]
2024-11-15 10:39:21,371 - fed_utils - INFO - decrypting key [conv1.bias].shape [torch.Size([6])]
2024-11-15 10:39:21,371 - fed_utils - INFO - decrypting key [conv2.weight].shape [torch.Size([16, 6, 5, 5])]
2024-11-15 10:39:21,371 - fed_utils - INFO - decrypting key [conv2.bias].shape [torch.Size([16])]
2024-11-15 10:39:21,372 - fed_utils - INFO - decrypting key [fc1.weight].shape [torch.Size([120, 400])]
2024-11-15 10:39:21,372 - fed_utils - INFO - decrypting key [fc1.bias].shape [torch.Size([120])]
2024-11-15 10:39:21,372 - fed_utils - INFO - decrypting key [fc2.weight].shape [torch.Size([84, 120])]
2024-11-15 10:39:21,372 - fed_utils - INFO - decrypting key [fc2.bias].shape [torch.Size([84])]
2024-11-15 10:39:23,296 - fed_utils - INFO - decrypting key [fc3.weight].shape [torch.Size([10, 84])]
2024-11-15 10:39:23,319 - fed_utils - INFO - decrypting key [fc3.bias].shape [torch.Size([10])]
2024-11-15 10:39:23,319 - fed_utils - INFO - decrypt time : [0m:2s:302ms]
2024-11-15 10:39:23,330 - fl_main - INFO - [global round : 7] aggregated model accuracy : 0.5702
2024-11-15 10:39:23,331 - fl_main - INFO - [global round : 7] aggregated model loss : 2.1327386836678315
2024-11-15 10:39:23,331 - fl_main - INFO - global round : 8
2024-11-15 10:39:23,331 - fl_main - INFO - the random client id to test accuracy : f_00010
2024-11-15 10:39:23,331 - fl_main - INFO - ----- client id [f_00000] -----
2024-11-15 10:39:23,333 - client_base - INFO - recover model cost time : 0m:0s:0ms
2024-11-15 10:39:23,333 - fl_main - INFO - client_dict[f_00000] training ...
2024-11-15 10:39:23,333 - client_base - INFO - client_dict[f_00000] training epoch : 0
2024-11-15 10:39:23,731 - client_base - INFO - local model train cost time : 0m:0s:397ms
2024-11-15 10:39:23,733 - client_base - INFO - model encode time : 0m:0s:1ms
2024-11-15 10:39:23,733 - fl_main - INFO - client_dict[f_00000] local model encrypting ...
2024-11-15 10:39:24,921 - fed_utils - INFO - encrypting key [conv1.weight].length : 150, cost time : 0m:1s:187ms
2024-11-15 10:39:24,969 - fed_utils - INFO - encrypting key [conv1.bias].length : 6, cost time : 0m:0s:47ms
2024-11-15 10:39:24,969 - fed_utils - INFO - load key [conv2.weight].length : 2400, cost time : 0m:0s:0ms
2024-11-15 10:39:24,969 - fed_utils - INFO - load key [conv2.bias].length : 16, cost time : 0m:0s:0ms
2024-11-15 10:39:24,970 - fed_utils - INFO - load key [fc1.weight].length : 48000, cost time : 0m:0s:1ms
2024-11-15 10:39:24,970 - fed_utils - INFO - load key [fc1.bias].length : 120, cost time : 0m:0s:0ms
2024-11-15 10:39:24,970 - fed_utils - INFO - load key [fc2.weight].length : 10080, cost time : 0m:0s:0ms
2024-11-15 10:39:24,970 - fed_utils - INFO - load key [fc2.bias].length : 84, cost time : 0m:0s:0ms
2024-11-15 10:39:31,902 - fed_utils - INFO - encrypting key [fc3.weight].length : 840, cost time : 0m:6s:931ms
2024-11-15 10:39:31,981 - fed_utils - INFO - encrypting key [fc3.bias].length : 10, cost time : 0m:0s:78ms
2024-11-15 10:39:31,982 - fl_main - INFO - Server receive client_dict[f_00000] info ...
2024-11-15 10:39:31,982 - fl_main - INFO - ----- client id [f_00001] -----
2024-11-15 10:39:31,983 - client_base - INFO - recover model cost time : 0m:0s:0ms
2024-11-15 10:39:31,983 - fl_main - INFO - client_dict[f_00001] training ...
2024-11-15 10:39:31,984 - client_base - INFO - client_dict[f_00001] training epoch : 0
2024-11-15 10:39:32,371 - client_base - INFO - local model train cost time : 0m:0s:387ms
2024-11-15 10:39:32,372 - client_base - INFO - model encode time : 0m:0s:1ms
2024-11-15 10:39:32,373 - fl_main - INFO - client_dict[f_00001] local model encrypting ...
2024-11-15 10:39:33,557 - fed_utils - INFO - encrypting key [conv1.weight].length : 150, cost time : 0m:1s:184ms
2024-11-15 10:39:33,604 - fed_utils - INFO - encrypting key [conv1.bias].length : 6, cost time : 0m:0s:47ms
2024-11-15 10:39:33,604 - fed_utils - INFO - load key [conv2.weight].length : 2400, cost time : 0m:0s:0ms
2024-11-15 10:39:33,604 - fed_utils - INFO - load key [conv2.bias].length : 16, cost time : 0m:0s:0ms
2024-11-15 10:39:33,605 - fed_utils - INFO - load key [fc1.weight].length : 48000, cost time : 0m:0s:0ms
2024-11-15 10:39:33,605 - fed_utils - INFO - load key [fc1.bias].length : 120, cost time : 0m:0s:0ms
2024-11-15 10:39:33,606 - fed_utils - INFO - load key [fc2.weight].length : 10080, cost time : 0m:0s:0ms
2024-11-15 10:39:33,606 - fed_utils - INFO - load key [fc2.bias].length : 84, cost time : 0m:0s:0ms
2024-11-15 10:39:40,515 - fed_utils - INFO - encrypting key [fc3.weight].length : 840, cost time : 0m:6s:909ms
2024-11-15 10:39:40,598 - fed_utils - INFO - encrypting key [fc3.bias].length : 10, cost time : 0m:0s:82ms
2024-11-15 10:39:40,598 - fl_main - INFO - Server receive client_dict[f_00001] info ...
2024-11-15 10:39:40,598 - fl_main - INFO - ----- client id [f_00002] -----
2024-11-15 10:39:40,599 - client_base - INFO - recover model cost time : 0m:0s:0ms
2024-11-15 10:39:40,599 - fl_main - INFO - client_dict[f_00002] training ...
2024-11-15 10:39:40,600 - client_base - INFO - client_dict[f_00002] training epoch : 0
2024-11-15 10:39:41,016 - client_base - INFO - local model train cost time : 0m:0s:416ms
2024-11-15 10:39:41,018 - client_base - INFO - model encode time : 0m:0s:1ms
2024-11-15 10:39:41,018 - fl_main - INFO - client_dict[f_00002] local model encrypting ...
2024-11-15 10:39:42,247 - fed_utils - INFO - encrypting key [conv1.weight].length : 150, cost time : 0m:1s:229ms
2024-11-15 10:39:42,327 - fed_utils - INFO - encrypting key [conv1.bias].length : 6, cost time : 0m:0s:78ms
2024-11-15 10:39:42,327 - fed_utils - INFO - load key [conv2.weight].length : 2400, cost time : 0m:0s:0ms
2024-11-15 10:39:42,327 - fed_utils - INFO - load key [conv2.bias].length : 16, cost time : 0m:0s:0ms
2024-11-15 10:39:42,329 - fed_utils - INFO - load key [fc1.weight].length : 48000, cost time : 0m:0s:1ms
2024-11-15 10:39:42,329 - fed_utils - INFO - load key [fc1.bias].length : 120, cost time : 0m:0s:0ms
2024-11-15 10:39:42,329 - fed_utils - INFO - load key [fc2.weight].length : 10080, cost time : 0m:0s:0ms
2024-11-15 10:39:42,329 - fed_utils - INFO - load key [fc2.bias].length : 84, cost time : 0m:0s:0ms
2024-11-15 10:39:49,310 - fed_utils - INFO - encrypting key [fc3.weight].length : 840, cost time : 0m:6s:980ms
2024-11-15 10:39:49,389 - fed_utils - INFO - encrypting key [fc3.bias].length : 10, cost time : 0m:0s:79ms
2024-11-15 10:39:49,389 - fl_main - INFO - Server receive client_dict[f_00002] info ...
2024-11-15 10:39:49,389 - fl_main - INFO - ----- client id [f_00003] -----
2024-11-15 10:39:49,391 - client_base - INFO - recover model cost time : 0m:0s:0ms
2024-11-15 10:39:49,391 - fl_main - INFO - client_dict[f_00003] training ...
2024-11-15 10:39:49,392 - client_base - INFO - client_dict[f_00003] training epoch : 0
2024-11-15 10:39:49,764 - client_base - INFO - local model train cost time : 0m:0s:372ms
2024-11-15 10:39:49,766 - client_base - INFO - model encode time : 0m:0s:1ms
2024-11-15 10:39:49,766 - fl_main - INFO - client_dict[f_00003] local model encrypting ...
2024-11-15 10:39:50,957 - fed_utils - INFO - encrypting key [conv1.weight].length : 150, cost time : 0m:1s:191ms
2024-11-15 10:39:51,005 - fed_utils - INFO - encrypting key [conv1.bias].length : 6, cost time : 0m:0s:47ms
2024-11-15 10:39:51,005 - fed_utils - INFO - load key [conv2.weight].length : 2400, cost time : 0m:0s:0ms
2024-11-15 10:39:51,005 - fed_utils - INFO - load key [conv2.bias].length : 16, cost time : 0m:0s:0ms
2024-11-15 10:39:51,006 - fed_utils - INFO - load key [fc1.weight].length : 48000, cost time : 0m:0s:1ms
2024-11-15 10:39:51,006 - fed_utils - INFO - load key [fc1.bias].length : 120, cost time : 0m:0s:0ms
2024-11-15 10:39:51,007 - fed_utils - INFO - load key [fc2.weight].length : 10080, cost time : 0m:0s:0ms
2024-11-15 10:39:51,007 - fed_utils - INFO - load key [fc2.bias].length : 84, cost time : 0m:0s:0ms
2024-11-15 10:39:57,634 - fed_utils - INFO - encrypting key [fc3.weight].length : 840, cost time : 0m:6s:627ms
2024-11-15 10:39:57,713 - fed_utils - INFO - encrypting key [fc3.bias].length : 10, cost time : 0m:0s:78ms
2024-11-15 10:39:57,713 - fl_main - INFO - Server receive client_dict[f_00003] info ...
2024-11-15 10:39:57,713 - fl_main - INFO - ----- client id [f_00004] -----
2024-11-15 10:39:57,715 - client_base - INFO - recover model cost time : 0m:0s:0ms
2024-11-15 10:39:57,715 - fl_main - INFO - client_dict[f_00004] training ...
2024-11-15 10:39:57,715 - client_base - INFO - client_dict[f_00004] training epoch : 0
2024-11-15 10:39:58,087 - client_base - INFO - local model train cost time : 0m:0s:371ms
2024-11-15 10:39:58,088 - client_base - INFO - model encode time : 0m:0s:1ms
2024-11-15 10:39:58,089 - fl_main - INFO - client_dict[f_00004] local model encrypting ...
2024-11-15 10:39:59,270 - fed_utils - INFO - encrypting key [conv1.weight].length : 150, cost time : 0m:1s:180ms
2024-11-15 10:39:59,317 - fed_utils - INFO - encrypting key [conv1.bias].length : 6, cost time : 0m:0s:47ms
2024-11-15 10:39:59,317 - fed_utils - INFO - load key [conv2.weight].length : 2400, cost time : 0m:0s:0ms
2024-11-15 10:39:59,317 - fed_utils - INFO - load key [conv2.bias].length : 16, cost time : 0m:0s:0ms
2024-11-15 10:39:59,318 - fed_utils - INFO - load key [fc1.weight].length : 48000, cost time : 0m:0s:0ms
2024-11-15 10:39:59,318 - fed_utils - INFO - load key [fc1.bias].length : 120, cost time : 0m:0s:0ms
2024-11-15 10:39:59,319 - fed_utils - INFO - load key [fc2.weight].length : 10080, cost time : 0m:0s:0ms
2024-11-15 10:39:59,319 - fed_utils - INFO - load key [fc2.bias].length : 84, cost time : 0m:0s:0ms
2024-11-15 10:40:06,171 - fed_utils - INFO - encrypting key [fc3.weight].length : 840, cost time : 0m:6s:851ms
2024-11-15 10:40:06,249 - fed_utils - INFO - encrypting key [fc3.bias].length : 10, cost time : 0m:0s:78ms
2024-11-15 10:40:06,249 - fl_main - INFO - Server receive client_dict[f_00004] info ...
2024-11-15 10:40:06,250 - fl_main - INFO - ----- client id [f_00005] -----
2024-11-15 10:40:06,251 - client_base - INFO - recover model cost time : 0m:0s:0ms
2024-11-15 10:40:06,251 - fl_main - INFO - client_dict[f_00005] training ...
2024-11-15 10:40:06,252 - client_base - INFO - client_dict[f_00005] training epoch : 0
2024-11-15 10:40:06,628 - client_base - INFO - local model train cost time : 0m:0s:376ms
2024-11-15 10:40:06,629 - client_base - INFO - model encode time : 0m:0s:1ms
2024-11-15 10:40:06,630 - fl_main - INFO - client_dict[f_00005] local model encrypting ...
2024-11-15 10:40:07,808 - fed_utils - INFO - encrypting key [conv1.weight].length : 150, cost time : 0m:1s:178ms
2024-11-15 10:40:07,856 - fed_utils - INFO - encrypting key [conv1.bias].length : 6, cost time : 0m:0s:47ms
2024-11-15 10:40:07,856 - fed_utils - INFO - load key [conv2.weight].length : 2400, cost time : 0m:0s:0ms
2024-11-15 10:40:07,856 - fed_utils - INFO - load key [conv2.bias].length : 16, cost time : 0m:0s:0ms
2024-11-15 10:40:07,857 - fed_utils - INFO - load key [fc1.weight].length : 48000, cost time : 0m:0s:0ms
2024-11-15 10:40:07,857 - fed_utils - INFO - load key [fc1.bias].length : 120, cost time : 0m:0s:0ms
2024-11-15 10:40:07,857 - fed_utils - INFO - load key [fc2.weight].length : 10080, cost time : 0m:0s:0ms
2024-11-15 10:40:07,857 - fed_utils - INFO - load key [fc2.bias].length : 84, cost time : 0m:0s:0ms
2024-11-15 10:40:14,658 - fed_utils - INFO - encrypting key [fc3.weight].length : 840, cost time : 0m:6s:801ms
2024-11-15 10:40:14,737 - fed_utils - INFO - encrypting key [fc3.bias].length : 10, cost time : 0m:0s:78ms
2024-11-15 10:40:14,737 - fl_main - INFO - Server receive client_dict[f_00005] info ...
2024-11-15 10:40:14,737 - fl_main - INFO - ----- client id [f_00006] -----
2024-11-15 10:40:14,739 - client_base - INFO - recover model cost time : 0m:0s:0ms
2024-11-15 10:40:14,739 - fl_main - INFO - client_dict[f_00006] training ...
2024-11-15 10:40:14,739 - client_base - INFO - client_dict[f_00006] training epoch : 0
2024-11-15 10:40:15,135 - client_base - INFO - local model train cost time : 0m:0s:395ms
2024-11-15 10:40:15,137 - client_base - INFO - model encode time : 0m:0s:1ms
2024-11-15 10:40:15,137 - fl_main - INFO - client_dict[f_00006] local model encrypting ...
2024-11-15 10:40:16,442 - fed_utils - INFO - encrypting key [conv1.weight].length : 150, cost time : 0m:1s:305ms
2024-11-15 10:40:16,491 - fed_utils - INFO - encrypting key [conv1.bias].length : 6, cost time : 0m:0s:48ms
2024-11-15 10:40:16,491 - fed_utils - INFO - load key [conv2.weight].length : 2400, cost time : 0m:0s:0ms
2024-11-15 10:40:16,491 - fed_utils - INFO - load key [conv2.bias].length : 16, cost time : 0m:0s:0ms
2024-11-15 10:40:16,492 - fed_utils - INFO - load key [fc1.weight].length : 48000, cost time : 0m:0s:0ms
2024-11-15 10:40:16,492 - fed_utils - INFO - load key [fc1.bias].length : 120, cost time : 0m:0s:0ms
2024-11-15 10:40:16,493 - fed_utils - INFO - load key [fc2.weight].length : 10080, cost time : 0m:0s:0ms
2024-11-15 10:40:16,493 - fed_utils - INFO - load key [fc2.bias].length : 84, cost time : 0m:0s:0ms
2024-11-15 10:40:23,350 - fed_utils - INFO - encrypting key [fc3.weight].length : 840, cost time : 0m:6s:857ms
2024-11-15 10:40:23,429 - fed_utils - INFO - encrypting key [fc3.bias].length : 10, cost time : 0m:0s:78ms
2024-11-15 10:40:23,430 - fl_main - INFO - Server receive client_dict[f_00006] info ...
2024-11-15 10:40:23,430 - fl_main - INFO - ----- client id [f_00007] -----
2024-11-15 10:40:23,431 - client_base - INFO - recover model cost time : 0m:0s:0ms
2024-11-15 10:40:23,431 - fl_main - INFO - client_dict[f_00007] training ...
2024-11-15 10:40:23,432 - client_base - INFO - client_dict[f_00007] training epoch : 0
2024-11-15 10:40:23,836 - client_base - INFO - local model train cost time : 0m:0s:403ms
2024-11-15 10:40:23,839 - client_base - INFO - model encode time : 0m:0s:2ms
2024-11-15 10:40:23,839 - fl_main - INFO - client_dict[f_00007] local model encrypting ...
2024-11-15 10:40:25,028 - fed_utils - INFO - encrypting key [conv1.weight].length : 150, cost time : 0m:1s:188ms
2024-11-15 10:40:25,078 - fed_utils - INFO - encrypting key [conv1.bias].length : 6, cost time : 0m:0s:50ms
2024-11-15 10:40:25,078 - fed_utils - INFO - load key [conv2.weight].length : 2400, cost time : 0m:0s:0ms
2024-11-15 10:40:25,078 - fed_utils - INFO - load key [conv2.bias].length : 16, cost time : 0m:0s:0ms
2024-11-15 10:40:25,079 - fed_utils - INFO - load key [fc1.weight].length : 48000, cost time : 0m:0s:0ms
2024-11-15 10:40:25,079 - fed_utils - INFO - load key [fc1.bias].length : 120, cost time : 0m:0s:0ms
2024-11-15 10:40:25,079 - fed_utils - INFO - load key [fc2.weight].length : 10080, cost time : 0m:0s:0ms
2024-11-15 10:40:25,079 - fed_utils - INFO - load key [fc2.bias].length : 84, cost time : 0m:0s:0ms
2024-11-15 10:40:31,896 - fed_utils - INFO - encrypting key [fc3.weight].length : 840, cost time : 0m:6s:816ms
2024-11-15 10:40:31,976 - fed_utils - INFO - encrypting key [fc3.bias].length : 10, cost time : 0m:0s:80ms
2024-11-15 10:40:31,976 - fl_main - INFO - Server receive client_dict[f_00007] info ...
2024-11-15 10:40:31,976 - fl_main - INFO - ----- client id [f_00008] -----
2024-11-15 10:40:31,977 - client_base - INFO - recover model cost time : 0m:0s:0ms
2024-11-15 10:40:31,978 - fl_main - INFO - client_dict[f_00008] training ...
2024-11-15 10:40:31,978 - client_base - INFO - client_dict[f_00008] training epoch : 0
2024-11-15 10:40:32,397 - client_base - INFO - local model train cost time : 0m:0s:418ms
2024-11-15 10:40:32,399 - client_base - INFO - model encode time : 0m:0s:1ms
2024-11-15 10:40:32,399 - fl_main - INFO - client_dict[f_00008] local model encrypting ...
2024-11-15 10:40:33,748 - fed_utils - INFO - encrypting key [conv1.weight].length : 150, cost time : 0m:1s:349ms
2024-11-15 10:40:33,800 - fed_utils - INFO - encrypting key [conv1.bias].length : 6, cost time : 0m:0s:51ms
2024-11-15 10:40:33,800 - fed_utils - INFO - load key [conv2.weight].length : 2400, cost time : 0m:0s:0ms
2024-11-15 10:40:33,800 - fed_utils - INFO - load key [conv2.bias].length : 16, cost time : 0m:0s:0ms
2024-11-15 10:40:33,801 - fed_utils - INFO - load key [fc1.weight].length : 48000, cost time : 0m:0s:0ms
2024-11-15 10:40:33,801 - fed_utils - INFO - load key [fc1.bias].length : 120, cost time : 0m:0s:0ms
2024-11-15 10:40:33,801 - fed_utils - INFO - load key [fc2.weight].length : 10080, cost time : 0m:0s:0ms
2024-11-15 10:40:33,801 - fed_utils - INFO - load key [fc2.bias].length : 84, cost time : 0m:0s:0ms
2024-11-15 10:40:40,996 - fed_utils - INFO - encrypting key [fc3.weight].length : 840, cost time : 0m:7s:194ms
2024-11-15 10:40:41,075 - fed_utils - INFO - encrypting key [fc3.bias].length : 10, cost time : 0m:0s:78ms
2024-11-15 10:40:41,075 - fl_main - INFO - Server receive client_dict[f_00008] info ...
2024-11-15 10:40:41,075 - fl_main - INFO - ----- client id [f_00009] -----
2024-11-15 10:40:41,076 - client_base - INFO - recover model cost time : 0m:0s:0ms
2024-11-15 10:40:41,076 - fl_main - INFO - client_dict[f_00009] training ...
2024-11-15 10:40:41,077 - client_base - INFO - client_dict[f_00009] training epoch : 0
2024-11-15 10:40:41,475 - client_base - INFO - local model train cost time : 0m:0s:398ms
2024-11-15 10:40:41,478 - client_base - INFO - model encode time : 0m:0s:2ms
2024-11-15 10:40:41,478 - fl_main - INFO - client_dict[f_00009] local model encrypting ...
2024-11-15 10:40:42,763 - fed_utils - INFO - encrypting key [conv1.weight].length : 150, cost time : 0m:1s:285ms
2024-11-15 10:40:42,811 - fed_utils - INFO - encrypting key [conv1.bias].length : 6, cost time : 0m:0s:47ms
2024-11-15 10:40:42,811 - fed_utils - INFO - load key [conv2.weight].length : 2400, cost time : 0m:0s:0ms
2024-11-15 10:40:42,811 - fed_utils - INFO - load key [conv2.bias].length : 16, cost time : 0m:0s:0ms
2024-11-15 10:40:42,812 - fed_utils - INFO - load key [fc1.weight].length : 48000, cost time : 0m:0s:0ms
2024-11-15 10:40:42,812 - fed_utils - INFO - load key [fc1.bias].length : 120, cost time : 0m:0s:0ms
2024-11-15 10:40:42,812 - fed_utils - INFO - load key [fc2.weight].length : 10080, cost time : 0m:0s:0ms
2024-11-15 10:40:42,812 - fed_utils - INFO - load key [fc2.bias].length : 84, cost time : 0m:0s:0ms
2024-11-15 10:40:49,657 - fed_utils - INFO - encrypting key [fc3.weight].length : 840, cost time : 0m:6s:845ms
2024-11-15 10:40:49,738 - fed_utils - INFO - encrypting key [fc3.bias].length : 10, cost time : 0m:0s:80ms
2024-11-15 10:40:49,738 - fl_main - INFO - Server receive client_dict[f_00009] info ...
2024-11-15 10:40:49,738 - fl_main - INFO - ----- client id [f_00010] -----
2024-11-15 10:40:49,740 - client_base - INFO - recover model cost time : 0m:0s:0ms
2024-11-15 10:40:50,563 - fl_main - INFO - global round [8] client_dict[f_00010].accuracy : 0.581000
2024-11-15 10:40:50,564 - fl_main - INFO - client_dict[f_00010] training ...
2024-11-15 10:40:50,564 - client_base - INFO - client_dict[f_00010] training epoch : 0
2024-11-15 10:40:50,946 - client_base - INFO - local model train cost time : 0m:0s:382ms
2024-11-15 10:40:50,948 - client_base - INFO - model encode time : 0m:0s:1ms
2024-11-15 10:40:50,948 - fl_main - INFO - client_dict[f_00010] local model encrypting ...
2024-11-15 10:40:52,128 - fed_utils - INFO - encrypting key [conv1.weight].length : 150, cost time : 0m:1s:179ms
2024-11-15 10:40:52,177 - fed_utils - INFO - encrypting key [conv1.bias].length : 6, cost time : 0m:0s:49ms
2024-11-15 10:40:52,178 - fed_utils - INFO - load key [conv2.weight].length : 2400, cost time : 0m:0s:0ms
2024-11-15 10:40:52,178 - fed_utils - INFO - load key [conv2.bias].length : 16, cost time : 0m:0s:0ms
2024-11-15 10:40:52,179 - fed_utils - INFO - load key [fc1.weight].length : 48000, cost time : 0m:0s:0ms
2024-11-15 10:40:52,179 - fed_utils - INFO - load key [fc1.bias].length : 120, cost time : 0m:0s:0ms
2024-11-15 10:40:52,179 - fed_utils - INFO - load key [fc2.weight].length : 10080, cost time : 0m:0s:0ms
2024-11-15 10:40:52,179 - fed_utils - INFO - load key [fc2.bias].length : 84, cost time : 0m:0s:0ms
2024-11-15 10:40:58,803 - fed_utils - INFO - encrypting key [fc3.weight].length : 840, cost time : 0m:6s:623ms
2024-11-15 10:40:58,882 - fed_utils - INFO - encrypting key [fc3.bias].length : 10, cost time : 0m:0s:78ms
2024-11-15 10:40:58,882 - fl_main - INFO - Server receive client_dict[f_00010] info ...
2024-11-15 10:40:58,882 - fl_main - INFO - ----- client id [f_00011] -----
2024-11-15 10:40:58,883 - client_base - INFO - recover model cost time : 0m:0s:0ms
2024-11-15 10:40:58,883 - fl_main - INFO - client_dict[f_00011] training ...
2024-11-15 10:40:58,884 - client_base - INFO - client_dict[f_00011] training epoch : 0
2024-11-15 10:40:59,260 - client_base - INFO - local model train cost time : 0m:0s:375ms
2024-11-15 10:40:59,261 - client_base - INFO - model encode time : 0m:0s:1ms
2024-11-15 10:40:59,261 - fl_main - INFO - client_dict[f_00011] local model encrypting ...
2024-11-15 10:41:00,440 - fed_utils - INFO - encrypting key [conv1.weight].length : 150, cost time : 0m:1s:178ms
2024-11-15 10:41:00,488 - fed_utils - INFO - encrypting key [conv1.bias].length : 6, cost time : 0m:0s:47ms
2024-11-15 10:41:00,488 - fed_utils - INFO - load key [conv2.weight].length : 2400, cost time : 0m:0s:0ms
2024-11-15 10:41:00,488 - fed_utils - INFO - load key [conv2.bias].length : 16, cost time : 0m:0s:0ms
2024-11-15 10:41:00,489 - fed_utils - INFO - load key [fc1.weight].length : 48000, cost time : 0m:0s:0ms
2024-11-15 10:41:00,489 - fed_utils - INFO - load key [fc1.bias].length : 120, cost time : 0m:0s:0ms
2024-11-15 10:41:00,489 - fed_utils - INFO - load key [fc2.weight].length : 10080, cost time : 0m:0s:0ms
2024-11-15 10:41:00,489 - fed_utils - INFO - load key [fc2.bias].length : 84, cost time : 0m:0s:0ms
2024-11-15 10:41:07,152 - fed_utils - INFO - encrypting key [fc3.weight].length : 840, cost time : 0m:6s:663ms
2024-11-15 10:41:07,231 - fed_utils - INFO - encrypting key [fc3.bias].length : 10, cost time : 0m:0s:78ms
2024-11-15 10:41:07,231 - fl_main - INFO - Server receive client_dict[f_00011] info ...
2024-11-15 10:41:07,231 - fl_main - INFO - ----- client id [f_00012] -----
2024-11-15 10:41:07,233 - client_base - INFO - recover model cost time : 0m:0s:0ms
2024-11-15 10:41:07,233 - fl_main - INFO - client_dict[f_00012] training ...
2024-11-15 10:41:07,234 - client_base - INFO - client_dict[f_00012] training epoch : 0
2024-11-15 10:41:07,622 - client_base - INFO - local model train cost time : 0m:0s:388ms
2024-11-15 10:41:07,624 - client_base - INFO - model encode time : 0m:0s:1ms
2024-11-15 10:41:07,624 - fl_main - INFO - client_dict[f_00012] local model encrypting ...
2024-11-15 10:41:08,816 - fed_utils - INFO - encrypting key [conv1.weight].length : 150, cost time : 0m:1s:192ms
2024-11-15 10:41:08,864 - fed_utils - INFO - encrypting key [conv1.bias].length : 6, cost time : 0m:0s:47ms
2024-11-15 10:41:08,864 - fed_utils - INFO - load key [conv2.weight].length : 2400, cost time : 0m:0s:0ms
2024-11-15 10:41:08,864 - fed_utils - INFO - load key [conv2.bias].length : 16, cost time : 0m:0s:0ms
2024-11-15 10:41:08,865 - fed_utils - INFO - load key [fc1.weight].length : 48000, cost time : 0m:0s:0ms
2024-11-15 10:41:08,865 - fed_utils - INFO - load key [fc1.bias].length : 120, cost time : 0m:0s:0ms
2024-11-15 10:41:08,866 - fed_utils - INFO - load key [fc2.weight].length : 10080, cost time : 0m:0s:0ms
2024-11-15 10:41:08,866 - fed_utils - INFO - load key [fc2.bias].length : 84, cost time : 0m:0s:0ms
2024-11-15 10:41:15,758 - fed_utils - INFO - encrypting key [fc3.weight].length : 840, cost time : 0m:6s:892ms
2024-11-15 10:41:15,837 - fed_utils - INFO - encrypting key [fc3.bias].length : 10, cost time : 0m:0s:78ms
2024-11-15 10:41:15,837 - fl_main - INFO - Server receive client_dict[f_00012] info ...
2024-11-15 10:41:15,837 - fl_main - INFO - ----- client id [f_00013] -----
2024-11-15 10:41:15,839 - client_base - INFO - recover model cost time : 0m:0s:0ms
2024-11-15 10:41:15,839 - fl_main - INFO - client_dict[f_00013] training ...
2024-11-15 10:41:15,839 - client_base - INFO - client_dict[f_00013] training epoch : 0
2024-11-15 10:41:16,217 - client_base - INFO - local model train cost time : 0m:0s:377ms
2024-11-15 10:41:16,218 - client_base - INFO - model encode time : 0m:0s:1ms
2024-11-15 10:41:16,218 - fl_main - INFO - client_dict[f_00013] local model encrypting ...
2024-11-15 10:41:17,398 - fed_utils - INFO - encrypting key [conv1.weight].length : 150, cost time : 0m:1s:179ms
2024-11-15 10:41:17,445 - fed_utils - INFO - encrypting key [conv1.bias].length : 6, cost time : 0m:0s:47ms
2024-11-15 10:41:17,445 - fed_utils - INFO - load key [conv2.weight].length : 2400, cost time : 0m:0s:0ms
2024-11-15 10:41:17,446 - fed_utils - INFO - load key [conv2.bias].length : 16, cost time : 0m:0s:0ms
2024-11-15 10:41:17,447 - fed_utils - INFO - load key [fc1.weight].length : 48000, cost time : 0m:0s:0ms
2024-11-15 10:41:17,447 - fed_utils - INFO - load key [fc1.bias].length : 120, cost time : 0m:0s:0ms
2024-11-15 10:41:17,447 - fed_utils - INFO - load key [fc2.weight].length : 10080, cost time : 0m:0s:0ms
2024-11-15 10:41:17,447 - fed_utils - INFO - load key [fc2.bias].length : 84, cost time : 0m:0s:0ms
2024-11-15 10:41:24,202 - fed_utils - INFO - encrypting key [fc3.weight].length : 840, cost time : 0m:6s:754ms
2024-11-15 10:41:24,281 - fed_utils - INFO - encrypting key [fc3.bias].length : 10, cost time : 0m:0s:78ms
2024-11-15 10:41:24,281 - fl_main - INFO - Server receive client_dict[f_00013] info ...
2024-11-15 10:41:24,281 - fl_main - INFO - ----- client id [f_00014] -----
2024-11-15 10:41:24,282 - client_base - INFO - recover model cost time : 0m:0s:0ms
2024-11-15 10:41:24,282 - fl_main - INFO - client_dict[f_00014] training ...
2024-11-15 10:41:24,283 - client_base - INFO - client_dict[f_00014] training epoch : 0
2024-11-15 10:41:24,794 - client_base - INFO - local model train cost time : 0m:0s:511ms
2024-11-15 10:41:24,796 - client_base - INFO - model encode time : 0m:0s:1ms
2024-11-15 10:41:24,796 - fl_main - INFO - client_dict[f_00014] local model encrypting ...
2024-11-15 10:41:25,988 - fed_utils - INFO - encrypting key [conv1.weight].length : 150, cost time : 0m:1s:191ms
2024-11-15 10:41:26,036 - fed_utils - INFO - encrypting key [conv1.bias].length : 6, cost time : 0m:0s:47ms
2024-11-15 10:41:26,036 - fed_utils - INFO - load key [conv2.weight].length : 2400, cost time : 0m:0s:0ms
2024-11-15 10:41:26,036 - fed_utils - INFO - load key [conv2.bias].length : 16, cost time : 0m:0s:0ms
2024-11-15 10:41:26,037 - fed_utils - INFO - load key [fc1.weight].length : 48000, cost time : 0m:0s:1ms
2024-11-15 10:41:26,038 - fed_utils - INFO - load key [fc1.bias].length : 120, cost time : 0m:0s:0ms
2024-11-15 10:41:26,038 - fed_utils - INFO - load key [fc2.weight].length : 10080, cost time : 0m:0s:0ms
2024-11-15 10:41:26,038 - fed_utils - INFO - load key [fc2.bias].length : 84, cost time : 0m:0s:0ms
2024-11-15 10:41:32,644 - fed_utils - INFO - encrypting key [fc3.weight].length : 840, cost time : 0m:6s:605ms
2024-11-15 10:41:32,723 - fed_utils - INFO - encrypting key [fc3.bias].length : 10, cost time : 0m:0s:78ms
2024-11-15 10:41:32,723 - fl_main - INFO - Server receive client_dict[f_00014] info ...
2024-11-15 10:41:32,723 - fl_main - INFO - ----- client id [f_00015] -----
2024-11-15 10:41:32,724 - client_base - INFO - recover model cost time : 0m:0s:0ms
2024-11-15 10:41:32,724 - fl_main - INFO - client_dict[f_00015] training ...
2024-11-15 10:41:32,725 - client_base - INFO - client_dict[f_00015] training epoch : 0
2024-11-15 10:41:33,111 - client_base - INFO - local model train cost time : 0m:0s:386ms
2024-11-15 10:41:33,113 - client_base - INFO - model encode time : 0m:0s:1ms
2024-11-15 10:41:33,113 - fl_main - INFO - client_dict[f_00015] local model encrypting ...
2024-11-15 10:41:34,296 - fed_utils - INFO - encrypting key [conv1.weight].length : 150, cost time : 0m:1s:183ms
2024-11-15 10:41:34,344 - fed_utils - INFO - encrypting key [conv1.bias].length : 6, cost time : 0m:0s:47ms
2024-11-15 10:41:34,344 - fed_utils - INFO - load key [conv2.weight].length : 2400, cost time : 0m:0s:0ms
2024-11-15 10:41:34,344 - fed_utils - INFO - load key [conv2.bias].length : 16, cost time : 0m:0s:0ms
2024-11-15 10:41:34,345 - fed_utils - INFO - load key [fc1.weight].length : 48000, cost time : 0m:0s:1ms
2024-11-15 10:41:34,345 - fed_utils - INFO - load key [fc1.bias].length : 120, cost time : 0m:0s:0ms
2024-11-15 10:41:34,346 - fed_utils - INFO - load key [fc2.weight].length : 10080, cost time : 0m:0s:0ms
2024-11-15 10:41:34,346 - fed_utils - INFO - load key [fc2.bias].length : 84, cost time : 0m:0s:0ms
2024-11-15 10:41:41,533 - fed_utils - INFO - encrypting key [fc3.weight].length : 840, cost time : 0m:7s:187ms
2024-11-15 10:41:41,612 - fed_utils - INFO - encrypting key [fc3.bias].length : 10, cost time : 0m:0s:79ms
2024-11-15 10:41:41,613 - fl_main - INFO - Server receive client_dict[f_00015] info ...
2024-11-15 10:41:41,613 - fl_main - INFO - ----- client id [f_00016] -----
2024-11-15 10:41:41,614 - client_base - INFO - recover model cost time : 0m:0s:0ms
2024-11-15 10:41:41,614 - fl_main - INFO - client_dict[f_00016] training ...
2024-11-15 10:41:41,615 - client_base - INFO - client_dict[f_00016] training epoch : 0
2024-11-15 10:41:42,008 - client_base - INFO - local model train cost time : 0m:0s:393ms
2024-11-15 10:41:42,009 - client_base - INFO - model encode time : 0m:0s:1ms
2024-11-15 10:41:42,010 - fl_main - INFO - client_dict[f_00016] local model encrypting ...
2024-11-15 10:41:43,201 - fed_utils - INFO - encrypting key [conv1.weight].length : 150, cost time : 0m:1s:191ms
2024-11-15 10:41:43,249 - fed_utils - INFO - encrypting key [conv1.bias].length : 6, cost time : 0m:0s:47ms
2024-11-15 10:41:43,249 - fed_utils - INFO - load key [conv2.weight].length : 2400, cost time : 0m:0s:0ms
2024-11-15 10:41:43,249 - fed_utils - INFO - load key [conv2.bias].length : 16, cost time : 0m:0s:0ms
2024-11-15 10:41:43,250 - fed_utils - INFO - load key [fc1.weight].length : 48000, cost time : 0m:0s:1ms
2024-11-15 10:41:43,250 - fed_utils - INFO - load key [fc1.bias].length : 120, cost time : 0m:0s:0ms
2024-11-15 10:41:43,250 - fed_utils - INFO - load key [fc2.weight].length : 10080, cost time : 0m:0s:0ms
2024-11-15 10:41:43,251 - fed_utils - INFO - load key [fc2.bias].length : 84, cost time : 0m:0s:0ms
2024-11-15 10:41:50,199 - fed_utils - INFO - encrypting key [fc3.weight].length : 840, cost time : 0m:6s:948ms
2024-11-15 10:41:50,306 - fed_utils - INFO - encrypting key [fc3.bias].length : 10, cost time : 0m:0s:107ms
2024-11-15 10:41:50,306 - fl_main - INFO - Server receive client_dict[f_00016] info ...
2024-11-15 10:41:50,306 - fl_main - INFO - ----- client id [f_00017] -----
2024-11-15 10:41:50,308 - client_base - INFO - recover model cost time : 0m:0s:0ms
2024-11-15 10:41:50,308 - fl_main - INFO - client_dict[f_00017] training ...
2024-11-15 10:41:50,308 - client_base - INFO - client_dict[f_00017] training epoch : 0
2024-11-15 10:41:50,695 - client_base - INFO - local model train cost time : 0m:0s:386ms
2024-11-15 10:41:50,696 - client_base - INFO - model encode time : 0m:0s:1ms
2024-11-15 10:41:50,697 - fl_main - INFO - client_dict[f_00017] local model encrypting ...
2024-11-15 10:41:51,880 - fed_utils - INFO - encrypting key [conv1.weight].length : 150, cost time : 0m:1s:182ms
2024-11-15 10:41:51,928 - fed_utils - INFO - encrypting key [conv1.bias].length : 6, cost time : 0m:0s:47ms
2024-11-15 10:41:51,928 - fed_utils - INFO - load key [conv2.weight].length : 2400, cost time : 0m:0s:0ms
2024-11-15 10:41:51,928 - fed_utils - INFO - load key [conv2.bias].length : 16, cost time : 0m:0s:0ms
2024-11-15 10:41:51,929 - fed_utils - INFO - load key [fc1.weight].length : 48000, cost time : 0m:0s:1ms
2024-11-15 10:41:51,929 - fed_utils - INFO - load key [fc1.bias].length : 120, cost time : 0m:0s:0ms
2024-11-15 10:41:51,929 - fed_utils - INFO - load key [fc2.weight].length : 10080, cost time : 0m:0s:0ms
2024-11-15 10:41:51,929 - fed_utils - INFO - load key [fc2.bias].length : 84, cost time : 0m:0s:0ms
2024-11-15 10:41:58,749 - fed_utils - INFO - encrypting key [fc3.weight].length : 840, cost time : 0m:6s:819ms
2024-11-15 10:41:58,828 - fed_utils - INFO - encrypting key [fc3.bias].length : 10, cost time : 0m:0s:79ms
2024-11-15 10:41:58,828 - fl_main - INFO - Server receive client_dict[f_00017] info ...
2024-11-15 10:41:58,829 - fl_main - INFO - ----- client id [f_00018] -----
2024-11-15 10:41:58,830 - client_base - INFO - recover model cost time : 0m:0s:0ms
2024-11-15 10:41:58,830 - fl_main - INFO - client_dict[f_00018] training ...
2024-11-15 10:41:58,830 - client_base - INFO - client_dict[f_00018] training epoch : 0
2024-11-15 10:41:59,218 - client_base - INFO - local model train cost time : 0m:0s:387ms
2024-11-15 10:41:59,219 - client_base - INFO - model encode time : 0m:0s:1ms
2024-11-15 10:41:59,220 - fl_main - INFO - client_dict[f_00018] local model encrypting ...
2024-11-15 10:42:00,407 - fed_utils - INFO - encrypting key [conv1.weight].length : 150, cost time : 0m:1s:187ms
2024-11-15 10:42:00,455 - fed_utils - INFO - encrypting key [conv1.bias].length : 6, cost time : 0m:0s:47ms
2024-11-15 10:42:00,455 - fed_utils - INFO - load key [conv2.weight].length : 2400, cost time : 0m:0s:0ms
2024-11-15 10:42:00,455 - fed_utils - INFO - load key [conv2.bias].length : 16, cost time : 0m:0s:0ms
2024-11-15 10:42:00,456 - fed_utils - INFO - load key [fc1.weight].length : 48000, cost time : 0m:0s:1ms
2024-11-15 10:42:00,456 - fed_utils - INFO - load key [fc1.bias].length : 120, cost time : 0m:0s:0ms
2024-11-15 10:42:00,457 - fed_utils - INFO - load key [fc2.weight].length : 10080, cost time : 0m:0s:0ms
2024-11-15 10:42:00,457 - fed_utils - INFO - load key [fc2.bias].length : 84, cost time : 0m:0s:0ms
2024-11-15 10:42:07,135 - fed_utils - INFO - encrypting key [fc3.weight].length : 840, cost time : 0m:6s:677ms
2024-11-15 10:42:07,213 - fed_utils - INFO - encrypting key [fc3.bias].length : 10, cost time : 0m:0s:78ms
2024-11-15 10:42:07,213 - fl_main - INFO - Server receive client_dict[f_00018] info ...
2024-11-15 10:42:07,214 - fl_main - INFO - ----- client id [f_00019] -----
2024-11-15 10:42:07,215 - client_base - INFO - recover model cost time : 0m:0s:0ms
2024-11-15 10:42:07,215 - fl_main - INFO - client_dict[f_00019] training ...
2024-11-15 10:42:07,215 - client_base - INFO - client_dict[f_00019] training epoch : 0
2024-11-15 10:42:07,591 - client_base - INFO - local model train cost time : 0m:0s:375ms
2024-11-15 10:42:07,596 - client_base - INFO - model encode time : 0m:0s:4ms
2024-11-15 10:42:07,596 - fl_main - INFO - client_dict[f_00019] local model encrypting ...
2024-11-15 10:42:08,797 - fed_utils - INFO - encrypting key [conv1.weight].length : 150, cost time : 0m:1s:200ms
2024-11-15 10:42:08,848 - fed_utils - INFO - encrypting key [conv1.bias].length : 6, cost time : 0m:0s:50ms
2024-11-15 10:42:08,848 - fed_utils - INFO - load key [conv2.weight].length : 2400, cost time : 0m:0s:0ms
2024-11-15 10:42:08,848 - fed_utils - INFO - load key [conv2.bias].length : 16, cost time : 0m:0s:0ms
2024-11-15 10:42:08,850 - fed_utils - INFO - load key [fc1.weight].length : 48000, cost time : 0m:0s:1ms
2024-11-15 10:42:08,850 - fed_utils - INFO - load key [fc1.bias].length : 120, cost time : 0m:0s:0ms
2024-11-15 10:42:08,850 - fed_utils - INFO - load key [fc2.weight].length : 10080, cost time : 0m:0s:0ms
2024-11-15 10:42:08,850 - fed_utils - INFO - load key [fc2.bias].length : 84, cost time : 0m:0s:0ms
2024-11-15 10:42:15,712 - fed_utils - INFO - encrypting key [fc3.weight].length : 840, cost time : 0m:6s:861ms
2024-11-15 10:42:15,793 - fed_utils - INFO - encrypting key [fc3.bias].length : 10, cost time : 0m:0s:80ms
2024-11-15 10:42:15,793 - fl_main - INFO - Server receive client_dict[f_00019] info ...
2024-11-15 10:42:15,793 - fl_main - INFO - global aggregation process ...
2024-11-15 10:42:15,794 - fed_utils - INFO - server.n_data : 60000
2024-11-15 10:42:15,794 - fed_utils - INFO - client_dict[f_00000].weight : 0.050000
2024-11-15 10:42:15,794 - fed_utils - INFO - client_dict[f_00001].weight : 0.050000
2024-11-15 10:42:15,794 - fed_utils - INFO - client_dict[f_00002].weight : 0.050000
2024-11-15 10:42:15,794 - fed_utils - INFO - client_dict[f_00003].weight : 0.050000
2024-11-15 10:42:15,794 - fed_utils - INFO - client_dict[f_00004].weight : 0.050000
2024-11-15 10:42:15,794 - fed_utils - INFO - client_dict[f_00005].weight : 0.050000
2024-11-15 10:42:15,794 - fed_utils - INFO - client_dict[f_00006].weight : 0.050000
2024-11-15 10:42:15,794 - fed_utils - INFO - client_dict[f_00007].weight : 0.050000
2024-11-15 10:42:15,794 - fed_utils - INFO - client_dict[f_00008].weight : 0.050000
2024-11-15 10:42:15,794 - fed_utils - INFO - client_dict[f_00009].weight : 0.050000
2024-11-15 10:42:15,794 - fed_utils - INFO - client_dict[f_00010].weight : 0.050000
2024-11-15 10:42:15,794 - fed_utils - INFO - client_dict[f_00011].weight : 0.050000
2024-11-15 10:42:15,794 - fed_utils - INFO - client_dict[f_00012].weight : 0.050000
2024-11-15 10:42:15,794 - fed_utils - INFO - client_dict[f_00013].weight : 0.050000
2024-11-15 10:42:15,794 - fed_utils - INFO - client_dict[f_00014].weight : 0.050000
2024-11-15 10:42:15,794 - fed_utils - INFO - client_dict[f_00015].weight : 0.050000
2024-11-15 10:42:15,794 - fed_utils - INFO - client_dict[f_00016].weight : 0.050000
2024-11-15 10:42:15,794 - fed_utils - INFO - client_dict[f_00017].weight : 0.050000
2024-11-15 10:42:15,794 - fed_utils - INFO - client_dict[f_00018].weight : 0.050000
2024-11-15 10:42:15,794 - fed_utils - INFO - client_dict[f_00019].weight : 0.050000
2024-11-15 10:42:15,794 - fed_utils - INFO - recover secret number by clients: 789319.750000
2024-11-15 10:42:15,794 - server_base - INFO - Server aggregate model with homomorphic encryption ...
2024-11-15 10:42:22,765 - server_base - INFO - Server aggregate model done, cost time : 0m:6s:971ms
2024-11-15 10:42:23,107 - fed_utils - INFO - decrypting key [conv1.weight].shape [torch.Size([6, 1, 5, 5])]
2024-11-15 10:42:23,121 - fed_utils - INFO - decrypting key [conv1.bias].shape [torch.Size([6])]
2024-11-15 10:42:23,121 - fed_utils - INFO - decrypting key [conv2.weight].shape [torch.Size([16, 6, 5, 5])]
2024-11-15 10:42:23,121 - fed_utils - INFO - decrypting key [conv2.bias].shape [torch.Size([16])]
2024-11-15 10:42:23,122 - fed_utils - INFO - decrypting key [fc1.weight].shape [torch.Size([120, 400])]
2024-11-15 10:42:23,122 - fed_utils - INFO - decrypting key [fc1.bias].shape [torch.Size([120])]
2024-11-15 10:42:23,122 - fed_utils - INFO - decrypting key [fc2.weight].shape [torch.Size([84, 120])]
2024-11-15 10:42:23,122 - fed_utils - INFO - decrypting key [fc2.bias].shape [torch.Size([84])]
2024-11-15 10:42:25,056 - fed_utils - INFO - decrypting key [fc3.weight].shape [torch.Size([10, 84])]
2024-11-15 10:42:25,081 - fed_utils - INFO - decrypting key [fc3.bias].shape [torch.Size([10])]
2024-11-15 10:42:25,081 - fed_utils - INFO - decrypt time : [0m:2s:315ms]
2024-11-15 10:42:25,093 - fl_main - INFO - [global round : 8] aggregated model accuracy : 0.5810000000000001
2024-11-15 10:42:25,093 - fl_main - INFO - [global round : 8] aggregated model loss : 1.9501819249315235
2024-11-15 10:42:25,094 - fl_main - INFO - global round : 9
2024-11-15 10:42:25,094 - fl_main - INFO - the random client id to test accuracy : f_00000
2024-11-15 10:42:25,094 - fl_main - INFO - ----- client id [f_00000] -----
2024-11-15 10:42:25,095 - client_base - INFO - recover model cost time : 0m:0s:0ms
2024-11-15 10:42:25,918 - fl_main - INFO - global round [9] client_dict[f_00000].accuracy : 0.588000
2024-11-15 10:42:25,918 - fl_main - INFO - client_dict[f_00000] training ...
2024-11-15 10:42:25,919 - client_base - INFO - client_dict[f_00000] training epoch : 0
2024-11-15 10:42:26,303 - client_base - INFO - local model train cost time : 0m:0s:384ms
2024-11-15 10:42:26,305 - client_base - INFO - model encode time : 0m:0s:1ms
2024-11-15 10:42:26,305 - fl_main - INFO - client_dict[f_00000] local model encrypting ...
2024-11-15 10:42:27,513 - fed_utils - INFO - encrypting key [conv1.weight].length : 150, cost time : 0m:1s:208ms
2024-11-15 10:42:27,561 - fed_utils - INFO - encrypting key [conv1.bias].length : 6, cost time : 0m:0s:47ms
2024-11-15 10:42:27,561 - fed_utils - INFO - load key [conv2.weight].length : 2400, cost time : 0m:0s:0ms
2024-11-15 10:42:27,561 - fed_utils - INFO - load key [conv2.bias].length : 16, cost time : 0m:0s:0ms
2024-11-15 10:42:27,562 - fed_utils - INFO - load key [fc1.weight].length : 48000, cost time : 0m:0s:1ms
2024-11-15 10:42:27,563 - fed_utils - INFO - load key [fc1.bias].length : 120, cost time : 0m:0s:0ms
2024-11-15 10:42:27,563 - fed_utils - INFO - load key [fc2.weight].length : 10080, cost time : 0m:0s:0ms
2024-11-15 10:42:27,563 - fed_utils - INFO - load key [fc2.bias].length : 84, cost time : 0m:0s:0ms
2024-11-15 10:42:34,168 - fed_utils - INFO - encrypting key [fc3.weight].length : 840, cost time : 0m:6s:604ms
2024-11-15 10:42:34,247 - fed_utils - INFO - encrypting key [fc3.bias].length : 10, cost time : 0m:0s:78ms
2024-11-15 10:42:34,248 - fl_main - INFO - Server receive client_dict[f_00000] info ...
2024-11-15 10:42:34,248 - fl_main - INFO - ----- client id [f_00001] -----
2024-11-15 10:42:34,249 - client_base - INFO - recover model cost time : 0m:0s:0ms
2024-11-15 10:42:34,249 - fl_main - INFO - client_dict[f_00001] training ...
2024-11-15 10:42:34,250 - client_base - INFO - client_dict[f_00001] training epoch : 0
2024-11-15 10:42:34,628 - client_base - INFO - local model train cost time : 0m:0s:377ms
2024-11-15 10:42:34,629 - client_base - INFO - model encode time : 0m:0s:1ms
2024-11-15 10:42:34,630 - fl_main - INFO - client_dict[f_00001] local model encrypting ...
2024-11-15 10:42:35,809 - fed_utils - INFO - encrypting key [conv1.weight].length : 150, cost time : 0m:1s:179ms
2024-11-15 10:42:35,857 - fed_utils - INFO - encrypting key [conv1.bias].length : 6, cost time : 0m:0s:47ms
2024-11-15 10:42:35,857 - fed_utils - INFO - load key [conv2.weight].length : 2400, cost time : 0m:0s:0ms
2024-11-15 10:42:35,857 - fed_utils - INFO - load key [conv2.bias].length : 16, cost time : 0m:0s:0ms
2024-11-15 10:42:35,858 - fed_utils - INFO - load key [fc1.weight].length : 48000, cost time : 0m:0s:0ms
2024-11-15 10:42:35,858 - fed_utils - INFO - load key [fc1.bias].length : 120, cost time : 0m:0s:0ms
2024-11-15 10:42:35,858 - fed_utils - INFO - load key [fc2.weight].length : 10080, cost time : 0m:0s:0ms
2024-11-15 10:42:35,858 - fed_utils - INFO - load key [fc2.bias].length : 84, cost time : 0m:0s:0ms
2024-11-15 10:42:42,463 - fed_utils - INFO - encrypting key [fc3.weight].length : 840, cost time : 0m:6s:604ms
2024-11-15 10:42:42,541 - fed_utils - INFO - encrypting key [fc3.bias].length : 10, cost time : 0m:0s:78ms
2024-11-15 10:42:42,541 - fl_main - INFO - Server receive client_dict[f_00001] info ...
2024-11-15 10:42:42,542 - fl_main - INFO - ----- client id [f_00002] -----
2024-11-15 10:42:42,543 - client_base - INFO - recover model cost time : 0m:0s:0ms
2024-11-15 10:42:42,543 - fl_main - INFO - client_dict[f_00002] training ...
2024-11-15 10:42:42,544 - client_base - INFO - client_dict[f_00002] training epoch : 0
2024-11-15 10:42:42,921 - client_base - INFO - local model train cost time : 0m:0s:377ms
2024-11-15 10:42:42,923 - client_base - INFO - model encode time : 0m:0s:1ms
2024-11-15 10:42:42,923 - fl_main - INFO - client_dict[f_00002] local model encrypting ...
2024-11-15 10:42:44,102 - fed_utils - INFO - encrypting key [conv1.weight].length : 150, cost time : 0m:1s:178ms
2024-11-15 10:42:44,149 - fed_utils - INFO - encrypting key [conv1.bias].length : 6, cost time : 0m:0s:47ms
2024-11-15 10:42:44,149 - fed_utils - INFO - load key [conv2.weight].length : 2400, cost time : 0m:0s:0ms
2024-11-15 10:42:44,149 - fed_utils - INFO - load key [conv2.bias].length : 16, cost time : 0m:0s:0ms
2024-11-15 10:42:44,150 - fed_utils - INFO - load key [fc1.weight].length : 48000, cost time : 0m:0s:0ms
2024-11-15 10:42:44,150 - fed_utils - INFO - load key [fc1.bias].length : 120, cost time : 0m:0s:0ms
2024-11-15 10:42:44,151 - fed_utils - INFO - load key [fc2.weight].length : 10080, cost time : 0m:0s:0ms
2024-11-15 10:42:44,151 - fed_utils - INFO - load key [fc2.bias].length : 84, cost time : 0m:0s:0ms
2024-11-15 10:42:50,755 - fed_utils - INFO - encrypting key [fc3.weight].length : 840, cost time : 0m:6s:604ms
2024-11-15 10:42:50,834 - fed_utils - INFO - encrypting key [fc3.bias].length : 10, cost time : 0m:0s:78ms
2024-11-15 10:42:50,834 - fl_main - INFO - Server receive client_dict[f_00002] info ...
2024-11-15 10:42:50,834 - fl_main - INFO - ----- client id [f_00003] -----
2024-11-15 10:42:50,835 - client_base - INFO - recover model cost time : 0m:0s:0ms
2024-11-15 10:42:50,835 - fl_main - INFO - client_dict[f_00003] training ...
2024-11-15 10:42:50,836 - client_base - INFO - client_dict[f_00003] training epoch : 0
2024-11-15 10:42:51,208 - client_base - INFO - local model train cost time : 0m:0s:371ms
2024-11-15 10:42:51,209 - client_base - INFO - model encode time : 0m:0s:1ms
2024-11-15 10:42:51,209 - fl_main - INFO - client_dict[f_00003] local model encrypting ...
2024-11-15 10:42:52,389 - fed_utils - INFO - encrypting key [conv1.weight].length : 150, cost time : 0m:1s:179ms
2024-11-15 10:42:52,436 - fed_utils - INFO - encrypting key [conv1.bias].length : 6, cost time : 0m:0s:47ms
2024-11-15 10:42:52,436 - fed_utils - INFO - load key [conv2.weight].length : 2400, cost time : 0m:0s:0ms
2024-11-15 10:42:52,436 - fed_utils - INFO - load key [conv2.bias].length : 16, cost time : 0m:0s:0ms
2024-11-15 10:42:52,437 - fed_utils - INFO - load key [fc1.weight].length : 48000, cost time : 0m:0s:0ms
2024-11-15 10:42:52,437 - fed_utils - INFO - load key [fc1.bias].length : 120, cost time : 0m:0s:0ms
2024-11-15 10:42:52,437 - fed_utils - INFO - load key [fc2.weight].length : 10080, cost time : 0m:0s:0ms
2024-11-15 10:42:52,438 - fed_utils - INFO - load key [fc2.bias].length : 84, cost time : 0m:0s:0ms
2024-11-15 10:42:59,038 - fed_utils - INFO - encrypting key [fc3.weight].length : 840, cost time : 0m:6s:600ms
2024-11-15 10:42:59,117 - fed_utils - INFO - encrypting key [fc3.bias].length : 10, cost time : 0m:0s:78ms
2024-11-15 10:42:59,117 - fl_main - INFO - Server receive client_dict[f_00003] info ...
2024-11-15 10:42:59,117 - fl_main - INFO - ----- client id [f_00004] -----
2024-11-15 10:42:59,118 - client_base - INFO - recover model cost time : 0m:0s:0ms
2024-11-15 10:42:59,119 - fl_main - INFO - client_dict[f_00004] training ...
2024-11-15 10:42:59,119 - client_base - INFO - client_dict[f_00004] training epoch : 0
2024-11-15 10:42:59,500 - client_base - INFO - local model train cost time : 0m:0s:380ms
2024-11-15 10:42:59,501 - client_base - INFO - model encode time : 0m:0s:1ms
2024-11-15 10:42:59,501 - fl_main - INFO - client_dict[f_00004] local model encrypting ...
2024-11-15 10:43:00,680 - fed_utils - INFO - encrypting key [conv1.weight].length : 150, cost time : 0m:1s:178ms
2024-11-15 10:43:00,728 - fed_utils - INFO - encrypting key [conv1.bias].length : 6, cost time : 0m:0s:47ms
2024-11-15 10:43:00,728 - fed_utils - INFO - load key [conv2.weight].length : 2400, cost time : 0m:0s:0ms
2024-11-15 10:43:00,728 - fed_utils - INFO - load key [conv2.bias].length : 16, cost time : 0m:0s:0ms
2024-11-15 10:43:00,729 - fed_utils - INFO - load key [fc1.weight].length : 48000, cost time : 0m:0s:0ms
2024-11-15 10:43:00,729 - fed_utils - INFO - load key [fc1.bias].length : 120, cost time : 0m:0s:0ms
2024-11-15 10:43:00,729 - fed_utils - INFO - load key [fc2.weight].length : 10080, cost time : 0m:0s:0ms
2024-11-15 10:43:00,729 - fed_utils - INFO - load key [fc2.bias].length : 84, cost time : 0m:0s:0ms
2024-11-15 10:43:07,356 - fed_utils - INFO - encrypting key [fc3.weight].length : 840, cost time : 0m:6s:627ms
2024-11-15 10:43:07,435 - fed_utils - INFO - encrypting key [fc3.bias].length : 10, cost time : 0m:0s:78ms
2024-11-15 10:43:07,435 - fl_main - INFO - Server receive client_dict[f_00004] info ...
2024-11-15 10:43:07,435 - fl_main - INFO - ----- client id [f_00005] -----
2024-11-15 10:43:07,437 - client_base - INFO - recover model cost time : 0m:0s:0ms
2024-11-15 10:43:07,437 - fl_main - INFO - client_dict[f_00005] training ...
2024-11-15 10:43:07,437 - client_base - INFO - client_dict[f_00005] training epoch : 0
2024-11-15 10:43:07,808 - client_base - INFO - local model train cost time : 0m:0s:370ms
2024-11-15 10:43:07,809 - client_base - INFO - model encode time : 0m:0s:1ms
2024-11-15 10:43:07,809 - fl_main - INFO - client_dict[f_00005] local model encrypting ...
2024-11-15 10:43:09,018 - fed_utils - INFO - encrypting key [conv1.weight].length : 150, cost time : 0m:1s:209ms
2024-11-15 10:43:09,066 - fed_utils - INFO - encrypting key [conv1.bias].length : 6, cost time : 0m:0s:47ms
2024-11-15 10:43:09,066 - fed_utils - INFO - load key [conv2.weight].length : 2400, cost time : 0m:0s:0ms
2024-11-15 10:43:09,066 - fed_utils - INFO - load key [conv2.bias].length : 16, cost time : 0m:0s:0ms
2024-11-15 10:43:09,067 - fed_utils - INFO - load key [fc1.weight].length : 48000, cost time : 0m:0s:0ms
2024-11-15 10:43:09,067 - fed_utils - INFO - load key [fc1.bias].length : 120, cost time : 0m:0s:0ms
2024-11-15 10:43:09,068 - fed_utils - INFO - load key [fc2.weight].length : 10080, cost time : 0m:0s:0ms
2024-11-15 10:43:09,068 - fed_utils - INFO - load key [fc2.bias].length : 84, cost time : 0m:0s:0ms
2024-11-15 10:43:15,745 - fed_utils - INFO - encrypting key [fc3.weight].length : 840, cost time : 0m:6s:677ms
2024-11-15 10:43:15,824 - fed_utils - INFO - encrypting key [fc3.bias].length : 10, cost time : 0m:0s:78ms
2024-11-15 10:43:15,824 - fl_main - INFO - Server receive client_dict[f_00005] info ...
2024-11-15 10:43:15,824 - fl_main - INFO - ----- client id [f_00006] -----
2024-11-15 10:43:15,825 - client_base - INFO - recover model cost time : 0m:0s:0ms
2024-11-15 10:43:15,825 - fl_main - INFO - client_dict[f_00006] training ...
2024-11-15 10:43:15,826 - client_base - INFO - client_dict[f_00006] training epoch : 0
2024-11-15 10:43:16,248 - client_base - INFO - local model train cost time : 0m:0s:422ms
2024-11-15 10:43:16,250 - client_base - INFO - model encode time : 0m:0s:1ms
2024-11-15 10:43:16,250 - fl_main - INFO - client_dict[f_00006] local model encrypting ...
2024-11-15 10:43:17,433 - fed_utils - INFO - encrypting key [conv1.weight].length : 150, cost time : 0m:1s:182ms
2024-11-15 10:43:17,480 - fed_utils - INFO - encrypting key [conv1.bias].length : 6, cost time : 0m:0s:47ms
2024-11-15 10:43:17,480 - fed_utils - INFO - load key [conv2.weight].length : 2400, cost time : 0m:0s:0ms
2024-11-15 10:43:17,480 - fed_utils - INFO - load key [conv2.bias].length : 16, cost time : 0m:0s:0ms
2024-11-15 10:43:17,481 - fed_utils - INFO - load key [fc1.weight].length : 48000, cost time : 0m:0s:0ms
2024-11-15 10:43:17,481 - fed_utils - INFO - load key [fc1.bias].length : 120, cost time : 0m:0s:0ms
2024-11-15 10:43:17,482 - fed_utils - INFO - load key [fc2.weight].length : 10080, cost time : 0m:0s:0ms
2024-11-15 10:43:17,482 - fed_utils - INFO - load key [fc2.bias].length : 84, cost time : 0m:0s:0ms
2024-11-15 10:43:24,165 - fed_utils - INFO - encrypting key [fc3.weight].length : 840, cost time : 0m:6s:683ms
2024-11-15 10:43:24,248 - fed_utils - INFO - encrypting key [fc3.bias].length : 10, cost time : 0m:0s:82ms
2024-11-15 10:43:24,248 - fl_main - INFO - Server receive client_dict[f_00006] info ...
2024-11-15 10:43:24,248 - fl_main - INFO - ----- client id [f_00007] -----
2024-11-15 10:43:24,249 - client_base - INFO - recover model cost time : 0m:0s:0ms
2024-11-15 10:43:24,249 - fl_main - INFO - client_dict[f_00007] training ...
2024-11-15 10:43:24,250 - client_base - INFO - client_dict[f_00007] training epoch : 0
2024-11-15 10:43:24,625 - client_base - INFO - local model train cost time : 0m:0s:374ms
2024-11-15 10:43:24,627 - client_base - INFO - model encode time : 0m:0s:1ms
2024-11-15 10:43:24,627 - fl_main - INFO - client_dict[f_00007] local model encrypting ...
2024-11-15 10:43:25,864 - fed_utils - INFO - encrypting key [conv1.weight].length : 150, cost time : 0m:1s:237ms
2024-11-15 10:43:25,912 - fed_utils - INFO - encrypting key [conv1.bias].length : 6, cost time : 0m:0s:47ms
2024-11-15 10:43:25,912 - fed_utils - INFO - load key [conv2.weight].length : 2400, cost time : 0m:0s:0ms
2024-11-15 10:43:25,912 - fed_utils - INFO - load key [conv2.bias].length : 16, cost time : 0m:0s:0ms
2024-11-15 10:43:25,913 - fed_utils - INFO - load key [fc1.weight].length : 48000, cost time : 0m:0s:0ms
2024-11-15 10:43:25,913 - fed_utils - INFO - load key [fc1.bias].length : 120, cost time : 0m:0s:0ms
2024-11-15 10:43:25,914 - fed_utils - INFO - load key [fc2.weight].length : 10080, cost time : 0m:0s:0ms
2024-11-15 10:43:25,914 - fed_utils - INFO - load key [fc2.bias].length : 84, cost time : 0m:0s:0ms
2024-11-15 10:43:32,587 - fed_utils - INFO - encrypting key [fc3.weight].length : 840, cost time : 0m:6s:673ms
2024-11-15 10:43:32,666 - fed_utils - INFO - encrypting key [fc3.bias].length : 10, cost time : 0m:0s:78ms
2024-11-15 10:43:32,666 - fl_main - INFO - Server receive client_dict[f_00007] info ...
2024-11-15 10:43:32,667 - fl_main - INFO - ----- client id [f_00008] -----
2024-11-15 10:43:32,668 - client_base - INFO - recover model cost time : 0m:0s:0ms
2024-11-15 10:43:32,668 - fl_main - INFO - client_dict[f_00008] training ...
2024-11-15 10:43:32,669 - client_base - INFO - client_dict[f_00008] training epoch : 0
2024-11-15 10:43:33,053 - client_base - INFO - local model train cost time : 0m:0s:384ms
2024-11-15 10:43:33,055 - client_base - INFO - model encode time : 0m:0s:1ms
2024-11-15 10:43:33,055 - fl_main - INFO - client_dict[f_00008] local model encrypting ...
2024-11-15 10:43:34,244 - fed_utils - INFO - encrypting key [conv1.weight].length : 150, cost time : 0m:1s:189ms
2024-11-15 10:43:34,294 - fed_utils - INFO - encrypting key [conv1.bias].length : 6, cost time : 0m:0s:49ms
2024-11-15 10:43:34,294 - fed_utils - INFO - load key [conv2.weight].length : 2400, cost time : 0m:0s:0ms
2024-11-15 10:43:34,294 - fed_utils - INFO - load key [conv2.bias].length : 16, cost time : 0m:0s:0ms
2024-11-15 10:43:34,295 - fed_utils - INFO - load key [fc1.weight].length : 48000, cost time : 0m:0s:0ms
2024-11-15 10:43:34,295 - fed_utils - INFO - load key [fc1.bias].length : 120, cost time : 0m:0s:0ms
2024-11-15 10:43:34,295 - fed_utils - INFO - load key [fc2.weight].length : 10080, cost time : 0m:0s:0ms
2024-11-15 10:43:34,295 - fed_utils - INFO - load key [fc2.bias].length : 84, cost time : 0m:0s:0ms
2024-11-15 10:43:41,073 - fed_utils - INFO - encrypting key [fc3.weight].length : 840, cost time : 0m:6s:777ms
2024-11-15 10:43:41,156 - fed_utils - INFO - encrypting key [fc3.bias].length : 10, cost time : 0m:0s:83ms
2024-11-15 10:43:41,156 - fl_main - INFO - Server receive client_dict[f_00008] info ...
2024-11-15 10:43:41,156 - fl_main - INFO - ----- client id [f_00009] -----
2024-11-15 10:43:41,157 - client_base - INFO - recover model cost time : 0m:0s:0ms
2024-11-15 10:43:41,158 - fl_main - INFO - client_dict[f_00009] training ...
2024-11-15 10:43:41,158 - client_base - INFO - client_dict[f_00009] training epoch : 0
2024-11-15 10:43:41,540 - client_base - INFO - local model train cost time : 0m:0s:382ms
2024-11-15 10:43:41,542 - client_base - INFO - model encode time : 0m:0s:1ms
2024-11-15 10:43:41,542 - fl_main - INFO - client_dict[f_00009] local model encrypting ...
2024-11-15 10:43:42,735 - fed_utils - INFO - encrypting key [conv1.weight].length : 150, cost time : 0m:1s:193ms
2024-11-15 10:43:42,783 - fed_utils - INFO - encrypting key [conv1.bias].length : 6, cost time : 0m:0s:47ms
2024-11-15 10:43:42,783 - fed_utils - INFO - load key [conv2.weight].length : 2400, cost time : 0m:0s:0ms
2024-11-15 10:43:42,783 - fed_utils - INFO - load key [conv2.bias].length : 16, cost time : 0m:0s:0ms
2024-11-15 10:43:42,784 - fed_utils - INFO - load key [fc1.weight].length : 48000, cost time : 0m:0s:0ms
2024-11-15 10:43:42,784 - fed_utils - INFO - load key [fc1.bias].length : 120, cost time : 0m:0s:0ms
2024-11-15 10:43:42,784 - fed_utils - INFO - load key [fc2.weight].length : 10080, cost time : 0m:0s:0ms
2024-11-15 10:43:42,785 - fed_utils - INFO - load key [fc2.bias].length : 84, cost time : 0m:0s:0ms
2024-11-15 10:43:49,482 - fed_utils - INFO - encrypting key [fc3.weight].length : 840, cost time : 0m:6s:697ms
2024-11-15 10:43:49,564 - fed_utils - INFO - encrypting key [fc3.bias].length : 10, cost time : 0m:0s:81ms
2024-11-15 10:43:49,564 - fl_main - INFO - Server receive client_dict[f_00009] info ...
2024-11-15 10:43:49,564 - fl_main - INFO - ----- client id [f_00010] -----
2024-11-15 10:43:49,566 - client_base - INFO - recover model cost time : 0m:0s:0ms
2024-11-15 10:43:49,566 - fl_main - INFO - client_dict[f_00010] training ...
2024-11-15 10:43:49,567 - client_base - INFO - client_dict[f_00010] training epoch : 0
2024-11-15 10:43:49,950 - client_base - INFO - local model train cost time : 0m:0s:382ms
2024-11-15 10:43:49,951 - client_base - INFO - model encode time : 0m:0s:1ms
2024-11-15 10:43:49,951 - fl_main - INFO - client_dict[f_00010] local model encrypting ...
2024-11-15 10:43:51,143 - fed_utils - INFO - encrypting key [conv1.weight].length : 150, cost time : 0m:1s:191ms
2024-11-15 10:43:51,190 - fed_utils - INFO - encrypting key [conv1.bias].length : 6, cost time : 0m:0s:47ms
2024-11-15 10:43:51,190 - fed_utils - INFO - load key [conv2.weight].length : 2400, cost time : 0m:0s:0ms
2024-11-15 10:43:51,190 - fed_utils - INFO - load key [conv2.bias].length : 16, cost time : 0m:0s:0ms
2024-11-15 10:43:51,191 - fed_utils - INFO - load key [fc1.weight].length : 48000, cost time : 0m:0s:0ms
2024-11-15 10:43:51,191 - fed_utils - INFO - load key [fc1.bias].length : 120, cost time : 0m:0s:0ms
2024-11-15 10:43:51,192 - fed_utils - INFO - load key [fc2.weight].length : 10080, cost time : 0m:0s:0ms
2024-11-15 10:43:51,192 - fed_utils - INFO - load key [fc2.bias].length : 84, cost time : 0m:0s:0ms
2024-11-15 10:43:57,843 - fed_utils - INFO - encrypting key [fc3.weight].length : 840, cost time : 0m:6s:651ms
2024-11-15 10:43:57,922 - fed_utils - INFO - encrypting key [fc3.bias].length : 10, cost time : 0m:0s:79ms
2024-11-15 10:43:57,922 - fl_main - INFO - Server receive client_dict[f_00010] info ...
2024-11-15 10:43:57,922 - fl_main - INFO - ----- client id [f_00011] -----
2024-11-15 10:43:57,924 - client_base - INFO - recover model cost time : 0m:0s:0ms
2024-11-15 10:43:57,924 - fl_main - INFO - client_dict[f_00011] training ...
2024-11-15 10:43:57,924 - client_base - INFO - client_dict[f_00011] training epoch : 0
2024-11-15 10:43:58,328 - client_base - INFO - local model train cost time : 0m:0s:403ms
2024-11-15 10:43:58,329 - client_base - INFO - model encode time : 0m:0s:1ms
2024-11-15 10:43:58,330 - fl_main - INFO - client_dict[f_00011] local model encrypting ...
2024-11-15 10:43:59,535 - fed_utils - INFO - encrypting key [conv1.weight].length : 150, cost time : 0m:1s:205ms
2024-11-15 10:43:59,583 - fed_utils - INFO - encrypting key [conv1.bias].length : 6, cost time : 0m:0s:47ms
2024-11-15 10:43:59,583 - fed_utils - INFO - load key [conv2.weight].length : 2400, cost time : 0m:0s:0ms
2024-11-15 10:43:59,583 - fed_utils - INFO - load key [conv2.bias].length : 16, cost time : 0m:0s:0ms
2024-11-15 10:43:59,584 - fed_utils - INFO - load key [fc1.weight].length : 48000, cost time : 0m:0s:0ms
2024-11-15 10:43:59,584 - fed_utils - INFO - load key [fc1.bias].length : 120, cost time : 0m:0s:0ms
2024-11-15 10:43:59,585 - fed_utils - INFO - load key [fc2.weight].length : 10080, cost time : 0m:0s:0ms
2024-11-15 10:43:59,585 - fed_utils - INFO - load key [fc2.bias].length : 84, cost time : 0m:0s:0ms
2024-11-15 10:44:07,270 - fed_utils - INFO - encrypting key [fc3.weight].length : 840, cost time : 0m:7s:685ms
2024-11-15 10:44:07,352 - fed_utils - INFO - encrypting key [fc3.bias].length : 10, cost time : 0m:0s:81ms
2024-11-15 10:44:07,352 - fl_main - INFO - Server receive client_dict[f_00011] info ...
2024-11-15 10:44:07,352 - fl_main - INFO - ----- client id [f_00012] -----
2024-11-15 10:44:07,354 - client_base - INFO - recover model cost time : 0m:0s:0ms
2024-11-15 10:44:07,354 - fl_main - INFO - client_dict[f_00012] training ...
2024-11-15 10:44:07,355 - client_base - INFO - client_dict[f_00012] training epoch : 0
2024-11-15 10:44:07,782 - client_base - INFO - local model train cost time : 0m:0s:427ms
2024-11-15 10:44:07,783 - client_base - INFO - model encode time : 0m:0s:1ms
2024-11-15 10:44:07,784 - fl_main - INFO - client_dict[f_00012] local model encrypting ...
2024-11-15 10:44:09,004 - fed_utils - INFO - encrypting key [conv1.weight].length : 150, cost time : 0m:1s:220ms
2024-11-15 10:44:09,053 - fed_utils - INFO - encrypting key [conv1.bias].length : 6, cost time : 0m:0s:49ms
2024-11-15 10:44:09,054 - fed_utils - INFO - load key [conv2.weight].length : 2400, cost time : 0m:0s:0ms
2024-11-15 10:44:09,054 - fed_utils - INFO - load key [conv2.bias].length : 16, cost time : 0m:0s:0ms
2024-11-15 10:44:09,055 - fed_utils - INFO - load key [fc1.weight].length : 48000, cost time : 0m:0s:0ms
2024-11-15 10:44:09,055 - fed_utils - INFO - load key [fc1.bias].length : 120, cost time : 0m:0s:0ms
2024-11-15 10:44:09,055 - fed_utils - INFO - load key [fc2.weight].length : 10080, cost time : 0m:0s:0ms
2024-11-15 10:44:09,055 - fed_utils - INFO - load key [fc2.bias].length : 84, cost time : 0m:0s:0ms
2024-11-15 10:44:15,899 - fed_utils - INFO - encrypting key [fc3.weight].length : 840, cost time : 0m:6s:844ms
2024-11-15 10:44:15,981 - fed_utils - INFO - encrypting key [fc3.bias].length : 10, cost time : 0m:0s:81ms
2024-11-15 10:44:15,981 - fl_main - INFO - Server receive client_dict[f_00012] info ...
2024-11-15 10:44:15,982 - fl_main - INFO - ----- client id [f_00013] -----
2024-11-15 10:44:15,983 - client_base - INFO - recover model cost time : 0m:0s:0ms
2024-11-15 10:44:15,983 - fl_main - INFO - client_dict[f_00013] training ...
2024-11-15 10:44:15,984 - client_base - INFO - client_dict[f_00013] training epoch : 0
2024-11-15 10:44:16,416 - client_base - INFO - local model train cost time : 0m:0s:432ms
2024-11-15 10:44:16,417 - client_base - INFO - model encode time : 0m:0s:1ms
2024-11-15 10:44:16,418 - fl_main - INFO - client_dict[f_00013] local model encrypting ...
2024-11-15 10:44:17,642 - fed_utils - INFO - encrypting key [conv1.weight].length : 150, cost time : 0m:1s:224ms
2024-11-15 10:44:17,692 - fed_utils - INFO - encrypting key [conv1.bias].length : 6, cost time : 0m:0s:48ms
2024-11-15 10:44:17,692 - fed_utils - INFO - load key [conv2.weight].length : 2400, cost time : 0m:0s:0ms
2024-11-15 10:44:17,692 - fed_utils - INFO - load key [conv2.bias].length : 16, cost time : 0m:0s:0ms
2024-11-15 10:44:17,693 - fed_utils - INFO - load key [fc1.weight].length : 48000, cost time : 0m:0s:1ms
2024-11-15 10:44:17,693 - fed_utils - INFO - load key [fc1.bias].length : 120, cost time : 0m:0s:0ms
2024-11-15 10:44:17,693 - fed_utils - INFO - load key [fc2.weight].length : 10080, cost time : 0m:0s:0ms
2024-11-15 10:44:17,694 - fed_utils - INFO - load key [fc2.bias].length : 84, cost time : 0m:0s:0ms
2024-11-15 10:44:24,522 - fed_utils - INFO - encrypting key [fc3.weight].length : 840, cost time : 0m:6s:828ms
2024-11-15 10:44:24,604 - fed_utils - INFO - encrypting key [fc3.bias].length : 10, cost time : 0m:0s:81ms
2024-11-15 10:44:24,604 - fl_main - INFO - Server receive client_dict[f_00013] info ...
2024-11-15 10:44:24,605 - fl_main - INFO - ----- client id [f_00014] -----
2024-11-15 10:44:24,606 - client_base - INFO - recover model cost time : 0m:0s:0ms
2024-11-15 10:44:24,606 - fl_main - INFO - client_dict[f_00014] training ...
2024-11-15 10:44:24,607 - client_base - INFO - client_dict[f_00014] training epoch : 0
2024-11-15 10:44:25,036 - client_base - INFO - local model train cost time : 0m:0s:428ms
2024-11-15 10:44:25,040 - client_base - INFO - model encode time : 0m:0s:3ms
2024-11-15 10:44:25,040 - fl_main - INFO - client_dict[f_00014] local model encrypting ...
2024-11-15 10:44:26,269 - fed_utils - INFO - encrypting key [conv1.weight].length : 150, cost time : 0m:1s:228ms
2024-11-15 10:44:26,318 - fed_utils - INFO - encrypting key [conv1.bias].length : 6, cost time : 0m:0s:48ms
2024-11-15 10:44:26,318 - fed_utils - INFO - load key [conv2.weight].length : 2400, cost time : 0m:0s:0ms
2024-11-15 10:44:26,318 - fed_utils - INFO - load key [conv2.bias].length : 16, cost time : 0m:0s:0ms
2024-11-15 10:44:26,319 - fed_utils - INFO - load key [fc1.weight].length : 48000, cost time : 0m:0s:1ms
2024-11-15 10:44:26,319 - fed_utils - INFO - load key [fc1.bias].length : 120, cost time : 0m:0s:0ms
2024-11-15 10:44:26,320 - fed_utils - INFO - load key [fc2.weight].length : 10080, cost time : 0m:0s:0ms
2024-11-15 10:44:26,320 - fed_utils - INFO - load key [fc2.bias].length : 84, cost time : 0m:0s:0ms
2024-11-15 10:44:33,198 - fed_utils - INFO - encrypting key [fc3.weight].length : 840, cost time : 0m:6s:877ms
2024-11-15 10:44:33,276 - fed_utils - INFO - encrypting key [fc3.bias].length : 10, cost time : 0m:0s:78ms
2024-11-15 10:44:33,276 - fl_main - INFO - Server receive client_dict[f_00014] info ...
2024-11-15 10:44:33,277 - fl_main - INFO - ----- client id [f_00015] -----
2024-11-15 10:44:33,278 - client_base - INFO - recover model cost time : 0m:0s:0ms
2024-11-15 10:44:33,278 - fl_main - INFO - client_dict[f_00015] training ...
2024-11-15 10:44:33,279 - client_base - INFO - client_dict[f_00015] training epoch : 0
2024-11-15 10:44:33,672 - client_base - INFO - local model train cost time : 0m:0s:393ms
2024-11-15 10:44:33,674 - client_base - INFO - model encode time : 0m:0s:1ms
2024-11-15 10:44:33,674 - fl_main - INFO - client_dict[f_00015] local model encrypting ...
2024-11-15 10:44:34,865 - fed_utils - INFO - encrypting key [conv1.weight].length : 150, cost time : 0m:1s:190ms
2024-11-15 10:44:34,914 - fed_utils - INFO - encrypting key [conv1.bias].length : 6, cost time : 0m:0s:49ms
2024-11-15 10:44:34,914 - fed_utils - INFO - load key [conv2.weight].length : 2400, cost time : 0m:0s:0ms
2024-11-15 10:44:34,915 - fed_utils - INFO - load key [conv2.bias].length : 16, cost time : 0m:0s:0ms
2024-11-15 10:44:34,916 - fed_utils - INFO - load key [fc1.weight].length : 48000, cost time : 0m:0s:1ms
2024-11-15 10:44:34,916 - fed_utils - INFO - load key [fc1.bias].length : 120, cost time : 0m:0s:0ms
2024-11-15 10:44:34,916 - fed_utils - INFO - load key [fc2.weight].length : 10080, cost time : 0m:0s:0ms
2024-11-15 10:44:34,916 - fed_utils - INFO - load key [fc2.bias].length : 84, cost time : 0m:0s:0ms
2024-11-15 10:44:41,591 - fed_utils - INFO - encrypting key [fc3.weight].length : 840, cost time : 0m:6s:674ms
2024-11-15 10:44:41,670 - fed_utils - INFO - encrypting key [fc3.bias].length : 10, cost time : 0m:0s:78ms
2024-11-15 10:44:41,670 - fl_main - INFO - Server receive client_dict[f_00015] info ...
2024-11-15 10:44:41,670 - fl_main - INFO - ----- client id [f_00016] -----
2024-11-15 10:44:41,671 - client_base - INFO - recover model cost time : 0m:0s:0ms
2024-11-15 10:44:41,672 - fl_main - INFO - client_dict[f_00016] training ...
2024-11-15 10:44:41,672 - client_base - INFO - client_dict[f_00016] training epoch : 0
2024-11-15 10:44:42,069 - client_base - INFO - local model train cost time : 0m:0s:397ms
2024-11-15 10:44:42,071 - client_base - INFO - model encode time : 0m:0s:1ms
2024-11-15 10:44:42,071 - fl_main - INFO - client_dict[f_00016] local model encrypting ...
2024-11-15 10:44:43,278 - fed_utils - INFO - encrypting key [conv1.weight].length : 150, cost time : 0m:1s:206ms
2024-11-15 10:44:43,328 - fed_utils - INFO - encrypting key [conv1.bias].length : 6, cost time : 0m:0s:50ms
2024-11-15 10:44:43,329 - fed_utils - INFO - load key [conv2.weight].length : 2400, cost time : 0m:0s:0ms
2024-11-15 10:44:43,329 - fed_utils - INFO - load key [conv2.bias].length : 16, cost time : 0m:0s:0ms
2024-11-15 10:44:43,330 - fed_utils - INFO - load key [fc1.weight].length : 48000, cost time : 0m:0s:1ms
2024-11-15 10:44:43,330 - fed_utils - INFO - load key [fc1.bias].length : 120, cost time : 0m:0s:0ms
2024-11-15 10:44:43,331 - fed_utils - INFO - load key [fc2.weight].length : 10080, cost time : 0m:0s:0ms
2024-11-15 10:44:43,331 - fed_utils - INFO - load key [fc2.bias].length : 84, cost time : 0m:0s:0ms
2024-11-15 10:44:50,103 - fed_utils - INFO - encrypting key [fc3.weight].length : 840, cost time : 0m:6s:772ms
2024-11-15 10:44:50,182 - fed_utils - INFO - encrypting key [fc3.bias].length : 10, cost time : 0m:0s:78ms
2024-11-15 10:44:50,182 - fl_main - INFO - Server receive client_dict[f_00016] info ...
2024-11-15 10:44:50,182 - fl_main - INFO - ----- client id [f_00017] -----
2024-11-15 10:44:50,183 - client_base - INFO - recover model cost time : 0m:0s:0ms
2024-11-15 10:44:50,183 - fl_main - INFO - client_dict[f_00017] training ...
2024-11-15 10:44:50,184 - client_base - INFO - client_dict[f_00017] training epoch : 0
2024-11-15 10:44:50,575 - client_base - INFO - local model train cost time : 0m:0s:390ms
2024-11-15 10:44:50,576 - client_base - INFO - model encode time : 0m:0s:1ms
2024-11-15 10:44:50,577 - fl_main - INFO - client_dict[f_00017] local model encrypting ...
2024-11-15 10:44:51,760 - fed_utils - INFO - encrypting key [conv1.weight].length : 150, cost time : 0m:1s:183ms
2024-11-15 10:44:51,808 - fed_utils - INFO - encrypting key [conv1.bias].length : 6, cost time : 0m:0s:47ms
2024-11-15 10:44:51,808 - fed_utils - INFO - load key [conv2.weight].length : 2400, cost time : 0m:0s:0ms
2024-11-15 10:44:51,808 - fed_utils - INFO - load key [conv2.bias].length : 16, cost time : 0m:0s:0ms
2024-11-15 10:44:51,809 - fed_utils - INFO - load key [fc1.weight].length : 48000, cost time : 0m:0s:1ms
2024-11-15 10:44:51,809 - fed_utils - INFO - load key [fc1.bias].length : 120, cost time : 0m:0s:0ms
2024-11-15 10:44:51,810 - fed_utils - INFO - load key [fc2.weight].length : 10080, cost time : 0m:0s:0ms
2024-11-15 10:44:51,810 - fed_utils - INFO - load key [fc2.bias].length : 84, cost time : 0m:0s:0ms
2024-11-15 10:44:58,471 - fed_utils - INFO - encrypting key [fc3.weight].length : 840, cost time : 0m:6s:661ms
2024-11-15 10:44:58,553 - fed_utils - INFO - encrypting key [fc3.bias].length : 10, cost time : 0m:0s:81ms
2024-11-15 10:44:58,553 - fl_main - INFO - Server receive client_dict[f_00017] info ...
2024-11-15 10:44:58,554 - fl_main - INFO - ----- client id [f_00018] -----
2024-11-15 10:44:58,555 - client_base - INFO - recover model cost time : 0m:0s:0ms
2024-11-15 10:44:58,555 - fl_main - INFO - client_dict[f_00018] training ...
2024-11-15 10:44:58,556 - client_base - INFO - client_dict[f_00018] training epoch : 0
2024-11-15 10:44:58,984 - client_base - INFO - local model train cost time : 0m:0s:428ms
2024-11-15 10:44:58,986 - client_base - INFO - model encode time : 0m:0s:1ms
2024-11-15 10:44:58,987 - fl_main - INFO - client_dict[f_00018] local model encrypting ...
2024-11-15 10:45:00,228 - fed_utils - INFO - encrypting key [conv1.weight].length : 150, cost time : 0m:1s:241ms
2024-11-15 10:45:00,281 - fed_utils - INFO - encrypting key [conv1.bias].length : 6, cost time : 0m:0s:52ms
2024-11-15 10:45:00,281 - fed_utils - INFO - load key [conv2.weight].length : 2400, cost time : 0m:0s:0ms
2024-11-15 10:45:00,281 - fed_utils - INFO - load key [conv2.bias].length : 16, cost time : 0m:0s:0ms
2024-11-15 10:45:00,283 - fed_utils - INFO - load key [fc1.weight].length : 48000, cost time : 0m:0s:1ms
2024-11-15 10:45:00,283 - fed_utils - INFO - load key [fc1.bias].length : 120, cost time : 0m:0s:0ms
2024-11-15 10:45:00,283 - fed_utils - INFO - load key [fc2.weight].length : 10080, cost time : 0m:0s:0ms
2024-11-15 10:45:00,283 - fed_utils - INFO - load key [fc2.bias].length : 84, cost time : 0m:0s:0ms
2024-11-15 10:45:07,204 - fed_utils - INFO - encrypting key [fc3.weight].length : 840, cost time : 0m:6s:920ms
2024-11-15 10:45:07,284 - fed_utils - INFO - encrypting key [fc3.bias].length : 10, cost time : 0m:0s:80ms
2024-11-15 10:45:07,284 - fl_main - INFO - Server receive client_dict[f_00018] info ...
2024-11-15 10:45:07,284 - fl_main - INFO - ----- client id [f_00019] -----
2024-11-15 10:45:07,286 - client_base - INFO - recover model cost time : 0m:0s:0ms
2024-11-15 10:45:07,286 - fl_main - INFO - client_dict[f_00019] training ...
2024-11-15 10:45:07,287 - client_base - INFO - client_dict[f_00019] training epoch : 0
2024-11-15 10:45:07,697 - client_base - INFO - local model train cost time : 0m:0s:410ms
2024-11-15 10:45:07,698 - client_base - INFO - model encode time : 0m:0s:1ms
2024-11-15 10:45:07,699 - fl_main - INFO - client_dict[f_00019] local model encrypting ...
2024-11-15 10:45:08,897 - fed_utils - INFO - encrypting key [conv1.weight].length : 150, cost time : 0m:1s:198ms
2024-11-15 10:45:08,946 - fed_utils - INFO - encrypting key [conv1.bias].length : 6, cost time : 0m:0s:49ms
2024-11-15 10:45:08,946 - fed_utils - INFO - load key [conv2.weight].length : 2400, cost time : 0m:0s:0ms
2024-11-15 10:45:08,947 - fed_utils - INFO - load key [conv2.bias].length : 16, cost time : 0m:0s:0ms
2024-11-15 10:45:08,948 - fed_utils - INFO - load key [fc1.weight].length : 48000, cost time : 0m:0s:1ms
2024-11-15 10:45:08,948 - fed_utils - INFO - load key [fc1.bias].length : 120, cost time : 0m:0s:0ms
2024-11-15 10:45:08,948 - fed_utils - INFO - load key [fc2.weight].length : 10080, cost time : 0m:0s:0ms
2024-11-15 10:45:08,948 - fed_utils - INFO - load key [fc2.bias].length : 84, cost time : 0m:0s:0ms
2024-11-15 10:45:15,950 - fed_utils - INFO - encrypting key [fc3.weight].length : 840, cost time : 0m:7s:1ms
2024-11-15 10:45:16,029 - fed_utils - INFO - encrypting key [fc3.bias].length : 10, cost time : 0m:0s:78ms
2024-11-15 10:45:16,029 - fl_main - INFO - Server receive client_dict[f_00019] info ...
2024-11-15 10:45:16,029 - fl_main - INFO - global aggregation process ...
2024-11-15 10:45:16,030 - fed_utils - INFO - server.n_data : 60000
2024-11-15 10:45:16,030 - fed_utils - INFO - client_dict[f_00000].weight : 0.050000
2024-11-15 10:45:16,030 - fed_utils - INFO - client_dict[f_00001].weight : 0.050000
2024-11-15 10:45:16,030 - fed_utils - INFO - client_dict[f_00002].weight : 0.050000
2024-11-15 10:45:16,030 - fed_utils - INFO - client_dict[f_00003].weight : 0.050000
2024-11-15 10:45:16,030 - fed_utils - INFO - client_dict[f_00004].weight : 0.050000
2024-11-15 10:45:16,030 - fed_utils - INFO - client_dict[f_00005].weight : 0.050000
2024-11-15 10:45:16,030 - fed_utils - INFO - client_dict[f_00006].weight : 0.050000
2024-11-15 10:45:16,030 - fed_utils - INFO - client_dict[f_00007].weight : 0.050000
2024-11-15 10:45:16,030 - fed_utils - INFO - client_dict[f_00008].weight : 0.050000
2024-11-15 10:45:16,030 - fed_utils - INFO - client_dict[f_00009].weight : 0.050000
2024-11-15 10:45:16,030 - fed_utils - INFO - client_dict[f_00010].weight : 0.050000
2024-11-15 10:45:16,030 - fed_utils - INFO - client_dict[f_00011].weight : 0.050000
2024-11-15 10:45:16,030 - fed_utils - INFO - client_dict[f_00012].weight : 0.050000
2024-11-15 10:45:16,030 - fed_utils - INFO - client_dict[f_00013].weight : 0.050000
2024-11-15 10:45:16,030 - fed_utils - INFO - client_dict[f_00014].weight : 0.050000
2024-11-15 10:45:16,030 - fed_utils - INFO - client_dict[f_00015].weight : 0.050000
2024-11-15 10:45:16,030 - fed_utils - INFO - client_dict[f_00016].weight : 0.050000
2024-11-15 10:45:16,030 - fed_utils - INFO - client_dict[f_00017].weight : 0.050000
2024-11-15 10:45:16,030 - fed_utils - INFO - client_dict[f_00018].weight : 0.050000
2024-11-15 10:45:16,030 - fed_utils - INFO - client_dict[f_00019].weight : 0.050000
2024-11-15 10:45:16,030 - fed_utils - INFO - recover secret number by clients: 789319.750000
2024-11-15 10:45:16,030 - server_base - INFO - Server aggregate model with homomorphic encryption ...
2024-11-15 10:45:22,977 - server_base - INFO - Server aggregate model done, cost time : 0m:6s:946ms
2024-11-15 10:45:23,331 - fed_utils - INFO - decrypting key [conv1.weight].shape [torch.Size([6, 1, 5, 5])]
2024-11-15 10:45:23,345 - fed_utils - INFO - decrypting key [conv1.bias].shape [torch.Size([6])]
2024-11-15 10:45:23,346 - fed_utils - INFO - decrypting key [conv2.weight].shape [torch.Size([16, 6, 5, 5])]
2024-11-15 10:45:23,346 - fed_utils - INFO - decrypting key [conv2.bias].shape [torch.Size([16])]
2024-11-15 10:45:23,346 - fed_utils - INFO - decrypting key [fc1.weight].shape [torch.Size([120, 400])]
2024-11-15 10:45:23,346 - fed_utils - INFO - decrypting key [fc1.bias].shape [torch.Size([120])]
2024-11-15 10:45:23,346 - fed_utils - INFO - decrypting key [fc2.weight].shape [torch.Size([84, 120])]
2024-11-15 10:45:23,346 - fed_utils - INFO - decrypting key [fc2.bias].shape [torch.Size([84])]
2024-11-15 10:45:25,369 - fed_utils - INFO - decrypting key [fc3.weight].shape [torch.Size([10, 84])]
2024-11-15 10:45:25,392 - fed_utils - INFO - decrypting key [fc3.bias].shape [torch.Size([10])]
2024-11-15 10:45:25,392 - fed_utils - INFO - decrypt time : [0m:2s:414ms]
2024-11-15 10:45:25,407 - fl_main - INFO - [global round : 9] aggregated model accuracy : 0.5880000000000001
2024-11-15 10:45:25,408 - fl_main - INFO - [global round : 9] aggregated model loss : 1.5807987750415355
2024-11-15 10:45:25,408 - fl_main - INFO - global round : 10
2024-11-15 10:45:25,409 - fl_main - INFO - the random client id to test accuracy : f_00009
2024-11-15 10:45:25,409 - fl_main - INFO - ----- client id [f_00000] -----
2024-11-15 10:45:25,410 - client_base - INFO - recover model cost time : 0m:0s:0ms
2024-11-15 10:45:25,410 - fl_main - INFO - client_dict[f_00000] training ...
2024-11-15 10:45:25,411 - client_base - INFO - client_dict[f_00000] training epoch : 0
2024-11-15 10:45:25,838 - client_base - INFO - local model train cost time : 0m:0s:426ms
2024-11-15 10:45:25,839 - client_base - INFO - model encode time : 0m:0s:1ms
2024-11-15 10:45:25,840 - fl_main - INFO - client_dict[f_00000] local model encrypting ...
2024-11-15 10:45:27,075 - fed_utils - INFO - encrypting key [conv1.weight].length : 150, cost time : 0m:1s:235ms
2024-11-15 10:45:27,124 - fed_utils - INFO - encrypting key [conv1.bias].length : 6, cost time : 0m:0s:48ms
2024-11-15 10:45:27,124 - fed_utils - INFO - load key [conv2.weight].length : 2400, cost time : 0m:0s:0ms
2024-11-15 10:45:27,124 - fed_utils - INFO - load key [conv2.bias].length : 16, cost time : 0m:0s:0ms
2024-11-15 10:45:27,126 - fed_utils - INFO - load key [fc1.weight].length : 48000, cost time : 0m:0s:1ms
2024-11-15 10:45:27,126 - fed_utils - INFO - load key [fc1.bias].length : 120, cost time : 0m:0s:0ms
2024-11-15 10:45:27,126 - fed_utils - INFO - load key [fc2.weight].length : 10080, cost time : 0m:0s:0ms
2024-11-15 10:45:27,126 - fed_utils - INFO - load key [fc2.bias].length : 84, cost time : 0m:0s:0ms
2024-11-15 10:45:34,037 - fed_utils - INFO - encrypting key [fc3.weight].length : 840, cost time : 0m:6s:911ms
2024-11-15 10:45:34,120 - fed_utils - INFO - encrypting key [fc3.bias].length : 10, cost time : 0m:0s:83ms
2024-11-15 10:45:34,122 - fl_main - INFO - Server receive client_dict[f_00000] info ...
2024-11-15 10:45:34,122 - fl_main - INFO - ----- client id [f_00001] -----
2024-11-15 10:45:34,123 - client_base - INFO - recover model cost time : 0m:0s:0ms
2024-11-15 10:45:34,124 - fl_main - INFO - client_dict[f_00001] training ...
2024-11-15 10:45:34,124 - client_base - INFO - client_dict[f_00001] training epoch : 0
2024-11-15 10:45:34,523 - client_base - INFO - local model train cost time : 0m:0s:398ms
2024-11-15 10:45:34,525 - client_base - INFO - model encode time : 0m:0s:1ms
2024-11-15 10:45:34,525 - fl_main - INFO - client_dict[f_00001] local model encrypting ...
2024-11-15 10:45:35,728 - fed_utils - INFO - encrypting key [conv1.weight].length : 150, cost time : 0m:1s:202ms
2024-11-15 10:45:35,775 - fed_utils - INFO - encrypting key [conv1.bias].length : 6, cost time : 0m:0s:47ms
2024-11-15 10:45:35,775 - fed_utils - INFO - load key [conv2.weight].length : 2400, cost time : 0m:0s:0ms
2024-11-15 10:45:35,776 - fed_utils - INFO - load key [conv2.bias].length : 16, cost time : 0m:0s:0ms
2024-11-15 10:45:35,777 - fed_utils - INFO - load key [fc1.weight].length : 48000, cost time : 0m:0s:0ms
2024-11-15 10:45:35,777 - fed_utils - INFO - load key [fc1.bias].length : 120, cost time : 0m:0s:0ms
2024-11-15 10:45:35,777 - fed_utils - INFO - load key [fc2.weight].length : 10080, cost time : 0m:0s:0ms
2024-11-15 10:45:35,777 - fed_utils - INFO - load key [fc2.bias].length : 84, cost time : 0m:0s:0ms
2024-11-15 10:45:42,646 - fed_utils - INFO - encrypting key [fc3.weight].length : 840, cost time : 0m:6s:868ms
2024-11-15 10:45:42,725 - fed_utils - INFO - encrypting key [fc3.bias].length : 10, cost time : 0m:0s:78ms
2024-11-15 10:45:42,725 - fl_main - INFO - Server receive client_dict[f_00001] info ...
2024-11-15 10:45:42,725 - fl_main - INFO - ----- client id [f_00002] -----
2024-11-15 10:45:42,726 - client_base - INFO - recover model cost time : 0m:0s:0ms
2024-11-15 10:45:42,726 - fl_main - INFO - client_dict[f_00002] training ...
2024-11-15 10:45:42,727 - client_base - INFO - client_dict[f_00002] training epoch : 0
2024-11-15 10:45:43,118 - client_base - INFO - local model train cost time : 0m:0s:390ms
2024-11-15 10:45:43,119 - client_base - INFO - model encode time : 0m:0s:1ms
2024-11-15 10:45:43,120 - fl_main - INFO - client_dict[f_00002] local model encrypting ...
2024-11-15 10:45:44,442 - fed_utils - INFO - encrypting key [conv1.weight].length : 150, cost time : 0m:1s:321ms
2024-11-15 10:45:44,518 - fed_utils - INFO - encrypting key [conv1.bias].length : 6, cost time : 0m:0s:76ms
2024-11-15 10:45:44,519 - fed_utils - INFO - load key [conv2.weight].length : 2400, cost time : 0m:0s:0ms
2024-11-15 10:45:44,519 - fed_utils - INFO - load key [conv2.bias].length : 16, cost time : 0m:0s:0ms
2024-11-15 10:45:44,520 - fed_utils - INFO - load key [fc1.weight].length : 48000, cost time : 0m:0s:1ms
2024-11-15 10:45:44,520 - fed_utils - INFO - load key [fc1.bias].length : 120, cost time : 0m:0s:0ms
2024-11-15 10:45:44,520 - fed_utils - INFO - load key [fc2.weight].length : 10080, cost time : 0m:0s:0ms
2024-11-15 10:45:44,520 - fed_utils - INFO - load key [fc2.bias].length : 84, cost time : 0m:0s:0ms
2024-11-15 10:45:51,864 - fed_utils - INFO - encrypting key [fc3.weight].length : 840, cost time : 0m:7s:343ms
2024-11-15 10:45:51,947 - fed_utils - INFO - encrypting key [fc3.bias].length : 10, cost time : 0m:0s:82ms
2024-11-15 10:45:51,947 - fl_main - INFO - Server receive client_dict[f_00002] info ...
2024-11-15 10:45:51,948 - fl_main - INFO - ----- client id [f_00003] -----
2024-11-15 10:45:51,949 - client_base - INFO - recover model cost time : 0m:0s:0ms
2024-11-15 10:45:51,949 - fl_main - INFO - client_dict[f_00003] training ...
2024-11-15 10:45:51,951 - client_base - INFO - client_dict[f_00003] training epoch : 0
2024-11-15 10:45:52,383 - client_base - INFO - local model train cost time : 0m:0s:432ms
2024-11-15 10:45:52,385 - client_base - INFO - model encode time : 0m:0s:1ms
2024-11-15 10:45:52,385 - fl_main - INFO - client_dict[f_00003] local model encrypting ...
2024-11-15 10:45:53,802 - fed_utils - INFO - encrypting key [conv1.weight].length : 150, cost time : 0m:1s:416ms
2024-11-15 10:45:53,865 - fed_utils - INFO - encrypting key [conv1.bias].length : 6, cost time : 0m:0s:62ms
2024-11-15 10:45:53,866 - fed_utils - INFO - load key [conv2.weight].length : 2400, cost time : 0m:0s:0ms
2024-11-15 10:45:53,866 - fed_utils - INFO - load key [conv2.bias].length : 16, cost time : 0m:0s:0ms
2024-11-15 10:45:53,867 - fed_utils - INFO - load key [fc1.weight].length : 48000, cost time : 0m:0s:1ms
2024-11-15 10:45:53,867 - fed_utils - INFO - load key [fc1.bias].length : 120, cost time : 0m:0s:0ms
2024-11-15 10:45:53,868 - fed_utils - INFO - load key [fc2.weight].length : 10080, cost time : 0m:0s:0ms
2024-11-15 10:45:53,868 - fed_utils - INFO - load key [fc2.bias].length : 84, cost time : 0m:0s:0ms
2024-11-15 10:46:00,647 - fed_utils - INFO - encrypting key [fc3.weight].length : 840, cost time : 0m:6s:778ms
2024-11-15 10:46:00,729 - fed_utils - INFO - encrypting key [fc3.bias].length : 10, cost time : 0m:0s:82ms
2024-11-15 10:46:00,729 - fl_main - INFO - Server receive client_dict[f_00003] info ...
2024-11-15 10:46:00,729 - fl_main - INFO - ----- client id [f_00004] -----
2024-11-15 10:46:00,731 - client_base - INFO - recover model cost time : 0m:0s:0ms
2024-11-15 10:46:00,731 - fl_main - INFO - client_dict[f_00004] training ...
2024-11-15 10:46:00,731 - client_base - INFO - client_dict[f_00004] training epoch : 0
2024-11-15 10:46:01,126 - client_base - INFO - local model train cost time : 0m:0s:394ms
2024-11-15 10:46:01,127 - client_base - INFO - model encode time : 0m:0s:1ms
2024-11-15 10:46:01,127 - fl_main - INFO - client_dict[f_00004] local model encrypting ...
2024-11-15 10:46:02,324 - fed_utils - INFO - encrypting key [conv1.weight].length : 150, cost time : 0m:1s:196ms
2024-11-15 10:46:02,372 - fed_utils - INFO - encrypting key [conv1.bias].length : 6, cost time : 0m:0s:47ms
2024-11-15 10:46:02,372 - fed_utils - INFO - load key [conv2.weight].length : 2400, cost time : 0m:0s:0ms
2024-11-15 10:46:02,372 - fed_utils - INFO - load key [conv2.bias].length : 16, cost time : 0m:0s:0ms
2024-11-15 10:46:02,373 - fed_utils - INFO - load key [fc1.weight].length : 48000, cost time : 0m:0s:1ms
2024-11-15 10:46:02,373 - fed_utils - INFO - load key [fc1.bias].length : 120, cost time : 0m:0s:0ms
2024-11-15 10:46:02,374 - fed_utils - INFO - load key [fc2.weight].length : 10080, cost time : 0m:0s:0ms
2024-11-15 10:46:02,374 - fed_utils - INFO - load key [fc2.bias].length : 84, cost time : 0m:0s:0ms
2024-11-15 10:46:09,453 - fed_utils - INFO - encrypting key [fc3.weight].length : 840, cost time : 0m:7s:79ms
2024-11-15 10:46:09,533 - fed_utils - INFO - encrypting key [fc3.bias].length : 10, cost time : 0m:0s:79ms
2024-11-15 10:46:09,533 - fl_main - INFO - Server receive client_dict[f_00004] info ...
2024-11-15 10:46:09,533 - fl_main - INFO - ----- client id [f_00005] -----
2024-11-15 10:46:09,534 - client_base - INFO - recover model cost time : 0m:0s:0ms
2024-11-15 10:46:09,535 - fl_main - INFO - client_dict[f_00005] training ...
2024-11-15 10:46:09,535 - client_base - INFO - client_dict[f_00005] training epoch : 0
2024-11-15 10:46:09,944 - client_base - INFO - local model train cost time : 0m:0s:408ms
2024-11-15 10:46:09,946 - client_base - INFO - model encode time : 0m:0s:1ms
2024-11-15 10:46:09,946 - fl_main - INFO - client_dict[f_00005] local model encrypting ...
2024-11-15 10:46:11,276 - fed_utils - INFO - encrypting key [conv1.weight].length : 150, cost time : 0m:1s:329ms
2024-11-15 10:46:11,328 - fed_utils - INFO - encrypting key [conv1.bias].length : 6, cost time : 0m:0s:51ms
2024-11-15 10:46:11,328 - fed_utils - INFO - load key [conv2.weight].length : 2400, cost time : 0m:0s:0ms
2024-11-15 10:46:11,328 - fed_utils - INFO - load key [conv2.bias].length : 16, cost time : 0m:0s:0ms
2024-11-15 10:46:11,330 - fed_utils - INFO - load key [fc1.weight].length : 48000, cost time : 0m:0s:1ms
2024-11-15 10:46:11,330 - fed_utils - INFO - load key [fc1.bias].length : 120, cost time : 0m:0s:0ms
2024-11-15 10:46:11,330 - fed_utils - INFO - load key [fc2.weight].length : 10080, cost time : 0m:0s:0ms
2024-11-15 10:46:11,330 - fed_utils - INFO - load key [fc2.bias].length : 84, cost time : 0m:0s:0ms
2024-11-15 10:46:18,544 - fed_utils - INFO - encrypting key [fc3.weight].length : 840, cost time : 0m:7s:213ms
2024-11-15 10:46:18,634 - fed_utils - INFO - encrypting key [fc3.bias].length : 10, cost time : 0m:0s:90ms
2024-11-15 10:46:18,634 - fl_main - INFO - Server receive client_dict[f_00005] info ...
2024-11-15 10:46:18,635 - fl_main - INFO - ----- client id [f_00006] -----
2024-11-15 10:46:18,636 - client_base - INFO - recover model cost time : 0m:0s:0ms
2024-11-15 10:46:18,636 - fl_main - INFO - client_dict[f_00006] training ...
2024-11-15 10:46:18,638 - client_base - INFO - client_dict[f_00006] training epoch : 0
2024-11-15 10:46:19,052 - client_base - INFO - local model train cost time : 0m:0s:414ms
2024-11-15 10:46:19,054 - client_base - INFO - model encode time : 0m:0s:1ms
2024-11-15 10:46:19,054 - fl_main - INFO - client_dict[f_00006] local model encrypting ...
2024-11-15 10:46:20,244 - fed_utils - INFO - encrypting key [conv1.weight].length : 150, cost time : 0m:1s:190ms
2024-11-15 10:46:20,292 - fed_utils - INFO - encrypting key [conv1.bias].length : 6, cost time : 0m:0s:47ms
2024-11-15 10:46:20,292 - fed_utils - INFO - load key [conv2.weight].length : 2400, cost time : 0m:0s:0ms
2024-11-15 10:46:20,292 - fed_utils - INFO - load key [conv2.bias].length : 16, cost time : 0m:0s:0ms
2024-11-15 10:46:20,293 - fed_utils - INFO - load key [fc1.weight].length : 48000, cost time : 0m:0s:0ms
2024-11-15 10:46:20,293 - fed_utils - INFO - load key [fc1.bias].length : 120, cost time : 0m:0s:0ms
2024-11-15 10:46:20,293 - fed_utils - INFO - load key [fc2.weight].length : 10080, cost time : 0m:0s:0ms
2024-11-15 10:46:20,293 - fed_utils - INFO - load key [fc2.bias].length : 84, cost time : 0m:0s:0ms
2024-11-15 10:46:27,280 - fed_utils - INFO - encrypting key [fc3.weight].length : 840, cost time : 0m:6s:986ms
2024-11-15 10:46:27,359 - fed_utils - INFO - encrypting key [fc3.bias].length : 10, cost time : 0m:0s:79ms
2024-11-15 10:46:27,360 - fl_main - INFO - Server receive client_dict[f_00006] info ...
2024-11-15 10:46:27,360 - fl_main - INFO - ----- client id [f_00007] -----
2024-11-15 10:46:27,361 - client_base - INFO - recover model cost time : 0m:0s:0ms
2024-11-15 10:46:27,361 - fl_main - INFO - client_dict[f_00007] training ...
2024-11-15 10:46:27,362 - client_base - INFO - client_dict[f_00007] training epoch : 0
2024-11-15 10:46:27,765 - client_base - INFO - local model train cost time : 0m:0s:402ms
2024-11-15 10:46:27,766 - client_base - INFO - model encode time : 0m:0s:1ms
2024-11-15 10:46:27,766 - fl_main - INFO - client_dict[f_00007] local model encrypting ...
2024-11-15 10:46:28,973 - fed_utils - INFO - encrypting key [conv1.weight].length : 150, cost time : 0m:1s:206ms
2024-11-15 10:46:29,037 - fed_utils - INFO - encrypting key [conv1.bias].length : 6, cost time : 0m:0s:63ms
2024-11-15 10:46:29,037 - fed_utils - INFO - load key [conv2.weight].length : 2400, cost time : 0m:0s:0ms
2024-11-15 10:46:29,037 - fed_utils - INFO - load key [conv2.bias].length : 16, cost time : 0m:0s:0ms
2024-11-15 10:46:29,039 - fed_utils - INFO - load key [fc1.weight].length : 48000, cost time : 0m:0s:1ms
2024-11-15 10:46:29,039 - fed_utils - INFO - load key [fc1.bias].length : 120, cost time : 0m:0s:0ms
2024-11-15 10:46:29,039 - fed_utils - INFO - load key [fc2.weight].length : 10080, cost time : 0m:0s:0ms
2024-11-15 10:46:29,039 - fed_utils - INFO - load key [fc2.bias].length : 84, cost time : 0m:0s:0ms
2024-11-15 10:46:36,440 - fed_utils - INFO - encrypting key [fc3.weight].length : 840, cost time : 0m:7s:401ms
2024-11-15 10:46:36,559 - fed_utils - INFO - encrypting key [fc3.bias].length : 10, cost time : 0m:0s:118ms
2024-11-15 10:46:36,559 - fl_main - INFO - Server receive client_dict[f_00007] info ...
2024-11-15 10:46:36,560 - fl_main - INFO - ----- client id [f_00008] -----
2024-11-15 10:46:36,561 - client_base - INFO - recover model cost time : 0m:0s:0ms
2024-11-15 10:46:36,562 - fl_main - INFO - client_dict[f_00008] training ...
2024-11-15 10:46:36,563 - client_base - INFO - client_dict[f_00008] training epoch : 0
2024-11-15 10:46:36,958 - client_base - INFO - local model train cost time : 0m:0s:395ms
2024-11-15 10:46:36,959 - client_base - INFO - model encode time : 0m:0s:1ms
2024-11-15 10:46:36,959 - fl_main - INFO - client_dict[f_00008] local model encrypting ...
2024-11-15 10:46:38,155 - fed_utils - INFO - encrypting key [conv1.weight].length : 150, cost time : 0m:1s:195ms
2024-11-15 10:46:38,203 - fed_utils - INFO - encrypting key [conv1.bias].length : 6, cost time : 0m:0s:47ms
2024-11-15 10:46:38,203 - fed_utils - INFO - load key [conv2.weight].length : 2400, cost time : 0m:0s:0ms
2024-11-15 10:46:38,203 - fed_utils - INFO - load key [conv2.bias].length : 16, cost time : 0m:0s:0ms
2024-11-15 10:46:38,204 - fed_utils - INFO - load key [fc1.weight].length : 48000, cost time : 0m:0s:1ms
2024-11-15 10:46:38,205 - fed_utils - INFO - load key [fc1.bias].length : 120, cost time : 0m:0s:0ms
2024-11-15 10:46:38,205 - fed_utils - INFO - load key [fc2.weight].length : 10080, cost time : 0m:0s:0ms
2024-11-15 10:46:38,205 - fed_utils - INFO - load key [fc2.bias].length : 84, cost time : 0m:0s:0ms
2024-11-15 10:46:45,215 - fed_utils - INFO - encrypting key [fc3.weight].length : 840, cost time : 0m:7s:9ms
2024-11-15 10:46:45,295 - fed_utils - INFO - encrypting key [fc3.bias].length : 10, cost time : 0m:0s:79ms
2024-11-15 10:46:45,295 - fl_main - INFO - Server receive client_dict[f_00008] info ...
2024-11-15 10:46:45,295 - fl_main - INFO - ----- client id [f_00009] -----
2024-11-15 10:46:45,296 - client_base - INFO - recover model cost time : 0m:0s:0ms
2024-11-15 10:46:46,102 - fl_main - INFO - global round [10] client_dict[f_00009].accuracy : 0.643900
2024-11-15 10:46:46,102 - fl_main - INFO - client_dict[f_00009] training ...
2024-11-15 10:46:46,102 - client_base - INFO - client_dict[f_00009] training epoch : 0
2024-11-15 10:46:46,504 - client_base - INFO - local model train cost time : 0m:0s:401ms
2024-11-15 10:46:46,505 - client_base - INFO - model encode time : 0m:0s:1ms
2024-11-15 10:46:46,505 - fl_main - INFO - client_dict[f_00009] local model encrypting ...
2024-11-15 10:46:47,995 - fed_utils - INFO - encrypting key [conv1.weight].length : 150, cost time : 0m:1s:489ms
2024-11-15 10:46:48,044 - fed_utils - INFO - encrypting key [conv1.bias].length : 6, cost time : 0m:0s:48ms
2024-11-15 10:46:48,044 - fed_utils - INFO - load key [conv2.weight].length : 2400, cost time : 0m:0s:0ms
2024-11-15 10:46:48,044 - fed_utils - INFO - load key [conv2.bias].length : 16, cost time : 0m:0s:0ms
2024-11-15 10:46:48,045 - fed_utils - INFO - load key [fc1.weight].length : 48000, cost time : 0m:0s:0ms
2024-11-15 10:46:48,045 - fed_utils - INFO - load key [fc1.bias].length : 120, cost time : 0m:0s:0ms
2024-11-15 10:46:48,046 - fed_utils - INFO - load key [fc2.weight].length : 10080, cost time : 0m:0s:0ms
2024-11-15 10:46:48,046 - fed_utils - INFO - load key [fc2.bias].length : 84, cost time : 0m:0s:0ms
2024-11-15 10:46:54,817 - fed_utils - INFO - encrypting key [fc3.weight].length : 840, cost time : 0m:6s:770ms
2024-11-15 10:46:54,901 - fed_utils - INFO - encrypting key [fc3.bias].length : 10, cost time : 0m:0s:84ms
2024-11-15 10:46:54,901 - fl_main - INFO - Server receive client_dict[f_00009] info ...
2024-11-15 10:46:54,901 - fl_main - INFO - ----- client id [f_00010] -----
2024-11-15 10:46:54,903 - client_base - INFO - recover model cost time : 0m:0s:0ms
2024-11-15 10:46:54,903 - fl_main - INFO - client_dict[f_00010] training ...
2024-11-15 10:46:54,903 - client_base - INFO - client_dict[f_00010] training epoch : 0
2024-11-15 10:46:55,288 - client_base - INFO - local model train cost time : 0m:0s:384ms
2024-11-15 10:46:55,289 - client_base - INFO - model encode time : 0m:0s:1ms
2024-11-15 10:46:55,289 - fl_main - INFO - client_dict[f_00010] local model encrypting ...
2024-11-15 10:46:56,515 - fed_utils - INFO - encrypting key [conv1.weight].length : 150, cost time : 0m:1s:225ms
2024-11-15 10:46:56,563 - fed_utils - INFO - encrypting key [conv1.bias].length : 6, cost time : 0m:0s:48ms
2024-11-15 10:46:56,563 - fed_utils - INFO - load key [conv2.weight].length : 2400, cost time : 0m:0s:0ms
2024-11-15 10:46:56,563 - fed_utils - INFO - load key [conv2.bias].length : 16, cost time : 0m:0s:0ms
2024-11-15 10:46:56,564 - fed_utils - INFO - load key [fc1.weight].length : 48000, cost time : 0m:0s:0ms
2024-11-15 10:46:56,564 - fed_utils - INFO - load key [fc1.bias].length : 120, cost time : 0m:0s:0ms
2024-11-15 10:46:56,564 - fed_utils - INFO - load key [fc2.weight].length : 10080, cost time : 0m:0s:0ms
2024-11-15 10:46:56,564 - fed_utils - INFO - load key [fc2.bias].length : 84, cost time : 0m:0s:0ms
2024-11-15 10:47:03,442 - fed_utils - INFO - encrypting key [fc3.weight].length : 840, cost time : 0m:6s:877ms
2024-11-15 10:47:03,521 - fed_utils - INFO - encrypting key [fc3.bias].length : 10, cost time : 0m:0s:78ms
2024-11-15 10:47:03,521 - fl_main - INFO - Server receive client_dict[f_00010] info ...
2024-11-15 10:47:03,521 - fl_main - INFO - ----- client id [f_00011] -----
2024-11-15 10:47:03,522 - client_base - INFO - recover model cost time : 0m:0s:0ms
2024-11-15 10:47:03,523 - fl_main - INFO - client_dict[f_00011] training ...
2024-11-15 10:47:03,523 - client_base - INFO - client_dict[f_00011] training epoch : 0
2024-11-15 10:47:03,935 - client_base - INFO - local model train cost time : 0m:0s:411ms
2024-11-15 10:47:03,936 - client_base - INFO - model encode time : 0m:0s:1ms
2024-11-15 10:47:03,937 - fl_main - INFO - client_dict[f_00011] local model encrypting ...
2024-11-15 10:47:05,147 - fed_utils - INFO - encrypting key [conv1.weight].length : 150, cost time : 0m:1s:210ms
2024-11-15 10:47:05,200 - fed_utils - INFO - encrypting key [conv1.bias].length : 6, cost time : 0m:0s:52ms
2024-11-15 10:47:05,201 - fed_utils - INFO - load key [conv2.weight].length : 2400, cost time : 0m:0s:0ms
2024-11-15 10:47:05,201 - fed_utils - INFO - load key [conv2.bias].length : 16, cost time : 0m:0s:0ms
2024-11-15 10:47:05,202 - fed_utils - INFO - load key [fc1.weight].length : 48000, cost time : 0m:0s:1ms
2024-11-15 10:47:05,202 - fed_utils - INFO - load key [fc1.bias].length : 120, cost time : 0m:0s:0ms
2024-11-15 10:47:05,202 - fed_utils - INFO - load key [fc2.weight].length : 10080, cost time : 0m:0s:0ms
2024-11-15 10:47:05,202 - fed_utils - INFO - load key [fc2.bias].length : 84, cost time : 0m:0s:0ms
2024-11-15 10:47:12,104 - fed_utils - INFO - encrypting key [fc3.weight].length : 840, cost time : 0m:6s:902ms
2024-11-15 10:47:12,183 - fed_utils - INFO - encrypting key [fc3.bias].length : 10, cost time : 0m:0s:78ms
2024-11-15 10:47:12,183 - fl_main - INFO - Server receive client_dict[f_00011] info ...
2024-11-15 10:47:12,183 - fl_main - INFO - ----- client id [f_00012] -----
2024-11-15 10:47:12,185 - client_base - INFO - recover model cost time : 0m:0s:0ms
2024-11-15 10:47:12,185 - fl_main - INFO - client_dict[f_00012] training ...
2024-11-15 10:47:12,185 - client_base - INFO - client_dict[f_00012] training epoch : 0
2024-11-15 10:47:12,564 - client_base - INFO - local model train cost time : 0m:0s:378ms
2024-11-15 10:47:12,566 - client_base - INFO - model encode time : 0m:0s:1ms
2024-11-15 10:47:12,566 - fl_main - INFO - client_dict[f_00012] local model encrypting ...
2024-11-15 10:47:13,794 - fed_utils - INFO - encrypting key [conv1.weight].length : 150, cost time : 0m:1s:227ms
2024-11-15 10:47:13,844 - fed_utils - INFO - encrypting key [conv1.bias].length : 6, cost time : 0m:0s:49ms
2024-11-15 10:47:13,844 - fed_utils - INFO - load key [conv2.weight].length : 2400, cost time : 0m:0s:0ms
2024-11-15 10:47:13,844 - fed_utils - INFO - load key [conv2.bias].length : 16, cost time : 0m:0s:0ms
2024-11-15 10:47:13,845 - fed_utils - INFO - load key [fc1.weight].length : 48000, cost time : 0m:0s:0ms
2024-11-15 10:47:13,845 - fed_utils - INFO - load key [fc1.bias].length : 120, cost time : 0m:0s:0ms
2024-11-15 10:47:13,845 - fed_utils - INFO - load key [fc2.weight].length : 10080, cost time : 0m:0s:0ms
2024-11-15 10:47:13,845 - fed_utils - INFO - load key [fc2.bias].length : 84, cost time : 0m:0s:0ms
2024-11-15 10:47:21,071 - fed_utils - INFO - encrypting key [fc3.weight].length : 840, cost time : 0m:7s:225ms
2024-11-15 10:47:21,150 - fed_utils - INFO - encrypting key [fc3.bias].length : 10, cost time : 0m:0s:78ms
2024-11-15 10:47:21,150 - fl_main - INFO - Server receive client_dict[f_00012] info ...
2024-11-15 10:47:21,150 - fl_main - INFO - ----- client id [f_00013] -----
2024-11-15 10:47:21,152 - client_base - INFO - recover model cost time : 0m:0s:0ms
2024-11-15 10:47:21,152 - fl_main - INFO - client_dict[f_00013] training ...
2024-11-15 10:47:21,152 - client_base - INFO - client_dict[f_00013] training epoch : 0
2024-11-15 10:47:21,675 - client_base - INFO - local model train cost time : 0m:0s:522ms
2024-11-15 10:47:21,677 - client_base - INFO - model encode time : 0m:0s:1ms
2024-11-15 10:47:21,677 - fl_main - INFO - client_dict[f_00013] local model encrypting ...
2024-11-15 10:47:22,865 - fed_utils - INFO - encrypting key [conv1.weight].length : 150, cost time : 0m:1s:188ms
2024-11-15 10:47:22,913 - fed_utils - INFO - encrypting key [conv1.bias].length : 6, cost time : 0m:0s:47ms
2024-11-15 10:47:22,913 - fed_utils - INFO - load key [conv2.weight].length : 2400, cost time : 0m:0s:0ms
2024-11-15 10:47:22,913 - fed_utils - INFO - load key [conv2.bias].length : 16, cost time : 0m:0s:0ms
2024-11-15 10:47:22,914 - fed_utils - INFO - load key [fc1.weight].length : 48000, cost time : 0m:0s:0ms
2024-11-15 10:47:22,914 - fed_utils - INFO - load key [fc1.bias].length : 120, cost time : 0m:0s:0ms
2024-11-15 10:47:22,915 - fed_utils - INFO - load key [fc2.weight].length : 10080, cost time : 0m:0s:0ms
2024-11-15 10:47:22,915 - fed_utils - INFO - load key [fc2.bias].length : 84, cost time : 0m:0s:0ms
2024-11-15 10:47:30,019 - fed_utils - INFO - encrypting key [fc3.weight].length : 840, cost time : 0m:7s:104ms
2024-11-15 10:47:30,100 - fed_utils - INFO - encrypting key [fc3.bias].length : 10, cost time : 0m:0s:80ms
2024-11-15 10:47:30,100 - fl_main - INFO - Server receive client_dict[f_00013] info ...
2024-11-15 10:47:30,100 - fl_main - INFO - ----- client id [f_00014] -----
2024-11-15 10:47:30,101 - client_base - INFO - recover model cost time : 0m:0s:0ms
2024-11-15 10:47:30,101 - fl_main - INFO - client_dict[f_00014] training ...
2024-11-15 10:47:30,102 - client_base - INFO - client_dict[f_00014] training epoch : 0
2024-11-15 10:47:30,509 - client_base - INFO - local model train cost time : 0m:0s:407ms
2024-11-15 10:47:30,511 - client_base - INFO - model encode time : 0m:0s:1ms
2024-11-15 10:47:30,511 - fl_main - INFO - client_dict[f_00014] local model encrypting ...
2024-11-15 10:47:31,727 - fed_utils - INFO - encrypting key [conv1.weight].length : 150, cost time : 0m:1s:215ms
2024-11-15 10:47:31,779 - fed_utils - INFO - encrypting key [conv1.bias].length : 6, cost time : 0m:0s:51ms
2024-11-15 10:47:31,779 - fed_utils - INFO - load key [conv2.weight].length : 2400, cost time : 0m:0s:0ms
2024-11-15 10:47:31,779 - fed_utils - INFO - load key [conv2.bias].length : 16, cost time : 0m:0s:0ms
2024-11-15 10:47:31,780 - fed_utils - INFO - load key [fc1.weight].length : 48000, cost time : 0m:0s:0ms
2024-11-15 10:47:31,780 - fed_utils - INFO - load key [fc1.bias].length : 120, cost time : 0m:0s:0ms
2024-11-15 10:47:31,780 - fed_utils - INFO - load key [fc2.weight].length : 10080, cost time : 0m:0s:0ms
2024-11-15 10:47:31,780 - fed_utils - INFO - load key [fc2.bias].length : 84, cost time : 0m:0s:0ms
2024-11-15 10:47:38,936 - fed_utils - INFO - encrypting key [fc3.weight].length : 840, cost time : 0m:7s:155ms
2024-11-15 10:47:39,015 - fed_utils - INFO - encrypting key [fc3.bias].length : 10, cost time : 0m:0s:78ms
2024-11-15 10:47:39,015 - fl_main - INFO - Server receive client_dict[f_00014] info ...
2024-11-15 10:47:39,015 - fl_main - INFO - ----- client id [f_00015] -----
2024-11-15 10:47:39,016 - client_base - INFO - recover model cost time : 0m:0s:0ms
2024-11-15 10:47:39,016 - fl_main - INFO - client_dict[f_00015] training ...
2024-11-15 10:47:39,017 - client_base - INFO - client_dict[f_00015] training epoch : 0
2024-11-15 10:47:39,394 - client_base - INFO - local model train cost time : 0m:0s:376ms
2024-11-15 10:47:39,396 - client_base - INFO - model encode time : 0m:0s:1ms
2024-11-15 10:47:39,396 - fl_main - INFO - client_dict[f_00015] local model encrypting ...
2024-11-15 10:47:40,589 - fed_utils - INFO - encrypting key [conv1.weight].length : 150, cost time : 0m:1s:193ms
2024-11-15 10:47:40,637 - fed_utils - INFO - encrypting key [conv1.bias].length : 6, cost time : 0m:0s:48ms
2024-11-15 10:47:40,637 - fed_utils - INFO - load key [conv2.weight].length : 2400, cost time : 0m:0s:0ms
2024-11-15 10:47:40,637 - fed_utils - INFO - load key [conv2.bias].length : 16, cost time : 0m:0s:0ms
2024-11-15 10:47:40,638 - fed_utils - INFO - load key [fc1.weight].length : 48000, cost time : 0m:0s:0ms
2024-11-15 10:47:40,638 - fed_utils - INFO - load key [fc1.bias].length : 120, cost time : 0m:0s:0ms
2024-11-15 10:47:40,639 - fed_utils - INFO - load key [fc2.weight].length : 10080, cost time : 0m:0s:0ms
2024-11-15 10:47:40,639 - fed_utils - INFO - load key [fc2.bias].length : 84, cost time : 0m:0s:0ms
2024-11-15 10:47:47,808 - fed_utils - INFO - encrypting key [fc3.weight].length : 840, cost time : 0m:7s:169ms
2024-11-15 10:47:47,887 - fed_utils - INFO - encrypting key [fc3.bias].length : 10, cost time : 0m:0s:79ms
2024-11-15 10:47:47,888 - fl_main - INFO - Server receive client_dict[f_00015] info ...
2024-11-15 10:47:47,888 - fl_main - INFO - ----- client id [f_00016] -----
2024-11-15 10:47:47,889 - client_base - INFO - recover model cost time : 0m:0s:0ms
2024-11-15 10:47:47,889 - fl_main - INFO - client_dict[f_00016] training ...
2024-11-15 10:47:47,890 - client_base - INFO - client_dict[f_00016] training epoch : 0
2024-11-15 10:47:48,272 - client_base - INFO - local model train cost time : 0m:0s:382ms
2024-11-15 10:47:48,273 - client_base - INFO - model encode time : 0m:0s:1ms
2024-11-15 10:47:48,274 - fl_main - INFO - client_dict[f_00016] local model encrypting ...
2024-11-15 10:47:49,469 - fed_utils - INFO - encrypting key [conv1.weight].length : 150, cost time : 0m:1s:195ms
2024-11-15 10:47:49,517 - fed_utils - INFO - encrypting key [conv1.bias].length : 6, cost time : 0m:0s:48ms
2024-11-15 10:47:49,517 - fed_utils - INFO - load key [conv2.weight].length : 2400, cost time : 0m:0s:0ms
2024-11-15 10:47:49,517 - fed_utils - INFO - load key [conv2.bias].length : 16, cost time : 0m:0s:0ms
2024-11-15 10:47:49,518 - fed_utils - INFO - load key [fc1.weight].length : 48000, cost time : 0m:0s:1ms
2024-11-15 10:47:49,519 - fed_utils - INFO - load key [fc1.bias].length : 120, cost time : 0m:0s:0ms
2024-11-15 10:47:49,519 - fed_utils - INFO - load key [fc2.weight].length : 10080, cost time : 0m:0s:0ms
2024-11-15 10:47:49,519 - fed_utils - INFO - load key [fc2.bias].length : 84, cost time : 0m:0s:0ms
2024-11-15 10:47:56,209 - fed_utils - INFO - encrypting key [fc3.weight].length : 840, cost time : 0m:6s:690ms
2024-11-15 10:47:56,289 - fed_utils - INFO - encrypting key [fc3.bias].length : 10, cost time : 0m:0s:79ms
2024-11-15 10:47:56,289 - fl_main - INFO - Server receive client_dict[f_00016] info ...
2024-11-15 10:47:56,289 - fl_main - INFO - ----- client id [f_00017] -----
2024-11-15 10:47:56,290 - client_base - INFO - recover model cost time : 0m:0s:0ms
2024-11-15 10:47:56,290 - fl_main - INFO - client_dict[f_00017] training ...
2024-11-15 10:47:56,291 - client_base - INFO - client_dict[f_00017] training epoch : 0
2024-11-15 10:47:56,697 - client_base - INFO - local model train cost time : 0m:0s:406ms
2024-11-15 10:47:56,699 - client_base - INFO - model encode time : 0m:0s:1ms
2024-11-15 10:47:56,699 - fl_main - INFO - client_dict[f_00017] local model encrypting ...
2024-11-15 10:47:57,888 - fed_utils - INFO - encrypting key [conv1.weight].length : 150, cost time : 0m:1s:189ms
2024-11-15 10:47:57,936 - fed_utils - INFO - encrypting key [conv1.bias].length : 6, cost time : 0m:0s:47ms
2024-11-15 10:47:57,936 - fed_utils - INFO - load key [conv2.weight].length : 2400, cost time : 0m:0s:0ms
2024-11-15 10:47:57,936 - fed_utils - INFO - load key [conv2.bias].length : 16, cost time : 0m:0s:0ms
2024-11-15 10:47:57,937 - fed_utils - INFO - load key [fc1.weight].length : 48000, cost time : 0m:0s:1ms
2024-11-15 10:47:57,937 - fed_utils - INFO - load key [fc1.bias].length : 120, cost time : 0m:0s:0ms
2024-11-15 10:47:57,938 - fed_utils - INFO - load key [fc2.weight].length : 10080, cost time : 0m:0s:0ms
2024-11-15 10:47:57,938 - fed_utils - INFO - load key [fc2.bias].length : 84, cost time : 0m:0s:0ms
2024-11-15 10:48:04,666 - fed_utils - INFO - encrypting key [fc3.weight].length : 840, cost time : 0m:6s:728ms
2024-11-15 10:48:04,747 - fed_utils - INFO - encrypting key [fc3.bias].length : 10, cost time : 0m:0s:80ms
2024-11-15 10:48:04,747 - fl_main - INFO - Server receive client_dict[f_00017] info ...
2024-11-15 10:48:04,747 - fl_main - INFO - ----- client id [f_00018] -----
2024-11-15 10:48:04,749 - client_base - INFO - recover model cost time : 0m:0s:0ms
2024-11-15 10:48:04,749 - fl_main - INFO - client_dict[f_00018] training ...
2024-11-15 10:48:04,749 - client_base - INFO - client_dict[f_00018] training epoch : 0
2024-11-15 10:48:05,166 - client_base - INFO - local model train cost time : 0m:0s:415ms
2024-11-15 10:48:05,167 - client_base - INFO - model encode time : 0m:0s:1ms
2024-11-15 10:48:05,167 - fl_main - INFO - client_dict[f_00018] local model encrypting ...
2024-11-15 10:48:06,374 - fed_utils - INFO - encrypting key [conv1.weight].length : 150, cost time : 0m:1s:206ms
2024-11-15 10:48:06,423 - fed_utils - INFO - encrypting key [conv1.bias].length : 6, cost time : 0m:0s:48ms
2024-11-15 10:48:06,423 - fed_utils - INFO - load key [conv2.weight].length : 2400, cost time : 0m:0s:0ms
2024-11-15 10:48:06,423 - fed_utils - INFO - load key [conv2.bias].length : 16, cost time : 0m:0s:0ms
2024-11-15 10:48:06,425 - fed_utils - INFO - load key [fc1.weight].length : 48000, cost time : 0m:0s:1ms
2024-11-15 10:48:06,425 - fed_utils - INFO - load key [fc1.bias].length : 120, cost time : 0m:0s:0ms
2024-11-15 10:48:06,425 - fed_utils - INFO - load key [fc2.weight].length : 10080, cost time : 0m:0s:0ms
2024-11-15 10:48:06,425 - fed_utils - INFO - load key [fc2.bias].length : 84, cost time : 0m:0s:0ms
2024-11-15 10:48:13,303 - fed_utils - INFO - encrypting key [fc3.weight].length : 840, cost time : 0m:6s:877ms
2024-11-15 10:48:13,383 - fed_utils - INFO - encrypting key [fc3.bias].length : 10, cost time : 0m:0s:80ms
2024-11-15 10:48:13,383 - fl_main - INFO - Server receive client_dict[f_00018] info ...
2024-11-15 10:48:13,383 - fl_main - INFO - ----- client id [f_00019] -----
2024-11-15 10:48:13,385 - client_base - INFO - recover model cost time : 0m:0s:0ms
2024-11-15 10:48:13,385 - fl_main - INFO - client_dict[f_00019] training ...
2024-11-15 10:48:13,385 - client_base - INFO - client_dict[f_00019] training epoch : 0
2024-11-15 10:48:13,790 - client_base - INFO - local model train cost time : 0m:0s:404ms
2024-11-15 10:48:13,792 - client_base - INFO - model encode time : 0m:0s:1ms
2024-11-15 10:48:13,792 - fl_main - INFO - client_dict[f_00019] local model encrypting ...
2024-11-15 10:48:14,987 - fed_utils - INFO - encrypting key [conv1.weight].length : 150, cost time : 0m:1s:194ms
2024-11-15 10:48:15,035 - fed_utils - INFO - encrypting key [conv1.bias].length : 6, cost time : 0m:0s:48ms
2024-11-15 10:48:15,035 - fed_utils - INFO - load key [conv2.weight].length : 2400, cost time : 0m:0s:0ms
2024-11-15 10:48:15,035 - fed_utils - INFO - load key [conv2.bias].length : 16, cost time : 0m:0s:0ms
2024-11-15 10:48:15,037 - fed_utils - INFO - load key [fc1.weight].length : 48000, cost time : 0m:0s:1ms
2024-11-15 10:48:15,037 - fed_utils - INFO - load key [fc1.bias].length : 120, cost time : 0m:0s:0ms
2024-11-15 10:48:15,037 - fed_utils - INFO - load key [fc2.weight].length : 10080, cost time : 0m:0s:0ms
2024-11-15 10:48:15,037 - fed_utils - INFO - load key [fc2.bias].length : 84, cost time : 0m:0s:0ms
2024-11-15 10:48:22,128 - fed_utils - INFO - encrypting key [fc3.weight].length : 840, cost time : 0m:7s:90ms
2024-11-15 10:48:22,207 - fed_utils - INFO - encrypting key [fc3.bias].length : 10, cost time : 0m:0s:78ms
2024-11-15 10:48:22,207 - fl_main - INFO - Server receive client_dict[f_00019] info ...
2024-11-15 10:48:22,207 - fl_main - INFO - global aggregation process ...
2024-11-15 10:48:22,208 - fed_utils - INFO - server.n_data : 60000
2024-11-15 10:48:22,208 - fed_utils - INFO - client_dict[f_00000].weight : 0.050000
2024-11-15 10:48:22,208 - fed_utils - INFO - client_dict[f_00001].weight : 0.050000
2024-11-15 10:48:22,208 - fed_utils - INFO - client_dict[f_00002].weight : 0.050000
2024-11-15 10:48:22,208 - fed_utils - INFO - client_dict[f_00003].weight : 0.050000
2024-11-15 10:48:22,208 - fed_utils - INFO - client_dict[f_00004].weight : 0.050000
2024-11-15 10:48:22,208 - fed_utils - INFO - client_dict[f_00005].weight : 0.050000
2024-11-15 10:48:22,208 - fed_utils - INFO - client_dict[f_00006].weight : 0.050000
2024-11-15 10:48:22,208 - fed_utils - INFO - client_dict[f_00007].weight : 0.050000
2024-11-15 10:48:22,208 - fed_utils - INFO - client_dict[f_00008].weight : 0.050000
2024-11-15 10:48:22,208 - fed_utils - INFO - client_dict[f_00009].weight : 0.050000
2024-11-15 10:48:22,208 - fed_utils - INFO - client_dict[f_00010].weight : 0.050000
2024-11-15 10:48:22,208 - fed_utils - INFO - client_dict[f_00011].weight : 0.050000
2024-11-15 10:48:22,208 - fed_utils - INFO - client_dict[f_00012].weight : 0.050000
2024-11-15 10:48:22,208 - fed_utils - INFO - client_dict[f_00013].weight : 0.050000
2024-11-15 10:48:22,208 - fed_utils - INFO - client_dict[f_00014].weight : 0.050000
2024-11-15 10:48:22,208 - fed_utils - INFO - client_dict[f_00015].weight : 0.050000
2024-11-15 10:48:22,208 - fed_utils - INFO - client_dict[f_00016].weight : 0.050000
2024-11-15 10:48:22,209 - fed_utils - INFO - client_dict[f_00017].weight : 0.050000
2024-11-15 10:48:22,209 - fed_utils - INFO - client_dict[f_00018].weight : 0.050000
2024-11-15 10:48:22,209 - fed_utils - INFO - client_dict[f_00019].weight : 0.050000
2024-11-15 10:48:22,209 - fed_utils - INFO - recover secret number by clients: 789319.750000
2024-11-15 10:48:22,209 - server_base - INFO - Server aggregate model with homomorphic encryption ...
2024-11-15 10:48:29,019 - server_base - INFO - Server aggregate model done, cost time : 0m:6s:810ms
2024-11-15 10:48:29,364 - fed_utils - INFO - decrypting key [conv1.weight].shape [torch.Size([6, 1, 5, 5])]
2024-11-15 10:48:29,378 - fed_utils - INFO - decrypting key [conv1.bias].shape [torch.Size([6])]
2024-11-15 10:48:29,378 - fed_utils - INFO - decrypting key [conv2.weight].shape [torch.Size([16, 6, 5, 5])]
2024-11-15 10:48:29,378 - fed_utils - INFO - decrypting key [conv2.bias].shape [torch.Size([16])]
2024-11-15 10:48:29,379 - fed_utils - INFO - decrypting key [fc1.weight].shape [torch.Size([120, 400])]
2024-11-15 10:48:29,379 - fed_utils - INFO - decrypting key [fc1.bias].shape [torch.Size([120])]
2024-11-15 10:48:29,379 - fed_utils - INFO - decrypting key [fc2.weight].shape [torch.Size([84, 120])]
2024-11-15 10:48:29,379 - fed_utils - INFO - decrypting key [fc2.bias].shape [torch.Size([84])]
2024-11-15 10:48:31,337 - fed_utils - INFO - decrypting key [fc3.weight].shape [torch.Size([10, 84])]
2024-11-15 10:48:31,360 - fed_utils - INFO - decrypting key [fc3.bias].shape [torch.Size([10])]
2024-11-15 10:48:31,360 - fed_utils - INFO - decrypt time : [0m:2s:340ms]
2024-11-15 10:48:31,370 - fl_main - INFO - [global round : 10] aggregated model accuracy : 0.6439
2024-11-15 10:48:31,370 - fl_main - INFO - [global round : 10] aggregated model loss : 1.0834608824223693
2024-11-15 10:48:31,371 - fl_main - INFO - global round : 11
2024-11-15 10:48:31,371 - fl_main - INFO - the random client id to test accuracy : f_00010
2024-11-15 10:48:31,372 - fl_main - INFO - ----- client id [f_00000] -----
2024-11-15 10:48:31,373 - client_base - INFO - recover model cost time : 0m:0s:0ms
2024-11-15 10:48:31,373 - fl_main - INFO - client_dict[f_00000] training ...
2024-11-15 10:48:31,374 - client_base - INFO - client_dict[f_00000] training epoch : 0
2024-11-15 10:48:31,757 - client_base - INFO - local model train cost time : 0m:0s:383ms
2024-11-15 10:48:31,758 - client_base - INFO - model encode time : 0m:0s:1ms
2024-11-15 10:48:31,759 - fl_main - INFO - client_dict[f_00000] local model encrypting ...
2024-11-15 10:48:32,968 - fed_utils - INFO - encrypting key [conv1.weight].length : 150, cost time : 0m:1s:209ms
2024-11-15 10:48:33,017 - fed_utils - INFO - encrypting key [conv1.bias].length : 6, cost time : 0m:0s:48ms
2024-11-15 10:48:33,017 - fed_utils - INFO - load key [conv2.weight].length : 2400, cost time : 0m:0s:0ms
2024-11-15 10:48:33,017 - fed_utils - INFO - load key [conv2.bias].length : 16, cost time : 0m:0s:0ms
2024-11-15 10:48:33,018 - fed_utils - INFO - load key [fc1.weight].length : 48000, cost time : 0m:0s:1ms
2024-11-15 10:48:33,018 - fed_utils - INFO - load key [fc1.bias].length : 120, cost time : 0m:0s:0ms
2024-11-15 10:48:33,018 - fed_utils - INFO - load key [fc2.weight].length : 10080, cost time : 0m:0s:0ms
2024-11-15 10:48:33,019 - fed_utils - INFO - load key [fc2.bias].length : 84, cost time : 0m:0s:0ms
2024-11-15 10:48:40,131 - fed_utils - INFO - encrypting key [fc3.weight].length : 840, cost time : 0m:7s:112ms
2024-11-15 10:48:40,229 - fed_utils - INFO - encrypting key [fc3.bias].length : 10, cost time : 0m:0s:98ms
2024-11-15 10:48:40,231 - fl_main - INFO - Server receive client_dict[f_00000] info ...
2024-11-15 10:48:40,231 - fl_main - INFO - ----- client id [f_00001] -----
2024-11-15 10:48:40,232 - client_base - INFO - recover model cost time : 0m:0s:0ms
2024-11-15 10:48:40,232 - fl_main - INFO - client_dict[f_00001] training ...
2024-11-15 10:48:40,233 - client_base - INFO - client_dict[f_00001] training epoch : 0
2024-11-15 10:48:40,711 - client_base - INFO - local model train cost time : 0m:0s:478ms
2024-11-15 10:48:40,713 - client_base - INFO - model encode time : 0m:0s:1ms
2024-11-15 10:48:40,713 - fl_main - INFO - client_dict[f_00001] local model encrypting ...
2024-11-15 10:48:42,053 - fed_utils - INFO - encrypting key [conv1.weight].length : 150, cost time : 0m:1s:339ms
2024-11-15 10:48:42,101 - fed_utils - INFO - encrypting key [conv1.bias].length : 6, cost time : 0m:0s:47ms
2024-11-15 10:48:42,101 - fed_utils - INFO - load key [conv2.weight].length : 2400, cost time : 0m:0s:0ms
2024-11-15 10:48:42,101 - fed_utils - INFO - load key [conv2.bias].length : 16, cost time : 0m:0s:0ms
2024-11-15 10:48:42,102 - fed_utils - INFO - load key [fc1.weight].length : 48000, cost time : 0m:0s:1ms
2024-11-15 10:48:42,102 - fed_utils - INFO - load key [fc1.bias].length : 120, cost time : 0m:0s:0ms
2024-11-15 10:48:42,102 - fed_utils - INFO - load key [fc2.weight].length : 10080, cost time : 0m:0s:0ms
2024-11-15 10:48:42,102 - fed_utils - INFO - load key [fc2.bias].length : 84, cost time : 0m:0s:0ms
2024-11-15 10:48:48,796 - fed_utils - INFO - encrypting key [fc3.weight].length : 840, cost time : 0m:6s:693ms
2024-11-15 10:48:48,874 - fed_utils - INFO - encrypting key [fc3.bias].length : 10, cost time : 0m:0s:78ms
2024-11-15 10:48:48,874 - fl_main - INFO - Server receive client_dict[f_00001] info ...
2024-11-15 10:48:48,875 - fl_main - INFO - ----- client id [f_00002] -----
2024-11-15 10:48:48,876 - client_base - INFO - recover model cost time : 0m:0s:0ms
2024-11-15 10:48:48,876 - fl_main - INFO - client_dict[f_00002] training ...
2024-11-15 10:48:48,877 - client_base - INFO - client_dict[f_00002] training epoch : 0
2024-11-15 10:48:49,262 - client_base - INFO - local model train cost time : 0m:0s:385ms
2024-11-15 10:48:49,263 - client_base - INFO - model encode time : 0m:0s:1ms
2024-11-15 10:48:49,264 - fl_main - INFO - client_dict[f_00002] local model encrypting ...
2024-11-15 10:48:50,444 - fed_utils - INFO - encrypting key [conv1.weight].length : 150, cost time : 0m:1s:179ms
2024-11-15 10:48:50,491 - fed_utils - INFO - encrypting key [conv1.bias].length : 6, cost time : 0m:0s:47ms
2024-11-15 10:48:50,491 - fed_utils - INFO - load key [conv2.weight].length : 2400, cost time : 0m:0s:0ms
2024-11-15 10:48:50,491 - fed_utils - INFO - load key [conv2.bias].length : 16, cost time : 0m:0s:0ms
2024-11-15 10:48:50,492 - fed_utils - INFO - load key [fc1.weight].length : 48000, cost time : 0m:0s:0ms
2024-11-15 10:48:50,492 - fed_utils - INFO - load key [fc1.bias].length : 120, cost time : 0m:0s:0ms
2024-11-15 10:48:50,493 - fed_utils - INFO - load key [fc2.weight].length : 10080, cost time : 0m:0s:0ms
2024-11-15 10:48:50,493 - fed_utils - INFO - load key [fc2.bias].length : 84, cost time : 0m:0s:0ms
2024-11-15 10:48:57,095 - fed_utils - INFO - encrypting key [fc3.weight].length : 840, cost time : 0m:6s:601ms
2024-11-15 10:48:57,173 - fed_utils - INFO - encrypting key [fc3.bias].length : 10, cost time : 0m:0s:78ms
2024-11-15 10:48:57,173 - fl_main - INFO - Server receive client_dict[f_00002] info ...
2024-11-15 10:48:57,174 - fl_main - INFO - ----- client id [f_00003] -----
2024-11-15 10:48:57,175 - client_base - INFO - recover model cost time : 0m:0s:0ms
2024-11-15 10:48:57,175 - fl_main - INFO - client_dict[f_00003] training ...
2024-11-15 10:48:57,176 - client_base - INFO - client_dict[f_00003] training epoch : 0
2024-11-15 10:48:57,560 - client_base - INFO - local model train cost time : 0m:0s:384ms
2024-11-15 10:48:57,561 - client_base - INFO - model encode time : 0m:0s:1ms
2024-11-15 10:48:57,561 - fl_main - INFO - client_dict[f_00003] local model encrypting ...
2024-11-15 10:48:58,741 - fed_utils - INFO - encrypting key [conv1.weight].length : 150, cost time : 0m:1s:179ms
2024-11-15 10:48:58,789 - fed_utils - INFO - encrypting key [conv1.bias].length : 6, cost time : 0m:0s:47ms
2024-11-15 10:48:58,789 - fed_utils - INFO - load key [conv2.weight].length : 2400, cost time : 0m:0s:0ms
2024-11-15 10:48:58,789 - fed_utils - INFO - load key [conv2.bias].length : 16, cost time : 0m:0s:0ms
2024-11-15 10:48:58,790 - fed_utils - INFO - load key [fc1.weight].length : 48000, cost time : 0m:0s:0ms
2024-11-15 10:48:58,790 - fed_utils - INFO - load key [fc1.bias].length : 120, cost time : 0m:0s:0ms
2024-11-15 10:48:58,790 - fed_utils - INFO - load key [fc2.weight].length : 10080, cost time : 0m:0s:0ms
2024-11-15 10:48:58,790 - fed_utils - INFO - load key [fc2.bias].length : 84, cost time : 0m:0s:0ms
2024-11-15 10:49:05,494 - fed_utils - INFO - encrypting key [fc3.weight].length : 840, cost time : 0m:6s:704ms
2024-11-15 10:49:05,574 - fed_utils - INFO - encrypting key [fc3.bias].length : 10, cost time : 0m:0s:80ms
2024-11-15 10:49:05,575 - fl_main - INFO - Server receive client_dict[f_00003] info ...
2024-11-15 10:49:05,575 - fl_main - INFO - ----- client id [f_00004] -----
2024-11-15 10:49:05,576 - client_base - INFO - recover model cost time : 0m:0s:0ms
2024-11-15 10:49:05,576 - fl_main - INFO - client_dict[f_00004] training ...
2024-11-15 10:49:05,577 - client_base - INFO - client_dict[f_00004] training epoch : 0
2024-11-15 10:49:05,949 - client_base - INFO - local model train cost time : 0m:0s:372ms
2024-11-15 10:49:05,950 - client_base - INFO - model encode time : 0m:0s:1ms
2024-11-15 10:49:05,951 - fl_main - INFO - client_dict[f_00004] local model encrypting ...
2024-11-15 10:49:07,144 - fed_utils - INFO - encrypting key [conv1.weight].length : 150, cost time : 0m:1s:193ms
2024-11-15 10:49:07,192 - fed_utils - INFO - encrypting key [conv1.bias].length : 6, cost time : 0m:0s:48ms
2024-11-15 10:49:07,192 - fed_utils - INFO - load key [conv2.weight].length : 2400, cost time : 0m:0s:0ms
2024-11-15 10:49:07,192 - fed_utils - INFO - load key [conv2.bias].length : 16, cost time : 0m:0s:0ms
2024-11-15 10:49:07,193 - fed_utils - INFO - load key [fc1.weight].length : 48000, cost time : 0m:0s:0ms
2024-11-15 10:49:07,194 - fed_utils - INFO - load key [fc1.bias].length : 120, cost time : 0m:0s:0ms
2024-11-15 10:49:07,194 - fed_utils - INFO - load key [fc2.weight].length : 10080, cost time : 0m:0s:0ms
2024-11-15 10:49:07,194 - fed_utils - INFO - load key [fc2.bias].length : 84, cost time : 0m:0s:0ms
2024-11-15 10:49:13,832 - fed_utils - INFO - encrypting key [fc3.weight].length : 840, cost time : 0m:6s:638ms
2024-11-15 10:49:13,912 - fed_utils - INFO - encrypting key [fc3.bias].length : 10, cost time : 0m:0s:79ms
2024-11-15 10:49:13,912 - fl_main - INFO - Server receive client_dict[f_00004] info ...
2024-11-15 10:49:13,912 - fl_main - INFO - ----- client id [f_00005] -----
2024-11-15 10:49:13,913 - client_base - INFO - recover model cost time : 0m:0s:0ms
2024-11-15 10:49:13,913 - fl_main - INFO - client_dict[f_00005] training ...
2024-11-15 10:49:13,914 - client_base - INFO - client_dict[f_00005] training epoch : 0
2024-11-15 10:49:14,294 - client_base - INFO - local model train cost time : 0m:0s:380ms
2024-11-15 10:49:14,296 - client_base - INFO - model encode time : 0m:0s:2ms
2024-11-15 10:49:14,297 - fl_main - INFO - client_dict[f_00005] local model encrypting ...
2024-11-15 10:49:15,491 - fed_utils - INFO - encrypting key [conv1.weight].length : 150, cost time : 0m:1s:194ms
2024-11-15 10:49:15,539 - fed_utils - INFO - encrypting key [conv1.bias].length : 6, cost time : 0m:0s:47ms
2024-11-15 10:49:15,539 - fed_utils - INFO - load key [conv2.weight].length : 2400, cost time : 0m:0s:0ms
2024-11-15 10:49:15,539 - fed_utils - INFO - load key [conv2.bias].length : 16, cost time : 0m:0s:0ms
2024-11-15 10:49:15,540 - fed_utils - INFO - load key [fc1.weight].length : 48000, cost time : 0m:0s:0ms
2024-11-15 10:49:15,540 - fed_utils - INFO - load key [fc1.bias].length : 120, cost time : 0m:0s:0ms
2024-11-15 10:49:15,540 - fed_utils - INFO - load key [fc2.weight].length : 10080, cost time : 0m:0s:0ms
2024-11-15 10:49:15,540 - fed_utils - INFO - load key [fc2.bias].length : 84, cost time : 0m:0s:0ms
2024-11-15 10:49:22,245 - fed_utils - INFO - encrypting key [fc3.weight].length : 840, cost time : 0m:6s:704ms
2024-11-15 10:49:22,324 - fed_utils - INFO - encrypting key [fc3.bias].length : 10, cost time : 0m:0s:78ms
2024-11-15 10:49:22,324 - fl_main - INFO - Server receive client_dict[f_00005] info ...
2024-11-15 10:49:22,324 - fl_main - INFO - ----- client id [f_00006] -----
2024-11-15 10:49:22,325 - client_base - INFO - recover model cost time : 0m:0s:0ms
2024-11-15 10:49:22,325 - fl_main - INFO - client_dict[f_00006] training ...
2024-11-15 10:49:22,326 - client_base - INFO - client_dict[f_00006] training epoch : 0
2024-11-15 10:49:22,702 - client_base - INFO - local model train cost time : 0m:0s:376ms
2024-11-15 10:49:22,703 - client_base - INFO - model encode time : 0m:0s:1ms
2024-11-15 10:49:22,703 - fl_main - INFO - client_dict[f_00006] local model encrypting ...
2024-11-15 10:49:23,894 - fed_utils - INFO - encrypting key [conv1.weight].length : 150, cost time : 0m:1s:190ms
2024-11-15 10:49:23,941 - fed_utils - INFO - encrypting key [conv1.bias].length : 6, cost time : 0m:0s:47ms
2024-11-15 10:49:23,942 - fed_utils - INFO - load key [conv2.weight].length : 2400, cost time : 0m:0s:0ms
2024-11-15 10:49:23,942 - fed_utils - INFO - load key [conv2.bias].length : 16, cost time : 0m:0s:0ms
2024-11-15 10:49:23,943 - fed_utils - INFO - load key [fc1.weight].length : 48000, cost time : 0m:0s:0ms
2024-11-15 10:49:23,943 - fed_utils - INFO - load key [fc1.bias].length : 120, cost time : 0m:0s:0ms
2024-11-15 10:49:23,943 - fed_utils - INFO - load key [fc2.weight].length : 10080, cost time : 0m:0s:0ms
2024-11-15 10:49:23,943 - fed_utils - INFO - load key [fc2.bias].length : 84, cost time : 0m:0s:0ms
2024-11-15 10:49:30,554 - fed_utils - INFO - encrypting key [fc3.weight].length : 840, cost time : 0m:6s:611ms
2024-11-15 10:49:30,633 - fed_utils - INFO - encrypting key [fc3.bias].length : 10, cost time : 0m:0s:79ms
2024-11-15 10:49:30,633 - fl_main - INFO - Server receive client_dict[f_00006] info ...
2024-11-15 10:49:30,634 - fl_main - INFO - ----- client id [f_00007] -----
2024-11-15 10:49:30,635 - client_base - INFO - recover model cost time : 0m:0s:0ms
2024-11-15 10:49:30,635 - fl_main - INFO - client_dict[f_00007] training ...
2024-11-15 10:49:30,636 - client_base - INFO - client_dict[f_00007] training epoch : 0
2024-11-15 10:49:31,016 - client_base - INFO - local model train cost time : 0m:0s:380ms
2024-11-15 10:49:31,018 - client_base - INFO - model encode time : 0m:0s:1ms
2024-11-15 10:49:31,018 - fl_main - INFO - client_dict[f_00007] local model encrypting ...
2024-11-15 10:49:32,211 - fed_utils - INFO - encrypting key [conv1.weight].length : 150, cost time : 0m:1s:192ms
2024-11-15 10:49:32,259 - fed_utils - INFO - encrypting key [conv1.bias].length : 6, cost time : 0m:0s:48ms
2024-11-15 10:49:32,259 - fed_utils - INFO - load key [conv2.weight].length : 2400, cost time : 0m:0s:0ms
2024-11-15 10:49:32,259 - fed_utils - INFO - load key [conv2.bias].length : 16, cost time : 0m:0s:0ms
2024-11-15 10:49:32,260 - fed_utils - INFO - load key [fc1.weight].length : 48000, cost time : 0m:0s:0ms
2024-11-15 10:49:32,260 - fed_utils - INFO - load key [fc1.bias].length : 120, cost time : 0m:0s:0ms
2024-11-15 10:49:32,261 - fed_utils - INFO - load key [fc2.weight].length : 10080, cost time : 0m:0s:0ms
2024-11-15 10:49:32,261 - fed_utils - INFO - load key [fc2.bias].length : 84, cost time : 0m:0s:0ms
2024-11-15 10:49:38,919 - fed_utils - INFO - encrypting key [fc3.weight].length : 840, cost time : 0m:6s:658ms
2024-11-15 10:49:38,998 - fed_utils - INFO - encrypting key [fc3.bias].length : 10, cost time : 0m:0s:79ms
2024-11-15 10:49:38,998 - fl_main - INFO - Server receive client_dict[f_00007] info ...
2024-11-15 10:49:38,999 - fl_main - INFO - ----- client id [f_00008] -----
2024-11-15 10:49:39,000 - client_base - INFO - recover model cost time : 0m:0s:0ms
2024-11-15 10:49:39,000 - fl_main - INFO - client_dict[f_00008] training ...
2024-11-15 10:49:39,001 - client_base - INFO - client_dict[f_00008] training epoch : 0
2024-11-15 10:49:39,391 - client_base - INFO - local model train cost time : 0m:0s:390ms
2024-11-15 10:49:39,393 - client_base - INFO - model encode time : 0m:0s:1ms
2024-11-15 10:49:39,393 - fl_main - INFO - client_dict[f_00008] local model encrypting ...
2024-11-15 10:49:40,572 - fed_utils - INFO - encrypting key [conv1.weight].length : 150, cost time : 0m:1s:179ms
2024-11-15 10:49:40,619 - fed_utils - INFO - encrypting key [conv1.bias].length : 6, cost time : 0m:0s:47ms
2024-11-15 10:49:40,620 - fed_utils - INFO - load key [conv2.weight].length : 2400, cost time : 0m:0s:0ms
2024-11-15 10:49:40,620 - fed_utils - INFO - load key [conv2.bias].length : 16, cost time : 0m:0s:0ms
2024-11-15 10:49:40,621 - fed_utils - INFO - load key [fc1.weight].length : 48000, cost time : 0m:0s:0ms
2024-11-15 10:49:40,621 - fed_utils - INFO - load key [fc1.bias].length : 120, cost time : 0m:0s:0ms
2024-11-15 10:49:40,621 - fed_utils - INFO - load key [fc2.weight].length : 10080, cost time : 0m:0s:0ms
2024-11-15 10:49:40,621 - fed_utils - INFO - load key [fc2.bias].length : 84, cost time : 0m:0s:0ms
2024-11-15 10:49:47,272 - fed_utils - INFO - encrypting key [fc3.weight].length : 840, cost time : 0m:6s:650ms
2024-11-15 10:49:47,355 - fed_utils - INFO - encrypting key [fc3.bias].length : 10, cost time : 0m:0s:82ms
2024-11-15 10:49:47,355 - fl_main - INFO - Server receive client_dict[f_00008] info ...
2024-11-15 10:49:47,355 - fl_main - INFO - ----- client id [f_00009] -----
2024-11-15 10:49:47,356 - client_base - INFO - recover model cost time : 0m:0s:0ms
2024-11-15 10:49:47,357 - fl_main - INFO - client_dict[f_00009] training ...
2024-11-15 10:49:47,358 - client_base - INFO - client_dict[f_00009] training epoch : 0
2024-11-15 10:49:47,781 - client_base - INFO - local model train cost time : 0m:0s:423ms
2024-11-15 10:49:47,783 - client_base - INFO - model encode time : 0m:0s:1ms
2024-11-15 10:49:47,783 - fl_main - INFO - client_dict[f_00009] local model encrypting ...
2024-11-15 10:49:48,983 - fed_utils - INFO - encrypting key [conv1.weight].length : 150, cost time : 0m:1s:199ms
2024-11-15 10:49:49,037 - fed_utils - INFO - encrypting key [conv1.bias].length : 6, cost time : 0m:0s:53ms
2024-11-15 10:49:49,037 - fed_utils - INFO - load key [conv2.weight].length : 2400, cost time : 0m:0s:0ms
2024-11-15 10:49:49,037 - fed_utils - INFO - load key [conv2.bias].length : 16, cost time : 0m:0s:0ms
2024-11-15 10:49:49,039 - fed_utils - INFO - load key [fc1.weight].length : 48000, cost time : 0m:0s:1ms
2024-11-15 10:49:49,039 - fed_utils - INFO - load key [fc1.bias].length : 120, cost time : 0m:0s:0ms
2024-11-15 10:49:49,039 - fed_utils - INFO - load key [fc2.weight].length : 10080, cost time : 0m:0s:0ms
2024-11-15 10:49:49,039 - fed_utils - INFO - load key [fc2.bias].length : 84, cost time : 0m:0s:0ms
2024-11-15 10:49:55,850 - fed_utils - INFO - encrypting key [fc3.weight].length : 840, cost time : 0m:6s:811ms
2024-11-15 10:49:55,936 - fed_utils - INFO - encrypting key [fc3.bias].length : 10, cost time : 0m:0s:84ms
2024-11-15 10:49:55,936 - fl_main - INFO - Server receive client_dict[f_00009] info ...
2024-11-15 10:49:55,936 - fl_main - INFO - ----- client id [f_00010] -----
2024-11-15 10:49:55,938 - client_base - INFO - recover model cost time : 0m:0s:0ms
2024-11-15 10:49:56,777 - fl_main - INFO - global round [11] client_dict[f_00010].accuracy : 0.761300
2024-11-15 10:49:56,777 - fl_main - INFO - client_dict[f_00010] training ...
2024-11-15 10:49:56,778 - client_base - INFO - client_dict[f_00010] training epoch : 0
2024-11-15 10:49:57,181 - client_base - INFO - local model train cost time : 0m:0s:402ms
2024-11-15 10:49:57,182 - client_base - INFO - model encode time : 0m:0s:1ms
2024-11-15 10:49:57,182 - fl_main - INFO - client_dict[f_00010] local model encrypting ...
2024-11-15 10:49:58,380 - fed_utils - INFO - encrypting key [conv1.weight].length : 150, cost time : 0m:1s:197ms
2024-11-15 10:49:58,429 - fed_utils - INFO - encrypting key [conv1.bias].length : 6, cost time : 0m:0s:48ms
2024-11-15 10:49:58,430 - fed_utils - INFO - load key [conv2.weight].length : 2400, cost time : 0m:0s:0ms
2024-11-15 10:49:58,430 - fed_utils - INFO - load key [conv2.bias].length : 16, cost time : 0m:0s:0ms
2024-11-15 10:49:58,431 - fed_utils - INFO - load key [fc1.weight].length : 48000, cost time : 0m:0s:0ms
2024-11-15 10:49:58,431 - fed_utils - INFO - load key [fc1.bias].length : 120, cost time : 0m:0s:0ms
2024-11-15 10:49:58,431 - fed_utils - INFO - load key [fc2.weight].length : 10080, cost time : 0m:0s:0ms
2024-11-15 10:49:58,431 - fed_utils - INFO - load key [fc2.bias].length : 84, cost time : 0m:0s:0ms
2024-11-15 10:50:05,280 - fed_utils - INFO - encrypting key [fc3.weight].length : 840, cost time : 0m:6s:849ms
2024-11-15 10:50:05,361 - fed_utils - INFO - encrypting key [fc3.bias].length : 10, cost time : 0m:0s:80ms
2024-11-15 10:50:05,362 - fl_main - INFO - Server receive client_dict[f_00010] info ...
2024-11-15 10:50:05,362 - fl_main - INFO - ----- client id [f_00011] -----
2024-11-15 10:50:05,364 - client_base - INFO - recover model cost time : 0m:0s:0ms
2024-11-15 10:50:05,364 - fl_main - INFO - client_dict[f_00011] training ...
2024-11-15 10:50:05,365 - client_base - INFO - client_dict[f_00011] training epoch : 0
2024-11-15 10:50:05,796 - client_base - INFO - local model train cost time : 0m:0s:431ms
2024-11-15 10:50:05,797 - client_base - INFO - model encode time : 0m:0s:1ms
2024-11-15 10:50:05,798 - fl_main - INFO - client_dict[f_00011] local model encrypting ...
2024-11-15 10:50:07,014 - fed_utils - INFO - encrypting key [conv1.weight].length : 150, cost time : 0m:1s:216ms
2024-11-15 10:50:07,063 - fed_utils - INFO - encrypting key [conv1.bias].length : 6, cost time : 0m:0s:49ms
2024-11-15 10:50:07,064 - fed_utils - INFO - load key [conv2.weight].length : 2400, cost time : 0m:0s:0ms
2024-11-15 10:50:07,064 - fed_utils - INFO - load key [conv2.bias].length : 16, cost time : 0m:0s:0ms
2024-11-15 10:50:07,065 - fed_utils - INFO - load key [fc1.weight].length : 48000, cost time : 0m:0s:0ms
2024-11-15 10:50:07,065 - fed_utils - INFO - load key [fc1.bias].length : 120, cost time : 0m:0s:0ms
2024-11-15 10:50:07,065 - fed_utils - INFO - load key [fc2.weight].length : 10080, cost time : 0m:0s:0ms
2024-11-15 10:50:07,065 - fed_utils - INFO - load key [fc2.bias].length : 84, cost time : 0m:0s:0ms
2024-11-15 10:50:13,843 - fed_utils - INFO - encrypting key [fc3.weight].length : 840, cost time : 0m:6s:778ms
2024-11-15 10:50:13,923 - fed_utils - INFO - encrypting key [fc3.bias].length : 10, cost time : 0m:0s:79ms
2024-11-15 10:50:13,923 - fl_main - INFO - Server receive client_dict[f_00011] info ...
2024-11-15 10:50:13,923 - fl_main - INFO - ----- client id [f_00012] -----
2024-11-15 10:50:13,925 - client_base - INFO - recover model cost time : 0m:0s:0ms
2024-11-15 10:50:13,925 - fl_main - INFO - client_dict[f_00012] training ...
2024-11-15 10:50:13,925 - client_base - INFO - client_dict[f_00012] training epoch : 0
2024-11-15 10:50:14,342 - client_base - INFO - local model train cost time : 0m:0s:416ms
2024-11-15 10:50:14,344 - client_base - INFO - model encode time : 0m:0s:1ms
2024-11-15 10:50:14,344 - fl_main - INFO - client_dict[f_00012] local model encrypting ...
2024-11-15 10:50:15,596 - fed_utils - INFO - encrypting key [conv1.weight].length : 150, cost time : 0m:1s:252ms
2024-11-15 10:50:15,644 - fed_utils - INFO - encrypting key [conv1.bias].length : 6, cost time : 0m:0s:47ms
2024-11-15 10:50:15,644 - fed_utils - INFO - load key [conv2.weight].length : 2400, cost time : 0m:0s:0ms
2024-11-15 10:50:15,644 - fed_utils - INFO - load key [conv2.bias].length : 16, cost time : 0m:0s:0ms
2024-11-15 10:50:15,645 - fed_utils - INFO - load key [fc1.weight].length : 48000, cost time : 0m:0s:0ms
2024-11-15 10:50:15,645 - fed_utils - INFO - load key [fc1.bias].length : 120, cost time : 0m:0s:0ms
2024-11-15 10:50:15,646 - fed_utils - INFO - load key [fc2.weight].length : 10080, cost time : 0m:0s:0ms
2024-11-15 10:50:15,646 - fed_utils - INFO - load key [fc2.bias].length : 84, cost time : 0m:0s:0ms
2024-11-15 10:50:22,418 - fed_utils - INFO - encrypting key [fc3.weight].length : 840, cost time : 0m:6s:772ms
2024-11-15 10:50:22,499 - fed_utils - INFO - encrypting key [fc3.bias].length : 10, cost time : 0m:0s:80ms
2024-11-15 10:50:22,499 - fl_main - INFO - Server receive client_dict[f_00012] info ...
2024-11-15 10:50:22,499 - fl_main - INFO - ----- client id [f_00013] -----
2024-11-15 10:50:22,501 - client_base - INFO - recover model cost time : 0m:0s:0ms
2024-11-15 10:50:22,501 - fl_main - INFO - client_dict[f_00013] training ...
2024-11-15 10:50:22,502 - client_base - INFO - client_dict[f_00013] training epoch : 0
2024-11-15 10:50:22,882 - client_base - INFO - local model train cost time : 0m:0s:380ms
2024-11-15 10:50:22,884 - client_base - INFO - model encode time : 0m:0s:1ms
2024-11-15 10:50:22,884 - fl_main - INFO - client_dict[f_00013] local model encrypting ...
2024-11-15 10:50:24,083 - fed_utils - INFO - encrypting key [conv1.weight].length : 150, cost time : 0m:1s:198ms
2024-11-15 10:50:24,130 - fed_utils - INFO - encrypting key [conv1.bias].length : 6, cost time : 0m:0s:47ms
2024-11-15 10:50:24,130 - fed_utils - INFO - load key [conv2.weight].length : 2400, cost time : 0m:0s:0ms
2024-11-15 10:50:24,131 - fed_utils - INFO - load key [conv2.bias].length : 16, cost time : 0m:0s:0ms
2024-11-15 10:50:24,132 - fed_utils - INFO - load key [fc1.weight].length : 48000, cost time : 0m:0s:0ms
2024-11-15 10:50:24,132 - fed_utils - INFO - load key [fc1.bias].length : 120, cost time : 0m:0s:0ms
2024-11-15 10:50:24,132 - fed_utils - INFO - load key [fc2.weight].length : 10080, cost time : 0m:0s:0ms
2024-11-15 10:50:24,132 - fed_utils - INFO - load key [fc2.bias].length : 84, cost time : 0m:0s:0ms
2024-11-15 10:50:30,835 - fed_utils - INFO - encrypting key [fc3.weight].length : 840, cost time : 0m:6s:702ms
2024-11-15 10:50:30,915 - fed_utils - INFO - encrypting key [fc3.bias].length : 10, cost time : 0m:0s:80ms
2024-11-15 10:50:30,915 - fl_main - INFO - Server receive client_dict[f_00013] info ...
2024-11-15 10:50:30,915 - fl_main - INFO - ----- client id [f_00014] -----
2024-11-15 10:50:30,917 - client_base - INFO - recover model cost time : 0m:0s:0ms
2024-11-15 10:50:30,917 - fl_main - INFO - client_dict[f_00014] training ...
2024-11-15 10:50:30,918 - client_base - INFO - client_dict[f_00014] training epoch : 0
2024-11-15 10:50:31,295 - client_base - INFO - local model train cost time : 0m:0s:377ms
2024-11-15 10:50:31,296 - client_base - INFO - model encode time : 0m:0s:1ms
2024-11-15 10:50:31,296 - fl_main - INFO - client_dict[f_00014] local model encrypting ...
2024-11-15 10:50:32,495 - fed_utils - INFO - encrypting key [conv1.weight].length : 150, cost time : 0m:1s:198ms
2024-11-15 10:50:32,542 - fed_utils - INFO - encrypting key [conv1.bias].length : 6, cost time : 0m:0s:47ms
2024-11-15 10:50:32,542 - fed_utils - INFO - load key [conv2.weight].length : 2400, cost time : 0m:0s:0ms
2024-11-15 10:50:32,543 - fed_utils - INFO - load key [conv2.bias].length : 16, cost time : 0m:0s:0ms
2024-11-15 10:50:32,544 - fed_utils - INFO - load key [fc1.weight].length : 48000, cost time : 0m:0s:0ms
2024-11-15 10:50:32,544 - fed_utils - INFO - load key [fc1.bias].length : 120, cost time : 0m:0s:0ms
2024-11-15 10:50:32,544 - fed_utils - INFO - load key [fc2.weight].length : 10080, cost time : 0m:0s:0ms
2024-11-15 10:50:32,544 - fed_utils - INFO - load key [fc2.bias].length : 84, cost time : 0m:0s:0ms
2024-11-15 10:50:39,436 - fed_utils - INFO - encrypting key [fc3.weight].length : 840, cost time : 0m:6s:891ms
2024-11-15 10:50:39,519 - fed_utils - INFO - encrypting key [fc3.bias].length : 10, cost time : 0m:0s:83ms
2024-11-15 10:50:39,519 - fl_main - INFO - Server receive client_dict[f_00014] info ...
2024-11-15 10:50:39,520 - fl_main - INFO - ----- client id [f_00015] -----
2024-11-15 10:50:39,521 - client_base - INFO - recover model cost time : 0m:0s:0ms
2024-11-15 10:50:39,521 - fl_main - INFO - client_dict[f_00015] training ...
2024-11-15 10:50:39,522 - client_base - INFO - client_dict[f_00015] training epoch : 0
2024-11-15 10:50:39,962 - client_base - INFO - local model train cost time : 0m:0s:440ms
2024-11-15 10:50:39,964 - client_base - INFO - model encode time : 0m:0s:1ms
2024-11-15 10:50:39,964 - fl_main - INFO - client_dict[f_00015] local model encrypting ...
2024-11-15 10:50:41,189 - fed_utils - INFO - encrypting key [conv1.weight].length : 150, cost time : 0m:1s:224ms
2024-11-15 10:50:41,240 - fed_utils - INFO - encrypting key [conv1.bias].length : 6, cost time : 0m:0s:50ms
2024-11-15 10:50:41,240 - fed_utils - INFO - load key [conv2.weight].length : 2400, cost time : 0m:0s:0ms
2024-11-15 10:50:41,240 - fed_utils - INFO - load key [conv2.bias].length : 16, cost time : 0m:0s:0ms
2024-11-15 10:50:41,241 - fed_utils - INFO - load key [fc1.weight].length : 48000, cost time : 0m:0s:0ms
2024-11-15 10:50:41,241 - fed_utils - INFO - load key [fc1.bias].length : 120, cost time : 0m:0s:0ms
2024-11-15 10:50:41,241 - fed_utils - INFO - load key [fc2.weight].length : 10080, cost time : 0m:0s:0ms
2024-11-15 10:50:41,241 - fed_utils - INFO - load key [fc2.bias].length : 84, cost time : 0m:0s:0ms
2024-11-15 10:50:48,099 - fed_utils - INFO - encrypting key [fc3.weight].length : 840, cost time : 0m:6s:857ms
2024-11-15 10:50:48,185 - fed_utils - INFO - encrypting key [fc3.bias].length : 10, cost time : 0m:0s:86ms
2024-11-15 10:50:48,185 - fl_main - INFO - Server receive client_dict[f_00015] info ...
2024-11-15 10:50:48,186 - fl_main - INFO - ----- client id [f_00016] -----
2024-11-15 10:50:48,194 - client_base - INFO - recover model cost time : 0m:0s:2ms
2024-11-15 10:50:48,195 - fl_main - INFO - client_dict[f_00016] training ...
2024-11-15 10:50:48,196 - client_base - INFO - client_dict[f_00016] training epoch : 0
2024-11-15 10:50:48,626 - client_base - INFO - local model train cost time : 0m:0s:430ms
2024-11-15 10:50:48,627 - client_base - INFO - model encode time : 0m:0s:1ms
2024-11-15 10:50:48,628 - fl_main - INFO - client_dict[f_00016] local model encrypting ...
2024-11-15 10:50:49,911 - fed_utils - INFO - encrypting key [conv1.weight].length : 150, cost time : 0m:1s:282ms
2024-11-15 10:50:49,958 - fed_utils - INFO - encrypting key [conv1.bias].length : 6, cost time : 0m:0s:47ms
2024-11-15 10:50:49,959 - fed_utils - INFO - load key [conv2.weight].length : 2400, cost time : 0m:0s:0ms
2024-11-15 10:50:49,959 - fed_utils - INFO - load key [conv2.bias].length : 16, cost time : 0m:0s:0ms
2024-11-15 10:50:49,960 - fed_utils - INFO - load key [fc1.weight].length : 48000, cost time : 0m:0s:1ms
2024-11-15 10:50:49,960 - fed_utils - INFO - load key [fc1.bias].length : 120, cost time : 0m:0s:0ms
2024-11-15 10:50:49,961 - fed_utils - INFO - load key [fc2.weight].length : 10080, cost time : 0m:0s:0ms
2024-11-15 10:50:49,961 - fed_utils - INFO - load key [fc2.bias].length : 84, cost time : 0m:0s:0ms
2024-11-15 10:50:57,041 - fed_utils - INFO - encrypting key [fc3.weight].length : 840, cost time : 0m:7s:80ms
2024-11-15 10:50:57,131 - fed_utils - INFO - encrypting key [fc3.bias].length : 10, cost time : 0m:0s:89ms
2024-11-15 10:50:57,131 - fl_main - INFO - Server receive client_dict[f_00016] info ...
2024-11-15 10:50:57,131 - fl_main - INFO - ----- client id [f_00017] -----
2024-11-15 10:50:57,132 - client_base - INFO - recover model cost time : 0m:0s:0ms
2024-11-15 10:50:57,133 - fl_main - INFO - client_dict[f_00017] training ...
2024-11-15 10:50:57,133 - client_base - INFO - client_dict[f_00017] training epoch : 0
2024-11-15 10:50:57,568 - client_base - INFO - local model train cost time : 0m:0s:434ms
2024-11-15 10:50:57,569 - client_base - INFO - model encode time : 0m:0s:1ms
2024-11-15 10:50:57,570 - fl_main - INFO - client_dict[f_00017] local model encrypting ...
2024-11-15 10:50:58,944 - fed_utils - INFO - encrypting key [conv1.weight].length : 150, cost time : 0m:1s:374ms
2024-11-15 10:50:58,992 - fed_utils - INFO - encrypting key [conv1.bias].length : 6, cost time : 0m:0s:47ms
2024-11-15 10:50:58,993 - fed_utils - INFO - load key [conv2.weight].length : 2400, cost time : 0m:0s:0ms
2024-11-15 10:50:58,993 - fed_utils - INFO - load key [conv2.bias].length : 16, cost time : 0m:0s:0ms
2024-11-15 10:50:58,994 - fed_utils - INFO - load key [fc1.weight].length : 48000, cost time : 0m:0s:1ms
2024-11-15 10:50:58,994 - fed_utils - INFO - load key [fc1.bias].length : 120, cost time : 0m:0s:0ms
2024-11-15 10:50:58,995 - fed_utils - INFO - load key [fc2.weight].length : 10080, cost time : 0m:0s:0ms
2024-11-15 10:50:58,995 - fed_utils - INFO - load key [fc2.bias].length : 84, cost time : 0m:0s:0ms
2024-11-15 10:51:06,083 - fed_utils - INFO - encrypting key [fc3.weight].length : 840, cost time : 0m:7s:87ms
2024-11-15 10:51:06,212 - fed_utils - INFO - encrypting key [fc3.bias].length : 10, cost time : 0m:0s:128ms
2024-11-15 10:51:06,212 - fl_main - INFO - Server receive client_dict[f_00017] info ...
2024-11-15 10:51:06,212 - fl_main - INFO - ----- client id [f_00018] -----
2024-11-15 10:51:06,226 - client_base - INFO - recover model cost time : 0m:0s:5ms
2024-11-15 10:51:06,233 - fl_main - INFO - client_dict[f_00018] training ...
2024-11-15 10:51:06,234 - client_base - INFO - client_dict[f_00018] training epoch : 0
2024-11-15 10:51:06,673 - client_base - INFO - local model train cost time : 0m:0s:438ms
2024-11-15 10:51:06,674 - client_base - INFO - model encode time : 0m:0s:1ms
2024-11-15 10:51:06,675 - fl_main - INFO - client_dict[f_00018] local model encrypting ...
2024-11-15 10:51:08,234 - fed_utils - INFO - encrypting key [conv1.weight].length : 150, cost time : 0m:1s:558ms
2024-11-15 10:51:08,306 - fed_utils - INFO - encrypting key [conv1.bias].length : 6, cost time : 0m:0s:72ms
2024-11-15 10:51:08,307 - fed_utils - INFO - load key [conv2.weight].length : 2400, cost time : 0m:0s:0ms
2024-11-15 10:51:08,307 - fed_utils - INFO - load key [conv2.bias].length : 16, cost time : 0m:0s:0ms
2024-11-15 10:51:08,308 - fed_utils - INFO - load key [fc1.weight].length : 48000, cost time : 0m:0s:1ms
2024-11-15 10:51:08,309 - fed_utils - INFO - load key [fc1.bias].length : 120, cost time : 0m:0s:0ms
2024-11-15 10:51:08,309 - fed_utils - INFO - load key [fc2.weight].length : 10080, cost time : 0m:0s:0ms
2024-11-15 10:51:08,309 - fed_utils - INFO - load key [fc2.bias].length : 84, cost time : 0m:0s:0ms
2024-11-15 10:51:15,880 - fed_utils - INFO - encrypting key [fc3.weight].length : 840, cost time : 0m:7s:570ms
2024-11-15 10:51:15,961 - fed_utils - INFO - encrypting key [fc3.bias].length : 10, cost time : 0m:0s:81ms
2024-11-15 10:51:15,962 - fl_main - INFO - Server receive client_dict[f_00018] info ...
2024-11-15 10:51:15,962 - fl_main - INFO - ----- client id [f_00019] -----
2024-11-15 10:51:15,963 - client_base - INFO - recover model cost time : 0m:0s:0ms
2024-11-15 10:51:15,963 - fl_main - INFO - client_dict[f_00019] training ...
2024-11-15 10:51:15,964 - client_base - INFO - client_dict[f_00019] training epoch : 0
2024-11-15 10:51:16,374 - client_base - INFO - local model train cost time : 0m:0s:410ms
2024-11-15 10:51:16,376 - client_base - INFO - model encode time : 0m:0s:1ms
2024-11-15 10:51:16,376 - fl_main - INFO - client_dict[f_00019] local model encrypting ...
2024-11-15 10:51:17,569 - fed_utils - INFO - encrypting key [conv1.weight].length : 150, cost time : 0m:1s:193ms
2024-11-15 10:51:17,618 - fed_utils - INFO - encrypting key [conv1.bias].length : 6, cost time : 0m:0s:49ms
2024-11-15 10:51:17,619 - fed_utils - INFO - load key [conv2.weight].length : 2400, cost time : 0m:0s:0ms
2024-11-15 10:51:17,619 - fed_utils - INFO - load key [conv2.bias].length : 16, cost time : 0m:0s:0ms
2024-11-15 10:51:17,620 - fed_utils - INFO - load key [fc1.weight].length : 48000, cost time : 0m:0s:1ms
2024-11-15 10:51:17,620 - fed_utils - INFO - load key [fc1.bias].length : 120, cost time : 0m:0s:0ms
2024-11-15 10:51:17,620 - fed_utils - INFO - load key [fc2.weight].length : 10080, cost time : 0m:0s:0ms
2024-11-15 10:51:17,620 - fed_utils - INFO - load key [fc2.bias].length : 84, cost time : 0m:0s:0ms
2024-11-15 10:51:24,858 - fed_utils - INFO - encrypting key [fc3.weight].length : 840, cost time : 0m:7s:237ms
2024-11-15 10:51:24,942 - fed_utils - INFO - encrypting key [fc3.bias].length : 10, cost time : 0m:0s:83ms
2024-11-15 10:51:24,942 - fl_main - INFO - Server receive client_dict[f_00019] info ...
2024-11-15 10:51:24,942 - fl_main - INFO - global aggregation process ...
2024-11-15 10:51:24,942 - fed_utils - INFO - server.n_data : 60000
2024-11-15 10:51:24,943 - fed_utils - INFO - client_dict[f_00000].weight : 0.050000
2024-11-15 10:51:24,943 - fed_utils - INFO - client_dict[f_00001].weight : 0.050000
2024-11-15 10:51:24,943 - fed_utils - INFO - client_dict[f_00002].weight : 0.050000
2024-11-15 10:51:24,943 - fed_utils - INFO - client_dict[f_00003].weight : 0.050000
2024-11-15 10:51:24,943 - fed_utils - INFO - client_dict[f_00004].weight : 0.050000
2024-11-15 10:51:24,943 - fed_utils - INFO - client_dict[f_00005].weight : 0.050000
2024-11-15 10:51:24,943 - fed_utils - INFO - client_dict[f_00006].weight : 0.050000
2024-11-15 10:51:24,943 - fed_utils - INFO - client_dict[f_00007].weight : 0.050000
2024-11-15 10:51:24,943 - fed_utils - INFO - client_dict[f_00008].weight : 0.050000
2024-11-15 10:51:24,943 - fed_utils - INFO - client_dict[f_00009].weight : 0.050000
2024-11-15 10:51:24,943 - fed_utils - INFO - client_dict[f_00010].weight : 0.050000
2024-11-15 10:51:24,943 - fed_utils - INFO - client_dict[f_00011].weight : 0.050000
2024-11-15 10:51:24,943 - fed_utils - INFO - client_dict[f_00012].weight : 0.050000
2024-11-15 10:51:24,943 - fed_utils - INFO - client_dict[f_00013].weight : 0.050000
2024-11-15 10:51:24,943 - fed_utils - INFO - client_dict[f_00014].weight : 0.050000
2024-11-15 10:51:24,943 - fed_utils - INFO - client_dict[f_00015].weight : 0.050000
2024-11-15 10:51:24,943 - fed_utils - INFO - client_dict[f_00016].weight : 0.050000
2024-11-15 10:51:24,943 - fed_utils - INFO - client_dict[f_00017].weight : 0.050000
2024-11-15 10:51:24,943 - fed_utils - INFO - client_dict[f_00018].weight : 0.050000
2024-11-15 10:51:24,943 - fed_utils - INFO - client_dict[f_00019].weight : 0.050000
2024-11-15 10:51:24,943 - fed_utils - INFO - recover secret number by clients: 789319.750000
2024-11-15 10:51:24,943 - server_base - INFO - Server aggregate model with homomorphic encryption ...
2024-11-15 10:51:32,105 - server_base - INFO - Server aggregate model done, cost time : 0m:7s:161ms
2024-11-15 10:51:32,470 - fed_utils - INFO - decrypting key [conv1.weight].shape [torch.Size([6, 1, 5, 5])]
2024-11-15 10:51:32,486 - fed_utils - INFO - decrypting key [conv1.bias].shape [torch.Size([6])]
2024-11-15 10:51:32,486 - fed_utils - INFO - decrypting key [conv2.weight].shape [torch.Size([16, 6, 5, 5])]
2024-11-15 10:51:32,486 - fed_utils - INFO - decrypting key [conv2.bias].shape [torch.Size([16])]
2024-11-15 10:51:32,487 - fed_utils - INFO - decrypting key [fc1.weight].shape [torch.Size([120, 400])]
2024-11-15 10:51:32,487 - fed_utils - INFO - decrypting key [fc1.bias].shape [torch.Size([120])]
2024-11-15 10:51:32,487 - fed_utils - INFO - decrypting key [fc2.weight].shape [torch.Size([84, 120])]
2024-11-15 10:51:32,487 - fed_utils - INFO - decrypting key [fc2.bias].shape [torch.Size([84])]
2024-11-15 10:51:34,413 - fed_utils - INFO - decrypting key [fc3.weight].shape [torch.Size([10, 84])]
2024-11-15 10:51:34,436 - fed_utils - INFO - decrypting key [fc3.bias].shape [torch.Size([10])]
2024-11-15 10:51:34,436 - fed_utils - INFO - decrypt time : [0m:2s:331ms]
2024-11-15 10:51:34,447 - fl_main - INFO - [global round : 11] aggregated model accuracy : 0.7613000000000001
2024-11-15 10:51:34,447 - fl_main - INFO - [global round : 11] aggregated model loss : 0.7649820846612712
2024-11-15 10:51:34,447 - fl_main - INFO - global round : 12
2024-11-15 10:51:34,448 - fl_main - INFO - the random client id to test accuracy : f_00003
2024-11-15 10:51:34,448 - fl_main - INFO - ----- client id [f_00000] -----
2024-11-15 10:51:34,449 - client_base - INFO - recover model cost time : 0m:0s:0ms
2024-11-15 10:51:34,449 - fl_main - INFO - client_dict[f_00000] training ...
2024-11-15 10:51:34,450 - client_base - INFO - client_dict[f_00000] training epoch : 0
2024-11-15 10:51:34,856 - client_base - INFO - local model train cost time : 0m:0s:406ms
2024-11-15 10:51:34,858 - client_base - INFO - model encode time : 0m:0s:1ms
2024-11-15 10:51:34,858 - fl_main - INFO - client_dict[f_00000] local model encrypting ...
2024-11-15 10:51:36,222 - fed_utils - INFO - encrypting key [conv1.weight].length : 150, cost time : 0m:1s:364ms
2024-11-15 10:51:36,270 - fed_utils - INFO - encrypting key [conv1.bias].length : 6, cost time : 0m:0s:47ms
2024-11-15 10:51:36,270 - fed_utils - INFO - load key [conv2.weight].length : 2400, cost time : 0m:0s:0ms
2024-11-15 10:51:36,271 - fed_utils - INFO - load key [conv2.bias].length : 16, cost time : 0m:0s:0ms
2024-11-15 10:51:36,272 - fed_utils - INFO - load key [fc1.weight].length : 48000, cost time : 0m:0s:1ms
2024-11-15 10:51:36,272 - fed_utils - INFO - load key [fc1.bias].length : 120, cost time : 0m:0s:0ms
2024-11-15 10:51:36,272 - fed_utils - INFO - load key [fc2.weight].length : 10080, cost time : 0m:0s:0ms
2024-11-15 10:51:36,272 - fed_utils - INFO - load key [fc2.bias].length : 84, cost time : 0m:0s:0ms
2024-11-15 10:51:43,111 - fed_utils - INFO - encrypting key [fc3.weight].length : 840, cost time : 0m:6s:839ms
2024-11-15 10:51:43,190 - fed_utils - INFO - encrypting key [fc3.bias].length : 10, cost time : 0m:0s:78ms
2024-11-15 10:51:43,191 - fl_main - INFO - Server receive client_dict[f_00000] info ...
2024-11-15 10:51:43,192 - fl_main - INFO - ----- client id [f_00001] -----
2024-11-15 10:51:43,193 - client_base - INFO - recover model cost time : 0m:0s:0ms
2024-11-15 10:51:43,193 - fl_main - INFO - client_dict[f_00001] training ...
2024-11-15 10:51:43,194 - client_base - INFO - client_dict[f_00001] training epoch : 0
2024-11-15 10:51:43,621 - client_base - INFO - local model train cost time : 0m:0s:426ms
2024-11-15 10:51:43,622 - client_base - INFO - model encode time : 0m:0s:1ms
2024-11-15 10:51:43,623 - fl_main - INFO - client_dict[f_00001] local model encrypting ...
2024-11-15 10:51:44,849 - fed_utils - INFO - encrypting key [conv1.weight].length : 150, cost time : 0m:1s:226ms
2024-11-15 10:51:44,931 - fed_utils - INFO - encrypting key [conv1.bias].length : 6, cost time : 0m:0s:81ms
2024-11-15 10:51:44,931 - fed_utils - INFO - load key [conv2.weight].length : 2400, cost time : 0m:0s:0ms
2024-11-15 10:51:44,931 - fed_utils - INFO - load key [conv2.bias].length : 16, cost time : 0m:0s:0ms
2024-11-15 10:51:44,933 - fed_utils - INFO - load key [fc1.weight].length : 48000, cost time : 0m:0s:1ms
2024-11-15 10:51:44,933 - fed_utils - INFO - load key [fc1.bias].length : 120, cost time : 0m:0s:0ms
2024-11-15 10:51:44,933 - fed_utils - INFO - load key [fc2.weight].length : 10080, cost time : 0m:0s:0ms
2024-11-15 10:51:44,933 - fed_utils - INFO - load key [fc2.bias].length : 84, cost time : 0m:0s:0ms
2024-11-15 10:51:51,945 - fed_utils - INFO - encrypting key [fc3.weight].length : 840, cost time : 0m:7s:11ms
2024-11-15 10:51:52,024 - fed_utils - INFO - encrypting key [fc3.bias].length : 10, cost time : 0m:0s:79ms
2024-11-15 10:51:52,024 - fl_main - INFO - Server receive client_dict[f_00001] info ...
2024-11-15 10:51:52,024 - fl_main - INFO - ----- client id [f_00002] -----
2024-11-15 10:51:52,026 - client_base - INFO - recover model cost time : 0m:0s:0ms
2024-11-15 10:51:52,026 - fl_main - INFO - client_dict[f_00002] training ...
2024-11-15 10:51:52,027 - client_base - INFO - client_dict[f_00002] training epoch : 0
2024-11-15 10:51:52,418 - client_base - INFO - local model train cost time : 0m:0s:391ms
2024-11-15 10:51:52,421 - client_base - INFO - model encode time : 0m:0s:2ms
2024-11-15 10:51:52,422 - fl_main - INFO - client_dict[f_00002] local model encrypting ...
2024-11-15 10:51:53,921 - fed_utils - INFO - encrypting key [conv1.weight].length : 150, cost time : 0m:1s:498ms
2024-11-15 10:51:53,968 - fed_utils - INFO - encrypting key [conv1.bias].length : 6, cost time : 0m:0s:47ms
2024-11-15 10:51:53,969 - fed_utils - INFO - load key [conv2.weight].length : 2400, cost time : 0m:0s:0ms
2024-11-15 10:51:53,969 - fed_utils - INFO - load key [conv2.bias].length : 16, cost time : 0m:0s:0ms
2024-11-15 10:51:53,970 - fed_utils - INFO - load key [fc1.weight].length : 48000, cost time : 0m:0s:1ms
2024-11-15 10:51:53,970 - fed_utils - INFO - load key [fc1.bias].length : 120, cost time : 0m:0s:0ms
2024-11-15 10:51:53,970 - fed_utils - INFO - load key [fc2.weight].length : 10080, cost time : 0m:0s:0ms
2024-11-15 10:51:53,970 - fed_utils - INFO - load key [fc2.bias].length : 84, cost time : 0m:0s:0ms
2024-11-15 10:52:00,991 - fed_utils - INFO - encrypting key [fc3.weight].length : 840, cost time : 0m:7s:21ms
2024-11-15 10:52:01,070 - fed_utils - INFO - encrypting key [fc3.bias].length : 10, cost time : 0m:0s:78ms
2024-11-15 10:52:01,070 - fl_main - INFO - Server receive client_dict[f_00002] info ...
2024-11-15 10:52:01,070 - fl_main - INFO - ----- client id [f_00003] -----
2024-11-15 10:52:01,072 - client_base - INFO - recover model cost time : 0m:0s:0ms
2024-11-15 10:52:01,953 - fl_main - INFO - global round [12] client_dict[f_00003].accuracy : 0.809200
2024-11-15 10:52:01,954 - fl_main - INFO - client_dict[f_00003] training ...
2024-11-15 10:52:01,954 - client_base - INFO - client_dict[f_00003] training epoch : 0
2024-11-15 10:52:02,362 - client_base - INFO - local model train cost time : 0m:0s:408ms
2024-11-15 10:52:02,364 - client_base - INFO - model encode time : 0m:0s:1ms
2024-11-15 10:52:02,364 - fl_main - INFO - client_dict[f_00003] local model encrypting ...
2024-11-15 10:52:03,772 - fed_utils - INFO - encrypting key [conv1.weight].length : 150, cost time : 0m:1s:408ms
2024-11-15 10:52:03,850 - fed_utils - INFO - encrypting key [conv1.bias].length : 6, cost time : 0m:0s:78ms
2024-11-15 10:52:03,851 - fed_utils - INFO - load key [conv2.weight].length : 2400, cost time : 0m:0s:0ms
2024-11-15 10:52:03,851 - fed_utils - INFO - load key [conv2.bias].length : 16, cost time : 0m:0s:0ms
2024-11-15 10:52:03,852 - fed_utils - INFO - load key [fc1.weight].length : 48000, cost time : 0m:0s:1ms
2024-11-15 10:52:03,853 - fed_utils - INFO - load key [fc1.bias].length : 120, cost time : 0m:0s:0ms
2024-11-15 10:52:03,853 - fed_utils - INFO - load key [fc2.weight].length : 10080, cost time : 0m:0s:0ms
2024-11-15 10:52:03,853 - fed_utils - INFO - load key [fc2.bias].length : 84, cost time : 0m:0s:0ms
2024-11-15 10:52:10,567 - fed_utils - INFO - encrypting key [fc3.weight].length : 840, cost time : 0m:6s:713ms
2024-11-15 10:52:10,647 - fed_utils - INFO - encrypting key [fc3.bias].length : 10, cost time : 0m:0s:79ms
2024-11-15 10:52:10,647 - fl_main - INFO - Server receive client_dict[f_00003] info ...
2024-11-15 10:52:10,647 - fl_main - INFO - ----- client id [f_00004] -----
2024-11-15 10:52:10,648 - client_base - INFO - recover model cost time : 0m:0s:0ms
2024-11-15 10:52:10,648 - fl_main - INFO - client_dict[f_00004] training ...
2024-11-15 10:52:10,649 - client_base - INFO - client_dict[f_00004] training epoch : 0
2024-11-15 10:52:11,043 - client_base - INFO - local model train cost time : 0m:0s:393ms
2024-11-15 10:52:11,044 - client_base - INFO - model encode time : 0m:0s:1ms
2024-11-15 10:52:11,045 - fl_main - INFO - client_dict[f_00004] local model encrypting ...
2024-11-15 10:52:12,282 - fed_utils - INFO - encrypting key [conv1.weight].length : 150, cost time : 0m:1s:237ms
2024-11-15 10:52:12,330 - fed_utils - INFO - encrypting key [conv1.bias].length : 6, cost time : 0m:0s:47ms
2024-11-15 10:52:12,330 - fed_utils - INFO - load key [conv2.weight].length : 2400, cost time : 0m:0s:0ms
2024-11-15 10:52:12,330 - fed_utils - INFO - load key [conv2.bias].length : 16, cost time : 0m:0s:0ms
2024-11-15 10:52:12,331 - fed_utils - INFO - load key [fc1.weight].length : 48000, cost time : 0m:0s:0ms
2024-11-15 10:52:12,331 - fed_utils - INFO - load key [fc1.bias].length : 120, cost time : 0m:0s:0ms
2024-11-15 10:52:12,331 - fed_utils - INFO - load key [fc2.weight].length : 10080, cost time : 0m:0s:0ms
2024-11-15 10:52:12,331 - fed_utils - INFO - load key [fc2.bias].length : 84, cost time : 0m:0s:0ms
2024-11-15 10:52:19,413 - fed_utils - INFO - encrypting key [fc3.weight].length : 840, cost time : 0m:7s:81ms
2024-11-15 10:52:19,492 - fed_utils - INFO - encrypting key [fc3.bias].length : 10, cost time : 0m:0s:78ms
2024-11-15 10:52:19,492 - fl_main - INFO - Server receive client_dict[f_00004] info ...
2024-11-15 10:52:19,492 - fl_main - INFO - ----- client id [f_00005] -----
2024-11-15 10:52:19,494 - client_base - INFO - recover model cost time : 0m:0s:0ms
2024-11-15 10:52:19,494 - fl_main - INFO - client_dict[f_00005] training ...
2024-11-15 10:52:19,494 - client_base - INFO - client_dict[f_00005] training epoch : 0
2024-11-15 10:52:19,882 - client_base - INFO - local model train cost time : 0m:0s:387ms
2024-11-15 10:52:19,884 - client_base - INFO - model encode time : 0m:0s:1ms
2024-11-15 10:52:19,884 - fl_main - INFO - client_dict[f_00005] local model encrypting ...
2024-11-15 10:52:21,220 - fed_utils - INFO - encrypting key [conv1.weight].length : 150, cost time : 0m:1s:335ms
2024-11-15 10:52:21,267 - fed_utils - INFO - encrypting key [conv1.bias].length : 6, cost time : 0m:0s:47ms
2024-11-15 10:52:21,267 - fed_utils - INFO - load key [conv2.weight].length : 2400, cost time : 0m:0s:0ms
2024-11-15 10:52:21,268 - fed_utils - INFO - load key [conv2.bias].length : 16, cost time : 0m:0s:0ms
2024-11-15 10:52:21,269 - fed_utils - INFO - load key [fc1.weight].length : 48000, cost time : 0m:0s:0ms
2024-11-15 10:52:21,269 - fed_utils - INFO - load key [fc1.bias].length : 120, cost time : 0m:0s:0ms
2024-11-15 10:52:21,269 - fed_utils - INFO - load key [fc2.weight].length : 10080, cost time : 0m:0s:0ms
2024-11-15 10:52:21,269 - fed_utils - INFO - load key [fc2.bias].length : 84, cost time : 0m:0s:0ms
2024-11-15 10:52:28,022 - fed_utils - INFO - encrypting key [fc3.weight].length : 840, cost time : 0m:6s:753ms
2024-11-15 10:52:28,110 - fed_utils - INFO - encrypting key [fc3.bias].length : 10, cost time : 0m:0s:87ms
2024-11-15 10:52:28,110 - fl_main - INFO - Server receive client_dict[f_00005] info ...
2024-11-15 10:52:28,110 - fl_main - INFO - ----- client id [f_00006] -----
2024-11-15 10:52:28,112 - client_base - INFO - recover model cost time : 0m:0s:0ms
2024-11-15 10:52:28,112 - fl_main - INFO - client_dict[f_00006] training ...
2024-11-15 10:52:28,113 - client_base - INFO - client_dict[f_00006] training epoch : 0
2024-11-15 10:52:28,549 - client_base - INFO - local model train cost time : 0m:0s:436ms
2024-11-15 10:52:28,553 - client_base - INFO - model encode time : 0m:0s:3ms
2024-11-15 10:52:28,553 - fl_main - INFO - client_dict[f_00006] local model encrypting ...
2024-11-15 10:52:29,745 - fed_utils - INFO - encrypting key [conv1.weight].length : 150, cost time : 0m:1s:191ms
2024-11-15 10:52:29,793 - fed_utils - INFO - encrypting key [conv1.bias].length : 6, cost time : 0m:0s:47ms
2024-11-15 10:52:29,793 - fed_utils - INFO - load key [conv2.weight].length : 2400, cost time : 0m:0s:0ms
2024-11-15 10:52:29,793 - fed_utils - INFO - load key [conv2.bias].length : 16, cost time : 0m:0s:0ms
2024-11-15 10:52:29,794 - fed_utils - INFO - load key [fc1.weight].length : 48000, cost time : 0m:0s:0ms
2024-11-15 10:52:29,794 - fed_utils - INFO - load key [fc1.bias].length : 120, cost time : 0m:0s:0ms
2024-11-15 10:52:29,795 - fed_utils - INFO - load key [fc2.weight].length : 10080, cost time : 0m:0s:0ms
2024-11-15 10:52:29,795 - fed_utils - INFO - load key [fc2.bias].length : 84, cost time : 0m:0s:0ms
2024-11-15 10:52:36,497 - fed_utils - INFO - encrypting key [fc3.weight].length : 840, cost time : 0m:6s:702ms
2024-11-15 10:52:36,576 - fed_utils - INFO - encrypting key [fc3.bias].length : 10, cost time : 0m:0s:78ms
2024-11-15 10:52:36,576 - fl_main - INFO - Server receive client_dict[f_00006] info ...
2024-11-15 10:52:36,576 - fl_main - INFO - ----- client id [f_00007] -----
2024-11-15 10:52:36,577 - client_base - INFO - recover model cost time : 0m:0s:0ms
2024-11-15 10:52:36,578 - fl_main - INFO - client_dict[f_00007] training ...
2024-11-15 10:52:36,578 - client_base - INFO - client_dict[f_00007] training epoch : 0
2024-11-15 10:52:36,954 - client_base - INFO - local model train cost time : 0m:0s:375ms
2024-11-15 10:52:36,955 - client_base - INFO - model encode time : 0m:0s:1ms
2024-11-15 10:52:36,955 - fl_main - INFO - client_dict[f_00007] local model encrypting ...
2024-11-15 10:52:38,262 - fed_utils - INFO - encrypting key [conv1.weight].length : 150, cost time : 0m:1s:306ms
2024-11-15 10:52:38,325 - fed_utils - INFO - encrypting key [conv1.bias].length : 6, cost time : 0m:0s:62ms
2024-11-15 10:52:38,325 - fed_utils - INFO - load key [conv2.weight].length : 2400, cost time : 0m:0s:0ms
2024-11-15 10:52:38,325 - fed_utils - INFO - load key [conv2.bias].length : 16, cost time : 0m:0s:0ms
2024-11-15 10:52:38,327 - fed_utils - INFO - load key [fc1.weight].length : 48000, cost time : 0m:0s:1ms
2024-11-15 10:52:38,327 - fed_utils - INFO - load key [fc1.bias].length : 120, cost time : 0m:0s:0ms
2024-11-15 10:52:38,328 - fed_utils - INFO - load key [fc2.weight].length : 10080, cost time : 0m:0s:0ms
2024-11-15 10:52:38,328 - fed_utils - INFO - load key [fc2.bias].length : 84, cost time : 0m:0s:0ms
2024-11-15 10:52:45,555 - fed_utils - INFO - encrypting key [fc3.weight].length : 840, cost time : 0m:7s:226ms
2024-11-15 10:52:45,634 - fed_utils - INFO - encrypting key [fc3.bias].length : 10, cost time : 0m:0s:79ms
2024-11-15 10:52:45,634 - fl_main - INFO - Server receive client_dict[f_00007] info ...
2024-11-15 10:52:45,635 - fl_main - INFO - ----- client id [f_00008] -----
2024-11-15 10:52:45,636 - client_base - INFO - recover model cost time : 0m:0s:0ms
2024-11-15 10:52:45,636 - fl_main - INFO - client_dict[f_00008] training ...
2024-11-15 10:52:45,637 - client_base - INFO - client_dict[f_00008] training epoch : 0
2024-11-15 10:52:46,019 - client_base - INFO - local model train cost time : 0m:0s:382ms
2024-11-15 10:52:46,021 - client_base - INFO - model encode time : 0m:0s:1ms
2024-11-15 10:52:46,021 - fl_main - INFO - client_dict[f_00008] local model encrypting ...
2024-11-15 10:52:47,209 - fed_utils - INFO - encrypting key [conv1.weight].length : 150, cost time : 0m:1s:187ms
2024-11-15 10:52:47,257 - fed_utils - INFO - encrypting key [conv1.bias].length : 6, cost time : 0m:0s:47ms
2024-11-15 10:52:47,257 - fed_utils - INFO - load key [conv2.weight].length : 2400, cost time : 0m:0s:0ms
2024-11-15 10:52:47,257 - fed_utils - INFO - load key [conv2.bias].length : 16, cost time : 0m:0s:0ms
2024-11-15 10:52:47,258 - fed_utils - INFO - load key [fc1.weight].length : 48000, cost time : 0m:0s:0ms
2024-11-15 10:52:47,258 - fed_utils - INFO - load key [fc1.bias].length : 120, cost time : 0m:0s:0ms
2024-11-15 10:52:47,258 - fed_utils - INFO - load key [fc2.weight].length : 10080, cost time : 0m:0s:0ms
2024-11-15 10:52:47,258 - fed_utils - INFO - load key [fc2.bias].length : 84, cost time : 0m:0s:0ms
2024-11-15 10:52:53,933 - fed_utils - INFO - encrypting key [fc3.weight].length : 840, cost time : 0m:6s:675ms
2024-11-15 10:52:54,012 - fed_utils - INFO - encrypting key [fc3.bias].length : 10, cost time : 0m:0s:78ms
2024-11-15 10:52:54,012 - fl_main - INFO - Server receive client_dict[f_00008] info ...
2024-11-15 10:52:54,013 - fl_main - INFO - ----- client id [f_00009] -----
2024-11-15 10:52:54,014 - client_base - INFO - recover model cost time : 0m:0s:0ms
2024-11-15 10:52:54,014 - fl_main - INFO - client_dict[f_00009] training ...
2024-11-15 10:52:54,015 - client_base - INFO - client_dict[f_00009] training epoch : 0
2024-11-15 10:52:54,419 - client_base - INFO - local model train cost time : 0m:0s:404ms
2024-11-15 10:52:54,420 - client_base - INFO - model encode time : 0m:0s:1ms
2024-11-15 10:52:54,420 - fl_main - INFO - client_dict[f_00009] local model encrypting ...
2024-11-15 10:52:55,678 - fed_utils - INFO - encrypting key [conv1.weight].length : 150, cost time : 0m:1s:257ms
2024-11-15 10:52:55,726 - fed_utils - INFO - encrypting key [conv1.bias].length : 6, cost time : 0m:0s:48ms
2024-11-15 10:52:55,726 - fed_utils - INFO - load key [conv2.weight].length : 2400, cost time : 0m:0s:0ms
2024-11-15 10:52:55,727 - fed_utils - INFO - load key [conv2.bias].length : 16, cost time : 0m:0s:0ms
2024-11-15 10:52:55,728 - fed_utils - INFO - load key [fc1.weight].length : 48000, cost time : 0m:0s:1ms
2024-11-15 10:52:55,728 - fed_utils - INFO - load key [fc1.bias].length : 120, cost time : 0m:0s:0ms
2024-11-15 10:52:55,728 - fed_utils - INFO - load key [fc2.weight].length : 10080, cost time : 0m:0s:0ms
2024-11-15 10:52:55,728 - fed_utils - INFO - load key [fc2.bias].length : 84, cost time : 0m:0s:0ms
2024-11-15 10:53:02,700 - fed_utils - INFO - encrypting key [fc3.weight].length : 840, cost time : 0m:6s:971ms
2024-11-15 10:53:02,781 - fed_utils - INFO - encrypting key [fc3.bias].length : 10, cost time : 0m:0s:81ms
2024-11-15 10:53:02,781 - fl_main - INFO - Server receive client_dict[f_00009] info ...
2024-11-15 10:53:02,782 - fl_main - INFO - ----- client id [f_00010] -----
2024-11-15 10:53:02,783 - client_base - INFO - recover model cost time : 0m:0s:0ms
2024-11-15 10:53:02,783 - fl_main - INFO - client_dict[f_00010] training ...
2024-11-15 10:53:02,784 - client_base - INFO - client_dict[f_00010] training epoch : 0
2024-11-15 10:53:03,181 - client_base - INFO - local model train cost time : 0m:0s:397ms
2024-11-15 10:53:03,190 - client_base - INFO - model encode time : 0m:0s:8ms
2024-11-15 10:53:03,190 - fl_main - INFO - client_dict[f_00010] local model encrypting ...
2024-11-15 10:53:04,398 - fed_utils - INFO - encrypting key [conv1.weight].length : 150, cost time : 0m:1s:207ms
2024-11-15 10:53:04,445 - fed_utils - INFO - encrypting key [conv1.bias].length : 6, cost time : 0m:0s:47ms
2024-11-15 10:53:04,446 - fed_utils - INFO - load key [conv2.weight].length : 2400, cost time : 0m:0s:0ms
2024-11-15 10:53:04,446 - fed_utils - INFO - load key [conv2.bias].length : 16, cost time : 0m:0s:0ms
2024-11-15 10:53:04,447 - fed_utils - INFO - load key [fc1.weight].length : 48000, cost time : 0m:0s:0ms
2024-11-15 10:53:04,447 - fed_utils - INFO - load key [fc1.bias].length : 120, cost time : 0m:0s:0ms
2024-11-15 10:53:04,447 - fed_utils - INFO - load key [fc2.weight].length : 10080, cost time : 0m:0s:0ms
2024-11-15 10:53:04,447 - fed_utils - INFO - load key [fc2.bias].length : 84, cost time : 0m:0s:0ms
2024-11-15 10:53:11,221 - fed_utils - INFO - encrypting key [fc3.weight].length : 840, cost time : 0m:6s:773ms
2024-11-15 10:53:11,300 - fed_utils - INFO - encrypting key [fc3.bias].length : 10, cost time : 0m:0s:78ms
2024-11-15 10:53:11,300 - fl_main - INFO - Server receive client_dict[f_00010] info ...
2024-11-15 10:53:11,300 - fl_main - INFO - ----- client id [f_00011] -----
2024-11-15 10:53:11,301 - client_base - INFO - recover model cost time : 0m:0s:0ms
2024-11-15 10:53:11,301 - fl_main - INFO - client_dict[f_00011] training ...
2024-11-15 10:53:11,302 - client_base - INFO - client_dict[f_00011] training epoch : 0
2024-11-15 10:53:11,680 - client_base - INFO - local model train cost time : 0m:0s:377ms
2024-11-15 10:53:11,681 - client_base - INFO - model encode time : 0m:0s:1ms
2024-11-15 10:53:11,681 - fl_main - INFO - client_dict[f_00011] local model encrypting ...
2024-11-15 10:53:12,888 - fed_utils - INFO - encrypting key [conv1.weight].length : 150, cost time : 0m:1s:206ms
2024-11-15 10:53:12,936 - fed_utils - INFO - encrypting key [conv1.bias].length : 6, cost time : 0m:0s:47ms
2024-11-15 10:53:12,936 - fed_utils - INFO - load key [conv2.weight].length : 2400, cost time : 0m:0s:0ms
2024-11-15 10:53:12,936 - fed_utils - INFO - load key [conv2.bias].length : 16, cost time : 0m:0s:0ms
2024-11-15 10:53:12,937 - fed_utils - INFO - load key [fc1.weight].length : 48000, cost time : 0m:0s:0ms
2024-11-15 10:53:12,937 - fed_utils - INFO - load key [fc1.bias].length : 120, cost time : 0m:0s:0ms
2024-11-15 10:53:12,937 - fed_utils - INFO - load key [fc2.weight].length : 10080, cost time : 0m:0s:0ms
2024-11-15 10:53:12,938 - fed_utils - INFO - load key [fc2.bias].length : 84, cost time : 0m:0s:0ms
2024-11-15 10:53:20,105 - fed_utils - INFO - encrypting key [fc3.weight].length : 840, cost time : 0m:7s:167ms
2024-11-15 10:53:20,184 - fed_utils - INFO - encrypting key [fc3.bias].length : 10, cost time : 0m:0s:78ms
2024-11-15 10:53:20,184 - fl_main - INFO - Server receive client_dict[f_00011] info ...
2024-11-15 10:53:20,184 - fl_main - INFO - ----- client id [f_00012] -----
2024-11-15 10:53:20,185 - client_base - INFO - recover model cost time : 0m:0s:0ms
2024-11-15 10:53:20,185 - fl_main - INFO - client_dict[f_00012] training ...
2024-11-15 10:53:20,186 - client_base - INFO - client_dict[f_00012] training epoch : 0
2024-11-15 10:53:20,585 - client_base - INFO - local model train cost time : 0m:0s:398ms
2024-11-15 10:53:20,586 - client_base - INFO - model encode time : 0m:0s:1ms
2024-11-15 10:53:20,587 - fl_main - INFO - client_dict[f_00012] local model encrypting ...
2024-11-15 10:53:21,874 - fed_utils - INFO - encrypting key [conv1.weight].length : 150, cost time : 0m:1s:287ms
2024-11-15 10:53:21,922 - fed_utils - INFO - encrypting key [conv1.bias].length : 6, cost time : 0m:0s:47ms
2024-11-15 10:53:21,922 - fed_utils - INFO - load key [conv2.weight].length : 2400, cost time : 0m:0s:0ms
2024-11-15 10:53:21,922 - fed_utils - INFO - load key [conv2.bias].length : 16, cost time : 0m:0s:0ms
2024-11-15 10:53:21,923 - fed_utils - INFO - load key [fc1.weight].length : 48000, cost time : 0m:0s:0ms
2024-11-15 10:53:21,923 - fed_utils - INFO - load key [fc1.bias].length : 120, cost time : 0m:0s:0ms
2024-11-15 10:53:21,923 - fed_utils - INFO - load key [fc2.weight].length : 10080, cost time : 0m:0s:0ms
2024-11-15 10:53:21,923 - fed_utils - INFO - load key [fc2.bias].length : 84, cost time : 0m:0s:0ms
2024-11-15 10:53:29,189 - fed_utils - INFO - encrypting key [fc3.weight].length : 840, cost time : 0m:7s:265ms
2024-11-15 10:53:29,269 - fed_utils - INFO - encrypting key [fc3.bias].length : 10, cost time : 0m:0s:80ms
2024-11-15 10:53:29,269 - fl_main - INFO - Server receive client_dict[f_00012] info ...
2024-11-15 10:53:29,270 - fl_main - INFO - ----- client id [f_00013] -----
2024-11-15 10:53:29,271 - client_base - INFO - recover model cost time : 0m:0s:0ms
2024-11-15 10:53:29,271 - fl_main - INFO - client_dict[f_00013] training ...
2024-11-15 10:53:29,272 - client_base - INFO - client_dict[f_00013] training epoch : 0
2024-11-15 10:53:29,761 - client_base - INFO - local model train cost time : 0m:0s:488ms
2024-11-15 10:53:29,763 - client_base - INFO - model encode time : 0m:0s:2ms
2024-11-15 10:53:29,764 - fl_main - INFO - client_dict[f_00013] local model encrypting ...
2024-11-15 10:53:30,967 - fed_utils - INFO - encrypting key [conv1.weight].length : 150, cost time : 0m:1s:203ms
2024-11-15 10:53:31,014 - fed_utils - INFO - encrypting key [conv1.bias].length : 6, cost time : 0m:0s:47ms
2024-11-15 10:53:31,015 - fed_utils - INFO - load key [conv2.weight].length : 2400, cost time : 0m:0s:0ms
2024-11-15 10:53:31,015 - fed_utils - INFO - load key [conv2.bias].length : 16, cost time : 0m:0s:0ms
2024-11-15 10:53:31,016 - fed_utils - INFO - load key [fc1.weight].length : 48000, cost time : 0m:0s:0ms
2024-11-15 10:53:31,016 - fed_utils - INFO - load key [fc1.bias].length : 120, cost time : 0m:0s:0ms
2024-11-15 10:53:31,016 - fed_utils - INFO - load key [fc2.weight].length : 10080, cost time : 0m:0s:0ms
2024-11-15 10:53:31,016 - fed_utils - INFO - load key [fc2.bias].length : 84, cost time : 0m:0s:0ms
2024-11-15 10:53:38,393 - fed_utils - INFO - encrypting key [fc3.weight].length : 840, cost time : 0m:7s:376ms
2024-11-15 10:53:38,472 - fed_utils - INFO - encrypting key [fc3.bias].length : 10, cost time : 0m:0s:78ms
2024-11-15 10:53:38,472 - fl_main - INFO - Server receive client_dict[f_00013] info ...
2024-11-15 10:53:38,472 - fl_main - INFO - ----- client id [f_00014] -----
2024-11-15 10:53:38,473 - client_base - INFO - recover model cost time : 0m:0s:0ms
2024-11-15 10:53:38,473 - fl_main - INFO - client_dict[f_00014] training ...
2024-11-15 10:53:38,474 - client_base - INFO - client_dict[f_00014] training epoch : 0
2024-11-15 10:53:38,878 - client_base - INFO - local model train cost time : 0m:0s:404ms
2024-11-15 10:53:38,880 - client_base - INFO - model encode time : 0m:0s:1ms
2024-11-15 10:53:38,880 - fl_main - INFO - client_dict[f_00014] local model encrypting ...
2024-11-15 10:53:40,191 - fed_utils - INFO - encrypting key [conv1.weight].length : 150, cost time : 0m:1s:311ms
2024-11-15 10:53:40,239 - fed_utils - INFO - encrypting key [conv1.bias].length : 6, cost time : 0m:0s:47ms
2024-11-15 10:53:40,239 - fed_utils - INFO - load key [conv2.weight].length : 2400, cost time : 0m:0s:0ms
2024-11-15 10:53:40,239 - fed_utils - INFO - load key [conv2.bias].length : 16, cost time : 0m:0s:0ms
2024-11-15 10:53:40,240 - fed_utils - INFO - load key [fc1.weight].length : 48000, cost time : 0m:0s:0ms
2024-11-15 10:53:40,240 - fed_utils - INFO - load key [fc1.bias].length : 120, cost time : 0m:0s:0ms
2024-11-15 10:53:40,241 - fed_utils - INFO - load key [fc2.weight].length : 10080, cost time : 0m:0s:0ms
2024-11-15 10:53:40,241 - fed_utils - INFO - load key [fc2.bias].length : 84, cost time : 0m:0s:0ms
2024-11-15 10:53:47,445 - fed_utils - INFO - encrypting key [fc3.weight].length : 840, cost time : 0m:7s:204ms
2024-11-15 10:53:47,524 - fed_utils - INFO - encrypting key [fc3.bias].length : 10, cost time : 0m:0s:78ms
2024-11-15 10:53:47,524 - fl_main - INFO - Server receive client_dict[f_00014] info ...
2024-11-15 10:53:47,524 - fl_main - INFO - ----- client id [f_00015] -----
2024-11-15 10:53:47,525 - client_base - INFO - recover model cost time : 0m:0s:0ms
2024-11-15 10:53:47,526 - fl_main - INFO - client_dict[f_00015] training ...
2024-11-15 10:53:47,526 - client_base - INFO - client_dict[f_00015] training epoch : 0
2024-11-15 10:53:47,902 - client_base - INFO - local model train cost time : 0m:0s:375ms
2024-11-15 10:53:47,904 - client_base - INFO - model encode time : 0m:0s:1ms
2024-11-15 10:53:47,904 - fl_main - INFO - client_dict[f_00015] local model encrypting ...
2024-11-15 10:53:49,094 - fed_utils - INFO - encrypting key [conv1.weight].length : 150, cost time : 0m:1s:189ms
2024-11-15 10:53:49,142 - fed_utils - INFO - encrypting key [conv1.bias].length : 6, cost time : 0m:0s:47ms
2024-11-15 10:53:49,142 - fed_utils - INFO - load key [conv2.weight].length : 2400, cost time : 0m:0s:0ms
2024-11-15 10:53:49,142 - fed_utils - INFO - load key [conv2.bias].length : 16, cost time : 0m:0s:0ms
2024-11-15 10:53:49,143 - fed_utils - INFO - load key [fc1.weight].length : 48000, cost time : 0m:0s:0ms
2024-11-15 10:53:49,143 - fed_utils - INFO - load key [fc1.bias].length : 120, cost time : 0m:0s:0ms
2024-11-15 10:53:49,143 - fed_utils - INFO - load key [fc2.weight].length : 10080, cost time : 0m:0s:0ms
2024-11-15 10:53:49,143 - fed_utils - INFO - load key [fc2.bias].length : 84, cost time : 0m:0s:0ms
2024-11-15 10:53:56,265 - fed_utils - INFO - encrypting key [fc3.weight].length : 840, cost time : 0m:7s:121ms
2024-11-15 10:53:56,344 - fed_utils - INFO - encrypting key [fc3.bias].length : 10, cost time : 0m:0s:78ms
2024-11-15 10:53:56,344 - fl_main - INFO - Server receive client_dict[f_00015] info ...
2024-11-15 10:53:56,344 - fl_main - INFO - ----- client id [f_00016] -----
2024-11-15 10:53:56,345 - client_base - INFO - recover model cost time : 0m:0s:0ms
2024-11-15 10:53:56,345 - fl_main - INFO - client_dict[f_00016] training ...
2024-11-15 10:53:56,346 - client_base - INFO - client_dict[f_00016] training epoch : 0
2024-11-15 10:53:56,725 - client_base - INFO - local model train cost time : 0m:0s:378ms
2024-11-15 10:53:56,726 - client_base - INFO - model encode time : 0m:0s:1ms
2024-11-15 10:53:56,726 - fl_main - INFO - client_dict[f_00016] local model encrypting ...
2024-11-15 10:53:58,052 - fed_utils - INFO - encrypting key [conv1.weight].length : 150, cost time : 0m:1s:325ms
2024-11-15 10:53:58,136 - fed_utils - INFO - encrypting key [conv1.bias].length : 6, cost time : 0m:0s:84ms
2024-11-15 10:53:58,137 - fed_utils - INFO - load key [conv2.weight].length : 2400, cost time : 0m:0s:0ms
2024-11-15 10:53:58,137 - fed_utils - INFO - load key [conv2.bias].length : 16, cost time : 0m:0s:0ms
2024-11-15 10:53:58,139 - fed_utils - INFO - load key [fc1.weight].length : 48000, cost time : 0m:0s:1ms
2024-11-15 10:53:58,139 - fed_utils - INFO - load key [fc1.bias].length : 120, cost time : 0m:0s:0ms
2024-11-15 10:53:58,139 - fed_utils - INFO - load key [fc2.weight].length : 10080, cost time : 0m:0s:0ms
2024-11-15 10:53:58,139 - fed_utils - INFO - load key [fc2.bias].length : 84, cost time : 0m:0s:0ms
2024-11-15 10:54:05,049 - fed_utils - INFO - encrypting key [fc3.weight].length : 840, cost time : 0m:6s:909ms
2024-11-15 10:54:05,128 - fed_utils - INFO - encrypting key [fc3.bias].length : 10, cost time : 0m:0s:78ms
2024-11-15 10:54:05,128 - fl_main - INFO - Server receive client_dict[f_00016] info ...
2024-11-15 10:54:05,128 - fl_main - INFO - ----- client id [f_00017] -----
2024-11-15 10:54:05,129 - client_base - INFO - recover model cost time : 0m:0s:0ms
2024-11-15 10:54:05,129 - fl_main - INFO - client_dict[f_00017] training ...
2024-11-15 10:54:05,130 - client_base - INFO - client_dict[f_00017] training epoch : 0
2024-11-15 10:54:05,508 - client_base - INFO - local model train cost time : 0m:0s:378ms
2024-11-15 10:54:05,510 - client_base - INFO - model encode time : 0m:0s:1ms
2024-11-15 10:54:05,510 - fl_main - INFO - client_dict[f_00017] local model encrypting ...
2024-11-15 10:54:06,690 - fed_utils - INFO - encrypting key [conv1.weight].length : 150, cost time : 0m:1s:179ms
2024-11-15 10:54:06,737 - fed_utils - INFO - encrypting key [conv1.bias].length : 6, cost time : 0m:0s:47ms
2024-11-15 10:54:06,738 - fed_utils - INFO - load key [conv2.weight].length : 2400, cost time : 0m:0s:0ms
2024-11-15 10:54:06,738 - fed_utils - INFO - load key [conv2.bias].length : 16, cost time : 0m:0s:0ms
2024-11-15 10:54:06,739 - fed_utils - INFO - load key [fc1.weight].length : 48000, cost time : 0m:0s:1ms
2024-11-15 10:54:06,739 - fed_utils - INFO - load key [fc1.bias].length : 120, cost time : 0m:0s:0ms
2024-11-15 10:54:06,739 - fed_utils - INFO - load key [fc2.weight].length : 10080, cost time : 0m:0s:0ms
2024-11-15 10:54:06,739 - fed_utils - INFO - load key [fc2.bias].length : 84, cost time : 0m:0s:0ms
2024-11-15 10:54:13,342 - fed_utils - INFO - encrypting key [fc3.weight].length : 840, cost time : 0m:6s:602ms
2024-11-15 10:54:13,421 - fed_utils - INFO - encrypting key [fc3.bias].length : 10, cost time : 0m:0s:78ms
2024-11-15 10:54:13,421 - fl_main - INFO - Server receive client_dict[f_00017] info ...
2024-11-15 10:54:13,421 - fl_main - INFO - ----- client id [f_00018] -----
2024-11-15 10:54:13,422 - client_base - INFO - recover model cost time : 0m:0s:0ms
2024-11-15 10:54:13,422 - fl_main - INFO - client_dict[f_00018] training ...
2024-11-15 10:54:13,423 - client_base - INFO - client_dict[f_00018] training epoch : 0
2024-11-15 10:54:13,806 - client_base - INFO - local model train cost time : 0m:0s:382ms
2024-11-15 10:54:13,807 - client_base - INFO - model encode time : 0m:0s:1ms
2024-11-15 10:54:13,807 - fl_main - INFO - client_dict[f_00018] local model encrypting ...
2024-11-15 10:54:14,986 - fed_utils - INFO - encrypting key [conv1.weight].length : 150, cost time : 0m:1s:179ms
2024-11-15 10:54:15,034 - fed_utils - INFO - encrypting key [conv1.bias].length : 6, cost time : 0m:0s:47ms
2024-11-15 10:54:15,034 - fed_utils - INFO - load key [conv2.weight].length : 2400, cost time : 0m:0s:0ms
2024-11-15 10:54:15,034 - fed_utils - INFO - load key [conv2.bias].length : 16, cost time : 0m:0s:0ms
2024-11-15 10:54:15,035 - fed_utils - INFO - load key [fc1.weight].length : 48000, cost time : 0m:0s:1ms
2024-11-15 10:54:15,035 - fed_utils - INFO - load key [fc1.bias].length : 120, cost time : 0m:0s:0ms
2024-11-15 10:54:15,036 - fed_utils - INFO - load key [fc2.weight].length : 10080, cost time : 0m:0s:0ms
2024-11-15 10:54:15,036 - fed_utils - INFO - load key [fc2.bias].length : 84, cost time : 0m:0s:0ms
2024-11-15 10:54:21,636 - fed_utils - INFO - encrypting key [fc3.weight].length : 840, cost time : 0m:6s:600ms
2024-11-15 10:54:21,715 - fed_utils - INFO - encrypting key [fc3.bias].length : 10, cost time : 0m:0s:78ms
2024-11-15 10:54:21,715 - fl_main - INFO - Server receive client_dict[f_00018] info ...
2024-11-15 10:54:21,715 - fl_main - INFO - ----- client id [f_00019] -----
2024-11-15 10:54:21,716 - client_base - INFO - recover model cost time : 0m:0s:0ms
2024-11-15 10:54:21,716 - fl_main - INFO - client_dict[f_00019] training ...
2024-11-15 10:54:21,717 - client_base - INFO - client_dict[f_00019] training epoch : 0
2024-11-15 10:54:22,088 - client_base - INFO - local model train cost time : 0m:0s:371ms
2024-11-15 10:54:22,089 - client_base - INFO - model encode time : 0m:0s:1ms
2024-11-15 10:54:22,090 - fl_main - INFO - client_dict[f_00019] local model encrypting ...
2024-11-15 10:54:23,269 - fed_utils - INFO - encrypting key [conv1.weight].length : 150, cost time : 0m:1s:178ms
2024-11-15 10:54:23,316 - fed_utils - INFO - encrypting key [conv1.bias].length : 6, cost time : 0m:0s:47ms
2024-11-15 10:54:23,316 - fed_utils - INFO - load key [conv2.weight].length : 2400, cost time : 0m:0s:0ms
2024-11-15 10:54:23,316 - fed_utils - INFO - load key [conv2.bias].length : 16, cost time : 0m:0s:0ms
2024-11-15 10:54:23,317 - fed_utils - INFO - load key [fc1.weight].length : 48000, cost time : 0m:0s:1ms
2024-11-15 10:54:23,317 - fed_utils - INFO - load key [fc1.bias].length : 120, cost time : 0m:0s:0ms
2024-11-15 10:54:23,318 - fed_utils - INFO - load key [fc2.weight].length : 10080, cost time : 0m:0s:0ms
2024-11-15 10:54:23,318 - fed_utils - INFO - load key [fc2.bias].length : 84, cost time : 0m:0s:0ms
2024-11-15 10:54:30,017 - fed_utils - INFO - encrypting key [fc3.weight].length : 840, cost time : 0m:6s:699ms
2024-11-15 10:54:30,097 - fed_utils - INFO - encrypting key [fc3.bias].length : 10, cost time : 0m:0s:79ms
2024-11-15 10:54:30,097 - fl_main - INFO - Server receive client_dict[f_00019] info ...
2024-11-15 10:54:30,097 - fl_main - INFO - global aggregation process ...
2024-11-15 10:54:30,098 - fed_utils - INFO - server.n_data : 60000
2024-11-15 10:54:30,098 - fed_utils - INFO - client_dict[f_00000].weight : 0.050000
2024-11-15 10:54:30,098 - fed_utils - INFO - client_dict[f_00001].weight : 0.050000
2024-11-15 10:54:30,098 - fed_utils - INFO - client_dict[f_00002].weight : 0.050000
2024-11-15 10:54:30,098 - fed_utils - INFO - client_dict[f_00003].weight : 0.050000
2024-11-15 10:54:30,098 - fed_utils - INFO - client_dict[f_00004].weight : 0.050000
2024-11-15 10:54:30,098 - fed_utils - INFO - client_dict[f_00005].weight : 0.050000
2024-11-15 10:54:30,098 - fed_utils - INFO - client_dict[f_00006].weight : 0.050000
2024-11-15 10:54:30,098 - fed_utils - INFO - client_dict[f_00007].weight : 0.050000
2024-11-15 10:54:30,098 - fed_utils - INFO - client_dict[f_00008].weight : 0.050000
2024-11-15 10:54:30,098 - fed_utils - INFO - client_dict[f_00009].weight : 0.050000
2024-11-15 10:54:30,098 - fed_utils - INFO - client_dict[f_00010].weight : 0.050000
2024-11-15 10:54:30,098 - fed_utils - INFO - client_dict[f_00011].weight : 0.050000
2024-11-15 10:54:30,098 - fed_utils - INFO - client_dict[f_00012].weight : 0.050000
2024-11-15 10:54:30,098 - fed_utils - INFO - client_dict[f_00013].weight : 0.050000
2024-11-15 10:54:30,098 - fed_utils - INFO - client_dict[f_00014].weight : 0.050000
2024-11-15 10:54:30,098 - fed_utils - INFO - client_dict[f_00015].weight : 0.050000
2024-11-15 10:54:30,098 - fed_utils - INFO - client_dict[f_00016].weight : 0.050000
2024-11-15 10:54:30,098 - fed_utils - INFO - client_dict[f_00017].weight : 0.050000
2024-11-15 10:54:30,098 - fed_utils - INFO - client_dict[f_00018].weight : 0.050000
2024-11-15 10:54:30,098 - fed_utils - INFO - client_dict[f_00019].weight : 0.050000
2024-11-15 10:54:30,098 - fed_utils - INFO - recover secret number by clients: 789319.750000
2024-11-15 10:54:30,098 - server_base - INFO - Server aggregate model with homomorphic encryption ...
2024-11-15 10:54:36,857 - server_base - INFO - Server aggregate model done, cost time : 0m:6s:758ms
2024-11-15 10:54:37,201 - fed_utils - INFO - decrypting key [conv1.weight].shape [torch.Size([6, 1, 5, 5])]
2024-11-15 10:54:37,214 - fed_utils - INFO - decrypting key [conv1.bias].shape [torch.Size([6])]
2024-11-15 10:54:37,215 - fed_utils - INFO - decrypting key [conv2.weight].shape [torch.Size([16, 6, 5, 5])]
2024-11-15 10:54:37,215 - fed_utils - INFO - decrypting key [conv2.bias].shape [torch.Size([16])]
2024-11-15 10:54:37,215 - fed_utils - INFO - decrypting key [fc1.weight].shape [torch.Size([120, 400])]
2024-11-15 10:54:37,215 - fed_utils - INFO - decrypting key [fc1.bias].shape [torch.Size([120])]
2024-11-15 10:54:37,215 - fed_utils - INFO - decrypting key [fc2.weight].shape [torch.Size([84, 120])]
2024-11-15 10:54:37,215 - fed_utils - INFO - decrypting key [fc2.bias].shape [torch.Size([84])]
2024-11-15 10:54:39,170 - fed_utils - INFO - decrypting key [fc3.weight].shape [torch.Size([10, 84])]
2024-11-15 10:54:39,195 - fed_utils - INFO - decrypting key [fc3.bias].shape [torch.Size([10])]
2024-11-15 10:54:39,195 - fed_utils - INFO - decrypt time : [0m:2s:337ms]
2024-11-15 10:54:39,206 - fl_main - INFO - [global round : 12] aggregated model accuracy : 0.8092
2024-11-15 10:54:39,206 - fl_main - INFO - [global round : 12] aggregated model loss : 0.6118342268419428
2024-11-15 10:54:39,207 - fl_main - INFO - global round : 13
2024-11-15 10:54:39,207 - fl_main - INFO - the random client id to test accuracy : f_00019
2024-11-15 10:54:39,207 - fl_main - INFO - ----- client id [f_00000] -----
2024-11-15 10:54:39,209 - client_base - INFO - recover model cost time : 0m:0s:0ms
2024-11-15 10:54:39,209 - fl_main - INFO - client_dict[f_00000] training ...
2024-11-15 10:54:39,210 - client_base - INFO - client_dict[f_00000] training epoch : 0
2024-11-15 10:54:39,644 - client_base - INFO - local model train cost time : 0m:0s:434ms
2024-11-15 10:54:39,646 - client_base - INFO - model encode time : 0m:0s:1ms
2024-11-15 10:54:39,646 - fl_main - INFO - client_dict[f_00000] local model encrypting ...
2024-11-15 10:54:40,972 - fed_utils - INFO - encrypting key [conv1.weight].length : 150, cost time : 0m:1s:326ms
2024-11-15 10:54:41,044 - fed_utils - INFO - encrypting key [conv1.bias].length : 6, cost time : 0m:0s:71ms
2024-11-15 10:54:41,045 - fed_utils - INFO - load key [conv2.weight].length : 2400, cost time : 0m:0s:0ms
2024-11-15 10:54:41,045 - fed_utils - INFO - load key [conv2.bias].length : 16, cost time : 0m:0s:0ms
2024-11-15 10:54:41,046 - fed_utils - INFO - load key [fc1.weight].length : 48000, cost time : 0m:0s:1ms
2024-11-15 10:54:41,046 - fed_utils - INFO - load key [fc1.bias].length : 120, cost time : 0m:0s:0ms
2024-11-15 10:54:41,047 - fed_utils - INFO - load key [fc2.weight].length : 10080, cost time : 0m:0s:0ms
2024-11-15 10:54:41,047 - fed_utils - INFO - load key [fc2.bias].length : 84, cost time : 0m:0s:0ms
2024-11-15 10:54:48,112 - fed_utils - INFO - encrypting key [fc3.weight].length : 840, cost time : 0m:7s:65ms
2024-11-15 10:54:48,195 - fed_utils - INFO - encrypting key [fc3.bias].length : 10, cost time : 0m:0s:82ms
2024-11-15 10:54:48,196 - fl_main - INFO - Server receive client_dict[f_00000] info ...
2024-11-15 10:54:48,196 - fl_main - INFO - ----- client id [f_00001] -----
2024-11-15 10:54:48,197 - client_base - INFO - recover model cost time : 0m:0s:0ms
2024-11-15 10:54:48,198 - fl_main - INFO - client_dict[f_00001] training ...
2024-11-15 10:54:48,198 - client_base - INFO - client_dict[f_00001] training epoch : 0
2024-11-15 10:54:48,622 - client_base - INFO - local model train cost time : 0m:0s:423ms
2024-11-15 10:54:48,623 - client_base - INFO - model encode time : 0m:0s:1ms
2024-11-15 10:54:48,624 - fl_main - INFO - client_dict[f_00001] local model encrypting ...
2024-11-15 10:54:49,980 - fed_utils - INFO - encrypting key [conv1.weight].length : 150, cost time : 0m:1s:356ms
2024-11-15 10:54:50,029 - fed_utils - INFO - encrypting key [conv1.bias].length : 6, cost time : 0m:0s:49ms
2024-11-15 10:54:50,029 - fed_utils - INFO - load key [conv2.weight].length : 2400, cost time : 0m:0s:0ms
2024-11-15 10:54:50,030 - fed_utils - INFO - load key [conv2.bias].length : 16, cost time : 0m:0s:0ms
2024-11-15 10:54:50,031 - fed_utils - INFO - load key [fc1.weight].length : 48000, cost time : 0m:0s:0ms
2024-11-15 10:54:50,031 - fed_utils - INFO - load key [fc1.bias].length : 120, cost time : 0m:0s:0ms
2024-11-15 10:54:50,031 - fed_utils - INFO - load key [fc2.weight].length : 10080, cost time : 0m:0s:0ms
2024-11-15 10:54:50,031 - fed_utils - INFO - load key [fc2.bias].length : 84, cost time : 0m:0s:0ms
2024-11-15 10:54:57,009 - fed_utils - INFO - encrypting key [fc3.weight].length : 840, cost time : 0m:6s:977ms
2024-11-15 10:54:57,091 - fed_utils - INFO - encrypting key [fc3.bias].length : 10, cost time : 0m:0s:81ms
2024-11-15 10:54:57,091 - fl_main - INFO - Server receive client_dict[f_00001] info ...
2024-11-15 10:54:57,091 - fl_main - INFO - ----- client id [f_00002] -----
2024-11-15 10:54:57,092 - client_base - INFO - recover model cost time : 0m:0s:0ms
2024-11-15 10:54:57,092 - fl_main - INFO - client_dict[f_00002] training ...
2024-11-15 10:54:57,093 - client_base - INFO - client_dict[f_00002] training epoch : 0
2024-11-15 10:54:57,541 - client_base - INFO - local model train cost time : 0m:0s:448ms
2024-11-15 10:54:57,544 - client_base - INFO - model encode time : 0m:0s:2ms
2024-11-15 10:54:57,544 - fl_main - INFO - client_dict[f_00002] local model encrypting ...
2024-11-15 10:54:58,954 - fed_utils - INFO - encrypting key [conv1.weight].length : 150, cost time : 0m:1s:410ms
2024-11-15 10:54:59,003 - fed_utils - INFO - encrypting key [conv1.bias].length : 6, cost time : 0m:0s:48ms
2024-11-15 10:54:59,004 - fed_utils - INFO - load key [conv2.weight].length : 2400, cost time : 0m:0s:0ms
2024-11-15 10:54:59,004 - fed_utils - INFO - load key [conv2.bias].length : 16, cost time : 0m:0s:0ms
2024-11-15 10:54:59,005 - fed_utils - INFO - load key [fc1.weight].length : 48000, cost time : 0m:0s:1ms
2024-11-15 10:54:59,005 - fed_utils - INFO - load key [fc1.bias].length : 120, cost time : 0m:0s:0ms
2024-11-15 10:54:59,005 - fed_utils - INFO - load key [fc2.weight].length : 10080, cost time : 0m:0s:0ms
2024-11-15 10:54:59,005 - fed_utils - INFO - load key [fc2.bias].length : 84, cost time : 0m:0s:0ms
2024-11-15 10:55:05,935 - fed_utils - INFO - encrypting key [fc3.weight].length : 840, cost time : 0m:6s:929ms
2024-11-15 10:55:06,016 - fed_utils - INFO - encrypting key [fc3.bias].length : 10, cost time : 0m:0s:80ms
2024-11-15 10:55:06,016 - fl_main - INFO - Server receive client_dict[f_00002] info ...
2024-11-15 10:55:06,016 - fl_main - INFO - ----- client id [f_00003] -----
2024-11-15 10:55:06,018 - client_base - INFO - recover model cost time : 0m:0s:0ms
2024-11-15 10:55:06,018 - fl_main - INFO - client_dict[f_00003] training ...
2024-11-15 10:55:06,019 - client_base - INFO - client_dict[f_00003] training epoch : 0
2024-11-15 10:55:06,444 - client_base - INFO - local model train cost time : 0m:0s:424ms
2024-11-15 10:55:06,445 - client_base - INFO - model encode time : 0m:0s:1ms
2024-11-15 10:55:06,446 - fl_main - INFO - client_dict[f_00003] local model encrypting ...
2024-11-15 10:55:07,669 - fed_utils - INFO - encrypting key [conv1.weight].length : 150, cost time : 0m:1s:223ms
2024-11-15 10:55:07,718 - fed_utils - INFO - encrypting key [conv1.bias].length : 6, cost time : 0m:0s:48ms
2024-11-15 10:55:07,718 - fed_utils - INFO - load key [conv2.weight].length : 2400, cost time : 0m:0s:0ms
2024-11-15 10:55:07,718 - fed_utils - INFO - load key [conv2.bias].length : 16, cost time : 0m:0s:0ms
2024-11-15 10:55:07,719 - fed_utils - INFO - load key [fc1.weight].length : 48000, cost time : 0m:0s:0ms
2024-11-15 10:55:07,719 - fed_utils - INFO - load key [fc1.bias].length : 120, cost time : 0m:0s:0ms
2024-11-15 10:55:07,719 - fed_utils - INFO - load key [fc2.weight].length : 10080, cost time : 0m:0s:0ms
2024-11-15 10:55:07,719 - fed_utils - INFO - load key [fc2.bias].length : 84, cost time : 0m:0s:0ms
2024-11-15 10:55:14,517 - fed_utils - INFO - encrypting key [fc3.weight].length : 840, cost time : 0m:6s:797ms
2024-11-15 10:55:14,595 - fed_utils - INFO - encrypting key [fc3.bias].length : 10, cost time : 0m:0s:78ms
2024-11-15 10:55:14,596 - fl_main - INFO - Server receive client_dict[f_00003] info ...
2024-11-15 10:55:14,596 - fl_main - INFO - ----- client id [f_00004] -----
2024-11-15 10:55:14,597 - client_base - INFO - recover model cost time : 0m:0s:0ms
2024-11-15 10:55:14,597 - fl_main - INFO - client_dict[f_00004] training ...
2024-11-15 10:55:14,598 - client_base - INFO - client_dict[f_00004] training epoch : 0
2024-11-15 10:55:14,991 - client_base - INFO - local model train cost time : 0m:0s:393ms
2024-11-15 10:55:14,992 - client_base - INFO - model encode time : 0m:0s:1ms
2024-11-15 10:55:14,993 - fl_main - INFO - client_dict[f_00004] local model encrypting ...
2024-11-15 10:55:16,189 - fed_utils - INFO - encrypting key [conv1.weight].length : 150, cost time : 0m:1s:195ms
2024-11-15 10:55:16,238 - fed_utils - INFO - encrypting key [conv1.bias].length : 6, cost time : 0m:0s:49ms
2024-11-15 10:55:16,238 - fed_utils - INFO - load key [conv2.weight].length : 2400, cost time : 0m:0s:0ms
2024-11-15 10:55:16,239 - fed_utils - INFO - load key [conv2.bias].length : 16, cost time : 0m:0s:0ms
2024-11-15 10:55:16,240 - fed_utils - INFO - load key [fc1.weight].length : 48000, cost time : 0m:0s:0ms
2024-11-15 10:55:16,240 - fed_utils - INFO - load key [fc1.bias].length : 120, cost time : 0m:0s:0ms
2024-11-15 10:55:16,240 - fed_utils - INFO - load key [fc2.weight].length : 10080, cost time : 0m:0s:0ms
2024-11-15 10:55:16,240 - fed_utils - INFO - load key [fc2.bias].length : 84, cost time : 0m:0s:0ms
2024-11-15 10:55:23,171 - fed_utils - INFO - encrypting key [fc3.weight].length : 840, cost time : 0m:6s:930ms
2024-11-15 10:55:23,250 - fed_utils - INFO - encrypting key [fc3.bias].length : 10, cost time : 0m:0s:79ms
2024-11-15 10:55:23,250 - fl_main - INFO - Server receive client_dict[f_00004] info ...
2024-11-15 10:55:23,251 - fl_main - INFO - ----- client id [f_00005] -----
2024-11-15 10:55:23,252 - client_base - INFO - recover model cost time : 0m:0s:0ms
2024-11-15 10:55:23,252 - fl_main - INFO - client_dict[f_00005] training ...
2024-11-15 10:55:23,253 - client_base - INFO - client_dict[f_00005] training epoch : 0
2024-11-15 10:55:23,631 - client_base - INFO - local model train cost time : 0m:0s:378ms
2024-11-15 10:55:23,633 - client_base - INFO - model encode time : 0m:0s:1ms
2024-11-15 10:55:23,633 - fl_main - INFO - client_dict[f_00005] local model encrypting ...
2024-11-15 10:55:24,819 - fed_utils - INFO - encrypting key [conv1.weight].length : 150, cost time : 0m:1s:186ms
2024-11-15 10:55:24,867 - fed_utils - INFO - encrypting key [conv1.bias].length : 6, cost time : 0m:0s:47ms
2024-11-15 10:55:24,867 - fed_utils - INFO - load key [conv2.weight].length : 2400, cost time : 0m:0s:0ms
2024-11-15 10:55:24,867 - fed_utils - INFO - load key [conv2.bias].length : 16, cost time : 0m:0s:0ms
2024-11-15 10:55:24,868 - fed_utils - INFO - load key [fc1.weight].length : 48000, cost time : 0m:0s:0ms
2024-11-15 10:55:24,868 - fed_utils - INFO - load key [fc1.bias].length : 120, cost time : 0m:0s:0ms
2024-11-15 10:55:24,868 - fed_utils - INFO - load key [fc2.weight].length : 10080, cost time : 0m:0s:0ms
2024-11-15 10:55:24,868 - fed_utils - INFO - load key [fc2.bias].length : 84, cost time : 0m:0s:0ms
2024-11-15 10:55:31,687 - fed_utils - INFO - encrypting key [fc3.weight].length : 840, cost time : 0m:6s:818ms
2024-11-15 10:55:31,767 - fed_utils - INFO - encrypting key [fc3.bias].length : 10, cost time : 0m:0s:79ms
2024-11-15 10:55:31,767 - fl_main - INFO - Server receive client_dict[f_00005] info ...
2024-11-15 10:55:31,767 - fl_main - INFO - ----- client id [f_00006] -----
2024-11-15 10:55:31,768 - client_base - INFO - recover model cost time : 0m:0s:0ms
2024-11-15 10:55:31,768 - fl_main - INFO - client_dict[f_00006] training ...
2024-11-15 10:55:31,769 - client_base - INFO - client_dict[f_00006] training epoch : 0
2024-11-15 10:55:32,164 - client_base - INFO - local model train cost time : 0m:0s:394ms
2024-11-15 10:55:32,165 - client_base - INFO - model encode time : 0m:0s:1ms
2024-11-15 10:55:32,165 - fl_main - INFO - client_dict[f_00006] local model encrypting ...
2024-11-15 10:55:33,369 - fed_utils - INFO - encrypting key [conv1.weight].length : 150, cost time : 0m:1s:203ms
2024-11-15 10:55:33,418 - fed_utils - INFO - encrypting key [conv1.bias].length : 6, cost time : 0m:0s:49ms
2024-11-15 10:55:33,418 - fed_utils - INFO - load key [conv2.weight].length : 2400, cost time : 0m:0s:0ms
2024-11-15 10:55:33,418 - fed_utils - INFO - load key [conv2.bias].length : 16, cost time : 0m:0s:0ms
2024-11-15 10:55:33,419 - fed_utils - INFO - load key [fc1.weight].length : 48000, cost time : 0m:0s:0ms
2024-11-15 10:55:33,419 - fed_utils - INFO - load key [fc1.bias].length : 120, cost time : 0m:0s:0ms
2024-11-15 10:55:33,420 - fed_utils - INFO - load key [fc2.weight].length : 10080, cost time : 0m:0s:0ms
2024-11-15 10:55:33,420 - fed_utils - INFO - load key [fc2.bias].length : 84, cost time : 0m:0s:0ms
2024-11-15 10:55:40,363 - fed_utils - INFO - encrypting key [fc3.weight].length : 840, cost time : 0m:6s:943ms
2024-11-15 10:55:40,452 - fed_utils - INFO - encrypting key [fc3.bias].length : 10, cost time : 0m:0s:89ms
2024-11-15 10:55:40,452 - fl_main - INFO - Server receive client_dict[f_00006] info ...
2024-11-15 10:55:40,452 - fl_main - INFO - ----- client id [f_00007] -----
2024-11-15 10:55:40,454 - client_base - INFO - recover model cost time : 0m:0s:0ms
2024-11-15 10:55:40,454 - fl_main - INFO - client_dict[f_00007] training ...
2024-11-15 10:55:40,455 - client_base - INFO - client_dict[f_00007] training epoch : 0
2024-11-15 10:55:40,949 - client_base - INFO - local model train cost time : 0m:0s:494ms
2024-11-15 10:55:40,951 - client_base - INFO - model encode time : 0m:0s:1ms
2024-11-15 10:55:40,952 - fl_main - INFO - client_dict[f_00007] local model encrypting ...
2024-11-15 10:55:42,280 - fed_utils - INFO - encrypting key [conv1.weight].length : 150, cost time : 0m:1s:327ms
2024-11-15 10:55:42,332 - fed_utils - INFO - encrypting key [conv1.bias].length : 6, cost time : 0m:0s:52ms
2024-11-15 10:55:42,333 - fed_utils - INFO - load key [conv2.weight].length : 2400, cost time : 0m:0s:0ms
2024-11-15 10:55:42,333 - fed_utils - INFO - load key [conv2.bias].length : 16, cost time : 0m:0s:0ms
2024-11-15 10:55:42,334 - fed_utils - INFO - load key [fc1.weight].length : 48000, cost time : 0m:0s:0ms
2024-11-15 10:55:42,334 - fed_utils - INFO - load key [fc1.bias].length : 120, cost time : 0m:0s:0ms
2024-11-15 10:55:42,334 - fed_utils - INFO - load key [fc2.weight].length : 10080, cost time : 0m:0s:0ms
2024-11-15 10:55:42,334 - fed_utils - INFO - load key [fc2.bias].length : 84, cost time : 0m:0s:0ms
2024-11-15 10:55:49,809 - fed_utils - INFO - encrypting key [fc3.weight].length : 840, cost time : 0m:7s:475ms
2024-11-15 10:55:49,915 - fed_utils - INFO - encrypting key [fc3.bias].length : 10, cost time : 0m:0s:105ms
2024-11-15 10:55:49,915 - fl_main - INFO - Server receive client_dict[f_00007] info ...
2024-11-15 10:55:49,915 - fl_main - INFO - ----- client id [f_00008] -----
2024-11-15 10:55:49,917 - client_base - INFO - recover model cost time : 0m:0s:0ms
2024-11-15 10:55:49,918 - fl_main - INFO - client_dict[f_00008] training ...
2024-11-15 10:55:49,919 - client_base - INFO - client_dict[f_00008] training epoch : 0
2024-11-15 10:55:50,420 - client_base - INFO - local model train cost time : 0m:0s:501ms
2024-11-15 10:55:50,422 - client_base - INFO - model encode time : 0m:0s:1ms
2024-11-15 10:55:50,422 - fl_main - INFO - client_dict[f_00008] local model encrypting ...
2024-11-15 10:55:51,707 - fed_utils - INFO - encrypting key [conv1.weight].length : 150, cost time : 0m:1s:285ms
2024-11-15 10:55:51,755 - fed_utils - INFO - encrypting key [conv1.bias].length : 6, cost time : 0m:0s:47ms
2024-11-15 10:55:51,755 - fed_utils - INFO - load key [conv2.weight].length : 2400, cost time : 0m:0s:0ms
2024-11-15 10:55:51,756 - fed_utils - INFO - load key [conv2.bias].length : 16, cost time : 0m:0s:0ms
2024-11-15 10:55:51,757 - fed_utils - INFO - load key [fc1.weight].length : 48000, cost time : 0m:0s:0ms
2024-11-15 10:55:51,757 - fed_utils - INFO - load key [fc1.bias].length : 120, cost time : 0m:0s:0ms
2024-11-15 10:55:51,757 - fed_utils - INFO - load key [fc2.weight].length : 10080, cost time : 0m:0s:0ms
2024-11-15 10:55:51,757 - fed_utils - INFO - load key [fc2.bias].length : 84, cost time : 0m:0s:0ms
2024-11-15 10:55:58,753 - fed_utils - INFO - encrypting key [fc3.weight].length : 840, cost time : 0m:6s:996ms
2024-11-15 10:55:58,834 - fed_utils - INFO - encrypting key [fc3.bias].length : 10, cost time : 0m:0s:80ms
2024-11-15 10:55:58,834 - fl_main - INFO - Server receive client_dict[f_00008] info ...
2024-11-15 10:55:58,834 - fl_main - INFO - ----- client id [f_00009] -----
2024-11-15 10:55:58,835 - client_base - INFO - recover model cost time : 0m:0s:0ms
2024-11-15 10:55:58,836 - fl_main - INFO - client_dict[f_00009] training ...
2024-11-15 10:55:58,837 - client_base - INFO - client_dict[f_00009] training epoch : 0
2024-11-15 10:55:59,230 - client_base - INFO - local model train cost time : 0m:0s:393ms
2024-11-15 10:55:59,232 - client_base - INFO - model encode time : 0m:0s:1ms
2024-11-15 10:55:59,232 - fl_main - INFO - client_dict[f_00009] local model encrypting ...
2024-11-15 10:56:00,451 - fed_utils - INFO - encrypting key [conv1.weight].length : 150, cost time : 0m:1s:219ms
2024-11-15 10:56:00,501 - fed_utils - INFO - encrypting key [conv1.bias].length : 6, cost time : 0m:0s:49ms
2024-11-15 10:56:00,501 - fed_utils - INFO - load key [conv2.weight].length : 2400, cost time : 0m:0s:0ms
2024-11-15 10:56:00,501 - fed_utils - INFO - load key [conv2.bias].length : 16, cost time : 0m:0s:0ms
2024-11-15 10:56:00,502 - fed_utils - INFO - load key [fc1.weight].length : 48000, cost time : 0m:0s:1ms
2024-11-15 10:56:00,502 - fed_utils - INFO - load key [fc1.bias].length : 120, cost time : 0m:0s:0ms
2024-11-15 10:56:00,503 - fed_utils - INFO - load key [fc2.weight].length : 10080, cost time : 0m:0s:0ms
2024-11-15 10:56:00,503 - fed_utils - INFO - load key [fc2.bias].length : 84, cost time : 0m:0s:0ms
2024-11-15 10:56:07,156 - fed_utils - INFO - encrypting key [fc3.weight].length : 840, cost time : 0m:6s:653ms
2024-11-15 10:56:07,236 - fed_utils - INFO - encrypting key [fc3.bias].length : 10, cost time : 0m:0s:79ms
2024-11-15 10:56:07,236 - fl_main - INFO - Server receive client_dict[f_00009] info ...
2024-11-15 10:56:07,236 - fl_main - INFO - ----- client id [f_00010] -----
2024-11-15 10:56:07,237 - client_base - INFO - recover model cost time : 0m:0s:0ms
2024-11-15 10:56:07,237 - fl_main - INFO - client_dict[f_00010] training ...
2024-11-15 10:56:07,238 - client_base - INFO - client_dict[f_00010] training epoch : 0
2024-11-15 10:56:07,636 - client_base - INFO - local model train cost time : 0m:0s:398ms
2024-11-15 10:56:07,638 - client_base - INFO - model encode time : 0m:0s:1ms
2024-11-15 10:56:07,638 - fl_main - INFO - client_dict[f_00010] local model encrypting ...
2024-11-15 10:56:08,839 - fed_utils - INFO - encrypting key [conv1.weight].length : 150, cost time : 0m:1s:201ms
2024-11-15 10:56:08,890 - fed_utils - INFO - encrypting key [conv1.bias].length : 6, cost time : 0m:0s:51ms
2024-11-15 10:56:08,891 - fed_utils - INFO - load key [conv2.weight].length : 2400, cost time : 0m:0s:0ms
2024-11-15 10:56:08,891 - fed_utils - INFO - load key [conv2.bias].length : 16, cost time : 0m:0s:0ms
2024-11-15 10:56:08,892 - fed_utils - INFO - load key [fc1.weight].length : 48000, cost time : 0m:0s:1ms
2024-11-15 10:56:08,892 - fed_utils - INFO - load key [fc1.bias].length : 120, cost time : 0m:0s:0ms
2024-11-15 10:56:08,893 - fed_utils - INFO - load key [fc2.weight].length : 10080, cost time : 0m:0s:0ms
2024-11-15 10:56:08,893 - fed_utils - INFO - load key [fc2.bias].length : 84, cost time : 0m:0s:0ms
2024-11-15 10:56:15,606 - fed_utils - INFO - encrypting key [fc3.weight].length : 840, cost time : 0m:6s:713ms
2024-11-15 10:56:15,685 - fed_utils - INFO - encrypting key [fc3.bias].length : 10, cost time : 0m:0s:79ms
2024-11-15 10:56:15,685 - fl_main - INFO - Server receive client_dict[f_00010] info ...
2024-11-15 10:56:15,686 - fl_main - INFO - ----- client id [f_00011] -----
2024-11-15 10:56:15,687 - client_base - INFO - recover model cost time : 0m:0s:0ms
2024-11-15 10:56:15,687 - fl_main - INFO - client_dict[f_00011] training ...
2024-11-15 10:56:15,688 - client_base - INFO - client_dict[f_00011] training epoch : 0
2024-11-15 10:56:16,068 - client_base - INFO - local model train cost time : 0m:0s:379ms
2024-11-15 10:56:16,069 - client_base - INFO - model encode time : 0m:0s:1ms
2024-11-15 10:56:16,069 - fl_main - INFO - client_dict[f_00011] local model encrypting ...
2024-11-15 10:56:17,263 - fed_utils - INFO - encrypting key [conv1.weight].length : 150, cost time : 0m:1s:192ms
2024-11-15 10:56:17,310 - fed_utils - INFO - encrypting key [conv1.bias].length : 6, cost time : 0m:0s:47ms
2024-11-15 10:56:17,310 - fed_utils - INFO - load key [conv2.weight].length : 2400, cost time : 0m:0s:0ms
2024-11-15 10:56:17,310 - fed_utils - INFO - load key [conv2.bias].length : 16, cost time : 0m:0s:0ms
2024-11-15 10:56:17,311 - fed_utils - INFO - load key [fc1.weight].length : 48000, cost time : 0m:0s:0ms
2024-11-15 10:56:17,311 - fed_utils - INFO - load key [fc1.bias].length : 120, cost time : 0m:0s:0ms
2024-11-15 10:56:17,312 - fed_utils - INFO - load key [fc2.weight].length : 10080, cost time : 0m:0s:0ms
2024-11-15 10:56:17,312 - fed_utils - INFO - load key [fc2.bias].length : 84, cost time : 0m:0s:0ms
2024-11-15 10:56:23,959 - fed_utils - INFO - encrypting key [fc3.weight].length : 840, cost time : 0m:6s:647ms
2024-11-15 10:56:24,039 - fed_utils - INFO - encrypting key [fc3.bias].length : 10, cost time : 0m:0s:79ms
2024-11-15 10:56:24,039 - fl_main - INFO - Server receive client_dict[f_00011] info ...
2024-11-15 10:56:24,039 - fl_main - INFO - ----- client id [f_00012] -----
2024-11-15 10:56:24,041 - client_base - INFO - recover model cost time : 0m:0s:0ms
2024-11-15 10:56:24,041 - fl_main - INFO - client_dict[f_00012] training ...
2024-11-15 10:56:24,041 - client_base - INFO - client_dict[f_00012] training epoch : 0
2024-11-15 10:56:24,430 - client_base - INFO - local model train cost time : 0m:0s:389ms
2024-11-15 10:56:24,432 - client_base - INFO - model encode time : 0m:0s:1ms
2024-11-15 10:56:24,432 - fl_main - INFO - client_dict[f_00012] local model encrypting ...
2024-11-15 10:56:25,614 - fed_utils - INFO - encrypting key [conv1.weight].length : 150, cost time : 0m:1s:182ms
2024-11-15 10:56:25,662 - fed_utils - INFO - encrypting key [conv1.bias].length : 6, cost time : 0m:0s:47ms
2024-11-15 10:56:25,663 - fed_utils - INFO - load key [conv2.weight].length : 2400, cost time : 0m:0s:0ms
2024-11-15 10:56:25,663 - fed_utils - INFO - load key [conv2.bias].length : 16, cost time : 0m:0s:0ms
2024-11-15 10:56:25,664 - fed_utils - INFO - load key [fc1.weight].length : 48000, cost time : 0m:0s:0ms
2024-11-15 10:56:25,664 - fed_utils - INFO - load key [fc1.bias].length : 120, cost time : 0m:0s:0ms
2024-11-15 10:56:25,664 - fed_utils - INFO - load key [fc2.weight].length : 10080, cost time : 0m:0s:0ms
2024-11-15 10:56:25,664 - fed_utils - INFO - load key [fc2.bias].length : 84, cost time : 0m:0s:0ms
2024-11-15 10:56:32,303 - fed_utils - INFO - encrypting key [fc3.weight].length : 840, cost time : 0m:6s:638ms
2024-11-15 10:56:32,382 - fed_utils - INFO - encrypting key [fc3.bias].length : 10, cost time : 0m:0s:78ms
2024-11-15 10:56:32,382 - fl_main - INFO - Server receive client_dict[f_00012] info ...
2024-11-15 10:56:32,382 - fl_main - INFO - ----- client id [f_00013] -----
2024-11-15 10:56:32,383 - client_base - INFO - recover model cost time : 0m:0s:0ms
2024-11-15 10:56:32,384 - fl_main - INFO - client_dict[f_00013] training ...
2024-11-15 10:56:32,384 - client_base - INFO - client_dict[f_00013] training epoch : 0
2024-11-15 10:56:32,763 - client_base - INFO - local model train cost time : 0m:0s:378ms
2024-11-15 10:56:32,764 - client_base - INFO - model encode time : 0m:0s:1ms
2024-11-15 10:56:32,764 - fl_main - INFO - client_dict[f_00013] local model encrypting ...
2024-11-15 10:56:33,956 - fed_utils - INFO - encrypting key [conv1.weight].length : 150, cost time : 0m:1s:191ms
2024-11-15 10:56:34,003 - fed_utils - INFO - encrypting key [conv1.bias].length : 6, cost time : 0m:0s:47ms
2024-11-15 10:56:34,003 - fed_utils - INFO - load key [conv2.weight].length : 2400, cost time : 0m:0s:0ms
2024-11-15 10:56:34,004 - fed_utils - INFO - load key [conv2.bias].length : 16, cost time : 0m:0s:0ms
2024-11-15 10:56:34,004 - fed_utils - INFO - load key [fc1.weight].length : 48000, cost time : 0m:0s:0ms
2024-11-15 10:56:34,005 - fed_utils - INFO - load key [fc1.bias].length : 120, cost time : 0m:0s:0ms
2024-11-15 10:56:34,005 - fed_utils - INFO - load key [fc2.weight].length : 10080, cost time : 0m:0s:0ms
2024-11-15 10:56:34,005 - fed_utils - INFO - load key [fc2.bias].length : 84, cost time : 0m:0s:0ms
2024-11-15 10:56:40,656 - fed_utils - INFO - encrypting key [fc3.weight].length : 840, cost time : 0m:6s:651ms
2024-11-15 10:56:40,736 - fed_utils - INFO - encrypting key [fc3.bias].length : 10, cost time : 0m:0s:79ms
2024-11-15 10:56:40,736 - fl_main - INFO - Server receive client_dict[f_00013] info ...
2024-11-15 10:56:40,736 - fl_main - INFO - ----- client id [f_00014] -----
2024-11-15 10:56:40,737 - client_base - INFO - recover model cost time : 0m:0s:0ms
2024-11-15 10:56:40,738 - fl_main - INFO - client_dict[f_00014] training ...
2024-11-15 10:56:40,738 - client_base - INFO - client_dict[f_00014] training epoch : 0
2024-11-15 10:56:41,131 - client_base - INFO - local model train cost time : 0m:0s:392ms
2024-11-15 10:56:41,132 - client_base - INFO - model encode time : 0m:0s:1ms
2024-11-15 10:56:41,133 - fl_main - INFO - client_dict[f_00014] local model encrypting ...
2024-11-15 10:56:42,315 - fed_utils - INFO - encrypting key [conv1.weight].length : 150, cost time : 0m:1s:182ms
2024-11-15 10:56:42,362 - fed_utils - INFO - encrypting key [conv1.bias].length : 6, cost time : 0m:0s:47ms
2024-11-15 10:56:42,363 - fed_utils - INFO - load key [conv2.weight].length : 2400, cost time : 0m:0s:0ms
2024-11-15 10:56:42,363 - fed_utils - INFO - load key [conv2.bias].length : 16, cost time : 0m:0s:0ms
2024-11-15 10:56:42,364 - fed_utils - INFO - load key [fc1.weight].length : 48000, cost time : 0m:0s:0ms
2024-11-15 10:56:42,364 - fed_utils - INFO - load key [fc1.bias].length : 120, cost time : 0m:0s:0ms
2024-11-15 10:56:42,364 - fed_utils - INFO - load key [fc2.weight].length : 10080, cost time : 0m:0s:0ms
2024-11-15 10:56:42,364 - fed_utils - INFO - load key [fc2.bias].length : 84, cost time : 0m:0s:0ms
2024-11-15 10:56:49,004 - fed_utils - INFO - encrypting key [fc3.weight].length : 840, cost time : 0m:6s:640ms
2024-11-15 10:56:49,083 - fed_utils - INFO - encrypting key [fc3.bias].length : 10, cost time : 0m:0s:78ms
2024-11-15 10:56:49,083 - fl_main - INFO - Server receive client_dict[f_00014] info ...
2024-11-15 10:56:49,083 - fl_main - INFO - ----- client id [f_00015] -----
2024-11-15 10:56:49,085 - client_base - INFO - recover model cost time : 0m:0s:0ms
2024-11-15 10:56:49,085 - fl_main - INFO - client_dict[f_00015] training ...
2024-11-15 10:56:49,085 - client_base - INFO - client_dict[f_00015] training epoch : 0
2024-11-15 10:56:49,478 - client_base - INFO - local model train cost time : 0m:0s:392ms
2024-11-15 10:56:49,479 - client_base - INFO - model encode time : 0m:0s:1ms
2024-11-15 10:56:49,480 - fl_main - INFO - client_dict[f_00015] local model encrypting ...
2024-11-15 10:56:50,666 - fed_utils - INFO - encrypting key [conv1.weight].length : 150, cost time : 0m:1s:186ms
2024-11-15 10:56:50,714 - fed_utils - INFO - encrypting key [conv1.bias].length : 6, cost time : 0m:0s:47ms
2024-11-15 10:56:50,714 - fed_utils - INFO - load key [conv2.weight].length : 2400, cost time : 0m:0s:0ms
2024-11-15 10:56:50,714 - fed_utils - INFO - load key [conv2.bias].length : 16, cost time : 0m:0s:0ms
2024-11-15 10:56:50,715 - fed_utils - INFO - load key [fc1.weight].length : 48000, cost time : 0m:0s:0ms
2024-11-15 10:56:50,715 - fed_utils - INFO - load key [fc1.bias].length : 120, cost time : 0m:0s:0ms
2024-11-15 10:56:50,716 - fed_utils - INFO - load key [fc2.weight].length : 10080, cost time : 0m:0s:0ms
2024-11-15 10:56:50,716 - fed_utils - INFO - load key [fc2.bias].length : 84, cost time : 0m:0s:0ms
2024-11-15 10:56:57,355 - fed_utils - INFO - encrypting key [fc3.weight].length : 840, cost time : 0m:6s:639ms
2024-11-15 10:56:57,435 - fed_utils - INFO - encrypting key [fc3.bias].length : 10, cost time : 0m:0s:79ms
2024-11-15 10:56:57,435 - fl_main - INFO - Server receive client_dict[f_00015] info ...
2024-11-15 10:56:57,435 - fl_main - INFO - ----- client id [f_00016] -----
2024-11-15 10:56:57,436 - client_base - INFO - recover model cost time : 0m:0s:0ms
2024-11-15 10:56:57,436 - fl_main - INFO - client_dict[f_00016] training ...
2024-11-15 10:56:57,437 - client_base - INFO - client_dict[f_00016] training epoch : 0
2024-11-15 10:56:57,850 - client_base - INFO - local model train cost time : 0m:0s:413ms
2024-11-15 10:56:57,852 - client_base - INFO - model encode time : 0m:0s:1ms
2024-11-15 10:56:57,852 - fl_main - INFO - client_dict[f_00016] local model encrypting ...
2024-11-15 10:56:59,039 - fed_utils - INFO - encrypting key [conv1.weight].length : 150, cost time : 0m:1s:187ms
2024-11-15 10:56:59,087 - fed_utils - INFO - encrypting key [conv1.bias].length : 6, cost time : 0m:0s:47ms
2024-11-15 10:56:59,087 - fed_utils - INFO - load key [conv2.weight].length : 2400, cost time : 0m:0s:0ms
2024-11-15 10:56:59,087 - fed_utils - INFO - load key [conv2.bias].length : 16, cost time : 0m:0s:0ms
2024-11-15 10:56:59,088 - fed_utils - INFO - load key [fc1.weight].length : 48000, cost time : 0m:0s:1ms
2024-11-15 10:56:59,088 - fed_utils - INFO - load key [fc1.bias].length : 120, cost time : 0m:0s:0ms
2024-11-15 10:56:59,089 - fed_utils - INFO - load key [fc2.weight].length : 10080, cost time : 0m:0s:0ms
2024-11-15 10:56:59,089 - fed_utils - INFO - load key [fc2.bias].length : 84, cost time : 0m:0s:0ms
2024-11-15 10:57:05,738 - fed_utils - INFO - encrypting key [fc3.weight].length : 840, cost time : 0m:6s:648ms
2024-11-15 10:57:05,817 - fed_utils - INFO - encrypting key [fc3.bias].length : 10, cost time : 0m:0s:79ms
2024-11-15 10:57:05,817 - fl_main - INFO - Server receive client_dict[f_00016] info ...
2024-11-15 10:57:05,817 - fl_main - INFO - ----- client id [f_00017] -----
2024-11-15 10:57:05,818 - client_base - INFO - recover model cost time : 0m:0s:0ms
2024-11-15 10:57:05,818 - fl_main - INFO - client_dict[f_00017] training ...
2024-11-15 10:57:05,819 - client_base - INFO - client_dict[f_00017] training epoch : 0
2024-11-15 10:57:06,196 - client_base - INFO - local model train cost time : 0m:0s:377ms
2024-11-15 10:57:06,198 - client_base - INFO - model encode time : 0m:0s:1ms
2024-11-15 10:57:06,198 - fl_main - INFO - client_dict[f_00017] local model encrypting ...
2024-11-15 10:57:07,396 - fed_utils - INFO - encrypting key [conv1.weight].length : 150, cost time : 0m:1s:197ms
2024-11-15 10:57:07,444 - fed_utils - INFO - encrypting key [conv1.bias].length : 6, cost time : 0m:0s:48ms
2024-11-15 10:57:07,445 - fed_utils - INFO - load key [conv2.weight].length : 2400, cost time : 0m:0s:0ms
2024-11-15 10:57:07,445 - fed_utils - INFO - load key [conv2.bias].length : 16, cost time : 0m:0s:0ms
2024-11-15 10:57:07,446 - fed_utils - INFO - load key [fc1.weight].length : 48000, cost time : 0m:0s:1ms
2024-11-15 10:57:07,446 - fed_utils - INFO - load key [fc1.bias].length : 120, cost time : 0m:0s:0ms
2024-11-15 10:57:07,446 - fed_utils - INFO - load key [fc2.weight].length : 10080, cost time : 0m:0s:0ms
2024-11-15 10:57:07,446 - fed_utils - INFO - load key [fc2.bias].length : 84, cost time : 0m:0s:0ms
2024-11-15 10:57:14,099 - fed_utils - INFO - encrypting key [fc3.weight].length : 840, cost time : 0m:6s:652ms
2024-11-15 10:57:14,178 - fed_utils - INFO - encrypting key [fc3.bias].length : 10, cost time : 0m:0s:79ms
2024-11-15 10:57:14,178 - fl_main - INFO - Server receive client_dict[f_00017] info ...
2024-11-15 10:57:14,178 - fl_main - INFO - ----- client id [f_00018] -----
2024-11-15 10:57:14,179 - client_base - INFO - recover model cost time : 0m:0s:0ms
2024-11-15 10:57:14,179 - fl_main - INFO - client_dict[f_00018] training ...
2024-11-15 10:57:14,180 - client_base - INFO - client_dict[f_00018] training epoch : 0
2024-11-15 10:57:14,567 - client_base - INFO - local model train cost time : 0m:0s:387ms
2024-11-15 10:57:14,569 - client_base - INFO - model encode time : 0m:0s:1ms
2024-11-15 10:57:14,569 - fl_main - INFO - client_dict[f_00018] local model encrypting ...
2024-11-15 10:57:15,751 - fed_utils - INFO - encrypting key [conv1.weight].length : 150, cost time : 0m:1s:182ms
2024-11-15 10:57:15,799 - fed_utils - INFO - encrypting key [conv1.bias].length : 6, cost time : 0m:0s:47ms
2024-11-15 10:57:15,799 - fed_utils - INFO - load key [conv2.weight].length : 2400, cost time : 0m:0s:0ms
2024-11-15 10:57:15,799 - fed_utils - INFO - load key [conv2.bias].length : 16, cost time : 0m:0s:0ms
2024-11-15 10:57:15,800 - fed_utils - INFO - load key [fc1.weight].length : 48000, cost time : 0m:0s:1ms
2024-11-15 10:57:15,801 - fed_utils - INFO - load key [fc1.bias].length : 120, cost time : 0m:0s:0ms
2024-11-15 10:57:15,801 - fed_utils - INFO - load key [fc2.weight].length : 10080, cost time : 0m:0s:0ms
2024-11-15 10:57:15,801 - fed_utils - INFO - load key [fc2.bias].length : 84, cost time : 0m:0s:0ms
2024-11-15 10:57:22,425 - fed_utils - INFO - encrypting key [fc3.weight].length : 840, cost time : 0m:6s:623ms
2024-11-15 10:57:22,504 - fed_utils - INFO - encrypting key [fc3.bias].length : 10, cost time : 0m:0s:78ms
2024-11-15 10:57:22,504 - fl_main - INFO - Server receive client_dict[f_00018] info ...
2024-11-15 10:57:22,504 - fl_main - INFO - ----- client id [f_00019] -----
2024-11-15 10:57:22,505 - client_base - INFO - recover model cost time : 0m:0s:0ms
2024-11-15 10:57:23,310 - fl_main - INFO - global round [13] client_dict[f_00019].accuracy : 0.847000
2024-11-15 10:57:23,310 - fl_main - INFO - client_dict[f_00019] training ...
2024-11-15 10:57:23,310 - client_base - INFO - client_dict[f_00019] training epoch : 0
2024-11-15 10:57:23,695 - client_base - INFO - local model train cost time : 0m:0s:384ms
2024-11-15 10:57:23,696 - client_base - INFO - model encode time : 0m:0s:1ms
2024-11-15 10:57:23,697 - fl_main - INFO - client_dict[f_00019] local model encrypting ...
2024-11-15 10:57:24,881 - fed_utils - INFO - encrypting key [conv1.weight].length : 150, cost time : 0m:1s:183ms
2024-11-15 10:57:24,928 - fed_utils - INFO - encrypting key [conv1.bias].length : 6, cost time : 0m:0s:47ms
2024-11-15 10:57:24,929 - fed_utils - INFO - load key [conv2.weight].length : 2400, cost time : 0m:0s:0ms
2024-11-15 10:57:24,929 - fed_utils - INFO - load key [conv2.bias].length : 16, cost time : 0m:0s:0ms
2024-11-15 10:57:24,930 - fed_utils - INFO - load key [fc1.weight].length : 48000, cost time : 0m:0s:1ms
2024-11-15 10:57:24,930 - fed_utils - INFO - load key [fc1.bias].length : 120, cost time : 0m:0s:0ms
2024-11-15 10:57:24,930 - fed_utils - INFO - load key [fc2.weight].length : 10080, cost time : 0m:0s:0ms
2024-11-15 10:57:24,930 - fed_utils - INFO - load key [fc2.bias].length : 84, cost time : 0m:0s:0ms
2024-11-15 10:57:31,563 - fed_utils - INFO - encrypting key [fc3.weight].length : 840, cost time : 0m:6s:632ms
2024-11-15 10:57:31,643 - fed_utils - INFO - encrypting key [fc3.bias].length : 10, cost time : 0m:0s:79ms
2024-11-15 10:57:31,643 - fl_main - INFO - Server receive client_dict[f_00019] info ...
2024-11-15 10:57:31,643 - fl_main - INFO - global aggregation process ...
2024-11-15 10:57:31,644 - fed_utils - INFO - server.n_data : 60000
2024-11-15 10:57:31,644 - fed_utils - INFO - client_dict[f_00000].weight : 0.050000
2024-11-15 10:57:31,644 - fed_utils - INFO - client_dict[f_00001].weight : 0.050000
2024-11-15 10:57:31,644 - fed_utils - INFO - client_dict[f_00002].weight : 0.050000
2024-11-15 10:57:31,644 - fed_utils - INFO - client_dict[f_00003].weight : 0.050000
2024-11-15 10:57:31,644 - fed_utils - INFO - client_dict[f_00004].weight : 0.050000
2024-11-15 10:57:31,644 - fed_utils - INFO - client_dict[f_00005].weight : 0.050000
2024-11-15 10:57:31,644 - fed_utils - INFO - client_dict[f_00006].weight : 0.050000
2024-11-15 10:57:31,644 - fed_utils - INFO - client_dict[f_00007].weight : 0.050000
2024-11-15 10:57:31,644 - fed_utils - INFO - client_dict[f_00008].weight : 0.050000
2024-11-15 10:57:31,644 - fed_utils - INFO - client_dict[f_00009].weight : 0.050000
2024-11-15 10:57:31,644 - fed_utils - INFO - client_dict[f_00010].weight : 0.050000
2024-11-15 10:57:31,644 - fed_utils - INFO - client_dict[f_00011].weight : 0.050000
2024-11-15 10:57:31,644 - fed_utils - INFO - client_dict[f_00012].weight : 0.050000
2024-11-15 10:57:31,644 - fed_utils - INFO - client_dict[f_00013].weight : 0.050000
2024-11-15 10:57:31,644 - fed_utils - INFO - client_dict[f_00014].weight : 0.050000
2024-11-15 10:57:31,644 - fed_utils - INFO - client_dict[f_00015].weight : 0.050000
2024-11-15 10:57:31,644 - fed_utils - INFO - client_dict[f_00016].weight : 0.050000
2024-11-15 10:57:31,644 - fed_utils - INFO - client_dict[f_00017].weight : 0.050000
2024-11-15 10:57:31,644 - fed_utils - INFO - client_dict[f_00018].weight : 0.050000
2024-11-15 10:57:31,644 - fed_utils - INFO - client_dict[f_00019].weight : 0.050000
2024-11-15 10:57:31,644 - fed_utils - INFO - recover secret number by clients: 789319.750000
2024-11-15 10:57:31,644 - server_base - INFO - Server aggregate model with homomorphic encryption ...
2024-11-15 10:57:38,352 - server_base - INFO - Server aggregate model done, cost time : 0m:6s:708ms
2024-11-15 10:57:38,693 - fed_utils - INFO - decrypting key [conv1.weight].shape [torch.Size([6, 1, 5, 5])]
2024-11-15 10:57:38,707 - fed_utils - INFO - decrypting key [conv1.bias].shape [torch.Size([6])]
2024-11-15 10:57:38,707 - fed_utils - INFO - decrypting key [conv2.weight].shape [torch.Size([16, 6, 5, 5])]
2024-11-15 10:57:38,707 - fed_utils - INFO - decrypting key [conv2.bias].shape [torch.Size([16])]
2024-11-15 10:57:38,708 - fed_utils - INFO - decrypting key [fc1.weight].shape [torch.Size([120, 400])]
2024-11-15 10:57:38,708 - fed_utils - INFO - decrypting key [fc1.bias].shape [torch.Size([120])]
2024-11-15 10:57:38,708 - fed_utils - INFO - decrypting key [fc2.weight].shape [torch.Size([84, 120])]
2024-11-15 10:57:38,708 - fed_utils - INFO - decrypting key [fc2.bias].shape [torch.Size([84])]
2024-11-15 10:57:40,620 - fed_utils - INFO - decrypting key [fc3.weight].shape [torch.Size([10, 84])]
2024-11-15 10:57:40,643 - fed_utils - INFO - decrypting key [fc3.bias].shape [torch.Size([10])]
2024-11-15 10:57:40,643 - fed_utils - INFO - decrypt time : [0m:2s:290ms]
2024-11-15 10:57:40,655 - fl_main - INFO - [global round : 13] aggregated model accuracy : 0.8470000000000001
2024-11-15 10:57:40,655 - fl_main - INFO - [global round : 13] aggregated model loss : 0.5302624414309929
2024-11-15 10:57:40,655 - fl_main - INFO - global round : 14
2024-11-15 10:57:40,656 - fl_main - INFO - the random client id to test accuracy : f_00015
2024-11-15 10:57:40,656 - fl_main - INFO - ----- client id [f_00000] -----
2024-11-15 10:57:40,657 - client_base - INFO - recover model cost time : 0m:0s:0ms
2024-11-15 10:57:40,657 - fl_main - INFO - client_dict[f_00000] training ...
2024-11-15 10:57:40,658 - client_base - INFO - client_dict[f_00000] training epoch : 0
2024-11-15 10:57:41,036 - client_base - INFO - local model train cost time : 0m:0s:378ms
2024-11-15 10:57:41,037 - client_base - INFO - model encode time : 0m:0s:1ms
2024-11-15 10:57:41,038 - fl_main - INFO - client_dict[f_00000] local model encrypting ...
2024-11-15 10:57:42,224 - fed_utils - INFO - encrypting key [conv1.weight].length : 150, cost time : 0m:1s:186ms
2024-11-15 10:57:42,272 - fed_utils - INFO - encrypting key [conv1.bias].length : 6, cost time : 0m:0s:48ms
2024-11-15 10:57:42,272 - fed_utils - INFO - load key [conv2.weight].length : 2400, cost time : 0m:0s:0ms
2024-11-15 10:57:42,272 - fed_utils - INFO - load key [conv2.bias].length : 16, cost time : 0m:0s:0ms
2024-11-15 10:57:42,273 - fed_utils - INFO - load key [fc1.weight].length : 48000, cost time : 0m:0s:1ms
2024-11-15 10:57:42,273 - fed_utils - INFO - load key [fc1.bias].length : 120, cost time : 0m:0s:0ms
2024-11-15 10:57:42,274 - fed_utils - INFO - load key [fc2.weight].length : 10080, cost time : 0m:0s:0ms
2024-11-15 10:57:42,274 - fed_utils - INFO - load key [fc2.bias].length : 84, cost time : 0m:0s:0ms
2024-11-15 10:57:49,065 - fed_utils - INFO - encrypting key [fc3.weight].length : 840, cost time : 0m:6s:791ms
2024-11-15 10:57:49,144 - fed_utils - INFO - encrypting key [fc3.bias].length : 10, cost time : 0m:0s:78ms
2024-11-15 10:57:49,145 - fl_main - INFO - Server receive client_dict[f_00000] info ...
2024-11-15 10:57:49,146 - fl_main - INFO - ----- client id [f_00001] -----
2024-11-15 10:57:49,147 - client_base - INFO - recover model cost time : 0m:0s:0ms
2024-11-15 10:57:49,147 - fl_main - INFO - client_dict[f_00001] training ...
2024-11-15 10:57:49,148 - client_base - INFO - client_dict[f_00001] training epoch : 0
2024-11-15 10:57:49,524 - client_base - INFO - local model train cost time : 0m:0s:375ms
2024-11-15 10:57:49,525 - client_base - INFO - model encode time : 0m:0s:1ms
2024-11-15 10:57:49,525 - fl_main - INFO - client_dict[f_00001] local model encrypting ...
2024-11-15 10:57:50,711 - fed_utils - INFO - encrypting key [conv1.weight].length : 150, cost time : 0m:1s:185ms
2024-11-15 10:57:50,759 - fed_utils - INFO - encrypting key [conv1.bias].length : 6, cost time : 0m:0s:47ms
2024-11-15 10:57:50,759 - fed_utils - INFO - load key [conv2.weight].length : 2400, cost time : 0m:0s:0ms
2024-11-15 10:57:50,759 - fed_utils - INFO - load key [conv2.bias].length : 16, cost time : 0m:0s:0ms
2024-11-15 10:57:50,760 - fed_utils - INFO - load key [fc1.weight].length : 48000, cost time : 0m:0s:0ms
2024-11-15 10:57:50,760 - fed_utils - INFO - load key [fc1.bias].length : 120, cost time : 0m:0s:0ms
2024-11-15 10:57:50,760 - fed_utils - INFO - load key [fc2.weight].length : 10080, cost time : 0m:0s:0ms
2024-11-15 10:57:50,760 - fed_utils - INFO - load key [fc2.bias].length : 84, cost time : 0m:0s:0ms
2024-11-15 10:57:57,386 - fed_utils - INFO - encrypting key [fc3.weight].length : 840, cost time : 0m:6s:625ms
2024-11-15 10:57:57,465 - fed_utils - INFO - encrypting key [fc3.bias].length : 10, cost time : 0m:0s:78ms
2024-11-15 10:57:57,465 - fl_main - INFO - Server receive client_dict[f_00001] info ...
2024-11-15 10:57:57,465 - fl_main - INFO - ----- client id [f_00002] -----
2024-11-15 10:57:57,466 - client_base - INFO - recover model cost time : 0m:0s:0ms
2024-11-15 10:57:57,466 - fl_main - INFO - client_dict[f_00002] training ...
2024-11-15 10:57:57,467 - client_base - INFO - client_dict[f_00002] training epoch : 0
2024-11-15 10:57:57,866 - client_base - INFO - local model train cost time : 0m:0s:399ms
2024-11-15 10:57:57,868 - client_base - INFO - model encode time : 0m:0s:1ms
2024-11-15 10:57:57,868 - fl_main - INFO - client_dict[f_00002] local model encrypting ...
2024-11-15 10:57:59,050 - fed_utils - INFO - encrypting key [conv1.weight].length : 150, cost time : 0m:1s:181ms
2024-11-15 10:57:59,097 - fed_utils - INFO - encrypting key [conv1.bias].length : 6, cost time : 0m:0s:47ms
2024-11-15 10:57:59,097 - fed_utils - INFO - load key [conv2.weight].length : 2400, cost time : 0m:0s:0ms
2024-11-15 10:57:59,097 - fed_utils - INFO - load key [conv2.bias].length : 16, cost time : 0m:0s:0ms
2024-11-15 10:57:59,098 - fed_utils - INFO - load key [fc1.weight].length : 48000, cost time : 0m:0s:0ms
2024-11-15 10:57:59,098 - fed_utils - INFO - load key [fc1.bias].length : 120, cost time : 0m:0s:0ms
2024-11-15 10:57:59,099 - fed_utils - INFO - load key [fc2.weight].length : 10080, cost time : 0m:0s:0ms
2024-11-15 10:57:59,099 - fed_utils - INFO - load key [fc2.bias].length : 84, cost time : 0m:0s:0ms
2024-11-15 10:58:05,727 - fed_utils - INFO - encrypting key [fc3.weight].length : 840, cost time : 0m:6s:627ms
2024-11-15 10:58:05,806 - fed_utils - INFO - encrypting key [fc3.bias].length : 10, cost time : 0m:0s:78ms
2024-11-15 10:58:05,806 - fl_main - INFO - Server receive client_dict[f_00002] info ...
2024-11-15 10:58:05,806 - fl_main - INFO - ----- client id [f_00003] -----
2024-11-15 10:58:05,807 - client_base - INFO - recover model cost time : 0m:0s:0ms
2024-11-15 10:58:05,807 - fl_main - INFO - client_dict[f_00003] training ...
2024-11-15 10:58:05,808 - client_base - INFO - client_dict[f_00003] training epoch : 0
2024-11-15 10:58:06,187 - client_base - INFO - local model train cost time : 0m:0s:378ms
2024-11-15 10:58:06,188 - client_base - INFO - model encode time : 0m:0s:1ms
2024-11-15 10:58:06,189 - fl_main - INFO - client_dict[f_00003] local model encrypting ...
2024-11-15 10:58:07,373 - fed_utils - INFO - encrypting key [conv1.weight].length : 150, cost time : 0m:1s:184ms
2024-11-15 10:58:07,420 - fed_utils - INFO - encrypting key [conv1.bias].length : 6, cost time : 0m:0s:47ms
2024-11-15 10:58:07,420 - fed_utils - INFO - load key [conv2.weight].length : 2400, cost time : 0m:0s:0ms
2024-11-15 10:58:07,420 - fed_utils - INFO - load key [conv2.bias].length : 16, cost time : 0m:0s:0ms
2024-11-15 10:58:07,421 - fed_utils - INFO - load key [fc1.weight].length : 48000, cost time : 0m:0s:0ms
2024-11-15 10:58:07,422 - fed_utils - INFO - load key [fc1.bias].length : 120, cost time : 0m:0s:0ms
2024-11-15 10:58:07,422 - fed_utils - INFO - load key [fc2.weight].length : 10080, cost time : 0m:0s:0ms
2024-11-15 10:58:07,422 - fed_utils - INFO - load key [fc2.bias].length : 84, cost time : 0m:0s:0ms
2024-11-15 10:58:14,092 - fed_utils - INFO - encrypting key [fc3.weight].length : 840, cost time : 0m:6s:670ms
2024-11-15 10:58:14,175 - fed_utils - INFO - encrypting key [fc3.bias].length : 10, cost time : 0m:0s:82ms
2024-11-15 10:58:14,175 - fl_main - INFO - Server receive client_dict[f_00003] info ...
2024-11-15 10:58:14,175 - fl_main - INFO - ----- client id [f_00004] -----
2024-11-15 10:58:14,177 - client_base - INFO - recover model cost time : 0m:0s:0ms
2024-11-15 10:58:14,177 - fl_main - INFO - client_dict[f_00004] training ...
2024-11-15 10:58:14,178 - client_base - INFO - client_dict[f_00004] training epoch : 0
2024-11-15 10:58:14,586 - client_base - INFO - local model train cost time : 0m:0s:408ms
2024-11-15 10:58:14,588 - client_base - INFO - model encode time : 0m:0s:1ms
2024-11-15 10:58:14,588 - fl_main - INFO - client_dict[f_00004] local model encrypting ...
2024-11-15 10:58:15,814 - fed_utils - INFO - encrypting key [conv1.weight].length : 150, cost time : 0m:1s:226ms
2024-11-15 10:58:15,863 - fed_utils - INFO - encrypting key [conv1.bias].length : 6, cost time : 0m:0s:48ms
2024-11-15 10:58:15,863 - fed_utils - INFO - load key [conv2.weight].length : 2400, cost time : 0m:0s:0ms
2024-11-15 10:58:15,863 - fed_utils - INFO - load key [conv2.bias].length : 16, cost time : 0m:0s:0ms
2024-11-15 10:58:15,864 - fed_utils - INFO - load key [fc1.weight].length : 48000, cost time : 0m:0s:1ms
2024-11-15 10:58:15,864 - fed_utils - INFO - load key [fc1.bias].length : 120, cost time : 0m:0s:0ms
2024-11-15 10:58:15,864 - fed_utils - INFO - load key [fc2.weight].length : 10080, cost time : 0m:0s:0ms
2024-11-15 10:58:15,864 - fed_utils - INFO - load key [fc2.bias].length : 84, cost time : 0m:0s:0ms
2024-11-15 10:58:22,514 - fed_utils - INFO - encrypting key [fc3.weight].length : 840, cost time : 0m:6s:649ms
2024-11-15 10:58:22,593 - fed_utils - INFO - encrypting key [fc3.bias].length : 10, cost time : 0m:0s:78ms
2024-11-15 10:58:22,593 - fl_main - INFO - Server receive client_dict[f_00004] info ...
2024-11-15 10:58:22,593 - fl_main - INFO - ----- client id [f_00005] -----
2024-11-15 10:58:22,594 - client_base - INFO - recover model cost time : 0m:0s:0ms
2024-11-15 10:58:22,594 - fl_main - INFO - client_dict[f_00005] training ...
2024-11-15 10:58:22,595 - client_base - INFO - client_dict[f_00005] training epoch : 0
2024-11-15 10:58:23,060 - client_base - INFO - local model train cost time : 0m:0s:465ms
2024-11-15 10:58:23,062 - client_base - INFO - model encode time : 0m:0s:1ms
2024-11-15 10:58:23,062 - fl_main - INFO - client_dict[f_00005] local model encrypting ...
2024-11-15 10:58:24,364 - fed_utils - INFO - encrypting key [conv1.weight].length : 150, cost time : 0m:1s:302ms
2024-11-15 10:58:24,421 - fed_utils - INFO - encrypting key [conv1.bias].length : 6, cost time : 0m:0s:56ms
2024-11-15 10:58:24,421 - fed_utils - INFO - load key [conv2.weight].length : 2400, cost time : 0m:0s:0ms
2024-11-15 10:58:24,422 - fed_utils - INFO - load key [conv2.bias].length : 16, cost time : 0m:0s:0ms
2024-11-15 10:58:24,423 - fed_utils - INFO - load key [fc1.weight].length : 48000, cost time : 0m:0s:1ms
2024-11-15 10:58:24,423 - fed_utils - INFO - load key [fc1.bias].length : 120, cost time : 0m:0s:0ms
2024-11-15 10:58:24,423 - fed_utils - INFO - load key [fc2.weight].length : 10080, cost time : 0m:0s:0ms
2024-11-15 10:58:24,423 - fed_utils - INFO - load key [fc2.bias].length : 84, cost time : 0m:0s:0ms
2024-11-15 10:58:31,615 - fed_utils - INFO - encrypting key [fc3.weight].length : 840, cost time : 0m:7s:191ms
2024-11-15 10:58:31,705 - fed_utils - INFO - encrypting key [fc3.bias].length : 10, cost time : 0m:0s:89ms
2024-11-15 10:58:31,705 - fl_main - INFO - Server receive client_dict[f_00005] info ...
2024-11-15 10:58:31,705 - fl_main - INFO - ----- client id [f_00006] -----
2024-11-15 10:58:31,706 - client_base - INFO - recover model cost time : 0m:0s:0ms
2024-11-15 10:58:31,707 - fl_main - INFO - client_dict[f_00006] training ...
2024-11-15 10:58:31,707 - client_base - INFO - client_dict[f_00006] training epoch : 0
2024-11-15 10:58:32,121 - client_base - INFO - local model train cost time : 0m:0s:413ms
2024-11-15 10:58:32,123 - client_base - INFO - model encode time : 0m:0s:1ms
2024-11-15 10:58:32,123 - fl_main - INFO - client_dict[f_00006] local model encrypting ...
2024-11-15 10:58:33,368 - fed_utils - INFO - encrypting key [conv1.weight].length : 150, cost time : 0m:1s:244ms
2024-11-15 10:58:33,416 - fed_utils - INFO - encrypting key [conv1.bias].length : 6, cost time : 0m:0s:47ms
2024-11-15 10:58:33,416 - fed_utils - INFO - load key [conv2.weight].length : 2400, cost time : 0m:0s:0ms
2024-11-15 10:58:33,416 - fed_utils - INFO - load key [conv2.bias].length : 16, cost time : 0m:0s:0ms
2024-11-15 10:58:33,417 - fed_utils - INFO - load key [fc1.weight].length : 48000, cost time : 0m:0s:0ms
2024-11-15 10:58:33,417 - fed_utils - INFO - load key [fc1.bias].length : 120, cost time : 0m:0s:0ms
2024-11-15 10:58:33,417 - fed_utils - INFO - load key [fc2.weight].length : 10080, cost time : 0m:0s:0ms
2024-11-15 10:58:33,417 - fed_utils - INFO - load key [fc2.bias].length : 84, cost time : 0m:0s:0ms
2024-11-15 10:58:40,230 - fed_utils - INFO - encrypting key [fc3.weight].length : 840, cost time : 0m:6s:812ms
2024-11-15 10:58:40,311 - fed_utils - INFO - encrypting key [fc3.bias].length : 10, cost time : 0m:0s:81ms
2024-11-15 10:58:40,311 - fl_main - INFO - Server receive client_dict[f_00006] info ...
2024-11-15 10:58:40,312 - fl_main - INFO - ----- client id [f_00007] -----
2024-11-15 10:58:40,313 - client_base - INFO - recover model cost time : 0m:0s:0ms
2024-11-15 10:58:40,313 - fl_main - INFO - client_dict[f_00007] training ...
2024-11-15 10:58:40,314 - client_base - INFO - client_dict[f_00007] training epoch : 0
2024-11-15 10:58:40,699 - client_base - INFO - local model train cost time : 0m:0s:385ms
2024-11-15 10:58:40,701 - client_base - INFO - model encode time : 0m:0s:1ms
2024-11-15 10:58:40,701 - fl_main - INFO - client_dict[f_00007] local model encrypting ...
2024-11-15 10:58:41,957 - fed_utils - INFO - encrypting key [conv1.weight].length : 150, cost time : 0m:1s:255ms
2024-11-15 10:58:42,007 - fed_utils - INFO - encrypting key [conv1.bias].length : 6, cost time : 0m:0s:50ms
2024-11-15 10:58:42,008 - fed_utils - INFO - load key [conv2.weight].length : 2400, cost time : 0m:0s:0ms
2024-11-15 10:58:42,008 - fed_utils - INFO - load key [conv2.bias].length : 16, cost time : 0m:0s:0ms
2024-11-15 10:58:42,009 - fed_utils - INFO - load key [fc1.weight].length : 48000, cost time : 0m:0s:0ms
2024-11-15 10:58:42,009 - fed_utils - INFO - load key [fc1.bias].length : 120, cost time : 0m:0s:0ms
2024-11-15 10:58:42,009 - fed_utils - INFO - load key [fc2.weight].length : 10080, cost time : 0m:0s:0ms
2024-11-15 10:58:42,009 - fed_utils - INFO - load key [fc2.bias].length : 84, cost time : 0m:0s:0ms
2024-11-15 10:58:49,491 - fed_utils - INFO - encrypting key [fc3.weight].length : 840, cost time : 0m:7s:481ms
2024-11-15 10:58:49,572 - fed_utils - INFO - encrypting key [fc3.bias].length : 10, cost time : 0m:0s:81ms
2024-11-15 10:58:49,572 - fl_main - INFO - Server receive client_dict[f_00007] info ...
2024-11-15 10:58:49,572 - fl_main - INFO - ----- client id [f_00008] -----
2024-11-15 10:58:49,574 - client_base - INFO - recover model cost time : 0m:0s:0ms
2024-11-15 10:58:49,574 - fl_main - INFO - client_dict[f_00008] training ...
2024-11-15 10:58:49,575 - client_base - INFO - client_dict[f_00008] training epoch : 0
2024-11-15 10:58:49,994 - client_base - INFO - local model train cost time : 0m:0s:419ms
2024-11-15 10:58:49,995 - client_base - INFO - model encode time : 0m:0s:1ms
2024-11-15 10:58:49,996 - fl_main - INFO - client_dict[f_00008] local model encrypting ...
2024-11-15 10:58:51,280 - fed_utils - INFO - encrypting key [conv1.weight].length : 150, cost time : 0m:1s:284ms
2024-11-15 10:58:51,330 - fed_utils - INFO - encrypting key [conv1.bias].length : 6, cost time : 0m:0s:49ms
2024-11-15 10:58:51,330 - fed_utils - INFO - load key [conv2.weight].length : 2400, cost time : 0m:0s:0ms
2024-11-15 10:58:51,331 - fed_utils - INFO - load key [conv2.bias].length : 16, cost time : 0m:0s:0ms
2024-11-15 10:58:51,332 - fed_utils - INFO - load key [fc1.weight].length : 48000, cost time : 0m:0s:1ms
2024-11-15 10:58:51,332 - fed_utils - INFO - load key [fc1.bias].length : 120, cost time : 0m:0s:0ms
2024-11-15 10:58:51,332 - fed_utils - INFO - load key [fc2.weight].length : 10080, cost time : 0m:0s:0ms
2024-11-15 10:58:51,332 - fed_utils - INFO - load key [fc2.bias].length : 84, cost time : 0m:0s:0ms
2024-11-15 10:58:58,863 - fed_utils - INFO - encrypting key [fc3.weight].length : 840, cost time : 0m:7s:530ms
2024-11-15 10:58:58,948 - fed_utils - INFO - encrypting key [fc3.bias].length : 10, cost time : 0m:0s:85ms
2024-11-15 10:58:58,948 - fl_main - INFO - Server receive client_dict[f_00008] info ...
2024-11-15 10:58:58,948 - fl_main - INFO - ----- client id [f_00009] -----
2024-11-15 10:58:58,949 - client_base - INFO - recover model cost time : 0m:0s:0ms
2024-11-15 10:58:58,950 - fl_main - INFO - client_dict[f_00009] training ...
2024-11-15 10:58:58,950 - client_base - INFO - client_dict[f_00009] training epoch : 0
2024-11-15 10:58:59,366 - client_base - INFO - local model train cost time : 0m:0s:415ms
2024-11-15 10:58:59,369 - client_base - INFO - model encode time : 0m:0s:2ms
2024-11-15 10:58:59,369 - fl_main - INFO - client_dict[f_00009] local model encrypting ...
2024-11-15 10:59:00,625 - fed_utils - INFO - encrypting key [conv1.weight].length : 150, cost time : 0m:1s:256ms
2024-11-15 10:59:00,675 - fed_utils - INFO - encrypting key [conv1.bias].length : 6, cost time : 0m:0s:49ms
2024-11-15 10:59:00,675 - fed_utils - INFO - load key [conv2.weight].length : 2400, cost time : 0m:0s:0ms
2024-11-15 10:59:00,676 - fed_utils - INFO - load key [conv2.bias].length : 16, cost time : 0m:0s:0ms
2024-11-15 10:59:00,677 - fed_utils - INFO - load key [fc1.weight].length : 48000, cost time : 0m:0s:0ms
2024-11-15 10:59:00,677 - fed_utils - INFO - load key [fc1.bias].length : 120, cost time : 0m:0s:0ms
2024-11-15 10:59:00,677 - fed_utils - INFO - load key [fc2.weight].length : 10080, cost time : 0m:0s:0ms
2024-11-15 10:59:00,677 - fed_utils - INFO - load key [fc2.bias].length : 84, cost time : 0m:0s:0ms
2024-11-15 10:59:08,027 - fed_utils - INFO - encrypting key [fc3.weight].length : 840, cost time : 0m:7s:349ms
2024-11-15 10:59:08,113 - fed_utils - INFO - encrypting key [fc3.bias].length : 10, cost time : 0m:0s:86ms
2024-11-15 10:59:08,113 - fl_main - INFO - Server receive client_dict[f_00009] info ...
2024-11-15 10:59:08,114 - fl_main - INFO - ----- client id [f_00010] -----
2024-11-15 10:59:08,115 - client_base - INFO - recover model cost time : 0m:0s:0ms
2024-11-15 10:59:08,116 - fl_main - INFO - client_dict[f_00010] training ...
2024-11-15 10:59:08,116 - client_base - INFO - client_dict[f_00010] training epoch : 0
2024-11-15 10:59:08,538 - client_base - INFO - local model train cost time : 0m:0s:421ms
2024-11-15 10:59:08,540 - client_base - INFO - model encode time : 0m:0s:1ms
2024-11-15 10:59:08,540 - fl_main - INFO - client_dict[f_00010] local model encrypting ...
2024-11-15 10:59:09,861 - fed_utils - INFO - encrypting key [conv1.weight].length : 150, cost time : 0m:1s:320ms
2024-11-15 10:59:09,915 - fed_utils - INFO - encrypting key [conv1.bias].length : 6, cost time : 0m:0s:54ms
2024-11-15 10:59:09,915 - fed_utils - INFO - load key [conv2.weight].length : 2400, cost time : 0m:0s:0ms
2024-11-15 10:59:09,915 - fed_utils - INFO - load key [conv2.bias].length : 16, cost time : 0m:0s:0ms
2024-11-15 10:59:09,916 - fed_utils - INFO - load key [fc1.weight].length : 48000, cost time : 0m:0s:0ms
2024-11-15 10:59:09,916 - fed_utils - INFO - load key [fc1.bias].length : 120, cost time : 0m:0s:0ms
2024-11-15 10:59:09,917 - fed_utils - INFO - load key [fc2.weight].length : 10080, cost time : 0m:0s:0ms
2024-11-15 10:59:09,917 - fed_utils - INFO - load key [fc2.bias].length : 84, cost time : 0m:0s:0ms
2024-11-15 10:59:16,837 - fed_utils - INFO - encrypting key [fc3.weight].length : 840, cost time : 0m:6s:920ms
2024-11-15 10:59:16,920 - fed_utils - INFO - encrypting key [fc3.bias].length : 10, cost time : 0m:0s:83ms
2024-11-15 10:59:16,920 - fl_main - INFO - Server receive client_dict[f_00010] info ...
2024-11-15 10:59:16,921 - fl_main - INFO - ----- client id [f_00011] -----
2024-11-15 10:59:16,922 - client_base - INFO - recover model cost time : 0m:0s:0ms
2024-11-15 10:59:16,922 - fl_main - INFO - client_dict[f_00011] training ...
2024-11-15 10:59:16,923 - client_base - INFO - client_dict[f_00011] training epoch : 0
2024-11-15 10:59:17,356 - client_base - INFO - local model train cost time : 0m:0s:432ms
2024-11-15 10:59:17,358 - client_base - INFO - model encode time : 0m:0s:1ms
2024-11-15 10:59:17,358 - fl_main - INFO - client_dict[f_00011] local model encrypting ...
2024-11-15 10:59:18,612 - fed_utils - INFO - encrypting key [conv1.weight].length : 150, cost time : 0m:1s:254ms
2024-11-15 10:59:18,665 - fed_utils - INFO - encrypting key [conv1.bias].length : 6, cost time : 0m:0s:52ms
2024-11-15 10:59:18,665 - fed_utils - INFO - load key [conv2.weight].length : 2400, cost time : 0m:0s:0ms
2024-11-15 10:59:18,666 - fed_utils - INFO - load key [conv2.bias].length : 16, cost time : 0m:0s:0ms
2024-11-15 10:59:18,667 - fed_utils - INFO - load key [fc1.weight].length : 48000, cost time : 0m:0s:1ms
2024-11-15 10:59:18,667 - fed_utils - INFO - load key [fc1.bias].length : 120, cost time : 0m:0s:0ms
2024-11-15 10:59:18,667 - fed_utils - INFO - load key [fc2.weight].length : 10080, cost time : 0m:0s:0ms
2024-11-15 10:59:18,667 - fed_utils - INFO - load key [fc2.bias].length : 84, cost time : 0m:0s:0ms
2024-11-15 10:59:25,847 - fed_utils - INFO - encrypting key [fc3.weight].length : 840, cost time : 0m:7s:180ms
2024-11-15 10:59:25,933 - fed_utils - INFO - encrypting key [fc3.bias].length : 10, cost time : 0m:0s:85ms
2024-11-15 10:59:25,933 - fl_main - INFO - Server receive client_dict[f_00011] info ...
2024-11-15 10:59:25,934 - fl_main - INFO - ----- client id [f_00012] -----
2024-11-15 10:59:25,935 - client_base - INFO - recover model cost time : 0m:0s:0ms
2024-11-15 10:59:25,935 - fl_main - INFO - client_dict[f_00012] training ...
2024-11-15 10:59:25,936 - client_base - INFO - client_dict[f_00012] training epoch : 0
2024-11-15 10:59:26,361 - client_base - INFO - local model train cost time : 0m:0s:425ms
2024-11-15 10:59:26,363 - client_base - INFO - model encode time : 0m:0s:2ms
2024-11-15 10:59:26,364 - fl_main - INFO - client_dict[f_00012] local model encrypting ...
2024-11-15 10:59:27,624 - fed_utils - INFO - encrypting key [conv1.weight].length : 150, cost time : 0m:1s:259ms
2024-11-15 10:59:27,674 - fed_utils - INFO - encrypting key [conv1.bias].length : 6, cost time : 0m:0s:50ms
2024-11-15 10:59:27,675 - fed_utils - INFO - load key [conv2.weight].length : 2400, cost time : 0m:0s:0ms
2024-11-15 10:59:27,675 - fed_utils - INFO - load key [conv2.bias].length : 16, cost time : 0m:0s:0ms
2024-11-15 10:59:27,676 - fed_utils - INFO - load key [fc1.weight].length : 48000, cost time : 0m:0s:0ms
2024-11-15 10:59:27,676 - fed_utils - INFO - load key [fc1.bias].length : 120, cost time : 0m:0s:0ms
2024-11-15 10:59:27,676 - fed_utils - INFO - load key [fc2.weight].length : 10080, cost time : 0m:0s:0ms
2024-11-15 10:59:27,676 - fed_utils - INFO - load key [fc2.bias].length : 84, cost time : 0m:0s:0ms
2024-11-15 10:59:34,772 - fed_utils - INFO - encrypting key [fc3.weight].length : 840, cost time : 0m:7s:96ms
2024-11-15 10:59:34,856 - fed_utils - INFO - encrypting key [fc3.bias].length : 10, cost time : 0m:0s:83ms
2024-11-15 10:59:34,856 - fl_main - INFO - Server receive client_dict[f_00012] info ...
2024-11-15 10:59:34,856 - fl_main - INFO - ----- client id [f_00013] -----
2024-11-15 10:59:34,859 - client_base - INFO - recover model cost time : 0m:0s:0ms
2024-11-15 10:59:34,859 - fl_main - INFO - client_dict[f_00013] training ...
2024-11-15 10:59:34,860 - client_base - INFO - client_dict[f_00013] training epoch : 0
2024-11-15 10:59:35,309 - client_base - INFO - local model train cost time : 0m:0s:448ms
2024-11-15 10:59:35,311 - client_base - INFO - model encode time : 0m:0s:1ms
2024-11-15 10:59:35,311 - fl_main - INFO - client_dict[f_00013] local model encrypting ...
2024-11-15 10:59:36,566 - fed_utils - INFO - encrypting key [conv1.weight].length : 150, cost time : 0m:1s:254ms
2024-11-15 10:59:36,620 - fed_utils - INFO - encrypting key [conv1.bias].length : 6, cost time : 0m:0s:53ms
2024-11-15 10:59:36,620 - fed_utils - INFO - load key [conv2.weight].length : 2400, cost time : 0m:0s:0ms
2024-11-15 10:59:36,620 - fed_utils - INFO - load key [conv2.bias].length : 16, cost time : 0m:0s:0ms
2024-11-15 10:59:36,621 - fed_utils - INFO - load key [fc1.weight].length : 48000, cost time : 0m:0s:0ms
2024-11-15 10:59:36,621 - fed_utils - INFO - load key [fc1.bias].length : 120, cost time : 0m:0s:0ms
2024-11-15 10:59:36,621 - fed_utils - INFO - load key [fc2.weight].length : 10080, cost time : 0m:0s:0ms
2024-11-15 10:59:36,621 - fed_utils - INFO - load key [fc2.bias].length : 84, cost time : 0m:0s:0ms
2024-11-15 10:59:43,927 - fed_utils - INFO - encrypting key [fc3.weight].length : 840, cost time : 0m:7s:305ms
2024-11-15 10:59:44,009 - fed_utils - INFO - encrypting key [fc3.bias].length : 10, cost time : 0m:0s:82ms
2024-11-15 10:59:44,009 - fl_main - INFO - Server receive client_dict[f_00013] info ...
2024-11-15 10:59:44,009 - fl_main - INFO - ----- client id [f_00014] -----
2024-11-15 10:59:44,011 - client_base - INFO - recover model cost time : 0m:0s:0ms
2024-11-15 10:59:44,011 - fl_main - INFO - client_dict[f_00014] training ...
2024-11-15 10:59:44,011 - client_base - INFO - client_dict[f_00014] training epoch : 0
2024-11-15 10:59:44,406 - client_base - INFO - local model train cost time : 0m:0s:394ms
2024-11-15 10:59:44,407 - client_base - INFO - model encode time : 0m:0s:1ms
2024-11-15 10:59:44,407 - fl_main - INFO - client_dict[f_00014] local model encrypting ...
2024-11-15 10:59:45,640 - fed_utils - INFO - encrypting key [conv1.weight].length : 150, cost time : 0m:1s:232ms
2024-11-15 10:59:45,690 - fed_utils - INFO - encrypting key [conv1.bias].length : 6, cost time : 0m:0s:49ms
2024-11-15 10:59:45,690 - fed_utils - INFO - load key [conv2.weight].length : 2400, cost time : 0m:0s:0ms
2024-11-15 10:59:45,690 - fed_utils - INFO - load key [conv2.bias].length : 16, cost time : 0m:0s:0ms
2024-11-15 10:59:45,691 - fed_utils - INFO - load key [fc1.weight].length : 48000, cost time : 0m:0s:0ms
2024-11-15 10:59:45,691 - fed_utils - INFO - load key [fc1.bias].length : 120, cost time : 0m:0s:0ms
2024-11-15 10:59:45,691 - fed_utils - INFO - load key [fc2.weight].length : 10080, cost time : 0m:0s:0ms
2024-11-15 10:59:45,691 - fed_utils - INFO - load key [fc2.bias].length : 84, cost time : 0m:0s:0ms
2024-11-15 10:59:52,923 - fed_utils - INFO - encrypting key [fc3.weight].length : 840, cost time : 0m:7s:231ms
2024-11-15 10:59:53,026 - fed_utils - INFO - encrypting key [fc3.bias].length : 10, cost time : 0m:0s:103ms
2024-11-15 10:59:53,027 - fl_main - INFO - Server receive client_dict[f_00014] info ...
2024-11-15 10:59:53,027 - fl_main - INFO - ----- client id [f_00015] -----
2024-11-15 10:59:53,028 - client_base - INFO - recover model cost time : 0m:0s:0ms
2024-11-15 10:59:53,930 - fl_main - INFO - global round [14] client_dict[f_00015].accuracy : 0.869100
2024-11-15 10:59:53,930 - fl_main - INFO - client_dict[f_00015] training ...
2024-11-15 10:59:53,930 - client_base - INFO - client_dict[f_00015] training epoch : 0
2024-11-15 10:59:54,340 - client_base - INFO - local model train cost time : 0m:0s:409ms
2024-11-15 10:59:54,342 - client_base - INFO - model encode time : 0m:0s:1ms
2024-11-15 10:59:54,342 - fl_main - INFO - client_dict[f_00015] local model encrypting ...
2024-11-15 10:59:55,537 - fed_utils - INFO - encrypting key [conv1.weight].length : 150, cost time : 0m:1s:195ms
2024-11-15 10:59:55,586 - fed_utils - INFO - encrypting key [conv1.bias].length : 6, cost time : 0m:0s:48ms
2024-11-15 10:59:55,586 - fed_utils - INFO - load key [conv2.weight].length : 2400, cost time : 0m:0s:0ms
2024-11-15 10:59:55,586 - fed_utils - INFO - load key [conv2.bias].length : 16, cost time : 0m:0s:0ms
2024-11-15 10:59:55,587 - fed_utils - INFO - load key [fc1.weight].length : 48000, cost time : 0m:0s:0ms
2024-11-15 10:59:55,587 - fed_utils - INFO - load key [fc1.bias].length : 120, cost time : 0m:0s:0ms
2024-11-15 10:59:55,587 - fed_utils - INFO - load key [fc2.weight].length : 10080, cost time : 0m:0s:0ms
2024-11-15 10:59:55,588 - fed_utils - INFO - load key [fc2.bias].length : 84, cost time : 0m:0s:0ms
2024-11-15 11:00:02,200 - fed_utils - INFO - encrypting key [fc3.weight].length : 840, cost time : 0m:6s:611ms
2024-11-15 11:00:02,280 - fed_utils - INFO - encrypting key [fc3.bias].length : 10, cost time : 0m:0s:80ms
2024-11-15 11:00:02,280 - fl_main - INFO - Server receive client_dict[f_00015] info ...
2024-11-15 11:00:02,280 - fl_main - INFO - ----- client id [f_00016] -----
2024-11-15 11:00:02,281 - client_base - INFO - recover model cost time : 0m:0s:0ms
2024-11-15 11:00:02,282 - fl_main - INFO - client_dict[f_00016] training ...
2024-11-15 11:00:02,282 - client_base - INFO - client_dict[f_00016] training epoch : 0
2024-11-15 11:00:02,685 - client_base - INFO - local model train cost time : 0m:0s:402ms
2024-11-15 11:00:02,686 - client_base - INFO - model encode time : 0m:0s:1ms
2024-11-15 11:00:02,687 - fl_main - INFO - client_dict[f_00016] local model encrypting ...
2024-11-15 11:00:03,867 - fed_utils - INFO - encrypting key [conv1.weight].length : 150, cost time : 0m:1s:180ms
2024-11-15 11:00:03,914 - fed_utils - INFO - encrypting key [conv1.bias].length : 6, cost time : 0m:0s:47ms
2024-11-15 11:00:03,914 - fed_utils - INFO - load key [conv2.weight].length : 2400, cost time : 0m:0s:0ms
2024-11-15 11:00:03,914 - fed_utils - INFO - load key [conv2.bias].length : 16, cost time : 0m:0s:0ms
2024-11-15 11:00:03,916 - fed_utils - INFO - load key [fc1.weight].length : 48000, cost time : 0m:0s:1ms
2024-11-15 11:00:03,916 - fed_utils - INFO - load key [fc1.bias].length : 120, cost time : 0m:0s:0ms
2024-11-15 11:00:03,916 - fed_utils - INFO - load key [fc2.weight].length : 10080, cost time : 0m:0s:0ms
2024-11-15 11:00:03,916 - fed_utils - INFO - load key [fc2.bias].length : 84, cost time : 0m:0s:0ms
2024-11-15 11:00:10,524 - fed_utils - INFO - encrypting key [fc3.weight].length : 840, cost time : 0m:6s:608ms
2024-11-15 11:00:10,603 - fed_utils - INFO - encrypting key [fc3.bias].length : 10, cost time : 0m:0s:78ms
2024-11-15 11:00:10,603 - fl_main - INFO - Server receive client_dict[f_00016] info ...
2024-11-15 11:00:10,604 - fl_main - INFO - ----- client id [f_00017] -----
2024-11-15 11:00:10,605 - client_base - INFO - recover model cost time : 0m:0s:0ms
2024-11-15 11:00:10,605 - fl_main - INFO - client_dict[f_00017] training ...
2024-11-15 11:00:10,606 - client_base - INFO - client_dict[f_00017] training epoch : 0
2024-11-15 11:00:10,982 - client_base - INFO - local model train cost time : 0m:0s:376ms
2024-11-15 11:00:10,984 - client_base - INFO - model encode time : 0m:0s:1ms
2024-11-15 11:00:10,984 - fl_main - INFO - client_dict[f_00017] local model encrypting ...
2024-11-15 11:00:12,166 - fed_utils - INFO - encrypting key [conv1.weight].length : 150, cost time : 0m:1s:181ms
2024-11-15 11:00:12,213 - fed_utils - INFO - encrypting key [conv1.bias].length : 6, cost time : 0m:0s:47ms
2024-11-15 11:00:12,213 - fed_utils - INFO - load key [conv2.weight].length : 2400, cost time : 0m:0s:0ms
2024-11-15 11:00:12,214 - fed_utils - INFO - load key [conv2.bias].length : 16, cost time : 0m:0s:0ms
2024-11-15 11:00:12,215 - fed_utils - INFO - load key [fc1.weight].length : 48000, cost time : 0m:0s:1ms
2024-11-15 11:00:12,215 - fed_utils - INFO - load key [fc1.bias].length : 120, cost time : 0m:0s:0ms
2024-11-15 11:00:12,215 - fed_utils - INFO - load key [fc2.weight].length : 10080, cost time : 0m:0s:0ms
2024-11-15 11:00:12,215 - fed_utils - INFO - load key [fc2.bias].length : 84, cost time : 0m:0s:0ms
2024-11-15 11:00:19,015 - fed_utils - INFO - encrypting key [fc3.weight].length : 840, cost time : 0m:6s:799ms
2024-11-15 11:00:19,105 - fed_utils - INFO - encrypting key [fc3.bias].length : 10, cost time : 0m:0s:90ms
2024-11-15 11:00:19,105 - fl_main - INFO - Server receive client_dict[f_00017] info ...
2024-11-15 11:00:19,106 - fl_main - INFO - ----- client id [f_00018] -----
2024-11-15 11:00:19,107 - client_base - INFO - recover model cost time : 0m:0s:0ms
2024-11-15 11:00:19,107 - fl_main - INFO - client_dict[f_00018] training ...
2024-11-15 11:00:19,108 - client_base - INFO - client_dict[f_00018] training epoch : 0
2024-11-15 11:00:19,491 - client_base - INFO - local model train cost time : 0m:0s:383ms
2024-11-15 11:00:19,492 - client_base - INFO - model encode time : 0m:0s:1ms
2024-11-15 11:00:19,493 - fl_main - INFO - client_dict[f_00018] local model encrypting ...
2024-11-15 11:00:20,678 - fed_utils - INFO - encrypting key [conv1.weight].length : 150, cost time : 0m:1s:184ms
2024-11-15 11:00:20,725 - fed_utils - INFO - encrypting key [conv1.bias].length : 6, cost time : 0m:0s:47ms
2024-11-15 11:00:20,725 - fed_utils - INFO - load key [conv2.weight].length : 2400, cost time : 0m:0s:0ms
2024-11-15 11:00:20,725 - fed_utils - INFO - load key [conv2.bias].length : 16, cost time : 0m:0s:0ms
2024-11-15 11:00:20,727 - fed_utils - INFO - load key [fc1.weight].length : 48000, cost time : 0m:0s:1ms
2024-11-15 11:00:20,727 - fed_utils - INFO - load key [fc1.bias].length : 120, cost time : 0m:0s:0ms
2024-11-15 11:00:20,727 - fed_utils - INFO - load key [fc2.weight].length : 10080, cost time : 0m:0s:0ms
2024-11-15 11:00:20,727 - fed_utils - INFO - load key [fc2.bias].length : 84, cost time : 0m:0s:0ms
2024-11-15 11:00:27,356 - fed_utils - INFO - encrypting key [fc3.weight].length : 840, cost time : 0m:6s:628ms
2024-11-15 11:00:27,435 - fed_utils - INFO - encrypting key [fc3.bias].length : 10, cost time : 0m:0s:79ms
2024-11-15 11:00:27,435 - fl_main - INFO - Server receive client_dict[f_00018] info ...
2024-11-15 11:00:27,435 - fl_main - INFO - ----- client id [f_00019] -----
2024-11-15 11:00:27,437 - client_base - INFO - recover model cost time : 0m:0s:0ms
2024-11-15 11:00:27,437 - fl_main - INFO - client_dict[f_00019] training ...
2024-11-15 11:00:27,438 - client_base - INFO - client_dict[f_00019] training epoch : 0
2024-11-15 11:00:27,839 - client_base - INFO - local model train cost time : 0m:0s:401ms
2024-11-15 11:00:27,840 - client_base - INFO - model encode time : 0m:0s:1ms
2024-11-15 11:00:27,841 - fl_main - INFO - client_dict[f_00019] local model encrypting ...
2024-11-15 11:00:29,031 - fed_utils - INFO - encrypting key [conv1.weight].length : 150, cost time : 0m:1s:189ms
2024-11-15 11:00:29,078 - fed_utils - INFO - encrypting key [conv1.bias].length : 6, cost time : 0m:0s:47ms
2024-11-15 11:00:29,079 - fed_utils - INFO - load key [conv2.weight].length : 2400, cost time : 0m:0s:0ms
2024-11-15 11:00:29,079 - fed_utils - INFO - load key [conv2.bias].length : 16, cost time : 0m:0s:0ms
2024-11-15 11:00:29,080 - fed_utils - INFO - load key [fc1.weight].length : 48000, cost time : 0m:0s:1ms
2024-11-15 11:00:29,080 - fed_utils - INFO - load key [fc1.bias].length : 120, cost time : 0m:0s:0ms
2024-11-15 11:00:29,080 - fed_utils - INFO - load key [fc2.weight].length : 10080, cost time : 0m:0s:0ms
2024-11-15 11:00:29,080 - fed_utils - INFO - load key [fc2.bias].length : 84, cost time : 0m:0s:0ms
2024-11-15 11:00:35,734 - fed_utils - INFO - encrypting key [fc3.weight].length : 840, cost time : 0m:6s:653ms
2024-11-15 11:00:35,815 - fed_utils - INFO - encrypting key [fc3.bias].length : 10, cost time : 0m:0s:79ms
2024-11-15 11:00:35,815 - fl_main - INFO - Server receive client_dict[f_00019] info ...
2024-11-15 11:00:35,815 - fl_main - INFO - global aggregation process ...
2024-11-15 11:00:35,815 - fed_utils - INFO - server.n_data : 60000
2024-11-15 11:00:35,816 - fed_utils - INFO - client_dict[f_00000].weight : 0.050000
2024-11-15 11:00:35,816 - fed_utils - INFO - client_dict[f_00001].weight : 0.050000
2024-11-15 11:00:35,816 - fed_utils - INFO - client_dict[f_00002].weight : 0.050000
2024-11-15 11:00:35,816 - fed_utils - INFO - client_dict[f_00003].weight : 0.050000
2024-11-15 11:00:35,816 - fed_utils - INFO - client_dict[f_00004].weight : 0.050000
2024-11-15 11:00:35,816 - fed_utils - INFO - client_dict[f_00005].weight : 0.050000
2024-11-15 11:00:35,816 - fed_utils - INFO - client_dict[f_00006].weight : 0.050000
2024-11-15 11:00:35,816 - fed_utils - INFO - client_dict[f_00007].weight : 0.050000
2024-11-15 11:00:35,816 - fed_utils - INFO - client_dict[f_00008].weight : 0.050000
2024-11-15 11:00:35,816 - fed_utils - INFO - client_dict[f_00009].weight : 0.050000
2024-11-15 11:00:35,816 - fed_utils - INFO - client_dict[f_00010].weight : 0.050000
2024-11-15 11:00:35,816 - fed_utils - INFO - client_dict[f_00011].weight : 0.050000
2024-11-15 11:00:35,816 - fed_utils - INFO - client_dict[f_00012].weight : 0.050000
2024-11-15 11:00:35,816 - fed_utils - INFO - client_dict[f_00013].weight : 0.050000
2024-11-15 11:00:35,816 - fed_utils - INFO - client_dict[f_00014].weight : 0.050000
2024-11-15 11:00:35,816 - fed_utils - INFO - client_dict[f_00015].weight : 0.050000
2024-11-15 11:00:35,816 - fed_utils - INFO - client_dict[f_00016].weight : 0.050000
2024-11-15 11:00:35,816 - fed_utils - INFO - client_dict[f_00017].weight : 0.050000
2024-11-15 11:00:35,816 - fed_utils - INFO - client_dict[f_00018].weight : 0.050000
2024-11-15 11:00:35,816 - fed_utils - INFO - client_dict[f_00019].weight : 0.050000
2024-11-15 11:00:35,816 - fed_utils - INFO - recover secret number by clients: 789319.750000
2024-11-15 11:00:35,816 - server_base - INFO - Server aggregate model with homomorphic encryption ...
2024-11-15 11:00:42,559 - server_base - INFO - Server aggregate model done, cost time : 0m:6s:742ms
2024-11-15 11:00:42,901 - fed_utils - INFO - decrypting key [conv1.weight].shape [torch.Size([6, 1, 5, 5])]
2024-11-15 11:00:42,915 - fed_utils - INFO - decrypting key [conv1.bias].shape [torch.Size([6])]
2024-11-15 11:00:42,915 - fed_utils - INFO - decrypting key [conv2.weight].shape [torch.Size([16, 6, 5, 5])]
2024-11-15 11:00:42,915 - fed_utils - INFO - decrypting key [conv2.bias].shape [torch.Size([16])]
2024-11-15 11:00:42,915 - fed_utils - INFO - decrypting key [fc1.weight].shape [torch.Size([120, 400])]
2024-11-15 11:00:42,915 - fed_utils - INFO - decrypting key [fc1.bias].shape [torch.Size([120])]
2024-11-15 11:00:42,915 - fed_utils - INFO - decrypting key [fc2.weight].shape [torch.Size([84, 120])]
2024-11-15 11:00:42,915 - fed_utils - INFO - decrypting key [fc2.bias].shape [torch.Size([84])]
2024-11-15 11:00:44,833 - fed_utils - INFO - decrypting key [fc3.weight].shape [torch.Size([10, 84])]
2024-11-15 11:00:44,857 - fed_utils - INFO - decrypting key [fc3.bias].shape [torch.Size([10])]
2024-11-15 11:00:44,857 - fed_utils - INFO - decrypt time : [0m:2s:297ms]
2024-11-15 11:00:44,868 - fl_main - INFO - [global round : 14] aggregated model accuracy : 0.8691000000000001
2024-11-15 11:00:44,868 - fl_main - INFO - [global round : 14] aggregated model loss : 0.4508665956584277
2024-11-15 11:00:44,868 - fl_main - INFO - global round : 15
2024-11-15 11:00:44,869 - fl_main - INFO - the random client id to test accuracy : f_00000
2024-11-15 11:00:44,869 - fl_main - INFO - ----- client id [f_00000] -----
2024-11-15 11:00:44,870 - client_base - INFO - recover model cost time : 0m:0s:0ms
2024-11-15 11:00:45,666 - fl_main - INFO - global round [15] client_dict[f_00000].accuracy : 0.887700
2024-11-15 11:00:45,666 - fl_main - INFO - client_dict[f_00000] training ...
2024-11-15 11:00:45,667 - client_base - INFO - client_dict[f_00000] training epoch : 0
2024-11-15 11:00:46,058 - client_base - INFO - local model train cost time : 0m:0s:391ms
2024-11-15 11:00:46,060 - client_base - INFO - model encode time : 0m:0s:1ms
2024-11-15 11:00:46,060 - fl_main - INFO - client_dict[f_00000] local model encrypting ...
2024-11-15 11:00:47,244 - fed_utils - INFO - encrypting key [conv1.weight].length : 150, cost time : 0m:1s:183ms
2024-11-15 11:00:47,292 - fed_utils - INFO - encrypting key [conv1.bias].length : 6, cost time : 0m:0s:47ms
2024-11-15 11:00:47,292 - fed_utils - INFO - load key [conv2.weight].length : 2400, cost time : 0m:0s:0ms
2024-11-15 11:00:47,292 - fed_utils - INFO - load key [conv2.bias].length : 16, cost time : 0m:0s:0ms
2024-11-15 11:00:47,293 - fed_utils - INFO - load key [fc1.weight].length : 48000, cost time : 0m:0s:1ms
2024-11-15 11:00:47,293 - fed_utils - INFO - load key [fc1.bias].length : 120, cost time : 0m:0s:0ms
2024-11-15 11:00:47,293 - fed_utils - INFO - load key [fc2.weight].length : 10080, cost time : 0m:0s:0ms
2024-11-15 11:00:47,293 - fed_utils - INFO - load key [fc2.bias].length : 84, cost time : 0m:0s:0ms
2024-11-15 11:00:53,918 - fed_utils - INFO - encrypting key [fc3.weight].length : 840, cost time : 0m:6s:624ms
2024-11-15 11:00:53,997 - fed_utils - INFO - encrypting key [fc3.bias].length : 10, cost time : 0m:0s:78ms
2024-11-15 11:00:53,998 - fl_main - INFO - Server receive client_dict[f_00000] info ...
2024-11-15 11:00:53,999 - fl_main - INFO - ----- client id [f_00001] -----
2024-11-15 11:00:54,000 - client_base - INFO - recover model cost time : 0m:0s:0ms
2024-11-15 11:00:54,000 - fl_main - INFO - client_dict[f_00001] training ...
2024-11-15 11:00:54,001 - client_base - INFO - client_dict[f_00001] training epoch : 0
2024-11-15 11:00:54,376 - client_base - INFO - local model train cost time : 0m:0s:375ms
2024-11-15 11:00:54,378 - client_base - INFO - model encode time : 0m:0s:1ms
2024-11-15 11:00:54,378 - fl_main - INFO - client_dict[f_00001] local model encrypting ...
2024-11-15 11:00:55,560 - fed_utils - INFO - encrypting key [conv1.weight].length : 150, cost time : 0m:1s:182ms
2024-11-15 11:00:55,608 - fed_utils - INFO - encrypting key [conv1.bias].length : 6, cost time : 0m:0s:47ms
2024-11-15 11:00:55,608 - fed_utils - INFO - load key [conv2.weight].length : 2400, cost time : 0m:0s:0ms
2024-11-15 11:00:55,608 - fed_utils - INFO - load key [conv2.bias].length : 16, cost time : 0m:0s:0ms
2024-11-15 11:00:55,609 - fed_utils - INFO - load key [fc1.weight].length : 48000, cost time : 0m:0s:0ms
2024-11-15 11:00:55,609 - fed_utils - INFO - load key [fc1.bias].length : 120, cost time : 0m:0s:0ms
2024-11-15 11:00:55,610 - fed_utils - INFO - load key [fc2.weight].length : 10080, cost time : 0m:0s:0ms
2024-11-15 11:00:55,610 - fed_utils - INFO - load key [fc2.bias].length : 84, cost time : 0m:0s:0ms
2024-11-15 11:01:02,409 - fed_utils - INFO - encrypting key [fc3.weight].length : 840, cost time : 0m:6s:799ms
2024-11-15 11:01:02,489 - fed_utils - INFO - encrypting key [fc3.bias].length : 10, cost time : 0m:0s:79ms
2024-11-15 11:01:02,489 - fl_main - INFO - Server receive client_dict[f_00001] info ...
2024-11-15 11:01:02,489 - fl_main - INFO - ----- client id [f_00002] -----
2024-11-15 11:01:02,490 - client_base - INFO - recover model cost time : 0m:0s:0ms
2024-11-15 11:01:02,490 - fl_main - INFO - client_dict[f_00002] training ...
2024-11-15 11:01:02,491 - client_base - INFO - client_dict[f_00002] training epoch : 0
2024-11-15 11:01:02,875 - client_base - INFO - local model train cost time : 0m:0s:384ms
2024-11-15 11:01:02,877 - client_base - INFO - model encode time : 0m:0s:1ms
2024-11-15 11:01:02,877 - fl_main - INFO - client_dict[f_00002] local model encrypting ...
2024-11-15 11:01:04,057 - fed_utils - INFO - encrypting key [conv1.weight].length : 150, cost time : 0m:1s:179ms
2024-11-15 11:01:04,104 - fed_utils - INFO - encrypting key [conv1.bias].length : 6, cost time : 0m:0s:47ms
2024-11-15 11:01:04,104 - fed_utils - INFO - load key [conv2.weight].length : 2400, cost time : 0m:0s:0ms
2024-11-15 11:01:04,105 - fed_utils - INFO - load key [conv2.bias].length : 16, cost time : 0m:0s:0ms
2024-11-15 11:01:04,106 - fed_utils - INFO - load key [fc1.weight].length : 48000, cost time : 0m:0s:1ms
2024-11-15 11:01:04,106 - fed_utils - INFO - load key [fc1.bias].length : 120, cost time : 0m:0s:0ms
2024-11-15 11:01:04,106 - fed_utils - INFO - load key [fc2.weight].length : 10080, cost time : 0m:0s:0ms
2024-11-15 11:01:04,106 - fed_utils - INFO - load key [fc2.bias].length : 84, cost time : 0m:0s:0ms
2024-11-15 11:01:10,724 - fed_utils - INFO - encrypting key [fc3.weight].length : 840, cost time : 0m:6s:617ms
2024-11-15 11:01:10,802 - fed_utils - INFO - encrypting key [fc3.bias].length : 10, cost time : 0m:0s:78ms
2024-11-15 11:01:10,802 - fl_main - INFO - Server receive client_dict[f_00002] info ...
2024-11-15 11:01:10,802 - fl_main - INFO - ----- client id [f_00003] -----
2024-11-15 11:01:10,804 - client_base - INFO - recover model cost time : 0m:0s:0ms
2024-11-15 11:01:10,804 - fl_main - INFO - client_dict[f_00003] training ...
2024-11-15 11:01:10,804 - client_base - INFO - client_dict[f_00003] training epoch : 0
2024-11-15 11:01:11,184 - client_base - INFO - local model train cost time : 0m:0s:379ms
2024-11-15 11:01:11,185 - client_base - INFO - model encode time : 0m:0s:1ms
2024-11-15 11:01:11,185 - fl_main - INFO - client_dict[f_00003] local model encrypting ...
2024-11-15 11:01:12,369 - fed_utils - INFO - encrypting key [conv1.weight].length : 150, cost time : 0m:1s:183ms
2024-11-15 11:01:12,417 - fed_utils - INFO - encrypting key [conv1.bias].length : 6, cost time : 0m:0s:47ms
2024-11-15 11:01:12,417 - fed_utils - INFO - load key [conv2.weight].length : 2400, cost time : 0m:0s:0ms
2024-11-15 11:01:12,417 - fed_utils - INFO - load key [conv2.bias].length : 16, cost time : 0m:0s:0ms
2024-11-15 11:01:12,418 - fed_utils - INFO - load key [fc1.weight].length : 48000, cost time : 0m:0s:0ms
2024-11-15 11:01:12,418 - fed_utils - INFO - load key [fc1.bias].length : 120, cost time : 0m:0s:0ms
2024-11-15 11:01:12,418 - fed_utils - INFO - load key [fc2.weight].length : 10080, cost time : 0m:0s:0ms
2024-11-15 11:01:12,418 - fed_utils - INFO - load key [fc2.bias].length : 84, cost time : 0m:0s:0ms
2024-11-15 11:01:19,163 - fed_utils - INFO - encrypting key [fc3.weight].length : 840, cost time : 0m:6s:744ms
2024-11-15 11:01:19,242 - fed_utils - INFO - encrypting key [fc3.bias].length : 10, cost time : 0m:0s:78ms
2024-11-15 11:01:19,242 - fl_main - INFO - Server receive client_dict[f_00003] info ...
2024-11-15 11:01:19,242 - fl_main - INFO - ----- client id [f_00004] -----
2024-11-15 11:01:19,243 - client_base - INFO - recover model cost time : 0m:0s:0ms
2024-11-15 11:01:19,243 - fl_main - INFO - client_dict[f_00004] training ...
2024-11-15 11:01:19,244 - client_base - INFO - client_dict[f_00004] training epoch : 0
2024-11-15 11:01:19,631 - client_base - INFO - local model train cost time : 0m:0s:386ms
2024-11-15 11:01:19,632 - client_base - INFO - model encode time : 0m:0s:1ms
2024-11-15 11:01:19,633 - fl_main - INFO - client_dict[f_00004] local model encrypting ...
2024-11-15 11:01:20,812 - fed_utils - INFO - encrypting key [conv1.weight].length : 150, cost time : 0m:1s:178ms
2024-11-15 11:01:20,859 - fed_utils - INFO - encrypting key [conv1.bias].length : 6, cost time : 0m:0s:47ms
2024-11-15 11:01:20,859 - fed_utils - INFO - load key [conv2.weight].length : 2400, cost time : 0m:0s:0ms
2024-11-15 11:01:20,859 - fed_utils - INFO - load key [conv2.bias].length : 16, cost time : 0m:0s:0ms
2024-11-15 11:01:20,860 - fed_utils - INFO - load key [fc1.weight].length : 48000, cost time : 0m:0s:0ms
2024-11-15 11:01:20,861 - fed_utils - INFO - load key [fc1.bias].length : 120, cost time : 0m:0s:0ms
2024-11-15 11:01:20,861 - fed_utils - INFO - load key [fc2.weight].length : 10080, cost time : 0m:0s:0ms
2024-11-15 11:01:20,861 - fed_utils - INFO - load key [fc2.bias].length : 84, cost time : 0m:0s:0ms
2024-11-15 11:01:27,496 - fed_utils - INFO - encrypting key [fc3.weight].length : 840, cost time : 0m:6s:634ms
2024-11-15 11:01:27,578 - fed_utils - INFO - encrypting key [fc3.bias].length : 10, cost time : 0m:0s:82ms
2024-11-15 11:01:27,578 - fl_main - INFO - Server receive client_dict[f_00004] info ...
2024-11-15 11:01:27,578 - fl_main - INFO - ----- client id [f_00005] -----
2024-11-15 11:01:27,580 - client_base - INFO - recover model cost time : 0m:0s:0ms
2024-11-15 11:01:27,580 - fl_main - INFO - client_dict[f_00005] training ...
2024-11-15 11:01:27,580 - client_base - INFO - client_dict[f_00005] training epoch : 0
2024-11-15 11:01:27,965 - client_base - INFO - local model train cost time : 0m:0s:384ms
2024-11-15 11:01:27,966 - client_base - INFO - model encode time : 0m:0s:1ms
2024-11-15 11:01:27,966 - fl_main - INFO - client_dict[f_00005] local model encrypting ...
2024-11-15 11:01:29,156 - fed_utils - INFO - encrypting key [conv1.weight].length : 150, cost time : 0m:1s:189ms
2024-11-15 11:01:29,203 - fed_utils - INFO - encrypting key [conv1.bias].length : 6, cost time : 0m:0s:47ms
2024-11-15 11:01:29,203 - fed_utils - INFO - load key [conv2.weight].length : 2400, cost time : 0m:0s:0ms
2024-11-15 11:01:29,203 - fed_utils - INFO - load key [conv2.bias].length : 16, cost time : 0m:0s:0ms
2024-11-15 11:01:29,204 - fed_utils - INFO - load key [fc1.weight].length : 48000, cost time : 0m:0s:0ms
2024-11-15 11:01:29,204 - fed_utils - INFO - load key [fc1.bias].length : 120, cost time : 0m:0s:0ms
2024-11-15 11:01:29,205 - fed_utils - INFO - load key [fc2.weight].length : 10080, cost time : 0m:0s:0ms
2024-11-15 11:01:29,205 - fed_utils - INFO - load key [fc2.bias].length : 84, cost time : 0m:0s:0ms
2024-11-15 11:01:35,930 - fed_utils - INFO - encrypting key [fc3.weight].length : 840, cost time : 0m:6s:724ms
2024-11-15 11:01:36,011 - fed_utils - INFO - encrypting key [fc3.bias].length : 10, cost time : 0m:0s:81ms
2024-11-15 11:01:36,011 - fl_main - INFO - Server receive client_dict[f_00005] info ...
2024-11-15 11:01:36,011 - fl_main - INFO - ----- client id [f_00006] -----
2024-11-15 11:01:36,012 - client_base - INFO - recover model cost time : 0m:0s:0ms
2024-11-15 11:01:36,013 - fl_main - INFO - client_dict[f_00006] training ...
2024-11-15 11:01:36,013 - client_base - INFO - client_dict[f_00006] training epoch : 0
2024-11-15 11:01:36,405 - client_base - INFO - local model train cost time : 0m:0s:391ms
2024-11-15 11:01:36,407 - client_base - INFO - model encode time : 0m:0s:1ms
2024-11-15 11:01:36,407 - fl_main - INFO - client_dict[f_00006] local model encrypting ...
2024-11-15 11:01:37,610 - fed_utils - INFO - encrypting key [conv1.weight].length : 150, cost time : 0m:1s:203ms
2024-11-15 11:01:37,659 - fed_utils - INFO - encrypting key [conv1.bias].length : 6, cost time : 0m:0s:48ms
2024-11-15 11:01:37,659 - fed_utils - INFO - load key [conv2.weight].length : 2400, cost time : 0m:0s:0ms
2024-11-15 11:01:37,659 - fed_utils - INFO - load key [conv2.bias].length : 16, cost time : 0m:0s:0ms
2024-11-15 11:01:37,660 - fed_utils - INFO - load key [fc1.weight].length : 48000, cost time : 0m:0s:0ms
2024-11-15 11:01:37,660 - fed_utils - INFO - load key [fc1.bias].length : 120, cost time : 0m:0s:0ms
2024-11-15 11:01:37,660 - fed_utils - INFO - load key [fc2.weight].length : 10080, cost time : 0m:0s:0ms
2024-11-15 11:01:37,660 - fed_utils - INFO - load key [fc2.bias].length : 84, cost time : 0m:0s:0ms
2024-11-15 11:01:44,348 - fed_utils - INFO - encrypting key [fc3.weight].length : 840, cost time : 0m:6s:687ms
2024-11-15 11:01:44,427 - fed_utils - INFO - encrypting key [fc3.bias].length : 10, cost time : 0m:0s:78ms
2024-11-15 11:01:44,427 - fl_main - INFO - Server receive client_dict[f_00006] info ...
2024-11-15 11:01:44,427 - fl_main - INFO - ----- client id [f_00007] -----
2024-11-15 11:01:44,428 - client_base - INFO - recover model cost time : 0m:0s:0ms
2024-11-15 11:01:44,428 - fl_main - INFO - client_dict[f_00007] training ...
2024-11-15 11:01:44,429 - client_base - INFO - client_dict[f_00007] training epoch : 0
2024-11-15 11:01:44,810 - client_base - INFO - local model train cost time : 0m:0s:381ms
2024-11-15 11:01:44,811 - client_base - INFO - model encode time : 0m:0s:1ms
2024-11-15 11:01:44,812 - fl_main - INFO - client_dict[f_00007] local model encrypting ...
2024-11-15 11:01:45,997 - fed_utils - INFO - encrypting key [conv1.weight].length : 150, cost time : 0m:1s:184ms
2024-11-15 11:01:46,044 - fed_utils - INFO - encrypting key [conv1.bias].length : 6, cost time : 0m:0s:47ms
2024-11-15 11:01:46,044 - fed_utils - INFO - load key [conv2.weight].length : 2400, cost time : 0m:0s:0ms
2024-11-15 11:01:46,044 - fed_utils - INFO - load key [conv2.bias].length : 16, cost time : 0m:0s:0ms
2024-11-15 11:01:46,045 - fed_utils - INFO - load key [fc1.weight].length : 48000, cost time : 0m:0s:0ms
2024-11-15 11:01:46,045 - fed_utils - INFO - load key [fc1.bias].length : 120, cost time : 0m:0s:0ms
2024-11-15 11:01:46,046 - fed_utils - INFO - load key [fc2.weight].length : 10080, cost time : 0m:0s:0ms
2024-11-15 11:01:46,046 - fed_utils - INFO - load key [fc2.bias].length : 84, cost time : 0m:0s:0ms
2024-11-15 11:01:52,715 - fed_utils - INFO - encrypting key [fc3.weight].length : 840, cost time : 0m:6s:669ms
2024-11-15 11:01:52,795 - fed_utils - INFO - encrypting key [fc3.bias].length : 10, cost time : 0m:0s:79ms
2024-11-15 11:01:52,795 - fl_main - INFO - Server receive client_dict[f_00007] info ...
2024-11-15 11:01:52,795 - fl_main - INFO - ----- client id [f_00008] -----
2024-11-15 11:01:52,796 - client_base - INFO - recover model cost time : 0m:0s:0ms
2024-11-15 11:01:52,796 - fl_main - INFO - client_dict[f_00008] training ...
2024-11-15 11:01:52,798 - client_base - INFO - client_dict[f_00008] training epoch : 0
2024-11-15 11:01:53,198 - client_base - INFO - local model train cost time : 0m:0s:400ms
2024-11-15 11:01:53,200 - client_base - INFO - model encode time : 0m:0s:1ms
2024-11-15 11:01:53,200 - fl_main - INFO - client_dict[f_00008] local model encrypting ...
2024-11-15 11:01:54,396 - fed_utils - INFO - encrypting key [conv1.weight].length : 150, cost time : 0m:1s:196ms
2024-11-15 11:01:54,446 - fed_utils - INFO - encrypting key [conv1.bias].length : 6, cost time : 0m:0s:48ms
2024-11-15 11:01:54,446 - fed_utils - INFO - load key [conv2.weight].length : 2400, cost time : 0m:0s:0ms
2024-11-15 11:01:54,446 - fed_utils - INFO - load key [conv2.bias].length : 16, cost time : 0m:0s:0ms
2024-11-15 11:01:54,447 - fed_utils - INFO - load key [fc1.weight].length : 48000, cost time : 0m:0s:0ms
2024-11-15 11:01:54,447 - fed_utils - INFO - load key [fc1.bias].length : 120, cost time : 0m:0s:0ms
2024-11-15 11:01:54,447 - fed_utils - INFO - load key [fc2.weight].length : 10080, cost time : 0m:0s:0ms
2024-11-15 11:01:54,447 - fed_utils - INFO - load key [fc2.bias].length : 84, cost time : 0m:0s:0ms
2024-11-15 11:02:01,113 - fed_utils - INFO - encrypting key [fc3.weight].length : 840, cost time : 0m:6s:666ms
2024-11-15 11:02:01,192 - fed_utils - INFO - encrypting key [fc3.bias].length : 10, cost time : 0m:0s:78ms
2024-11-15 11:02:01,192 - fl_main - INFO - Server receive client_dict[f_00008] info ...
2024-11-15 11:02:01,192 - fl_main - INFO - ----- client id [f_00009] -----
2024-11-15 11:02:01,194 - client_base - INFO - recover model cost time : 0m:0s:0ms
2024-11-15 11:02:01,194 - fl_main - INFO - client_dict[f_00009] training ...
2024-11-15 11:02:01,194 - client_base - INFO - client_dict[f_00009] training epoch : 0
2024-11-15 11:02:01,580 - client_base - INFO - local model train cost time : 0m:0s:385ms
2024-11-15 11:02:01,582 - client_base - INFO - model encode time : 0m:0s:1ms
2024-11-15 11:02:01,582 - fl_main - INFO - client_dict[f_00009] local model encrypting ...
2024-11-15 11:02:02,763 - fed_utils - INFO - encrypting key [conv1.weight].length : 150, cost time : 0m:1s:180ms
2024-11-15 11:02:02,810 - fed_utils - INFO - encrypting key [conv1.bias].length : 6, cost time : 0m:0s:47ms
2024-11-15 11:02:02,810 - fed_utils - INFO - load key [conv2.weight].length : 2400, cost time : 0m:0s:0ms
2024-11-15 11:02:02,810 - fed_utils - INFO - load key [conv2.bias].length : 16, cost time : 0m:0s:0ms
2024-11-15 11:02:02,811 - fed_utils - INFO - load key [fc1.weight].length : 48000, cost time : 0m:0s:0ms
2024-11-15 11:02:02,812 - fed_utils - INFO - load key [fc1.bias].length : 120, cost time : 0m:0s:0ms
2024-11-15 11:02:02,812 - fed_utils - INFO - load key [fc2.weight].length : 10080, cost time : 0m:0s:0ms
2024-11-15 11:02:02,812 - fed_utils - INFO - load key [fc2.bias].length : 84, cost time : 0m:0s:0ms
2024-11-15 11:02:09,424 - fed_utils - INFO - encrypting key [fc3.weight].length : 840, cost time : 0m:6s:612ms
2024-11-15 11:02:09,503 - fed_utils - INFO - encrypting key [fc3.bias].length : 10, cost time : 0m:0s:78ms
2024-11-15 11:02:09,503 - fl_main - INFO - Server receive client_dict[f_00009] info ...
2024-11-15 11:02:09,504 - fl_main - INFO - ----- client id [f_00010] -----
2024-11-15 11:02:09,505 - client_base - INFO - recover model cost time : 0m:0s:0ms
2024-11-15 11:02:09,505 - fl_main - INFO - client_dict[f_00010] training ...
2024-11-15 11:02:09,506 - client_base - INFO - client_dict[f_00010] training epoch : 0
2024-11-15 11:02:09,882 - client_base - INFO - local model train cost time : 0m:0s:376ms
2024-11-15 11:02:09,883 - client_base - INFO - model encode time : 0m:0s:1ms
2024-11-15 11:02:09,884 - fl_main - INFO - client_dict[f_00010] local model encrypting ...
2024-11-15 11:02:11,069 - fed_utils - INFO - encrypting key [conv1.weight].length : 150, cost time : 0m:1s:184ms
2024-11-15 11:02:11,116 - fed_utils - INFO - encrypting key [conv1.bias].length : 6, cost time : 0m:0s:47ms
2024-11-15 11:02:11,116 - fed_utils - INFO - load key [conv2.weight].length : 2400, cost time : 0m:0s:0ms
2024-11-15 11:02:11,117 - fed_utils - INFO - load key [conv2.bias].length : 16, cost time : 0m:0s:0ms
2024-11-15 11:02:11,118 - fed_utils - INFO - load key [fc1.weight].length : 48000, cost time : 0m:0s:0ms
2024-11-15 11:02:11,118 - fed_utils - INFO - load key [fc1.bias].length : 120, cost time : 0m:0s:0ms
2024-11-15 11:02:11,118 - fed_utils - INFO - load key [fc2.weight].length : 10080, cost time : 0m:0s:0ms
2024-11-15 11:02:11,118 - fed_utils - INFO - load key [fc2.bias].length : 84, cost time : 0m:0s:0ms
2024-11-15 11:02:17,973 - fed_utils - INFO - encrypting key [fc3.weight].length : 840, cost time : 0m:6s:855ms
2024-11-15 11:02:18,052 - fed_utils - INFO - encrypting key [fc3.bias].length : 10, cost time : 0m:0s:78ms
2024-11-15 11:02:18,052 - fl_main - INFO - Server receive client_dict[f_00010] info ...
2024-11-15 11:02:18,053 - fl_main - INFO - ----- client id [f_00011] -----
2024-11-15 11:02:18,054 - client_base - INFO - recover model cost time : 0m:0s:0ms
2024-11-15 11:02:18,054 - fl_main - INFO - client_dict[f_00011] training ...
2024-11-15 11:02:18,055 - client_base - INFO - client_dict[f_00011] training epoch : 0
2024-11-15 11:02:18,448 - client_base - INFO - local model train cost time : 0m:0s:392ms
2024-11-15 11:02:18,449 - client_base - INFO - model encode time : 0m:0s:1ms
2024-11-15 11:02:18,449 - fl_main - INFO - client_dict[f_00011] local model encrypting ...
2024-11-15 11:02:19,632 - fed_utils - INFO - encrypting key [conv1.weight].length : 150, cost time : 0m:1s:182ms
2024-11-15 11:02:19,679 - fed_utils - INFO - encrypting key [conv1.bias].length : 6, cost time : 0m:0s:47ms
2024-11-15 11:02:19,679 - fed_utils - INFO - load key [conv2.weight].length : 2400, cost time : 0m:0s:0ms
2024-11-15 11:02:19,679 - fed_utils - INFO - load key [conv2.bias].length : 16, cost time : 0m:0s:0ms
2024-11-15 11:02:19,680 - fed_utils - INFO - load key [fc1.weight].length : 48000, cost time : 0m:0s:0ms
2024-11-15 11:02:19,680 - fed_utils - INFO - load key [fc1.bias].length : 120, cost time : 0m:0s:0ms
2024-11-15 11:02:19,681 - fed_utils - INFO - load key [fc2.weight].length : 10080, cost time : 0m:0s:0ms
2024-11-15 11:02:19,681 - fed_utils - INFO - load key [fc2.bias].length : 84, cost time : 0m:0s:0ms
2024-11-15 11:02:26,374 - fed_utils - INFO - encrypting key [fc3.weight].length : 840, cost time : 0m:6s:692ms
2024-11-15 11:02:26,453 - fed_utils - INFO - encrypting key [fc3.bias].length : 10, cost time : 0m:0s:78ms
2024-11-15 11:02:26,453 - fl_main - INFO - Server receive client_dict[f_00011] info ...
2024-11-15 11:02:26,453 - fl_main - INFO - ----- client id [f_00012] -----
2024-11-15 11:02:26,454 - client_base - INFO - recover model cost time : 0m:0s:0ms
2024-11-15 11:02:26,454 - fl_main - INFO - client_dict[f_00012] training ...
2024-11-15 11:02:26,455 - client_base - INFO - client_dict[f_00012] training epoch : 0
2024-11-15 11:02:26,840 - client_base - INFO - local model train cost time : 0m:0s:385ms
2024-11-15 11:02:26,842 - client_base - INFO - model encode time : 0m:0s:1ms
2024-11-15 11:02:26,842 - fl_main - INFO - client_dict[f_00012] local model encrypting ...
2024-11-15 11:02:28,027 - fed_utils - INFO - encrypting key [conv1.weight].length : 150, cost time : 0m:1s:185ms
2024-11-15 11:02:28,075 - fed_utils - INFO - encrypting key [conv1.bias].length : 6, cost time : 0m:0s:47ms
2024-11-15 11:02:28,075 - fed_utils - INFO - load key [conv2.weight].length : 2400, cost time : 0m:0s:0ms
2024-11-15 11:02:28,075 - fed_utils - INFO - load key [conv2.bias].length : 16, cost time : 0m:0s:0ms
2024-11-15 11:02:28,076 - fed_utils - INFO - load key [fc1.weight].length : 48000, cost time : 0m:0s:0ms
2024-11-15 11:02:28,076 - fed_utils - INFO - load key [fc1.bias].length : 120, cost time : 0m:0s:0ms
2024-11-15 11:02:28,077 - fed_utils - INFO - load key [fc2.weight].length : 10080, cost time : 0m:0s:0ms
2024-11-15 11:02:28,077 - fed_utils - INFO - load key [fc2.bias].length : 84, cost time : 0m:0s:0ms
2024-11-15 11:02:34,696 - fed_utils - INFO - encrypting key [fc3.weight].length : 840, cost time : 0m:6s:619ms
2024-11-15 11:02:34,775 - fed_utils - INFO - encrypting key [fc3.bias].length : 10, cost time : 0m:0s:78ms
2024-11-15 11:02:34,775 - fl_main - INFO - Server receive client_dict[f_00012] info ...
2024-11-15 11:02:34,775 - fl_main - INFO - ----- client id [f_00013] -----
2024-11-15 11:02:34,776 - client_base - INFO - recover model cost time : 0m:0s:0ms
2024-11-15 11:02:34,776 - fl_main - INFO - client_dict[f_00013] training ...
2024-11-15 11:02:34,777 - client_base - INFO - client_dict[f_00013] training epoch : 0
2024-11-15 11:02:35,149 - client_base - INFO - local model train cost time : 0m:0s:371ms
2024-11-15 11:02:35,151 - client_base - INFO - model encode time : 0m:0s:1ms
2024-11-15 11:02:35,151 - fl_main - INFO - client_dict[f_00013] local model encrypting ...
2024-11-15 11:02:36,333 - fed_utils - INFO - encrypting key [conv1.weight].length : 150, cost time : 0m:1s:181ms
2024-11-15 11:02:36,382 - fed_utils - INFO - encrypting key [conv1.bias].length : 6, cost time : 0m:0s:48ms
2024-11-15 11:02:36,382 - fed_utils - INFO - load key [conv2.weight].length : 2400, cost time : 0m:0s:0ms
2024-11-15 11:02:36,382 - fed_utils - INFO - load key [conv2.bias].length : 16, cost time : 0m:0s:0ms
2024-11-15 11:02:36,383 - fed_utils - INFO - load key [fc1.weight].length : 48000, cost time : 0m:0s:0ms
2024-11-15 11:02:36,383 - fed_utils - INFO - load key [fc1.bias].length : 120, cost time : 0m:0s:0ms
2024-11-15 11:02:36,384 - fed_utils - INFO - load key [fc2.weight].length : 10080, cost time : 0m:0s:0ms
2024-11-15 11:02:36,384 - fed_utils - INFO - load key [fc2.bias].length : 84, cost time : 0m:0s:0ms
2024-11-15 11:02:43,031 - fed_utils - INFO - encrypting key [fc3.weight].length : 840, cost time : 0m:6s:646ms
2024-11-15 11:02:43,110 - fed_utils - INFO - encrypting key [fc3.bias].length : 10, cost time : 0m:0s:79ms
2024-11-15 11:02:43,110 - fl_main - INFO - Server receive client_dict[f_00013] info ...
2024-11-15 11:02:43,110 - fl_main - INFO - ----- client id [f_00014] -----
2024-11-15 11:02:43,111 - client_base - INFO - recover model cost time : 0m:0s:0ms
2024-11-15 11:02:43,111 - fl_main - INFO - client_dict[f_00014] training ...
2024-11-15 11:02:43,112 - client_base - INFO - client_dict[f_00014] training epoch : 0
2024-11-15 11:02:43,490 - client_base - INFO - local model train cost time : 0m:0s:377ms
2024-11-15 11:02:43,491 - client_base - INFO - model encode time : 0m:0s:1ms
2024-11-15 11:02:43,491 - fl_main - INFO - client_dict[f_00014] local model encrypting ...
2024-11-15 11:02:44,678 - fed_utils - INFO - encrypting key [conv1.weight].length : 150, cost time : 0m:1s:186ms
2024-11-15 11:02:44,725 - fed_utils - INFO - encrypting key [conv1.bias].length : 6, cost time : 0m:0s:47ms
2024-11-15 11:02:44,726 - fed_utils - INFO - load key [conv2.weight].length : 2400, cost time : 0m:0s:0ms
2024-11-15 11:02:44,726 - fed_utils - INFO - load key [conv2.bias].length : 16, cost time : 0m:0s:0ms
2024-11-15 11:02:44,727 - fed_utils - INFO - load key [fc1.weight].length : 48000, cost time : 0m:0s:0ms
2024-11-15 11:02:44,727 - fed_utils - INFO - load key [fc1.bias].length : 120, cost time : 0m:0s:0ms
2024-11-15 11:02:44,727 - fed_utils - INFO - load key [fc2.weight].length : 10080, cost time : 0m:0s:0ms
2024-11-15 11:02:44,727 - fed_utils - INFO - load key [fc2.bias].length : 84, cost time : 0m:0s:0ms
2024-11-15 11:02:51,361 - fed_utils - INFO - encrypting key [fc3.weight].length : 840, cost time : 0m:6s:634ms
2024-11-15 11:02:51,440 - fed_utils - INFO - encrypting key [fc3.bias].length : 10, cost time : 0m:0s:79ms
2024-11-15 11:02:51,440 - fl_main - INFO - Server receive client_dict[f_00014] info ...
2024-11-15 11:02:51,441 - fl_main - INFO - ----- client id [f_00015] -----
2024-11-15 11:02:51,442 - client_base - INFO - recover model cost time : 0m:0s:0ms
2024-11-15 11:02:51,442 - fl_main - INFO - client_dict[f_00015] training ...
2024-11-15 11:02:51,443 - client_base - INFO - client_dict[f_00015] training epoch : 0
2024-11-15 11:02:51,821 - client_base - INFO - local model train cost time : 0m:0s:378ms
2024-11-15 11:02:51,822 - client_base - INFO - model encode time : 0m:0s:1ms
2024-11-15 11:02:51,822 - fl_main - INFO - client_dict[f_00015] local model encrypting ...
2024-11-15 11:02:53,010 - fed_utils - INFO - encrypting key [conv1.weight].length : 150, cost time : 0m:1s:187ms
2024-11-15 11:02:53,058 - fed_utils - INFO - encrypting key [conv1.bias].length : 6, cost time : 0m:0s:47ms
2024-11-15 11:02:53,058 - fed_utils - INFO - load key [conv2.weight].length : 2400, cost time : 0m:0s:0ms
2024-11-15 11:02:53,058 - fed_utils - INFO - load key [conv2.bias].length : 16, cost time : 0m:0s:0ms
2024-11-15 11:02:53,059 - fed_utils - INFO - load key [fc1.weight].length : 48000, cost time : 0m:0s:0ms
2024-11-15 11:02:53,059 - fed_utils - INFO - load key [fc1.bias].length : 120, cost time : 0m:0s:0ms
2024-11-15 11:02:53,059 - fed_utils - INFO - load key [fc2.weight].length : 10080, cost time : 0m:0s:0ms
2024-11-15 11:02:53,059 - fed_utils - INFO - load key [fc2.bias].length : 84, cost time : 0m:0s:0ms
2024-11-15 11:02:59,694 - fed_utils - INFO - encrypting key [fc3.weight].length : 840, cost time : 0m:6s:634ms
2024-11-15 11:02:59,774 - fed_utils - INFO - encrypting key [fc3.bias].length : 10, cost time : 0m:0s:80ms
2024-11-15 11:02:59,774 - fl_main - INFO - Server receive client_dict[f_00015] info ...
2024-11-15 11:02:59,775 - fl_main - INFO - ----- client id [f_00016] -----
2024-11-15 11:02:59,776 - client_base - INFO - recover model cost time : 0m:0s:0ms
2024-11-15 11:02:59,776 - fl_main - INFO - client_dict[f_00016] training ...
2024-11-15 11:02:59,777 - client_base - INFO - client_dict[f_00016] training epoch : 0
2024-11-15 11:03:00,152 - client_base - INFO - local model train cost time : 0m:0s:374ms
2024-11-15 11:03:00,153 - client_base - INFO - model encode time : 0m:0s:1ms
2024-11-15 11:03:00,153 - fl_main - INFO - client_dict[f_00016] local model encrypting ...
2024-11-15 11:03:01,336 - fed_utils - INFO - encrypting key [conv1.weight].length : 150, cost time : 0m:1s:182ms
2024-11-15 11:03:01,384 - fed_utils - INFO - encrypting key [conv1.bias].length : 6, cost time : 0m:0s:47ms
2024-11-15 11:03:01,384 - fed_utils - INFO - load key [conv2.weight].length : 2400, cost time : 0m:0s:0ms
2024-11-15 11:03:01,384 - fed_utils - INFO - load key [conv2.bias].length : 16, cost time : 0m:0s:0ms
2024-11-15 11:03:01,385 - fed_utils - INFO - load key [fc1.weight].length : 48000, cost time : 0m:0s:0ms
2024-11-15 11:03:01,385 - fed_utils - INFO - load key [fc1.bias].length : 120, cost time : 0m:0s:0ms
2024-11-15 11:03:01,385 - fed_utils - INFO - load key [fc2.weight].length : 10080, cost time : 0m:0s:0ms
2024-11-15 11:03:01,385 - fed_utils - INFO - load key [fc2.bias].length : 84, cost time : 0m:0s:0ms
2024-11-15 11:03:08,006 - fed_utils - INFO - encrypting key [fc3.weight].length : 840, cost time : 0m:6s:620ms
2024-11-15 11:03:08,085 - fed_utils - INFO - encrypting key [fc3.bias].length : 10, cost time : 0m:0s:78ms
2024-11-15 11:03:08,085 - fl_main - INFO - Server receive client_dict[f_00016] info ...
2024-11-15 11:03:08,085 - fl_main - INFO - ----- client id [f_00017] -----
2024-11-15 11:03:08,087 - client_base - INFO - recover model cost time : 0m:0s:0ms
2024-11-15 11:03:08,087 - fl_main - INFO - client_dict[f_00017] training ...
2024-11-15 11:03:08,088 - client_base - INFO - client_dict[f_00017] training epoch : 0
2024-11-15 11:03:08,463 - client_base - INFO - local model train cost time : 0m:0s:374ms
2024-11-15 11:03:08,464 - client_base - INFO - model encode time : 0m:0s:1ms
2024-11-15 11:03:08,464 - fl_main - INFO - client_dict[f_00017] local model encrypting ...
2024-11-15 11:03:09,648 - fed_utils - INFO - encrypting key [conv1.weight].length : 150, cost time : 0m:1s:183ms
2024-11-15 11:03:09,696 - fed_utils - INFO - encrypting key [conv1.bias].length : 6, cost time : 0m:0s:47ms
2024-11-15 11:03:09,696 - fed_utils - INFO - load key [conv2.weight].length : 2400, cost time : 0m:0s:0ms
2024-11-15 11:03:09,696 - fed_utils - INFO - load key [conv2.bias].length : 16, cost time : 0m:0s:0ms
2024-11-15 11:03:09,697 - fed_utils - INFO - load key [fc1.weight].length : 48000, cost time : 0m:0s:1ms
2024-11-15 11:03:09,697 - fed_utils - INFO - load key [fc1.bias].length : 120, cost time : 0m:0s:0ms
2024-11-15 11:03:09,698 - fed_utils - INFO - load key [fc2.weight].length : 10080, cost time : 0m:0s:0ms
2024-11-15 11:03:09,698 - fed_utils - INFO - load key [fc2.bias].length : 84, cost time : 0m:0s:0ms
2024-11-15 11:03:16,324 - fed_utils - INFO - encrypting key [fc3.weight].length : 840, cost time : 0m:6s:626ms
2024-11-15 11:03:16,403 - fed_utils - INFO - encrypting key [fc3.bias].length : 10, cost time : 0m:0s:78ms
2024-11-15 11:03:16,403 - fl_main - INFO - Server receive client_dict[f_00017] info ...
2024-11-15 11:03:16,403 - fl_main - INFO - ----- client id [f_00018] -----
2024-11-15 11:03:16,406 - client_base - INFO - recover model cost time : 0m:0s:0ms
2024-11-15 11:03:16,407 - fl_main - INFO - client_dict[f_00018] training ...
2024-11-15 11:03:16,407 - client_base - INFO - client_dict[f_00018] training epoch : 0
2024-11-15 11:03:16,798 - client_base - INFO - local model train cost time : 0m:0s:390ms
2024-11-15 11:03:16,800 - client_base - INFO - model encode time : 0m:0s:1ms
2024-11-15 11:03:16,800 - fl_main - INFO - client_dict[f_00018] local model encrypting ...
2024-11-15 11:03:17,987 - fed_utils - INFO - encrypting key [conv1.weight].length : 150, cost time : 0m:1s:186ms
2024-11-15 11:03:18,034 - fed_utils - INFO - encrypting key [conv1.bias].length : 6, cost time : 0m:0s:47ms
2024-11-15 11:03:18,034 - fed_utils - INFO - load key [conv2.weight].length : 2400, cost time : 0m:0s:0ms
2024-11-15 11:03:18,034 - fed_utils - INFO - load key [conv2.bias].length : 16, cost time : 0m:0s:0ms
2024-11-15 11:03:18,036 - fed_utils - INFO - load key [fc1.weight].length : 48000, cost time : 0m:0s:1ms
2024-11-15 11:03:18,036 - fed_utils - INFO - load key [fc1.bias].length : 120, cost time : 0m:0s:0ms
2024-11-15 11:03:18,036 - fed_utils - INFO - load key [fc2.weight].length : 10080, cost time : 0m:0s:0ms
2024-11-15 11:03:18,036 - fed_utils - INFO - load key [fc2.bias].length : 84, cost time : 0m:0s:0ms
2024-11-15 11:03:24,663 - fed_utils - INFO - encrypting key [fc3.weight].length : 840, cost time : 0m:6s:627ms
2024-11-15 11:03:24,742 - fed_utils - INFO - encrypting key [fc3.bias].length : 10, cost time : 0m:0s:78ms
2024-11-15 11:03:24,742 - fl_main - INFO - Server receive client_dict[f_00018] info ...
2024-11-15 11:03:24,743 - fl_main - INFO - ----- client id [f_00019] -----
2024-11-15 11:03:24,744 - client_base - INFO - recover model cost time : 0m:0s:0ms
2024-11-15 11:03:24,744 - fl_main - INFO - client_dict[f_00019] training ...
2024-11-15 11:03:24,745 - client_base - INFO - client_dict[f_00019] training epoch : 0
2024-11-15 11:03:25,139 - client_base - INFO - local model train cost time : 0m:0s:394ms
2024-11-15 11:03:25,140 - client_base - INFO - model encode time : 0m:0s:1ms
2024-11-15 11:03:25,141 - fl_main - INFO - client_dict[f_00019] local model encrypting ...
2024-11-15 11:03:26,322 - fed_utils - INFO - encrypting key [conv1.weight].length : 150, cost time : 0m:1s:181ms
2024-11-15 11:03:26,370 - fed_utils - INFO - encrypting key [conv1.bias].length : 6, cost time : 0m:0s:47ms
2024-11-15 11:03:26,370 - fed_utils - INFO - load key [conv2.weight].length : 2400, cost time : 0m:0s:0ms
2024-11-15 11:03:26,370 - fed_utils - INFO - load key [conv2.bias].length : 16, cost time : 0m:0s:0ms
2024-11-15 11:03:26,371 - fed_utils - INFO - load key [fc1.weight].length : 48000, cost time : 0m:0s:1ms
2024-11-15 11:03:26,371 - fed_utils - INFO - load key [fc1.bias].length : 120, cost time : 0m:0s:0ms
2024-11-15 11:03:26,372 - fed_utils - INFO - load key [fc2.weight].length : 10080, cost time : 0m:0s:0ms
2024-11-15 11:03:26,372 - fed_utils - INFO - load key [fc2.bias].length : 84, cost time : 0m:0s:0ms
2024-11-15 11:03:33,218 - fed_utils - INFO - encrypting key [fc3.weight].length : 840, cost time : 0m:6s:846ms
2024-11-15 11:03:33,297 - fed_utils - INFO - encrypting key [fc3.bias].length : 10, cost time : 0m:0s:78ms
2024-11-15 11:03:33,297 - fl_main - INFO - Server receive client_dict[f_00019] info ...
2024-11-15 11:03:33,297 - fl_main - INFO - global aggregation process ...
2024-11-15 11:03:33,298 - fed_utils - INFO - server.n_data : 60000
2024-11-15 11:03:33,298 - fed_utils - INFO - client_dict[f_00000].weight : 0.050000
2024-11-15 11:03:33,298 - fed_utils - INFO - client_dict[f_00001].weight : 0.050000
2024-11-15 11:03:33,298 - fed_utils - INFO - client_dict[f_00002].weight : 0.050000
2024-11-15 11:03:33,298 - fed_utils - INFO - client_dict[f_00003].weight : 0.050000
2024-11-15 11:03:33,298 - fed_utils - INFO - client_dict[f_00004].weight : 0.050000
2024-11-15 11:03:33,298 - fed_utils - INFO - client_dict[f_00005].weight : 0.050000
2024-11-15 11:03:33,298 - fed_utils - INFO - client_dict[f_00006].weight : 0.050000
2024-11-15 11:03:33,298 - fed_utils - INFO - client_dict[f_00007].weight : 0.050000
2024-11-15 11:03:33,298 - fed_utils - INFO - client_dict[f_00008].weight : 0.050000
2024-11-15 11:03:33,298 - fed_utils - INFO - client_dict[f_00009].weight : 0.050000
2024-11-15 11:03:33,298 - fed_utils - INFO - client_dict[f_00010].weight : 0.050000
2024-11-15 11:03:33,298 - fed_utils - INFO - client_dict[f_00011].weight : 0.050000
2024-11-15 11:03:33,298 - fed_utils - INFO - client_dict[f_00012].weight : 0.050000
2024-11-15 11:03:33,298 - fed_utils - INFO - client_dict[f_00013].weight : 0.050000
2024-11-15 11:03:33,298 - fed_utils - INFO - client_dict[f_00014].weight : 0.050000
2024-11-15 11:03:33,298 - fed_utils - INFO - client_dict[f_00015].weight : 0.050000
2024-11-15 11:03:33,298 - fed_utils - INFO - client_dict[f_00016].weight : 0.050000
2024-11-15 11:03:33,298 - fed_utils - INFO - client_dict[f_00017].weight : 0.050000
2024-11-15 11:03:33,298 - fed_utils - INFO - client_dict[f_00018].weight : 0.050000
2024-11-15 11:03:33,298 - fed_utils - INFO - client_dict[f_00019].weight : 0.050000
2024-11-15 11:03:33,299 - fed_utils - INFO - recover secret number by clients: 789319.750000
2024-11-15 11:03:33,299 - server_base - INFO - Server aggregate model with homomorphic encryption ...
2024-11-15 11:03:40,004 - server_base - INFO - Server aggregate model done, cost time : 0m:6s:705ms
2024-11-15 11:03:40,345 - fed_utils - INFO - decrypting key [conv1.weight].shape [torch.Size([6, 1, 5, 5])]
2024-11-15 11:03:40,358 - fed_utils - INFO - decrypting key [conv1.bias].shape [torch.Size([6])]
2024-11-15 11:03:40,359 - fed_utils - INFO - decrypting key [conv2.weight].shape [torch.Size([16, 6, 5, 5])]
2024-11-15 11:03:40,359 - fed_utils - INFO - decrypting key [conv2.bias].shape [torch.Size([16])]
2024-11-15 11:03:40,359 - fed_utils - INFO - decrypting key [fc1.weight].shape [torch.Size([120, 400])]
2024-11-15 11:03:40,359 - fed_utils - INFO - decrypting key [fc1.bias].shape [torch.Size([120])]
2024-11-15 11:03:40,359 - fed_utils - INFO - decrypting key [fc2.weight].shape [torch.Size([84, 120])]
2024-11-15 11:03:40,359 - fed_utils - INFO - decrypting key [fc2.bias].shape [torch.Size([84])]
2024-11-15 11:03:42,270 - fed_utils - INFO - decrypting key [fc3.weight].shape [torch.Size([10, 84])]
2024-11-15 11:03:42,293 - fed_utils - INFO - decrypting key [fc3.bias].shape [torch.Size([10])]
2024-11-15 11:03:42,293 - fed_utils - INFO - decrypt time : [0m:2s:288ms]
2024-11-15 11:03:42,303 - fl_main - INFO - [global round : 15] aggregated model accuracy : 0.8877
2024-11-15 11:03:42,303 - fl_main - INFO - [global round : 15] aggregated model loss : 0.4082587383665869
2024-11-15 11:03:42,304 - fl_main - INFO - global round : 16
2024-11-15 11:03:42,304 - fl_main - INFO - the random client id to test accuracy : f_00012
2024-11-15 11:03:42,304 - fl_main - INFO - ----- client id [f_00000] -----
2024-11-15 11:03:42,305 - client_base - INFO - recover model cost time : 0m:0s:0ms
2024-11-15 11:03:42,305 - fl_main - INFO - client_dict[f_00000] training ...
2024-11-15 11:03:42,306 - client_base - INFO - client_dict[f_00000] training epoch : 0
2024-11-15 11:03:42,706 - client_base - INFO - local model train cost time : 0m:0s:399ms
2024-11-15 11:03:42,707 - client_base - INFO - model encode time : 0m:0s:1ms
2024-11-15 11:03:42,708 - fl_main - INFO - client_dict[f_00000] local model encrypting ...
2024-11-15 11:03:43,917 - fed_utils - INFO - encrypting key [conv1.weight].length : 150, cost time : 0m:1s:208ms
2024-11-15 11:03:43,964 - fed_utils - INFO - encrypting key [conv1.bias].length : 6, cost time : 0m:0s:47ms
2024-11-15 11:03:43,964 - fed_utils - INFO - load key [conv2.weight].length : 2400, cost time : 0m:0s:0ms
2024-11-15 11:03:43,964 - fed_utils - INFO - load key [conv2.bias].length : 16, cost time : 0m:0s:0ms
2024-11-15 11:03:43,965 - fed_utils - INFO - load key [fc1.weight].length : 48000, cost time : 0m:0s:1ms
2024-11-15 11:03:43,965 - fed_utils - INFO - load key [fc1.bias].length : 120, cost time : 0m:0s:0ms
2024-11-15 11:03:43,966 - fed_utils - INFO - load key [fc2.weight].length : 10080, cost time : 0m:0s:0ms
2024-11-15 11:03:43,966 - fed_utils - INFO - load key [fc2.bias].length : 84, cost time : 0m:0s:0ms
2024-11-15 11:03:50,565 - fed_utils - INFO - encrypting key [fc3.weight].length : 840, cost time : 0m:6s:599ms
2024-11-15 11:03:50,644 - fed_utils - INFO - encrypting key [fc3.bias].length : 10, cost time : 0m:0s:78ms
2024-11-15 11:03:50,645 - fl_main - INFO - Server receive client_dict[f_00000] info ...
2024-11-15 11:03:50,645 - fl_main - INFO - ----- client id [f_00001] -----
2024-11-15 11:03:50,646 - client_base - INFO - recover model cost time : 0m:0s:0ms
2024-11-15 11:03:50,646 - fl_main - INFO - client_dict[f_00001] training ...
2024-11-15 11:03:50,647 - client_base - INFO - client_dict[f_00001] training epoch : 0
2024-11-15 11:03:51,042 - client_base - INFO - local model train cost time : 0m:0s:394ms
2024-11-15 11:03:51,043 - client_base - INFO - model encode time : 0m:0s:1ms
2024-11-15 11:03:51,044 - fl_main - INFO - client_dict[f_00001] local model encrypting ...
2024-11-15 11:03:52,225 - fed_utils - INFO - encrypting key [conv1.weight].length : 150, cost time : 0m:1s:181ms
2024-11-15 11:03:52,273 - fed_utils - INFO - encrypting key [conv1.bias].length : 6, cost time : 0m:0s:47ms
2024-11-15 11:03:52,273 - fed_utils - INFO - load key [conv2.weight].length : 2400, cost time : 0m:0s:0ms
2024-11-15 11:03:52,273 - fed_utils - INFO - load key [conv2.bias].length : 16, cost time : 0m:0s:0ms
2024-11-15 11:03:52,274 - fed_utils - INFO - load key [fc1.weight].length : 48000, cost time : 0m:0s:0ms
2024-11-15 11:03:52,274 - fed_utils - INFO - load key [fc1.bias].length : 120, cost time : 0m:0s:0ms
2024-11-15 11:03:52,274 - fed_utils - INFO - load key [fc2.weight].length : 10080, cost time : 0m:0s:0ms
2024-11-15 11:03:52,274 - fed_utils - INFO - load key [fc2.bias].length : 84, cost time : 0m:0s:0ms
2024-11-15 11:03:59,071 - fed_utils - INFO - encrypting key [fc3.weight].length : 840, cost time : 0m:6s:796ms
2024-11-15 11:03:59,151 - fed_utils - INFO - encrypting key [fc3.bias].length : 10, cost time : 0m:0s:80ms
2024-11-15 11:03:59,151 - fl_main - INFO - Server receive client_dict[f_00001] info ...
2024-11-15 11:03:59,151 - fl_main - INFO - ----- client id [f_00002] -----
2024-11-15 11:03:59,152 - client_base - INFO - recover model cost time : 0m:0s:0ms
2024-11-15 11:03:59,152 - fl_main - INFO - client_dict[f_00002] training ...
2024-11-15 11:03:59,154 - client_base - INFO - client_dict[f_00002] training epoch : 0
2024-11-15 11:03:59,523 - client_base - INFO - local model train cost time : 0m:0s:369ms
2024-11-15 11:03:59,524 - client_base - INFO - model encode time : 0m:0s:1ms
2024-11-15 11:03:59,525 - fl_main - INFO - client_dict[f_00002] local model encrypting ...
2024-11-15 11:04:00,737 - fed_utils - INFO - encrypting key [conv1.weight].length : 150, cost time : 0m:1s:212ms
2024-11-15 11:04:00,785 - fed_utils - INFO - encrypting key [conv1.bias].length : 6, cost time : 0m:0s:47ms
2024-11-15 11:04:00,785 - fed_utils - INFO - load key [conv2.weight].length : 2400, cost time : 0m:0s:0ms
2024-11-15 11:04:00,785 - fed_utils - INFO - load key [conv2.bias].length : 16, cost time : 0m:0s:0ms
2024-11-15 11:04:00,786 - fed_utils - INFO - load key [fc1.weight].length : 48000, cost time : 0m:0s:0ms
2024-11-15 11:04:00,786 - fed_utils - INFO - load key [fc1.bias].length : 120, cost time : 0m:0s:0ms
2024-11-15 11:04:00,786 - fed_utils - INFO - load key [fc2.weight].length : 10080, cost time : 0m:0s:0ms
2024-11-15 11:04:00,787 - fed_utils - INFO - load key [fc2.bias].length : 84, cost time : 0m:0s:0ms
2024-11-15 11:04:07,562 - fed_utils - INFO - encrypting key [fc3.weight].length : 840, cost time : 0m:6s:774ms
2024-11-15 11:04:07,641 - fed_utils - INFO - encrypting key [fc3.bias].length : 10, cost time : 0m:0s:78ms
2024-11-15 11:04:07,641 - fl_main - INFO - Server receive client_dict[f_00002] info ...
2024-11-15 11:04:07,641 - fl_main - INFO - ----- client id [f_00003] -----
2024-11-15 11:04:07,642 - client_base - INFO - recover model cost time : 0m:0s:0ms
2024-11-15 11:04:07,642 - fl_main - INFO - client_dict[f_00003] training ...
2024-11-15 11:04:07,643 - client_base - INFO - client_dict[f_00003] training epoch : 0
2024-11-15 11:04:08,030 - client_base - INFO - local model train cost time : 0m:0s:387ms
2024-11-15 11:04:08,032 - client_base - INFO - model encode time : 0m:0s:1ms
2024-11-15 11:04:08,032 - fl_main - INFO - client_dict[f_00003] local model encrypting ...
2024-11-15 11:04:09,214 - fed_utils - INFO - encrypting key [conv1.weight].length : 150, cost time : 0m:1s:182ms
2024-11-15 11:04:09,262 - fed_utils - INFO - encrypting key [conv1.bias].length : 6, cost time : 0m:0s:47ms
2024-11-15 11:04:09,262 - fed_utils - INFO - load key [conv2.weight].length : 2400, cost time : 0m:0s:0ms
2024-11-15 11:04:09,262 - fed_utils - INFO - load key [conv2.bias].length : 16, cost time : 0m:0s:0ms
2024-11-15 11:04:09,263 - fed_utils - INFO - load key [fc1.weight].length : 48000, cost time : 0m:0s:0ms
2024-11-15 11:04:09,263 - fed_utils - INFO - load key [fc1.bias].length : 120, cost time : 0m:0s:0ms
2024-11-15 11:04:09,263 - fed_utils - INFO - load key [fc2.weight].length : 10080, cost time : 0m:0s:0ms
2024-11-15 11:04:09,263 - fed_utils - INFO - load key [fc2.bias].length : 84, cost time : 0m:0s:0ms
2024-11-15 11:04:15,895 - fed_utils - INFO - encrypting key [fc3.weight].length : 840, cost time : 0m:6s:631ms
2024-11-15 11:04:15,977 - fed_utils - INFO - encrypting key [fc3.bias].length : 10, cost time : 0m:0s:80ms
2024-11-15 11:04:15,977 - fl_main - INFO - Server receive client_dict[f_00003] info ...
2024-11-15 11:04:15,977 - fl_main - INFO - ----- client id [f_00004] -----
2024-11-15 11:04:15,978 - client_base - INFO - recover model cost time : 0m:0s:0ms
2024-11-15 11:04:15,978 - fl_main - INFO - client_dict[f_00004] training ...
2024-11-15 11:04:15,979 - client_base - INFO - client_dict[f_00004] training epoch : 0
2024-11-15 11:04:16,362 - client_base - INFO - local model train cost time : 0m:0s:382ms
2024-11-15 11:04:16,363 - client_base - INFO - model encode time : 0m:0s:1ms
2024-11-15 11:04:16,363 - fl_main - INFO - client_dict[f_00004] local model encrypting ...
2024-11-15 11:04:17,547 - fed_utils - INFO - encrypting key [conv1.weight].length : 150, cost time : 0m:1s:183ms
2024-11-15 11:04:17,594 - fed_utils - INFO - encrypting key [conv1.bias].length : 6, cost time : 0m:0s:47ms
2024-11-15 11:04:17,595 - fed_utils - INFO - load key [conv2.weight].length : 2400, cost time : 0m:0s:0ms
2024-11-15 11:04:17,595 - fed_utils - INFO - load key [conv2.bias].length : 16, cost time : 0m:0s:0ms
2024-11-15 11:04:17,596 - fed_utils - INFO - load key [fc1.weight].length : 48000, cost time : 0m:0s:0ms
2024-11-15 11:04:17,596 - fed_utils - INFO - load key [fc1.bias].length : 120, cost time : 0m:0s:0ms
2024-11-15 11:04:17,596 - fed_utils - INFO - load key [fc2.weight].length : 10080, cost time : 0m:0s:0ms
2024-11-15 11:04:17,596 - fed_utils - INFO - load key [fc2.bias].length : 84, cost time : 0m:0s:0ms
2024-11-15 11:04:24,210 - fed_utils - INFO - encrypting key [fc3.weight].length : 840, cost time : 0m:6s:613ms
2024-11-15 11:04:24,289 - fed_utils - INFO - encrypting key [fc3.bias].length : 10, cost time : 0m:0s:78ms
2024-11-15 11:04:24,289 - fl_main - INFO - Server receive client_dict[f_00004] info ...
2024-11-15 11:04:24,289 - fl_main - INFO - ----- client id [f_00005] -----
2024-11-15 11:04:24,290 - client_base - INFO - recover model cost time : 0m:0s:0ms
2024-11-15 11:04:24,290 - fl_main - INFO - client_dict[f_00005] training ...
2024-11-15 11:04:24,291 - client_base - INFO - client_dict[f_00005] training epoch : 0
2024-11-15 11:04:24,670 - client_base - INFO - local model train cost time : 0m:0s:378ms
2024-11-15 11:04:24,671 - client_base - INFO - model encode time : 0m:0s:1ms
2024-11-15 11:04:24,671 - fl_main - INFO - client_dict[f_00005] local model encrypting ...
2024-11-15 11:04:25,852 - fed_utils - INFO - encrypting key [conv1.weight].length : 150, cost time : 0m:1s:180ms
2024-11-15 11:04:25,900 - fed_utils - INFO - encrypting key [conv1.bias].length : 6, cost time : 0m:0s:47ms
2024-11-15 11:04:25,900 - fed_utils - INFO - load key [conv2.weight].length : 2400, cost time : 0m:0s:0ms
2024-11-15 11:04:25,900 - fed_utils - INFO - load key [conv2.bias].length : 16, cost time : 0m:0s:0ms
2024-11-15 11:04:25,901 - fed_utils - INFO - load key [fc1.weight].length : 48000, cost time : 0m:0s:0ms
2024-11-15 11:04:25,901 - fed_utils - INFO - load key [fc1.bias].length : 120, cost time : 0m:0s:0ms
2024-11-15 11:04:25,901 - fed_utils - INFO - load key [fc2.weight].length : 10080, cost time : 0m:0s:0ms
2024-11-15 11:04:25,901 - fed_utils - INFO - load key [fc2.bias].length : 84, cost time : 0m:0s:0ms
2024-11-15 11:04:32,517 - fed_utils - INFO - encrypting key [fc3.weight].length : 840, cost time : 0m:6s:615ms
2024-11-15 11:04:32,595 - fed_utils - INFO - encrypting key [fc3.bias].length : 10, cost time : 0m:0s:78ms
2024-11-15 11:04:32,596 - fl_main - INFO - Server receive client_dict[f_00005] info ...
2024-11-15 11:04:32,596 - fl_main - INFO - ----- client id [f_00006] -----
2024-11-15 11:04:32,597 - client_base - INFO - recover model cost time : 0m:0s:0ms
2024-11-15 11:04:32,597 - fl_main - INFO - client_dict[f_00006] training ...
2024-11-15 11:04:32,598 - client_base - INFO - client_dict[f_00006] training epoch : 0
2024-11-15 11:04:32,986 - client_base - INFO - local model train cost time : 0m:0s:388ms
2024-11-15 11:04:32,988 - client_base - INFO - model encode time : 0m:0s:1ms
2024-11-15 11:04:32,988 - fl_main - INFO - client_dict[f_00006] local model encrypting ...
2024-11-15 11:04:34,201 - fed_utils - INFO - encrypting key [conv1.weight].length : 150, cost time : 0m:1s:212ms
2024-11-15 11:04:34,248 - fed_utils - INFO - encrypting key [conv1.bias].length : 6, cost time : 0m:0s:47ms
2024-11-15 11:04:34,249 - fed_utils - INFO - load key [conv2.weight].length : 2400, cost time : 0m:0s:0ms
2024-11-15 11:04:34,249 - fed_utils - INFO - load key [conv2.bias].length : 16, cost time : 0m:0s:0ms
2024-11-15 11:04:34,250 - fed_utils - INFO - load key [fc1.weight].length : 48000, cost time : 0m:0s:0ms
2024-11-15 11:04:34,250 - fed_utils - INFO - load key [fc1.bias].length : 120, cost time : 0m:0s:0ms
2024-11-15 11:04:34,250 - fed_utils - INFO - load key [fc2.weight].length : 10080, cost time : 0m:0s:0ms
2024-11-15 11:04:34,250 - fed_utils - INFO - load key [fc2.bias].length : 84, cost time : 0m:0s:0ms
2024-11-15 11:04:40,986 - fed_utils - INFO - encrypting key [fc3.weight].length : 840, cost time : 0m:6s:736ms
2024-11-15 11:04:41,065 - fed_utils - INFO - encrypting key [fc3.bias].length : 10, cost time : 0m:0s:79ms
2024-11-15 11:04:41,066 - fl_main - INFO - Server receive client_dict[f_00006] info ...
2024-11-15 11:04:41,066 - fl_main - INFO - ----- client id [f_00007] -----
2024-11-15 11:04:41,067 - client_base - INFO - recover model cost time : 0m:0s:0ms
2024-11-15 11:04:41,067 - fl_main - INFO - client_dict[f_00007] training ...
2024-11-15 11:04:41,068 - client_base - INFO - client_dict[f_00007] training epoch : 0
2024-11-15 11:04:41,441 - client_base - INFO - local model train cost time : 0m:0s:372ms
2024-11-15 11:04:41,442 - client_base - INFO - model encode time : 0m:0s:1ms
2024-11-15 11:04:41,442 - fl_main - INFO - client_dict[f_00007] local model encrypting ...
2024-11-15 11:04:42,629 - fed_utils - INFO - encrypting key [conv1.weight].length : 150, cost time : 0m:1s:186ms
2024-11-15 11:04:42,677 - fed_utils - INFO - encrypting key [conv1.bias].length : 6, cost time : 0m:0s:47ms
2024-11-15 11:04:42,677 - fed_utils - INFO - load key [conv2.weight].length : 2400, cost time : 0m:0s:0ms
2024-11-15 11:04:42,677 - fed_utils - INFO - load key [conv2.bias].length : 16, cost time : 0m:0s:0ms
2024-11-15 11:04:42,678 - fed_utils - INFO - load key [fc1.weight].length : 48000, cost time : 0m:0s:0ms
2024-11-15 11:04:42,678 - fed_utils - INFO - load key [fc1.bias].length : 120, cost time : 0m:0s:0ms
2024-11-15 11:04:42,678 - fed_utils - INFO - load key [fc2.weight].length : 10080, cost time : 0m:0s:0ms
2024-11-15 11:04:42,678 - fed_utils - INFO - load key [fc2.bias].length : 84, cost time : 0m:0s:0ms
2024-11-15 11:04:49,373 - fed_utils - INFO - encrypting key [fc3.weight].length : 840, cost time : 0m:6s:694ms
2024-11-15 11:04:49,452 - fed_utils - INFO - encrypting key [fc3.bias].length : 10, cost time : 0m:0s:79ms
2024-11-15 11:04:49,452 - fl_main - INFO - Server receive client_dict[f_00007] info ...
2024-11-15 11:04:49,452 - fl_main - INFO - ----- client id [f_00008] -----
2024-11-15 11:04:49,453 - client_base - INFO - recover model cost time : 0m:0s:0ms
2024-11-15 11:04:49,454 - fl_main - INFO - client_dict[f_00008] training ...
2024-11-15 11:04:49,454 - client_base - INFO - client_dict[f_00008] training epoch : 0
2024-11-15 11:04:49,833 - client_base - INFO - local model train cost time : 0m:0s:378ms
2024-11-15 11:04:49,834 - client_base - INFO - model encode time : 0m:0s:1ms
2024-11-15 11:04:49,835 - fl_main - INFO - client_dict[f_00008] local model encrypting ...
2024-11-15 11:04:51,019 - fed_utils - INFO - encrypting key [conv1.weight].length : 150, cost time : 0m:1s:184ms
2024-11-15 11:04:51,067 - fed_utils - INFO - encrypting key [conv1.bias].length : 6, cost time : 0m:0s:47ms
2024-11-15 11:04:51,067 - fed_utils - INFO - load key [conv2.weight].length : 2400, cost time : 0m:0s:0ms
2024-11-15 11:04:51,067 - fed_utils - INFO - load key [conv2.bias].length : 16, cost time : 0m:0s:0ms
2024-11-15 11:04:51,068 - fed_utils - INFO - load key [fc1.weight].length : 48000, cost time : 0m:0s:0ms
2024-11-15 11:04:51,068 - fed_utils - INFO - load key [fc1.bias].length : 120, cost time : 0m:0s:0ms
2024-11-15 11:04:51,068 - fed_utils - INFO - load key [fc2.weight].length : 10080, cost time : 0m:0s:0ms
2024-11-15 11:04:51,068 - fed_utils - INFO - load key [fc2.bias].length : 84, cost time : 0m:0s:0ms
2024-11-15 11:04:57,695 - fed_utils - INFO - encrypting key [fc3.weight].length : 840, cost time : 0m:6s:627ms
2024-11-15 11:04:57,774 - fed_utils - INFO - encrypting key [fc3.bias].length : 10, cost time : 0m:0s:79ms
2024-11-15 11:04:57,775 - fl_main - INFO - Server receive client_dict[f_00008] info ...
2024-11-15 11:04:57,775 - fl_main - INFO - ----- client id [f_00009] -----
2024-11-15 11:04:57,776 - client_base - INFO - recover model cost time : 0m:0s:0ms
2024-11-15 11:04:57,776 - fl_main - INFO - client_dict[f_00009] training ...
2024-11-15 11:04:57,777 - client_base - INFO - client_dict[f_00009] training epoch : 0
2024-11-15 11:04:58,160 - client_base - INFO - local model train cost time : 0m:0s:383ms
2024-11-15 11:04:58,161 - client_base - INFO - model encode time : 0m:0s:1ms
2024-11-15 11:04:58,162 - fl_main - INFO - client_dict[f_00009] local model encrypting ...
2024-11-15 11:04:59,348 - fed_utils - INFO - encrypting key [conv1.weight].length : 150, cost time : 0m:1s:186ms
2024-11-15 11:04:59,396 - fed_utils - INFO - encrypting key [conv1.bias].length : 6, cost time : 0m:0s:48ms
2024-11-15 11:04:59,396 - fed_utils - INFO - load key [conv2.weight].length : 2400, cost time : 0m:0s:0ms
2024-11-15 11:04:59,396 - fed_utils - INFO - load key [conv2.bias].length : 16, cost time : 0m:0s:0ms
2024-11-15 11:04:59,398 - fed_utils - INFO - load key [fc1.weight].length : 48000, cost time : 0m:0s:0ms
2024-11-15 11:04:59,398 - fed_utils - INFO - load key [fc1.bias].length : 120, cost time : 0m:0s:0ms
2024-11-15 11:04:59,398 - fed_utils - INFO - load key [fc2.weight].length : 10080, cost time : 0m:0s:0ms
2024-11-15 11:04:59,398 - fed_utils - INFO - load key [fc2.bias].length : 84, cost time : 0m:0s:0ms
2024-11-15 11:05:06,019 - fed_utils - INFO - encrypting key [fc3.weight].length : 840, cost time : 0m:6s:621ms
2024-11-15 11:05:06,098 - fed_utils - INFO - encrypting key [fc3.bias].length : 10, cost time : 0m:0s:78ms
2024-11-15 11:05:06,098 - fl_main - INFO - Server receive client_dict[f_00009] info ...
2024-11-15 11:05:06,098 - fl_main - INFO - ----- client id [f_00010] -----
2024-11-15 11:05:06,099 - client_base - INFO - recover model cost time : 0m:0s:0ms
2024-11-15 11:05:06,100 - fl_main - INFO - client_dict[f_00010] training ...
2024-11-15 11:05:06,100 - client_base - INFO - client_dict[f_00010] training epoch : 0
2024-11-15 11:05:06,495 - client_base - INFO - local model train cost time : 0m:0s:394ms
2024-11-15 11:05:06,496 - client_base - INFO - model encode time : 0m:0s:1ms
2024-11-15 11:05:06,497 - fl_main - INFO - client_dict[f_00010] local model encrypting ...
2024-11-15 11:05:07,680 - fed_utils - INFO - encrypting key [conv1.weight].length : 150, cost time : 0m:1s:183ms
2024-11-15 11:05:07,728 - fed_utils - INFO - encrypting key [conv1.bias].length : 6, cost time : 0m:0s:48ms
2024-11-15 11:05:07,728 - fed_utils - INFO - load key [conv2.weight].length : 2400, cost time : 0m:0s:0ms
2024-11-15 11:05:07,729 - fed_utils - INFO - load key [conv2.bias].length : 16, cost time : 0m:0s:0ms
2024-11-15 11:05:07,730 - fed_utils - INFO - load key [fc1.weight].length : 48000, cost time : 0m:0s:0ms
2024-11-15 11:05:07,730 - fed_utils - INFO - load key [fc1.bias].length : 120, cost time : 0m:0s:0ms
2024-11-15 11:05:07,730 - fed_utils - INFO - load key [fc2.weight].length : 10080, cost time : 0m:0s:0ms
2024-11-15 11:05:07,730 - fed_utils - INFO - load key [fc2.bias].length : 84, cost time : 0m:0s:0ms
2024-11-15 11:05:14,366 - fed_utils - INFO - encrypting key [fc3.weight].length : 840, cost time : 0m:6s:636ms
2024-11-15 11:05:14,445 - fed_utils - INFO - encrypting key [fc3.bias].length : 10, cost time : 0m:0s:79ms
2024-11-15 11:05:14,445 - fl_main - INFO - Server receive client_dict[f_00010] info ...
2024-11-15 11:05:14,446 - fl_main - INFO - ----- client id [f_00011] -----
2024-11-15 11:05:14,447 - client_base - INFO - recover model cost time : 0m:0s:0ms
2024-11-15 11:05:14,447 - fl_main - INFO - client_dict[f_00011] training ...
2024-11-15 11:05:14,447 - client_base - INFO - client_dict[f_00011] training epoch : 0
2024-11-15 11:05:14,839 - client_base - INFO - local model train cost time : 0m:0s:391ms
2024-11-15 11:05:14,841 - client_base - INFO - model encode time : 0m:0s:1ms
2024-11-15 11:05:14,841 - fl_main - INFO - client_dict[f_00011] local model encrypting ...
2024-11-15 11:05:16,023 - fed_utils - INFO - encrypting key [conv1.weight].length : 150, cost time : 0m:1s:181ms
2024-11-15 11:05:16,071 - fed_utils - INFO - encrypting key [conv1.bias].length : 6, cost time : 0m:0s:47ms
2024-11-15 11:05:16,071 - fed_utils - INFO - load key [conv2.weight].length : 2400, cost time : 0m:0s:0ms
2024-11-15 11:05:16,071 - fed_utils - INFO - load key [conv2.bias].length : 16, cost time : 0m:0s:0ms
2024-11-15 11:05:16,072 - fed_utils - INFO - load key [fc1.weight].length : 48000, cost time : 0m:0s:0ms
2024-11-15 11:05:16,072 - fed_utils - INFO - load key [fc1.bias].length : 120, cost time : 0m:0s:0ms
2024-11-15 11:05:16,072 - fed_utils - INFO - load key [fc2.weight].length : 10080, cost time : 0m:0s:0ms
2024-11-15 11:05:16,072 - fed_utils - INFO - load key [fc2.bias].length : 84, cost time : 0m:0s:0ms
2024-11-15 11:05:22,693 - fed_utils - INFO - encrypting key [fc3.weight].length : 840, cost time : 0m:6s:620ms
2024-11-15 11:05:22,773 - fed_utils - INFO - encrypting key [fc3.bias].length : 10, cost time : 0m:0s:79ms
2024-11-15 11:05:22,773 - fl_main - INFO - Server receive client_dict[f_00011] info ...
2024-11-15 11:05:22,773 - fl_main - INFO - ----- client id [f_00012] -----
2024-11-15 11:05:22,774 - client_base - INFO - recover model cost time : 0m:0s:0ms
2024-11-15 11:05:23,566 - fl_main - INFO - global round [16] client_dict[f_00012].accuracy : 0.901400
2024-11-15 11:05:23,566 - fl_main - INFO - client_dict[f_00012] training ...
2024-11-15 11:05:23,567 - client_base - INFO - client_dict[f_00012] training epoch : 0
2024-11-15 11:05:23,951 - client_base - INFO - local model train cost time : 0m:0s:384ms
2024-11-15 11:05:23,953 - client_base - INFO - model encode time : 0m:0s:1ms
2024-11-15 11:05:23,953 - fl_main - INFO - client_dict[f_00012] local model encrypting ...
2024-11-15 11:05:25,135 - fed_utils - INFO - encrypting key [conv1.weight].length : 150, cost time : 0m:1s:181ms
2024-11-15 11:05:25,183 - fed_utils - INFO - encrypting key [conv1.bias].length : 6, cost time : 0m:0s:47ms
2024-11-15 11:05:25,183 - fed_utils - INFO - load key [conv2.weight].length : 2400, cost time : 0m:0s:0ms
2024-11-15 11:05:25,183 - fed_utils - INFO - load key [conv2.bias].length : 16, cost time : 0m:0s:0ms
2024-11-15 11:05:25,184 - fed_utils - INFO - load key [fc1.weight].length : 48000, cost time : 0m:0s:0ms
2024-11-15 11:05:25,184 - fed_utils - INFO - load key [fc1.bias].length : 120, cost time : 0m:0s:0ms
2024-11-15 11:05:25,184 - fed_utils - INFO - load key [fc2.weight].length : 10080, cost time : 0m:0s:0ms
2024-11-15 11:05:25,185 - fed_utils - INFO - load key [fc2.bias].length : 84, cost time : 0m:0s:0ms
2024-11-15 11:05:31,815 - fed_utils - INFO - encrypting key [fc3.weight].length : 840, cost time : 0m:6s:630ms
2024-11-15 11:05:31,894 - fed_utils - INFO - encrypting key [fc3.bias].length : 10, cost time : 0m:0s:78ms
2024-11-15 11:05:31,895 - fl_main - INFO - Server receive client_dict[f_00012] info ...
2024-11-15 11:05:31,895 - fl_main - INFO - ----- client id [f_00013] -----
2024-11-15 11:05:31,896 - client_base - INFO - recover model cost time : 0m:0s:0ms
2024-11-15 11:05:31,896 - fl_main - INFO - client_dict[f_00013] training ...
2024-11-15 11:05:31,897 - client_base - INFO - client_dict[f_00013] training epoch : 0
2024-11-15 11:05:32,278 - client_base - INFO - local model train cost time : 0m:0s:380ms
2024-11-15 11:05:32,279 - client_base - INFO - model encode time : 0m:0s:1ms
2024-11-15 11:05:32,279 - fl_main - INFO - client_dict[f_00013] local model encrypting ...
2024-11-15 11:05:33,462 - fed_utils - INFO - encrypting key [conv1.weight].length : 150, cost time : 0m:1s:182ms
2024-11-15 11:05:33,510 - fed_utils - INFO - encrypting key [conv1.bias].length : 6, cost time : 0m:0s:47ms
2024-11-15 11:05:33,510 - fed_utils - INFO - load key [conv2.weight].length : 2400, cost time : 0m:0s:0ms
2024-11-15 11:05:33,510 - fed_utils - INFO - load key [conv2.bias].length : 16, cost time : 0m:0s:0ms
2024-11-15 11:05:33,511 - fed_utils - INFO - load key [fc1.weight].length : 48000, cost time : 0m:0s:0ms
2024-11-15 11:05:33,511 - fed_utils - INFO - load key [fc1.bias].length : 120, cost time : 0m:0s:0ms
2024-11-15 11:05:33,511 - fed_utils - INFO - load key [fc2.weight].length : 10080, cost time : 0m:0s:0ms
2024-11-15 11:05:33,511 - fed_utils - INFO - load key [fc2.bias].length : 84, cost time : 0m:0s:0ms
2024-11-15 11:05:40,129 - fed_utils - INFO - encrypting key [fc3.weight].length : 840, cost time : 0m:6s:617ms
2024-11-15 11:05:40,208 - fed_utils - INFO - encrypting key [fc3.bias].length : 10, cost time : 0m:0s:79ms
2024-11-15 11:05:40,208 - fl_main - INFO - Server receive client_dict[f_00013] info ...
2024-11-15 11:05:40,208 - fl_main - INFO - ----- client id [f_00014] -----
2024-11-15 11:05:40,209 - client_base - INFO - recover model cost time : 0m:0s:0ms
2024-11-15 11:05:40,209 - fl_main - INFO - client_dict[f_00014] training ...
2024-11-15 11:05:40,210 - client_base - INFO - client_dict[f_00014] training epoch : 0
2024-11-15 11:05:40,606 - client_base - INFO - local model train cost time : 0m:0s:396ms
2024-11-15 11:05:40,608 - client_base - INFO - model encode time : 0m:0s:1ms
2024-11-15 11:05:40,608 - fl_main - INFO - client_dict[f_00014] local model encrypting ...
2024-11-15 11:05:41,791 - fed_utils - INFO - encrypting key [conv1.weight].length : 150, cost time : 0m:1s:183ms
2024-11-15 11:05:41,839 - fed_utils - INFO - encrypting key [conv1.bias].length : 6, cost time : 0m:0s:47ms
2024-11-15 11:05:41,839 - fed_utils - INFO - load key [conv2.weight].length : 2400, cost time : 0m:0s:0ms
2024-11-15 11:05:41,839 - fed_utils - INFO - load key [conv2.bias].length : 16, cost time : 0m:0s:0ms
2024-11-15 11:05:41,840 - fed_utils - INFO - load key [fc1.weight].length : 48000, cost time : 0m:0s:0ms
2024-11-15 11:05:41,840 - fed_utils - INFO - load key [fc1.bias].length : 120, cost time : 0m:0s:0ms
2024-11-15 11:05:41,841 - fed_utils - INFO - load key [fc2.weight].length : 10080, cost time : 0m:0s:0ms
2024-11-15 11:05:41,841 - fed_utils - INFO - load key [fc2.bias].length : 84, cost time : 0m:0s:0ms
2024-11-15 11:05:48,458 - fed_utils - INFO - encrypting key [fc3.weight].length : 840, cost time : 0m:6s:617ms
2024-11-15 11:05:48,537 - fed_utils - INFO - encrypting key [fc3.bias].length : 10, cost time : 0m:0s:78ms
2024-11-15 11:05:48,537 - fl_main - INFO - Server receive client_dict[f_00014] info ...
2024-11-15 11:05:48,537 - fl_main - INFO - ----- client id [f_00015] -----
2024-11-15 11:05:48,539 - client_base - INFO - recover model cost time : 0m:0s:0ms
2024-11-15 11:05:48,539 - fl_main - INFO - client_dict[f_00015] training ...
2024-11-15 11:05:48,540 - client_base - INFO - client_dict[f_00015] training epoch : 0
2024-11-15 11:05:48,921 - client_base - INFO - local model train cost time : 0m:0s:381ms
2024-11-15 11:05:48,923 - client_base - INFO - model encode time : 0m:0s:1ms
2024-11-15 11:05:48,923 - fl_main - INFO - client_dict[f_00015] local model encrypting ...
2024-11-15 11:05:50,106 - fed_utils - INFO - encrypting key [conv1.weight].length : 150, cost time : 0m:1s:182ms
2024-11-15 11:05:50,153 - fed_utils - INFO - encrypting key [conv1.bias].length : 6, cost time : 0m:0s:47ms
2024-11-15 11:05:50,153 - fed_utils - INFO - load key [conv2.weight].length : 2400, cost time : 0m:0s:0ms
2024-11-15 11:05:50,153 - fed_utils - INFO - load key [conv2.bias].length : 16, cost time : 0m:0s:0ms
2024-11-15 11:05:50,154 - fed_utils - INFO - load key [fc1.weight].length : 48000, cost time : 0m:0s:0ms
2024-11-15 11:05:50,154 - fed_utils - INFO - load key [fc1.bias].length : 120, cost time : 0m:0s:0ms
2024-11-15 11:05:50,155 - fed_utils - INFO - load key [fc2.weight].length : 10080, cost time : 0m:0s:0ms
2024-11-15 11:05:50,155 - fed_utils - INFO - load key [fc2.bias].length : 84, cost time : 0m:0s:0ms
2024-11-15 11:05:56,781 - fed_utils - INFO - encrypting key [fc3.weight].length : 840, cost time : 0m:6s:626ms
2024-11-15 11:05:56,860 - fed_utils - INFO - encrypting key [fc3.bias].length : 10, cost time : 0m:0s:78ms
2024-11-15 11:05:56,861 - fl_main - INFO - Server receive client_dict[f_00015] info ...
2024-11-15 11:05:56,861 - fl_main - INFO - ----- client id [f_00016] -----
2024-11-15 11:05:56,862 - client_base - INFO - recover model cost time : 0m:0s:0ms
2024-11-15 11:05:56,862 - fl_main - INFO - client_dict[f_00016] training ...
2024-11-15 11:05:56,863 - client_base - INFO - client_dict[f_00016] training epoch : 0
2024-11-15 11:05:57,247 - client_base - INFO - local model train cost time : 0m:0s:384ms
2024-11-15 11:05:57,248 - client_base - INFO - model encode time : 0m:0s:1ms
2024-11-15 11:05:57,249 - fl_main - INFO - client_dict[f_00016] local model encrypting ...
2024-11-15 11:05:58,435 - fed_utils - INFO - encrypting key [conv1.weight].length : 150, cost time : 0m:1s:186ms
2024-11-15 11:05:58,483 - fed_utils - INFO - encrypting key [conv1.bias].length : 6, cost time : 0m:0s:47ms
2024-11-15 11:05:58,483 - fed_utils - INFO - load key [conv2.weight].length : 2400, cost time : 0m:0s:0ms
2024-11-15 11:05:58,483 - fed_utils - INFO - load key [conv2.bias].length : 16, cost time : 0m:0s:0ms
2024-11-15 11:05:58,484 - fed_utils - INFO - load key [fc1.weight].length : 48000, cost time : 0m:0s:1ms
2024-11-15 11:05:58,484 - fed_utils - INFO - load key [fc1.bias].length : 120, cost time : 0m:0s:0ms
2024-11-15 11:05:58,485 - fed_utils - INFO - load key [fc2.weight].length : 10080, cost time : 0m:0s:0ms
2024-11-15 11:05:58,485 - fed_utils - INFO - load key [fc2.bias].length : 84, cost time : 0m:0s:0ms
2024-11-15 11:06:05,120 - fed_utils - INFO - encrypting key [fc3.weight].length : 840, cost time : 0m:6s:635ms
2024-11-15 11:06:05,200 - fed_utils - INFO - encrypting key [fc3.bias].length : 10, cost time : 0m:0s:79ms
2024-11-15 11:06:05,200 - fl_main - INFO - Server receive client_dict[f_00016] info ...
2024-11-15 11:06:05,200 - fl_main - INFO - ----- client id [f_00017] -----
2024-11-15 11:06:05,201 - client_base - INFO - recover model cost time : 0m:0s:0ms
2024-11-15 11:06:05,201 - fl_main - INFO - client_dict[f_00017] training ...
2024-11-15 11:06:05,202 - client_base - INFO - client_dict[f_00017] training epoch : 0
2024-11-15 11:06:05,596 - client_base - INFO - local model train cost time : 0m:0s:394ms
2024-11-15 11:06:05,598 - client_base - INFO - model encode time : 0m:0s:1ms
2024-11-15 11:06:05,598 - fl_main - INFO - client_dict[f_00017] local model encrypting ...
2024-11-15 11:06:06,779 - fed_utils - INFO - encrypting key [conv1.weight].length : 150, cost time : 0m:1s:181ms
2024-11-15 11:06:06,827 - fed_utils - INFO - encrypting key [conv1.bias].length : 6, cost time : 0m:0s:47ms
2024-11-15 11:06:06,827 - fed_utils - INFO - load key [conv2.weight].length : 2400, cost time : 0m:0s:0ms
2024-11-15 11:06:06,827 - fed_utils - INFO - load key [conv2.bias].length : 16, cost time : 0m:0s:0ms
2024-11-15 11:06:06,829 - fed_utils - INFO - load key [fc1.weight].length : 48000, cost time : 0m:0s:1ms
2024-11-15 11:06:06,829 - fed_utils - INFO - load key [fc1.bias].length : 120, cost time : 0m:0s:0ms
2024-11-15 11:06:06,829 - fed_utils - INFO - load key [fc2.weight].length : 10080, cost time : 0m:0s:0ms
2024-11-15 11:06:06,829 - fed_utils - INFO - load key [fc2.bias].length : 84, cost time : 0m:0s:0ms
2024-11-15 11:06:13,451 - fed_utils - INFO - encrypting key [fc3.weight].length : 840, cost time : 0m:6s:621ms
2024-11-15 11:06:13,530 - fed_utils - INFO - encrypting key [fc3.bias].length : 10, cost time : 0m:0s:79ms
2024-11-15 11:06:13,531 - fl_main - INFO - Server receive client_dict[f_00017] info ...
2024-11-15 11:06:13,531 - fl_main - INFO - ----- client id [f_00018] -----
2024-11-15 11:06:13,532 - client_base - INFO - recover model cost time : 0m:0s:0ms
2024-11-15 11:06:13,532 - fl_main - INFO - client_dict[f_00018] training ...
2024-11-15 11:06:13,533 - client_base - INFO - client_dict[f_00018] training epoch : 0
2024-11-15 11:06:13,928 - client_base - INFO - local model train cost time : 0m:0s:395ms
2024-11-15 11:06:13,930 - client_base - INFO - model encode time : 0m:0s:1ms
2024-11-15 11:06:13,930 - fl_main - INFO - client_dict[f_00018] local model encrypting ...
2024-11-15 11:06:15,111 - fed_utils - INFO - encrypting key [conv1.weight].length : 150, cost time : 0m:1s:181ms
2024-11-15 11:06:15,159 - fed_utils - INFO - encrypting key [conv1.bias].length : 6, cost time : 0m:0s:47ms
2024-11-15 11:06:15,159 - fed_utils - INFO - load key [conv2.weight].length : 2400, cost time : 0m:0s:0ms
2024-11-15 11:06:15,159 - fed_utils - INFO - load key [conv2.bias].length : 16, cost time : 0m:0s:0ms
2024-11-15 11:06:15,160 - fed_utils - INFO - load key [fc1.weight].length : 48000, cost time : 0m:0s:1ms
2024-11-15 11:06:15,160 - fed_utils - INFO - load key [fc1.bias].length : 120, cost time : 0m:0s:0ms
2024-11-15 11:06:15,161 - fed_utils - INFO - load key [fc2.weight].length : 10080, cost time : 0m:0s:0ms
2024-11-15 11:06:15,161 - fed_utils - INFO - load key [fc2.bias].length : 84, cost time : 0m:0s:0ms
2024-11-15 11:06:21,773 - fed_utils - INFO - encrypting key [fc3.weight].length : 840, cost time : 0m:6s:612ms
2024-11-15 11:06:21,852 - fed_utils - INFO - encrypting key [fc3.bias].length : 10, cost time : 0m:0s:78ms
2024-11-15 11:06:21,852 - fl_main - INFO - Server receive client_dict[f_00018] info ...
2024-11-15 11:06:21,852 - fl_main - INFO - ----- client id [f_00019] -----
2024-11-15 11:06:21,853 - client_base - INFO - recover model cost time : 0m:0s:0ms
2024-11-15 11:06:21,854 - fl_main - INFO - client_dict[f_00019] training ...
2024-11-15 11:06:21,854 - client_base - INFO - client_dict[f_00019] training epoch : 0
2024-11-15 11:06:22,249 - client_base - INFO - local model train cost time : 0m:0s:394ms
2024-11-15 11:06:22,251 - client_base - INFO - model encode time : 0m:0s:1ms
2024-11-15 11:06:22,251 - fl_main - INFO - client_dict[f_00019] local model encrypting ...
2024-11-15 11:06:23,432 - fed_utils - INFO - encrypting key [conv1.weight].length : 150, cost time : 0m:1s:181ms
2024-11-15 11:06:23,480 - fed_utils - INFO - encrypting key [conv1.bias].length : 6, cost time : 0m:0s:47ms
2024-11-15 11:06:23,480 - fed_utils - INFO - load key [conv2.weight].length : 2400, cost time : 0m:0s:0ms
2024-11-15 11:06:23,480 - fed_utils - INFO - load key [conv2.bias].length : 16, cost time : 0m:0s:0ms
2024-11-15 11:06:23,481 - fed_utils - INFO - load key [fc1.weight].length : 48000, cost time : 0m:0s:1ms
2024-11-15 11:06:23,481 - fed_utils - INFO - load key [fc1.bias].length : 120, cost time : 0m:0s:0ms
2024-11-15 11:06:23,482 - fed_utils - INFO - load key [fc2.weight].length : 10080, cost time : 0m:0s:0ms
2024-11-15 11:06:23,482 - fed_utils - INFO - load key [fc2.bias].length : 84, cost time : 0m:0s:0ms
2024-11-15 11:06:30,099 - fed_utils - INFO - encrypting key [fc3.weight].length : 840, cost time : 0m:6s:617ms
2024-11-15 11:06:30,179 - fed_utils - INFO - encrypting key [fc3.bias].length : 10, cost time : 0m:0s:79ms
2024-11-15 11:06:30,179 - fl_main - INFO - Server receive client_dict[f_00019] info ...
2024-11-15 11:06:30,179 - fl_main - INFO - global aggregation process ...
2024-11-15 11:06:30,179 - fed_utils - INFO - server.n_data : 60000
2024-11-15 11:06:30,179 - fed_utils - INFO - client_dict[f_00000].weight : 0.050000
2024-11-15 11:06:30,179 - fed_utils - INFO - client_dict[f_00001].weight : 0.050000
2024-11-15 11:06:30,179 - fed_utils - INFO - client_dict[f_00002].weight : 0.050000
2024-11-15 11:06:30,179 - fed_utils - INFO - client_dict[f_00003].weight : 0.050000
2024-11-15 11:06:30,179 - fed_utils - INFO - client_dict[f_00004].weight : 0.050000
2024-11-15 11:06:30,179 - fed_utils - INFO - client_dict[f_00005].weight : 0.050000
2024-11-15 11:06:30,179 - fed_utils - INFO - client_dict[f_00006].weight : 0.050000
2024-11-15 11:06:30,180 - fed_utils - INFO - client_dict[f_00007].weight : 0.050000
2024-11-15 11:06:30,180 - fed_utils - INFO - client_dict[f_00008].weight : 0.050000
2024-11-15 11:06:30,180 - fed_utils - INFO - client_dict[f_00009].weight : 0.050000
2024-11-15 11:06:30,180 - fed_utils - INFO - client_dict[f_00010].weight : 0.050000
2024-11-15 11:06:30,180 - fed_utils - INFO - client_dict[f_00011].weight : 0.050000
2024-11-15 11:06:30,180 - fed_utils - INFO - client_dict[f_00012].weight : 0.050000
2024-11-15 11:06:30,180 - fed_utils - INFO - client_dict[f_00013].weight : 0.050000
2024-11-15 11:06:30,180 - fed_utils - INFO - client_dict[f_00014].weight : 0.050000
2024-11-15 11:06:30,180 - fed_utils - INFO - client_dict[f_00015].weight : 0.050000
2024-11-15 11:06:30,180 - fed_utils - INFO - client_dict[f_00016].weight : 0.050000
2024-11-15 11:06:30,180 - fed_utils - INFO - client_dict[f_00017].weight : 0.050000
2024-11-15 11:06:30,180 - fed_utils - INFO - client_dict[f_00018].weight : 0.050000
2024-11-15 11:06:30,180 - fed_utils - INFO - client_dict[f_00019].weight : 0.050000
2024-11-15 11:06:30,180 - fed_utils - INFO - recover secret number by clients: 789319.750000
2024-11-15 11:06:30,180 - server_base - INFO - Server aggregate model with homomorphic encryption ...
2024-11-15 11:06:36,868 - server_base - INFO - Server aggregate model done, cost time : 0m:6s:688ms
2024-11-15 11:06:37,209 - fed_utils - INFO - decrypting key [conv1.weight].shape [torch.Size([6, 1, 5, 5])]
2024-11-15 11:06:37,223 - fed_utils - INFO - decrypting key [conv1.bias].shape [torch.Size([6])]
2024-11-15 11:06:37,223 - fed_utils - INFO - decrypting key [conv2.weight].shape [torch.Size([16, 6, 5, 5])]
2024-11-15 11:06:37,223 - fed_utils - INFO - decrypting key [conv2.bias].shape [torch.Size([16])]
2024-11-15 11:06:37,223 - fed_utils - INFO - decrypting key [fc1.weight].shape [torch.Size([120, 400])]
2024-11-15 11:06:37,223 - fed_utils - INFO - decrypting key [fc1.bias].shape [torch.Size([120])]
2024-11-15 11:06:37,223 - fed_utils - INFO - decrypting key [fc2.weight].shape [torch.Size([84, 120])]
2024-11-15 11:06:37,224 - fed_utils - INFO - decrypting key [fc2.bias].shape [torch.Size([84])]
2024-11-15 11:06:39,131 - fed_utils - INFO - decrypting key [fc3.weight].shape [torch.Size([10, 84])]
2024-11-15 11:06:39,154 - fed_utils - INFO - decrypting key [fc3.bias].shape [torch.Size([10])]
2024-11-15 11:06:39,154 - fed_utils - INFO - decrypt time : [0m:2s:285ms]
2024-11-15 11:06:39,164 - fl_main - INFO - [global round : 16] aggregated model accuracy : 0.9014000000000001
2024-11-15 11:06:39,164 - fl_main - INFO - [global round : 16] aggregated model loss : 0.3986557229332493
2024-11-15 11:06:39,165 - fl_main - INFO - global round : 17
2024-11-15 11:06:39,165 - fl_main - INFO - the random client id to test accuracy : f_00011
2024-11-15 11:06:39,165 - fl_main - INFO - ----- client id [f_00000] -----
2024-11-15 11:06:39,166 - client_base - INFO - recover model cost time : 0m:0s:0ms
2024-11-15 11:06:39,166 - fl_main - INFO - client_dict[f_00000] training ...
2024-11-15 11:06:39,167 - client_base - INFO - client_dict[f_00000] training epoch : 0
2024-11-15 11:06:39,556 - client_base - INFO - local model train cost time : 0m:0s:388ms
2024-11-15 11:06:39,557 - client_base - INFO - model encode time : 0m:0s:1ms
2024-11-15 11:06:39,558 - fl_main - INFO - client_dict[f_00000] local model encrypting ...
2024-11-15 11:06:40,739 - fed_utils - INFO - encrypting key [conv1.weight].length : 150, cost time : 0m:1s:180ms
2024-11-15 11:06:40,787 - fed_utils - INFO - encrypting key [conv1.bias].length : 6, cost time : 0m:0s:47ms
2024-11-15 11:06:40,787 - fed_utils - INFO - load key [conv2.weight].length : 2400, cost time : 0m:0s:0ms
2024-11-15 11:06:40,787 - fed_utils - INFO - load key [conv2.bias].length : 16, cost time : 0m:0s:0ms
2024-11-15 11:06:40,788 - fed_utils - INFO - load key [fc1.weight].length : 48000, cost time : 0m:0s:1ms
2024-11-15 11:06:40,788 - fed_utils - INFO - load key [fc1.bias].length : 120, cost time : 0m:0s:0ms
2024-11-15 11:06:40,789 - fed_utils - INFO - load key [fc2.weight].length : 10080, cost time : 0m:0s:0ms
2024-11-15 11:06:40,789 - fed_utils - INFO - load key [fc2.bias].length : 84, cost time : 0m:0s:0ms
2024-11-15 11:06:47,555 - fed_utils - INFO - encrypting key [fc3.weight].length : 840, cost time : 0m:6s:766ms
2024-11-15 11:06:47,634 - fed_utils - INFO - encrypting key [fc3.bias].length : 10, cost time : 0m:0s:78ms
2024-11-15 11:06:47,635 - fl_main - INFO - Server receive client_dict[f_00000] info ...
2024-11-15 11:06:47,635 - fl_main - INFO - ----- client id [f_00001] -----
2024-11-15 11:06:47,636 - client_base - INFO - recover model cost time : 0m:0s:0ms
2024-11-15 11:06:47,637 - fl_main - INFO - client_dict[f_00001] training ...
2024-11-15 11:06:47,637 - client_base - INFO - client_dict[f_00001] training epoch : 0
2024-11-15 11:06:48,021 - client_base - INFO - local model train cost time : 0m:0s:384ms
2024-11-15 11:06:48,023 - client_base - INFO - model encode time : 0m:0s:1ms
2024-11-15 11:06:48,023 - fl_main - INFO - client_dict[f_00001] local model encrypting ...
2024-11-15 11:06:49,204 - fed_utils - INFO - encrypting key [conv1.weight].length : 150, cost time : 0m:1s:180ms
2024-11-15 11:06:49,252 - fed_utils - INFO - encrypting key [conv1.bias].length : 6, cost time : 0m:0s:47ms
2024-11-15 11:06:49,252 - fed_utils - INFO - load key [conv2.weight].length : 2400, cost time : 0m:0s:0ms
2024-11-15 11:06:49,252 - fed_utils - INFO - load key [conv2.bias].length : 16, cost time : 0m:0s:0ms
2024-11-15 11:06:49,253 - fed_utils - INFO - load key [fc1.weight].length : 48000, cost time : 0m:0s:0ms
2024-11-15 11:06:49,253 - fed_utils - INFO - load key [fc1.bias].length : 120, cost time : 0m:0s:0ms
2024-11-15 11:06:49,253 - fed_utils - INFO - load key [fc2.weight].length : 10080, cost time : 0m:0s:0ms
2024-11-15 11:06:49,253 - fed_utils - INFO - load key [fc2.bias].length : 84, cost time : 0m:0s:0ms
2024-11-15 11:06:55,868 - fed_utils - INFO - encrypting key [fc3.weight].length : 840, cost time : 0m:6s:614ms
2024-11-15 11:06:55,947 - fed_utils - INFO - encrypting key [fc3.bias].length : 10, cost time : 0m:0s:79ms
2024-11-15 11:06:55,947 - fl_main - INFO - Server receive client_dict[f_00001] info ...
2024-11-15 11:06:55,948 - fl_main - INFO - ----- client id [f_00002] -----
2024-11-15 11:06:55,949 - client_base - INFO - recover model cost time : 0m:0s:0ms
2024-11-15 11:06:55,949 - fl_main - INFO - client_dict[f_00002] training ...
2024-11-15 11:06:55,949 - client_base - INFO - client_dict[f_00002] training epoch : 0
2024-11-15 11:06:56,336 - client_base - INFO - local model train cost time : 0m:0s:386ms
2024-11-15 11:06:56,338 - client_base - INFO - model encode time : 0m:0s:1ms
2024-11-15 11:06:56,338 - fl_main - INFO - client_dict[f_00002] local model encrypting ...
2024-11-15 11:06:57,523 - fed_utils - INFO - encrypting key [conv1.weight].length : 150, cost time : 0m:1s:185ms
2024-11-15 11:06:57,571 - fed_utils - INFO - encrypting key [conv1.bias].length : 6, cost time : 0m:0s:47ms
2024-11-15 11:06:57,571 - fed_utils - INFO - load key [conv2.weight].length : 2400, cost time : 0m:0s:0ms
2024-11-15 11:06:57,572 - fed_utils - INFO - load key [conv2.bias].length : 16, cost time : 0m:0s:0ms
2024-11-15 11:06:57,573 - fed_utils - INFO - load key [fc1.weight].length : 48000, cost time : 0m:0s:0ms
2024-11-15 11:06:57,573 - fed_utils - INFO - load key [fc1.bias].length : 120, cost time : 0m:0s:0ms
2024-11-15 11:06:57,573 - fed_utils - INFO - load key [fc2.weight].length : 10080, cost time : 0m:0s:0ms
2024-11-15 11:06:57,573 - fed_utils - INFO - load key [fc2.bias].length : 84, cost time : 0m:0s:0ms
2024-11-15 11:07:04,208 - fed_utils - INFO - encrypting key [fc3.weight].length : 840, cost time : 0m:6s:635ms
2024-11-15 11:07:04,287 - fed_utils - INFO - encrypting key [fc3.bias].length : 10, cost time : 0m:0s:79ms
2024-11-15 11:07:04,287 - fl_main - INFO - Server receive client_dict[f_00002] info ...
2024-11-15 11:07:04,287 - fl_main - INFO - ----- client id [f_00003] -----
2024-11-15 11:07:04,289 - client_base - INFO - recover model cost time : 0m:0s:0ms
2024-11-15 11:07:04,289 - fl_main - INFO - client_dict[f_00003] training ...
2024-11-15 11:07:04,289 - client_base - INFO - client_dict[f_00003] training epoch : 0
2024-11-15 11:07:04,683 - client_base - INFO - local model train cost time : 0m:0s:393ms
2024-11-15 11:07:04,685 - client_base - INFO - model encode time : 0m:0s:1ms
2024-11-15 11:07:04,685 - fl_main - INFO - client_dict[f_00003] local model encrypting ...
2024-11-15 11:07:05,870 - fed_utils - INFO - encrypting key [conv1.weight].length : 150, cost time : 0m:1s:185ms
2024-11-15 11:07:05,918 - fed_utils - INFO - encrypting key [conv1.bias].length : 6, cost time : 0m:0s:47ms
2024-11-15 11:07:05,918 - fed_utils - INFO - load key [conv2.weight].length : 2400, cost time : 0m:0s:0ms
2024-11-15 11:07:05,918 - fed_utils - INFO - load key [conv2.bias].length : 16, cost time : 0m:0s:0ms
2024-11-15 11:07:05,919 - fed_utils - INFO - load key [fc1.weight].length : 48000, cost time : 0m:0s:0ms
2024-11-15 11:07:05,919 - fed_utils - INFO - load key [fc1.bias].length : 120, cost time : 0m:0s:0ms
2024-11-15 11:07:05,919 - fed_utils - INFO - load key [fc2.weight].length : 10080, cost time : 0m:0s:0ms
2024-11-15 11:07:05,919 - fed_utils - INFO - load key [fc2.bias].length : 84, cost time : 0m:0s:0ms
2024-11-15 11:07:12,548 - fed_utils - INFO - encrypting key [fc3.weight].length : 840, cost time : 0m:6s:628ms
2024-11-15 11:07:12,632 - fed_utils - INFO - encrypting key [fc3.bias].length : 10, cost time : 0m:0s:83ms
2024-11-15 11:07:12,632 - fl_main - INFO - Server receive client_dict[f_00003] info ...
2024-11-15 11:07:12,632 - fl_main - INFO - ----- client id [f_00004] -----
2024-11-15 11:07:12,635 - client_base - INFO - recover model cost time : 0m:0s:0ms
2024-11-15 11:07:12,635 - fl_main - INFO - client_dict[f_00004] training ...
2024-11-15 11:07:12,638 - client_base - INFO - client_dict[f_00004] training epoch : 0
2024-11-15 11:07:13,070 - client_base - INFO - local model train cost time : 0m:0s:431ms
2024-11-15 11:07:13,072 - client_base - INFO - model encode time : 0m:0s:1ms
2024-11-15 11:07:13,072 - fl_main - INFO - client_dict[f_00004] local model encrypting ...
2024-11-15 11:07:14,261 - fed_utils - INFO - encrypting key [conv1.weight].length : 150, cost time : 0m:1s:188ms
2024-11-15 11:07:14,309 - fed_utils - INFO - encrypting key [conv1.bias].length : 6, cost time : 0m:0s:47ms
2024-11-15 11:07:14,309 - fed_utils - INFO - load key [conv2.weight].length : 2400, cost time : 0m:0s:0ms
2024-11-15 11:07:14,309 - fed_utils - INFO - load key [conv2.bias].length : 16, cost time : 0m:0s:0ms
2024-11-15 11:07:14,310 - fed_utils - INFO - load key [fc1.weight].length : 48000, cost time : 0m:0s:0ms
2024-11-15 11:07:14,310 - fed_utils - INFO - load key [fc1.bias].length : 120, cost time : 0m:0s:0ms
2024-11-15 11:07:14,310 - fed_utils - INFO - load key [fc2.weight].length : 10080, cost time : 0m:0s:0ms
2024-11-15 11:07:14,310 - fed_utils - INFO - load key [fc2.bias].length : 84, cost time : 0m:0s:0ms
2024-11-15 11:07:20,962 - fed_utils - INFO - encrypting key [fc3.weight].length : 840, cost time : 0m:6s:651ms
2024-11-15 11:07:21,041 - fed_utils - INFO - encrypting key [fc3.bias].length : 10, cost time : 0m:0s:79ms
2024-11-15 11:07:21,041 - fl_main - INFO - Server receive client_dict[f_00004] info ...
2024-11-15 11:07:21,041 - fl_main - INFO - ----- client id [f_00005] -----
2024-11-15 11:07:21,043 - client_base - INFO - recover model cost time : 0m:0s:0ms
2024-11-15 11:07:21,043 - fl_main - INFO - client_dict[f_00005] training ...
2024-11-15 11:07:21,043 - client_base - INFO - client_dict[f_00005] training epoch : 0
2024-11-15 11:07:21,436 - client_base - INFO - local model train cost time : 0m:0s:392ms
2024-11-15 11:07:21,437 - client_base - INFO - model encode time : 0m:0s:1ms
2024-11-15 11:07:21,438 - fl_main - INFO - client_dict[f_00005] local model encrypting ...
2024-11-15 11:07:22,625 - fed_utils - INFO - encrypting key [conv1.weight].length : 150, cost time : 0m:1s:187ms
2024-11-15 11:07:22,673 - fed_utils - INFO - encrypting key [conv1.bias].length : 6, cost time : 0m:0s:48ms
2024-11-15 11:07:22,673 - fed_utils - INFO - load key [conv2.weight].length : 2400, cost time : 0m:0s:0ms
2024-11-15 11:07:22,673 - fed_utils - INFO - load key [conv2.bias].length : 16, cost time : 0m:0s:0ms
2024-11-15 11:07:22,674 - fed_utils - INFO - load key [fc1.weight].length : 48000, cost time : 0m:0s:0ms
2024-11-15 11:07:22,674 - fed_utils - INFO - load key [fc1.bias].length : 120, cost time : 0m:0s:0ms
2024-11-15 11:07:22,675 - fed_utils - INFO - load key [fc2.weight].length : 10080, cost time : 0m:0s:0ms
2024-11-15 11:07:22,675 - fed_utils - INFO - load key [fc2.bias].length : 84, cost time : 0m:0s:0ms
2024-11-15 11:07:29,318 - fed_utils - INFO - encrypting key [fc3.weight].length : 840, cost time : 0m:6s:642ms
2024-11-15 11:07:29,397 - fed_utils - INFO - encrypting key [fc3.bias].length : 10, cost time : 0m:0s:79ms
2024-11-15 11:07:29,397 - fl_main - INFO - Server receive client_dict[f_00005] info ...
2024-11-15 11:07:29,397 - fl_main - INFO - ----- client id [f_00006] -----
2024-11-15 11:07:29,398 - client_base - INFO - recover model cost time : 0m:0s:0ms
2024-11-15 11:07:29,398 - fl_main - INFO - client_dict[f_00006] training ...
2024-11-15 11:07:29,399 - client_base - INFO - client_dict[f_00006] training epoch : 0
2024-11-15 11:07:29,781 - client_base - INFO - local model train cost time : 0m:0s:381ms
2024-11-15 11:07:29,782 - client_base - INFO - model encode time : 0m:0s:1ms
2024-11-15 11:07:29,782 - fl_main - INFO - client_dict[f_00006] local model encrypting ...
2024-11-15 11:07:30,966 - fed_utils - INFO - encrypting key [conv1.weight].length : 150, cost time : 0m:1s:183ms
2024-11-15 11:07:31,014 - fed_utils - INFO - encrypting key [conv1.bias].length : 6, cost time : 0m:0s:47ms
2024-11-15 11:07:31,014 - fed_utils - INFO - load key [conv2.weight].length : 2400, cost time : 0m:0s:0ms
2024-11-15 11:07:31,014 - fed_utils - INFO - load key [conv2.bias].length : 16, cost time : 0m:0s:0ms
2024-11-15 11:07:31,015 - fed_utils - INFO - load key [fc1.weight].length : 48000, cost time : 0m:0s:0ms
2024-11-15 11:07:31,015 - fed_utils - INFO - load key [fc1.bias].length : 120, cost time : 0m:0s:0ms
2024-11-15 11:07:31,015 - fed_utils - INFO - load key [fc2.weight].length : 10080, cost time : 0m:0s:0ms
2024-11-15 11:07:31,015 - fed_utils - INFO - load key [fc2.bias].length : 84, cost time : 0m:0s:0ms
2024-11-15 11:07:37,651 - fed_utils - INFO - encrypting key [fc3.weight].length : 840, cost time : 0m:6s:635ms
2024-11-15 11:07:37,730 - fed_utils - INFO - encrypting key [fc3.bias].length : 10, cost time : 0m:0s:78ms
2024-11-15 11:07:37,730 - fl_main - INFO - Server receive client_dict[f_00006] info ...
2024-11-15 11:07:37,730 - fl_main - INFO - ----- client id [f_00007] -----
2024-11-15 11:07:37,731 - client_base - INFO - recover model cost time : 0m:0s:0ms
2024-11-15 11:07:37,731 - fl_main - INFO - client_dict[f_00007] training ...
2024-11-15 11:07:37,732 - client_base - INFO - client_dict[f_00007] training epoch : 0
2024-11-15 11:07:38,112 - client_base - INFO - local model train cost time : 0m:0s:380ms
2024-11-15 11:07:38,114 - client_base - INFO - model encode time : 0m:0s:1ms
2024-11-15 11:07:38,114 - fl_main - INFO - client_dict[f_00007] local model encrypting ...
2024-11-15 11:07:39,297 - fed_utils - INFO - encrypting key [conv1.weight].length : 150, cost time : 0m:1s:183ms
2024-11-15 11:07:39,345 - fed_utils - INFO - encrypting key [conv1.bias].length : 6, cost time : 0m:0s:47ms
2024-11-15 11:07:39,345 - fed_utils - INFO - load key [conv2.weight].length : 2400, cost time : 0m:0s:0ms
2024-11-15 11:07:39,345 - fed_utils - INFO - load key [conv2.bias].length : 16, cost time : 0m:0s:0ms
2024-11-15 11:07:39,346 - fed_utils - INFO - load key [fc1.weight].length : 48000, cost time : 0m:0s:0ms
2024-11-15 11:07:39,346 - fed_utils - INFO - load key [fc1.bias].length : 120, cost time : 0m:0s:0ms
2024-11-15 11:07:39,347 - fed_utils - INFO - load key [fc2.weight].length : 10080, cost time : 0m:0s:0ms
2024-11-15 11:07:39,347 - fed_utils - INFO - load key [fc2.bias].length : 84, cost time : 0m:0s:0ms
2024-11-15 11:07:45,985 - fed_utils - INFO - encrypting key [fc3.weight].length : 840, cost time : 0m:6s:638ms
2024-11-15 11:07:46,065 - fed_utils - INFO - encrypting key [fc3.bias].length : 10, cost time : 0m:0s:78ms
2024-11-15 11:07:46,065 - fl_main - INFO - Server receive client_dict[f_00007] info ...
2024-11-15 11:07:46,065 - fl_main - INFO - ----- client id [f_00008] -----
2024-11-15 11:07:46,066 - client_base - INFO - recover model cost time : 0m:0s:0ms
2024-11-15 11:07:46,066 - fl_main - INFO - client_dict[f_00008] training ...
2024-11-15 11:07:46,067 - client_base - INFO - client_dict[f_00008] training epoch : 0
2024-11-15 11:07:46,455 - client_base - INFO - local model train cost time : 0m:0s:388ms
2024-11-15 11:07:46,457 - client_base - INFO - model encode time : 0m:0s:1ms
2024-11-15 11:07:46,457 - fl_main - INFO - client_dict[f_00008] local model encrypting ...
2024-11-15 11:07:47,640 - fed_utils - INFO - encrypting key [conv1.weight].length : 150, cost time : 0m:1s:183ms
2024-11-15 11:07:47,688 - fed_utils - INFO - encrypting key [conv1.bias].length : 6, cost time : 0m:0s:47ms
2024-11-15 11:07:47,688 - fed_utils - INFO - load key [conv2.weight].length : 2400, cost time : 0m:0s:0ms
2024-11-15 11:07:47,688 - fed_utils - INFO - load key [conv2.bias].length : 16, cost time : 0m:0s:0ms
2024-11-15 11:07:47,689 - fed_utils - INFO - load key [fc1.weight].length : 48000, cost time : 0m:0s:0ms
2024-11-15 11:07:47,689 - fed_utils - INFO - load key [fc1.bias].length : 120, cost time : 0m:0s:0ms
2024-11-15 11:07:47,689 - fed_utils - INFO - load key [fc2.weight].length : 10080, cost time : 0m:0s:0ms
2024-11-15 11:07:47,690 - fed_utils - INFO - load key [fc2.bias].length : 84, cost time : 0m:0s:0ms
2024-11-15 11:07:54,314 - fed_utils - INFO - encrypting key [fc3.weight].length : 840, cost time : 0m:6s:624ms
2024-11-15 11:07:54,393 - fed_utils - INFO - encrypting key [fc3.bias].length : 10, cost time : 0m:0s:78ms
2024-11-15 11:07:54,393 - fl_main - INFO - Server receive client_dict[f_00008] info ...
2024-11-15 11:07:54,394 - fl_main - INFO - ----- client id [f_00009] -----
2024-11-15 11:07:54,395 - client_base - INFO - recover model cost time : 0m:0s:0ms
2024-11-15 11:07:54,395 - fl_main - INFO - client_dict[f_00009] training ...
2024-11-15 11:07:54,395 - client_base - INFO - client_dict[f_00009] training epoch : 0
2024-11-15 11:07:54,776 - client_base - INFO - local model train cost time : 0m:0s:380ms
2024-11-15 11:07:54,777 - client_base - INFO - model encode time : 0m:0s:1ms
2024-11-15 11:07:54,777 - fl_main - INFO - client_dict[f_00009] local model encrypting ...
2024-11-15 11:07:55,961 - fed_utils - INFO - encrypting key [conv1.weight].length : 150, cost time : 0m:1s:183ms
2024-11-15 11:07:56,009 - fed_utils - INFO - encrypting key [conv1.bias].length : 6, cost time : 0m:0s:47ms
2024-11-15 11:07:56,009 - fed_utils - INFO - load key [conv2.weight].length : 2400, cost time : 0m:0s:0ms
2024-11-15 11:07:56,009 - fed_utils - INFO - load key [conv2.bias].length : 16, cost time : 0m:0s:0ms
2024-11-15 11:07:56,010 - fed_utils - INFO - load key [fc1.weight].length : 48000, cost time : 0m:0s:0ms
2024-11-15 11:07:56,010 - fed_utils - INFO - load key [fc1.bias].length : 120, cost time : 0m:0s:0ms
2024-11-15 11:07:56,010 - fed_utils - INFO - load key [fc2.weight].length : 10080, cost time : 0m:0s:0ms
2024-11-15 11:07:56,010 - fed_utils - INFO - load key [fc2.bias].length : 84, cost time : 0m:0s:0ms
2024-11-15 11:08:02,642 - fed_utils - INFO - encrypting key [fc3.weight].length : 840, cost time : 0m:6s:631ms
2024-11-15 11:08:02,721 - fed_utils - INFO - encrypting key [fc3.bias].length : 10, cost time : 0m:0s:79ms
2024-11-15 11:08:02,721 - fl_main - INFO - Server receive client_dict[f_00009] info ...
2024-11-15 11:08:02,721 - fl_main - INFO - ----- client id [f_00010] -----
2024-11-15 11:08:02,722 - client_base - INFO - recover model cost time : 0m:0s:0ms
2024-11-15 11:08:02,722 - fl_main - INFO - client_dict[f_00010] training ...
2024-11-15 11:08:02,723 - client_base - INFO - client_dict[f_00010] training epoch : 0
2024-11-15 11:08:03,116 - client_base - INFO - local model train cost time : 0m:0s:392ms
2024-11-15 11:08:03,117 - client_base - INFO - model encode time : 0m:0s:1ms
2024-11-15 11:08:03,117 - fl_main - INFO - client_dict[f_00010] local model encrypting ...
2024-11-15 11:08:04,299 - fed_utils - INFO - encrypting key [conv1.weight].length : 150, cost time : 0m:1s:182ms
2024-11-15 11:08:04,347 - fed_utils - INFO - encrypting key [conv1.bias].length : 6, cost time : 0m:0s:47ms
2024-11-15 11:08:04,347 - fed_utils - INFO - load key [conv2.weight].length : 2400, cost time : 0m:0s:0ms
2024-11-15 11:08:04,347 - fed_utils - INFO - load key [conv2.bias].length : 16, cost time : 0m:0s:0ms
2024-11-15 11:08:04,348 - fed_utils - INFO - load key [fc1.weight].length : 48000, cost time : 0m:0s:0ms
2024-11-15 11:08:04,349 - fed_utils - INFO - load key [fc1.bias].length : 120, cost time : 0m:0s:0ms
2024-11-15 11:08:04,349 - fed_utils - INFO - load key [fc2.weight].length : 10080, cost time : 0m:0s:0ms
2024-11-15 11:08:04,349 - fed_utils - INFO - load key [fc2.bias].length : 84, cost time : 0m:0s:0ms
2024-11-15 11:08:10,979 - fed_utils - INFO - encrypting key [fc3.weight].length : 840, cost time : 0m:6s:629ms
2024-11-15 11:08:11,058 - fed_utils - INFO - encrypting key [fc3.bias].length : 10, cost time : 0m:0s:79ms
2024-11-15 11:08:11,058 - fl_main - INFO - Server receive client_dict[f_00010] info ...
2024-11-15 11:08:11,058 - fl_main - INFO - ----- client id [f_00011] -----
2024-11-15 11:08:11,060 - client_base - INFO - recover model cost time : 0m:0s:0ms
2024-11-15 11:08:11,857 - fl_main - INFO - global round [17] client_dict[f_00011].accuracy : 0.908900
2024-11-15 11:08:11,857 - fl_main - INFO - client_dict[f_00011] training ...
2024-11-15 11:08:11,857 - client_base - INFO - client_dict[f_00011] training epoch : 0
2024-11-15 11:08:12,259 - client_base - INFO - local model train cost time : 0m:0s:402ms
2024-11-15 11:08:12,261 - client_base - INFO - model encode time : 0m:0s:1ms
2024-11-15 11:08:12,261 - fl_main - INFO - client_dict[f_00011] local model encrypting ...
2024-11-15 11:08:13,450 - fed_utils - INFO - encrypting key [conv1.weight].length : 150, cost time : 0m:1s:188ms
2024-11-15 11:08:13,498 - fed_utils - INFO - encrypting key [conv1.bias].length : 6, cost time : 0m:0s:48ms
2024-11-15 11:08:13,498 - fed_utils - INFO - load key [conv2.weight].length : 2400, cost time : 0m:0s:0ms
2024-11-15 11:08:13,498 - fed_utils - INFO - load key [conv2.bias].length : 16, cost time : 0m:0s:0ms
2024-11-15 11:08:13,499 - fed_utils - INFO - load key [fc1.weight].length : 48000, cost time : 0m:0s:0ms
2024-11-15 11:08:13,499 - fed_utils - INFO - load key [fc1.bias].length : 120, cost time : 0m:0s:0ms
2024-11-15 11:08:13,500 - fed_utils - INFO - load key [fc2.weight].length : 10080, cost time : 0m:0s:0ms
2024-11-15 11:08:13,500 - fed_utils - INFO - load key [fc2.bias].length : 84, cost time : 0m:0s:0ms
2024-11-15 11:08:20,141 - fed_utils - INFO - encrypting key [fc3.weight].length : 840, cost time : 0m:6s:640ms
2024-11-15 11:08:20,220 - fed_utils - INFO - encrypting key [fc3.bias].length : 10, cost time : 0m:0s:79ms
2024-11-15 11:08:20,220 - fl_main - INFO - Server receive client_dict[f_00011] info ...
2024-11-15 11:08:20,220 - fl_main - INFO - ----- client id [f_00012] -----
2024-11-15 11:08:20,221 - client_base - INFO - recover model cost time : 0m:0s:0ms
2024-11-15 11:08:20,222 - fl_main - INFO - client_dict[f_00012] training ...
2024-11-15 11:08:20,222 - client_base - INFO - client_dict[f_00012] training epoch : 0
2024-11-15 11:08:20,605 - client_base - INFO - local model train cost time : 0m:0s:382ms
2024-11-15 11:08:20,606 - client_base - INFO - model encode time : 0m:0s:1ms
2024-11-15 11:08:20,606 - fl_main - INFO - client_dict[f_00012] local model encrypting ...
2024-11-15 11:08:21,788 - fed_utils - INFO - encrypting key [conv1.weight].length : 150, cost time : 0m:1s:181ms
2024-11-15 11:08:21,836 - fed_utils - INFO - encrypting key [conv1.bias].length : 6, cost time : 0m:0s:48ms
2024-11-15 11:08:21,836 - fed_utils - INFO - load key [conv2.weight].length : 2400, cost time : 0m:0s:0ms
2024-11-15 11:08:21,836 - fed_utils - INFO - load key [conv2.bias].length : 16, cost time : 0m:0s:0ms
2024-11-15 11:08:21,837 - fed_utils - INFO - load key [fc1.weight].length : 48000, cost time : 0m:0s:0ms
2024-11-15 11:08:21,837 - fed_utils - INFO - load key [fc1.bias].length : 120, cost time : 0m:0s:0ms
2024-11-15 11:08:21,838 - fed_utils - INFO - load key [fc2.weight].length : 10080, cost time : 0m:0s:0ms
2024-11-15 11:08:21,838 - fed_utils - INFO - load key [fc2.bias].length : 84, cost time : 0m:0s:0ms
2024-11-15 11:08:28,685 - fed_utils - INFO - encrypting key [fc3.weight].length : 840, cost time : 0m:6s:847ms
2024-11-15 11:08:28,764 - fed_utils - INFO - encrypting key [fc3.bias].length : 10, cost time : 0m:0s:78ms
2024-11-15 11:08:28,764 - fl_main - INFO - Server receive client_dict[f_00012] info ...
2024-11-15 11:08:28,764 - fl_main - INFO - ----- client id [f_00013] -----
2024-11-15 11:08:28,767 - client_base - INFO - recover model cost time : 0m:0s:0ms
2024-11-15 11:08:28,767 - fl_main - INFO - client_dict[f_00013] training ...
2024-11-15 11:08:28,768 - client_base - INFO - client_dict[f_00013] training epoch : 0
2024-11-15 11:08:29,154 - client_base - INFO - local model train cost time : 0m:0s:386ms
2024-11-15 11:08:29,155 - client_base - INFO - model encode time : 0m:0s:1ms
2024-11-15 11:08:29,156 - fl_main - INFO - client_dict[f_00013] local model encrypting ...
2024-11-15 11:08:30,339 - fed_utils - INFO - encrypting key [conv1.weight].length : 150, cost time : 0m:1s:183ms
2024-11-15 11:08:30,388 - fed_utils - INFO - encrypting key [conv1.bias].length : 6, cost time : 0m:0s:48ms
2024-11-15 11:08:30,388 - fed_utils - INFO - load key [conv2.weight].length : 2400, cost time : 0m:0s:0ms
2024-11-15 11:08:30,388 - fed_utils - INFO - load key [conv2.bias].length : 16, cost time : 0m:0s:0ms
2024-11-15 11:08:30,389 - fed_utils - INFO - load key [fc1.weight].length : 48000, cost time : 0m:0s:0ms
2024-11-15 11:08:30,389 - fed_utils - INFO - load key [fc1.bias].length : 120, cost time : 0m:0s:0ms
2024-11-15 11:08:30,389 - fed_utils - INFO - load key [fc2.weight].length : 10080, cost time : 0m:0s:0ms
2024-11-15 11:08:30,389 - fed_utils - INFO - load key [fc2.bias].length : 84, cost time : 0m:0s:0ms
2024-11-15 11:08:37,007 - fed_utils - INFO - encrypting key [fc3.weight].length : 840, cost time : 0m:6s:617ms
2024-11-15 11:08:37,086 - fed_utils - INFO - encrypting key [fc3.bias].length : 10, cost time : 0m:0s:78ms
2024-11-15 11:08:37,086 - fl_main - INFO - Server receive client_dict[f_00013] info ...
2024-11-15 11:08:37,086 - fl_main - INFO - ----- client id [f_00014] -----
2024-11-15 11:08:37,087 - client_base - INFO - recover model cost time : 0m:0s:0ms
2024-11-15 11:08:37,087 - fl_main - INFO - client_dict[f_00014] training ...
2024-11-15 11:08:37,088 - client_base - INFO - client_dict[f_00014] training epoch : 0
2024-11-15 11:08:37,484 - client_base - INFO - local model train cost time : 0m:0s:395ms
2024-11-15 11:08:37,485 - client_base - INFO - model encode time : 0m:0s:1ms
2024-11-15 11:08:37,485 - fl_main - INFO - client_dict[f_00014] local model encrypting ...
2024-11-15 11:08:38,674 - fed_utils - INFO - encrypting key [conv1.weight].length : 150, cost time : 0m:1s:189ms
2024-11-15 11:08:38,722 - fed_utils - INFO - encrypting key [conv1.bias].length : 6, cost time : 0m:0s:47ms
2024-11-15 11:08:38,722 - fed_utils - INFO - load key [conv2.weight].length : 2400, cost time : 0m:0s:0ms
2024-11-15 11:08:38,722 - fed_utils - INFO - load key [conv2.bias].length : 16, cost time : 0m:0s:0ms
2024-11-15 11:08:38,723 - fed_utils - INFO - load key [fc1.weight].length : 48000, cost time : 0m:0s:0ms
2024-11-15 11:08:38,723 - fed_utils - INFO - load key [fc1.bias].length : 120, cost time : 0m:0s:0ms
2024-11-15 11:08:38,724 - fed_utils - INFO - load key [fc2.weight].length : 10080, cost time : 0m:0s:0ms
2024-11-15 11:08:38,724 - fed_utils - INFO - load key [fc2.bias].length : 84, cost time : 0m:0s:0ms
2024-11-15 11:08:45,364 - fed_utils - INFO - encrypting key [fc3.weight].length : 840, cost time : 0m:6s:639ms
2024-11-15 11:08:45,443 - fed_utils - INFO - encrypting key [fc3.bias].length : 10, cost time : 0m:0s:79ms
2024-11-15 11:08:45,443 - fl_main - INFO - Server receive client_dict[f_00014] info ...
2024-11-15 11:08:45,443 - fl_main - INFO - ----- client id [f_00015] -----
2024-11-15 11:08:45,444 - client_base - INFO - recover model cost time : 0m:0s:0ms
2024-11-15 11:08:45,444 - fl_main - INFO - client_dict[f_00015] training ...
2024-11-15 11:08:45,445 - client_base - INFO - client_dict[f_00015] training epoch : 0
2024-11-15 11:08:45,851 - client_base - INFO - local model train cost time : 0m:0s:406ms
2024-11-15 11:08:45,852 - client_base - INFO - model encode time : 0m:0s:1ms
2024-11-15 11:08:45,853 - fl_main - INFO - client_dict[f_00015] local model encrypting ...
2024-11-15 11:08:47,037 - fed_utils - INFO - encrypting key [conv1.weight].length : 150, cost time : 0m:1s:183ms
2024-11-15 11:08:47,085 - fed_utils - INFO - encrypting key [conv1.bias].length : 6, cost time : 0m:0s:47ms
2024-11-15 11:08:47,085 - fed_utils - INFO - load key [conv2.weight].length : 2400, cost time : 0m:0s:0ms
2024-11-15 11:08:47,085 - fed_utils - INFO - load key [conv2.bias].length : 16, cost time : 0m:0s:0ms
2024-11-15 11:08:47,086 - fed_utils - INFO - load key [fc1.weight].length : 48000, cost time : 0m:0s:0ms
2024-11-15 11:08:47,086 - fed_utils - INFO - load key [fc1.bias].length : 120, cost time : 0m:0s:0ms
2024-11-15 11:08:47,086 - fed_utils - INFO - load key [fc2.weight].length : 10080, cost time : 0m:0s:0ms
2024-11-15 11:08:47,086 - fed_utils - INFO - load key [fc2.bias].length : 84, cost time : 0m:0s:0ms
2024-11-15 11:08:53,727 - fed_utils - INFO - encrypting key [fc3.weight].length : 840, cost time : 0m:6s:640ms
2024-11-15 11:08:53,806 - fed_utils - INFO - encrypting key [fc3.bias].length : 10, cost time : 0m:0s:79ms
2024-11-15 11:08:53,806 - fl_main - INFO - Server receive client_dict[f_00015] info ...
2024-11-15 11:08:53,806 - fl_main - INFO - ----- client id [f_00016] -----
2024-11-15 11:08:53,807 - client_base - INFO - recover model cost time : 0m:0s:0ms
2024-11-15 11:08:53,808 - fl_main - INFO - client_dict[f_00016] training ...
2024-11-15 11:08:53,808 - client_base - INFO - client_dict[f_00016] training epoch : 0
2024-11-15 11:08:54,198 - client_base - INFO - local model train cost time : 0m:0s:389ms
2024-11-15 11:08:54,200 - client_base - INFO - model encode time : 0m:0s:1ms
2024-11-15 11:08:54,200 - fl_main - INFO - client_dict[f_00016] local model encrypting ...
2024-11-15 11:08:55,385 - fed_utils - INFO - encrypting key [conv1.weight].length : 150, cost time : 0m:1s:185ms
2024-11-15 11:08:55,434 - fed_utils - INFO - encrypting key [conv1.bias].length : 6, cost time : 0m:0s:48ms
2024-11-15 11:08:55,434 - fed_utils - INFO - load key [conv2.weight].length : 2400, cost time : 0m:0s:0ms
2024-11-15 11:08:55,434 - fed_utils - INFO - load key [conv2.bias].length : 16, cost time : 0m:0s:0ms
2024-11-15 11:08:55,435 - fed_utils - INFO - load key [fc1.weight].length : 48000, cost time : 0m:0s:0ms
2024-11-15 11:08:55,435 - fed_utils - INFO - load key [fc1.bias].length : 120, cost time : 0m:0s:0ms
2024-11-15 11:08:55,435 - fed_utils - INFO - load key [fc2.weight].length : 10080, cost time : 0m:0s:0ms
2024-11-15 11:08:55,435 - fed_utils - INFO - load key [fc2.bias].length : 84, cost time : 0m:0s:0ms
2024-11-15 11:09:02,056 - fed_utils - INFO - encrypting key [fc3.weight].length : 840, cost time : 0m:6s:620ms
2024-11-15 11:09:02,135 - fed_utils - INFO - encrypting key [fc3.bias].length : 10, cost time : 0m:0s:78ms
2024-11-15 11:09:02,136 - fl_main - INFO - Server receive client_dict[f_00016] info ...
2024-11-15 11:09:02,136 - fl_main - INFO - ----- client id [f_00017] -----
2024-11-15 11:09:02,137 - client_base - INFO - recover model cost time : 0m:0s:0ms
2024-11-15 11:09:02,137 - fl_main - INFO - client_dict[f_00017] training ...
2024-11-15 11:09:02,138 - client_base - INFO - client_dict[f_00017] training epoch : 0
2024-11-15 11:09:02,516 - client_base - INFO - local model train cost time : 0m:0s:378ms
2024-11-15 11:09:02,517 - client_base - INFO - model encode time : 0m:0s:1ms
2024-11-15 11:09:02,518 - fl_main - INFO - client_dict[f_00017] local model encrypting ...
2024-11-15 11:09:03,703 - fed_utils - INFO - encrypting key [conv1.weight].length : 150, cost time : 0m:1s:185ms
2024-11-15 11:09:03,751 - fed_utils - INFO - encrypting key [conv1.bias].length : 6, cost time : 0m:0s:47ms
2024-11-15 11:09:03,751 - fed_utils - INFO - load key [conv2.weight].length : 2400, cost time : 0m:0s:0ms
2024-11-15 11:09:03,751 - fed_utils - INFO - load key [conv2.bias].length : 16, cost time : 0m:0s:0ms
2024-11-15 11:09:03,752 - fed_utils - INFO - load key [fc1.weight].length : 48000, cost time : 0m:0s:1ms
2024-11-15 11:09:03,752 - fed_utils - INFO - load key [fc1.bias].length : 120, cost time : 0m:0s:0ms
2024-11-15 11:09:03,753 - fed_utils - INFO - load key [fc2.weight].length : 10080, cost time : 0m:0s:0ms
2024-11-15 11:09:03,753 - fed_utils - INFO - load key [fc2.bias].length : 84, cost time : 0m:0s:0ms
2024-11-15 11:09:10,389 - fed_utils - INFO - encrypting key [fc3.weight].length : 840, cost time : 0m:6s:636ms
2024-11-15 11:09:10,468 - fed_utils - INFO - encrypting key [fc3.bias].length : 10, cost time : 0m:0s:79ms
2024-11-15 11:09:10,468 - fl_main - INFO - Server receive client_dict[f_00017] info ...
2024-11-15 11:09:10,468 - fl_main - INFO - ----- client id [f_00018] -----
2024-11-15 11:09:10,469 - client_base - INFO - recover model cost time : 0m:0s:0ms
2024-11-15 11:09:10,469 - fl_main - INFO - client_dict[f_00018] training ...
2024-11-15 11:09:10,470 - client_base - INFO - client_dict[f_00018] training epoch : 0
2024-11-15 11:09:10,846 - client_base - INFO - local model train cost time : 0m:0s:375ms
2024-11-15 11:09:10,847 - client_base - INFO - model encode time : 0m:0s:1ms
2024-11-15 11:09:10,848 - fl_main - INFO - client_dict[f_00018] local model encrypting ...
2024-11-15 11:09:12,030 - fed_utils - INFO - encrypting key [conv1.weight].length : 150, cost time : 0m:1s:181ms
2024-11-15 11:09:12,078 - fed_utils - INFO - encrypting key [conv1.bias].length : 6, cost time : 0m:0s:47ms
2024-11-15 11:09:12,078 - fed_utils - INFO - load key [conv2.weight].length : 2400, cost time : 0m:0s:0ms
2024-11-15 11:09:12,078 - fed_utils - INFO - load key [conv2.bias].length : 16, cost time : 0m:0s:0ms
2024-11-15 11:09:12,079 - fed_utils - INFO - load key [fc1.weight].length : 48000, cost time : 0m:0s:1ms
2024-11-15 11:09:12,079 - fed_utils - INFO - load key [fc1.bias].length : 120, cost time : 0m:0s:0ms
2024-11-15 11:09:12,079 - fed_utils - INFO - load key [fc2.weight].length : 10080, cost time : 0m:0s:0ms
2024-11-15 11:09:12,079 - fed_utils - INFO - load key [fc2.bias].length : 84, cost time : 0m:0s:0ms
2024-11-15 11:09:18,710 - fed_utils - INFO - encrypting key [fc3.weight].length : 840, cost time : 0m:6s:630ms
2024-11-15 11:09:18,789 - fed_utils - INFO - encrypting key [fc3.bias].length : 10, cost time : 0m:0s:78ms
2024-11-15 11:09:18,789 - fl_main - INFO - Server receive client_dict[f_00018] info ...
2024-11-15 11:09:18,790 - fl_main - INFO - ----- client id [f_00019] -----
2024-11-15 11:09:18,791 - client_base - INFO - recover model cost time : 0m:0s:0ms
2024-11-15 11:09:18,791 - fl_main - INFO - client_dict[f_00019] training ...
2024-11-15 11:09:18,792 - client_base - INFO - client_dict[f_00019] training epoch : 0
2024-11-15 11:09:19,181 - client_base - INFO - local model train cost time : 0m:0s:388ms
2024-11-15 11:09:19,182 - client_base - INFO - model encode time : 0m:0s:1ms
2024-11-15 11:09:19,182 - fl_main - INFO - client_dict[f_00019] local model encrypting ...
2024-11-15 11:09:20,365 - fed_utils - INFO - encrypting key [conv1.weight].length : 150, cost time : 0m:1s:182ms
2024-11-15 11:09:20,412 - fed_utils - INFO - encrypting key [conv1.bias].length : 6, cost time : 0m:0s:47ms
2024-11-15 11:09:20,412 - fed_utils - INFO - load key [conv2.weight].length : 2400, cost time : 0m:0s:0ms
2024-11-15 11:09:20,412 - fed_utils - INFO - load key [conv2.bias].length : 16, cost time : 0m:0s:0ms
2024-11-15 11:09:20,414 - fed_utils - INFO - load key [fc1.weight].length : 48000, cost time : 0m:0s:1ms
2024-11-15 11:09:20,414 - fed_utils - INFO - load key [fc1.bias].length : 120, cost time : 0m:0s:0ms
2024-11-15 11:09:20,414 - fed_utils - INFO - load key [fc2.weight].length : 10080, cost time : 0m:0s:0ms
2024-11-15 11:09:20,414 - fed_utils - INFO - load key [fc2.bias].length : 84, cost time : 0m:0s:0ms
2024-11-15 11:09:27,027 - fed_utils - INFO - encrypting key [fc3.weight].length : 840, cost time : 0m:6s:612ms
2024-11-15 11:09:27,106 - fed_utils - INFO - encrypting key [fc3.bias].length : 10, cost time : 0m:0s:78ms
2024-11-15 11:09:27,106 - fl_main - INFO - Server receive client_dict[f_00019] info ...
2024-11-15 11:09:27,106 - fl_main - INFO - global aggregation process ...
2024-11-15 11:09:27,107 - fed_utils - INFO - server.n_data : 60000
2024-11-15 11:09:27,107 - fed_utils - INFO - client_dict[f_00000].weight : 0.050000
2024-11-15 11:09:27,107 - fed_utils - INFO - client_dict[f_00001].weight : 0.050000
2024-11-15 11:09:27,107 - fed_utils - INFO - client_dict[f_00002].weight : 0.050000
2024-11-15 11:09:27,107 - fed_utils - INFO - client_dict[f_00003].weight : 0.050000
2024-11-15 11:09:27,107 - fed_utils - INFO - client_dict[f_00004].weight : 0.050000
2024-11-15 11:09:27,107 - fed_utils - INFO - client_dict[f_00005].weight : 0.050000
2024-11-15 11:09:27,107 - fed_utils - INFO - client_dict[f_00006].weight : 0.050000
2024-11-15 11:09:27,107 - fed_utils - INFO - client_dict[f_00007].weight : 0.050000
2024-11-15 11:09:27,107 - fed_utils - INFO - client_dict[f_00008].weight : 0.050000
2024-11-15 11:09:27,107 - fed_utils - INFO - client_dict[f_00009].weight : 0.050000
2024-11-15 11:09:27,107 - fed_utils - INFO - client_dict[f_00010].weight : 0.050000
2024-11-15 11:09:27,107 - fed_utils - INFO - client_dict[f_00011].weight : 0.050000
2024-11-15 11:09:27,107 - fed_utils - INFO - client_dict[f_00012].weight : 0.050000
2024-11-15 11:09:27,107 - fed_utils - INFO - client_dict[f_00013].weight : 0.050000
2024-11-15 11:09:27,107 - fed_utils - INFO - client_dict[f_00014].weight : 0.050000
2024-11-15 11:09:27,107 - fed_utils - INFO - client_dict[f_00015].weight : 0.050000
2024-11-15 11:09:27,107 - fed_utils - INFO - client_dict[f_00016].weight : 0.050000
2024-11-15 11:09:27,107 - fed_utils - INFO - client_dict[f_00017].weight : 0.050000
2024-11-15 11:09:27,107 - fed_utils - INFO - client_dict[f_00018].weight : 0.050000
2024-11-15 11:09:27,107 - fed_utils - INFO - client_dict[f_00019].weight : 0.050000
2024-11-15 11:09:27,107 - fed_utils - INFO - recover secret number by clients: 789319.750000
2024-11-15 11:09:27,107 - server_base - INFO - Server aggregate model with homomorphic encryption ...
2024-11-15 11:09:34,041 - server_base - INFO - Server aggregate model done, cost time : 0m:6s:933ms
2024-11-15 11:09:34,382 - fed_utils - INFO - decrypting key [conv1.weight].shape [torch.Size([6, 1, 5, 5])]
2024-11-15 11:09:34,396 - fed_utils - INFO - decrypting key [conv1.bias].shape [torch.Size([6])]
2024-11-15 11:09:34,396 - fed_utils - INFO - decrypting key [conv2.weight].shape [torch.Size([16, 6, 5, 5])]
2024-11-15 11:09:34,396 - fed_utils - INFO - decrypting key [conv2.bias].shape [torch.Size([16])]
2024-11-15 11:09:34,396 - fed_utils - INFO - decrypting key [fc1.weight].shape [torch.Size([120, 400])]
2024-11-15 11:09:34,396 - fed_utils - INFO - decrypting key [fc1.bias].shape [torch.Size([120])]
2024-11-15 11:09:34,396 - fed_utils - INFO - decrypting key [fc2.weight].shape [torch.Size([84, 120])]
2024-11-15 11:09:34,396 - fed_utils - INFO - decrypting key [fc2.bias].shape [torch.Size([84])]
2024-11-15 11:09:36,304 - fed_utils - INFO - decrypting key [fc3.weight].shape [torch.Size([10, 84])]
2024-11-15 11:09:36,327 - fed_utils - INFO - decrypting key [fc3.bias].shape [torch.Size([10])]
2024-11-15 11:09:36,327 - fed_utils - INFO - decrypt time : [0m:2s:285ms]
2024-11-15 11:09:36,337 - fl_main - INFO - [global round : 17] aggregated model accuracy : 0.9089
2024-11-15 11:09:36,337 - fl_main - INFO - [global round : 17] aggregated model loss : 0.33632572455412946
2024-11-15 11:09:36,338 - fl_main - INFO - global round : 18
2024-11-15 11:09:36,338 - fl_main - INFO - the random client id to test accuracy : f_00014
2024-11-15 11:09:36,338 - fl_main - INFO - ----- client id [f_00000] -----
2024-11-15 11:09:36,339 - client_base - INFO - recover model cost time : 0m:0s:0ms
2024-11-15 11:09:36,340 - fl_main - INFO - client_dict[f_00000] training ...
2024-11-15 11:09:36,340 - client_base - INFO - client_dict[f_00000] training epoch : 0
2024-11-15 11:09:36,732 - client_base - INFO - local model train cost time : 0m:0s:391ms
2024-11-15 11:09:36,733 - client_base - INFO - model encode time : 0m:0s:1ms
2024-11-15 11:09:36,734 - fl_main - INFO - client_dict[f_00000] local model encrypting ...
2024-11-15 11:09:37,915 - fed_utils - INFO - encrypting key [conv1.weight].length : 150, cost time : 0m:1s:180ms
2024-11-15 11:09:37,962 - fed_utils - INFO - encrypting key [conv1.bias].length : 6, cost time : 0m:0s:47ms
2024-11-15 11:09:37,962 - fed_utils - INFO - load key [conv2.weight].length : 2400, cost time : 0m:0s:0ms
2024-11-15 11:09:37,962 - fed_utils - INFO - load key [conv2.bias].length : 16, cost time : 0m:0s:0ms
2024-11-15 11:09:37,964 - fed_utils - INFO - load key [fc1.weight].length : 48000, cost time : 0m:0s:1ms
2024-11-15 11:09:37,964 - fed_utils - INFO - load key [fc1.bias].length : 120, cost time : 0m:0s:0ms
2024-11-15 11:09:37,964 - fed_utils - INFO - load key [fc2.weight].length : 10080, cost time : 0m:0s:0ms
2024-11-15 11:09:37,964 - fed_utils - INFO - load key [fc2.bias].length : 84, cost time : 0m:0s:0ms
2024-11-15 11:09:44,729 - fed_utils - INFO - encrypting key [fc3.weight].length : 840, cost time : 0m:6s:764ms
2024-11-15 11:09:44,808 - fed_utils - INFO - encrypting key [fc3.bias].length : 10, cost time : 0m:0s:78ms
2024-11-15 11:09:44,809 - fl_main - INFO - Server receive client_dict[f_00000] info ...
2024-11-15 11:09:44,809 - fl_main - INFO - ----- client id [f_00001] -----
2024-11-15 11:09:44,810 - client_base - INFO - recover model cost time : 0m:0s:0ms
2024-11-15 11:09:44,810 - fl_main - INFO - client_dict[f_00001] training ...
2024-11-15 11:09:44,811 - client_base - INFO - client_dict[f_00001] training epoch : 0
2024-11-15 11:09:45,193 - client_base - INFO - local model train cost time : 0m:0s:382ms
2024-11-15 11:09:45,195 - client_base - INFO - model encode time : 0m:0s:1ms
2024-11-15 11:09:45,195 - fl_main - INFO - client_dict[f_00001] local model encrypting ...
2024-11-15 11:09:46,377 - fed_utils - INFO - encrypting key [conv1.weight].length : 150, cost time : 0m:1s:181ms
2024-11-15 11:09:46,425 - fed_utils - INFO - encrypting key [conv1.bias].length : 6, cost time : 0m:0s:47ms
2024-11-15 11:09:46,425 - fed_utils - INFO - load key [conv2.weight].length : 2400, cost time : 0m:0s:0ms
2024-11-15 11:09:46,425 - fed_utils - INFO - load key [conv2.bias].length : 16, cost time : 0m:0s:0ms
2024-11-15 11:09:46,426 - fed_utils - INFO - load key [fc1.weight].length : 48000, cost time : 0m:0s:0ms
2024-11-15 11:09:46,426 - fed_utils - INFO - load key [fc1.bias].length : 120, cost time : 0m:0s:0ms
2024-11-15 11:09:46,426 - fed_utils - INFO - load key [fc2.weight].length : 10080, cost time : 0m:0s:0ms
2024-11-15 11:09:46,426 - fed_utils - INFO - load key [fc2.bias].length : 84, cost time : 0m:0s:0ms
2024-11-15 11:09:53,043 - fed_utils - INFO - encrypting key [fc3.weight].length : 840, cost time : 0m:6s:616ms
2024-11-15 11:09:53,123 - fed_utils - INFO - encrypting key [fc3.bias].length : 10, cost time : 0m:0s:79ms
2024-11-15 11:09:53,123 - fl_main - INFO - Server receive client_dict[f_00001] info ...
2024-11-15 11:09:53,123 - fl_main - INFO - ----- client id [f_00002] -----
2024-11-15 11:09:53,124 - client_base - INFO - recover model cost time : 0m:0s:0ms
2024-11-15 11:09:53,124 - fl_main - INFO - client_dict[f_00002] training ...
2024-11-15 11:09:53,125 - client_base - INFO - client_dict[f_00002] training epoch : 0
2024-11-15 11:09:53,512 - client_base - INFO - local model train cost time : 0m:0s:387ms
2024-11-15 11:09:53,514 - client_base - INFO - model encode time : 0m:0s:1ms
2024-11-15 11:09:53,514 - fl_main - INFO - client_dict[f_00002] local model encrypting ...
2024-11-15 11:09:54,695 - fed_utils - INFO - encrypting key [conv1.weight].length : 150, cost time : 0m:1s:181ms
2024-11-15 11:09:54,743 - fed_utils - INFO - encrypting key [conv1.bias].length : 6, cost time : 0m:0s:47ms
2024-11-15 11:09:54,743 - fed_utils - INFO - load key [conv2.weight].length : 2400, cost time : 0m:0s:0ms
2024-11-15 11:09:54,743 - fed_utils - INFO - load key [conv2.bias].length : 16, cost time : 0m:0s:0ms
2024-11-15 11:09:54,744 - fed_utils - INFO - load key [fc1.weight].length : 48000, cost time : 0m:0s:1ms
2024-11-15 11:09:54,744 - fed_utils - INFO - load key [fc1.bias].length : 120, cost time : 0m:0s:0ms
2024-11-15 11:09:54,745 - fed_utils - INFO - load key [fc2.weight].length : 10080, cost time : 0m:0s:0ms
2024-11-15 11:09:54,745 - fed_utils - INFO - load key [fc2.bias].length : 84, cost time : 0m:0s:0ms
2024-11-15 11:10:01,365 - fed_utils - INFO - encrypting key [fc3.weight].length : 840, cost time : 0m:6s:619ms
2024-11-15 11:10:01,444 - fed_utils - INFO - encrypting key [fc3.bias].length : 10, cost time : 0m:0s:78ms
2024-11-15 11:10:01,444 - fl_main - INFO - Server receive client_dict[f_00002] info ...
2024-11-15 11:10:01,444 - fl_main - INFO - ----- client id [f_00003] -----
2024-11-15 11:10:01,445 - client_base - INFO - recover model cost time : 0m:0s:0ms
2024-11-15 11:10:01,445 - fl_main - INFO - client_dict[f_00003] training ...
2024-11-15 11:10:01,446 - client_base - INFO - client_dict[f_00003] training epoch : 0
2024-11-15 11:10:01,836 - client_base - INFO - local model train cost time : 0m:0s:389ms
2024-11-15 11:10:01,837 - client_base - INFO - model encode time : 0m:0s:1ms
2024-11-15 11:10:01,838 - fl_main - INFO - client_dict[f_00003] local model encrypting ...
2024-11-15 11:10:03,023 - fed_utils - INFO - encrypting key [conv1.weight].length : 150, cost time : 0m:1s:184ms
2024-11-15 11:10:03,071 - fed_utils - INFO - encrypting key [conv1.bias].length : 6, cost time : 0m:0s:47ms
2024-11-15 11:10:03,071 - fed_utils - INFO - load key [conv2.weight].length : 2400, cost time : 0m:0s:0ms
2024-11-15 11:10:03,071 - fed_utils - INFO - load key [conv2.bias].length : 16, cost time : 0m:0s:0ms
2024-11-15 11:10:03,072 - fed_utils - INFO - load key [fc1.weight].length : 48000, cost time : 0m:0s:0ms
2024-11-15 11:10:03,072 - fed_utils - INFO - load key [fc1.bias].length : 120, cost time : 0m:0s:0ms
2024-11-15 11:10:03,072 - fed_utils - INFO - load key [fc2.weight].length : 10080, cost time : 0m:0s:0ms
2024-11-15 11:10:03,072 - fed_utils - INFO - load key [fc2.bias].length : 84, cost time : 0m:0s:0ms
2024-11-15 11:10:09,688 - fed_utils - INFO - encrypting key [fc3.weight].length : 840, cost time : 0m:6s:615ms
2024-11-15 11:10:09,767 - fed_utils - INFO - encrypting key [fc3.bias].length : 10, cost time : 0m:0s:79ms
2024-11-15 11:10:09,767 - fl_main - INFO - Server receive client_dict[f_00003] info ...
2024-11-15 11:10:09,767 - fl_main - INFO - ----- client id [f_00004] -----
2024-11-15 11:10:09,769 - client_base - INFO - recover model cost time : 0m:0s:0ms
2024-11-15 11:10:09,769 - fl_main - INFO - client_dict[f_00004] training ...
2024-11-15 11:10:09,769 - client_base - INFO - client_dict[f_00004] training epoch : 0
2024-11-15 11:10:10,158 - client_base - INFO - local model train cost time : 0m:0s:388ms
2024-11-15 11:10:10,159 - client_base - INFO - model encode time : 0m:0s:1ms
2024-11-15 11:10:10,159 - fl_main - INFO - client_dict[f_00004] local model encrypting ...
2024-11-15 11:10:11,342 - fed_utils - INFO - encrypting key [conv1.weight].length : 150, cost time : 0m:1s:182ms
2024-11-15 11:10:11,390 - fed_utils - INFO - encrypting key [conv1.bias].length : 6, cost time : 0m:0s:47ms
2024-11-15 11:10:11,390 - fed_utils - INFO - load key [conv2.weight].length : 2400, cost time : 0m:0s:0ms
2024-11-15 11:10:11,390 - fed_utils - INFO - load key [conv2.bias].length : 16, cost time : 0m:0s:0ms
2024-11-15 11:10:11,391 - fed_utils - INFO - load key [fc1.weight].length : 48000, cost time : 0m:0s:1ms
2024-11-15 11:10:11,391 - fed_utils - INFO - load key [fc1.bias].length : 120, cost time : 0m:0s:0ms
2024-11-15 11:10:11,391 - fed_utils - INFO - load key [fc2.weight].length : 10080, cost time : 0m:0s:0ms
2024-11-15 11:10:11,391 - fed_utils - INFO - load key [fc2.bias].length : 84, cost time : 0m:0s:0ms
2024-11-15 11:10:18,016 - fed_utils - INFO - encrypting key [fc3.weight].length : 840, cost time : 0m:6s:625ms
2024-11-15 11:10:18,096 - fed_utils - INFO - encrypting key [fc3.bias].length : 10, cost time : 0m:0s:79ms
2024-11-15 11:10:18,096 - fl_main - INFO - Server receive client_dict[f_00004] info ...
2024-11-15 11:10:18,096 - fl_main - INFO - ----- client id [f_00005] -----
2024-11-15 11:10:18,097 - client_base - INFO - recover model cost time : 0m:0s:0ms
2024-11-15 11:10:18,097 - fl_main - INFO - client_dict[f_00005] training ...
2024-11-15 11:10:18,098 - client_base - INFO - client_dict[f_00005] training epoch : 0
2024-11-15 11:10:18,493 - client_base - INFO - local model train cost time : 0m:0s:394ms
2024-11-15 11:10:18,494 - client_base - INFO - model encode time : 0m:0s:1ms
2024-11-15 11:10:18,494 - fl_main - INFO - client_dict[f_00005] local model encrypting ...
2024-11-15 11:10:19,676 - fed_utils - INFO - encrypting key [conv1.weight].length : 150, cost time : 0m:1s:181ms
2024-11-15 11:10:19,724 - fed_utils - INFO - encrypting key [conv1.bias].length : 6, cost time : 0m:0s:47ms
2024-11-15 11:10:19,724 - fed_utils - INFO - load key [conv2.weight].length : 2400, cost time : 0m:0s:0ms
2024-11-15 11:10:19,724 - fed_utils - INFO - load key [conv2.bias].length : 16, cost time : 0m:0s:0ms
2024-11-15 11:10:19,725 - fed_utils - INFO - load key [fc1.weight].length : 48000, cost time : 0m:0s:0ms
2024-11-15 11:10:19,725 - fed_utils - INFO - load key [fc1.bias].length : 120, cost time : 0m:0s:0ms
2024-11-15 11:10:19,725 - fed_utils - INFO - load key [fc2.weight].length : 10080, cost time : 0m:0s:0ms
2024-11-15 11:10:19,725 - fed_utils - INFO - load key [fc2.bias].length : 84, cost time : 0m:0s:0ms
2024-11-15 11:10:26,337 - fed_utils - INFO - encrypting key [fc3.weight].length : 840, cost time : 0m:6s:611ms
2024-11-15 11:10:26,416 - fed_utils - INFO - encrypting key [fc3.bias].length : 10, cost time : 0m:0s:78ms
2024-11-15 11:10:26,416 - fl_main - INFO - Server receive client_dict[f_00005] info ...
2024-11-15 11:10:26,416 - fl_main - INFO - ----- client id [f_00006] -----
2024-11-15 11:10:26,417 - client_base - INFO - recover model cost time : 0m:0s:0ms
2024-11-15 11:10:26,417 - fl_main - INFO - client_dict[f_00006] training ...
2024-11-15 11:10:26,418 - client_base - INFO - client_dict[f_00006] training epoch : 0
2024-11-15 11:10:26,802 - client_base - INFO - local model train cost time : 0m:0s:383ms
2024-11-15 11:10:26,803 - client_base - INFO - model encode time : 0m:0s:1ms
2024-11-15 11:10:26,803 - fl_main - INFO - client_dict[f_00006] local model encrypting ...
2024-11-15 11:10:28,072 - fed_utils - INFO - encrypting key [conv1.weight].length : 150, cost time : 0m:1s:268ms
2024-11-15 11:10:28,120 - fed_utils - INFO - encrypting key [conv1.bias].length : 6, cost time : 0m:0s:47ms
2024-11-15 11:10:28,120 - fed_utils - INFO - load key [conv2.weight].length : 2400, cost time : 0m:0s:0ms
2024-11-15 11:10:28,120 - fed_utils - INFO - load key [conv2.bias].length : 16, cost time : 0m:0s:0ms
2024-11-15 11:10:28,121 - fed_utils - INFO - load key [fc1.weight].length : 48000, cost time : 0m:0s:0ms
2024-11-15 11:10:28,121 - fed_utils - INFO - load key [fc1.bias].length : 120, cost time : 0m:0s:0ms
2024-11-15 11:10:28,121 - fed_utils - INFO - load key [fc2.weight].length : 10080, cost time : 0m:0s:0ms
2024-11-15 11:10:28,121 - fed_utils - INFO - load key [fc2.bias].length : 84, cost time : 0m:0s:0ms
2024-11-15 11:10:34,737 - fed_utils - INFO - encrypting key [fc3.weight].length : 840, cost time : 0m:6s:616ms
2024-11-15 11:10:34,816 - fed_utils - INFO - encrypting key [fc3.bias].length : 10, cost time : 0m:0s:78ms
2024-11-15 11:10:34,816 - fl_main - INFO - Server receive client_dict[f_00006] info ...
2024-11-15 11:10:34,817 - fl_main - INFO - ----- client id [f_00007] -----
2024-11-15 11:10:34,818 - client_base - INFO - recover model cost time : 0m:0s:0ms
2024-11-15 11:10:34,818 - fl_main - INFO - client_dict[f_00007] training ...
2024-11-15 11:10:34,818 - client_base - INFO - client_dict[f_00007] training epoch : 0
2024-11-15 11:10:35,197 - client_base - INFO - local model train cost time : 0m:0s:378ms
2024-11-15 11:10:35,199 - client_base - INFO - model encode time : 0m:0s:1ms
2024-11-15 11:10:35,199 - fl_main - INFO - client_dict[f_00007] local model encrypting ...
2024-11-15 11:10:36,380 - fed_utils - INFO - encrypting key [conv1.weight].length : 150, cost time : 0m:1s:181ms
2024-11-15 11:10:36,428 - fed_utils - INFO - encrypting key [conv1.bias].length : 6, cost time : 0m:0s:47ms
2024-11-15 11:10:36,428 - fed_utils - INFO - load key [conv2.weight].length : 2400, cost time : 0m:0s:0ms
2024-11-15 11:10:36,428 - fed_utils - INFO - load key [conv2.bias].length : 16, cost time : 0m:0s:0ms
2024-11-15 11:10:36,429 - fed_utils - INFO - load key [fc1.weight].length : 48000, cost time : 0m:0s:0ms
2024-11-15 11:10:36,430 - fed_utils - INFO - load key [fc1.bias].length : 120, cost time : 0m:0s:0ms
2024-11-15 11:10:36,430 - fed_utils - INFO - load key [fc2.weight].length : 10080, cost time : 0m:0s:0ms
2024-11-15 11:10:36,430 - fed_utils - INFO - load key [fc2.bias].length : 84, cost time : 0m:0s:0ms
2024-11-15 11:10:43,057 - fed_utils - INFO - encrypting key [fc3.weight].length : 840, cost time : 0m:6s:627ms
2024-11-15 11:10:43,137 - fed_utils - INFO - encrypting key [fc3.bias].length : 10, cost time : 0m:0s:79ms
2024-11-15 11:10:43,137 - fl_main - INFO - Server receive client_dict[f_00007] info ...
2024-11-15 11:10:43,137 - fl_main - INFO - ----- client id [f_00008] -----
2024-11-15 11:10:43,138 - client_base - INFO - recover model cost time : 0m:0s:0ms
2024-11-15 11:10:43,138 - fl_main - INFO - client_dict[f_00008] training ...
2024-11-15 11:10:43,139 - client_base - INFO - client_dict[f_00008] training epoch : 0
2024-11-15 11:10:43,540 - client_base - INFO - local model train cost time : 0m:0s:400ms
2024-11-15 11:10:43,541 - client_base - INFO - model encode time : 0m:0s:1ms
2024-11-15 11:10:43,542 - fl_main - INFO - client_dict[f_00008] local model encrypting ...
2024-11-15 11:10:44,724 - fed_utils - INFO - encrypting key [conv1.weight].length : 150, cost time : 0m:1s:182ms
2024-11-15 11:10:44,772 - fed_utils - INFO - encrypting key [conv1.bias].length : 6, cost time : 0m:0s:47ms
2024-11-15 11:10:44,772 - fed_utils - INFO - load key [conv2.weight].length : 2400, cost time : 0m:0s:0ms
2024-11-15 11:10:44,772 - fed_utils - INFO - load key [conv2.bias].length : 16, cost time : 0m:0s:0ms
2024-11-15 11:10:44,773 - fed_utils - INFO - load key [fc1.weight].length : 48000, cost time : 0m:0s:0ms
2024-11-15 11:10:44,773 - fed_utils - INFO - load key [fc1.bias].length : 120, cost time : 0m:0s:0ms
2024-11-15 11:10:44,773 - fed_utils - INFO - load key [fc2.weight].length : 10080, cost time : 0m:0s:0ms
2024-11-15 11:10:44,773 - fed_utils - INFO - load key [fc2.bias].length : 84, cost time : 0m:0s:0ms
2024-11-15 11:10:51,391 - fed_utils - INFO - encrypting key [fc3.weight].length : 840, cost time : 0m:6s:617ms
2024-11-15 11:10:51,470 - fed_utils - INFO - encrypting key [fc3.bias].length : 10, cost time : 0m:0s:79ms
2024-11-15 11:10:51,470 - fl_main - INFO - Server receive client_dict[f_00008] info ...
2024-11-15 11:10:51,470 - fl_main - INFO - ----- client id [f_00009] -----
2024-11-15 11:10:51,471 - client_base - INFO - recover model cost time : 0m:0s:0ms
2024-11-15 11:10:51,471 - fl_main - INFO - client_dict[f_00009] training ...
2024-11-15 11:10:51,472 - client_base - INFO - client_dict[f_00009] training epoch : 0
2024-11-15 11:10:51,862 - client_base - INFO - local model train cost time : 0m:0s:390ms
2024-11-15 11:10:51,864 - client_base - INFO - model encode time : 0m:0s:1ms
2024-11-15 11:10:51,864 - fl_main - INFO - client_dict[f_00009] local model encrypting ...
2024-11-15 11:10:53,046 - fed_utils - INFO - encrypting key [conv1.weight].length : 150, cost time : 0m:1s:182ms
2024-11-15 11:10:53,094 - fed_utils - INFO - encrypting key [conv1.bias].length : 6, cost time : 0m:0s:47ms
2024-11-15 11:10:53,094 - fed_utils - INFO - load key [conv2.weight].length : 2400, cost time : 0m:0s:0ms
2024-11-15 11:10:53,094 - fed_utils - INFO - load key [conv2.bias].length : 16, cost time : 0m:0s:0ms
2024-11-15 11:10:53,095 - fed_utils - INFO - load key [fc1.weight].length : 48000, cost time : 0m:0s:0ms
2024-11-15 11:10:53,095 - fed_utils - INFO - load key [fc1.bias].length : 120, cost time : 0m:0s:0ms
2024-11-15 11:10:53,095 - fed_utils - INFO - load key [fc2.weight].length : 10080, cost time : 0m:0s:0ms
2024-11-15 11:10:53,095 - fed_utils - INFO - load key [fc2.bias].length : 84, cost time : 0m:0s:0ms
2024-11-15 11:10:59,713 - fed_utils - INFO - encrypting key [fc3.weight].length : 840, cost time : 0m:6s:618ms
2024-11-15 11:10:59,792 - fed_utils - INFO - encrypting key [fc3.bias].length : 10, cost time : 0m:0s:78ms
2024-11-15 11:10:59,793 - fl_main - INFO - Server receive client_dict[f_00009] info ...
2024-11-15 11:10:59,793 - fl_main - INFO - ----- client id [f_00010] -----
2024-11-15 11:10:59,794 - client_base - INFO - recover model cost time : 0m:0s:0ms
2024-11-15 11:10:59,794 - fl_main - INFO - client_dict[f_00010] training ...
2024-11-15 11:10:59,795 - client_base - INFO - client_dict[f_00010] training epoch : 0
2024-11-15 11:11:00,174 - client_base - INFO - local model train cost time : 0m:0s:379ms
2024-11-15 11:11:00,176 - client_base - INFO - model encode time : 0m:0s:1ms
2024-11-15 11:11:00,176 - fl_main - INFO - client_dict[f_00010] local model encrypting ...
2024-11-15 11:11:01,359 - fed_utils - INFO - encrypting key [conv1.weight].length : 150, cost time : 0m:1s:182ms
2024-11-15 11:11:01,407 - fed_utils - INFO - encrypting key [conv1.bias].length : 6, cost time : 0m:0s:48ms
2024-11-15 11:11:01,407 - fed_utils - INFO - load key [conv2.weight].length : 2400, cost time : 0m:0s:0ms
2024-11-15 11:11:01,407 - fed_utils - INFO - load key [conv2.bias].length : 16, cost time : 0m:0s:0ms
2024-11-15 11:11:01,408 - fed_utils - INFO - load key [fc1.weight].length : 48000, cost time : 0m:0s:0ms
2024-11-15 11:11:01,408 - fed_utils - INFO - load key [fc1.bias].length : 120, cost time : 0m:0s:0ms
2024-11-15 11:11:01,408 - fed_utils - INFO - load key [fc2.weight].length : 10080, cost time : 0m:0s:0ms
2024-11-15 11:11:01,408 - fed_utils - INFO - load key [fc2.bias].length : 84, cost time : 0m:0s:0ms
2024-11-15 11:11:08,034 - fed_utils - INFO - encrypting key [fc3.weight].length : 840, cost time : 0m:6s:625ms
2024-11-15 11:11:08,113 - fed_utils - INFO - encrypting key [fc3.bias].length : 10, cost time : 0m:0s:79ms
2024-11-15 11:11:08,113 - fl_main - INFO - Server receive client_dict[f_00010] info ...
2024-11-15 11:11:08,113 - fl_main - INFO - ----- client id [f_00011] -----
2024-11-15 11:11:08,115 - client_base - INFO - recover model cost time : 0m:0s:0ms
2024-11-15 11:11:08,115 - fl_main - INFO - client_dict[f_00011] training ...
2024-11-15 11:11:08,115 - client_base - INFO - client_dict[f_00011] training epoch : 0
2024-11-15 11:11:08,496 - client_base - INFO - local model train cost time : 0m:0s:380ms
2024-11-15 11:11:08,497 - client_base - INFO - model encode time : 0m:0s:1ms
2024-11-15 11:11:08,497 - fl_main - INFO - client_dict[f_00011] local model encrypting ...
2024-11-15 11:11:09,680 - fed_utils - INFO - encrypting key [conv1.weight].length : 150, cost time : 0m:1s:182ms
2024-11-15 11:11:09,728 - fed_utils - INFO - encrypting key [conv1.bias].length : 6, cost time : 0m:0s:47ms
2024-11-15 11:11:09,728 - fed_utils - INFO - load key [conv2.weight].length : 2400, cost time : 0m:0s:0ms
2024-11-15 11:11:09,728 - fed_utils - INFO - load key [conv2.bias].length : 16, cost time : 0m:0s:0ms
2024-11-15 11:11:09,729 - fed_utils - INFO - load key [fc1.weight].length : 48000, cost time : 0m:0s:0ms
2024-11-15 11:11:09,729 - fed_utils - INFO - load key [fc1.bias].length : 120, cost time : 0m:0s:0ms
2024-11-15 11:11:09,729 - fed_utils - INFO - load key [fc2.weight].length : 10080, cost time : 0m:0s:0ms
2024-11-15 11:11:09,729 - fed_utils - INFO - load key [fc2.bias].length : 84, cost time : 0m:0s:0ms
2024-11-15 11:11:16,350 - fed_utils - INFO - encrypting key [fc3.weight].length : 840, cost time : 0m:6s:620ms
2024-11-15 11:11:16,429 - fed_utils - INFO - encrypting key [fc3.bias].length : 10, cost time : 0m:0s:79ms
2024-11-15 11:11:16,429 - fl_main - INFO - Server receive client_dict[f_00011] info ...
2024-11-15 11:11:16,430 - fl_main - INFO - ----- client id [f_00012] -----
2024-11-15 11:11:16,431 - client_base - INFO - recover model cost time : 0m:0s:0ms
2024-11-15 11:11:16,431 - fl_main - INFO - client_dict[f_00012] training ...
2024-11-15 11:11:16,432 - client_base - INFO - client_dict[f_00012] training epoch : 0
2024-11-15 11:11:16,814 - client_base - INFO - local model train cost time : 0m:0s:382ms
2024-11-15 11:11:16,816 - client_base - INFO - model encode time : 0m:0s:1ms
2024-11-15 11:11:16,816 - fl_main - INFO - client_dict[f_00012] local model encrypting ...
2024-11-15 11:11:17,999 - fed_utils - INFO - encrypting key [conv1.weight].length : 150, cost time : 0m:1s:182ms
2024-11-15 11:11:18,048 - fed_utils - INFO - encrypting key [conv1.bias].length : 6, cost time : 0m:0s:48ms
2024-11-15 11:11:18,048 - fed_utils - INFO - load key [conv2.weight].length : 2400, cost time : 0m:0s:0ms
2024-11-15 11:11:18,048 - fed_utils - INFO - load key [conv2.bias].length : 16, cost time : 0m:0s:0ms
2024-11-15 11:11:18,049 - fed_utils - INFO - load key [fc1.weight].length : 48000, cost time : 0m:0s:0ms
2024-11-15 11:11:18,049 - fed_utils - INFO - load key [fc1.bias].length : 120, cost time : 0m:0s:0ms
2024-11-15 11:11:18,049 - fed_utils - INFO - load key [fc2.weight].length : 10080, cost time : 0m:0s:0ms
2024-11-15 11:11:18,049 - fed_utils - INFO - load key [fc2.bias].length : 84, cost time : 0m:0s:0ms
2024-11-15 11:11:24,662 - fed_utils - INFO - encrypting key [fc3.weight].length : 840, cost time : 0m:6s:612ms
2024-11-15 11:11:24,741 - fed_utils - INFO - encrypting key [fc3.bias].length : 10, cost time : 0m:0s:78ms
2024-11-15 11:11:24,741 - fl_main - INFO - Server receive client_dict[f_00012] info ...
2024-11-15 11:11:24,741 - fl_main - INFO - ----- client id [f_00013] -----
2024-11-15 11:11:24,742 - client_base - INFO - recover model cost time : 0m:0s:0ms
2024-11-15 11:11:24,743 - fl_main - INFO - client_dict[f_00013] training ...
2024-11-15 11:11:24,743 - client_base - INFO - client_dict[f_00013] training epoch : 0
2024-11-15 11:11:25,125 - client_base - INFO - local model train cost time : 0m:0s:381ms
2024-11-15 11:11:25,126 - client_base - INFO - model encode time : 0m:0s:1ms
2024-11-15 11:11:25,127 - fl_main - INFO - client_dict[f_00013] local model encrypting ...
2024-11-15 11:11:26,308 - fed_utils - INFO - encrypting key [conv1.weight].length : 150, cost time : 0m:1s:181ms
2024-11-15 11:11:26,356 - fed_utils - INFO - encrypting key [conv1.bias].length : 6, cost time : 0m:0s:47ms
2024-11-15 11:11:26,356 - fed_utils - INFO - load key [conv2.weight].length : 2400, cost time : 0m:0s:0ms
2024-11-15 11:11:26,356 - fed_utils - INFO - load key [conv2.bias].length : 16, cost time : 0m:0s:0ms
2024-11-15 11:11:26,357 - fed_utils - INFO - load key [fc1.weight].length : 48000, cost time : 0m:0s:0ms
2024-11-15 11:11:26,357 - fed_utils - INFO - load key [fc1.bias].length : 120, cost time : 0m:0s:0ms
2024-11-15 11:11:26,357 - fed_utils - INFO - load key [fc2.weight].length : 10080, cost time : 0m:0s:0ms
2024-11-15 11:11:26,357 - fed_utils - INFO - load key [fc2.bias].length : 84, cost time : 0m:0s:0ms
2024-11-15 11:11:33,112 - fed_utils - INFO - encrypting key [fc3.weight].length : 840, cost time : 0m:6s:754ms
2024-11-15 11:11:33,191 - fed_utils - INFO - encrypting key [fc3.bias].length : 10, cost time : 0m:0s:79ms
2024-11-15 11:11:33,191 - fl_main - INFO - Server receive client_dict[f_00013] info ...
2024-11-15 11:11:33,191 - fl_main - INFO - ----- client id [f_00014] -----
2024-11-15 11:11:33,193 - client_base - INFO - recover model cost time : 0m:0s:0ms
2024-11-15 11:11:33,987 - fl_main - INFO - global round [18] client_dict[f_00014].accuracy : 0.915100
2024-11-15 11:11:33,987 - fl_main - INFO - client_dict[f_00014] training ...
2024-11-15 11:11:33,987 - client_base - INFO - client_dict[f_00014] training epoch : 0
2024-11-15 11:11:34,373 - client_base - INFO - local model train cost time : 0m:0s:385ms
2024-11-15 11:11:34,374 - client_base - INFO - model encode time : 0m:0s:1ms
2024-11-15 11:11:34,374 - fl_main - INFO - client_dict[f_00014] local model encrypting ...
2024-11-15 11:11:35,556 - fed_utils - INFO - encrypting key [conv1.weight].length : 150, cost time : 0m:1s:181ms
2024-11-15 11:11:35,603 - fed_utils - INFO - encrypting key [conv1.bias].length : 6, cost time : 0m:0s:47ms
2024-11-15 11:11:35,603 - fed_utils - INFO - load key [conv2.weight].length : 2400, cost time : 0m:0s:0ms
2024-11-15 11:11:35,604 - fed_utils - INFO - load key [conv2.bias].length : 16, cost time : 0m:0s:0ms
2024-11-15 11:11:35,604 - fed_utils - INFO - load key [fc1.weight].length : 48000, cost time : 0m:0s:0ms
2024-11-15 11:11:35,605 - fed_utils - INFO - load key [fc1.bias].length : 120, cost time : 0m:0s:0ms
2024-11-15 11:11:35,605 - fed_utils - INFO - load key [fc2.weight].length : 10080, cost time : 0m:0s:0ms
2024-11-15 11:11:35,605 - fed_utils - INFO - load key [fc2.bias].length : 84, cost time : 0m:0s:0ms
2024-11-15 11:11:42,228 - fed_utils - INFO - encrypting key [fc3.weight].length : 840, cost time : 0m:6s:623ms
2024-11-15 11:11:42,307 - fed_utils - INFO - encrypting key [fc3.bias].length : 10, cost time : 0m:0s:78ms
2024-11-15 11:11:42,307 - fl_main - INFO - Server receive client_dict[f_00014] info ...
2024-11-15 11:11:42,307 - fl_main - INFO - ----- client id [f_00015] -----
2024-11-15 11:11:42,308 - client_base - INFO - recover model cost time : 0m:0s:0ms
2024-11-15 11:11:42,308 - fl_main - INFO - client_dict[f_00015] training ...
2024-11-15 11:11:42,309 - client_base - INFO - client_dict[f_00015] training epoch : 0
2024-11-15 11:11:42,709 - client_base - INFO - local model train cost time : 0m:0s:399ms
2024-11-15 11:11:42,711 - client_base - INFO - model encode time : 0m:0s:2ms
2024-11-15 11:11:42,711 - fl_main - INFO - client_dict[f_00015] local model encrypting ...
2024-11-15 11:11:43,958 - fed_utils - INFO - encrypting key [conv1.weight].length : 150, cost time : 0m:1s:246ms
2024-11-15 11:11:44,006 - fed_utils - INFO - encrypting key [conv1.bias].length : 6, cost time : 0m:0s:47ms
2024-11-15 11:11:44,006 - fed_utils - INFO - load key [conv2.weight].length : 2400, cost time : 0m:0s:0ms
2024-11-15 11:11:44,006 - fed_utils - INFO - load key [conv2.bias].length : 16, cost time : 0m:0s:0ms
2024-11-15 11:11:44,007 - fed_utils - INFO - load key [fc1.weight].length : 48000, cost time : 0m:0s:0ms
2024-11-15 11:11:44,007 - fed_utils - INFO - load key [fc1.bias].length : 120, cost time : 0m:0s:0ms
2024-11-15 11:11:44,007 - fed_utils - INFO - load key [fc2.weight].length : 10080, cost time : 0m:0s:0ms
2024-11-15 11:11:44,007 - fed_utils - INFO - load key [fc2.bias].length : 84, cost time : 0m:0s:0ms
2024-11-15 11:11:50,621 - fed_utils - INFO - encrypting key [fc3.weight].length : 840, cost time : 0m:6s:613ms
2024-11-15 11:11:50,700 - fed_utils - INFO - encrypting key [fc3.bias].length : 10, cost time : 0m:0s:78ms
2024-11-15 11:11:50,700 - fl_main - INFO - Server receive client_dict[f_00015] info ...
2024-11-15 11:11:50,700 - fl_main - INFO - ----- client id [f_00016] -----
2024-11-15 11:11:50,701 - client_base - INFO - recover model cost time : 0m:0s:0ms
2024-11-15 11:11:50,702 - fl_main - INFO - client_dict[f_00016] training ...
2024-11-15 11:11:50,702 - client_base - INFO - client_dict[f_00016] training epoch : 0
2024-11-15 11:11:51,098 - client_base - INFO - local model train cost time : 0m:0s:395ms
2024-11-15 11:11:51,100 - client_base - INFO - model encode time : 0m:0s:1ms
2024-11-15 11:11:51,100 - fl_main - INFO - client_dict[f_00016] local model encrypting ...
2024-11-15 11:11:52,282 - fed_utils - INFO - encrypting key [conv1.weight].length : 150, cost time : 0m:1s:182ms
2024-11-15 11:11:52,330 - fed_utils - INFO - encrypting key [conv1.bias].length : 6, cost time : 0m:0s:47ms
2024-11-15 11:11:52,330 - fed_utils - INFO - load key [conv2.weight].length : 2400, cost time : 0m:0s:0ms
2024-11-15 11:11:52,330 - fed_utils - INFO - load key [conv2.bias].length : 16, cost time : 0m:0s:0ms
2024-11-15 11:11:52,331 - fed_utils - INFO - load key [fc1.weight].length : 48000, cost time : 0m:0s:0ms
2024-11-15 11:11:52,331 - fed_utils - INFO - load key [fc1.bias].length : 120, cost time : 0m:0s:0ms
2024-11-15 11:11:52,331 - fed_utils - INFO - load key [fc2.weight].length : 10080, cost time : 0m:0s:0ms
2024-11-15 11:11:52,331 - fed_utils - INFO - load key [fc2.bias].length : 84, cost time : 0m:0s:0ms
2024-11-15 11:11:58,946 - fed_utils - INFO - encrypting key [fc3.weight].length : 840, cost time : 0m:6s:614ms
2024-11-15 11:11:59,025 - fed_utils - INFO - encrypting key [fc3.bias].length : 10, cost time : 0m:0s:78ms
2024-11-15 11:11:59,025 - fl_main - INFO - Server receive client_dict[f_00016] info ...
2024-11-15 11:11:59,025 - fl_main - INFO - ----- client id [f_00017] -----
2024-11-15 11:11:59,027 - client_base - INFO - recover model cost time : 0m:0s:0ms
2024-11-15 11:11:59,027 - fl_main - INFO - client_dict[f_00017] training ...
2024-11-15 11:11:59,027 - client_base - INFO - client_dict[f_00017] training epoch : 0
2024-11-15 11:11:59,424 - client_base - INFO - local model train cost time : 0m:0s:396ms
2024-11-15 11:11:59,425 - client_base - INFO - model encode time : 0m:0s:1ms
2024-11-15 11:11:59,425 - fl_main - INFO - client_dict[f_00017] local model encrypting ...
2024-11-15 11:12:00,607 - fed_utils - INFO - encrypting key [conv1.weight].length : 150, cost time : 0m:1s:181ms
2024-11-15 11:12:00,655 - fed_utils - INFO - encrypting key [conv1.bias].length : 6, cost time : 0m:0s:47ms
2024-11-15 11:12:00,655 - fed_utils - INFO - load key [conv2.weight].length : 2400, cost time : 0m:0s:0ms
2024-11-15 11:12:00,655 - fed_utils - INFO - load key [conv2.bias].length : 16, cost time : 0m:0s:0ms
2024-11-15 11:12:00,657 - fed_utils - INFO - load key [fc1.weight].length : 48000, cost time : 0m:0s:1ms
2024-11-15 11:12:00,657 - fed_utils - INFO - load key [fc1.bias].length : 120, cost time : 0m:0s:0ms
2024-11-15 11:12:00,657 - fed_utils - INFO - load key [fc2.weight].length : 10080, cost time : 0m:0s:0ms
2024-11-15 11:12:00,657 - fed_utils - INFO - load key [fc2.bias].length : 84, cost time : 0m:0s:0ms
2024-11-15 11:12:07,271 - fed_utils - INFO - encrypting key [fc3.weight].length : 840, cost time : 0m:6s:613ms
2024-11-15 11:12:07,350 - fed_utils - INFO - encrypting key [fc3.bias].length : 10, cost time : 0m:0s:78ms
2024-11-15 11:12:07,350 - fl_main - INFO - Server receive client_dict[f_00017] info ...
2024-11-15 11:12:07,350 - fl_main - INFO - ----- client id [f_00018] -----
2024-11-15 11:12:07,352 - client_base - INFO - recover model cost time : 0m:0s:0ms
2024-11-15 11:12:07,352 - fl_main - INFO - client_dict[f_00018] training ...
2024-11-15 11:12:07,352 - client_base - INFO - client_dict[f_00018] training epoch : 0
2024-11-15 11:12:07,745 - client_base - INFO - local model train cost time : 0m:0s:393ms
2024-11-15 11:12:07,747 - client_base - INFO - model encode time : 0m:0s:1ms
2024-11-15 11:12:07,747 - fl_main - INFO - client_dict[f_00018] local model encrypting ...
2024-11-15 11:12:08,932 - fed_utils - INFO - encrypting key [conv1.weight].length : 150, cost time : 0m:1s:184ms
2024-11-15 11:12:08,980 - fed_utils - INFO - encrypting key [conv1.bias].length : 6, cost time : 0m:0s:47ms
2024-11-15 11:12:08,980 - fed_utils - INFO - load key [conv2.weight].length : 2400, cost time : 0m:0s:0ms
2024-11-15 11:12:08,980 - fed_utils - INFO - load key [conv2.bias].length : 16, cost time : 0m:0s:0ms
2024-11-15 11:12:08,981 - fed_utils - INFO - load key [fc1.weight].length : 48000, cost time : 0m:0s:1ms
2024-11-15 11:12:08,981 - fed_utils - INFO - load key [fc1.bias].length : 120, cost time : 0m:0s:0ms
2024-11-15 11:12:08,982 - fed_utils - INFO - load key [fc2.weight].length : 10080, cost time : 0m:0s:0ms
2024-11-15 11:12:08,982 - fed_utils - INFO - load key [fc2.bias].length : 84, cost time : 0m:0s:0ms
2024-11-15 11:12:15,607 - fed_utils - INFO - encrypting key [fc3.weight].length : 840, cost time : 0m:6s:625ms
2024-11-15 11:12:15,686 - fed_utils - INFO - encrypting key [fc3.bias].length : 10, cost time : 0m:0s:78ms
2024-11-15 11:12:15,686 - fl_main - INFO - Server receive client_dict[f_00018] info ...
2024-11-15 11:12:15,687 - fl_main - INFO - ----- client id [f_00019] -----
2024-11-15 11:12:15,688 - client_base - INFO - recover model cost time : 0m:0s:0ms
2024-11-15 11:12:15,688 - fl_main - INFO - client_dict[f_00019] training ...
2024-11-15 11:12:15,688 - client_base - INFO - client_dict[f_00019] training epoch : 0
2024-11-15 11:12:16,085 - client_base - INFO - local model train cost time : 0m:0s:396ms
2024-11-15 11:12:16,087 - client_base - INFO - model encode time : 0m:0s:1ms
2024-11-15 11:12:16,087 - fl_main - INFO - client_dict[f_00019] local model encrypting ...
2024-11-15 11:12:17,269 - fed_utils - INFO - encrypting key [conv1.weight].length : 150, cost time : 0m:1s:181ms
2024-11-15 11:12:17,317 - fed_utils - INFO - encrypting key [conv1.bias].length : 6, cost time : 0m:0s:47ms
2024-11-15 11:12:17,317 - fed_utils - INFO - load key [conv2.weight].length : 2400, cost time : 0m:0s:0ms
2024-11-15 11:12:17,317 - fed_utils - INFO - load key [conv2.bias].length : 16, cost time : 0m:0s:0ms
2024-11-15 11:12:17,318 - fed_utils - INFO - load key [fc1.weight].length : 48000, cost time : 0m:0s:1ms
2024-11-15 11:12:17,319 - fed_utils - INFO - load key [fc1.bias].length : 120, cost time : 0m:0s:0ms
2024-11-15 11:12:17,319 - fed_utils - INFO - load key [fc2.weight].length : 10080, cost time : 0m:0s:0ms
2024-11-15 11:12:17,319 - fed_utils - INFO - load key [fc2.bias].length : 84, cost time : 0m:0s:0ms
2024-11-15 11:12:23,936 - fed_utils - INFO - encrypting key [fc3.weight].length : 840, cost time : 0m:6s:616ms
2024-11-15 11:12:24,015 - fed_utils - INFO - encrypting key [fc3.bias].length : 10, cost time : 0m:0s:78ms
2024-11-15 11:12:24,015 - fl_main - INFO - Server receive client_dict[f_00019] info ...
2024-11-15 11:12:24,015 - fl_main - INFO - global aggregation process ...
2024-11-15 11:12:24,016 - fed_utils - INFO - server.n_data : 60000
2024-11-15 11:12:24,016 - fed_utils - INFO - client_dict[f_00000].weight : 0.050000
2024-11-15 11:12:24,016 - fed_utils - INFO - client_dict[f_00001].weight : 0.050000
2024-11-15 11:12:24,016 - fed_utils - INFO - client_dict[f_00002].weight : 0.050000
2024-11-15 11:12:24,016 - fed_utils - INFO - client_dict[f_00003].weight : 0.050000
2024-11-15 11:12:24,016 - fed_utils - INFO - client_dict[f_00004].weight : 0.050000
2024-11-15 11:12:24,016 - fed_utils - INFO - client_dict[f_00005].weight : 0.050000
2024-11-15 11:12:24,016 - fed_utils - INFO - client_dict[f_00006].weight : 0.050000
2024-11-15 11:12:24,016 - fed_utils - INFO - client_dict[f_00007].weight : 0.050000
2024-11-15 11:12:24,016 - fed_utils - INFO - client_dict[f_00008].weight : 0.050000
2024-11-15 11:12:24,016 - fed_utils - INFO - client_dict[f_00009].weight : 0.050000
2024-11-15 11:12:24,016 - fed_utils - INFO - client_dict[f_00010].weight : 0.050000
2024-11-15 11:12:24,016 - fed_utils - INFO - client_dict[f_00011].weight : 0.050000
2024-11-15 11:12:24,016 - fed_utils - INFO - client_dict[f_00012].weight : 0.050000
2024-11-15 11:12:24,016 - fed_utils - INFO - client_dict[f_00013].weight : 0.050000
2024-11-15 11:12:24,016 - fed_utils - INFO - client_dict[f_00014].weight : 0.050000
2024-11-15 11:12:24,016 - fed_utils - INFO - client_dict[f_00015].weight : 0.050000
2024-11-15 11:12:24,016 - fed_utils - INFO - client_dict[f_00016].weight : 0.050000
2024-11-15 11:12:24,016 - fed_utils - INFO - client_dict[f_00017].weight : 0.050000
2024-11-15 11:12:24,016 - fed_utils - INFO - client_dict[f_00018].weight : 0.050000
2024-11-15 11:12:24,016 - fed_utils - INFO - client_dict[f_00019].weight : 0.050000
2024-11-15 11:12:24,016 - fed_utils - INFO - recover secret number by clients: 789319.750000
2024-11-15 11:12:24,016 - server_base - INFO - Server aggregate model with homomorphic encryption ...
2024-11-15 11:12:30,708 - server_base - INFO - Server aggregate model done, cost time : 0m:6s:692ms
2024-11-15 11:12:31,049 - fed_utils - INFO - decrypting key [conv1.weight].shape [torch.Size([6, 1, 5, 5])]
2024-11-15 11:12:31,063 - fed_utils - INFO - decrypting key [conv1.bias].shape [torch.Size([6])]
2024-11-15 11:12:31,063 - fed_utils - INFO - decrypting key [conv2.weight].shape [torch.Size([16, 6, 5, 5])]
2024-11-15 11:12:31,063 - fed_utils - INFO - decrypting key [conv2.bias].shape [torch.Size([16])]
2024-11-15 11:12:31,063 - fed_utils - INFO - decrypting key [fc1.weight].shape [torch.Size([120, 400])]
2024-11-15 11:12:31,063 - fed_utils - INFO - decrypting key [fc1.bias].shape [torch.Size([120])]
2024-11-15 11:12:31,064 - fed_utils - INFO - decrypting key [fc2.weight].shape [torch.Size([84, 120])]
2024-11-15 11:12:31,064 - fed_utils - INFO - decrypting key [fc2.bias].shape [torch.Size([84])]
2024-11-15 11:12:32,972 - fed_utils - INFO - decrypting key [fc3.weight].shape [torch.Size([10, 84])]
2024-11-15 11:12:32,995 - fed_utils - INFO - decrypting key [fc3.bias].shape [torch.Size([10])]
2024-11-15 11:12:32,995 - fed_utils - INFO - decrypt time : [0m:2s:286ms]
2024-11-15 11:12:33,005 - fl_main - INFO - [global round : 18] aggregated model accuracy : 0.9151
2024-11-15 11:12:33,005 - fl_main - INFO - [global round : 18] aggregated model loss : 0.3642461963831919
2024-11-15 11:12:33,006 - fl_main - INFO - global round : 19
2024-11-15 11:12:33,006 - fl_main - INFO - the random client id to test accuracy : f_00007
2024-11-15 11:12:33,006 - fl_main - INFO - ----- client id [f_00000] -----
2024-11-15 11:12:33,007 - client_base - INFO - recover model cost time : 0m:0s:0ms
2024-11-15 11:12:33,007 - fl_main - INFO - client_dict[f_00000] training ...
2024-11-15 11:12:33,008 - client_base - INFO - client_dict[f_00000] training epoch : 0
2024-11-15 11:12:33,400 - client_base - INFO - local model train cost time : 0m:0s:392ms
2024-11-15 11:12:33,401 - client_base - INFO - model encode time : 0m:0s:1ms
2024-11-15 11:12:33,402 - fl_main - INFO - client_dict[f_00000] local model encrypting ...
2024-11-15 11:12:34,583 - fed_utils - INFO - encrypting key [conv1.weight].length : 150, cost time : 0m:1s:180ms
2024-11-15 11:12:34,630 - fed_utils - INFO - encrypting key [conv1.bias].length : 6, cost time : 0m:0s:47ms
2024-11-15 11:12:34,630 - fed_utils - INFO - load key [conv2.weight].length : 2400, cost time : 0m:0s:0ms
2024-11-15 11:12:34,631 - fed_utils - INFO - load key [conv2.bias].length : 16, cost time : 0m:0s:0ms
2024-11-15 11:12:34,632 - fed_utils - INFO - load key [fc1.weight].length : 48000, cost time : 0m:0s:1ms
2024-11-15 11:12:34,632 - fed_utils - INFO - load key [fc1.bias].length : 120, cost time : 0m:0s:0ms
2024-11-15 11:12:34,632 - fed_utils - INFO - load key [fc2.weight].length : 10080, cost time : 0m:0s:0ms
2024-11-15 11:12:34,632 - fed_utils - INFO - load key [fc2.bias].length : 84, cost time : 0m:0s:0ms
2024-11-15 11:12:41,243 - fed_utils - INFO - encrypting key [fc3.weight].length : 840, cost time : 0m:6s:611ms
2024-11-15 11:12:41,322 - fed_utils - INFO - encrypting key [fc3.bias].length : 10, cost time : 0m:0s:79ms
2024-11-15 11:12:41,323 - fl_main - INFO - Server receive client_dict[f_00000] info ...
2024-11-15 11:12:41,324 - fl_main - INFO - ----- client id [f_00001] -----
2024-11-15 11:12:41,325 - client_base - INFO - recover model cost time : 0m:0s:0ms
2024-11-15 11:12:41,325 - fl_main - INFO - client_dict[f_00001] training ...
2024-11-15 11:12:41,325 - client_base - INFO - client_dict[f_00001] training epoch : 0
2024-11-15 11:12:41,718 - client_base - INFO - local model train cost time : 0m:0s:392ms
2024-11-15 11:12:41,720 - client_base - INFO - model encode time : 0m:0s:1ms
2024-11-15 11:12:41,720 - fl_main - INFO - client_dict[f_00001] local model encrypting ...
2024-11-15 11:12:43,051 - fed_utils - INFO - encrypting key [conv1.weight].length : 150, cost time : 0m:1s:330ms
2024-11-15 11:12:43,103 - fed_utils - INFO - encrypting key [conv1.bias].length : 6, cost time : 0m:0s:51ms
2024-11-15 11:12:43,103 - fed_utils - INFO - load key [conv2.weight].length : 2400, cost time : 0m:0s:0ms
2024-11-15 11:12:43,103 - fed_utils - INFO - load key [conv2.bias].length : 16, cost time : 0m:0s:0ms
2024-11-15 11:12:43,104 - fed_utils - INFO - load key [fc1.weight].length : 48000, cost time : 0m:0s:0ms
2024-11-15 11:12:43,104 - fed_utils - INFO - load key [fc1.bias].length : 120, cost time : 0m:0s:0ms
2024-11-15 11:12:43,104 - fed_utils - INFO - load key [fc2.weight].length : 10080, cost time : 0m:0s:0ms
2024-11-15 11:12:43,104 - fed_utils - INFO - load key [fc2.bias].length : 84, cost time : 0m:0s:0ms
2024-11-15 11:12:49,729 - fed_utils - INFO - encrypting key [fc3.weight].length : 840, cost time : 0m:6s:624ms
2024-11-15 11:12:49,808 - fed_utils - INFO - encrypting key [fc3.bias].length : 10, cost time : 0m:0s:79ms
2024-11-15 11:12:49,808 - fl_main - INFO - Server receive client_dict[f_00001] info ...
2024-11-15 11:12:49,808 - fl_main - INFO - ----- client id [f_00002] -----
2024-11-15 11:12:49,809 - client_base - INFO - recover model cost time : 0m:0s:0ms
2024-11-15 11:12:49,809 - fl_main - INFO - client_dict[f_00002] training ...
2024-11-15 11:12:49,810 - client_base - INFO - client_dict[f_00002] training epoch : 0
2024-11-15 11:12:50,191 - client_base - INFO - local model train cost time : 0m:0s:381ms
2024-11-15 11:12:50,193 - client_base - INFO - model encode time : 0m:0s:1ms
2024-11-15 11:12:50,193 - fl_main - INFO - client_dict[f_00002] local model encrypting ...
2024-11-15 11:12:51,374 - fed_utils - INFO - encrypting key [conv1.weight].length : 150, cost time : 0m:1s:180ms
2024-11-15 11:12:51,422 - fed_utils - INFO - encrypting key [conv1.bias].length : 6, cost time : 0m:0s:47ms
2024-11-15 11:12:51,422 - fed_utils - INFO - load key [conv2.weight].length : 2400, cost time : 0m:0s:0ms
2024-11-15 11:12:51,422 - fed_utils - INFO - load key [conv2.bias].length : 16, cost time : 0m:0s:0ms
2024-11-15 11:12:51,423 - fed_utils - INFO - load key [fc1.weight].length : 48000, cost time : 0m:0s:0ms
2024-11-15 11:12:51,423 - fed_utils - INFO - load key [fc1.bias].length : 120, cost time : 0m:0s:0ms
2024-11-15 11:12:51,423 - fed_utils - INFO - load key [fc2.weight].length : 10080, cost time : 0m:0s:0ms
2024-11-15 11:12:51,423 - fed_utils - INFO - load key [fc2.bias].length : 84, cost time : 0m:0s:0ms
2024-11-15 11:12:58,042 - fed_utils - INFO - encrypting key [fc3.weight].length : 840, cost time : 0m:6s:618ms
2024-11-15 11:12:58,122 - fed_utils - INFO - encrypting key [fc3.bias].length : 10, cost time : 0m:0s:79ms
2024-11-15 11:12:58,122 - fl_main - INFO - Server receive client_dict[f_00002] info ...
2024-11-15 11:12:58,122 - fl_main - INFO - ----- client id [f_00003] -----
2024-11-15 11:12:58,123 - client_base - INFO - recover model cost time : 0m:0s:0ms
2024-11-15 11:12:58,123 - fl_main - INFO - client_dict[f_00003] training ...
2024-11-15 11:12:58,124 - client_base - INFO - client_dict[f_00003] training epoch : 0
2024-11-15 11:12:58,502 - client_base - INFO - local model train cost time : 0m:0s:378ms
2024-11-15 11:12:58,504 - client_base - INFO - model encode time : 0m:0s:1ms
2024-11-15 11:12:58,504 - fl_main - INFO - client_dict[f_00003] local model encrypting ...
2024-11-15 11:12:59,686 - fed_utils - INFO - encrypting key [conv1.weight].length : 150, cost time : 0m:1s:181ms
2024-11-15 11:12:59,734 - fed_utils - INFO - encrypting key [conv1.bias].length : 6, cost time : 0m:0s:47ms
2024-11-15 11:12:59,734 - fed_utils - INFO - load key [conv2.weight].length : 2400, cost time : 0m:0s:0ms
2024-11-15 11:12:59,734 - fed_utils - INFO - load key [conv2.bias].length : 16, cost time : 0m:0s:0ms
2024-11-15 11:12:59,735 - fed_utils - INFO - load key [fc1.weight].length : 48000, cost time : 0m:0s:0ms
2024-11-15 11:12:59,735 - fed_utils - INFO - load key [fc1.bias].length : 120, cost time : 0m:0s:0ms
2024-11-15 11:12:59,735 - fed_utils - INFO - load key [fc2.weight].length : 10080, cost time : 0m:0s:0ms
2024-11-15 11:12:59,735 - fed_utils - INFO - load key [fc2.bias].length : 84, cost time : 0m:0s:0ms
2024-11-15 11:13:06,354 - fed_utils - INFO - encrypting key [fc3.weight].length : 840, cost time : 0m:6s:618ms
2024-11-15 11:13:06,433 - fed_utils - INFO - encrypting key [fc3.bias].length : 10, cost time : 0m:0s:78ms
2024-11-15 11:13:06,433 - fl_main - INFO - Server receive client_dict[f_00003] info ...
2024-11-15 11:13:06,433 - fl_main - INFO - ----- client id [f_00004] -----
2024-11-15 11:13:06,434 - client_base - INFO - recover model cost time : 0m:0s:0ms
2024-11-15 11:13:06,434 - fl_main - INFO - client_dict[f_00004] training ...
2024-11-15 11:13:06,435 - client_base - INFO - client_dict[f_00004] training epoch : 0
2024-11-15 11:13:06,828 - client_base - INFO - local model train cost time : 0m:0s:393ms
2024-11-15 11:13:06,829 - client_base - INFO - model encode time : 0m:0s:1ms
2024-11-15 11:13:06,830 - fl_main - INFO - client_dict[f_00004] local model encrypting ...
2024-11-15 11:13:08,013 - fed_utils - INFO - encrypting key [conv1.weight].length : 150, cost time : 0m:1s:182ms
2024-11-15 11:13:08,061 - fed_utils - INFO - encrypting key [conv1.bias].length : 6, cost time : 0m:0s:48ms
2024-11-15 11:13:08,061 - fed_utils - INFO - load key [conv2.weight].length : 2400, cost time : 0m:0s:0ms
2024-11-15 11:13:08,061 - fed_utils - INFO - load key [conv2.bias].length : 16, cost time : 0m:0s:0ms
2024-11-15 11:13:08,062 - fed_utils - INFO - load key [fc1.weight].length : 48000, cost time : 0m:0s:0ms
2024-11-15 11:13:08,063 - fed_utils - INFO - load key [fc1.bias].length : 120, cost time : 0m:0s:0ms
2024-11-15 11:13:08,063 - fed_utils - INFO - load key [fc2.weight].length : 10080, cost time : 0m:0s:0ms
2024-11-15 11:13:08,063 - fed_utils - INFO - load key [fc2.bias].length : 84, cost time : 0m:0s:0ms
2024-11-15 11:13:14,811 - fed_utils - INFO - encrypting key [fc3.weight].length : 840, cost time : 0m:6s:748ms
2024-11-15 11:13:14,890 - fed_utils - INFO - encrypting key [fc3.bias].length : 10, cost time : 0m:0s:79ms
2024-11-15 11:13:14,890 - fl_main - INFO - Server receive client_dict[f_00004] info ...
2024-11-15 11:13:14,891 - fl_main - INFO - ----- client id [f_00005] -----
2024-11-15 11:13:14,892 - client_base - INFO - recover model cost time : 0m:0s:0ms
2024-11-15 11:13:14,892 - fl_main - INFO - client_dict[f_00005] training ...
2024-11-15 11:13:14,892 - client_base - INFO - client_dict[f_00005] training epoch : 0
2024-11-15 11:13:15,272 - client_base - INFO - local model train cost time : 0m:0s:379ms
2024-11-15 11:13:15,273 - client_base - INFO - model encode time : 0m:0s:1ms
2024-11-15 11:13:15,273 - fl_main - INFO - client_dict[f_00005] local model encrypting ...
2024-11-15 11:13:16,460 - fed_utils - INFO - encrypting key [conv1.weight].length : 150, cost time : 0m:1s:186ms
2024-11-15 11:13:16,508 - fed_utils - INFO - encrypting key [conv1.bias].length : 6, cost time : 0m:0s:48ms
2024-11-15 11:13:16,508 - fed_utils - INFO - load key [conv2.weight].length : 2400, cost time : 0m:0s:0ms
2024-11-15 11:13:16,508 - fed_utils - INFO - load key [conv2.bias].length : 16, cost time : 0m:0s:0ms
2024-11-15 11:13:16,509 - fed_utils - INFO - load key [fc1.weight].length : 48000, cost time : 0m:0s:0ms
2024-11-15 11:13:16,509 - fed_utils - INFO - load key [fc1.bias].length : 120, cost time : 0m:0s:0ms
2024-11-15 11:13:16,510 - fed_utils - INFO - load key [fc2.weight].length : 10080, cost time : 0m:0s:0ms
2024-11-15 11:13:16,510 - fed_utils - INFO - load key [fc2.bias].length : 84, cost time : 0m:0s:0ms
2024-11-15 11:13:23,147 - fed_utils - INFO - encrypting key [fc3.weight].length : 840, cost time : 0m:6s:637ms
2024-11-15 11:13:23,226 - fed_utils - INFO - encrypting key [fc3.bias].length : 10, cost time : 0m:0s:79ms
2024-11-15 11:13:23,226 - fl_main - INFO - Server receive client_dict[f_00005] info ...
2024-11-15 11:13:23,226 - fl_main - INFO - ----- client id [f_00006] -----
2024-11-15 11:13:23,228 - client_base - INFO - recover model cost time : 0m:0s:0ms
2024-11-15 11:13:23,228 - fl_main - INFO - client_dict[f_00006] training ...
2024-11-15 11:13:23,228 - client_base - INFO - client_dict[f_00006] training epoch : 0
2024-11-15 11:13:23,620 - client_base - INFO - local model train cost time : 0m:0s:391ms
2024-11-15 11:13:23,621 - client_base - INFO - model encode time : 0m:0s:1ms
2024-11-15 11:13:23,622 - fl_main - INFO - client_dict[f_00006] local model encrypting ...
2024-11-15 11:13:24,804 - fed_utils - INFO - encrypting key [conv1.weight].length : 150, cost time : 0m:1s:182ms
2024-11-15 11:13:24,852 - fed_utils - INFO - encrypting key [conv1.bias].length : 6, cost time : 0m:0s:47ms
2024-11-15 11:13:24,852 - fed_utils - INFO - load key [conv2.weight].length : 2400, cost time : 0m:0s:0ms
2024-11-15 11:13:24,852 - fed_utils - INFO - load key [conv2.bias].length : 16, cost time : 0m:0s:0ms
2024-11-15 11:13:24,853 - fed_utils - INFO - load key [fc1.weight].length : 48000, cost time : 0m:0s:0ms
2024-11-15 11:13:24,853 - fed_utils - INFO - load key [fc1.bias].length : 120, cost time : 0m:0s:0ms
2024-11-15 11:13:24,853 - fed_utils - INFO - load key [fc2.weight].length : 10080, cost time : 0m:0s:0ms
2024-11-15 11:13:24,853 - fed_utils - INFO - load key [fc2.bias].length : 84, cost time : 0m:0s:0ms
2024-11-15 11:13:31,474 - fed_utils - INFO - encrypting key [fc3.weight].length : 840, cost time : 0m:6s:620ms
2024-11-15 11:13:31,553 - fed_utils - INFO - encrypting key [fc3.bias].length : 10, cost time : 0m:0s:78ms
2024-11-15 11:13:31,553 - fl_main - INFO - Server receive client_dict[f_00006] info ...
2024-11-15 11:13:31,554 - fl_main - INFO - ----- client id [f_00007] -----
2024-11-15 11:13:31,555 - client_base - INFO - recover model cost time : 0m:0s:0ms
2024-11-15 11:13:32,354 - fl_main - INFO - global round [19] client_dict[f_00007].accuracy : 0.919200
2024-11-15 11:13:32,354 - fl_main - INFO - client_dict[f_00007] training ...
2024-11-15 11:13:32,355 - client_base - INFO - client_dict[f_00007] training epoch : 0
2024-11-15 11:13:32,743 - client_base - INFO - local model train cost time : 0m:0s:388ms
2024-11-15 11:13:32,744 - client_base - INFO - model encode time : 0m:0s:1ms
2024-11-15 11:13:32,744 - fl_main - INFO - client_dict[f_00007] local model encrypting ...
2024-11-15 11:13:33,927 - fed_utils - INFO - encrypting key [conv1.weight].length : 150, cost time : 0m:1s:182ms
2024-11-15 11:13:33,975 - fed_utils - INFO - encrypting key [conv1.bias].length : 6, cost time : 0m:0s:47ms
2024-11-15 11:13:33,975 - fed_utils - INFO - load key [conv2.weight].length : 2400, cost time : 0m:0s:0ms
2024-11-15 11:13:33,975 - fed_utils - INFO - load key [conv2.bias].length : 16, cost time : 0m:0s:0ms
2024-11-15 11:13:33,976 - fed_utils - INFO - load key [fc1.weight].length : 48000, cost time : 0m:0s:0ms
2024-11-15 11:13:33,976 - fed_utils - INFO - load key [fc1.bias].length : 120, cost time : 0m:0s:0ms
2024-11-15 11:13:33,977 - fed_utils - INFO - load key [fc2.weight].length : 10080, cost time : 0m:0s:0ms
2024-11-15 11:13:33,977 - fed_utils - INFO - load key [fc2.bias].length : 84, cost time : 0m:0s:0ms
2024-11-15 11:13:40,600 - fed_utils - INFO - encrypting key [fc3.weight].length : 840, cost time : 0m:6s:623ms
2024-11-15 11:13:40,679 - fed_utils - INFO - encrypting key [fc3.bias].length : 10, cost time : 0m:0s:79ms
2024-11-15 11:13:40,679 - fl_main - INFO - Server receive client_dict[f_00007] info ...
2024-11-15 11:13:40,680 - fl_main - INFO - ----- client id [f_00008] -----
2024-11-15 11:13:40,681 - client_base - INFO - recover model cost time : 0m:0s:0ms
2024-11-15 11:13:40,681 - fl_main - INFO - client_dict[f_00008] training ...
2024-11-15 11:13:40,682 - client_base - INFO - client_dict[f_00008] training epoch : 0
2024-11-15 11:13:41,064 - client_base - INFO - local model train cost time : 0m:0s:382ms
2024-11-15 11:13:41,065 - client_base - INFO - model encode time : 0m:0s:1ms
2024-11-15 11:13:41,065 - fl_main - INFO - client_dict[f_00008] local model encrypting ...
2024-11-15 11:13:42,246 - fed_utils - INFO - encrypting key [conv1.weight].length : 150, cost time : 0m:1s:180ms
2024-11-15 11:13:42,294 - fed_utils - INFO - encrypting key [conv1.bias].length : 6, cost time : 0m:0s:47ms
2024-11-15 11:13:42,294 - fed_utils - INFO - load key [conv2.weight].length : 2400, cost time : 0m:0s:0ms
2024-11-15 11:13:42,294 - fed_utils - INFO - load key [conv2.bias].length : 16, cost time : 0m:0s:0ms
2024-11-15 11:13:42,295 - fed_utils - INFO - load key [fc1.weight].length : 48000, cost time : 0m:0s:0ms
2024-11-15 11:13:42,295 - fed_utils - INFO - load key [fc1.bias].length : 120, cost time : 0m:0s:0ms
2024-11-15 11:13:42,296 - fed_utils - INFO - load key [fc2.weight].length : 10080, cost time : 0m:0s:0ms
2024-11-15 11:13:42,296 - fed_utils - INFO - load key [fc2.bias].length : 84, cost time : 0m:0s:0ms
2024-11-15 11:13:48,915 - fed_utils - INFO - encrypting key [fc3.weight].length : 840, cost time : 0m:6s:619ms
2024-11-15 11:13:48,994 - fed_utils - INFO - encrypting key [fc3.bias].length : 10, cost time : 0m:0s:78ms
2024-11-15 11:13:48,994 - fl_main - INFO - Server receive client_dict[f_00008] info ...
2024-11-15 11:13:48,995 - fl_main - INFO - ----- client id [f_00009] -----
2024-11-15 11:13:48,996 - client_base - INFO - recover model cost time : 0m:0s:0ms
2024-11-15 11:13:48,996 - fl_main - INFO - client_dict[f_00009] training ...
2024-11-15 11:13:48,997 - client_base - INFO - client_dict[f_00009] training epoch : 0
2024-11-15 11:13:49,393 - client_base - INFO - local model train cost time : 0m:0s:396ms
2024-11-15 11:13:49,394 - client_base - INFO - model encode time : 0m:0s:1ms
2024-11-15 11:13:49,395 - fl_main - INFO - client_dict[f_00009] local model encrypting ...
2024-11-15 11:13:50,580 - fed_utils - INFO - encrypting key [conv1.weight].length : 150, cost time : 0m:1s:185ms
2024-11-15 11:13:50,628 - fed_utils - INFO - encrypting key [conv1.bias].length : 6, cost time : 0m:0s:48ms
2024-11-15 11:13:50,628 - fed_utils - INFO - load key [conv2.weight].length : 2400, cost time : 0m:0s:0ms
2024-11-15 11:13:50,628 - fed_utils - INFO - load key [conv2.bias].length : 16, cost time : 0m:0s:0ms
2024-11-15 11:13:50,629 - fed_utils - INFO - load key [fc1.weight].length : 48000, cost time : 0m:0s:0ms
2024-11-15 11:13:50,629 - fed_utils - INFO - load key [fc1.bias].length : 120, cost time : 0m:0s:0ms
2024-11-15 11:13:50,630 - fed_utils - INFO - load key [fc2.weight].length : 10080, cost time : 0m:0s:0ms
2024-11-15 11:13:50,630 - fed_utils - INFO - load key [fc2.bias].length : 84, cost time : 0m:0s:0ms
2024-11-15 11:13:57,263 - fed_utils - INFO - encrypting key [fc3.weight].length : 840, cost time : 0m:6s:633ms
2024-11-15 11:13:57,343 - fed_utils - INFO - encrypting key [fc3.bias].length : 10, cost time : 0m:0s:79ms
2024-11-15 11:13:57,343 - fl_main - INFO - Server receive client_dict[f_00009] info ...
2024-11-15 11:13:57,343 - fl_main - INFO - ----- client id [f_00010] -----
2024-11-15 11:13:57,345 - client_base - INFO - recover model cost time : 0m:0s:0ms
2024-11-15 11:13:57,345 - fl_main - INFO - client_dict[f_00010] training ...
2024-11-15 11:13:57,345 - client_base - INFO - client_dict[f_00010] training epoch : 0
2024-11-15 11:13:57,733 - client_base - INFO - local model train cost time : 0m:0s:387ms
2024-11-15 11:13:57,735 - client_base - INFO - model encode time : 0m:0s:1ms
2024-11-15 11:13:57,735 - fl_main - INFO - client_dict[f_00010] local model encrypting ...
2024-11-15 11:13:58,918 - fed_utils - INFO - encrypting key [conv1.weight].length : 150, cost time : 0m:1s:182ms
2024-11-15 11:13:58,966 - fed_utils - INFO - encrypting key [conv1.bias].length : 6, cost time : 0m:0s:47ms
2024-11-15 11:13:58,966 - fed_utils - INFO - load key [conv2.weight].length : 2400, cost time : 0m:0s:0ms
2024-11-15 11:13:58,966 - fed_utils - INFO - load key [conv2.bias].length : 16, cost time : 0m:0s:0ms
2024-11-15 11:13:58,967 - fed_utils - INFO - load key [fc1.weight].length : 48000, cost time : 0m:0s:0ms
2024-11-15 11:13:58,967 - fed_utils - INFO - load key [fc1.bias].length : 120, cost time : 0m:0s:0ms
2024-11-15 11:13:58,968 - fed_utils - INFO - load key [fc2.weight].length : 10080, cost time : 0m:0s:0ms
2024-11-15 11:13:58,968 - fed_utils - INFO - load key [fc2.bias].length : 84, cost time : 0m:0s:0ms
2024-11-15 11:14:05,586 - fed_utils - INFO - encrypting key [fc3.weight].length : 840, cost time : 0m:6s:618ms
2024-11-15 11:14:05,665 - fed_utils - INFO - encrypting key [fc3.bias].length : 10, cost time : 0m:0s:78ms
2024-11-15 11:14:05,665 - fl_main - INFO - Server receive client_dict[f_00010] info ...
2024-11-15 11:14:05,665 - fl_main - INFO - ----- client id [f_00011] -----
2024-11-15 11:14:05,666 - client_base - INFO - recover model cost time : 0m:0s:0ms
2024-11-15 11:14:05,666 - fl_main - INFO - client_dict[f_00011] training ...
2024-11-15 11:14:05,667 - client_base - INFO - client_dict[f_00011] training epoch : 0
2024-11-15 11:14:06,051 - client_base - INFO - local model train cost time : 0m:0s:384ms
2024-11-15 11:14:06,053 - client_base - INFO - model encode time : 0m:0s:1ms
2024-11-15 11:14:06,053 - fl_main - INFO - client_dict[f_00011] local model encrypting ...
2024-11-15 11:14:07,239 - fed_utils - INFO - encrypting key [conv1.weight].length : 150, cost time : 0m:1s:185ms
2024-11-15 11:14:07,287 - fed_utils - INFO - encrypting key [conv1.bias].length : 6, cost time : 0m:0s:47ms
2024-11-15 11:14:07,287 - fed_utils - INFO - load key [conv2.weight].length : 2400, cost time : 0m:0s:0ms
2024-11-15 11:14:07,287 - fed_utils - INFO - load key [conv2.bias].length : 16, cost time : 0m:0s:0ms
2024-11-15 11:14:07,288 - fed_utils - INFO - load key [fc1.weight].length : 48000, cost time : 0m:0s:0ms
2024-11-15 11:14:07,288 - fed_utils - INFO - load key [fc1.bias].length : 120, cost time : 0m:0s:0ms
2024-11-15 11:14:07,288 - fed_utils - INFO - load key [fc2.weight].length : 10080, cost time : 0m:0s:0ms
2024-11-15 11:14:07,288 - fed_utils - INFO - load key [fc2.bias].length : 84, cost time : 0m:0s:0ms
2024-11-15 11:14:13,918 - fed_utils - INFO - encrypting key [fc3.weight].length : 840, cost time : 0m:6s:629ms
2024-11-15 11:14:13,997 - fed_utils - INFO - encrypting key [fc3.bias].length : 10, cost time : 0m:0s:79ms
2024-11-15 11:14:13,997 - fl_main - INFO - Server receive client_dict[f_00011] info ...
2024-11-15 11:14:13,998 - fl_main - INFO - ----- client id [f_00012] -----
2024-11-15 11:14:13,999 - client_base - INFO - recover model cost time : 0m:0s:0ms
2024-11-15 11:14:13,999 - fl_main - INFO - client_dict[f_00012] training ...
2024-11-15 11:14:13,999 - client_base - INFO - client_dict[f_00012] training epoch : 0
2024-11-15 11:14:14,389 - client_base - INFO - local model train cost time : 0m:0s:389ms
2024-11-15 11:14:14,390 - client_base - INFO - model encode time : 0m:0s:1ms
2024-11-15 11:14:14,391 - fl_main - INFO - client_dict[f_00012] local model encrypting ...
2024-11-15 11:14:15,572 - fed_utils - INFO - encrypting key [conv1.weight].length : 150, cost time : 0m:1s:181ms
2024-11-15 11:14:15,620 - fed_utils - INFO - encrypting key [conv1.bias].length : 6, cost time : 0m:0s:47ms
2024-11-15 11:14:15,620 - fed_utils - INFO - load key [conv2.weight].length : 2400, cost time : 0m:0s:0ms
2024-11-15 11:14:15,620 - fed_utils - INFO - load key [conv2.bias].length : 16, cost time : 0m:0s:0ms
2024-11-15 11:14:15,621 - fed_utils - INFO - load key [fc1.weight].length : 48000, cost time : 0m:0s:0ms
2024-11-15 11:14:15,621 - fed_utils - INFO - load key [fc1.bias].length : 120, cost time : 0m:0s:0ms
2024-11-15 11:14:15,622 - fed_utils - INFO - load key [fc2.weight].length : 10080, cost time : 0m:0s:0ms
2024-11-15 11:14:15,622 - fed_utils - INFO - load key [fc2.bias].length : 84, cost time : 0m:0s:0ms
2024-11-15 11:14:22,241 - fed_utils - INFO - encrypting key [fc3.weight].length : 840, cost time : 0m:6s:619ms
2024-11-15 11:14:22,320 - fed_utils - INFO - encrypting key [fc3.bias].length : 10, cost time : 0m:0s:79ms
2024-11-15 11:14:22,320 - fl_main - INFO - Server receive client_dict[f_00012] info ...
2024-11-15 11:14:22,320 - fl_main - INFO - ----- client id [f_00013] -----
2024-11-15 11:14:22,322 - client_base - INFO - recover model cost time : 0m:0s:0ms
2024-11-15 11:14:22,322 - fl_main - INFO - client_dict[f_00013] training ...
2024-11-15 11:14:22,322 - client_base - INFO - client_dict[f_00013] training epoch : 0
2024-11-15 11:14:22,713 - client_base - INFO - local model train cost time : 0m:0s:390ms
2024-11-15 11:14:22,715 - client_base - INFO - model encode time : 0m:0s:1ms
2024-11-15 11:14:22,715 - fl_main - INFO - client_dict[f_00013] local model encrypting ...
2024-11-15 11:14:23,896 - fed_utils - INFO - encrypting key [conv1.weight].length : 150, cost time : 0m:1s:181ms
2024-11-15 11:14:23,944 - fed_utils - INFO - encrypting key [conv1.bias].length : 6, cost time : 0m:0s:47ms
2024-11-15 11:14:23,944 - fed_utils - INFO - load key [conv2.weight].length : 2400, cost time : 0m:0s:0ms
2024-11-15 11:14:23,944 - fed_utils - INFO - load key [conv2.bias].length : 16, cost time : 0m:0s:0ms
2024-11-15 11:14:23,945 - fed_utils - INFO - load key [fc1.weight].length : 48000, cost time : 0m:0s:0ms
2024-11-15 11:14:23,945 - fed_utils - INFO - load key [fc1.bias].length : 120, cost time : 0m:0s:0ms
2024-11-15 11:14:23,945 - fed_utils - INFO - load key [fc2.weight].length : 10080, cost time : 0m:0s:0ms
2024-11-15 11:14:23,946 - fed_utils - INFO - load key [fc2.bias].length : 84, cost time : 0m:0s:0ms
2024-11-15 11:14:30,563 - fed_utils - INFO - encrypting key [fc3.weight].length : 840, cost time : 0m:6s:617ms
2024-11-15 11:14:30,642 - fed_utils - INFO - encrypting key [fc3.bias].length : 10, cost time : 0m:0s:79ms
2024-11-15 11:14:30,642 - fl_main - INFO - Server receive client_dict[f_00013] info ...
2024-11-15 11:14:30,642 - fl_main - INFO - ----- client id [f_00014] -----
2024-11-15 11:14:30,644 - client_base - INFO - recover model cost time : 0m:0s:0ms
2024-11-15 11:14:30,644 - fl_main - INFO - client_dict[f_00014] training ...
2024-11-15 11:14:30,644 - client_base - INFO - client_dict[f_00014] training epoch : 0
2024-11-15 11:14:31,032 - client_base - INFO - local model train cost time : 0m:0s:387ms
2024-11-15 11:14:31,033 - client_base - INFO - model encode time : 0m:0s:1ms
2024-11-15 11:14:31,033 - fl_main - INFO - client_dict[f_00014] local model encrypting ...
2024-11-15 11:14:32,214 - fed_utils - INFO - encrypting key [conv1.weight].length : 150, cost time : 0m:1s:180ms
2024-11-15 11:14:32,262 - fed_utils - INFO - encrypting key [conv1.bias].length : 6, cost time : 0m:0s:47ms
2024-11-15 11:14:32,262 - fed_utils - INFO - load key [conv2.weight].length : 2400, cost time : 0m:0s:0ms
2024-11-15 11:14:32,263 - fed_utils - INFO - load key [conv2.bias].length : 16, cost time : 0m:0s:0ms
2024-11-15 11:14:32,263 - fed_utils - INFO - load key [fc1.weight].length : 48000, cost time : 0m:0s:0ms
2024-11-15 11:14:32,264 - fed_utils - INFO - load key [fc1.bias].length : 120, cost time : 0m:0s:0ms
2024-11-15 11:14:32,264 - fed_utils - INFO - load key [fc2.weight].length : 10080, cost time : 0m:0s:0ms
2024-11-15 11:14:32,264 - fed_utils - INFO - load key [fc2.bias].length : 84, cost time : 0m:0s:0ms
2024-11-15 11:14:38,878 - fed_utils - INFO - encrypting key [fc3.weight].length : 840, cost time : 0m:6s:613ms
2024-11-15 11:14:38,957 - fed_utils - INFO - encrypting key [fc3.bias].length : 10, cost time : 0m:0s:78ms
2024-11-15 11:14:38,957 - fl_main - INFO - Server receive client_dict[f_00014] info ...
2024-11-15 11:14:38,957 - fl_main - INFO - ----- client id [f_00015] -----
2024-11-15 11:14:38,958 - client_base - INFO - recover model cost time : 0m:0s:0ms
2024-11-15 11:14:38,958 - fl_main - INFO - client_dict[f_00015] training ...
2024-11-15 11:14:38,959 - client_base - INFO - client_dict[f_00015] training epoch : 0
2024-11-15 11:14:39,351 - client_base - INFO - local model train cost time : 0m:0s:392ms
2024-11-15 11:14:39,353 - client_base - INFO - model encode time : 0m:0s:1ms
2024-11-15 11:14:39,353 - fl_main - INFO - client_dict[f_00015] local model encrypting ...
2024-11-15 11:14:40,536 - fed_utils - INFO - encrypting key [conv1.weight].length : 150, cost time : 0m:1s:183ms
2024-11-15 11:14:40,584 - fed_utils - INFO - encrypting key [conv1.bias].length : 6, cost time : 0m:0s:47ms
2024-11-15 11:14:40,584 - fed_utils - INFO - load key [conv2.weight].length : 2400, cost time : 0m:0s:0ms
2024-11-15 11:14:40,584 - fed_utils - INFO - load key [conv2.bias].length : 16, cost time : 0m:0s:0ms
2024-11-15 11:14:40,585 - fed_utils - INFO - load key [fc1.weight].length : 48000, cost time : 0m:0s:0ms
2024-11-15 11:14:40,585 - fed_utils - INFO - load key [fc1.bias].length : 120, cost time : 0m:0s:0ms
2024-11-15 11:14:40,586 - fed_utils - INFO - load key [fc2.weight].length : 10080, cost time : 0m:0s:0ms
2024-11-15 11:14:40,586 - fed_utils - INFO - load key [fc2.bias].length : 84, cost time : 0m:0s:0ms
2024-11-15 11:14:47,211 - fed_utils - INFO - encrypting key [fc3.weight].length : 840, cost time : 0m:6s:625ms
2024-11-15 11:14:47,290 - fed_utils - INFO - encrypting key [fc3.bias].length : 10, cost time : 0m:0s:78ms
2024-11-15 11:14:47,290 - fl_main - INFO - Server receive client_dict[f_00015] info ...
2024-11-15 11:14:47,291 - fl_main - INFO - ----- client id [f_00016] -----
2024-11-15 11:14:47,292 - client_base - INFO - recover model cost time : 0m:0s:0ms
2024-11-15 11:14:47,292 - fl_main - INFO - client_dict[f_00016] training ...
2024-11-15 11:14:47,293 - client_base - INFO - client_dict[f_00016] training epoch : 0
2024-11-15 11:14:47,675 - client_base - INFO - local model train cost time : 0m:0s:382ms
2024-11-15 11:14:47,677 - client_base - INFO - model encode time : 0m:0s:1ms
2024-11-15 11:14:47,677 - fl_main - INFO - client_dict[f_00016] local model encrypting ...
2024-11-15 11:14:48,860 - fed_utils - INFO - encrypting key [conv1.weight].length : 150, cost time : 0m:1s:182ms
2024-11-15 11:14:48,908 - fed_utils - INFO - encrypting key [conv1.bias].length : 6, cost time : 0m:0s:47ms
2024-11-15 11:14:48,908 - fed_utils - INFO - load key [conv2.weight].length : 2400, cost time : 0m:0s:0ms
2024-11-15 11:14:48,908 - fed_utils - INFO - load key [conv2.bias].length : 16, cost time : 0m:0s:0ms
2024-11-15 11:14:48,909 - fed_utils - INFO - load key [fc1.weight].length : 48000, cost time : 0m:0s:0ms
2024-11-15 11:14:48,909 - fed_utils - INFO - load key [fc1.bias].length : 120, cost time : 0m:0s:0ms
2024-11-15 11:14:48,910 - fed_utils - INFO - load key [fc2.weight].length : 10080, cost time : 0m:0s:0ms
2024-11-15 11:14:48,910 - fed_utils - INFO - load key [fc2.bias].length : 84, cost time : 0m:0s:0ms
2024-11-15 11:14:55,538 - fed_utils - INFO - encrypting key [fc3.weight].length : 840, cost time : 0m:6s:627ms
2024-11-15 11:14:55,617 - fed_utils - INFO - encrypting key [fc3.bias].length : 10, cost time : 0m:0s:78ms
2024-11-15 11:14:55,617 - fl_main - INFO - Server receive client_dict[f_00016] info ...
2024-11-15 11:14:55,617 - fl_main - INFO - ----- client id [f_00017] -----
2024-11-15 11:14:55,618 - client_base - INFO - recover model cost time : 0m:0s:0ms
2024-11-15 11:14:55,618 - fl_main - INFO - client_dict[f_00017] training ...
2024-11-15 11:14:55,619 - client_base - INFO - client_dict[f_00017] training epoch : 0
2024-11-15 11:14:56,002 - client_base - INFO - local model train cost time : 0m:0s:383ms
2024-11-15 11:14:56,004 - client_base - INFO - model encode time : 0m:0s:1ms
2024-11-15 11:14:56,004 - fl_main - INFO - client_dict[f_00017] local model encrypting ...
2024-11-15 11:14:57,190 - fed_utils - INFO - encrypting key [conv1.weight].length : 150, cost time : 0m:1s:185ms
2024-11-15 11:14:57,238 - fed_utils - INFO - encrypting key [conv1.bias].length : 6, cost time : 0m:0s:48ms
2024-11-15 11:14:57,238 - fed_utils - INFO - load key [conv2.weight].length : 2400, cost time : 0m:0s:0ms
2024-11-15 11:14:57,238 - fed_utils - INFO - load key [conv2.bias].length : 16, cost time : 0m:0s:0ms
2024-11-15 11:14:57,239 - fed_utils - INFO - load key [fc1.weight].length : 48000, cost time : 0m:0s:0ms
2024-11-15 11:14:57,239 - fed_utils - INFO - load key [fc1.bias].length : 120, cost time : 0m:0s:0ms
2024-11-15 11:14:57,239 - fed_utils - INFO - load key [fc2.weight].length : 10080, cost time : 0m:0s:0ms
2024-11-15 11:14:57,239 - fed_utils - INFO - load key [fc2.bias].length : 84, cost time : 0m:0s:0ms
2024-11-15 11:15:03,870 - fed_utils - INFO - encrypting key [fc3.weight].length : 840, cost time : 0m:6s:630ms
2024-11-15 11:15:03,949 - fed_utils - INFO - encrypting key [fc3.bias].length : 10, cost time : 0m:0s:78ms
2024-11-15 11:15:03,949 - fl_main - INFO - Server receive client_dict[f_00017] info ...
2024-11-15 11:15:03,949 - fl_main - INFO - ----- client id [f_00018] -----
2024-11-15 11:15:03,950 - client_base - INFO - recover model cost time : 0m:0s:0ms
2024-11-15 11:15:03,950 - fl_main - INFO - client_dict[f_00018] training ...
2024-11-15 11:15:03,951 - client_base - INFO - client_dict[f_00018] training epoch : 0
2024-11-15 11:15:04,329 - client_base - INFO - local model train cost time : 0m:0s:377ms
2024-11-15 11:15:04,330 - client_base - INFO - model encode time : 0m:0s:1ms
2024-11-15 11:15:04,330 - fl_main - INFO - client_dict[f_00018] local model encrypting ...
2024-11-15 11:15:05,513 - fed_utils - INFO - encrypting key [conv1.weight].length : 150, cost time : 0m:1s:182ms
2024-11-15 11:15:05,561 - fed_utils - INFO - encrypting key [conv1.bias].length : 6, cost time : 0m:0s:47ms
2024-11-15 11:15:05,561 - fed_utils - INFO - load key [conv2.weight].length : 2400, cost time : 0m:0s:0ms
2024-11-15 11:15:05,561 - fed_utils - INFO - load key [conv2.bias].length : 16, cost time : 0m:0s:0ms
2024-11-15 11:15:05,562 - fed_utils - INFO - load key [fc1.weight].length : 48000, cost time : 0m:0s:1ms
2024-11-15 11:15:05,562 - fed_utils - INFO - load key [fc1.bias].length : 120, cost time : 0m:0s:0ms
2024-11-15 11:15:05,562 - fed_utils - INFO - load key [fc2.weight].length : 10080, cost time : 0m:0s:0ms
2024-11-15 11:15:05,562 - fed_utils - INFO - load key [fc2.bias].length : 84, cost time : 0m:0s:0ms
2024-11-15 11:15:12,179 - fed_utils - INFO - encrypting key [fc3.weight].length : 840, cost time : 0m:6s:616ms
2024-11-15 11:15:12,258 - fed_utils - INFO - encrypting key [fc3.bias].length : 10, cost time : 0m:0s:79ms
2024-11-15 11:15:12,258 - fl_main - INFO - Server receive client_dict[f_00018] info ...
2024-11-15 11:15:12,258 - fl_main - INFO - ----- client id [f_00019] -----
2024-11-15 11:15:12,259 - client_base - INFO - recover model cost time : 0m:0s:0ms
2024-11-15 11:15:12,259 - fl_main - INFO - client_dict[f_00019] training ...
2024-11-15 11:15:12,260 - client_base - INFO - client_dict[f_00019] training epoch : 0
2024-11-15 11:15:12,639 - client_base - INFO - local model train cost time : 0m:0s:378ms
2024-11-15 11:15:12,640 - client_base - INFO - model encode time : 0m:0s:1ms
2024-11-15 11:15:12,641 - fl_main - INFO - client_dict[f_00019] local model encrypting ...
2024-11-15 11:15:13,824 - fed_utils - INFO - encrypting key [conv1.weight].length : 150, cost time : 0m:1s:182ms
2024-11-15 11:15:13,872 - fed_utils - INFO - encrypting key [conv1.bias].length : 6, cost time : 0m:0s:47ms
2024-11-15 11:15:13,872 - fed_utils - INFO - load key [conv2.weight].length : 2400, cost time : 0m:0s:0ms
2024-11-15 11:15:13,872 - fed_utils - INFO - load key [conv2.bias].length : 16, cost time : 0m:0s:0ms
2024-11-15 11:15:13,873 - fed_utils - INFO - load key [fc1.weight].length : 48000, cost time : 0m:0s:1ms
2024-11-15 11:15:13,873 - fed_utils - INFO - load key [fc1.bias].length : 120, cost time : 0m:0s:0ms
2024-11-15 11:15:13,874 - fed_utils - INFO - load key [fc2.weight].length : 10080, cost time : 0m:0s:0ms
2024-11-15 11:15:13,874 - fed_utils - INFO - load key [fc2.bias].length : 84, cost time : 0m:0s:0ms
2024-11-15 11:15:20,490 - fed_utils - INFO - encrypting key [fc3.weight].length : 840, cost time : 0m:6s:615ms
2024-11-15 11:15:20,569 - fed_utils - INFO - encrypting key [fc3.bias].length : 10, cost time : 0m:0s:79ms
2024-11-15 11:15:20,569 - fl_main - INFO - Server receive client_dict[f_00019] info ...
2024-11-15 11:15:20,570 - fl_main - INFO - global aggregation process ...
2024-11-15 11:15:20,570 - fed_utils - INFO - server.n_data : 60000
2024-11-15 11:15:20,570 - fed_utils - INFO - client_dict[f_00000].weight : 0.050000
2024-11-15 11:15:20,570 - fed_utils - INFO - client_dict[f_00001].weight : 0.050000
2024-11-15 11:15:20,570 - fed_utils - INFO - client_dict[f_00002].weight : 0.050000
2024-11-15 11:15:20,570 - fed_utils - INFO - client_dict[f_00003].weight : 0.050000
2024-11-15 11:15:20,570 - fed_utils - INFO - client_dict[f_00004].weight : 0.050000
2024-11-15 11:15:20,570 - fed_utils - INFO - client_dict[f_00005].weight : 0.050000
2024-11-15 11:15:20,570 - fed_utils - INFO - client_dict[f_00006].weight : 0.050000
2024-11-15 11:15:20,570 - fed_utils - INFO - client_dict[f_00007].weight : 0.050000
2024-11-15 11:15:20,570 - fed_utils - INFO - client_dict[f_00008].weight : 0.050000
2024-11-15 11:15:20,570 - fed_utils - INFO - client_dict[f_00009].weight : 0.050000
2024-11-15 11:15:20,570 - fed_utils - INFO - client_dict[f_00010].weight : 0.050000
2024-11-15 11:15:20,570 - fed_utils - INFO - client_dict[f_00011].weight : 0.050000
2024-11-15 11:15:20,570 - fed_utils - INFO - client_dict[f_00012].weight : 0.050000
2024-11-15 11:15:20,570 - fed_utils - INFO - client_dict[f_00013].weight : 0.050000
2024-11-15 11:15:20,570 - fed_utils - INFO - client_dict[f_00014].weight : 0.050000
2024-11-15 11:15:20,570 - fed_utils - INFO - client_dict[f_00015].weight : 0.050000
2024-11-15 11:15:20,571 - fed_utils - INFO - client_dict[f_00016].weight : 0.050000
2024-11-15 11:15:20,571 - fed_utils - INFO - client_dict[f_00017].weight : 0.050000
2024-11-15 11:15:20,571 - fed_utils - INFO - client_dict[f_00018].weight : 0.050000
2024-11-15 11:15:20,571 - fed_utils - INFO - client_dict[f_00019].weight : 0.050000
2024-11-15 11:15:20,571 - fed_utils - INFO - recover secret number by clients: 789319.750000
2024-11-15 11:15:20,571 - server_base - INFO - Server aggregate model with homomorphic encryption ...
2024-11-15 11:15:27,255 - server_base - INFO - Server aggregate model done, cost time : 0m:6s:684ms
2024-11-15 11:15:27,598 - fed_utils - INFO - decrypting key [conv1.weight].shape [torch.Size([6, 1, 5, 5])]
2024-11-15 11:15:27,612 - fed_utils - INFO - decrypting key [conv1.bias].shape [torch.Size([6])]
2024-11-15 11:15:27,612 - fed_utils - INFO - decrypting key [conv2.weight].shape [torch.Size([16, 6, 5, 5])]
2024-11-15 11:15:27,612 - fed_utils - INFO - decrypting key [conv2.bias].shape [torch.Size([16])]
2024-11-15 11:15:27,612 - fed_utils - INFO - decrypting key [fc1.weight].shape [torch.Size([120, 400])]
2024-11-15 11:15:27,612 - fed_utils - INFO - decrypting key [fc1.bias].shape [torch.Size([120])]
2024-11-15 11:15:27,612 - fed_utils - INFO - decrypting key [fc2.weight].shape [torch.Size([84, 120])]
2024-11-15 11:15:27,613 - fed_utils - INFO - decrypting key [fc2.bias].shape [torch.Size([84])]
2024-11-15 11:15:29,530 - fed_utils - INFO - decrypting key [fc3.weight].shape [torch.Size([10, 84])]
2024-11-15 11:15:29,553 - fed_utils - INFO - decrypting key [fc3.bias].shape [torch.Size([10])]
2024-11-15 11:15:29,553 - fed_utils - INFO - decrypt time : [0m:2s:297ms]
2024-11-15 11:15:29,563 - fl_main - INFO - [global round : 19] aggregated model accuracy : 0.9192
2024-11-15 11:15:29,563 - fl_main - INFO - [global round : 19] aggregated model loss : 0.2972316217248368
2024-11-15 11:15:29,564 - fl_main - INFO - global round : 20
2024-11-15 11:15:29,564 - fl_main - INFO - the random client id to test accuracy : f_00002
2024-11-15 11:15:29,564 - fl_main - INFO - ----- client id [f_00002] -----
2024-11-15 11:15:29,565 - client_base - INFO - recover model cost time : 0m:0s:0ms
2024-11-15 11:15:30,356 - fl_main - INFO - global round [20] client_dict[f_00002].accuracy : 0.924500
2024-11-15 11:15:31,144 - fl_main - INFO - Final accuracy : 0.924500
