2024-11-19 00:12:14,056 - fl_main - INFO - data divide is iid
2024-11-19 00:12:17,263 - fed_utils - INFO - init global model cost time : 0m:0s:101ms
2024-11-19 00:12:18,279 - fed_utils - INFO - init global model cost time : 0m:0s:11ms
2024-11-19 00:12:18,294 - fed_utils - INFO - init global model cost time : 0m:0s:14ms
2024-11-19 00:12:18,308 - fed_utils - INFO - init global model cost time : 0m:0s:14ms
2024-11-19 00:12:18,322 - fed_utils - INFO - init global model cost time : 0m:0s:14ms
2024-11-19 00:12:18,336 - fed_utils - INFO - init global model cost time : 0m:0s:13ms
2024-11-19 00:12:18,336 - fed_utils - INFO - generating secret number and splitting it ...
2024-11-19 00:12:18,336 - fed_utils - INFO - secret_number : 15786395.000000
2024-11-19 00:12:18,337 - fed_utils - INFO - client_dict[f_00000].share : 1849447.000000
2024-11-19 00:12:18,337 - fed_utils - INFO - client_dict[f_00001].share : 150473.000000
2024-11-19 00:12:18,337 - fed_utils - INFO - client_dict[f_00002].share : 918253.000000
2024-11-19 00:12:18,337 - fed_utils - INFO - client_dict[f_00003].share : 163853.000000
2024-11-19 00:12:18,337 - fed_utils - INFO - client_dict[f_00004].share : 12704369.000000
2024-11-19 00:12:18,337 - server_base - INFO - Server set model shape and dtype ...
2024-11-19 00:12:18,337 - server_base - INFO - Server generate pk and sk ...
2024-11-19 00:12:18,377 - server_base - INFO - Server generate pk and sk done, time : 0m:0s:39ms
2024-11-19 00:12:18,377 - server_base - INFO - Public key : <PaillierPublicKey 10a0dc2353>
2024-11-19 00:12:18,377 - server_base - INFO - Private key : <PaillierPrivateKey for <PaillierPublicKey 10a0dc2353>>
2024-11-19 00:12:18,412 - fl_main - INFO - Training process start ...
2024-11-19 00:12:18,412 - fl_main - INFO - global round : 0
2024-11-19 00:12:18,413 - fl_main - INFO - the random client id to test accuracy : f_00003
2024-11-19 00:12:18,413 - fl_main - INFO - ----- client id [f_00000] -----
2024-11-19 00:12:18,427 - fed_utils - INFO - init global model cost time : 0m:0s:14ms
2024-11-19 00:12:18,452 - fl_main - INFO - client_dict[f_00000] training ...
2024-11-19 00:12:47,155 - client_base - INFO - client_dict[f_00000] training epoch : 0
2024-11-19 00:12:59,572 - client_base - INFO - local model train cost time : 0m:12s:417ms
2024-11-19 00:12:59,599 - client_base - INFO - model encode time : 0m:0s:27ms
2024-11-19 00:12:59,600 - fl_main - INFO - client_dict[f_00000] local model encrypting ...
2024-11-19 00:13:37,426 - fed_utils - INFO - encrypting key [features.0.weight].length : 4800, cost time : 0m:37s:826ms
2024-11-19 00:13:37,943 - fed_utils - INFO - encrypting key [features.0.bias].length : 64, cost time : 0m:0s:516ms
2024-11-19 00:13:37,946 - fed_utils - INFO - load key [features.4.weight].length : 102400, cost time : 0m:0s:2ms
2024-11-19 00:13:37,946 - fed_utils - INFO - load key [features.4.bias].length : 64, cost time : 0m:0s:0ms
2024-11-19 00:13:37,991 - fed_utils - INFO - load key [classifier.0.weight].length : 1572864, cost time : 0m:0s:45ms
2024-11-19 00:13:37,992 - fed_utils - INFO - load key [classifier.0.bias].length : 384, cost time : 0m:0s:0ms
2024-11-19 00:13:37,993 - fed_utils - INFO - load key [classifier.2.weight].length : 73728, cost time : 0m:0s:1ms
2024-11-19 00:13:37,993 - fed_utils - INFO - load key [classifier.2.bias].length : 192, cost time : 0m:0s:0ms
2024-11-19 00:13:53,126 - fed_utils - INFO - encrypting key [classifier.4.weight].length : 1920, cost time : 0m:15s:132ms
2024-11-19 00:13:53,205 - fed_utils - INFO - encrypting key [classifier.4.bias].length : 10, cost time : 0m:0s:79ms
2024-11-19 00:13:53,205 - fl_main - INFO - Server receive client_dict[f_00000] info ...
2024-11-19 00:13:53,206 - fl_main - INFO - ----- client id [f_00001] -----
2024-11-19 00:13:53,219 - fed_utils - INFO - init global model cost time : 0m:0s:13ms
2024-11-19 00:13:53,221 - fl_main - INFO - client_dict[f_00001] training ...
2024-11-19 00:13:53,222 - client_base - INFO - client_dict[f_00001] training epoch : 0
2024-11-19 00:14:02,338 - client_base - INFO - local model train cost time : 0m:9s:115ms
2024-11-19 00:14:02,340 - client_base - INFO - model encode time : 0m:0s:1ms
2024-11-19 00:14:02,341 - fl_main - INFO - client_dict[f_00001] local model encrypting ...
2024-11-19 00:14:40,181 - fed_utils - INFO - encrypting key [features.0.weight].length : 4800, cost time : 0m:37s:839ms
2024-11-19 00:14:40,696 - fed_utils - INFO - encrypting key [features.0.bias].length : 64, cost time : 0m:0s:515ms
2024-11-19 00:14:40,699 - fed_utils - INFO - load key [features.4.weight].length : 102400, cost time : 0m:0s:2ms
2024-11-19 00:14:40,699 - fed_utils - INFO - load key [features.4.bias].length : 64, cost time : 0m:0s:0ms
2024-11-19 00:14:40,738 - fed_utils - INFO - load key [classifier.0.weight].length : 1572864, cost time : 0m:0s:38ms
2024-11-19 00:14:40,738 - fed_utils - INFO - load key [classifier.0.bias].length : 384, cost time : 0m:0s:0ms
2024-11-19 00:14:40,740 - fed_utils - INFO - load key [classifier.2.weight].length : 73728, cost time : 0m:0s:1ms
2024-11-19 00:14:40,740 - fed_utils - INFO - load key [classifier.2.bias].length : 192, cost time : 0m:0s:0ms
2024-11-19 00:14:55,868 - fed_utils - INFO - encrypting key [classifier.4.weight].length : 1920, cost time : 0m:15s:127ms
2024-11-19 00:14:55,947 - fed_utils - INFO - encrypting key [classifier.4.bias].length : 10, cost time : 0m:0s:79ms
2024-11-19 00:14:55,947 - fl_main - INFO - Server receive client_dict[f_00001] info ...
2024-11-19 00:14:55,947 - fl_main - INFO - ----- client id [f_00002] -----
2024-11-19 00:14:55,957 - fed_utils - INFO - init global model cost time : 0m:0s:9ms
2024-11-19 00:14:55,958 - fl_main - INFO - client_dict[f_00002] training ...
2024-11-19 00:14:55,960 - client_base - INFO - client_dict[f_00002] training epoch : 0
2024-11-19 00:15:05,135 - client_base - INFO - local model train cost time : 0m:9s:175ms
2024-11-19 00:15:05,137 - client_base - INFO - model encode time : 0m:0s:1ms
2024-11-19 00:15:05,137 - fl_main - INFO - client_dict[f_00002] local model encrypting ...
2024-11-19 00:15:42,954 - fed_utils - INFO - encrypting key [features.0.weight].length : 4800, cost time : 0m:37s:816ms
2024-11-19 00:15:43,471 - fed_utils - INFO - encrypting key [features.0.bias].length : 64, cost time : 0m:0s:516ms
2024-11-19 00:15:43,473 - fed_utils - INFO - load key [features.4.weight].length : 102400, cost time : 0m:0s:2ms
2024-11-19 00:15:43,474 - fed_utils - INFO - load key [features.4.bias].length : 64, cost time : 0m:0s:0ms
2024-11-19 00:15:43,514 - fed_utils - INFO - load key [classifier.0.weight].length : 1572864, cost time : 0m:0s:40ms
2024-11-19 00:15:43,514 - fed_utils - INFO - load key [classifier.0.bias].length : 384, cost time : 0m:0s:0ms
2024-11-19 00:15:43,516 - fed_utils - INFO - load key [classifier.2.weight].length : 73728, cost time : 0m:0s:1ms
2024-11-19 00:15:43,516 - fed_utils - INFO - load key [classifier.2.bias].length : 192, cost time : 0m:0s:0ms
2024-11-19 00:15:58,644 - fed_utils - INFO - encrypting key [classifier.4.weight].length : 1920, cost time : 0m:15s:128ms
2024-11-19 00:15:58,723 - fed_utils - INFO - encrypting key [classifier.4.bias].length : 10, cost time : 0m:0s:79ms
2024-11-19 00:15:58,723 - fl_main - INFO - Server receive client_dict[f_00002] info ...
2024-11-19 00:15:58,723 - fl_main - INFO - ----- client id [f_00003] -----
2024-11-19 00:15:58,733 - fed_utils - INFO - init global model cost time : 0m:0s:9ms
2024-11-19 00:15:58,735 - fl_main - INFO - client_dict[f_00003] training ...
2024-11-19 00:15:58,736 - client_base - INFO - client_dict[f_00003] training epoch : 0
2024-11-19 00:16:07,896 - client_base - INFO - local model train cost time : 0m:9s:159ms
2024-11-19 00:16:07,898 - client_base - INFO - model encode time : 0m:0s:1ms
2024-11-19 00:16:07,898 - fl_main - INFO - client_dict[f_00003] local model encrypting ...
2024-11-19 00:16:45,738 - fed_utils - INFO - encrypting key [features.0.weight].length : 4800, cost time : 0m:37s:840ms
2024-11-19 00:16:46,253 - fed_utils - INFO - encrypting key [features.0.bias].length : 64, cost time : 0m:0s:514ms
2024-11-19 00:16:46,256 - fed_utils - INFO - load key [features.4.weight].length : 102400, cost time : 0m:0s:2ms
2024-11-19 00:16:46,256 - fed_utils - INFO - load key [features.4.bias].length : 64, cost time : 0m:0s:0ms
2024-11-19 00:16:46,295 - fed_utils - INFO - load key [classifier.0.weight].length : 1572864, cost time : 0m:0s:39ms
2024-11-19 00:16:46,296 - fed_utils - INFO - load key [classifier.0.bias].length : 384, cost time : 0m:0s:0ms
2024-11-19 00:16:46,297 - fed_utils - INFO - load key [classifier.2.weight].length : 73728, cost time : 0m:0s:1ms
2024-11-19 00:16:46,297 - fed_utils - INFO - load key [classifier.2.bias].length : 192, cost time : 0m:0s:0ms
2024-11-19 00:17:01,426 - fed_utils - INFO - encrypting key [classifier.4.weight].length : 1920, cost time : 0m:15s:128ms
2024-11-19 00:17:01,506 - fed_utils - INFO - encrypting key [classifier.4.bias].length : 10, cost time : 0m:0s:79ms
2024-11-19 00:17:01,506 - fl_main - INFO - Server receive client_dict[f_00003] info ...
2024-11-19 00:17:01,506 - fl_main - INFO - ----- client id [f_00004] -----
2024-11-19 00:17:01,520 - fed_utils - INFO - init global model cost time : 0m:0s:13ms
2024-11-19 00:17:01,521 - fl_main - INFO - client_dict[f_00004] training ...
2024-11-19 00:17:01,523 - client_base - INFO - client_dict[f_00004] training epoch : 0
2024-11-19 00:17:10,660 - client_base - INFO - local model train cost time : 0m:9s:136ms
2024-11-19 00:17:10,661 - client_base - INFO - model encode time : 0m:0s:1ms
2024-11-19 00:17:10,662 - fl_main - INFO - client_dict[f_00004] local model encrypting ...
2024-11-19 00:17:48,513 - fed_utils - INFO - encrypting key [features.0.weight].length : 4800, cost time : 0m:37s:851ms
2024-11-19 00:17:49,032 - fed_utils - INFO - encrypting key [features.0.bias].length : 64, cost time : 0m:0s:517ms
2024-11-19 00:17:49,034 - fed_utils - INFO - load key [features.4.weight].length : 102400, cost time : 0m:0s:2ms
2024-11-19 00:17:49,034 - fed_utils - INFO - load key [features.4.bias].length : 64, cost time : 0m:0s:0ms
2024-11-19 00:17:49,073 - fed_utils - INFO - load key [classifier.0.weight].length : 1572864, cost time : 0m:0s:38ms
2024-11-19 00:17:49,073 - fed_utils - INFO - load key [classifier.0.bias].length : 384, cost time : 0m:0s:0ms
2024-11-19 00:17:49,075 - fed_utils - INFO - load key [classifier.2.weight].length : 73728, cost time : 0m:0s:1ms
2024-11-19 00:17:49,075 - fed_utils - INFO - load key [classifier.2.bias].length : 192, cost time : 0m:0s:0ms
2024-11-19 00:18:04,191 - fed_utils - INFO - encrypting key [classifier.4.weight].length : 1920, cost time : 0m:15s:115ms
2024-11-19 00:18:04,270 - fed_utils - INFO - encrypting key [classifier.4.bias].length : 10, cost time : 0m:0s:79ms
2024-11-19 00:18:04,270 - fl_main - INFO - Server receive client_dict[f_00004] info ...
2024-11-19 00:18:04,270 - fl_main - INFO - global aggregation process ...
2024-11-19 00:18:04,271 - fed_utils - INFO - server.n_data : 50000
2024-11-19 00:18:04,271 - fed_utils - INFO - client_dict[f_00000].weight : 0.200000
2024-11-19 00:18:04,271 - fed_utils - INFO - client_dict[f_00001].weight : 0.200000
2024-11-19 00:18:04,271 - fed_utils - INFO - client_dict[f_00002].weight : 0.200000
2024-11-19 00:18:04,271 - fed_utils - INFO - client_dict[f_00003].weight : 0.200000
2024-11-19 00:18:04,271 - fed_utils - INFO - client_dict[f_00004].weight : 0.200000
2024-11-19 00:18:04,271 - fed_utils - INFO - recover secret number by clients: 3157279.000000
2024-11-19 00:18:04,271 - server_base - INFO - Server aggregate model with homomorphic encryption ...
2024-11-19 00:18:14,837 - server_base - INFO - Server aggregate model done, cost time : 0m:10s:565ms
2024-11-19 00:18:25,709 - fed_utils - INFO - decrypting key [features.0.weight].shape [torch.Size([64, 3, 5, 5])]
2024-11-19 00:18:25,854 - fed_utils - INFO - decrypting key [features.0.bias].shape [torch.Size([64])]
2024-11-19 00:18:25,855 - fed_utils - INFO - decrypting key [features.4.weight].shape [torch.Size([64, 64, 5, 5])]
2024-11-19 00:18:25,855 - fed_utils - INFO - decrypting key [features.4.bias].shape [torch.Size([64])]
2024-11-19 00:18:25,862 - fed_utils - INFO - decrypting key [classifier.0.weight].shape [torch.Size([384, 4096])]
2024-11-19 00:18:25,862 - fed_utils - INFO - decrypting key [classifier.0.bias].shape [torch.Size([384])]
2024-11-19 00:18:25,862 - fed_utils - INFO - decrypting key [classifier.2.weight].shape [torch.Size([192, 384])]
2024-11-19 00:18:25,862 - fed_utils - INFO - decrypting key [classifier.2.bias].shape [torch.Size([192])]
2024-11-19 00:18:30,210 - fed_utils - INFO - decrypting key [classifier.4.weight].shape [torch.Size([10, 192])]
2024-11-19 00:18:30,233 - fed_utils - INFO - decrypting key [classifier.4.bias].shape [torch.Size([10])]
2024-11-19 00:18:30,233 - fed_utils - INFO - decrypt time : [0m:15s:395ms]
2024-11-19 00:18:30,300 - fl_main - INFO - [global round : 0] aggregated model loss : 1.5580278372355658
2024-11-19 00:18:30,301 - fl_main - INFO - global round : 1
2024-11-19 00:18:30,301 - fl_main - INFO - the random client id to test accuracy : f_00001
2024-11-19 00:18:30,301 - fl_main - INFO - ----- client id [f_00000] -----
2024-11-19 00:18:30,313 - fed_utils - INFO - init global model cost time : 0m:0s:11ms
2024-11-19 00:18:30,315 - client_base - INFO - recover model cost time : 0m:0s:0ms
2024-11-19 00:18:30,315 - fl_main - INFO - client_dict[f_00000] training ...
2024-11-19 00:18:30,336 - client_base - INFO - client_dict[f_00000] training epoch : 0
2024-11-19 00:18:39,462 - client_base - INFO - local model train cost time : 0m:9s:125ms
2024-11-19 00:18:39,463 - client_base - INFO - model encode time : 0m:0s:1ms
2024-11-19 00:18:39,463 - fl_main - INFO - client_dict[f_00000] local model encrypting ...
2024-11-19 00:19:17,294 - fed_utils - INFO - encrypting key [features.0.weight].length : 4800, cost time : 0m:37s:830ms
2024-11-19 00:19:17,810 - fed_utils - INFO - encrypting key [features.0.bias].length : 64, cost time : 0m:0s:515ms
2024-11-19 00:19:17,812 - fed_utils - INFO - load key [features.4.weight].length : 102400, cost time : 0m:0s:1ms
2024-11-19 00:19:17,812 - fed_utils - INFO - load key [features.4.bias].length : 64, cost time : 0m:0s:0ms
2024-11-19 00:19:17,852 - fed_utils - INFO - load key [classifier.0.weight].length : 1572864, cost time : 0m:0s:39ms
2024-11-19 00:19:17,852 - fed_utils - INFO - load key [classifier.0.bias].length : 384, cost time : 0m:0s:0ms
2024-11-19 00:19:17,854 - fed_utils - INFO - load key [classifier.2.weight].length : 73728, cost time : 0m:0s:1ms
2024-11-19 00:19:17,854 - fed_utils - INFO - load key [classifier.2.bias].length : 192, cost time : 0m:0s:0ms
2024-11-19 00:19:32,983 - fed_utils - INFO - encrypting key [classifier.4.weight].length : 1920, cost time : 0m:15s:128ms
2024-11-19 00:19:33,062 - fed_utils - INFO - encrypting key [classifier.4.bias].length : 10, cost time : 0m:0s:79ms
2024-11-19 00:19:33,086 - fl_main - INFO - Server receive client_dict[f_00000] info ...
2024-11-19 00:19:33,087 - fl_main - INFO - ----- client id [f_00001] -----
2024-11-19 00:19:33,097 - fed_utils - INFO - init global model cost time : 0m:0s:9ms
2024-11-19 00:19:33,098 - client_base - INFO - recover model cost time : 0m:0s:0ms
2024-11-19 00:19:35,527 - fl_main - INFO - global round [1] client_dict[f_00001].accuracy : 0.407800
2024-11-19 00:19:35,528 - fl_main - INFO - client_dict[f_00001] training ...
2024-11-19 00:19:35,528 - client_base - INFO - client_dict[f_00001] training epoch : 0
2024-11-19 00:19:44,657 - client_base - INFO - local model train cost time : 0m:9s:128ms
2024-11-19 00:19:44,658 - client_base - INFO - model encode time : 0m:0s:1ms
2024-11-19 00:19:44,659 - fl_main - INFO - client_dict[f_00001] local model encrypting ...
2024-11-19 00:20:22,448 - fed_utils - INFO - encrypting key [features.0.weight].length : 4800, cost time : 0m:37s:789ms
2024-11-19 00:20:22,963 - fed_utils - INFO - encrypting key [features.0.bias].length : 64, cost time : 0m:0s:514ms
2024-11-19 00:20:22,965 - fed_utils - INFO - load key [features.4.weight].length : 102400, cost time : 0m:0s:2ms
2024-11-19 00:20:22,965 - fed_utils - INFO - load key [features.4.bias].length : 64, cost time : 0m:0s:0ms
2024-11-19 00:20:23,005 - fed_utils - INFO - load key [classifier.0.weight].length : 1572864, cost time : 0m:0s:39ms
2024-11-19 00:20:23,005 - fed_utils - INFO - load key [classifier.0.bias].length : 384, cost time : 0m:0s:0ms
2024-11-19 00:20:23,007 - fed_utils - INFO - load key [classifier.2.weight].length : 73728, cost time : 0m:0s:1ms
2024-11-19 00:20:23,007 - fed_utils - INFO - load key [classifier.2.bias].length : 192, cost time : 0m:0s:0ms
2024-11-19 00:20:38,130 - fed_utils - INFO - encrypting key [classifier.4.weight].length : 1920, cost time : 0m:15s:122ms
2024-11-19 00:20:38,210 - fed_utils - INFO - encrypting key [classifier.4.bias].length : 10, cost time : 0m:0s:79ms
2024-11-19 00:20:38,210 - fl_main - INFO - Server receive client_dict[f_00001] info ...
2024-11-19 00:20:38,210 - fl_main - INFO - ----- client id [f_00002] -----
2024-11-19 00:20:38,220 - fed_utils - INFO - init global model cost time : 0m:0s:9ms
2024-11-19 00:20:38,221 - client_base - INFO - recover model cost time : 0m:0s:0ms
2024-11-19 00:20:38,222 - fl_main - INFO - client_dict[f_00002] training ...
2024-11-19 00:20:38,223 - client_base - INFO - client_dict[f_00002] training epoch : 0
2024-11-19 00:20:47,395 - client_base - INFO - local model train cost time : 0m:9s:171ms
2024-11-19 00:20:47,396 - client_base - INFO - model encode time : 0m:0s:1ms
2024-11-19 00:20:47,397 - fl_main - INFO - client_dict[f_00002] local model encrypting ...
2024-11-19 00:21:25,200 - fed_utils - INFO - encrypting key [features.0.weight].length : 4800, cost time : 0m:37s:803ms
2024-11-19 00:21:25,715 - fed_utils - INFO - encrypting key [features.0.bias].length : 64, cost time : 0m:0s:514ms
2024-11-19 00:21:25,718 - fed_utils - INFO - load key [features.4.weight].length : 102400, cost time : 0m:0s:2ms
2024-11-19 00:21:25,718 - fed_utils - INFO - load key [features.4.bias].length : 64, cost time : 0m:0s:0ms
2024-11-19 00:21:25,757 - fed_utils - INFO - load key [classifier.0.weight].length : 1572864, cost time : 0m:0s:39ms
2024-11-19 00:21:25,757 - fed_utils - INFO - load key [classifier.0.bias].length : 384, cost time : 0m:0s:0ms
2024-11-19 00:21:25,759 - fed_utils - INFO - load key [classifier.2.weight].length : 73728, cost time : 0m:0s:1ms
2024-11-19 00:21:25,759 - fed_utils - INFO - load key [classifier.2.bias].length : 192, cost time : 0m:0s:0ms
2024-11-19 00:21:40,880 - fed_utils - INFO - encrypting key [classifier.4.weight].length : 1920, cost time : 0m:15s:121ms
2024-11-19 00:21:40,960 - fed_utils - INFO - encrypting key [classifier.4.bias].length : 10, cost time : 0m:0s:79ms
2024-11-19 00:21:40,960 - fl_main - INFO - Server receive client_dict[f_00002] info ...
2024-11-19 00:21:40,960 - fl_main - INFO - ----- client id [f_00003] -----
2024-11-19 00:21:40,969 - fed_utils - INFO - init global model cost time : 0m:0s:9ms
2024-11-19 00:21:40,971 - client_base - INFO - recover model cost time : 0m:0s:0ms
2024-11-19 00:21:40,971 - fl_main - INFO - client_dict[f_00003] training ...
2024-11-19 00:21:40,973 - client_base - INFO - client_dict[f_00003] training epoch : 0
2024-11-19 00:21:50,151 - client_base - INFO - local model train cost time : 0m:9s:177ms
2024-11-19 00:21:50,152 - client_base - INFO - model encode time : 0m:0s:1ms
2024-11-19 00:21:50,153 - fl_main - INFO - client_dict[f_00003] local model encrypting ...
2024-11-19 00:22:28,026 - fed_utils - INFO - encrypting key [features.0.weight].length : 4800, cost time : 0m:37s:873ms
2024-11-19 00:22:28,544 - fed_utils - INFO - encrypting key [features.0.bias].length : 64, cost time : 0m:0s:517ms
2024-11-19 00:22:28,547 - fed_utils - INFO - load key [features.4.weight].length : 102400, cost time : 0m:0s:2ms
2024-11-19 00:22:28,547 - fed_utils - INFO - load key [features.4.bias].length : 64, cost time : 0m:0s:0ms
2024-11-19 00:22:28,586 - fed_utils - INFO - load key [classifier.0.weight].length : 1572864, cost time : 0m:0s:39ms
2024-11-19 00:22:28,586 - fed_utils - INFO - load key [classifier.0.bias].length : 384, cost time : 0m:0s:0ms
2024-11-19 00:22:28,588 - fed_utils - INFO - load key [classifier.2.weight].length : 73728, cost time : 0m:0s:1ms
2024-11-19 00:22:28,588 - fed_utils - INFO - load key [classifier.2.bias].length : 192, cost time : 0m:0s:0ms
2024-11-19 00:22:43,745 - fed_utils - INFO - encrypting key [classifier.4.weight].length : 1920, cost time : 0m:15s:156ms
2024-11-19 00:22:43,824 - fed_utils - INFO - encrypting key [classifier.4.bias].length : 10, cost time : 0m:0s:79ms
2024-11-19 00:22:43,824 - fl_main - INFO - Server receive client_dict[f_00003] info ...
2024-11-19 00:22:43,824 - fl_main - INFO - ----- client id [f_00004] -----
2024-11-19 00:22:43,834 - fed_utils - INFO - init global model cost time : 0m:0s:9ms
2024-11-19 00:22:43,835 - client_base - INFO - recover model cost time : 0m:0s:0ms
2024-11-19 00:22:43,836 - fl_main - INFO - client_dict[f_00004] training ...
2024-11-19 00:22:43,838 - client_base - INFO - client_dict[f_00004] training epoch : 0
2024-11-19 00:22:52,981 - client_base - INFO - local model train cost time : 0m:9s:143ms
2024-11-19 00:22:52,983 - client_base - INFO - model encode time : 0m:0s:1ms
2024-11-19 00:22:52,983 - fl_main - INFO - client_dict[f_00004] local model encrypting ...
2024-11-19 00:23:30,859 - fed_utils - INFO - encrypting key [features.0.weight].length : 4800, cost time : 0m:37s:875ms
2024-11-19 00:23:31,374 - fed_utils - INFO - encrypting key [features.0.bias].length : 64, cost time : 0m:0s:514ms
2024-11-19 00:23:31,376 - fed_utils - INFO - load key [features.4.weight].length : 102400, cost time : 0m:0s:2ms
2024-11-19 00:23:31,376 - fed_utils - INFO - load key [features.4.bias].length : 64, cost time : 0m:0s:0ms
2024-11-19 00:23:31,416 - fed_utils - INFO - load key [classifier.0.weight].length : 1572864, cost time : 0m:0s:39ms
2024-11-19 00:23:31,416 - fed_utils - INFO - load key [classifier.0.bias].length : 384, cost time : 0m:0s:0ms
2024-11-19 00:23:31,418 - fed_utils - INFO - load key [classifier.2.weight].length : 73728, cost time : 0m:0s:1ms
2024-11-19 00:23:31,418 - fed_utils - INFO - load key [classifier.2.bias].length : 192, cost time : 0m:0s:0ms
2024-11-19 00:23:46,538 - fed_utils - INFO - encrypting key [classifier.4.weight].length : 1920, cost time : 0m:15s:120ms
2024-11-19 00:23:46,618 - fed_utils - INFO - encrypting key [classifier.4.bias].length : 10, cost time : 0m:0s:79ms
2024-11-19 00:23:46,618 - fl_main - INFO - Server receive client_dict[f_00004] info ...
2024-11-19 00:23:46,619 - fl_main - INFO - global aggregation process ...
2024-11-19 00:23:46,619 - fed_utils - INFO - server.n_data : 50000
2024-11-19 00:23:46,619 - fed_utils - INFO - client_dict[f_00000].weight : 0.200000
2024-11-19 00:23:46,619 - fed_utils - INFO - client_dict[f_00001].weight : 0.200000
2024-11-19 00:23:46,619 - fed_utils - INFO - client_dict[f_00002].weight : 0.200000
2024-11-19 00:23:46,619 - fed_utils - INFO - client_dict[f_00003].weight : 0.200000
2024-11-19 00:23:46,619 - fed_utils - INFO - client_dict[f_00004].weight : 0.200000
2024-11-19 00:23:46,619 - fed_utils - INFO - recover secret number by clients: 3157279.000000
2024-11-19 00:23:46,619 - server_base - INFO - Server aggregate model with homomorphic encryption ...
2024-11-19 00:23:57,191 - server_base - INFO - Server aggregate model done, cost time : 0m:10s:571ms
2024-11-19 00:24:08,059 - fed_utils - INFO - decrypting key [features.0.weight].shape [torch.Size([64, 3, 5, 5])]
2024-11-19 00:24:08,204 - fed_utils - INFO - decrypting key [features.0.bias].shape [torch.Size([64])]
2024-11-19 00:24:08,205 - fed_utils - INFO - decrypting key [features.4.weight].shape [torch.Size([64, 64, 5, 5])]
2024-11-19 00:24:08,205 - fed_utils - INFO - decrypting key [features.4.bias].shape [torch.Size([64])]
2024-11-19 00:24:08,212 - fed_utils - INFO - decrypting key [classifier.0.weight].shape [torch.Size([384, 4096])]
2024-11-19 00:24:08,212 - fed_utils - INFO - decrypting key [classifier.0.bias].shape [torch.Size([384])]
2024-11-19 00:24:08,212 - fed_utils - INFO - decrypting key [classifier.2.weight].shape [torch.Size([192, 384])]
2024-11-19 00:24:08,212 - fed_utils - INFO - decrypting key [classifier.2.bias].shape [torch.Size([192])]
2024-11-19 00:24:12,560 - fed_utils - INFO - decrypting key [classifier.4.weight].shape [torch.Size([10, 192])]
2024-11-19 00:24:12,583 - fed_utils - INFO - decrypting key [classifier.4.bias].shape [torch.Size([10])]
2024-11-19 00:24:12,583 - fed_utils - INFO - decrypt time : [0m:15s:391ms]
2024-11-19 00:24:12,650 - fl_main - INFO - [global round : 1] aggregated model accuracy : 0.4078
2024-11-19 00:24:12,651 - fl_main - INFO - [global round : 1] aggregated model loss : 1.5690956963529126
2024-11-19 00:24:12,651 - fl_main - INFO - global round : 2
2024-11-19 00:24:12,651 - fl_main - INFO - the random client id to test accuracy : f_00004
2024-11-19 00:24:12,651 - fl_main - INFO - ----- client id [f_00000] -----
2024-11-19 00:24:12,663 - fed_utils - INFO - init global model cost time : 0m:0s:11ms
2024-11-19 00:24:12,665 - client_base - INFO - recover model cost time : 0m:0s:0ms
2024-11-19 00:24:12,666 - fl_main - INFO - client_dict[f_00000] training ...
2024-11-19 00:24:12,686 - client_base - INFO - client_dict[f_00000] training epoch : 0
2024-11-19 00:24:21,822 - client_base - INFO - local model train cost time : 0m:9s:135ms
2024-11-19 00:24:21,823 - client_base - INFO - model encode time : 0m:0s:1ms
2024-11-19 00:24:21,823 - fl_main - INFO - client_dict[f_00000] local model encrypting ...
2024-11-19 00:24:59,681 - fed_utils - INFO - encrypting key [features.0.weight].length : 4800, cost time : 0m:37s:857ms
2024-11-19 00:25:00,199 - fed_utils - INFO - encrypting key [features.0.bias].length : 64, cost time : 0m:0s:517ms
2024-11-19 00:25:00,201 - fed_utils - INFO - load key [features.4.weight].length : 102400, cost time : 0m:0s:2ms
2024-11-19 00:25:00,201 - fed_utils - INFO - load key [features.4.bias].length : 64, cost time : 0m:0s:0ms
2024-11-19 00:25:00,239 - fed_utils - INFO - load key [classifier.0.weight].length : 1572864, cost time : 0m:0s:38ms
2024-11-19 00:25:00,239 - fed_utils - INFO - load key [classifier.0.bias].length : 384, cost time : 0m:0s:0ms
2024-11-19 00:25:00,241 - fed_utils - INFO - load key [classifier.2.weight].length : 73728, cost time : 0m:0s:1ms
2024-11-19 00:25:00,241 - fed_utils - INFO - load key [classifier.2.bias].length : 192, cost time : 0m:0s:0ms
2024-11-19 00:25:15,372 - fed_utils - INFO - encrypting key [classifier.4.weight].length : 1920, cost time : 0m:15s:130ms
2024-11-19 00:25:15,451 - fed_utils - INFO - encrypting key [classifier.4.bias].length : 10, cost time : 0m:0s:79ms
2024-11-19 00:25:15,475 - fl_main - INFO - Server receive client_dict[f_00000] info ...
2024-11-19 00:25:15,476 - fl_main - INFO - ----- client id [f_00001] -----
2024-11-19 00:25:15,486 - fed_utils - INFO - init global model cost time : 0m:0s:10ms
2024-11-19 00:25:15,488 - client_base - INFO - recover model cost time : 0m:0s:0ms
2024-11-19 00:25:15,488 - fl_main - INFO - client_dict[f_00001] training ...
2024-11-19 00:25:15,490 - client_base - INFO - client_dict[f_00001] training epoch : 0
2024-11-19 00:25:24,662 - client_base - INFO - local model train cost time : 0m:9s:172ms
2024-11-19 00:25:24,664 - client_base - INFO - model encode time : 0m:0s:1ms
2024-11-19 00:25:24,664 - fl_main - INFO - client_dict[f_00001] local model encrypting ...
2024-11-19 00:26:02,546 - fed_utils - INFO - encrypting key [features.0.weight].length : 4800, cost time : 0m:37s:882ms
2024-11-19 00:26:03,061 - fed_utils - INFO - encrypting key [features.0.bias].length : 64, cost time : 0m:0s:514ms
2024-11-19 00:26:03,063 - fed_utils - INFO - load key [features.4.weight].length : 102400, cost time : 0m:0s:2ms
2024-11-19 00:26:03,063 - fed_utils - INFO - load key [features.4.bias].length : 64, cost time : 0m:0s:0ms
2024-11-19 00:26:03,103 - fed_utils - INFO - load key [classifier.0.weight].length : 1572864, cost time : 0m:0s:39ms
2024-11-19 00:26:03,103 - fed_utils - INFO - load key [classifier.0.bias].length : 384, cost time : 0m:0s:0ms
2024-11-19 00:26:03,105 - fed_utils - INFO - load key [classifier.2.weight].length : 73728, cost time : 0m:0s:1ms
2024-11-19 00:26:03,105 - fed_utils - INFO - load key [classifier.2.bias].length : 192, cost time : 0m:0s:0ms
2024-11-19 00:26:18,233 - fed_utils - INFO - encrypting key [classifier.4.weight].length : 1920, cost time : 0m:15s:127ms
2024-11-19 00:26:18,312 - fed_utils - INFO - encrypting key [classifier.4.bias].length : 10, cost time : 0m:0s:79ms
2024-11-19 00:26:18,312 - fl_main - INFO - Server receive client_dict[f_00001] info ...
2024-11-19 00:26:18,312 - fl_main - INFO - ----- client id [f_00002] -----
2024-11-19 00:26:18,322 - fed_utils - INFO - init global model cost time : 0m:0s:9ms
2024-11-19 00:26:18,323 - client_base - INFO - recover model cost time : 0m:0s:0ms
2024-11-19 00:26:18,324 - fl_main - INFO - client_dict[f_00002] training ...
2024-11-19 00:26:18,325 - client_base - INFO - client_dict[f_00002] training epoch : 0
2024-11-19 00:26:27,484 - client_base - INFO - local model train cost time : 0m:9s:158ms
2024-11-19 00:26:27,486 - client_base - INFO - model encode time : 0m:0s:1ms
2024-11-19 00:26:27,486 - fl_main - INFO - client_dict[f_00002] local model encrypting ...
2024-11-19 00:27:05,447 - fed_utils - INFO - encrypting key [features.0.weight].length : 4800, cost time : 0m:37s:960ms
2024-11-19 00:27:05,962 - fed_utils - INFO - encrypting key [features.0.bias].length : 64, cost time : 0m:0s:515ms
2024-11-19 00:27:05,965 - fed_utils - INFO - load key [features.4.weight].length : 102400, cost time : 0m:0s:2ms
2024-11-19 00:27:05,965 - fed_utils - INFO - load key [features.4.bias].length : 64, cost time : 0m:0s:0ms
2024-11-19 00:27:06,004 - fed_utils - INFO - load key [classifier.0.weight].length : 1572864, cost time : 0m:0s:39ms
2024-11-19 00:27:06,005 - fed_utils - INFO - load key [classifier.0.bias].length : 384, cost time : 0m:0s:0ms
2024-11-19 00:27:06,007 - fed_utils - INFO - load key [classifier.2.weight].length : 73728, cost time : 0m:0s:1ms
2024-11-19 00:27:06,007 - fed_utils - INFO - load key [classifier.2.bias].length : 192, cost time : 0m:0s:0ms
2024-11-19 00:27:21,132 - fed_utils - INFO - encrypting key [classifier.4.weight].length : 1920, cost time : 0m:15s:125ms
2024-11-19 00:27:21,212 - fed_utils - INFO - encrypting key [classifier.4.bias].length : 10, cost time : 0m:0s:79ms
2024-11-19 00:27:21,212 - fl_main - INFO - Server receive client_dict[f_00002] info ...
2024-11-19 00:27:21,212 - fl_main - INFO - ----- client id [f_00003] -----
2024-11-19 00:27:21,221 - fed_utils - INFO - init global model cost time : 0m:0s:9ms
2024-11-19 00:27:21,223 - client_base - INFO - recover model cost time : 0m:0s:0ms
2024-11-19 00:27:21,223 - fl_main - INFO - client_dict[f_00003] training ...
2024-11-19 00:27:21,225 - client_base - INFO - client_dict[f_00003] training epoch : 0
2024-11-19 00:27:30,382 - client_base - INFO - local model train cost time : 0m:9s:156ms
2024-11-19 00:27:30,383 - client_base - INFO - model encode time : 0m:0s:1ms
2024-11-19 00:27:30,384 - fl_main - INFO - client_dict[f_00003] local model encrypting ...
2024-11-19 00:28:08,258 - fed_utils - INFO - encrypting key [features.0.weight].length : 4800, cost time : 0m:37s:873ms
2024-11-19 00:28:08,771 - fed_utils - INFO - encrypting key [features.0.bias].length : 64, cost time : 0m:0s:513ms
2024-11-19 00:28:08,774 - fed_utils - INFO - load key [features.4.weight].length : 102400, cost time : 0m:0s:2ms
2024-11-19 00:28:08,774 - fed_utils - INFO - load key [features.4.bias].length : 64, cost time : 0m:0s:0ms
2024-11-19 00:28:08,813 - fed_utils - INFO - load key [classifier.0.weight].length : 1572864, cost time : 0m:0s:39ms
2024-11-19 00:28:08,814 - fed_utils - INFO - load key [classifier.0.bias].length : 384, cost time : 0m:0s:0ms
2024-11-19 00:28:08,816 - fed_utils - INFO - load key [classifier.2.weight].length : 73728, cost time : 0m:0s:1ms
2024-11-19 00:28:08,816 - fed_utils - INFO - load key [classifier.2.bias].length : 192, cost time : 0m:0s:0ms
2024-11-19 00:28:23,939 - fed_utils - INFO - encrypting key [classifier.4.weight].length : 1920, cost time : 0m:15s:123ms
2024-11-19 00:28:24,019 - fed_utils - INFO - encrypting key [classifier.4.bias].length : 10, cost time : 0m:0s:79ms
2024-11-19 00:28:24,019 - fl_main - INFO - Server receive client_dict[f_00003] info ...
2024-11-19 00:28:24,019 - fl_main - INFO - ----- client id [f_00004] -----
2024-11-19 00:28:24,028 - fed_utils - INFO - init global model cost time : 0m:0s:9ms
2024-11-19 00:28:24,030 - client_base - INFO - recover model cost time : 0m:0s:0ms
2024-11-19 00:28:26,473 - fl_main - INFO - global round [2] client_dict[f_00004].accuracy : 0.489400
2024-11-19 00:28:26,473 - fl_main - INFO - client_dict[f_00004] training ...
2024-11-19 00:28:26,474 - client_base - INFO - client_dict[f_00004] training epoch : 0
2024-11-19 00:28:35,590 - client_base - INFO - local model train cost time : 0m:9s:116ms
2024-11-19 00:28:35,592 - client_base - INFO - model encode time : 0m:0s:1ms
2024-11-19 00:28:35,592 - fl_main - INFO - client_dict[f_00004] local model encrypting ...
2024-11-19 00:29:13,469 - fed_utils - INFO - encrypting key [features.0.weight].length : 4800, cost time : 0m:37s:876ms
2024-11-19 00:29:13,984 - fed_utils - INFO - encrypting key [features.0.bias].length : 64, cost time : 0m:0s:515ms
2024-11-19 00:29:13,987 - fed_utils - INFO - load key [features.4.weight].length : 102400, cost time : 0m:0s:2ms
2024-11-19 00:29:13,987 - fed_utils - INFO - load key [features.4.bias].length : 64, cost time : 0m:0s:0ms
2024-11-19 00:29:14,026 - fed_utils - INFO - load key [classifier.0.weight].length : 1572864, cost time : 0m:0s:39ms
2024-11-19 00:29:14,026 - fed_utils - INFO - load key [classifier.0.bias].length : 384, cost time : 0m:0s:0ms
2024-11-19 00:29:14,028 - fed_utils - INFO - load key [classifier.2.weight].length : 73728, cost time : 0m:0s:1ms
2024-11-19 00:29:14,028 - fed_utils - INFO - load key [classifier.2.bias].length : 192, cost time : 0m:0s:0ms
2024-11-19 00:29:29,155 - fed_utils - INFO - encrypting key [classifier.4.weight].length : 1920, cost time : 0m:15s:126ms
2024-11-19 00:29:29,234 - fed_utils - INFO - encrypting key [classifier.4.bias].length : 10, cost time : 0m:0s:79ms
2024-11-19 00:29:29,234 - fl_main - INFO - Server receive client_dict[f_00004] info ...
2024-11-19 00:29:29,234 - fl_main - INFO - global aggregation process ...
2024-11-19 00:29:29,234 - fed_utils - INFO - server.n_data : 50000
2024-11-19 00:29:29,234 - fed_utils - INFO - client_dict[f_00000].weight : 0.200000
2024-11-19 00:29:29,234 - fed_utils - INFO - client_dict[f_00001].weight : 0.200000
2024-11-19 00:29:29,235 - fed_utils - INFO - client_dict[f_00002].weight : 0.200000
2024-11-19 00:29:29,235 - fed_utils - INFO - client_dict[f_00003].weight : 0.200000
2024-11-19 00:29:29,235 - fed_utils - INFO - client_dict[f_00004].weight : 0.200000
2024-11-19 00:29:29,235 - fed_utils - INFO - recover secret number by clients: 3157279.000000
2024-11-19 00:29:29,235 - server_base - INFO - Server aggregate model with homomorphic encryption ...
2024-11-19 00:29:39,771 - server_base - INFO - Server aggregate model done, cost time : 0m:10s:536ms
2024-11-19 00:29:50,641 - fed_utils - INFO - decrypting key [features.0.weight].shape [torch.Size([64, 3, 5, 5])]
2024-11-19 00:29:50,787 - fed_utils - INFO - decrypting key [features.0.bias].shape [torch.Size([64])]
2024-11-19 00:29:50,787 - fed_utils - INFO - decrypting key [features.4.weight].shape [torch.Size([64, 64, 5, 5])]
2024-11-19 00:29:50,788 - fed_utils - INFO - decrypting key [features.4.bias].shape [torch.Size([64])]
2024-11-19 00:29:50,797 - fed_utils - INFO - decrypting key [classifier.0.weight].shape [torch.Size([384, 4096])]
2024-11-19 00:29:50,797 - fed_utils - INFO - decrypting key [classifier.0.bias].shape [torch.Size([384])]
2024-11-19 00:29:50,797 - fed_utils - INFO - decrypting key [classifier.2.weight].shape [torch.Size([192, 384])]
2024-11-19 00:29:50,797 - fed_utils - INFO - decrypting key [classifier.2.bias].shape [torch.Size([192])]
2024-11-19 00:29:55,145 - fed_utils - INFO - decrypting key [classifier.4.weight].shape [torch.Size([10, 192])]
2024-11-19 00:29:55,168 - fed_utils - INFO - decrypting key [classifier.4.bias].shape [torch.Size([10])]
2024-11-19 00:29:55,168 - fed_utils - INFO - decrypt time : [0m:15s:397ms]
2024-11-19 00:29:55,237 - fl_main - INFO - [global round : 2] aggregated model accuracy : 0.4894
2024-11-19 00:29:55,237 - fl_main - INFO - [global round : 2] aggregated model loss : 1.5234940756045083
2024-11-19 00:29:55,238 - fl_main - INFO - global round : 3
2024-11-19 00:29:55,238 - fl_main - INFO - the random client id to test accuracy : f_00000
2024-11-19 00:29:55,238 - fl_main - INFO - ----- client id [f_00000] -----
2024-11-19 00:29:55,248 - fed_utils - INFO - init global model cost time : 0m:0s:9ms
2024-11-19 00:29:55,250 - client_base - INFO - recover model cost time : 0m:0s:0ms
2024-11-19 00:29:57,690 - fl_main - INFO - global round [3] client_dict[f_00000].accuracy : 0.541000
2024-11-19 00:29:57,690 - fl_main - INFO - client_dict[f_00000] training ...
2024-11-19 00:29:57,690 - client_base - INFO - client_dict[f_00000] training epoch : 0
2024-11-19 00:30:06,836 - client_base - INFO - local model train cost time : 0m:9s:145ms
2024-11-19 00:30:06,838 - client_base - INFO - model encode time : 0m:0s:1ms
2024-11-19 00:30:06,838 - fl_main - INFO - client_dict[f_00000] local model encrypting ...
2024-11-19 00:30:44,625 - fed_utils - INFO - encrypting key [features.0.weight].length : 4800, cost time : 0m:37s:786ms
2024-11-19 00:30:45,141 - fed_utils - INFO - encrypting key [features.0.bias].length : 64, cost time : 0m:0s:515ms
2024-11-19 00:30:45,143 - fed_utils - INFO - load key [features.4.weight].length : 102400, cost time : 0m:0s:1ms
2024-11-19 00:30:45,143 - fed_utils - INFO - load key [features.4.bias].length : 64, cost time : 0m:0s:0ms
2024-11-19 00:30:45,180 - fed_utils - INFO - load key [classifier.0.weight].length : 1572864, cost time : 0m:0s:37ms
2024-11-19 00:30:45,180 - fed_utils - INFO - load key [classifier.0.bias].length : 384, cost time : 0m:0s:0ms
2024-11-19 00:30:45,182 - fed_utils - INFO - load key [classifier.2.weight].length : 73728, cost time : 0m:0s:1ms
2024-11-19 00:30:45,182 - fed_utils - INFO - load key [classifier.2.bias].length : 192, cost time : 0m:0s:0ms
2024-11-19 00:31:00,301 - fed_utils - INFO - encrypting key [classifier.4.weight].length : 1920, cost time : 0m:15s:118ms
2024-11-19 00:31:00,380 - fed_utils - INFO - encrypting key [classifier.4.bias].length : 10, cost time : 0m:0s:79ms
2024-11-19 00:31:00,404 - fl_main - INFO - Server receive client_dict[f_00000] info ...
2024-11-19 00:31:00,404 - fl_main - INFO - ----- client id [f_00001] -----
2024-11-19 00:31:00,417 - fed_utils - INFO - init global model cost time : 0m:0s:12ms
2024-11-19 00:31:00,419 - client_base - INFO - recover model cost time : 0m:0s:0ms
2024-11-19 00:31:00,419 - fl_main - INFO - client_dict[f_00001] training ...
2024-11-19 00:31:00,421 - client_base - INFO - client_dict[f_00001] training epoch : 0
2024-11-19 00:31:09,579 - client_base - INFO - local model train cost time : 0m:9s:157ms
2024-11-19 00:31:09,580 - client_base - INFO - model encode time : 0m:0s:1ms
2024-11-19 00:31:09,581 - fl_main - INFO - client_dict[f_00001] local model encrypting ...
2024-11-19 00:31:47,517 - fed_utils - INFO - encrypting key [features.0.weight].length : 4800, cost time : 0m:37s:936ms
2024-11-19 00:31:48,033 - fed_utils - INFO - encrypting key [features.0.bias].length : 64, cost time : 0m:0s:515ms
2024-11-19 00:31:48,035 - fed_utils - INFO - load key [features.4.weight].length : 102400, cost time : 0m:0s:2ms
2024-11-19 00:31:48,035 - fed_utils - INFO - load key [features.4.bias].length : 64, cost time : 0m:0s:0ms
2024-11-19 00:31:48,075 - fed_utils - INFO - load key [classifier.0.weight].length : 1572864, cost time : 0m:0s:39ms
2024-11-19 00:31:48,075 - fed_utils - INFO - load key [classifier.0.bias].length : 384, cost time : 0m:0s:0ms
2024-11-19 00:31:48,077 - fed_utils - INFO - load key [classifier.2.weight].length : 73728, cost time : 0m:0s:1ms
2024-11-19 00:31:48,077 - fed_utils - INFO - load key [classifier.2.bias].length : 192, cost time : 0m:0s:0ms
2024-11-19 00:32:03,204 - fed_utils - INFO - encrypting key [classifier.4.weight].length : 1920, cost time : 0m:15s:126ms
2024-11-19 00:32:03,283 - fed_utils - INFO - encrypting key [classifier.4.bias].length : 10, cost time : 0m:0s:79ms
2024-11-19 00:32:03,283 - fl_main - INFO - Server receive client_dict[f_00001] info ...
2024-11-19 00:32:03,283 - fl_main - INFO - ----- client id [f_00002] -----
2024-11-19 00:32:03,293 - fed_utils - INFO - init global model cost time : 0m:0s:9ms
2024-11-19 00:32:03,294 - client_base - INFO - recover model cost time : 0m:0s:0ms
2024-11-19 00:32:03,295 - fl_main - INFO - client_dict[f_00002] training ...
2024-11-19 00:32:03,296 - client_base - INFO - client_dict[f_00002] training epoch : 0
2024-11-19 00:32:12,479 - client_base - INFO - local model train cost time : 0m:9s:182ms
2024-11-19 00:32:12,480 - client_base - INFO - model encode time : 0m:0s:1ms
2024-11-19 00:32:12,481 - fl_main - INFO - client_dict[f_00002] local model encrypting ...
2024-11-19 00:32:50,329 - fed_utils - INFO - encrypting key [features.0.weight].length : 4800, cost time : 0m:37s:848ms
2024-11-19 00:32:50,845 - fed_utils - INFO - encrypting key [features.0.bias].length : 64, cost time : 0m:0s:516ms
2024-11-19 00:32:50,848 - fed_utils - INFO - load key [features.4.weight].length : 102400, cost time : 0m:0s:2ms
2024-11-19 00:32:50,848 - fed_utils - INFO - load key [features.4.bias].length : 64, cost time : 0m:0s:0ms
2024-11-19 00:32:50,887 - fed_utils - INFO - load key [classifier.0.weight].length : 1572864, cost time : 0m:0s:39ms
2024-11-19 00:32:50,888 - fed_utils - INFO - load key [classifier.0.bias].length : 384, cost time : 0m:0s:0ms
2024-11-19 00:32:50,890 - fed_utils - INFO - load key [classifier.2.weight].length : 73728, cost time : 0m:0s:1ms
2024-11-19 00:32:50,890 - fed_utils - INFO - load key [classifier.2.bias].length : 192, cost time : 0m:0s:0ms
2024-11-19 00:33:06,010 - fed_utils - INFO - encrypting key [classifier.4.weight].length : 1920, cost time : 0m:15s:119ms
2024-11-19 00:33:06,089 - fed_utils - INFO - encrypting key [classifier.4.bias].length : 10, cost time : 0m:0s:79ms
2024-11-19 00:33:06,089 - fl_main - INFO - Server receive client_dict[f_00002] info ...
2024-11-19 00:33:06,089 - fl_main - INFO - ----- client id [f_00003] -----
2024-11-19 00:33:06,099 - fed_utils - INFO - init global model cost time : 0m:0s:9ms
2024-11-19 00:33:06,100 - client_base - INFO - recover model cost time : 0m:0s:0ms
2024-11-19 00:33:06,101 - fl_main - INFO - client_dict[f_00003] training ...
2024-11-19 00:33:06,102 - client_base - INFO - client_dict[f_00003] training epoch : 0
2024-11-19 00:33:15,295 - client_base - INFO - local model train cost time : 0m:9s:192ms
2024-11-19 00:33:15,296 - client_base - INFO - model encode time : 0m:0s:1ms
2024-11-19 00:33:15,297 - fl_main - INFO - client_dict[f_00003] local model encrypting ...
2024-11-19 00:33:53,092 - fed_utils - INFO - encrypting key [features.0.weight].length : 4800, cost time : 0m:37s:795ms
2024-11-19 00:33:53,606 - fed_utils - INFO - encrypting key [features.0.bias].length : 64, cost time : 0m:0s:514ms
2024-11-19 00:33:53,609 - fed_utils - INFO - load key [features.4.weight].length : 102400, cost time : 0m:0s:2ms
2024-11-19 00:33:53,609 - fed_utils - INFO - load key [features.4.bias].length : 64, cost time : 0m:0s:0ms
2024-11-19 00:33:53,649 - fed_utils - INFO - load key [classifier.0.weight].length : 1572864, cost time : 0m:0s:39ms
2024-11-19 00:33:53,649 - fed_utils - INFO - load key [classifier.0.bias].length : 384, cost time : 0m:0s:0ms
2024-11-19 00:33:53,651 - fed_utils - INFO - load key [classifier.2.weight].length : 73728, cost time : 0m:0s:1ms
2024-11-19 00:33:53,651 - fed_utils - INFO - load key [classifier.2.bias].length : 192, cost time : 0m:0s:0ms
2024-11-19 00:34:08,772 - fed_utils - INFO - encrypting key [classifier.4.weight].length : 1920, cost time : 0m:15s:120ms
2024-11-19 00:34:08,851 - fed_utils - INFO - encrypting key [classifier.4.bias].length : 10, cost time : 0m:0s:79ms
2024-11-19 00:34:08,851 - fl_main - INFO - Server receive client_dict[f_00003] info ...
2024-11-19 00:34:08,851 - fl_main - INFO - ----- client id [f_00004] -----
2024-11-19 00:34:08,861 - fed_utils - INFO - init global model cost time : 0m:0s:9ms
2024-11-19 00:34:08,862 - client_base - INFO - recover model cost time : 0m:0s:0ms
2024-11-19 00:34:08,863 - fl_main - INFO - client_dict[f_00004] training ...
2024-11-19 00:34:08,864 - client_base - INFO - client_dict[f_00004] training epoch : 0
2024-11-19 00:34:18,024 - client_base - INFO - local model train cost time : 0m:9s:159ms
2024-11-19 00:34:18,025 - client_base - INFO - model encode time : 0m:0s:1ms
2024-11-19 00:34:18,026 - fl_main - INFO - client_dict[f_00004] local model encrypting ...
2024-11-19 00:34:55,924 - fed_utils - INFO - encrypting key [features.0.weight].length : 4800, cost time : 0m:37s:898ms
2024-11-19 00:34:56,439 - fed_utils - INFO - encrypting key [features.0.bias].length : 64, cost time : 0m:0s:515ms
2024-11-19 00:34:56,442 - fed_utils - INFO - load key [features.4.weight].length : 102400, cost time : 0m:0s:2ms
2024-11-19 00:34:56,442 - fed_utils - INFO - load key [features.4.bias].length : 64, cost time : 0m:0s:0ms
2024-11-19 00:34:56,481 - fed_utils - INFO - load key [classifier.0.weight].length : 1572864, cost time : 0m:0s:39ms
2024-11-19 00:34:56,481 - fed_utils - INFO - load key [classifier.0.bias].length : 384, cost time : 0m:0s:0ms
2024-11-19 00:34:56,483 - fed_utils - INFO - load key [classifier.2.weight].length : 73728, cost time : 0m:0s:1ms
2024-11-19 00:34:56,483 - fed_utils - INFO - load key [classifier.2.bias].length : 192, cost time : 0m:0s:0ms
2024-11-19 00:35:11,632 - fed_utils - INFO - encrypting key [classifier.4.weight].length : 1920, cost time : 0m:15s:149ms
2024-11-19 00:35:11,712 - fed_utils - INFO - encrypting key [classifier.4.bias].length : 10, cost time : 0m:0s:79ms
2024-11-19 00:35:11,712 - fl_main - INFO - Server receive client_dict[f_00004] info ...
2024-11-19 00:35:11,712 - fl_main - INFO - global aggregation process ...
2024-11-19 00:35:11,712 - fed_utils - INFO - server.n_data : 50000
2024-11-19 00:35:11,712 - fed_utils - INFO - client_dict[f_00000].weight : 0.200000
2024-11-19 00:35:11,712 - fed_utils - INFO - client_dict[f_00001].weight : 0.200000
2024-11-19 00:35:11,712 - fed_utils - INFO - client_dict[f_00002].weight : 0.200000
2024-11-19 00:35:11,712 - fed_utils - INFO - client_dict[f_00003].weight : 0.200000
2024-11-19 00:35:11,712 - fed_utils - INFO - client_dict[f_00004].weight : 0.200000
2024-11-19 00:35:11,712 - fed_utils - INFO - recover secret number by clients: 3157279.000000
2024-11-19 00:35:11,712 - server_base - INFO - Server aggregate model with homomorphic encryption ...
2024-11-19 00:35:22,251 - server_base - INFO - Server aggregate model done, cost time : 0m:10s:538ms
2024-11-19 00:35:33,122 - fed_utils - INFO - decrypting key [features.0.weight].shape [torch.Size([64, 3, 5, 5])]
2024-11-19 00:35:33,267 - fed_utils - INFO - decrypting key [features.0.bias].shape [torch.Size([64])]
2024-11-19 00:35:33,268 - fed_utils - INFO - decrypting key [features.4.weight].shape [torch.Size([64, 64, 5, 5])]
2024-11-19 00:35:33,268 - fed_utils - INFO - decrypting key [features.4.bias].shape [torch.Size([64])]
2024-11-19 00:35:33,277 - fed_utils - INFO - decrypting key [classifier.0.weight].shape [torch.Size([384, 4096])]
2024-11-19 00:35:33,278 - fed_utils - INFO - decrypting key [classifier.0.bias].shape [torch.Size([384])]
2024-11-19 00:35:33,278 - fed_utils - INFO - decrypting key [classifier.2.weight].shape [torch.Size([192, 384])]
2024-11-19 00:35:33,278 - fed_utils - INFO - decrypting key [classifier.2.bias].shape [torch.Size([192])]
2024-11-19 00:35:37,626 - fed_utils - INFO - decrypting key [classifier.4.weight].shape [torch.Size([10, 192])]
2024-11-19 00:35:37,649 - fed_utils - INFO - decrypting key [classifier.4.bias].shape [torch.Size([10])]
2024-11-19 00:35:37,649 - fed_utils - INFO - decrypt time : [0m:15s:397ms]
2024-11-19 00:35:37,717 - fl_main - INFO - [global round : 3] aggregated model accuracy : 0.541
2024-11-19 00:35:37,717 - fl_main - INFO - [global round : 3] aggregated model loss : 1.3346957640648405
2024-11-19 00:35:37,718 - fl_main - INFO - global round : 4
2024-11-19 00:35:37,718 - fl_main - INFO - the random client id to test accuracy : f_00003
2024-11-19 00:35:37,718 - fl_main - INFO - ----- client id [f_00000] -----
2024-11-19 00:35:37,728 - fed_utils - INFO - init global model cost time : 0m:0s:9ms
2024-11-19 00:35:37,731 - client_base - INFO - recover model cost time : 0m:0s:0ms
2024-11-19 00:35:37,731 - fl_main - INFO - client_dict[f_00000] training ...
2024-11-19 00:35:37,748 - client_base - INFO - client_dict[f_00000] training epoch : 0
2024-11-19 00:35:46,906 - client_base - INFO - local model train cost time : 0m:9s:157ms
2024-11-19 00:35:46,908 - client_base - INFO - model encode time : 0m:0s:1ms
2024-11-19 00:35:46,908 - fl_main - INFO - client_dict[f_00000] local model encrypting ...
2024-11-19 00:36:24,751 - fed_utils - INFO - encrypting key [features.0.weight].length : 4800, cost time : 0m:37s:842ms
2024-11-19 00:36:25,266 - fed_utils - INFO - encrypting key [features.0.bias].length : 64, cost time : 0m:0s:514ms
2024-11-19 00:36:25,268 - fed_utils - INFO - load key [features.4.weight].length : 102400, cost time : 0m:0s:2ms
2024-11-19 00:36:25,268 - fed_utils - INFO - load key [features.4.bias].length : 64, cost time : 0m:0s:0ms
2024-11-19 00:36:25,305 - fed_utils - INFO - load key [classifier.0.weight].length : 1572864, cost time : 0m:0s:36ms
2024-11-19 00:36:25,305 - fed_utils - INFO - load key [classifier.0.bias].length : 384, cost time : 0m:0s:0ms
2024-11-19 00:36:25,307 - fed_utils - INFO - load key [classifier.2.weight].length : 73728, cost time : 0m:0s:1ms
2024-11-19 00:36:25,307 - fed_utils - INFO - load key [classifier.2.bias].length : 192, cost time : 0m:0s:0ms
2024-11-19 00:36:40,423 - fed_utils - INFO - encrypting key [classifier.4.weight].length : 1920, cost time : 0m:15s:116ms
2024-11-19 00:36:40,503 - fed_utils - INFO - encrypting key [classifier.4.bias].length : 10, cost time : 0m:0s:79ms
2024-11-19 00:36:40,527 - fl_main - INFO - Server receive client_dict[f_00000] info ...
2024-11-19 00:36:40,527 - fl_main - INFO - ----- client id [f_00001] -----
2024-11-19 00:36:40,537 - fed_utils - INFO - init global model cost time : 0m:0s:10ms
2024-11-19 00:36:40,539 - client_base - INFO - recover model cost time : 0m:0s:0ms
2024-11-19 00:36:40,540 - fl_main - INFO - client_dict[f_00001] training ...
2024-11-19 00:36:40,541 - client_base - INFO - client_dict[f_00001] training epoch : 0
2024-11-19 00:36:49,687 - client_base - INFO - local model train cost time : 0m:9s:145ms
2024-11-19 00:36:49,688 - client_base - INFO - model encode time : 0m:0s:1ms
2024-11-19 00:36:49,689 - fl_main - INFO - client_dict[f_00001] local model encrypting ...
2024-11-19 00:37:27,519 - fed_utils - INFO - encrypting key [features.0.weight].length : 4800, cost time : 0m:37s:830ms
2024-11-19 00:37:28,033 - fed_utils - INFO - encrypting key [features.0.bias].length : 64, cost time : 0m:0s:513ms
2024-11-19 00:37:28,035 - fed_utils - INFO - load key [features.4.weight].length : 102400, cost time : 0m:0s:2ms
2024-11-19 00:37:28,035 - fed_utils - INFO - load key [features.4.bias].length : 64, cost time : 0m:0s:0ms
2024-11-19 00:37:28,075 - fed_utils - INFO - load key [classifier.0.weight].length : 1572864, cost time : 0m:0s:39ms
2024-11-19 00:37:28,075 - fed_utils - INFO - load key [classifier.0.bias].length : 384, cost time : 0m:0s:0ms
2024-11-19 00:37:28,077 - fed_utils - INFO - load key [classifier.2.weight].length : 73728, cost time : 0m:0s:1ms
2024-11-19 00:37:28,077 - fed_utils - INFO - load key [classifier.2.bias].length : 192, cost time : 0m:0s:0ms
2024-11-19 00:37:43,205 - fed_utils - INFO - encrypting key [classifier.4.weight].length : 1920, cost time : 0m:15s:127ms
2024-11-19 00:37:43,284 - fed_utils - INFO - encrypting key [classifier.4.bias].length : 10, cost time : 0m:0s:79ms
2024-11-19 00:37:43,284 - fl_main - INFO - Server receive client_dict[f_00001] info ...
2024-11-19 00:37:43,284 - fl_main - INFO - ----- client id [f_00002] -----
2024-11-19 00:37:43,294 - fed_utils - INFO - init global model cost time : 0m:0s:9ms
2024-11-19 00:37:43,295 - client_base - INFO - recover model cost time : 0m:0s:0ms
2024-11-19 00:37:43,296 - fl_main - INFO - client_dict[f_00002] training ...
2024-11-19 00:37:43,297 - client_base - INFO - client_dict[f_00002] training epoch : 0
2024-11-19 00:37:52,475 - client_base - INFO - local model train cost time : 0m:9s:177ms
2024-11-19 00:37:52,476 - client_base - INFO - model encode time : 0m:0s:1ms
2024-11-19 00:37:52,477 - fl_main - INFO - client_dict[f_00002] local model encrypting ...
2024-11-19 00:38:30,288 - fed_utils - INFO - encrypting key [features.0.weight].length : 4800, cost time : 0m:37s:811ms
2024-11-19 00:38:30,804 - fed_utils - INFO - encrypting key [features.0.bias].length : 64, cost time : 0m:0s:515ms
2024-11-19 00:38:30,807 - fed_utils - INFO - load key [features.4.weight].length : 102400, cost time : 0m:0s:2ms
2024-11-19 00:38:30,807 - fed_utils - INFO - load key [features.4.bias].length : 64, cost time : 0m:0s:0ms
2024-11-19 00:38:30,846 - fed_utils - INFO - load key [classifier.0.weight].length : 1572864, cost time : 0m:0s:39ms
2024-11-19 00:38:30,846 - fed_utils - INFO - load key [classifier.0.bias].length : 384, cost time : 0m:0s:0ms
2024-11-19 00:38:30,848 - fed_utils - INFO - load key [classifier.2.weight].length : 73728, cost time : 0m:0s:1ms
2024-11-19 00:38:30,848 - fed_utils - INFO - load key [classifier.2.bias].length : 192, cost time : 0m:0s:0ms
2024-11-19 00:38:45,969 - fed_utils - INFO - encrypting key [classifier.4.weight].length : 1920, cost time : 0m:15s:121ms
2024-11-19 00:38:46,049 - fed_utils - INFO - encrypting key [classifier.4.bias].length : 10, cost time : 0m:0s:79ms
2024-11-19 00:38:46,049 - fl_main - INFO - Server receive client_dict[f_00002] info ...
2024-11-19 00:38:46,049 - fl_main - INFO - ----- client id [f_00003] -----
2024-11-19 00:38:46,059 - fed_utils - INFO - init global model cost time : 0m:0s:9ms
2024-11-19 00:38:46,060 - client_base - INFO - recover model cost time : 0m:0s:0ms
2024-11-19 00:38:48,490 - fl_main - INFO - global round [4] client_dict[f_00003].accuracy : 0.578900
2024-11-19 00:38:48,491 - fl_main - INFO - client_dict[f_00003] training ...
2024-11-19 00:38:48,491 - client_base - INFO - client_dict[f_00003] training epoch : 0
2024-11-19 00:38:57,638 - client_base - INFO - local model train cost time : 0m:9s:147ms
2024-11-19 00:38:57,640 - client_base - INFO - model encode time : 0m:0s:1ms
2024-11-19 00:38:57,640 - fl_main - INFO - client_dict[f_00003] local model encrypting ...
2024-11-19 00:39:35,465 - fed_utils - INFO - encrypting key [features.0.weight].length : 4800, cost time : 0m:37s:824ms
2024-11-19 00:39:35,981 - fed_utils - INFO - encrypting key [features.0.bias].length : 64, cost time : 0m:0s:515ms
2024-11-19 00:39:35,984 - fed_utils - INFO - load key [features.4.weight].length : 102400, cost time : 0m:0s:2ms
2024-11-19 00:39:35,984 - fed_utils - INFO - load key [features.4.bias].length : 64, cost time : 0m:0s:0ms
2024-11-19 00:39:36,023 - fed_utils - INFO - load key [classifier.0.weight].length : 1572864, cost time : 0m:0s:39ms
2024-11-19 00:39:36,023 - fed_utils - INFO - load key [classifier.0.bias].length : 384, cost time : 0m:0s:0ms
2024-11-19 00:39:36,025 - fed_utils - INFO - load key [classifier.2.weight].length : 73728, cost time : 0m:0s:1ms
2024-11-19 00:39:36,025 - fed_utils - INFO - load key [classifier.2.bias].length : 192, cost time : 0m:0s:0ms
2024-11-19 00:39:51,145 - fed_utils - INFO - encrypting key [classifier.4.weight].length : 1920, cost time : 0m:15s:120ms
2024-11-19 00:39:51,225 - fed_utils - INFO - encrypting key [classifier.4.bias].length : 10, cost time : 0m:0s:79ms
2024-11-19 00:39:51,225 - fl_main - INFO - Server receive client_dict[f_00003] info ...
2024-11-19 00:39:51,225 - fl_main - INFO - ----- client id [f_00004] -----
2024-11-19 00:39:51,234 - fed_utils - INFO - init global model cost time : 0m:0s:9ms
2024-11-19 00:39:51,236 - client_base - INFO - recover model cost time : 0m:0s:0ms
2024-11-19 00:39:51,236 - fl_main - INFO - client_dict[f_00004] training ...
2024-11-19 00:39:51,238 - client_base - INFO - client_dict[f_00004] training epoch : 0
2024-11-19 00:40:00,412 - client_base - INFO - local model train cost time : 0m:9s:173ms
2024-11-19 00:40:00,414 - client_base - INFO - model encode time : 0m:0s:1ms
2024-11-19 00:40:00,414 - fl_main - INFO - client_dict[f_00004] local model encrypting ...
2024-11-19 00:40:38,398 - fed_utils - INFO - encrypting key [features.0.weight].length : 4800, cost time : 0m:37s:983ms
2024-11-19 00:40:38,922 - fed_utils - INFO - encrypting key [features.0.bias].length : 64, cost time : 0m:0s:524ms
2024-11-19 00:40:38,925 - fed_utils - INFO - load key [features.4.weight].length : 102400, cost time : 0m:0s:2ms
2024-11-19 00:40:38,925 - fed_utils - INFO - load key [features.4.bias].length : 64, cost time : 0m:0s:0ms
2024-11-19 00:40:38,965 - fed_utils - INFO - load key [classifier.0.weight].length : 1572864, cost time : 0m:0s:39ms
2024-11-19 00:40:38,965 - fed_utils - INFO - load key [classifier.0.bias].length : 384, cost time : 0m:0s:0ms
2024-11-19 00:40:38,967 - fed_utils - INFO - load key [classifier.2.weight].length : 73728, cost time : 0m:0s:1ms
2024-11-19 00:40:38,967 - fed_utils - INFO - load key [classifier.2.bias].length : 192, cost time : 0m:0s:0ms
2024-11-19 00:40:54,106 - fed_utils - INFO - encrypting key [classifier.4.weight].length : 1920, cost time : 0m:15s:138ms
2024-11-19 00:40:54,185 - fed_utils - INFO - encrypting key [classifier.4.bias].length : 10, cost time : 0m:0s:79ms
2024-11-19 00:40:54,185 - fl_main - INFO - Server receive client_dict[f_00004] info ...
2024-11-19 00:40:54,185 - fl_main - INFO - global aggregation process ...
2024-11-19 00:40:54,186 - fed_utils - INFO - server.n_data : 50000
2024-11-19 00:40:54,186 - fed_utils - INFO - client_dict[f_00000].weight : 0.200000
2024-11-19 00:40:54,186 - fed_utils - INFO - client_dict[f_00001].weight : 0.200000
2024-11-19 00:40:54,186 - fed_utils - INFO - client_dict[f_00002].weight : 0.200000
2024-11-19 00:40:54,186 - fed_utils - INFO - client_dict[f_00003].weight : 0.200000
2024-11-19 00:40:54,186 - fed_utils - INFO - client_dict[f_00004].weight : 0.200000
2024-11-19 00:40:54,186 - fed_utils - INFO - recover secret number by clients: 3157279.000000
2024-11-19 00:40:54,186 - server_base - INFO - Server aggregate model with homomorphic encryption ...
2024-11-19 00:41:04,738 - server_base - INFO - Server aggregate model done, cost time : 0m:10s:551ms
2024-11-19 00:41:15,611 - fed_utils - INFO - decrypting key [features.0.weight].shape [torch.Size([64, 3, 5, 5])]
2024-11-19 00:41:15,757 - fed_utils - INFO - decrypting key [features.0.bias].shape [torch.Size([64])]
2024-11-19 00:41:15,758 - fed_utils - INFO - decrypting key [features.4.weight].shape [torch.Size([64, 64, 5, 5])]
2024-11-19 00:41:15,758 - fed_utils - INFO - decrypting key [features.4.bias].shape [torch.Size([64])]
2024-11-19 00:41:15,764 - fed_utils - INFO - decrypting key [classifier.0.weight].shape [torch.Size([384, 4096])]
2024-11-19 00:41:15,765 - fed_utils - INFO - decrypting key [classifier.0.bias].shape [torch.Size([384])]
2024-11-19 00:41:15,765 - fed_utils - INFO - decrypting key [classifier.2.weight].shape [torch.Size([192, 384])]
2024-11-19 00:41:15,765 - fed_utils - INFO - decrypting key [classifier.2.bias].shape [torch.Size([192])]
2024-11-19 00:41:20,114 - fed_utils - INFO - decrypting key [classifier.4.weight].shape [torch.Size([10, 192])]
2024-11-19 00:41:20,137 - fed_utils - INFO - decrypting key [classifier.4.bias].shape [torch.Size([10])]
2024-11-19 00:41:20,137 - fed_utils - INFO - decrypt time : [0m:15s:398ms]
2024-11-19 00:41:20,205 - fl_main - INFO - [global round : 4] aggregated model accuracy : 0.5789000000000001
2024-11-19 00:41:20,205 - fl_main - INFO - [global round : 4] aggregated model loss : 1.175733607876893
2024-11-19 00:41:20,206 - fl_main - INFO - global round : 5
2024-11-19 00:41:20,206 - fl_main - INFO - the random client id to test accuracy : f_00003
2024-11-19 00:41:20,206 - fl_main - INFO - ----- client id [f_00000] -----
2024-11-19 00:41:20,218 - fed_utils - INFO - init global model cost time : 0m:0s:11ms
2024-11-19 00:41:20,220 - client_base - INFO - recover model cost time : 0m:0s:0ms
2024-11-19 00:41:20,221 - fl_main - INFO - client_dict[f_00000] training ...
2024-11-19 00:41:20,231 - client_base - INFO - client_dict[f_00000] training epoch : 0
2024-11-19 00:41:29,390 - client_base - INFO - local model train cost time : 0m:9s:159ms
2024-11-19 00:41:29,392 - client_base - INFO - model encode time : 0m:0s:1ms
2024-11-19 00:41:29,392 - fl_main - INFO - client_dict[f_00000] local model encrypting ...
2024-11-19 00:42:07,194 - fed_utils - INFO - encrypting key [features.0.weight].length : 4800, cost time : 0m:37s:801ms
2024-11-19 00:42:07,708 - fed_utils - INFO - encrypting key [features.0.bias].length : 64, cost time : 0m:0s:513ms
2024-11-19 00:42:07,710 - fed_utils - INFO - load key [features.4.weight].length : 102400, cost time : 0m:0s:2ms
2024-11-19 00:42:07,710 - fed_utils - INFO - load key [features.4.bias].length : 64, cost time : 0m:0s:0ms
2024-11-19 00:42:07,745 - fed_utils - INFO - load key [classifier.0.weight].length : 1572864, cost time : 0m:0s:35ms
2024-11-19 00:42:07,745 - fed_utils - INFO - load key [classifier.0.bias].length : 384, cost time : 0m:0s:0ms
2024-11-19 00:42:07,748 - fed_utils - INFO - load key [classifier.2.weight].length : 73728, cost time : 0m:0s:2ms
2024-11-19 00:42:07,748 - fed_utils - INFO - load key [classifier.2.bias].length : 192, cost time : 0m:0s:0ms
2024-11-19 00:42:22,869 - fed_utils - INFO - encrypting key [classifier.4.weight].length : 1920, cost time : 0m:15s:121ms
2024-11-19 00:42:22,949 - fed_utils - INFO - encrypting key [classifier.4.bias].length : 10, cost time : 0m:0s:79ms
2024-11-19 00:42:22,973 - fl_main - INFO - Server receive client_dict[f_00000] info ...
2024-11-19 00:42:22,973 - fl_main - INFO - ----- client id [f_00001] -----
2024-11-19 00:42:22,985 - fed_utils - INFO - init global model cost time : 0m:0s:12ms
2024-11-19 00:42:22,987 - client_base - INFO - recover model cost time : 0m:0s:0ms
2024-11-19 00:42:22,988 - fl_main - INFO - client_dict[f_00001] training ...
2024-11-19 00:42:22,989 - client_base - INFO - client_dict[f_00001] training epoch : 0
2024-11-19 00:42:32,162 - client_base - INFO - local model train cost time : 0m:9s:172ms
2024-11-19 00:42:32,163 - client_base - INFO - model encode time : 0m:0s:1ms
2024-11-19 00:42:32,164 - fl_main - INFO - client_dict[f_00001] local model encrypting ...
2024-11-19 00:43:10,000 - fed_utils - INFO - encrypting key [features.0.weight].length : 4800, cost time : 0m:37s:836ms
2024-11-19 00:43:10,515 - fed_utils - INFO - encrypting key [features.0.bias].length : 64, cost time : 0m:0s:514ms
2024-11-19 00:43:10,518 - fed_utils - INFO - load key [features.4.weight].length : 102400, cost time : 0m:0s:2ms
2024-11-19 00:43:10,518 - fed_utils - INFO - load key [features.4.bias].length : 64, cost time : 0m:0s:0ms
2024-11-19 00:43:10,558 - fed_utils - INFO - load key [classifier.0.weight].length : 1572864, cost time : 0m:0s:40ms
2024-11-19 00:43:10,559 - fed_utils - INFO - load key [classifier.0.bias].length : 384, cost time : 0m:0s:0ms
2024-11-19 00:43:10,561 - fed_utils - INFO - load key [classifier.2.weight].length : 73728, cost time : 0m:0s:1ms
2024-11-19 00:43:10,561 - fed_utils - INFO - load key [classifier.2.bias].length : 192, cost time : 0m:0s:0ms
2024-11-19 00:43:25,690 - fed_utils - INFO - encrypting key [classifier.4.weight].length : 1920, cost time : 0m:15s:129ms
2024-11-19 00:43:25,770 - fed_utils - INFO - encrypting key [classifier.4.bias].length : 10, cost time : 0m:0s:79ms
2024-11-19 00:43:25,770 - fl_main - INFO - Server receive client_dict[f_00001] info ...
2024-11-19 00:43:25,770 - fl_main - INFO - ----- client id [f_00002] -----
2024-11-19 00:43:25,780 - fed_utils - INFO - init global model cost time : 0m:0s:9ms
2024-11-19 00:43:25,781 - client_base - INFO - recover model cost time : 0m:0s:0ms
2024-11-19 00:43:25,782 - fl_main - INFO - client_dict[f_00002] training ...
2024-11-19 00:43:25,783 - client_base - INFO - client_dict[f_00002] training epoch : 0
2024-11-19 00:43:34,935 - client_base - INFO - local model train cost time : 0m:9s:151ms
2024-11-19 00:43:34,937 - client_base - INFO - model encode time : 0m:0s:1ms
2024-11-19 00:43:34,937 - fl_main - INFO - client_dict[f_00002] local model encrypting ...
2024-11-19 00:44:12,743 - fed_utils - INFO - encrypting key [features.0.weight].length : 4800, cost time : 0m:37s:805ms
2024-11-19 00:44:13,257 - fed_utils - INFO - encrypting key [features.0.bias].length : 64, cost time : 0m:0s:513ms
2024-11-19 00:44:13,260 - fed_utils - INFO - load key [features.4.weight].length : 102400, cost time : 0m:0s:2ms
2024-11-19 00:44:13,260 - fed_utils - INFO - load key [features.4.bias].length : 64, cost time : 0m:0s:0ms
2024-11-19 00:44:13,300 - fed_utils - INFO - load key [classifier.0.weight].length : 1572864, cost time : 0m:0s:39ms
2024-11-19 00:44:13,300 - fed_utils - INFO - load key [classifier.0.bias].length : 384, cost time : 0m:0s:0ms
2024-11-19 00:44:13,302 - fed_utils - INFO - load key [classifier.2.weight].length : 73728, cost time : 0m:0s:1ms
2024-11-19 00:44:13,302 - fed_utils - INFO - load key [classifier.2.bias].length : 192, cost time : 0m:0s:0ms
2024-11-19 00:44:28,429 - fed_utils - INFO - encrypting key [classifier.4.weight].length : 1920, cost time : 0m:15s:127ms
2024-11-19 00:44:28,509 - fed_utils - INFO - encrypting key [classifier.4.bias].length : 10, cost time : 0m:0s:79ms
2024-11-19 00:44:28,509 - fl_main - INFO - Server receive client_dict[f_00002] info ...
2024-11-19 00:44:28,509 - fl_main - INFO - ----- client id [f_00003] -----
2024-11-19 00:44:28,519 - fed_utils - INFO - init global model cost time : 0m:0s:9ms
2024-11-19 00:44:28,520 - client_base - INFO - recover model cost time : 0m:0s:0ms
2024-11-19 00:44:30,979 - fl_main - INFO - global round [5] client_dict[f_00003].accuracy : 0.617200
2024-11-19 00:44:30,979 - fl_main - INFO - client_dict[f_00003] training ...
2024-11-19 00:44:30,980 - client_base - INFO - client_dict[f_00003] training epoch : 0
2024-11-19 00:44:40,128 - client_base - INFO - local model train cost time : 0m:9s:148ms
2024-11-19 00:44:40,130 - client_base - INFO - model encode time : 0m:0s:1ms
2024-11-19 00:44:40,130 - fl_main - INFO - client_dict[f_00003] local model encrypting ...
2024-11-19 00:45:17,924 - fed_utils - INFO - encrypting key [features.0.weight].length : 4800, cost time : 0m:37s:794ms
2024-11-19 00:45:18,440 - fed_utils - INFO - encrypting key [features.0.bias].length : 64, cost time : 0m:0s:515ms
2024-11-19 00:45:18,443 - fed_utils - INFO - load key [features.4.weight].length : 102400, cost time : 0m:0s:2ms
2024-11-19 00:45:18,443 - fed_utils - INFO - load key [features.4.bias].length : 64, cost time : 0m:0s:0ms
2024-11-19 00:45:18,482 - fed_utils - INFO - load key [classifier.0.weight].length : 1572864, cost time : 0m:0s:39ms
2024-11-19 00:45:18,483 - fed_utils - INFO - load key [classifier.0.bias].length : 384, cost time : 0m:0s:0ms
2024-11-19 00:45:18,485 - fed_utils - INFO - load key [classifier.2.weight].length : 73728, cost time : 0m:0s:1ms
2024-11-19 00:45:18,485 - fed_utils - INFO - load key [classifier.2.bias].length : 192, cost time : 0m:0s:0ms
2024-11-19 00:45:33,602 - fed_utils - INFO - encrypting key [classifier.4.weight].length : 1920, cost time : 0m:15s:117ms
2024-11-19 00:45:33,681 - fed_utils - INFO - encrypting key [classifier.4.bias].length : 10, cost time : 0m:0s:79ms
2024-11-19 00:45:33,681 - fl_main - INFO - Server receive client_dict[f_00003] info ...
2024-11-19 00:45:33,682 - fl_main - INFO - ----- client id [f_00004] -----
2024-11-19 00:45:33,691 - fed_utils - INFO - init global model cost time : 0m:0s:9ms
2024-11-19 00:45:33,693 - client_base - INFO - recover model cost time : 0m:0s:0ms
2024-11-19 00:45:33,693 - fl_main - INFO - client_dict[f_00004] training ...
2024-11-19 00:45:33,695 - client_base - INFO - client_dict[f_00004] training epoch : 0
2024-11-19 00:45:42,849 - client_base - INFO - local model train cost time : 0m:9s:154ms
2024-11-19 00:45:42,851 - client_base - INFO - model encode time : 0m:0s:1ms
2024-11-19 00:45:42,851 - fl_main - INFO - client_dict[f_00004] local model encrypting ...
2024-11-19 00:46:20,704 - fed_utils - INFO - encrypting key [features.0.weight].length : 4800, cost time : 0m:37s:853ms
2024-11-19 00:46:21,219 - fed_utils - INFO - encrypting key [features.0.bias].length : 64, cost time : 0m:0s:514ms
2024-11-19 00:46:21,222 - fed_utils - INFO - load key [features.4.weight].length : 102400, cost time : 0m:0s:2ms
2024-11-19 00:46:21,222 - fed_utils - INFO - load key [features.4.bias].length : 64, cost time : 0m:0s:0ms
2024-11-19 00:46:21,261 - fed_utils - INFO - load key [classifier.0.weight].length : 1572864, cost time : 0m:0s:39ms
2024-11-19 00:46:21,261 - fed_utils - INFO - load key [classifier.0.bias].length : 384, cost time : 0m:0s:0ms
2024-11-19 00:46:21,263 - fed_utils - INFO - load key [classifier.2.weight].length : 73728, cost time : 0m:0s:1ms
2024-11-19 00:46:21,263 - fed_utils - INFO - load key [classifier.2.bias].length : 192, cost time : 0m:0s:0ms
2024-11-19 00:46:36,386 - fed_utils - INFO - encrypting key [classifier.4.weight].length : 1920, cost time : 0m:15s:123ms
2024-11-19 00:46:36,466 - fed_utils - INFO - encrypting key [classifier.4.bias].length : 10, cost time : 0m:0s:79ms
2024-11-19 00:46:36,466 - fl_main - INFO - Server receive client_dict[f_00004] info ...
2024-11-19 00:46:36,466 - fl_main - INFO - global aggregation process ...
2024-11-19 00:46:36,466 - fed_utils - INFO - server.n_data : 50000
2024-11-19 00:46:36,466 - fed_utils - INFO - client_dict[f_00000].weight : 0.200000
2024-11-19 00:46:36,466 - fed_utils - INFO - client_dict[f_00001].weight : 0.200000
2024-11-19 00:46:36,466 - fed_utils - INFO - client_dict[f_00002].weight : 0.200000
2024-11-19 00:46:36,466 - fed_utils - INFO - client_dict[f_00003].weight : 0.200000
2024-11-19 00:46:36,466 - fed_utils - INFO - client_dict[f_00004].weight : 0.200000
2024-11-19 00:46:36,467 - fed_utils - INFO - recover secret number by clients: 3157279.000000
2024-11-19 00:46:36,467 - server_base - INFO - Server aggregate model with homomorphic encryption ...
2024-11-19 00:46:47,023 - server_base - INFO - Server aggregate model done, cost time : 0m:10s:556ms
2024-11-19 00:46:57,893 - fed_utils - INFO - decrypting key [features.0.weight].shape [torch.Size([64, 3, 5, 5])]
2024-11-19 00:46:58,038 - fed_utils - INFO - decrypting key [features.0.bias].shape [torch.Size([64])]
2024-11-19 00:46:58,039 - fed_utils - INFO - decrypting key [features.4.weight].shape [torch.Size([64, 64, 5, 5])]
2024-11-19 00:46:58,039 - fed_utils - INFO - decrypting key [features.4.bias].shape [torch.Size([64])]
2024-11-19 00:46:58,048 - fed_utils - INFO - decrypting key [classifier.0.weight].shape [torch.Size([384, 4096])]
2024-11-19 00:46:58,048 - fed_utils - INFO - decrypting key [classifier.0.bias].shape [torch.Size([384])]
2024-11-19 00:46:58,049 - fed_utils - INFO - decrypting key [classifier.2.weight].shape [torch.Size([192, 384])]
2024-11-19 00:46:58,049 - fed_utils - INFO - decrypting key [classifier.2.bias].shape [torch.Size([192])]
2024-11-19 00:47:02,397 - fed_utils - INFO - decrypting key [classifier.4.weight].shape [torch.Size([10, 192])]
2024-11-19 00:47:02,420 - fed_utils - INFO - decrypting key [classifier.4.bias].shape [torch.Size([10])]
2024-11-19 00:47:02,420 - fed_utils - INFO - decrypt time : [0m:15s:397ms]
2024-11-19 00:47:02,487 - fl_main - INFO - [global round : 5] aggregated model accuracy : 0.6172000000000001
2024-11-19 00:47:02,487 - fl_main - INFO - [global round : 5] aggregated model loss : 1.103748350948729
2024-11-19 00:47:02,488 - fl_main - INFO - global round : 6
2024-11-19 00:47:02,488 - fl_main - INFO - the random client id to test accuracy : f_00002
2024-11-19 00:47:02,488 - fl_main - INFO - ----- client id [f_00000] -----
2024-11-19 00:47:02,500 - fed_utils - INFO - init global model cost time : 0m:0s:11ms
2024-11-19 00:47:02,502 - client_base - INFO - recover model cost time : 0m:0s:0ms
2024-11-19 00:47:02,503 - fl_main - INFO - client_dict[f_00000] training ...
2024-11-19 00:47:02,514 - client_base - INFO - client_dict[f_00000] training epoch : 0
2024-11-19 00:47:11,752 - client_base - INFO - local model train cost time : 0m:9s:237ms
2024-11-19 00:47:11,753 - client_base - INFO - model encode time : 0m:0s:1ms
2024-11-19 00:47:11,754 - fl_main - INFO - client_dict[f_00000] local model encrypting ...
2024-11-19 00:47:49,565 - fed_utils - INFO - encrypting key [features.0.weight].length : 4800, cost time : 0m:37s:810ms
2024-11-19 00:47:50,079 - fed_utils - INFO - encrypting key [features.0.bias].length : 64, cost time : 0m:0s:513ms
2024-11-19 00:47:50,081 - fed_utils - INFO - load key [features.4.weight].length : 102400, cost time : 0m:0s:2ms
2024-11-19 00:47:50,081 - fed_utils - INFO - load key [features.4.bias].length : 64, cost time : 0m:0s:0ms
2024-11-19 00:47:50,116 - fed_utils - INFO - load key [classifier.0.weight].length : 1572864, cost time : 0m:0s:34ms
2024-11-19 00:47:50,116 - fed_utils - INFO - load key [classifier.0.bias].length : 384, cost time : 0m:0s:0ms
2024-11-19 00:47:50,118 - fed_utils - INFO - load key [classifier.2.weight].length : 73728, cost time : 0m:0s:1ms
2024-11-19 00:47:50,118 - fed_utils - INFO - load key [classifier.2.bias].length : 192, cost time : 0m:0s:0ms
2024-11-19 00:48:05,232 - fed_utils - INFO - encrypting key [classifier.4.weight].length : 1920, cost time : 0m:15s:114ms
2024-11-19 00:48:05,312 - fed_utils - INFO - encrypting key [classifier.4.bias].length : 10, cost time : 0m:0s:79ms
2024-11-19 00:48:05,336 - fl_main - INFO - Server receive client_dict[f_00000] info ...
2024-11-19 00:48:05,336 - fl_main - INFO - ----- client id [f_00001] -----
2024-11-19 00:48:05,347 - fed_utils - INFO - init global model cost time : 0m:0s:10ms
2024-11-19 00:48:05,349 - client_base - INFO - recover model cost time : 0m:0s:0ms
2024-11-19 00:48:05,349 - fl_main - INFO - client_dict[f_00001] training ...
2024-11-19 00:48:05,350 - client_base - INFO - client_dict[f_00001] training epoch : 0
2024-11-19 00:48:14,501 - client_base - INFO - local model train cost time : 0m:9s:150ms
2024-11-19 00:48:14,503 - client_base - INFO - model encode time : 0m:0s:1ms
2024-11-19 00:48:14,503 - fl_main - INFO - client_dict[f_00001] local model encrypting ...
2024-11-19 00:48:52,350 - fed_utils - INFO - encrypting key [features.0.weight].length : 4800, cost time : 0m:37s:846ms
2024-11-19 00:48:52,865 - fed_utils - INFO - encrypting key [features.0.bias].length : 64, cost time : 0m:0s:514ms
2024-11-19 00:48:52,867 - fed_utils - INFO - load key [features.4.weight].length : 102400, cost time : 0m:0s:2ms
2024-11-19 00:48:52,867 - fed_utils - INFO - load key [features.4.bias].length : 64, cost time : 0m:0s:0ms
2024-11-19 00:48:52,908 - fed_utils - INFO - load key [classifier.0.weight].length : 1572864, cost time : 0m:0s:40ms
2024-11-19 00:48:52,908 - fed_utils - INFO - load key [classifier.0.bias].length : 384, cost time : 0m:0s:0ms
2024-11-19 00:48:52,910 - fed_utils - INFO - load key [classifier.2.weight].length : 73728, cost time : 0m:0s:1ms
2024-11-19 00:48:52,910 - fed_utils - INFO - load key [classifier.2.bias].length : 192, cost time : 0m:0s:0ms
2024-11-19 00:49:08,035 - fed_utils - INFO - encrypting key [classifier.4.weight].length : 1920, cost time : 0m:15s:125ms
2024-11-19 00:49:08,115 - fed_utils - INFO - encrypting key [classifier.4.bias].length : 10, cost time : 0m:0s:79ms
2024-11-19 00:49:08,115 - fl_main - INFO - Server receive client_dict[f_00001] info ...
2024-11-19 00:49:08,115 - fl_main - INFO - ----- client id [f_00002] -----
2024-11-19 00:49:08,125 - fed_utils - INFO - init global model cost time : 0m:0s:9ms
2024-11-19 00:49:08,126 - client_base - INFO - recover model cost time : 0m:0s:0ms
2024-11-19 00:49:10,572 - fl_main - INFO - global round [6] client_dict[f_00002].accuracy : 0.643100
2024-11-19 00:49:10,572 - fl_main - INFO - client_dict[f_00002] training ...
2024-11-19 00:49:10,572 - client_base - INFO - client_dict[f_00002] training epoch : 0
2024-11-19 00:49:19,721 - client_base - INFO - local model train cost time : 0m:9s:148ms
2024-11-19 00:49:19,722 - client_base - INFO - model encode time : 0m:0s:1ms
2024-11-19 00:49:19,723 - fl_main - INFO - client_dict[f_00002] local model encrypting ...
2024-11-19 00:49:57,530 - fed_utils - INFO - encrypting key [features.0.weight].length : 4800, cost time : 0m:37s:806ms
2024-11-19 00:49:58,044 - fed_utils - INFO - encrypting key [features.0.bias].length : 64, cost time : 0m:0s:514ms
2024-11-19 00:49:58,047 - fed_utils - INFO - load key [features.4.weight].length : 102400, cost time : 0m:0s:2ms
2024-11-19 00:49:58,047 - fed_utils - INFO - load key [features.4.bias].length : 64, cost time : 0m:0s:0ms
2024-11-19 00:49:58,088 - fed_utils - INFO - load key [classifier.0.weight].length : 1572864, cost time : 0m:0s:40ms
2024-11-19 00:49:58,088 - fed_utils - INFO - load key [classifier.0.bias].length : 384, cost time : 0m:0s:0ms
2024-11-19 00:49:58,090 - fed_utils - INFO - load key [classifier.2.weight].length : 73728, cost time : 0m:0s:1ms
2024-11-19 00:49:58,090 - fed_utils - INFO - load key [classifier.2.bias].length : 192, cost time : 0m:0s:0ms
2024-11-19 00:50:13,215 - fed_utils - INFO - encrypting key [classifier.4.weight].length : 1920, cost time : 0m:15s:125ms
2024-11-19 00:50:13,295 - fed_utils - INFO - encrypting key [classifier.4.bias].length : 10, cost time : 0m:0s:79ms
2024-11-19 00:50:13,295 - fl_main - INFO - Server receive client_dict[f_00002] info ...
2024-11-19 00:50:13,295 - fl_main - INFO - ----- client id [f_00003] -----
2024-11-19 00:50:13,304 - fed_utils - INFO - init global model cost time : 0m:0s:9ms
2024-11-19 00:50:13,306 - client_base - INFO - recover model cost time : 0m:0s:0ms
2024-11-19 00:50:13,306 - fl_main - INFO - client_dict[f_00003] training ...
2024-11-19 00:50:13,308 - client_base - INFO - client_dict[f_00003] training epoch : 0
2024-11-19 00:50:22,467 - client_base - INFO - local model train cost time : 0m:9s:158ms
2024-11-19 00:50:22,468 - client_base - INFO - model encode time : 0m:0s:1ms
2024-11-19 00:50:22,469 - fl_main - INFO - client_dict[f_00003] local model encrypting ...
2024-11-19 00:51:00,275 - fed_utils - INFO - encrypting key [features.0.weight].length : 4800, cost time : 0m:37s:805ms
2024-11-19 00:51:00,789 - fed_utils - INFO - encrypting key [features.0.bias].length : 64, cost time : 0m:0s:514ms
2024-11-19 00:51:00,792 - fed_utils - INFO - load key [features.4.weight].length : 102400, cost time : 0m:0s:2ms
2024-11-19 00:51:00,792 - fed_utils - INFO - load key [features.4.bias].length : 64, cost time : 0m:0s:0ms
2024-11-19 00:51:00,831 - fed_utils - INFO - load key [classifier.0.weight].length : 1572864, cost time : 0m:0s:39ms
2024-11-19 00:51:00,831 - fed_utils - INFO - load key [classifier.0.bias].length : 384, cost time : 0m:0s:0ms
2024-11-19 00:51:00,833 - fed_utils - INFO - load key [classifier.2.weight].length : 73728, cost time : 0m:0s:1ms
2024-11-19 00:51:00,833 - fed_utils - INFO - load key [classifier.2.bias].length : 192, cost time : 0m:0s:0ms
2024-11-19 00:51:15,958 - fed_utils - INFO - encrypting key [classifier.4.weight].length : 1920, cost time : 0m:15s:124ms
2024-11-19 00:51:16,037 - fed_utils - INFO - encrypting key [classifier.4.bias].length : 10, cost time : 0m:0s:79ms
2024-11-19 00:51:16,037 - fl_main - INFO - Server receive client_dict[f_00003] info ...
2024-11-19 00:51:16,037 - fl_main - INFO - ----- client id [f_00004] -----
2024-11-19 00:51:16,047 - fed_utils - INFO - init global model cost time : 0m:0s:9ms
2024-11-19 00:51:16,048 - client_base - INFO - recover model cost time : 0m:0s:0ms
2024-11-19 00:51:16,048 - fl_main - INFO - client_dict[f_00004] training ...
2024-11-19 00:51:16,050 - client_base - INFO - client_dict[f_00004] training epoch : 0
2024-11-19 00:51:25,256 - client_base - INFO - local model train cost time : 0m:9s:206ms
2024-11-19 00:51:25,258 - client_base - INFO - model encode time : 0m:0s:1ms
2024-11-19 00:51:25,258 - fl_main - INFO - client_dict[f_00004] local model encrypting ...
2024-11-19 00:52:03,137 - fed_utils - INFO - encrypting key [features.0.weight].length : 4800, cost time : 0m:37s:878ms
2024-11-19 00:52:03,651 - fed_utils - INFO - encrypting key [features.0.bias].length : 64, cost time : 0m:0s:514ms
2024-11-19 00:52:03,654 - fed_utils - INFO - load key [features.4.weight].length : 102400, cost time : 0m:0s:2ms
2024-11-19 00:52:03,654 - fed_utils - INFO - load key [features.4.bias].length : 64, cost time : 0m:0s:0ms
2024-11-19 00:52:03,693 - fed_utils - INFO - load key [classifier.0.weight].length : 1572864, cost time : 0m:0s:39ms
2024-11-19 00:52:03,694 - fed_utils - INFO - load key [classifier.0.bias].length : 384, cost time : 0m:0s:0ms
2024-11-19 00:52:03,696 - fed_utils - INFO - load key [classifier.2.weight].length : 73728, cost time : 0m:0s:1ms
2024-11-19 00:52:03,696 - fed_utils - INFO - load key [classifier.2.bias].length : 192, cost time : 0m:0s:0ms
2024-11-19 00:52:18,819 - fed_utils - INFO - encrypting key [classifier.4.weight].length : 1920, cost time : 0m:15s:123ms
2024-11-19 00:52:18,899 - fed_utils - INFO - encrypting key [classifier.4.bias].length : 10, cost time : 0m:0s:79ms
2024-11-19 00:52:18,899 - fl_main - INFO - Server receive client_dict[f_00004] info ...
2024-11-19 00:52:18,899 - fl_main - INFO - global aggregation process ...
2024-11-19 00:52:18,899 - fed_utils - INFO - server.n_data : 50000
2024-11-19 00:52:18,899 - fed_utils - INFO - client_dict[f_00000].weight : 0.200000
2024-11-19 00:52:18,899 - fed_utils - INFO - client_dict[f_00001].weight : 0.200000
2024-11-19 00:52:18,899 - fed_utils - INFO - client_dict[f_00002].weight : 0.200000
2024-11-19 00:52:18,899 - fed_utils - INFO - client_dict[f_00003].weight : 0.200000
2024-11-19 00:52:18,899 - fed_utils - INFO - client_dict[f_00004].weight : 0.200000
2024-11-19 00:52:18,899 - fed_utils - INFO - recover secret number by clients: 3157279.000000
2024-11-19 00:52:18,899 - server_base - INFO - Server aggregate model with homomorphic encryption ...
2024-11-19 00:52:29,483 - server_base - INFO - Server aggregate model done, cost time : 0m:10s:583ms
2024-11-19 00:52:40,402 - fed_utils - INFO - decrypting key [features.0.weight].shape [torch.Size([64, 3, 5, 5])]
2024-11-19 00:52:40,548 - fed_utils - INFO - decrypting key [features.0.bias].shape [torch.Size([64])]
2024-11-19 00:52:40,548 - fed_utils - INFO - decrypting key [features.4.weight].shape [torch.Size([64, 64, 5, 5])]
2024-11-19 00:52:40,548 - fed_utils - INFO - decrypting key [features.4.bias].shape [torch.Size([64])]
2024-11-19 00:52:40,555 - fed_utils - INFO - decrypting key [classifier.0.weight].shape [torch.Size([384, 4096])]
2024-11-19 00:52:40,555 - fed_utils - INFO - decrypting key [classifier.0.bias].shape [torch.Size([384])]
2024-11-19 00:52:40,556 - fed_utils - INFO - decrypting key [classifier.2.weight].shape [torch.Size([192, 384])]
2024-11-19 00:52:40,556 - fed_utils - INFO - decrypting key [classifier.2.bias].shape [torch.Size([192])]
2024-11-19 00:52:44,923 - fed_utils - INFO - decrypting key [classifier.4.weight].shape [torch.Size([10, 192])]
2024-11-19 00:52:44,946 - fed_utils - INFO - decrypting key [classifier.4.bias].shape [torch.Size([10])]
2024-11-19 00:52:44,946 - fed_utils - INFO - decrypt time : [0m:15s:463ms]
2024-11-19 00:52:45,013 - fl_main - INFO - [global round : 6] aggregated model accuracy : 0.6431
2024-11-19 00:52:45,013 - fl_main - INFO - [global round : 6] aggregated model loss : 1.0940865902060584
2024-11-19 00:52:45,014 - fl_main - INFO - global round : 7
2024-11-19 00:52:45,014 - fl_main - INFO - the random client id to test accuracy : f_00001
2024-11-19 00:52:45,014 - fl_main - INFO - ----- client id [f_00000] -----
2024-11-19 00:52:45,026 - fed_utils - INFO - init global model cost time : 0m:0s:11ms
2024-11-19 00:52:45,028 - client_base - INFO - recover model cost time : 0m:0s:0ms
2024-11-19 00:52:45,029 - fl_main - INFO - client_dict[f_00000] training ...
2024-11-19 00:52:45,049 - client_base - INFO - client_dict[f_00000] training epoch : 0
2024-11-19 00:52:54,205 - client_base - INFO - local model train cost time : 0m:9s:156ms
2024-11-19 00:52:54,206 - client_base - INFO - model encode time : 0m:0s:1ms
2024-11-19 00:52:54,207 - fl_main - INFO - client_dict[f_00000] local model encrypting ...
2024-11-19 00:53:32,003 - fed_utils - INFO - encrypting key [features.0.weight].length : 4800, cost time : 0m:37s:796ms
2024-11-19 00:53:32,519 - fed_utils - INFO - encrypting key [features.0.bias].length : 64, cost time : 0m:0s:515ms
2024-11-19 00:53:32,521 - fed_utils - INFO - load key [features.4.weight].length : 102400, cost time : 0m:0s:1ms
2024-11-19 00:53:32,521 - fed_utils - INFO - load key [features.4.bias].length : 64, cost time : 0m:0s:0ms
2024-11-19 00:53:32,555 - fed_utils - INFO - load key [classifier.0.weight].length : 1572864, cost time : 0m:0s:34ms
2024-11-19 00:53:32,556 - fed_utils - INFO - load key [classifier.0.bias].length : 384, cost time : 0m:0s:0ms
2024-11-19 00:53:32,558 - fed_utils - INFO - load key [classifier.2.weight].length : 73728, cost time : 0m:0s:1ms
2024-11-19 00:53:32,558 - fed_utils - INFO - load key [classifier.2.bias].length : 192, cost time : 0m:0s:0ms
2024-11-19 00:53:47,678 - fed_utils - INFO - encrypting key [classifier.4.weight].length : 1920, cost time : 0m:15s:119ms
2024-11-19 00:53:47,757 - fed_utils - INFO - encrypting key [classifier.4.bias].length : 10, cost time : 0m:0s:79ms
2024-11-19 00:53:47,781 - fl_main - INFO - Server receive client_dict[f_00000] info ...
2024-11-19 00:53:47,782 - fl_main - INFO - ----- client id [f_00001] -----
2024-11-19 00:53:47,792 - fed_utils - INFO - init global model cost time : 0m:0s:10ms
2024-11-19 00:53:47,794 - client_base - INFO - recover model cost time : 0m:0s:0ms
2024-11-19 00:53:50,251 - fl_main - INFO - global round [7] client_dict[f_00001].accuracy : 0.663200
2024-11-19 00:53:50,251 - fl_main - INFO - client_dict[f_00001] training ...
2024-11-19 00:53:50,252 - client_base - INFO - client_dict[f_00001] training epoch : 0
2024-11-19 00:53:59,428 - client_base - INFO - local model train cost time : 0m:9s:176ms
2024-11-19 00:53:59,429 - client_base - INFO - model encode time : 0m:0s:1ms
2024-11-19 00:53:59,430 - fl_main - INFO - client_dict[f_00001] local model encrypting ...
2024-11-19 00:54:37,262 - fed_utils - INFO - encrypting key [features.0.weight].length : 4800, cost time : 0m:37s:832ms
2024-11-19 00:54:37,776 - fed_utils - INFO - encrypting key [features.0.bias].length : 64, cost time : 0m:0s:513ms
2024-11-19 00:54:37,778 - fed_utils - INFO - load key [features.4.weight].length : 102400, cost time : 0m:0s:2ms
2024-11-19 00:54:37,779 - fed_utils - INFO - load key [features.4.bias].length : 64, cost time : 0m:0s:0ms
2024-11-19 00:54:37,819 - fed_utils - INFO - load key [classifier.0.weight].length : 1572864, cost time : 0m:0s:39ms
2024-11-19 00:54:37,819 - fed_utils - INFO - load key [classifier.0.bias].length : 384, cost time : 0m:0s:0ms
2024-11-19 00:54:37,821 - fed_utils - INFO - load key [classifier.2.weight].length : 73728, cost time : 0m:0s:1ms
2024-11-19 00:54:37,821 - fed_utils - INFO - load key [classifier.2.bias].length : 192, cost time : 0m:0s:0ms
2024-11-19 00:54:52,939 - fed_utils - INFO - encrypting key [classifier.4.weight].length : 1920, cost time : 0m:15s:118ms
2024-11-19 00:54:53,019 - fed_utils - INFO - encrypting key [classifier.4.bias].length : 10, cost time : 0m:0s:79ms
2024-11-19 00:54:53,019 - fl_main - INFO - Server receive client_dict[f_00001] info ...
2024-11-19 00:54:53,019 - fl_main - INFO - ----- client id [f_00002] -----
2024-11-19 00:54:53,028 - fed_utils - INFO - init global model cost time : 0m:0s:9ms
2024-11-19 00:54:53,030 - client_base - INFO - recover model cost time : 0m:0s:0ms
2024-11-19 00:54:53,030 - fl_main - INFO - client_dict[f_00002] training ...
2024-11-19 00:54:53,032 - client_base - INFO - client_dict[f_00002] training epoch : 0
2024-11-19 00:55:02,248 - client_base - INFO - local model train cost time : 0m:9s:216ms
2024-11-19 00:55:02,250 - client_base - INFO - model encode time : 0m:0s:1ms
2024-11-19 00:55:02,250 - fl_main - INFO - client_dict[f_00002] local model encrypting ...
2024-11-19 00:55:40,184 - fed_utils - INFO - encrypting key [features.0.weight].length : 4800, cost time : 0m:37s:933ms
2024-11-19 00:55:40,698 - fed_utils - INFO - encrypting key [features.0.bias].length : 64, cost time : 0m:0s:514ms
2024-11-19 00:55:40,701 - fed_utils - INFO - load key [features.4.weight].length : 102400, cost time : 0m:0s:2ms
2024-11-19 00:55:40,701 - fed_utils - INFO - load key [features.4.bias].length : 64, cost time : 0m:0s:0ms
2024-11-19 00:55:40,741 - fed_utils - INFO - load key [classifier.0.weight].length : 1572864, cost time : 0m:0s:39ms
2024-11-19 00:55:40,741 - fed_utils - INFO - load key [classifier.0.bias].length : 384, cost time : 0m:0s:0ms
2024-11-19 00:55:40,743 - fed_utils - INFO - load key [classifier.2.weight].length : 73728, cost time : 0m:0s:1ms
2024-11-19 00:55:40,743 - fed_utils - INFO - load key [classifier.2.bias].length : 192, cost time : 0m:0s:0ms
2024-11-19 00:55:55,876 - fed_utils - INFO - encrypting key [classifier.4.weight].length : 1920, cost time : 0m:15s:132ms
2024-11-19 00:55:55,955 - fed_utils - INFO - encrypting key [classifier.4.bias].length : 10, cost time : 0m:0s:79ms
2024-11-19 00:55:55,955 - fl_main - INFO - Server receive client_dict[f_00002] info ...
2024-11-19 00:55:55,955 - fl_main - INFO - ----- client id [f_00003] -----
2024-11-19 00:55:55,965 - fed_utils - INFO - init global model cost time : 0m:0s:9ms
2024-11-19 00:55:55,967 - client_base - INFO - recover model cost time : 0m:0s:0ms
2024-11-19 00:55:55,967 - fl_main - INFO - client_dict[f_00003] training ...
2024-11-19 00:55:55,968 - client_base - INFO - client_dict[f_00003] training epoch : 0
2024-11-19 00:56:05,141 - client_base - INFO - local model train cost time : 0m:9s:172ms
2024-11-19 00:56:05,143 - client_base - INFO - model encode time : 0m:0s:1ms
2024-11-19 00:56:05,143 - fl_main - INFO - client_dict[f_00003] local model encrypting ...
2024-11-19 00:56:42,959 - fed_utils - INFO - encrypting key [features.0.weight].length : 4800, cost time : 0m:37s:815ms
2024-11-19 00:56:43,473 - fed_utils - INFO - encrypting key [features.0.bias].length : 64, cost time : 0m:0s:514ms
2024-11-19 00:56:43,476 - fed_utils - INFO - load key [features.4.weight].length : 102400, cost time : 0m:0s:2ms
2024-11-19 00:56:43,476 - fed_utils - INFO - load key [features.4.bias].length : 64, cost time : 0m:0s:0ms
2024-11-19 00:56:43,516 - fed_utils - INFO - load key [classifier.0.weight].length : 1572864, cost time : 0m:0s:39ms
2024-11-19 00:56:43,516 - fed_utils - INFO - load key [classifier.0.bias].length : 384, cost time : 0m:0s:0ms
2024-11-19 00:56:43,518 - fed_utils - INFO - load key [classifier.2.weight].length : 73728, cost time : 0m:0s:1ms
2024-11-19 00:56:43,518 - fed_utils - INFO - load key [classifier.2.bias].length : 192, cost time : 0m:0s:0ms
2024-11-19 00:56:58,647 - fed_utils - INFO - encrypting key [classifier.4.weight].length : 1920, cost time : 0m:15s:129ms
2024-11-19 00:56:58,727 - fed_utils - INFO - encrypting key [classifier.4.bias].length : 10, cost time : 0m:0s:79ms
2024-11-19 00:56:58,727 - fl_main - INFO - Server receive client_dict[f_00003] info ...
2024-11-19 00:56:58,727 - fl_main - INFO - ----- client id [f_00004] -----
2024-11-19 00:56:58,736 - fed_utils - INFO - init global model cost time : 0m:0s:9ms
2024-11-19 00:56:58,738 - client_base - INFO - recover model cost time : 0m:0s:0ms
2024-11-19 00:56:58,738 - fl_main - INFO - client_dict[f_00004] training ...
2024-11-19 00:56:58,740 - client_base - INFO - client_dict[f_00004] training epoch : 0
2024-11-19 00:57:07,972 - client_base - INFO - local model train cost time : 0m:9s:232ms
2024-11-19 00:57:07,974 - client_base - INFO - model encode time : 0m:0s:1ms
2024-11-19 00:57:07,974 - fl_main - INFO - client_dict[f_00004] local model encrypting ...
2024-11-19 00:57:45,826 - fed_utils - INFO - encrypting key [features.0.weight].length : 4800, cost time : 0m:37s:851ms
2024-11-19 00:57:46,340 - fed_utils - INFO - encrypting key [features.0.bias].length : 64, cost time : 0m:0s:514ms
2024-11-19 00:57:46,343 - fed_utils - INFO - load key [features.4.weight].length : 102400, cost time : 0m:0s:2ms
2024-11-19 00:57:46,343 - fed_utils - INFO - load key [features.4.bias].length : 64, cost time : 0m:0s:0ms
2024-11-19 00:57:46,382 - fed_utils - INFO - load key [classifier.0.weight].length : 1572864, cost time : 0m:0s:39ms
2024-11-19 00:57:46,383 - fed_utils - INFO - load key [classifier.0.bias].length : 384, cost time : 0m:0s:0ms
2024-11-19 00:57:46,384 - fed_utils - INFO - load key [classifier.2.weight].length : 73728, cost time : 0m:0s:1ms
2024-11-19 00:57:46,384 - fed_utils - INFO - load key [classifier.2.bias].length : 192, cost time : 0m:0s:0ms
2024-11-19 00:58:01,518 - fed_utils - INFO - encrypting key [classifier.4.weight].length : 1920, cost time : 0m:15s:133ms
2024-11-19 00:58:01,598 - fed_utils - INFO - encrypting key [classifier.4.bias].length : 10, cost time : 0m:0s:79ms
2024-11-19 00:58:01,598 - fl_main - INFO - Server receive client_dict[f_00004] info ...
2024-11-19 00:58:01,598 - fl_main - INFO - global aggregation process ...
2024-11-19 00:58:01,599 - fed_utils - INFO - server.n_data : 50000
2024-11-19 00:58:01,599 - fed_utils - INFO - client_dict[f_00000].weight : 0.200000
2024-11-19 00:58:01,599 - fed_utils - INFO - client_dict[f_00001].weight : 0.200000
2024-11-19 00:58:01,599 - fed_utils - INFO - client_dict[f_00002].weight : 0.200000
2024-11-19 00:58:01,599 - fed_utils - INFO - client_dict[f_00003].weight : 0.200000
2024-11-19 00:58:01,599 - fed_utils - INFO - client_dict[f_00004].weight : 0.200000
2024-11-19 00:58:01,599 - fed_utils - INFO - recover secret number by clients: 3157279.000000
2024-11-19 00:58:01,599 - server_base - INFO - Server aggregate model with homomorphic encryption ...
2024-11-19 00:58:12,151 - server_base - INFO - Server aggregate model done, cost time : 0m:10s:552ms
2024-11-19 00:58:23,020 - fed_utils - INFO - decrypting key [features.0.weight].shape [torch.Size([64, 3, 5, 5])]
2024-11-19 00:58:23,166 - fed_utils - INFO - decrypting key [features.0.bias].shape [torch.Size([64])]
2024-11-19 00:58:23,166 - fed_utils - INFO - decrypting key [features.4.weight].shape [torch.Size([64, 64, 5, 5])]
2024-11-19 00:58:23,166 - fed_utils - INFO - decrypting key [features.4.bias].shape [torch.Size([64])]
2024-11-19 00:58:23,176 - fed_utils - INFO - decrypting key [classifier.0.weight].shape [torch.Size([384, 4096])]
2024-11-19 00:58:23,176 - fed_utils - INFO - decrypting key [classifier.0.bias].shape [torch.Size([384])]
2024-11-19 00:58:23,176 - fed_utils - INFO - decrypting key [classifier.2.weight].shape [torch.Size([192, 384])]
2024-11-19 00:58:23,176 - fed_utils - INFO - decrypting key [classifier.2.bias].shape [torch.Size([192])]
2024-11-19 00:58:27,524 - fed_utils - INFO - decrypting key [classifier.4.weight].shape [torch.Size([10, 192])]
2024-11-19 00:58:27,547 - fed_utils - INFO - decrypting key [classifier.4.bias].shape [torch.Size([10])]
2024-11-19 00:58:27,547 - fed_utils - INFO - decrypt time : [0m:15s:395ms]
2024-11-19 00:58:27,614 - fl_main - INFO - [global round : 7] aggregated model accuracy : 0.6632
2024-11-19 00:58:27,614 - fl_main - INFO - [global round : 7] aggregated model loss : 1.0974486415234121
2024-11-19 00:58:27,615 - fl_main - INFO - global round : 8
2024-11-19 00:58:27,615 - fl_main - INFO - the random client id to test accuracy : f_00004
2024-11-19 00:58:27,615 - fl_main - INFO - ----- client id [f_00000] -----
2024-11-19 00:58:27,627 - fed_utils - INFO - init global model cost time : 0m:0s:11ms
2024-11-19 00:58:27,629 - client_base - INFO - recover model cost time : 0m:0s:0ms
2024-11-19 00:58:27,630 - fl_main - INFO - client_dict[f_00000] training ...
2024-11-19 00:58:27,642 - client_base - INFO - client_dict[f_00000] training epoch : 0
2024-11-19 00:58:36,796 - client_base - INFO - local model train cost time : 0m:9s:154ms
2024-11-19 00:58:36,798 - client_base - INFO - model encode time : 0m:0s:1ms
2024-11-19 00:58:36,798 - fl_main - INFO - client_dict[f_00000] local model encrypting ...
2024-11-19 00:59:14,622 - fed_utils - INFO - encrypting key [features.0.weight].length : 4800, cost time : 0m:37s:823ms
2024-11-19 00:59:15,136 - fed_utils - INFO - encrypting key [features.0.bias].length : 64, cost time : 0m:0s:513ms
2024-11-19 00:59:15,138 - fed_utils - INFO - load key [features.4.weight].length : 102400, cost time : 0m:0s:1ms
2024-11-19 00:59:15,138 - fed_utils - INFO - load key [features.4.bias].length : 64, cost time : 0m:0s:0ms
2024-11-19 00:59:15,172 - fed_utils - INFO - load key [classifier.0.weight].length : 1572864, cost time : 0m:0s:34ms
2024-11-19 00:59:15,173 - fed_utils - INFO - load key [classifier.0.bias].length : 384, cost time : 0m:0s:0ms
2024-11-19 00:59:15,175 - fed_utils - INFO - load key [classifier.2.weight].length : 73728, cost time : 0m:0s:1ms
2024-11-19 00:59:15,175 - fed_utils - INFO - load key [classifier.2.bias].length : 192, cost time : 0m:0s:0ms
2024-11-19 00:59:30,291 - fed_utils - INFO - encrypting key [classifier.4.weight].length : 1920, cost time : 0m:15s:116ms
2024-11-19 00:59:30,371 - fed_utils - INFO - encrypting key [classifier.4.bias].length : 10, cost time : 0m:0s:79ms
2024-11-19 00:59:30,395 - fl_main - INFO - Server receive client_dict[f_00000] info ...
2024-11-19 00:59:30,395 - fl_main - INFO - ----- client id [f_00001] -----
2024-11-19 00:59:30,406 - fed_utils - INFO - init global model cost time : 0m:0s:10ms
2024-11-19 00:59:30,408 - client_base - INFO - recover model cost time : 0m:0s:0ms
2024-11-19 00:59:30,408 - fl_main - INFO - client_dict[f_00001] training ...
2024-11-19 00:59:30,409 - client_base - INFO - client_dict[f_00001] training epoch : 0
2024-11-19 00:59:39,631 - client_base - INFO - local model train cost time : 0m:9s:221ms
2024-11-19 00:59:39,632 - client_base - INFO - model encode time : 0m:0s:1ms
2024-11-19 00:59:39,633 - fl_main - INFO - client_dict[f_00001] local model encrypting ...
2024-11-19 01:00:17,471 - fed_utils - INFO - encrypting key [features.0.weight].length : 4800, cost time : 0m:37s:837ms
2024-11-19 01:00:17,986 - fed_utils - INFO - encrypting key [features.0.bias].length : 64, cost time : 0m:0s:515ms
2024-11-19 01:00:17,988 - fed_utils - INFO - load key [features.4.weight].length : 102400, cost time : 0m:0s:2ms
2024-11-19 01:00:17,988 - fed_utils - INFO - load key [features.4.bias].length : 64, cost time : 0m:0s:0ms
2024-11-19 01:00:18,028 - fed_utils - INFO - load key [classifier.0.weight].length : 1572864, cost time : 0m:0s:39ms
2024-11-19 01:00:18,028 - fed_utils - INFO - load key [classifier.0.bias].length : 384, cost time : 0m:0s:0ms
2024-11-19 01:00:18,030 - fed_utils - INFO - load key [classifier.2.weight].length : 73728, cost time : 0m:0s:1ms
2024-11-19 01:00:18,030 - fed_utils - INFO - load key [classifier.2.bias].length : 192, cost time : 0m:0s:0ms
2024-11-19 01:00:33,151 - fed_utils - INFO - encrypting key [classifier.4.weight].length : 1920, cost time : 0m:15s:120ms
2024-11-19 01:00:33,230 - fed_utils - INFO - encrypting key [classifier.4.bias].length : 10, cost time : 0m:0s:79ms
2024-11-19 01:00:33,230 - fl_main - INFO - Server receive client_dict[f_00001] info ...
2024-11-19 01:00:33,230 - fl_main - INFO - ----- client id [f_00002] -----
2024-11-19 01:00:33,240 - fed_utils - INFO - init global model cost time : 0m:0s:9ms
2024-11-19 01:00:33,242 - client_base - INFO - recover model cost time : 0m:0s:0ms
2024-11-19 01:00:33,242 - fl_main - INFO - client_dict[f_00002] training ...
2024-11-19 01:00:33,244 - client_base - INFO - client_dict[f_00002] training epoch : 0
2024-11-19 01:00:42,403 - client_base - INFO - local model train cost time : 0m:9s:159ms
2024-11-19 01:00:42,405 - client_base - INFO - model encode time : 0m:0s:1ms
2024-11-19 01:00:42,405 - fl_main - INFO - client_dict[f_00002] local model encrypting ...
2024-11-19 01:01:20,227 - fed_utils - INFO - encrypting key [features.0.weight].length : 4800, cost time : 0m:37s:821ms
2024-11-19 01:01:20,741 - fed_utils - INFO - encrypting key [features.0.bias].length : 64, cost time : 0m:0s:514ms
2024-11-19 01:01:20,744 - fed_utils - INFO - load key [features.4.weight].length : 102400, cost time : 0m:0s:2ms
2024-11-19 01:01:20,744 - fed_utils - INFO - load key [features.4.bias].length : 64, cost time : 0m:0s:0ms
2024-11-19 01:01:20,784 - fed_utils - INFO - load key [classifier.0.weight].length : 1572864, cost time : 0m:0s:39ms
2024-11-19 01:01:20,784 - fed_utils - INFO - load key [classifier.0.bias].length : 384, cost time : 0m:0s:0ms
2024-11-19 01:01:20,786 - fed_utils - INFO - load key [classifier.2.weight].length : 73728, cost time : 0m:0s:1ms
2024-11-19 01:01:20,786 - fed_utils - INFO - load key [classifier.2.bias].length : 192, cost time : 0m:0s:0ms
2024-11-19 01:01:35,917 - fed_utils - INFO - encrypting key [classifier.4.weight].length : 1920, cost time : 0m:15s:130ms
2024-11-19 01:01:35,996 - fed_utils - INFO - encrypting key [classifier.4.bias].length : 10, cost time : 0m:0s:79ms
2024-11-19 01:01:35,996 - fl_main - INFO - Server receive client_dict[f_00002] info ...
2024-11-19 01:01:35,997 - fl_main - INFO - ----- client id [f_00003] -----
2024-11-19 01:01:36,006 - fed_utils - INFO - init global model cost time : 0m:0s:9ms
2024-11-19 01:01:36,008 - client_base - INFO - recover model cost time : 0m:0s:0ms
2024-11-19 01:01:36,008 - fl_main - INFO - client_dict[f_00003] training ...
2024-11-19 01:01:36,010 - client_base - INFO - client_dict[f_00003] training epoch : 0
2024-11-19 01:01:45,257 - client_base - INFO - local model train cost time : 0m:9s:247ms
2024-11-19 01:01:45,258 - client_base - INFO - model encode time : 0m:0s:1ms
2024-11-19 01:01:45,259 - fl_main - INFO - client_dict[f_00003] local model encrypting ...
2024-11-19 01:02:23,091 - fed_utils - INFO - encrypting key [features.0.weight].length : 4800, cost time : 0m:37s:832ms
2024-11-19 01:02:23,621 - fed_utils - INFO - encrypting key [features.0.bias].length : 64, cost time : 0m:0s:529ms
2024-11-19 01:02:23,623 - fed_utils - INFO - load key [features.4.weight].length : 102400, cost time : 0m:0s:2ms
2024-11-19 01:02:23,623 - fed_utils - INFO - load key [features.4.bias].length : 64, cost time : 0m:0s:0ms
2024-11-19 01:02:23,664 - fed_utils - INFO - load key [classifier.0.weight].length : 1572864, cost time : 0m:0s:40ms
2024-11-19 01:02:23,664 - fed_utils - INFO - load key [classifier.0.bias].length : 384, cost time : 0m:0s:0ms
2024-11-19 01:02:23,666 - fed_utils - INFO - load key [classifier.2.weight].length : 73728, cost time : 0m:0s:1ms
2024-11-19 01:02:23,666 - fed_utils - INFO - load key [classifier.2.bias].length : 192, cost time : 0m:0s:0ms
2024-11-19 01:02:38,785 - fed_utils - INFO - encrypting key [classifier.4.weight].length : 1920, cost time : 0m:15s:119ms
2024-11-19 01:02:38,865 - fed_utils - INFO - encrypting key [classifier.4.bias].length : 10, cost time : 0m:0s:79ms
2024-11-19 01:02:38,865 - fl_main - INFO - Server receive client_dict[f_00003] info ...
2024-11-19 01:02:38,865 - fl_main - INFO - ----- client id [f_00004] -----
2024-11-19 01:02:38,875 - fed_utils - INFO - init global model cost time : 0m:0s:9ms
2024-11-19 01:02:38,876 - client_base - INFO - recover model cost time : 0m:0s:0ms
2024-11-19 01:02:41,308 - fl_main - INFO - global round [8] client_dict[f_00004].accuracy : 0.678500
2024-11-19 01:02:41,308 - fl_main - INFO - client_dict[f_00004] training ...
2024-11-19 01:02:41,311 - client_base - INFO - client_dict[f_00004] training epoch : 0
2024-11-19 01:02:50,459 - client_base - INFO - local model train cost time : 0m:9s:148ms
2024-11-19 01:02:50,461 - client_base - INFO - model encode time : 0m:0s:1ms
2024-11-19 01:02:50,461 - fl_main - INFO - client_dict[f_00004] local model encrypting ...
2024-11-19 01:03:28,374 - fed_utils - INFO - encrypting key [features.0.weight].length : 4800, cost time : 0m:37s:912ms
2024-11-19 01:03:28,888 - fed_utils - INFO - encrypting key [features.0.bias].length : 64, cost time : 0m:0s:514ms
2024-11-19 01:03:28,891 - fed_utils - INFO - load key [features.4.weight].length : 102400, cost time : 0m:0s:2ms
2024-11-19 01:03:28,891 - fed_utils - INFO - load key [features.4.bias].length : 64, cost time : 0m:0s:0ms
2024-11-19 01:03:28,930 - fed_utils - INFO - load key [classifier.0.weight].length : 1572864, cost time : 0m:0s:39ms
2024-11-19 01:03:28,930 - fed_utils - INFO - load key [classifier.0.bias].length : 384, cost time : 0m:0s:0ms
2024-11-19 01:03:28,932 - fed_utils - INFO - load key [classifier.2.weight].length : 73728, cost time : 0m:0s:1ms
2024-11-19 01:03:28,932 - fed_utils - INFO - load key [classifier.2.bias].length : 192, cost time : 0m:0s:0ms
2024-11-19 01:03:44,051 - fed_utils - INFO - encrypting key [classifier.4.weight].length : 1920, cost time : 0m:15s:118ms
2024-11-19 01:03:44,130 - fed_utils - INFO - encrypting key [classifier.4.bias].length : 10, cost time : 0m:0s:79ms
2024-11-19 01:03:44,130 - fl_main - INFO - Server receive client_dict[f_00004] info ...
2024-11-19 01:03:44,130 - fl_main - INFO - global aggregation process ...
2024-11-19 01:03:44,131 - fed_utils - INFO - server.n_data : 50000
2024-11-19 01:03:44,131 - fed_utils - INFO - client_dict[f_00000].weight : 0.200000
2024-11-19 01:03:44,131 - fed_utils - INFO - client_dict[f_00001].weight : 0.200000
2024-11-19 01:03:44,131 - fed_utils - INFO - client_dict[f_00002].weight : 0.200000
2024-11-19 01:03:44,131 - fed_utils - INFO - client_dict[f_00003].weight : 0.200000
2024-11-19 01:03:44,131 - fed_utils - INFO - client_dict[f_00004].weight : 0.200000
2024-11-19 01:03:44,131 - fed_utils - INFO - recover secret number by clients: 3157279.000000
2024-11-19 01:03:44,131 - server_base - INFO - Server aggregate model with homomorphic encryption ...
2024-11-19 01:03:54,705 - server_base - INFO - Server aggregate model done, cost time : 0m:10s:574ms
2024-11-19 01:04:05,575 - fed_utils - INFO - decrypting key [features.0.weight].shape [torch.Size([64, 3, 5, 5])]
2024-11-19 01:04:05,721 - fed_utils - INFO - decrypting key [features.0.bias].shape [torch.Size([64])]
2024-11-19 01:04:05,722 - fed_utils - INFO - decrypting key [features.4.weight].shape [torch.Size([64, 64, 5, 5])]
2024-11-19 01:04:05,722 - fed_utils - INFO - decrypting key [features.4.bias].shape [torch.Size([64])]
2024-11-19 01:04:05,729 - fed_utils - INFO - decrypting key [classifier.0.weight].shape [torch.Size([384, 4096])]
2024-11-19 01:04:05,729 - fed_utils - INFO - decrypting key [classifier.0.bias].shape [torch.Size([384])]
2024-11-19 01:04:05,729 - fed_utils - INFO - decrypting key [classifier.2.weight].shape [torch.Size([192, 384])]
2024-11-19 01:04:05,729 - fed_utils - INFO - decrypting key [classifier.2.bias].shape [torch.Size([192])]
2024-11-19 01:04:10,077 - fed_utils - INFO - decrypting key [classifier.4.weight].shape [torch.Size([10, 192])]
2024-11-19 01:04:10,100 - fed_utils - INFO - decrypting key [classifier.4.bias].shape [torch.Size([10])]
2024-11-19 01:04:10,100 - fed_utils - INFO - decrypt time : [0m:15s:394ms]
2024-11-19 01:04:10,168 - fl_main - INFO - [global round : 8] aggregated model accuracy : 0.6785
2024-11-19 01:04:10,168 - fl_main - INFO - [global round : 8] aggregated model loss : 0.8757537239547379
2024-11-19 01:04:10,169 - fl_main - INFO - global round : 9
2024-11-19 01:04:10,169 - fl_main - INFO - the random client id to test accuracy : f_00000
2024-11-19 01:04:10,169 - fl_main - INFO - ----- client id [f_00000] -----
2024-11-19 01:04:10,181 - fed_utils - INFO - init global model cost time : 0m:0s:11ms
2024-11-19 01:04:10,183 - client_base - INFO - recover model cost time : 0m:0s:0ms
2024-11-19 01:04:12,684 - fl_main - INFO - global round [9] client_dict[f_00000].accuracy : 0.689800
2024-11-19 01:04:12,684 - fl_main - INFO - client_dict[f_00000] training ...
2024-11-19 01:04:12,685 - client_base - INFO - client_dict[f_00000] training epoch : 0
2024-11-19 01:04:21,917 - client_base - INFO - local model train cost time : 0m:9s:232ms
2024-11-19 01:04:21,919 - client_base - INFO - model encode time : 0m:0s:1ms
2024-11-19 01:04:21,919 - fl_main - INFO - client_dict[f_00000] local model encrypting ...
2024-11-19 01:04:59,714 - fed_utils - INFO - encrypting key [features.0.weight].length : 4800, cost time : 0m:37s:794ms
2024-11-19 01:05:00,229 - fed_utils - INFO - encrypting key [features.0.bias].length : 64, cost time : 0m:0s:515ms
2024-11-19 01:05:00,231 - fed_utils - INFO - load key [features.4.weight].length : 102400, cost time : 0m:0s:2ms
2024-11-19 01:05:00,231 - fed_utils - INFO - load key [features.4.bias].length : 64, cost time : 0m:0s:0ms
2024-11-19 01:05:00,266 - fed_utils - INFO - load key [classifier.0.weight].length : 1572864, cost time : 0m:0s:34ms
2024-11-19 01:05:00,266 - fed_utils - INFO - load key [classifier.0.bias].length : 384, cost time : 0m:0s:0ms
2024-11-19 01:05:00,268 - fed_utils - INFO - load key [classifier.2.weight].length : 73728, cost time : 0m:0s:1ms
2024-11-19 01:05:00,268 - fed_utils - INFO - load key [classifier.2.bias].length : 192, cost time : 0m:0s:0ms
2024-11-19 01:05:15,393 - fed_utils - INFO - encrypting key [classifier.4.weight].length : 1920, cost time : 0m:15s:125ms
2024-11-19 01:05:15,472 - fed_utils - INFO - encrypting key [classifier.4.bias].length : 10, cost time : 0m:0s:79ms
2024-11-19 01:05:15,497 - fl_main - INFO - Server receive client_dict[f_00000] info ...
2024-11-19 01:05:15,497 - fl_main - INFO - ----- client id [f_00001] -----
2024-11-19 01:05:15,507 - fed_utils - INFO - init global model cost time : 0m:0s:10ms
2024-11-19 01:05:15,509 - client_base - INFO - recover model cost time : 0m:0s:0ms
2024-11-19 01:05:15,510 - fl_main - INFO - client_dict[f_00001] training ...
2024-11-19 01:05:15,511 - client_base - INFO - client_dict[f_00001] training epoch : 0
2024-11-19 01:05:24,654 - client_base - INFO - local model train cost time : 0m:9s:143ms
2024-11-19 01:05:24,656 - client_base - INFO - model encode time : 0m:0s:1ms
2024-11-19 01:05:24,656 - fl_main - INFO - client_dict[f_00001] local model encrypting ...
2024-11-19 01:06:02,488 - fed_utils - INFO - encrypting key [features.0.weight].length : 4800, cost time : 0m:37s:831ms
2024-11-19 01:06:03,003 - fed_utils - INFO - encrypting key [features.0.bias].length : 64, cost time : 0m:0s:514ms
2024-11-19 01:06:03,005 - fed_utils - INFO - load key [features.4.weight].length : 102400, cost time : 0m:0s:2ms
2024-11-19 01:06:03,005 - fed_utils - INFO - load key [features.4.bias].length : 64, cost time : 0m:0s:0ms
2024-11-19 01:06:03,045 - fed_utils - INFO - load key [classifier.0.weight].length : 1572864, cost time : 0m:0s:39ms
2024-11-19 01:06:03,045 - fed_utils - INFO - load key [classifier.0.bias].length : 384, cost time : 0m:0s:0ms
2024-11-19 01:06:03,047 - fed_utils - INFO - load key [classifier.2.weight].length : 73728, cost time : 0m:0s:1ms
2024-11-19 01:06:03,047 - fed_utils - INFO - load key [classifier.2.bias].length : 192, cost time : 0m:0s:0ms
2024-11-19 01:06:18,169 - fed_utils - INFO - encrypting key [classifier.4.weight].length : 1920, cost time : 0m:15s:121ms
2024-11-19 01:06:18,249 - fed_utils - INFO - encrypting key [classifier.4.bias].length : 10, cost time : 0m:0s:79ms
2024-11-19 01:06:18,249 - fl_main - INFO - Server receive client_dict[f_00001] info ...
2024-11-19 01:06:18,249 - fl_main - INFO - ----- client id [f_00002] -----
2024-11-19 01:06:18,258 - fed_utils - INFO - init global model cost time : 0m:0s:9ms
2024-11-19 01:06:18,260 - client_base - INFO - recover model cost time : 0m:0s:0ms
2024-11-19 01:06:18,260 - fl_main - INFO - client_dict[f_00002] training ...
2024-11-19 01:06:18,262 - client_base - INFO - client_dict[f_00002] training epoch : 0
2024-11-19 01:06:27,481 - client_base - INFO - local model train cost time : 0m:9s:219ms
2024-11-19 01:06:27,483 - client_base - INFO - model encode time : 0m:0s:1ms
2024-11-19 01:06:27,483 - fl_main - INFO - client_dict[f_00002] local model encrypting ...
2024-11-19 01:07:05,347 - fed_utils - INFO - encrypting key [features.0.weight].length : 4800, cost time : 0m:37s:863ms
2024-11-19 01:07:05,862 - fed_utils - INFO - encrypting key [features.0.bias].length : 64, cost time : 0m:0s:514ms
2024-11-19 01:07:05,864 - fed_utils - INFO - load key [features.4.weight].length : 102400, cost time : 0m:0s:2ms
2024-11-19 01:07:05,865 - fed_utils - INFO - load key [features.4.bias].length : 64, cost time : 0m:0s:0ms
2024-11-19 01:07:05,904 - fed_utils - INFO - load key [classifier.0.weight].length : 1572864, cost time : 0m:0s:39ms
2024-11-19 01:07:05,904 - fed_utils - INFO - load key [classifier.0.bias].length : 384, cost time : 0m:0s:0ms
2024-11-19 01:07:05,906 - fed_utils - INFO - load key [classifier.2.weight].length : 73728, cost time : 0m:0s:1ms
2024-11-19 01:07:05,906 - fed_utils - INFO - load key [classifier.2.bias].length : 192, cost time : 0m:0s:0ms
2024-11-19 01:07:21,032 - fed_utils - INFO - encrypting key [classifier.4.weight].length : 1920, cost time : 0m:15s:126ms
2024-11-19 01:07:21,112 - fed_utils - INFO - encrypting key [classifier.4.bias].length : 10, cost time : 0m:0s:79ms
2024-11-19 01:07:21,112 - fl_main - INFO - Server receive client_dict[f_00002] info ...
2024-11-19 01:07:21,112 - fl_main - INFO - ----- client id [f_00003] -----
2024-11-19 01:07:21,122 - fed_utils - INFO - init global model cost time : 0m:0s:9ms
2024-11-19 01:07:21,123 - client_base - INFO - recover model cost time : 0m:0s:0ms
2024-11-19 01:07:21,123 - fl_main - INFO - client_dict[f_00003] training ...
2024-11-19 01:07:21,125 - client_base - INFO - client_dict[f_00003] training epoch : 0
2024-11-19 01:07:30,387 - client_base - INFO - local model train cost time : 0m:9s:262ms
2024-11-19 01:07:30,389 - client_base - INFO - model encode time : 0m:0s:1ms
2024-11-19 01:07:30,389 - fl_main - INFO - client_dict[f_00003] local model encrypting ...
2024-11-19 01:08:08,182 - fed_utils - INFO - encrypting key [features.0.weight].length : 4800, cost time : 0m:37s:792ms
2024-11-19 01:08:08,697 - fed_utils - INFO - encrypting key [features.0.bias].length : 64, cost time : 0m:0s:515ms
2024-11-19 01:08:08,700 - fed_utils - INFO - load key [features.4.weight].length : 102400, cost time : 0m:0s:2ms
2024-11-19 01:08:08,700 - fed_utils - INFO - load key [features.4.bias].length : 64, cost time : 0m:0s:0ms
2024-11-19 01:08:08,740 - fed_utils - INFO - load key [classifier.0.weight].length : 1572864, cost time : 0m:0s:39ms
2024-11-19 01:08:08,740 - fed_utils - INFO - load key [classifier.0.bias].length : 384, cost time : 0m:0s:0ms
2024-11-19 01:08:08,742 - fed_utils - INFO - load key [classifier.2.weight].length : 73728, cost time : 0m:0s:1ms
2024-11-19 01:08:08,742 - fed_utils - INFO - load key [classifier.2.bias].length : 192, cost time : 0m:0s:0ms
2024-11-19 01:08:23,864 - fed_utils - INFO - encrypting key [classifier.4.weight].length : 1920, cost time : 0m:15s:121ms
2024-11-19 01:08:23,943 - fed_utils - INFO - encrypting key [classifier.4.bias].length : 10, cost time : 0m:0s:79ms
2024-11-19 01:08:23,943 - fl_main - INFO - Server receive client_dict[f_00003] info ...
2024-11-19 01:08:23,943 - fl_main - INFO - ----- client id [f_00004] -----
2024-11-19 01:08:23,953 - fed_utils - INFO - init global model cost time : 0m:0s:9ms
2024-11-19 01:08:23,954 - client_base - INFO - recover model cost time : 0m:0s:0ms
2024-11-19 01:08:23,955 - fl_main - INFO - client_dict[f_00004] training ...
2024-11-19 01:08:23,956 - client_base - INFO - client_dict[f_00004] training epoch : 0
2024-11-19 01:08:33,122 - client_base - INFO - local model train cost time : 0m:9s:165ms
2024-11-19 01:08:33,124 - client_base - INFO - model encode time : 0m:0s:1ms
2024-11-19 01:08:33,124 - fl_main - INFO - client_dict[f_00004] local model encrypting ...
2024-11-19 01:09:10,974 - fed_utils - INFO - encrypting key [features.0.weight].length : 4800, cost time : 0m:37s:849ms
2024-11-19 01:09:11,488 - fed_utils - INFO - encrypting key [features.0.bias].length : 64, cost time : 0m:0s:514ms
2024-11-19 01:09:11,491 - fed_utils - INFO - load key [features.4.weight].length : 102400, cost time : 0m:0s:2ms
2024-11-19 01:09:11,491 - fed_utils - INFO - load key [features.4.bias].length : 64, cost time : 0m:0s:0ms
2024-11-19 01:09:11,530 - fed_utils - INFO - load key [classifier.0.weight].length : 1572864, cost time : 0m:0s:39ms
2024-11-19 01:09:11,531 - fed_utils - INFO - load key [classifier.0.bias].length : 384, cost time : 0m:0s:0ms
2024-11-19 01:09:11,532 - fed_utils - INFO - load key [classifier.2.weight].length : 73728, cost time : 0m:0s:1ms
2024-11-19 01:09:11,533 - fed_utils - INFO - load key [classifier.2.bias].length : 192, cost time : 0m:0s:0ms
2024-11-19 01:09:26,662 - fed_utils - INFO - encrypting key [classifier.4.weight].length : 1920, cost time : 0m:15s:129ms
2024-11-19 01:09:26,742 - fed_utils - INFO - encrypting key [classifier.4.bias].length : 10, cost time : 0m:0s:79ms
2024-11-19 01:09:26,742 - fl_main - INFO - Server receive client_dict[f_00004] info ...
2024-11-19 01:09:26,742 - fl_main - INFO - global aggregation process ...
2024-11-19 01:09:26,742 - fed_utils - INFO - server.n_data : 50000
2024-11-19 01:09:26,743 - fed_utils - INFO - client_dict[f_00000].weight : 0.200000
2024-11-19 01:09:26,743 - fed_utils - INFO - client_dict[f_00001].weight : 0.200000
2024-11-19 01:09:26,743 - fed_utils - INFO - client_dict[f_00002].weight : 0.200000
2024-11-19 01:09:26,743 - fed_utils - INFO - client_dict[f_00003].weight : 0.200000
2024-11-19 01:09:26,743 - fed_utils - INFO - client_dict[f_00004].weight : 0.200000
2024-11-19 01:09:26,743 - fed_utils - INFO - recover secret number by clients: 3157279.000000
2024-11-19 01:09:26,743 - server_base - INFO - Server aggregate model with homomorphic encryption ...
2024-11-19 01:09:37,306 - server_base - INFO - Server aggregate model done, cost time : 0m:10s:563ms
2024-11-19 01:09:48,177 - fed_utils - INFO - decrypting key [features.0.weight].shape [torch.Size([64, 3, 5, 5])]
2024-11-19 01:09:48,322 - fed_utils - INFO - decrypting key [features.0.bias].shape [torch.Size([64])]
2024-11-19 01:09:48,323 - fed_utils - INFO - decrypting key [features.4.weight].shape [torch.Size([64, 64, 5, 5])]
2024-11-19 01:09:48,323 - fed_utils - INFO - decrypting key [features.4.bias].shape [torch.Size([64])]
2024-11-19 01:09:48,330 - fed_utils - INFO - decrypting key [classifier.0.weight].shape [torch.Size([384, 4096])]
2024-11-19 01:09:48,330 - fed_utils - INFO - decrypting key [classifier.0.bias].shape [torch.Size([384])]
2024-11-19 01:09:48,330 - fed_utils - INFO - decrypting key [classifier.2.weight].shape [torch.Size([192, 384])]
2024-11-19 01:09:48,330 - fed_utils - INFO - decrypting key [classifier.2.bias].shape [torch.Size([192])]
2024-11-19 01:09:52,678 - fed_utils - INFO - decrypting key [classifier.4.weight].shape [torch.Size([10, 192])]
2024-11-19 01:09:52,701 - fed_utils - INFO - decrypting key [classifier.4.bias].shape [torch.Size([10])]
2024-11-19 01:09:52,701 - fed_utils - INFO - decrypt time : [0m:15s:394ms]
2024-11-19 01:09:52,768 - fl_main - INFO - [global round : 9] aggregated model accuracy : 0.6898000000000001
2024-11-19 01:09:52,769 - fl_main - INFO - [global round : 9] aggregated model loss : 0.92154498459452
2024-11-19 01:09:52,769 - fl_main - INFO - global round : 10
2024-11-19 01:09:52,769 - fl_main - INFO - the random client id to test accuracy : f_00001
2024-11-19 01:09:52,769 - fl_main - INFO - ----- client id [f_00000] -----
2024-11-19 01:09:52,779 - fed_utils - INFO - init global model cost time : 0m:0s:9ms
2024-11-19 01:09:52,781 - client_base - INFO - recover model cost time : 0m:0s:0ms
2024-11-19 01:09:52,782 - fl_main - INFO - client_dict[f_00000] training ...
2024-11-19 01:09:52,800 - client_base - INFO - client_dict[f_00000] training epoch : 0
2024-11-19 01:10:02,046 - client_base - INFO - local model train cost time : 0m:9s:246ms
2024-11-19 01:10:02,049 - client_base - INFO - model encode time : 0m:0s:2ms
2024-11-19 01:10:02,050 - fl_main - INFO - client_dict[f_00000] local model encrypting ...
2024-11-19 01:10:39,929 - fed_utils - INFO - encrypting key [features.0.weight].length : 4800, cost time : 0m:37s:879ms
2024-11-19 01:10:40,446 - fed_utils - INFO - encrypting key [features.0.bias].length : 64, cost time : 0m:0s:516ms
2024-11-19 01:10:40,448 - fed_utils - INFO - load key [features.4.weight].length : 102400, cost time : 0m:0s:1ms
2024-11-19 01:10:40,448 - fed_utils - INFO - load key [features.4.bias].length : 64, cost time : 0m:0s:0ms
2024-11-19 01:10:40,482 - fed_utils - INFO - load key [classifier.0.weight].length : 1572864, cost time : 0m:0s:33ms
2024-11-19 01:10:40,482 - fed_utils - INFO - load key [classifier.0.bias].length : 384, cost time : 0m:0s:0ms
2024-11-19 01:10:40,484 - fed_utils - INFO - load key [classifier.2.weight].length : 73728, cost time : 0m:0s:1ms
2024-11-19 01:10:40,484 - fed_utils - INFO - load key [classifier.2.bias].length : 192, cost time : 0m:0s:0ms
2024-11-19 01:10:55,629 - fed_utils - INFO - encrypting key [classifier.4.weight].length : 1920, cost time : 0m:15s:144ms
2024-11-19 01:10:55,709 - fed_utils - INFO - encrypting key [classifier.4.bias].length : 10, cost time : 0m:0s:79ms
2024-11-19 01:10:55,733 - fl_main - INFO - Server receive client_dict[f_00000] info ...
2024-11-19 01:10:55,733 - fl_main - INFO - ----- client id [f_00001] -----
2024-11-19 01:10:55,744 - fed_utils - INFO - init global model cost time : 0m:0s:10ms
2024-11-19 01:10:55,746 - client_base - INFO - recover model cost time : 0m:0s:0ms
2024-11-19 01:10:58,205 - fl_main - INFO - global round [10] client_dict[f_00001].accuracy : 0.702900
2024-11-19 01:10:58,205 - fl_main - INFO - client_dict[f_00001] training ...
2024-11-19 01:10:58,205 - client_base - INFO - client_dict[f_00001] training epoch : 0
2024-11-19 01:11:07,409 - client_base - INFO - local model train cost time : 0m:9s:203ms
2024-11-19 01:11:07,411 - client_base - INFO - model encode time : 0m:0s:1ms
2024-11-19 01:11:07,411 - fl_main - INFO - client_dict[f_00001] local model encrypting ...
2024-11-19 01:11:45,286 - fed_utils - INFO - encrypting key [features.0.weight].length : 4800, cost time : 0m:37s:875ms
2024-11-19 01:11:45,801 - fed_utils - INFO - encrypting key [features.0.bias].length : 64, cost time : 0m:0s:514ms
2024-11-19 01:11:45,804 - fed_utils - INFO - load key [features.4.weight].length : 102400, cost time : 0m:0s:2ms
2024-11-19 01:11:45,804 - fed_utils - INFO - load key [features.4.bias].length : 64, cost time : 0m:0s:0ms
2024-11-19 01:11:45,844 - fed_utils - INFO - load key [classifier.0.weight].length : 1572864, cost time : 0m:0s:39ms
2024-11-19 01:11:45,844 - fed_utils - INFO - load key [classifier.0.bias].length : 384, cost time : 0m:0s:0ms
2024-11-19 01:11:45,846 - fed_utils - INFO - load key [classifier.2.weight].length : 73728, cost time : 0m:0s:1ms
2024-11-19 01:11:45,846 - fed_utils - INFO - load key [classifier.2.bias].length : 192, cost time : 0m:0s:0ms
2024-11-19 01:12:00,967 - fed_utils - INFO - encrypting key [classifier.4.weight].length : 1920, cost time : 0m:15s:121ms
2024-11-19 01:12:01,047 - fed_utils - INFO - encrypting key [classifier.4.bias].length : 10, cost time : 0m:0s:79ms
2024-11-19 01:12:01,047 - fl_main - INFO - Server receive client_dict[f_00001] info ...
2024-11-19 01:12:01,047 - fl_main - INFO - ----- client id [f_00002] -----
2024-11-19 01:12:01,056 - fed_utils - INFO - init global model cost time : 0m:0s:9ms
2024-11-19 01:12:01,058 - client_base - INFO - recover model cost time : 0m:0s:0ms
2024-11-19 01:12:01,058 - fl_main - INFO - client_dict[f_00002] training ...
2024-11-19 01:12:01,060 - client_base - INFO - client_dict[f_00002] training epoch : 0
2024-11-19 01:12:10,319 - client_base - INFO - local model train cost time : 0m:9s:258ms
2024-11-19 01:12:10,320 - client_base - INFO - model encode time : 0m:0s:1ms
2024-11-19 01:12:10,321 - fl_main - INFO - client_dict[f_00002] local model encrypting ...
2024-11-19 01:12:48,188 - fed_utils - INFO - encrypting key [features.0.weight].length : 4800, cost time : 0m:37s:867ms
2024-11-19 01:12:48,703 - fed_utils - INFO - encrypting key [features.0.bias].length : 64, cost time : 0m:0s:515ms
2024-11-19 01:12:48,706 - fed_utils - INFO - load key [features.4.weight].length : 102400, cost time : 0m:0s:2ms
2024-11-19 01:12:48,706 - fed_utils - INFO - load key [features.4.bias].length : 64, cost time : 0m:0s:0ms
2024-11-19 01:12:48,746 - fed_utils - INFO - load key [classifier.0.weight].length : 1572864, cost time : 0m:0s:39ms
2024-11-19 01:12:48,746 - fed_utils - INFO - load key [classifier.0.bias].length : 384, cost time : 0m:0s:0ms
2024-11-19 01:12:48,748 - fed_utils - INFO - load key [classifier.2.weight].length : 73728, cost time : 0m:0s:1ms
2024-11-19 01:12:48,748 - fed_utils - INFO - load key [classifier.2.bias].length : 192, cost time : 0m:0s:0ms
2024-11-19 01:13:03,874 - fed_utils - INFO - encrypting key [classifier.4.weight].length : 1920, cost time : 0m:15s:126ms
2024-11-19 01:13:03,954 - fed_utils - INFO - encrypting key [classifier.4.bias].length : 10, cost time : 0m:0s:79ms
2024-11-19 01:13:03,954 - fl_main - INFO - Server receive client_dict[f_00002] info ...
2024-11-19 01:13:03,954 - fl_main - INFO - ----- client id [f_00003] -----
2024-11-19 01:13:03,963 - fed_utils - INFO - init global model cost time : 0m:0s:9ms
2024-11-19 01:13:03,965 - client_base - INFO - recover model cost time : 0m:0s:0ms
2024-11-19 01:13:03,965 - fl_main - INFO - client_dict[f_00003] training ...
2024-11-19 01:13:03,967 - client_base - INFO - client_dict[f_00003] training epoch : 0
2024-11-19 01:13:13,234 - client_base - INFO - local model train cost time : 0m:9s:266ms
2024-11-19 01:13:13,235 - client_base - INFO - model encode time : 0m:0s:1ms
2024-11-19 01:13:13,236 - fl_main - INFO - client_dict[f_00003] local model encrypting ...
2024-11-19 01:13:51,080 - fed_utils - INFO - encrypting key [features.0.weight].length : 4800, cost time : 0m:37s:844ms
2024-11-19 01:13:51,594 - fed_utils - INFO - encrypting key [features.0.bias].length : 64, cost time : 0m:0s:514ms
2024-11-19 01:13:51,597 - fed_utils - INFO - load key [features.4.weight].length : 102400, cost time : 0m:0s:2ms
2024-11-19 01:13:51,597 - fed_utils - INFO - load key [features.4.bias].length : 64, cost time : 0m:0s:0ms
2024-11-19 01:13:51,637 - fed_utils - INFO - load key [classifier.0.weight].length : 1572864, cost time : 0m:0s:39ms
2024-11-19 01:13:51,637 - fed_utils - INFO - load key [classifier.0.bias].length : 384, cost time : 0m:0s:0ms
2024-11-19 01:13:51,639 - fed_utils - INFO - load key [classifier.2.weight].length : 73728, cost time : 0m:0s:1ms
2024-11-19 01:13:51,639 - fed_utils - INFO - load key [classifier.2.bias].length : 192, cost time : 0m:0s:0ms
2024-11-19 01:14:06,770 - fed_utils - INFO - encrypting key [classifier.4.weight].length : 1920, cost time : 0m:15s:130ms
2024-11-19 01:14:06,849 - fed_utils - INFO - encrypting key [classifier.4.bias].length : 10, cost time : 0m:0s:79ms
2024-11-19 01:14:06,849 - fl_main - INFO - Server receive client_dict[f_00003] info ...
2024-11-19 01:14:06,849 - fl_main - INFO - ----- client id [f_00004] -----
2024-11-19 01:14:06,859 - fed_utils - INFO - init global model cost time : 0m:0s:9ms
2024-11-19 01:14:06,860 - client_base - INFO - recover model cost time : 0m:0s:0ms
2024-11-19 01:14:06,861 - fl_main - INFO - client_dict[f_00004] training ...
2024-11-19 01:14:06,862 - client_base - INFO - client_dict[f_00004] training epoch : 0
2024-11-19 01:14:16,292 - client_base - INFO - local model train cost time : 0m:9s:429ms
2024-11-19 01:14:16,293 - client_base - INFO - model encode time : 0m:0s:1ms
2024-11-19 01:14:16,294 - fl_main - INFO - client_dict[f_00004] local model encrypting ...
2024-11-19 01:14:54,190 - fed_utils - INFO - encrypting key [features.0.weight].length : 4800, cost time : 0m:37s:895ms
2024-11-19 01:14:54,704 - fed_utils - INFO - encrypting key [features.0.bias].length : 64, cost time : 0m:0s:514ms
2024-11-19 01:14:54,707 - fed_utils - INFO - load key [features.4.weight].length : 102400, cost time : 0m:0s:2ms
2024-11-19 01:14:54,707 - fed_utils - INFO - load key [features.4.bias].length : 64, cost time : 0m:0s:0ms
2024-11-19 01:14:54,746 - fed_utils - INFO - load key [classifier.0.weight].length : 1572864, cost time : 0m:0s:39ms
2024-11-19 01:14:54,746 - fed_utils - INFO - load key [classifier.0.bias].length : 384, cost time : 0m:0s:0ms
2024-11-19 01:14:54,748 - fed_utils - INFO - load key [classifier.2.weight].length : 73728, cost time : 0m:0s:1ms
2024-11-19 01:14:54,748 - fed_utils - INFO - load key [classifier.2.bias].length : 192, cost time : 0m:0s:0ms
2024-11-19 01:15:09,874 - fed_utils - INFO - encrypting key [classifier.4.weight].length : 1920, cost time : 0m:15s:125ms
2024-11-19 01:15:09,953 - fed_utils - INFO - encrypting key [classifier.4.bias].length : 10, cost time : 0m:0s:79ms
2024-11-19 01:15:09,953 - fl_main - INFO - Server receive client_dict[f_00004] info ...
2024-11-19 01:15:09,954 - fl_main - INFO - global aggregation process ...
2024-11-19 01:15:09,954 - fed_utils - INFO - server.n_data : 50000
2024-11-19 01:15:09,954 - fed_utils - INFO - client_dict[f_00000].weight : 0.200000
2024-11-19 01:15:09,954 - fed_utils - INFO - client_dict[f_00001].weight : 0.200000
2024-11-19 01:15:09,954 - fed_utils - INFO - client_dict[f_00002].weight : 0.200000
2024-11-19 01:15:09,954 - fed_utils - INFO - client_dict[f_00003].weight : 0.200000
2024-11-19 01:15:09,954 - fed_utils - INFO - client_dict[f_00004].weight : 0.200000
2024-11-19 01:15:09,954 - fed_utils - INFO - recover secret number by clients: 3157279.000000
2024-11-19 01:15:09,954 - server_base - INFO - Server aggregate model with homomorphic encryption ...
2024-11-19 01:15:20,519 - server_base - INFO - Server aggregate model done, cost time : 0m:10s:564ms
2024-11-19 01:15:31,388 - fed_utils - INFO - decrypting key [features.0.weight].shape [torch.Size([64, 3, 5, 5])]
2024-11-19 01:15:31,534 - fed_utils - INFO - decrypting key [features.0.bias].shape [torch.Size([64])]
2024-11-19 01:15:31,534 - fed_utils - INFO - decrypting key [features.4.weight].shape [torch.Size([64, 64, 5, 5])]
2024-11-19 01:15:31,535 - fed_utils - INFO - decrypting key [features.4.bias].shape [torch.Size([64])]
2024-11-19 01:15:31,544 - fed_utils - INFO - decrypting key [classifier.0.weight].shape [torch.Size([384, 4096])]
2024-11-19 01:15:31,544 - fed_utils - INFO - decrypting key [classifier.0.bias].shape [torch.Size([384])]
2024-11-19 01:15:31,544 - fed_utils - INFO - decrypting key [classifier.2.weight].shape [torch.Size([192, 384])]
2024-11-19 01:15:31,544 - fed_utils - INFO - decrypting key [classifier.2.bias].shape [torch.Size([192])]
2024-11-19 01:15:35,892 - fed_utils - INFO - decrypting key [classifier.4.weight].shape [torch.Size([10, 192])]
2024-11-19 01:15:35,915 - fed_utils - INFO - decrypting key [classifier.4.bias].shape [torch.Size([10])]
2024-11-19 01:15:35,915 - fed_utils - INFO - decrypt time : [0m:15s:395ms]
2024-11-19 01:15:35,982 - fl_main - INFO - [global round : 10] aggregated model accuracy : 0.7029000000000001
2024-11-19 01:15:35,982 - fl_main - INFO - [global round : 10] aggregated model loss : 0.8306760057677085
2024-11-19 01:15:35,983 - fl_main - INFO - global round : 11
2024-11-19 01:15:35,983 - fl_main - INFO - the random client id to test accuracy : f_00002
2024-11-19 01:15:35,983 - fl_main - INFO - ----- client id [f_00000] -----
2024-11-19 01:15:35,995 - fed_utils - INFO - init global model cost time : 0m:0s:12ms
2024-11-19 01:15:35,997 - client_base - INFO - recover model cost time : 0m:0s:0ms
2024-11-19 01:15:35,997 - fl_main - INFO - client_dict[f_00000] training ...
2024-11-19 01:15:36,017 - client_base - INFO - client_dict[f_00000] training epoch : 0
2024-11-19 01:15:45,184 - client_base - INFO - local model train cost time : 0m:9s:166ms
2024-11-19 01:15:45,187 - client_base - INFO - model encode time : 0m:0s:2ms
2024-11-19 01:15:45,187 - fl_main - INFO - client_dict[f_00000] local model encrypting ...
2024-11-19 01:16:23,048 - fed_utils - INFO - encrypting key [features.0.weight].length : 4800, cost time : 0m:37s:861ms
2024-11-19 01:16:23,564 - fed_utils - INFO - encrypting key [features.0.bias].length : 64, cost time : 0m:0s:515ms
2024-11-19 01:16:23,566 - fed_utils - INFO - load key [features.4.weight].length : 102400, cost time : 0m:0s:1ms
2024-11-19 01:16:23,566 - fed_utils - INFO - load key [features.4.bias].length : 64, cost time : 0m:0s:0ms
2024-11-19 01:16:23,601 - fed_utils - INFO - load key [classifier.0.weight].length : 1572864, cost time : 0m:0s:34ms
2024-11-19 01:16:23,601 - fed_utils - INFO - load key [classifier.0.bias].length : 384, cost time : 0m:0s:0ms
2024-11-19 01:16:23,603 - fed_utils - INFO - load key [classifier.2.weight].length : 73728, cost time : 0m:0s:1ms
2024-11-19 01:16:23,603 - fed_utils - INFO - load key [classifier.2.bias].length : 192, cost time : 0m:0s:0ms
2024-11-19 01:16:38,747 - fed_utils - INFO - encrypting key [classifier.4.weight].length : 1920, cost time : 0m:15s:143ms
2024-11-19 01:16:38,827 - fed_utils - INFO - encrypting key [classifier.4.bias].length : 10, cost time : 0m:0s:79ms
2024-11-19 01:16:38,851 - fl_main - INFO - Server receive client_dict[f_00000] info ...
2024-11-19 01:16:38,851 - fl_main - INFO - ----- client id [f_00001] -----
2024-11-19 01:16:38,861 - fed_utils - INFO - init global model cost time : 0m:0s:10ms
2024-11-19 01:16:38,863 - client_base - INFO - recover model cost time : 0m:0s:0ms
2024-11-19 01:16:38,864 - fl_main - INFO - client_dict[f_00001] training ...
2024-11-19 01:16:38,865 - client_base - INFO - client_dict[f_00001] training epoch : 0
2024-11-19 01:16:48,113 - client_base - INFO - local model train cost time : 0m:9s:248ms
2024-11-19 01:16:48,115 - client_base - INFO - model encode time : 0m:0s:1ms
2024-11-19 01:16:48,115 - fl_main - INFO - client_dict[f_00001] local model encrypting ...
2024-11-19 01:17:25,928 - fed_utils - INFO - encrypting key [features.0.weight].length : 4800, cost time : 0m:37s:812ms
2024-11-19 01:17:26,442 - fed_utils - INFO - encrypting key [features.0.bias].length : 64, cost time : 0m:0s:513ms
2024-11-19 01:17:26,444 - fed_utils - INFO - load key [features.4.weight].length : 102400, cost time : 0m:0s:2ms
2024-11-19 01:17:26,444 - fed_utils - INFO - load key [features.4.bias].length : 64, cost time : 0m:0s:0ms
2024-11-19 01:17:26,484 - fed_utils - INFO - load key [classifier.0.weight].length : 1572864, cost time : 0m:0s:39ms
2024-11-19 01:17:26,484 - fed_utils - INFO - load key [classifier.0.bias].length : 384, cost time : 0m:0s:0ms
2024-11-19 01:17:26,486 - fed_utils - INFO - load key [classifier.2.weight].length : 73728, cost time : 0m:0s:1ms
2024-11-19 01:17:26,486 - fed_utils - INFO - load key [classifier.2.bias].length : 192, cost time : 0m:0s:0ms
2024-11-19 01:17:41,604 - fed_utils - INFO - encrypting key [classifier.4.weight].length : 1920, cost time : 0m:15s:118ms
2024-11-19 01:17:41,684 - fed_utils - INFO - encrypting key [classifier.4.bias].length : 10, cost time : 0m:0s:79ms
2024-11-19 01:17:41,684 - fl_main - INFO - Server receive client_dict[f_00001] info ...
2024-11-19 01:17:41,684 - fl_main - INFO - ----- client id [f_00002] -----
2024-11-19 01:17:41,694 - fed_utils - INFO - init global model cost time : 0m:0s:9ms
2024-11-19 01:17:41,695 - client_base - INFO - recover model cost time : 0m:0s:0ms
2024-11-19 01:17:44,166 - fl_main - INFO - global round [11] client_dict[f_00002].accuracy : 0.711200
2024-11-19 01:17:44,166 - fl_main - INFO - client_dict[f_00002] training ...
2024-11-19 01:17:44,166 - client_base - INFO - client_dict[f_00002] training epoch : 0
2024-11-19 01:17:53,416 - client_base - INFO - local model train cost time : 0m:9s:249ms
2024-11-19 01:17:53,418 - client_base - INFO - model encode time : 0m:0s:1ms
2024-11-19 01:17:53,418 - fl_main - INFO - client_dict[f_00002] local model encrypting ...
2024-11-19 01:18:31,252 - fed_utils - INFO - encrypting key [features.0.weight].length : 4800, cost time : 0m:37s:833ms
2024-11-19 01:18:31,767 - fed_utils - INFO - encrypting key [features.0.bias].length : 64, cost time : 0m:0s:515ms
2024-11-19 01:18:31,770 - fed_utils - INFO - load key [features.4.weight].length : 102400, cost time : 0m:0s:2ms
2024-11-19 01:18:31,770 - fed_utils - INFO - load key [features.4.bias].length : 64, cost time : 0m:0s:0ms
2024-11-19 01:18:31,811 - fed_utils - INFO - load key [classifier.0.weight].length : 1572864, cost time : 0m:0s:40ms
2024-11-19 01:18:31,811 - fed_utils - INFO - load key [classifier.0.bias].length : 384, cost time : 0m:0s:0ms
2024-11-19 01:18:31,813 - fed_utils - INFO - load key [classifier.2.weight].length : 73728, cost time : 0m:0s:1ms
2024-11-19 01:18:31,813 - fed_utils - INFO - load key [classifier.2.bias].length : 192, cost time : 0m:0s:0ms
2024-11-19 01:18:46,941 - fed_utils - INFO - encrypting key [classifier.4.weight].length : 1920, cost time : 0m:15s:127ms
2024-11-19 01:18:47,020 - fed_utils - INFO - encrypting key [classifier.4.bias].length : 10, cost time : 0m:0s:79ms
2024-11-19 01:18:47,020 - fl_main - INFO - Server receive client_dict[f_00002] info ...
2024-11-19 01:18:47,020 - fl_main - INFO - ----- client id [f_00003] -----
2024-11-19 01:18:47,030 - fed_utils - INFO - init global model cost time : 0m:0s:9ms
2024-11-19 01:18:47,031 - client_base - INFO - recover model cost time : 0m:0s:0ms
2024-11-19 01:18:47,032 - fl_main - INFO - client_dict[f_00003] training ...
2024-11-19 01:18:47,033 - client_base - INFO - client_dict[f_00003] training epoch : 0
2024-11-19 01:18:56,277 - client_base - INFO - local model train cost time : 0m:9s:243ms
2024-11-19 01:18:56,279 - client_base - INFO - model encode time : 0m:0s:1ms
2024-11-19 01:18:56,279 - fl_main - INFO - client_dict[f_00003] local model encrypting ...
2024-11-19 01:19:34,090 - fed_utils - INFO - encrypting key [features.0.weight].length : 4800, cost time : 0m:37s:811ms
2024-11-19 01:19:34,604 - fed_utils - INFO - encrypting key [features.0.bias].length : 64, cost time : 0m:0s:513ms
2024-11-19 01:19:34,607 - fed_utils - INFO - load key [features.4.weight].length : 102400, cost time : 0m:0s:2ms
2024-11-19 01:19:34,607 - fed_utils - INFO - load key [features.4.bias].length : 64, cost time : 0m:0s:0ms
2024-11-19 01:19:34,646 - fed_utils - INFO - load key [classifier.0.weight].length : 1572864, cost time : 0m:0s:39ms
2024-11-19 01:19:34,646 - fed_utils - INFO - load key [classifier.0.bias].length : 384, cost time : 0m:0s:0ms
2024-11-19 01:19:34,648 - fed_utils - INFO - load key [classifier.2.weight].length : 73728, cost time : 0m:0s:1ms
2024-11-19 01:19:34,648 - fed_utils - INFO - load key [classifier.2.bias].length : 192, cost time : 0m:0s:0ms
2024-11-19 01:19:49,832 - fed_utils - INFO - encrypting key [classifier.4.weight].length : 1920, cost time : 0m:15s:183ms
2024-11-19 01:19:49,912 - fed_utils - INFO - encrypting key [classifier.4.bias].length : 10, cost time : 0m:0s:79ms
2024-11-19 01:19:49,912 - fl_main - INFO - Server receive client_dict[f_00003] info ...
2024-11-19 01:19:49,912 - fl_main - INFO - ----- client id [f_00004] -----
2024-11-19 01:19:49,921 - fed_utils - INFO - init global model cost time : 0m:0s:9ms
2024-11-19 01:19:49,923 - client_base - INFO - recover model cost time : 0m:0s:0ms
2024-11-19 01:19:49,923 - fl_main - INFO - client_dict[f_00004] training ...
2024-11-19 01:19:49,925 - client_base - INFO - client_dict[f_00004] training epoch : 0
2024-11-19 01:19:59,203 - client_base - INFO - local model train cost time : 0m:9s:278ms
2024-11-19 01:19:59,205 - client_base - INFO - model encode time : 0m:0s:1ms
2024-11-19 01:19:59,205 - fl_main - INFO - client_dict[f_00004] local model encrypting ...
2024-11-19 01:20:37,058 - fed_utils - INFO - encrypting key [features.0.weight].length : 4800, cost time : 0m:37s:852ms
2024-11-19 01:20:37,574 - fed_utils - INFO - encrypting key [features.0.bias].length : 64, cost time : 0m:0s:515ms
2024-11-19 01:20:37,576 - fed_utils - INFO - load key [features.4.weight].length : 102400, cost time : 0m:0s:2ms
2024-11-19 01:20:37,576 - fed_utils - INFO - load key [features.4.bias].length : 64, cost time : 0m:0s:0ms
2024-11-19 01:20:37,616 - fed_utils - INFO - load key [classifier.0.weight].length : 1572864, cost time : 0m:0s:39ms
2024-11-19 01:20:37,616 - fed_utils - INFO - load key [classifier.0.bias].length : 384, cost time : 0m:0s:0ms
2024-11-19 01:20:37,618 - fed_utils - INFO - load key [classifier.2.weight].length : 73728, cost time : 0m:0s:1ms
2024-11-19 01:20:37,618 - fed_utils - INFO - load key [classifier.2.bias].length : 192, cost time : 0m:0s:0ms
2024-11-19 01:20:52,750 - fed_utils - INFO - encrypting key [classifier.4.weight].length : 1920, cost time : 0m:15s:132ms
2024-11-19 01:20:52,830 - fed_utils - INFO - encrypting key [classifier.4.bias].length : 10, cost time : 0m:0s:79ms
2024-11-19 01:20:52,830 - fl_main - INFO - Server receive client_dict[f_00004] info ...
2024-11-19 01:20:52,830 - fl_main - INFO - global aggregation process ...
2024-11-19 01:20:52,831 - fed_utils - INFO - server.n_data : 50000
2024-11-19 01:20:52,831 - fed_utils - INFO - client_dict[f_00000].weight : 0.200000
2024-11-19 01:20:52,831 - fed_utils - INFO - client_dict[f_00001].weight : 0.200000
2024-11-19 01:20:52,831 - fed_utils - INFO - client_dict[f_00002].weight : 0.200000
2024-11-19 01:20:52,831 - fed_utils - INFO - client_dict[f_00003].weight : 0.200000
2024-11-19 01:20:52,831 - fed_utils - INFO - client_dict[f_00004].weight : 0.200000
2024-11-19 01:20:52,831 - fed_utils - INFO - recover secret number by clients: 3157279.000000
2024-11-19 01:20:52,831 - server_base - INFO - Server aggregate model with homomorphic encryption ...
2024-11-19 01:21:03,418 - server_base - INFO - Server aggregate model done, cost time : 0m:10s:587ms
2024-11-19 01:21:14,289 - fed_utils - INFO - decrypting key [features.0.weight].shape [torch.Size([64, 3, 5, 5])]
2024-11-19 01:21:14,434 - fed_utils - INFO - decrypting key [features.0.bias].shape [torch.Size([64])]
2024-11-19 01:21:14,435 - fed_utils - INFO - decrypting key [features.4.weight].shape [torch.Size([64, 64, 5, 5])]
2024-11-19 01:21:14,435 - fed_utils - INFO - decrypting key [features.4.bias].shape [torch.Size([64])]
2024-11-19 01:21:14,442 - fed_utils - INFO - decrypting key [classifier.0.weight].shape [torch.Size([384, 4096])]
2024-11-19 01:21:14,442 - fed_utils - INFO - decrypting key [classifier.0.bias].shape [torch.Size([384])]
2024-11-19 01:21:14,442 - fed_utils - INFO - decrypting key [classifier.2.weight].shape [torch.Size([192, 384])]
2024-11-19 01:21:14,442 - fed_utils - INFO - decrypting key [classifier.2.bias].shape [torch.Size([192])]
2024-11-19 01:21:18,790 - fed_utils - INFO - decrypting key [classifier.4.weight].shape [torch.Size([10, 192])]
2024-11-19 01:21:18,813 - fed_utils - INFO - decrypting key [classifier.4.bias].shape [torch.Size([10])]
2024-11-19 01:21:18,813 - fed_utils - INFO - decrypt time : [0m:15s:394ms]
2024-11-19 01:21:18,881 - fl_main - INFO - [global round : 11] aggregated model accuracy : 0.7112
2024-11-19 01:21:18,881 - fl_main - INFO - [global round : 11] aggregated model loss : 0.6735379371936545
2024-11-19 01:21:18,882 - fl_main - INFO - global round : 12
2024-11-19 01:21:18,882 - fl_main - INFO - the random client id to test accuracy : f_00000
2024-11-19 01:21:18,882 - fl_main - INFO - ----- client id [f_00000] -----
2024-11-19 01:21:18,894 - fed_utils - INFO - init global model cost time : 0m:0s:11ms
2024-11-19 01:21:18,897 - client_base - INFO - recover model cost time : 0m:0s:0ms
2024-11-19 01:21:21,339 - fl_main - INFO - global round [12] client_dict[f_00000].accuracy : 0.719600
2024-11-19 01:21:21,339 - fl_main - INFO - client_dict[f_00000] training ...
2024-11-19 01:21:21,339 - client_base - INFO - client_dict[f_00000] training epoch : 0
2024-11-19 01:21:30,472 - client_base - INFO - local model train cost time : 0m:9s:132ms
2024-11-19 01:21:30,474 - client_base - INFO - model encode time : 0m:0s:1ms
2024-11-19 01:21:30,474 - fl_main - INFO - client_dict[f_00000] local model encrypting ...
2024-11-19 01:22:08,286 - fed_utils - INFO - encrypting key [features.0.weight].length : 4800, cost time : 0m:37s:811ms
2024-11-19 01:22:08,800 - fed_utils - INFO - encrypting key [features.0.bias].length : 64, cost time : 0m:0s:514ms
2024-11-19 01:22:08,802 - fed_utils - INFO - load key [features.4.weight].length : 102400, cost time : 0m:0s:2ms
2024-11-19 01:22:08,802 - fed_utils - INFO - load key [features.4.bias].length : 64, cost time : 0m:0s:0ms
2024-11-19 01:22:08,837 - fed_utils - INFO - load key [classifier.0.weight].length : 1572864, cost time : 0m:0s:34ms
2024-11-19 01:22:08,837 - fed_utils - INFO - load key [classifier.0.bias].length : 384, cost time : 0m:0s:0ms
2024-11-19 01:22:08,839 - fed_utils - INFO - load key [classifier.2.weight].length : 73728, cost time : 0m:0s:1ms
2024-11-19 01:22:08,839 - fed_utils - INFO - load key [classifier.2.bias].length : 192, cost time : 0m:0s:0ms
2024-11-19 01:22:23,966 - fed_utils - INFO - encrypting key [classifier.4.weight].length : 1920, cost time : 0m:15s:127ms
2024-11-19 01:22:24,046 - fed_utils - INFO - encrypting key [classifier.4.bias].length : 10, cost time : 0m:0s:79ms
2024-11-19 01:22:24,070 - fl_main - INFO - Server receive client_dict[f_00000] info ...
2024-11-19 01:22:24,070 - fl_main - INFO - ----- client id [f_00001] -----
2024-11-19 01:22:24,081 - fed_utils - INFO - init global model cost time : 0m:0s:10ms
2024-11-19 01:22:24,083 - client_base - INFO - recover model cost time : 0m:0s:0ms
2024-11-19 01:22:24,083 - fl_main - INFO - client_dict[f_00001] training ...
2024-11-19 01:22:24,085 - client_base - INFO - client_dict[f_00001] training epoch : 0
2024-11-19 01:22:33,244 - client_base - INFO - local model train cost time : 0m:9s:159ms
2024-11-19 01:22:33,246 - client_base - INFO - model encode time : 0m:0s:1ms
2024-11-19 01:22:33,246 - fl_main - INFO - client_dict[f_00001] local model encrypting ...
2024-11-19 01:23:11,102 - fed_utils - INFO - encrypting key [features.0.weight].length : 4800, cost time : 0m:37s:855ms
2024-11-19 01:23:11,617 - fed_utils - INFO - encrypting key [features.0.bias].length : 64, cost time : 0m:0s:515ms
2024-11-19 01:23:11,620 - fed_utils - INFO - load key [features.4.weight].length : 102400, cost time : 0m:0s:2ms
2024-11-19 01:23:11,620 - fed_utils - INFO - load key [features.4.bias].length : 64, cost time : 0m:0s:0ms
2024-11-19 01:23:11,660 - fed_utils - INFO - load key [classifier.0.weight].length : 1572864, cost time : 0m:0s:40ms
2024-11-19 01:23:11,660 - fed_utils - INFO - load key [classifier.0.bias].length : 384, cost time : 0m:0s:0ms
2024-11-19 01:23:11,662 - fed_utils - INFO - load key [classifier.2.weight].length : 73728, cost time : 0m:0s:1ms
2024-11-19 01:23:11,662 - fed_utils - INFO - load key [classifier.2.bias].length : 192, cost time : 0m:0s:0ms
2024-11-19 01:23:26,782 - fed_utils - INFO - encrypting key [classifier.4.weight].length : 1920, cost time : 0m:15s:119ms
2024-11-19 01:23:26,861 - fed_utils - INFO - encrypting key [classifier.4.bias].length : 10, cost time : 0m:0s:79ms
2024-11-19 01:23:26,861 - fl_main - INFO - Server receive client_dict[f_00001] info ...
2024-11-19 01:23:26,862 - fl_main - INFO - ----- client id [f_00002] -----
2024-11-19 01:23:26,871 - fed_utils - INFO - init global model cost time : 0m:0s:9ms
2024-11-19 01:23:26,873 - client_base - INFO - recover model cost time : 0m:0s:0ms
2024-11-19 01:23:26,873 - fl_main - INFO - client_dict[f_00002] training ...
2024-11-19 01:23:26,875 - client_base - INFO - client_dict[f_00002] training epoch : 0
2024-11-19 01:23:36,055 - client_base - INFO - local model train cost time : 0m:9s:179ms
2024-11-19 01:23:36,056 - client_base - INFO - model encode time : 0m:0s:1ms
2024-11-19 01:23:36,057 - fl_main - INFO - client_dict[f_00002] local model encrypting ...
2024-11-19 01:24:13,911 - fed_utils - INFO - encrypting key [features.0.weight].length : 4800, cost time : 0m:37s:854ms
2024-11-19 01:24:14,426 - fed_utils - INFO - encrypting key [features.0.bias].length : 64, cost time : 0m:0s:514ms
2024-11-19 01:24:14,429 - fed_utils - INFO - load key [features.4.weight].length : 102400, cost time : 0m:0s:2ms
2024-11-19 01:24:14,429 - fed_utils - INFO - load key [features.4.bias].length : 64, cost time : 0m:0s:0ms
2024-11-19 01:24:14,469 - fed_utils - INFO - load key [classifier.0.weight].length : 1572864, cost time : 0m:0s:39ms
2024-11-19 01:24:14,469 - fed_utils - INFO - load key [classifier.0.bias].length : 384, cost time : 0m:0s:0ms
2024-11-19 01:24:14,471 - fed_utils - INFO - load key [classifier.2.weight].length : 73728, cost time : 0m:0s:1ms
2024-11-19 01:24:14,471 - fed_utils - INFO - load key [classifier.2.bias].length : 192, cost time : 0m:0s:0ms
2024-11-19 01:24:29,603 - fed_utils - INFO - encrypting key [classifier.4.weight].length : 1920, cost time : 0m:15s:132ms
2024-11-19 01:24:29,683 - fed_utils - INFO - encrypting key [classifier.4.bias].length : 10, cost time : 0m:0s:79ms
2024-11-19 01:24:29,683 - fl_main - INFO - Server receive client_dict[f_00002] info ...
2024-11-19 01:24:29,683 - fl_main - INFO - ----- client id [f_00003] -----
2024-11-19 01:24:29,693 - fed_utils - INFO - init global model cost time : 0m:0s:9ms
2024-11-19 01:24:29,694 - client_base - INFO - recover model cost time : 0m:0s:0ms
2024-11-19 01:24:29,694 - fl_main - INFO - client_dict[f_00003] training ...
2024-11-19 01:24:29,696 - client_base - INFO - client_dict[f_00003] training epoch : 0
2024-11-19 01:24:38,842 - client_base - INFO - local model train cost time : 0m:9s:146ms
2024-11-19 01:24:38,844 - client_base - INFO - model encode time : 0m:0s:1ms
2024-11-19 01:24:38,844 - fl_main - INFO - client_dict[f_00003] local model encrypting ...
2024-11-19 01:25:16,665 - fed_utils - INFO - encrypting key [features.0.weight].length : 4800, cost time : 0m:37s:820ms
2024-11-19 01:25:17,180 - fed_utils - INFO - encrypting key [features.0.bias].length : 64, cost time : 0m:0s:515ms
2024-11-19 01:25:17,183 - fed_utils - INFO - load key [features.4.weight].length : 102400, cost time : 0m:0s:2ms
2024-11-19 01:25:17,183 - fed_utils - INFO - load key [features.4.bias].length : 64, cost time : 0m:0s:0ms
2024-11-19 01:25:17,222 - fed_utils - INFO - load key [classifier.0.weight].length : 1572864, cost time : 0m:0s:39ms
2024-11-19 01:25:17,222 - fed_utils - INFO - load key [classifier.0.bias].length : 384, cost time : 0m:0s:0ms
2024-11-19 01:25:17,224 - fed_utils - INFO - load key [classifier.2.weight].length : 73728, cost time : 0m:0s:1ms
2024-11-19 01:25:17,224 - fed_utils - INFO - load key [classifier.2.bias].length : 192, cost time : 0m:0s:0ms
2024-11-19 01:25:32,410 - fed_utils - INFO - encrypting key [classifier.4.weight].length : 1920, cost time : 0m:15s:185ms
2024-11-19 01:25:32,489 - fed_utils - INFO - encrypting key [classifier.4.bias].length : 10, cost time : 0m:0s:79ms
2024-11-19 01:25:32,489 - fl_main - INFO - Server receive client_dict[f_00003] info ...
2024-11-19 01:25:32,490 - fl_main - INFO - ----- client id [f_00004] -----
2024-11-19 01:25:32,501 - fed_utils - INFO - init global model cost time : 0m:0s:11ms
2024-11-19 01:25:32,503 - client_base - INFO - recover model cost time : 0m:0s:0ms
2024-11-19 01:25:32,503 - fl_main - INFO - client_dict[f_00004] training ...
2024-11-19 01:25:32,504 - client_base - INFO - client_dict[f_00004] training epoch : 0
2024-11-19 01:25:41,688 - client_base - INFO - local model train cost time : 0m:9s:183ms
2024-11-19 01:25:41,690 - client_base - INFO - model encode time : 0m:0s:1ms
2024-11-19 01:25:41,690 - fl_main - INFO - client_dict[f_00004] local model encrypting ...
2024-11-19 01:26:19,499 - fed_utils - INFO - encrypting key [features.0.weight].length : 4800, cost time : 0m:37s:809ms
2024-11-19 01:26:20,014 - fed_utils - INFO - encrypting key [features.0.bias].length : 64, cost time : 0m:0s:514ms
2024-11-19 01:26:20,017 - fed_utils - INFO - load key [features.4.weight].length : 102400, cost time : 0m:0s:2ms
2024-11-19 01:26:20,017 - fed_utils - INFO - load key [features.4.bias].length : 64, cost time : 0m:0s:0ms
2024-11-19 01:26:20,056 - fed_utils - INFO - load key [classifier.0.weight].length : 1572864, cost time : 0m:0s:39ms
2024-11-19 01:26:20,056 - fed_utils - INFO - load key [classifier.0.bias].length : 384, cost time : 0m:0s:0ms
2024-11-19 01:26:20,058 - fed_utils - INFO - load key [classifier.2.weight].length : 73728, cost time : 0m:0s:1ms
2024-11-19 01:26:20,058 - fed_utils - INFO - load key [classifier.2.bias].length : 192, cost time : 0m:0s:0ms
2024-11-19 01:26:35,176 - fed_utils - INFO - encrypting key [classifier.4.weight].length : 1920, cost time : 0m:15s:117ms
2024-11-19 01:26:35,255 - fed_utils - INFO - encrypting key [classifier.4.bias].length : 10, cost time : 0m:0s:79ms
2024-11-19 01:26:35,255 - fl_main - INFO - Server receive client_dict[f_00004] info ...
2024-11-19 01:26:35,255 - fl_main - INFO - global aggregation process ...
2024-11-19 01:26:35,256 - fed_utils - INFO - server.n_data : 50000
2024-11-19 01:26:35,256 - fed_utils - INFO - client_dict[f_00000].weight : 0.200000
2024-11-19 01:26:35,256 - fed_utils - INFO - client_dict[f_00001].weight : 0.200000
2024-11-19 01:26:35,256 - fed_utils - INFO - client_dict[f_00002].weight : 0.200000
2024-11-19 01:26:35,256 - fed_utils - INFO - client_dict[f_00003].weight : 0.200000
2024-11-19 01:26:35,256 - fed_utils - INFO - client_dict[f_00004].weight : 0.200000
2024-11-19 01:26:35,256 - fed_utils - INFO - recover secret number by clients: 3157279.000000
2024-11-19 01:26:35,256 - server_base - INFO - Server aggregate model with homomorphic encryption ...
2024-11-19 01:26:45,835 - server_base - INFO - Server aggregate model done, cost time : 0m:10s:579ms
2024-11-19 01:26:56,708 - fed_utils - INFO - decrypting key [features.0.weight].shape [torch.Size([64, 3, 5, 5])]
2024-11-19 01:26:56,853 - fed_utils - INFO - decrypting key [features.0.bias].shape [torch.Size([64])]
2024-11-19 01:26:56,854 - fed_utils - INFO - decrypting key [features.4.weight].shape [torch.Size([64, 64, 5, 5])]
2024-11-19 01:26:56,854 - fed_utils - INFO - decrypting key [features.4.bias].shape [torch.Size([64])]
2024-11-19 01:26:56,861 - fed_utils - INFO - decrypting key [classifier.0.weight].shape [torch.Size([384, 4096])]
2024-11-19 01:26:56,861 - fed_utils - INFO - decrypting key [classifier.0.bias].shape [torch.Size([384])]
2024-11-19 01:26:56,862 - fed_utils - INFO - decrypting key [classifier.2.weight].shape [torch.Size([192, 384])]
2024-11-19 01:26:56,862 - fed_utils - INFO - decrypting key [classifier.2.bias].shape [torch.Size([192])]
2024-11-19 01:27:01,211 - fed_utils - INFO - decrypting key [classifier.4.weight].shape [torch.Size([10, 192])]
2024-11-19 01:27:01,234 - fed_utils - INFO - decrypting key [classifier.4.bias].shape [torch.Size([10])]
2024-11-19 01:27:01,234 - fed_utils - INFO - decrypt time : [0m:15s:398ms]
2024-11-19 01:27:01,301 - fl_main - INFO - [global round : 12] aggregated model accuracy : 0.7196
2024-11-19 01:27:01,301 - fl_main - INFO - [global round : 12] aggregated model loss : 0.9871122772714119
2024-11-19 01:27:01,302 - fl_main - INFO - global round : 13
2024-11-19 01:27:01,302 - fl_main - INFO - the random client id to test accuracy : f_00003
2024-11-19 01:27:01,302 - fl_main - INFO - ----- client id [f_00000] -----
2024-11-19 01:27:01,314 - fed_utils - INFO - init global model cost time : 0m:0s:11ms
2024-11-19 01:27:01,316 - client_base - INFO - recover model cost time : 0m:0s:0ms
2024-11-19 01:27:01,316 - fl_main - INFO - client_dict[f_00000] training ...
2024-11-19 01:27:01,327 - client_base - INFO - client_dict[f_00000] training epoch : 0
2024-11-19 01:27:10,495 - client_base - INFO - local model train cost time : 0m:9s:167ms
2024-11-19 01:27:10,497 - client_base - INFO - model encode time : 0m:0s:1ms
2024-11-19 01:27:10,497 - fl_main - INFO - client_dict[f_00000] local model encrypting ...
2024-11-19 01:27:48,333 - fed_utils - INFO - encrypting key [features.0.weight].length : 4800, cost time : 0m:37s:836ms
2024-11-19 01:27:48,848 - fed_utils - INFO - encrypting key [features.0.bias].length : 64, cost time : 0m:0s:514ms
2024-11-19 01:27:48,850 - fed_utils - INFO - load key [features.4.weight].length : 102400, cost time : 0m:0s:1ms
2024-11-19 01:27:48,850 - fed_utils - INFO - load key [features.4.bias].length : 64, cost time : 0m:0s:0ms
2024-11-19 01:27:48,885 - fed_utils - INFO - load key [classifier.0.weight].length : 1572864, cost time : 0m:0s:34ms
2024-11-19 01:27:48,885 - fed_utils - INFO - load key [classifier.0.bias].length : 384, cost time : 0m:0s:0ms
2024-11-19 01:27:48,887 - fed_utils - INFO - load key [classifier.2.weight].length : 73728, cost time : 0m:0s:1ms
2024-11-19 01:27:48,887 - fed_utils - INFO - load key [classifier.2.bias].length : 192, cost time : 0m:0s:0ms
2024-11-19 01:28:04,030 - fed_utils - INFO - encrypting key [classifier.4.weight].length : 1920, cost time : 0m:15s:143ms
2024-11-19 01:28:04,110 - fed_utils - INFO - encrypting key [classifier.4.bias].length : 10, cost time : 0m:0s:79ms
2024-11-19 01:28:04,134 - fl_main - INFO - Server receive client_dict[f_00000] info ...
2024-11-19 01:28:04,134 - fl_main - INFO - ----- client id [f_00001] -----
2024-11-19 01:28:04,144 - fed_utils - INFO - init global model cost time : 0m:0s:10ms
2024-11-19 01:28:04,147 - client_base - INFO - recover model cost time : 0m:0s:0ms
2024-11-19 01:28:04,147 - fl_main - INFO - client_dict[f_00001] training ...
2024-11-19 01:28:04,148 - client_base - INFO - client_dict[f_00001] training epoch : 0
2024-11-19 01:28:13,304 - client_base - INFO - local model train cost time : 0m:9s:155ms
2024-11-19 01:28:13,306 - client_base - INFO - model encode time : 0m:0s:1ms
2024-11-19 01:28:13,306 - fl_main - INFO - client_dict[f_00001] local model encrypting ...
2024-11-19 01:28:51,153 - fed_utils - INFO - encrypting key [features.0.weight].length : 4800, cost time : 0m:37s:846ms
2024-11-19 01:28:51,668 - fed_utils - INFO - encrypting key [features.0.bias].length : 64, cost time : 0m:0s:514ms
2024-11-19 01:28:51,670 - fed_utils - INFO - load key [features.4.weight].length : 102400, cost time : 0m:0s:2ms
2024-11-19 01:28:51,670 - fed_utils - INFO - load key [features.4.bias].length : 64, cost time : 0m:0s:0ms
2024-11-19 01:28:51,710 - fed_utils - INFO - load key [classifier.0.weight].length : 1572864, cost time : 0m:0s:40ms
2024-11-19 01:28:51,711 - fed_utils - INFO - load key [classifier.0.bias].length : 384, cost time : 0m:0s:0ms
2024-11-19 01:28:51,713 - fed_utils - INFO - load key [classifier.2.weight].length : 73728, cost time : 0m:0s:1ms
2024-11-19 01:28:51,713 - fed_utils - INFO - load key [classifier.2.bias].length : 192, cost time : 0m:0s:0ms
2024-11-19 01:29:06,849 - fed_utils - INFO - encrypting key [classifier.4.weight].length : 1920, cost time : 0m:15s:135ms
2024-11-19 01:29:06,928 - fed_utils - INFO - encrypting key [classifier.4.bias].length : 10, cost time : 0m:0s:79ms
2024-11-19 01:29:06,928 - fl_main - INFO - Server receive client_dict[f_00001] info ...
2024-11-19 01:29:06,928 - fl_main - INFO - ----- client id [f_00002] -----
2024-11-19 01:29:06,938 - fed_utils - INFO - init global model cost time : 0m:0s:9ms
2024-11-19 01:29:06,940 - client_base - INFO - recover model cost time : 0m:0s:0ms
2024-11-19 01:29:06,940 - fl_main - INFO - client_dict[f_00002] training ...
2024-11-19 01:29:06,942 - client_base - INFO - client_dict[f_00002] training epoch : 0
2024-11-19 01:29:16,104 - client_base - INFO - local model train cost time : 0m:9s:162ms
2024-11-19 01:29:16,105 - client_base - INFO - model encode time : 0m:0s:1ms
2024-11-19 01:29:16,106 - fl_main - INFO - client_dict[f_00002] local model encrypting ...
2024-11-19 01:29:53,913 - fed_utils - INFO - encrypting key [features.0.weight].length : 4800, cost time : 0m:37s:807ms
2024-11-19 01:29:54,427 - fed_utils - INFO - encrypting key [features.0.bias].length : 64, cost time : 0m:0s:514ms
2024-11-19 01:29:54,430 - fed_utils - INFO - load key [features.4.weight].length : 102400, cost time : 0m:0s:2ms
2024-11-19 01:29:54,430 - fed_utils - INFO - load key [features.4.bias].length : 64, cost time : 0m:0s:0ms
2024-11-19 01:29:54,470 - fed_utils - INFO - load key [classifier.0.weight].length : 1572864, cost time : 0m:0s:39ms
2024-11-19 01:29:54,470 - fed_utils - INFO - load key [classifier.0.bias].length : 384, cost time : 0m:0s:0ms
2024-11-19 01:29:54,472 - fed_utils - INFO - load key [classifier.2.weight].length : 73728, cost time : 0m:0s:1ms
2024-11-19 01:29:54,472 - fed_utils - INFO - load key [classifier.2.bias].length : 192, cost time : 0m:0s:0ms
2024-11-19 01:30:09,594 - fed_utils - INFO - encrypting key [classifier.4.weight].length : 1920, cost time : 0m:15s:122ms
2024-11-19 01:30:09,674 - fed_utils - INFO - encrypting key [classifier.4.bias].length : 10, cost time : 0m:0s:79ms
2024-11-19 01:30:09,674 - fl_main - INFO - Server receive client_dict[f_00002] info ...
2024-11-19 01:30:09,674 - fl_main - INFO - ----- client id [f_00003] -----
2024-11-19 01:30:09,683 - fed_utils - INFO - init global model cost time : 0m:0s:9ms
2024-11-19 01:30:09,685 - client_base - INFO - recover model cost time : 0m:0s:0ms
2024-11-19 01:30:12,125 - fl_main - INFO - global round [13] client_dict[f_00003].accuracy : 0.731200
2024-11-19 01:30:12,125 - fl_main - INFO - client_dict[f_00003] training ...
2024-11-19 01:30:12,126 - client_base - INFO - client_dict[f_00003] training epoch : 0
2024-11-19 01:30:21,265 - client_base - INFO - local model train cost time : 0m:9s:138ms
2024-11-19 01:30:21,266 - client_base - INFO - model encode time : 0m:0s:1ms
2024-11-19 01:30:21,267 - fl_main - INFO - client_dict[f_00003] local model encrypting ...
2024-11-19 01:30:59,089 - fed_utils - INFO - encrypting key [features.0.weight].length : 4800, cost time : 0m:37s:822ms
2024-11-19 01:30:59,603 - fed_utils - INFO - encrypting key [features.0.bias].length : 64, cost time : 0m:0s:513ms
2024-11-19 01:30:59,605 - fed_utils - INFO - load key [features.4.weight].length : 102400, cost time : 0m:0s:2ms
2024-11-19 01:30:59,605 - fed_utils - INFO - load key [features.4.bias].length : 64, cost time : 0m:0s:0ms
2024-11-19 01:30:59,645 - fed_utils - INFO - load key [classifier.0.weight].length : 1572864, cost time : 0m:0s:39ms
2024-11-19 01:30:59,645 - fed_utils - INFO - load key [classifier.0.bias].length : 384, cost time : 0m:0s:0ms
2024-11-19 01:30:59,647 - fed_utils - INFO - load key [classifier.2.weight].length : 73728, cost time : 0m:0s:1ms
2024-11-19 01:30:59,647 - fed_utils - INFO - load key [classifier.2.bias].length : 192, cost time : 0m:0s:0ms
2024-11-19 01:31:14,838 - fed_utils - INFO - encrypting key [classifier.4.weight].length : 1920, cost time : 0m:15s:190ms
2024-11-19 01:31:14,918 - fed_utils - INFO - encrypting key [classifier.4.bias].length : 10, cost time : 0m:0s:79ms
2024-11-19 01:31:14,918 - fl_main - INFO - Server receive client_dict[f_00003] info ...
2024-11-19 01:31:14,918 - fl_main - INFO - ----- client id [f_00004] -----
2024-11-19 01:31:14,927 - fed_utils - INFO - init global model cost time : 0m:0s:9ms
2024-11-19 01:31:14,929 - client_base - INFO - recover model cost time : 0m:0s:0ms
2024-11-19 01:31:14,929 - fl_main - INFO - client_dict[f_00004] training ...
2024-11-19 01:31:14,931 - client_base - INFO - client_dict[f_00004] training epoch : 0
2024-11-19 01:31:24,108 - client_base - INFO - local model train cost time : 0m:9s:177ms
2024-11-19 01:31:24,110 - client_base - INFO - model encode time : 0m:0s:1ms
2024-11-19 01:31:24,110 - fl_main - INFO - client_dict[f_00004] local model encrypting ...
2024-11-19 01:32:01,904 - fed_utils - INFO - encrypting key [features.0.weight].length : 4800, cost time : 0m:37s:793ms
2024-11-19 01:32:02,419 - fed_utils - INFO - encrypting key [features.0.bias].length : 64, cost time : 0m:0s:514ms
2024-11-19 01:32:02,421 - fed_utils - INFO - load key [features.4.weight].length : 102400, cost time : 0m:0s:2ms
2024-11-19 01:32:02,421 - fed_utils - INFO - load key [features.4.bias].length : 64, cost time : 0m:0s:0ms
2024-11-19 01:32:02,461 - fed_utils - INFO - load key [classifier.0.weight].length : 1572864, cost time : 0m:0s:39ms
2024-11-19 01:32:02,461 - fed_utils - INFO - load key [classifier.0.bias].length : 384, cost time : 0m:0s:0ms
2024-11-19 01:32:02,463 - fed_utils - INFO - load key [classifier.2.weight].length : 73728, cost time : 0m:0s:1ms
2024-11-19 01:32:02,463 - fed_utils - INFO - load key [classifier.2.bias].length : 192, cost time : 0m:0s:0ms
2024-11-19 01:32:17,584 - fed_utils - INFO - encrypting key [classifier.4.weight].length : 1920, cost time : 0m:15s:120ms
2024-11-19 01:32:17,663 - fed_utils - INFO - encrypting key [classifier.4.bias].length : 10, cost time : 0m:0s:79ms
2024-11-19 01:32:17,663 - fl_main - INFO - Server receive client_dict[f_00004] info ...
2024-11-19 01:32:17,664 - fl_main - INFO - global aggregation process ...
2024-11-19 01:32:17,664 - fed_utils - INFO - server.n_data : 50000
2024-11-19 01:32:17,664 - fed_utils - INFO - client_dict[f_00000].weight : 0.200000
2024-11-19 01:32:17,664 - fed_utils - INFO - client_dict[f_00001].weight : 0.200000
2024-11-19 01:32:17,664 - fed_utils - INFO - client_dict[f_00002].weight : 0.200000
2024-11-19 01:32:17,664 - fed_utils - INFO - client_dict[f_00003].weight : 0.200000
2024-11-19 01:32:17,664 - fed_utils - INFO - client_dict[f_00004].weight : 0.200000
2024-11-19 01:32:17,664 - fed_utils - INFO - recover secret number by clients: 3157279.000000
2024-11-19 01:32:17,664 - server_base - INFO - Server aggregate model with homomorphic encryption ...
2024-11-19 01:32:28,222 - server_base - INFO - Server aggregate model done, cost time : 0m:10s:558ms
2024-11-19 01:32:39,092 - fed_utils - INFO - decrypting key [features.0.weight].shape [torch.Size([64, 3, 5, 5])]
2024-11-19 01:32:39,237 - fed_utils - INFO - decrypting key [features.0.bias].shape [torch.Size([64])]
2024-11-19 01:32:39,238 - fed_utils - INFO - decrypting key [features.4.weight].shape [torch.Size([64, 64, 5, 5])]
2024-11-19 01:32:39,238 - fed_utils - INFO - decrypting key [features.4.bias].shape [torch.Size([64])]
2024-11-19 01:32:39,245 - fed_utils - INFO - decrypting key [classifier.0.weight].shape [torch.Size([384, 4096])]
2024-11-19 01:32:39,245 - fed_utils - INFO - decrypting key [classifier.0.bias].shape [torch.Size([384])]
2024-11-19 01:32:39,245 - fed_utils - INFO - decrypting key [classifier.2.weight].shape [torch.Size([192, 384])]
2024-11-19 01:32:39,245 - fed_utils - INFO - decrypting key [classifier.2.bias].shape [torch.Size([192])]
2024-11-19 01:32:43,593 - fed_utils - INFO - decrypting key [classifier.4.weight].shape [torch.Size([10, 192])]
2024-11-19 01:32:43,616 - fed_utils - INFO - decrypting key [classifier.4.bias].shape [torch.Size([10])]
2024-11-19 01:32:43,616 - fed_utils - INFO - decrypt time : [0m:15s:393ms]
2024-11-19 01:32:43,685 - fl_main - INFO - [global round : 13] aggregated model accuracy : 0.7312000000000001
2024-11-19 01:32:43,685 - fl_main - INFO - [global round : 13] aggregated model loss : 0.7483445247267305
2024-11-19 01:32:43,686 - fl_main - INFO - global round : 14
2024-11-19 01:32:43,686 - fl_main - INFO - the random client id to test accuracy : f_00004
2024-11-19 01:32:43,686 - fl_main - INFO - ----- client id [f_00000] -----
2024-11-19 01:32:43,698 - fed_utils - INFO - init global model cost time : 0m:0s:11ms
2024-11-19 01:32:43,700 - client_base - INFO - recover model cost time : 0m:0s:0ms
2024-11-19 01:32:43,701 - fl_main - INFO - client_dict[f_00000] training ...
2024-11-19 01:32:43,718 - client_base - INFO - client_dict[f_00000] training epoch : 0
2024-11-19 01:32:52,881 - client_base - INFO - local model train cost time : 0m:9s:163ms
2024-11-19 01:32:52,883 - client_base - INFO - model encode time : 0m:0s:1ms
2024-11-19 01:32:52,883 - fl_main - INFO - client_dict[f_00000] local model encrypting ...
2024-11-19 01:33:30,702 - fed_utils - INFO - encrypting key [features.0.weight].length : 4800, cost time : 0m:37s:817ms
2024-11-19 01:33:31,216 - fed_utils - INFO - encrypting key [features.0.bias].length : 64, cost time : 0m:0s:513ms
2024-11-19 01:33:31,218 - fed_utils - INFO - load key [features.4.weight].length : 102400, cost time : 0m:0s:2ms
2024-11-19 01:33:31,218 - fed_utils - INFO - load key [features.4.bias].length : 64, cost time : 0m:0s:0ms
2024-11-19 01:33:31,253 - fed_utils - INFO - load key [classifier.0.weight].length : 1572864, cost time : 0m:0s:34ms
2024-11-19 01:33:31,253 - fed_utils - INFO - load key [classifier.0.bias].length : 384, cost time : 0m:0s:0ms
2024-11-19 01:33:31,255 - fed_utils - INFO - load key [classifier.2.weight].length : 73728, cost time : 0m:0s:1ms
2024-11-19 01:33:31,255 - fed_utils - INFO - load key [classifier.2.bias].length : 192, cost time : 0m:0s:0ms
2024-11-19 01:33:46,375 - fed_utils - INFO - encrypting key [classifier.4.weight].length : 1920, cost time : 0m:15s:120ms
2024-11-19 01:33:46,455 - fed_utils - INFO - encrypting key [classifier.4.bias].length : 10, cost time : 0m:0s:79ms
2024-11-19 01:33:46,479 - fl_main - INFO - Server receive client_dict[f_00000] info ...
2024-11-19 01:33:46,479 - fl_main - INFO - ----- client id [f_00001] -----
2024-11-19 01:33:46,489 - fed_utils - INFO - init global model cost time : 0m:0s:10ms
2024-11-19 01:33:46,491 - client_base - INFO - recover model cost time : 0m:0s:0ms
2024-11-19 01:33:46,492 - fl_main - INFO - client_dict[f_00001] training ...
2024-11-19 01:33:46,493 - client_base - INFO - client_dict[f_00001] training epoch : 0
2024-11-19 01:33:55,651 - client_base - INFO - local model train cost time : 0m:9s:157ms
2024-11-19 01:33:55,653 - client_base - INFO - model encode time : 0m:0s:2ms
2024-11-19 01:33:55,653 - fl_main - INFO - client_dict[f_00001] local model encrypting ...
2024-11-19 01:34:33,488 - fed_utils - INFO - encrypting key [features.0.weight].length : 4800, cost time : 0m:37s:835ms
2024-11-19 01:34:34,002 - fed_utils - INFO - encrypting key [features.0.bias].length : 64, cost time : 0m:0s:513ms
2024-11-19 01:34:34,005 - fed_utils - INFO - load key [features.4.weight].length : 102400, cost time : 0m:0s:2ms
2024-11-19 01:34:34,005 - fed_utils - INFO - load key [features.4.bias].length : 64, cost time : 0m:0s:0ms
2024-11-19 01:34:34,045 - fed_utils - INFO - load key [classifier.0.weight].length : 1572864, cost time : 0m:0s:40ms
2024-11-19 01:34:34,046 - fed_utils - INFO - load key [classifier.0.bias].length : 384, cost time : 0m:0s:0ms
2024-11-19 01:34:34,048 - fed_utils - INFO - load key [classifier.2.weight].length : 73728, cost time : 0m:0s:1ms
2024-11-19 01:34:34,048 - fed_utils - INFO - load key [classifier.2.bias].length : 192, cost time : 0m:0s:0ms
2024-11-19 01:34:49,178 - fed_utils - INFO - encrypting key [classifier.4.weight].length : 1920, cost time : 0m:15s:130ms
2024-11-19 01:34:49,257 - fed_utils - INFO - encrypting key [classifier.4.bias].length : 10, cost time : 0m:0s:79ms
2024-11-19 01:34:49,257 - fl_main - INFO - Server receive client_dict[f_00001] info ...
2024-11-19 01:34:49,258 - fl_main - INFO - ----- client id [f_00002] -----
2024-11-19 01:34:49,267 - fed_utils - INFO - init global model cost time : 0m:0s:9ms
2024-11-19 01:34:49,269 - client_base - INFO - recover model cost time : 0m:0s:0ms
2024-11-19 01:34:49,269 - fl_main - INFO - client_dict[f_00002] training ...
2024-11-19 01:34:49,271 - client_base - INFO - client_dict[f_00002] training epoch : 0
2024-11-19 01:34:58,450 - client_base - INFO - local model train cost time : 0m:9s:178ms
2024-11-19 01:34:58,451 - client_base - INFO - model encode time : 0m:0s:1ms
2024-11-19 01:34:58,452 - fl_main - INFO - client_dict[f_00002] local model encrypting ...
2024-11-19 01:35:36,238 - fed_utils - INFO - encrypting key [features.0.weight].length : 4800, cost time : 0m:37s:786ms
2024-11-19 01:35:36,754 - fed_utils - INFO - encrypting key [features.0.bias].length : 64, cost time : 0m:0s:515ms
2024-11-19 01:35:36,756 - fed_utils - INFO - load key [features.4.weight].length : 102400, cost time : 0m:0s:2ms
2024-11-19 01:35:36,756 - fed_utils - INFO - load key [features.4.bias].length : 64, cost time : 0m:0s:0ms
2024-11-19 01:35:36,796 - fed_utils - INFO - load key [classifier.0.weight].length : 1572864, cost time : 0m:0s:39ms
2024-11-19 01:35:36,796 - fed_utils - INFO - load key [classifier.0.bias].length : 384, cost time : 0m:0s:0ms
2024-11-19 01:35:36,798 - fed_utils - INFO - load key [classifier.2.weight].length : 73728, cost time : 0m:0s:1ms
2024-11-19 01:35:36,798 - fed_utils - INFO - load key [classifier.2.bias].length : 192, cost time : 0m:0s:0ms
2024-11-19 01:35:51,917 - fed_utils - INFO - encrypting key [classifier.4.weight].length : 1920, cost time : 0m:15s:118ms
2024-11-19 01:35:51,996 - fed_utils - INFO - encrypting key [classifier.4.bias].length : 10, cost time : 0m:0s:79ms
2024-11-19 01:35:51,997 - fl_main - INFO - Server receive client_dict[f_00002] info ...
2024-11-19 01:35:51,997 - fl_main - INFO - ----- client id [f_00003] -----
2024-11-19 01:35:52,006 - fed_utils - INFO - init global model cost time : 0m:0s:9ms
2024-11-19 01:35:52,008 - client_base - INFO - recover model cost time : 0m:0s:0ms
2024-11-19 01:35:52,008 - fl_main - INFO - client_dict[f_00003] training ...
2024-11-19 01:35:52,010 - client_base - INFO - client_dict[f_00003] training epoch : 0
2024-11-19 01:36:01,179 - client_base - INFO - local model train cost time : 0m:9s:168ms
2024-11-19 01:36:01,180 - client_base - INFO - model encode time : 0m:0s:1ms
2024-11-19 01:36:01,181 - fl_main - INFO - client_dict[f_00003] local model encrypting ...
2024-11-19 01:36:39,020 - fed_utils - INFO - encrypting key [features.0.weight].length : 4800, cost time : 0m:37s:838ms
2024-11-19 01:36:39,535 - fed_utils - INFO - encrypting key [features.0.bias].length : 64, cost time : 0m:0s:515ms
2024-11-19 01:36:39,538 - fed_utils - INFO - load key [features.4.weight].length : 102400, cost time : 0m:0s:2ms
2024-11-19 01:36:39,538 - fed_utils - INFO - load key [features.4.bias].length : 64, cost time : 0m:0s:0ms
2024-11-19 01:36:39,577 - fed_utils - INFO - load key [classifier.0.weight].length : 1572864, cost time : 0m:0s:39ms
2024-11-19 01:36:39,577 - fed_utils - INFO - load key [classifier.0.bias].length : 384, cost time : 0m:0s:0ms
2024-11-19 01:36:39,579 - fed_utils - INFO - load key [classifier.2.weight].length : 73728, cost time : 0m:0s:1ms
2024-11-19 01:36:39,579 - fed_utils - INFO - load key [classifier.2.bias].length : 192, cost time : 0m:0s:0ms
2024-11-19 01:36:54,753 - fed_utils - INFO - encrypting key [classifier.4.weight].length : 1920, cost time : 0m:15s:173ms
2024-11-19 01:36:54,832 - fed_utils - INFO - encrypting key [classifier.4.bias].length : 10, cost time : 0m:0s:79ms
2024-11-19 01:36:54,832 - fl_main - INFO - Server receive client_dict[f_00003] info ...
2024-11-19 01:36:54,832 - fl_main - INFO - ----- client id [f_00004] -----
2024-11-19 01:36:54,842 - fed_utils - INFO - init global model cost time : 0m:0s:9ms
2024-11-19 01:36:54,844 - client_base - INFO - recover model cost time : 0m:0s:0ms
2024-11-19 01:36:57,286 - fl_main - INFO - global round [14] client_dict[f_00004].accuracy : 0.736000
2024-11-19 01:36:57,286 - fl_main - INFO - client_dict[f_00004] training ...
2024-11-19 01:36:57,287 - client_base - INFO - client_dict[f_00004] training epoch : 0
2024-11-19 01:37:06,447 - client_base - INFO - local model train cost time : 0m:9s:159ms
2024-11-19 01:37:06,448 - client_base - INFO - model encode time : 0m:0s:1ms
2024-11-19 01:37:06,449 - fl_main - INFO - client_dict[f_00004] local model encrypting ...
2024-11-19 01:37:44,254 - fed_utils - INFO - encrypting key [features.0.weight].length : 4800, cost time : 0m:37s:805ms
2024-11-19 01:37:44,768 - fed_utils - INFO - encrypting key [features.0.bias].length : 64, cost time : 0m:0s:513ms
2024-11-19 01:37:44,770 - fed_utils - INFO - load key [features.4.weight].length : 102400, cost time : 0m:0s:2ms
2024-11-19 01:37:44,771 - fed_utils - INFO - load key [features.4.bias].length : 64, cost time : 0m:0s:0ms
2024-11-19 01:37:44,810 - fed_utils - INFO - load key [classifier.0.weight].length : 1572864, cost time : 0m:0s:39ms
2024-11-19 01:37:44,810 - fed_utils - INFO - load key [classifier.0.bias].length : 384, cost time : 0m:0s:0ms
2024-11-19 01:37:44,812 - fed_utils - INFO - load key [classifier.2.weight].length : 73728, cost time : 0m:0s:1ms
2024-11-19 01:37:44,812 - fed_utils - INFO - load key [classifier.2.bias].length : 192, cost time : 0m:0s:0ms
2024-11-19 01:37:59,940 - fed_utils - INFO - encrypting key [classifier.4.weight].length : 1920, cost time : 0m:15s:127ms
2024-11-19 01:38:00,019 - fed_utils - INFO - encrypting key [classifier.4.bias].length : 10, cost time : 0m:0s:79ms
2024-11-19 01:38:00,019 - fl_main - INFO - Server receive client_dict[f_00004] info ...
2024-11-19 01:38:00,019 - fl_main - INFO - global aggregation process ...
2024-11-19 01:38:00,020 - fed_utils - INFO - server.n_data : 50000
2024-11-19 01:38:00,020 - fed_utils - INFO - client_dict[f_00000].weight : 0.200000
2024-11-19 01:38:00,020 - fed_utils - INFO - client_dict[f_00001].weight : 0.200000
2024-11-19 01:38:00,020 - fed_utils - INFO - client_dict[f_00002].weight : 0.200000
2024-11-19 01:38:00,020 - fed_utils - INFO - client_dict[f_00003].weight : 0.200000
2024-11-19 01:38:00,020 - fed_utils - INFO - client_dict[f_00004].weight : 0.200000
2024-11-19 01:38:00,020 - fed_utils - INFO - recover secret number by clients: 3157279.000000
2024-11-19 01:38:00,020 - server_base - INFO - Server aggregate model with homomorphic encryption ...
2024-11-19 01:38:10,591 - server_base - INFO - Server aggregate model done, cost time : 0m:10s:571ms
2024-11-19 01:38:21,461 - fed_utils - INFO - decrypting key [features.0.weight].shape [torch.Size([64, 3, 5, 5])]
2024-11-19 01:38:21,606 - fed_utils - INFO - decrypting key [features.0.bias].shape [torch.Size([64])]
2024-11-19 01:38:21,607 - fed_utils - INFO - decrypting key [features.4.weight].shape [torch.Size([64, 64, 5, 5])]
2024-11-19 01:38:21,607 - fed_utils - INFO - decrypting key [features.4.bias].shape [torch.Size([64])]
2024-11-19 01:38:21,616 - fed_utils - INFO - decrypting key [classifier.0.weight].shape [torch.Size([384, 4096])]
2024-11-19 01:38:21,616 - fed_utils - INFO - decrypting key [classifier.0.bias].shape [torch.Size([384])]
2024-11-19 01:38:21,617 - fed_utils - INFO - decrypting key [classifier.2.weight].shape [torch.Size([192, 384])]
2024-11-19 01:38:21,617 - fed_utils - INFO - decrypting key [classifier.2.bias].shape [torch.Size([192])]
2024-11-19 01:38:25,965 - fed_utils - INFO - decrypting key [classifier.4.weight].shape [torch.Size([10, 192])]
2024-11-19 01:38:25,987 - fed_utils - INFO - decrypting key [classifier.4.bias].shape [torch.Size([10])]
2024-11-19 01:38:25,987 - fed_utils - INFO - decrypt time : [0m:15s:395ms]
2024-11-19 01:38:26,055 - fl_main - INFO - [global round : 14] aggregated model accuracy : 0.736
2024-11-19 01:38:26,055 - fl_main - INFO - [global round : 14] aggregated model loss : 1.04362463956385
2024-11-19 01:38:26,056 - fl_main - INFO - global round : 15
2024-11-19 01:38:26,056 - fl_main - INFO - the random client id to test accuracy : f_00004
2024-11-19 01:38:26,056 - fl_main - INFO - ----- client id [f_00000] -----
2024-11-19 01:38:26,066 - fed_utils - INFO - init global model cost time : 0m:0s:9ms
2024-11-19 01:38:26,068 - client_base - INFO - recover model cost time : 0m:0s:0ms
2024-11-19 01:38:26,068 - fl_main - INFO - client_dict[f_00000] training ...
2024-11-19 01:38:26,085 - client_base - INFO - client_dict[f_00000] training epoch : 0
2024-11-19 01:38:35,226 - client_base - INFO - local model train cost time : 0m:9s:141ms
2024-11-19 01:38:35,228 - client_base - INFO - model encode time : 0m:0s:1ms
2024-11-19 01:38:35,229 - fl_main - INFO - client_dict[f_00000] local model encrypting ...
2024-11-19 01:39:13,037 - fed_utils - INFO - encrypting key [features.0.weight].length : 4800, cost time : 0m:37s:808ms
2024-11-19 01:39:13,553 - fed_utils - INFO - encrypting key [features.0.bias].length : 64, cost time : 0m:0s:515ms
2024-11-19 01:39:13,555 - fed_utils - INFO - load key [features.4.weight].length : 102400, cost time : 0m:0s:1ms
2024-11-19 01:39:13,555 - fed_utils - INFO - load key [features.4.bias].length : 64, cost time : 0m:0s:0ms
2024-11-19 01:39:13,590 - fed_utils - INFO - load key [classifier.0.weight].length : 1572864, cost time : 0m:0s:34ms
2024-11-19 01:39:13,590 - fed_utils - INFO - load key [classifier.0.bias].length : 384, cost time : 0m:0s:0ms
2024-11-19 01:39:13,592 - fed_utils - INFO - load key [classifier.2.weight].length : 73728, cost time : 0m:0s:1ms
2024-11-19 01:39:13,592 - fed_utils - INFO - load key [classifier.2.bias].length : 192, cost time : 0m:0s:0ms
2024-11-19 01:39:28,711 - fed_utils - INFO - encrypting key [classifier.4.weight].length : 1920, cost time : 0m:15s:118ms
2024-11-19 01:39:28,790 - fed_utils - INFO - encrypting key [classifier.4.bias].length : 10, cost time : 0m:0s:79ms
2024-11-19 01:39:28,814 - fl_main - INFO - Server receive client_dict[f_00000] info ...
2024-11-19 01:39:28,814 - fl_main - INFO - ----- client id [f_00001] -----
2024-11-19 01:39:28,825 - fed_utils - INFO - init global model cost time : 0m:0s:10ms
2024-11-19 01:39:28,827 - client_base - INFO - recover model cost time : 0m:0s:0ms
2024-11-19 01:39:28,827 - fl_main - INFO - client_dict[f_00001] training ...
2024-11-19 01:39:28,829 - client_base - INFO - client_dict[f_00001] training epoch : 0
2024-11-19 01:39:37,992 - client_base - INFO - local model train cost time : 0m:9s:163ms
2024-11-19 01:39:37,994 - client_base - INFO - model encode time : 0m:0s:1ms
2024-11-19 01:39:37,994 - fl_main - INFO - client_dict[f_00001] local model encrypting ...
2024-11-19 01:40:15,794 - fed_utils - INFO - encrypting key [features.0.weight].length : 4800, cost time : 0m:37s:800ms
2024-11-19 01:40:16,308 - fed_utils - INFO - encrypting key [features.0.bias].length : 64, cost time : 0m:0s:513ms
2024-11-19 01:40:16,311 - fed_utils - INFO - load key [features.4.weight].length : 102400, cost time : 0m:0s:2ms
2024-11-19 01:40:16,311 - fed_utils - INFO - load key [features.4.bias].length : 64, cost time : 0m:0s:0ms
2024-11-19 01:40:16,351 - fed_utils - INFO - load key [classifier.0.weight].length : 1572864, cost time : 0m:0s:40ms
2024-11-19 01:40:16,352 - fed_utils - INFO - load key [classifier.0.bias].length : 384, cost time : 0m:0s:0ms
2024-11-19 01:40:16,354 - fed_utils - INFO - load key [classifier.2.weight].length : 73728, cost time : 0m:0s:1ms
2024-11-19 01:40:16,354 - fed_utils - INFO - load key [classifier.2.bias].length : 192, cost time : 0m:0s:0ms
2024-11-19 01:40:31,480 - fed_utils - INFO - encrypting key [classifier.4.weight].length : 1920, cost time : 0m:15s:126ms
2024-11-19 01:40:31,559 - fed_utils - INFO - encrypting key [classifier.4.bias].length : 10, cost time : 0m:0s:79ms
2024-11-19 01:40:31,560 - fl_main - INFO - Server receive client_dict[f_00001] info ...
2024-11-19 01:40:31,560 - fl_main - INFO - ----- client id [f_00002] -----
2024-11-19 01:40:31,569 - fed_utils - INFO - init global model cost time : 0m:0s:9ms
2024-11-19 01:40:31,571 - client_base - INFO - recover model cost time : 0m:0s:0ms
2024-11-19 01:40:31,571 - fl_main - INFO - client_dict[f_00002] training ...
2024-11-19 01:40:31,573 - client_base - INFO - client_dict[f_00002] training epoch : 0
2024-11-19 01:40:40,738 - client_base - INFO - local model train cost time : 0m:9s:164ms
2024-11-19 01:40:40,739 - client_base - INFO - model encode time : 0m:0s:1ms
2024-11-19 01:40:40,740 - fl_main - INFO - client_dict[f_00002] local model encrypting ...
2024-11-19 01:41:18,678 - fed_utils - INFO - encrypting key [features.0.weight].length : 4800, cost time : 0m:37s:938ms
2024-11-19 01:41:19,194 - fed_utils - INFO - encrypting key [features.0.bias].length : 64, cost time : 0m:0s:515ms
2024-11-19 01:41:19,197 - fed_utils - INFO - load key [features.4.weight].length : 102400, cost time : 0m:0s:2ms
2024-11-19 01:41:19,197 - fed_utils - INFO - load key [features.4.bias].length : 64, cost time : 0m:0s:0ms
2024-11-19 01:41:19,237 - fed_utils - INFO - load key [classifier.0.weight].length : 1572864, cost time : 0m:0s:39ms
2024-11-19 01:41:19,237 - fed_utils - INFO - load key [classifier.0.bias].length : 384, cost time : 0m:0s:0ms
2024-11-19 01:41:19,239 - fed_utils - INFO - load key [classifier.2.weight].length : 73728, cost time : 0m:0s:1ms
2024-11-19 01:41:19,239 - fed_utils - INFO - load key [classifier.2.bias].length : 192, cost time : 0m:0s:0ms
2024-11-19 01:41:34,382 - fed_utils - INFO - encrypting key [classifier.4.weight].length : 1920, cost time : 0m:15s:142ms
2024-11-19 01:41:34,461 - fed_utils - INFO - encrypting key [classifier.4.bias].length : 10, cost time : 0m:0s:79ms
2024-11-19 01:41:34,461 - fl_main - INFO - Server receive client_dict[f_00002] info ...
2024-11-19 01:41:34,462 - fl_main - INFO - ----- client id [f_00003] -----
2024-11-19 01:41:34,471 - fed_utils - INFO - init global model cost time : 0m:0s:9ms
2024-11-19 01:41:34,473 - client_base - INFO - recover model cost time : 0m:0s:0ms
2024-11-19 01:41:34,473 - fl_main - INFO - client_dict[f_00003] training ...
2024-11-19 01:41:34,475 - client_base - INFO - client_dict[f_00003] training epoch : 0
2024-11-19 01:41:43,681 - client_base - INFO - local model train cost time : 0m:9s:205ms
2024-11-19 01:41:43,682 - client_base - INFO - model encode time : 0m:0s:1ms
2024-11-19 01:41:43,683 - fl_main - INFO - client_dict[f_00003] local model encrypting ...
2024-11-19 01:42:21,536 - fed_utils - INFO - encrypting key [features.0.weight].length : 4800, cost time : 0m:37s:853ms
2024-11-19 01:42:22,050 - fed_utils - INFO - encrypting key [features.0.bias].length : 64, cost time : 0m:0s:514ms
2024-11-19 01:42:22,053 - fed_utils - INFO - load key [features.4.weight].length : 102400, cost time : 0m:0s:2ms
2024-11-19 01:42:22,053 - fed_utils - INFO - load key [features.4.bias].length : 64, cost time : 0m:0s:0ms
2024-11-19 01:42:22,093 - fed_utils - INFO - load key [classifier.0.weight].length : 1572864, cost time : 0m:0s:39ms
2024-11-19 01:42:22,093 - fed_utils - INFO - load key [classifier.0.bias].length : 384, cost time : 0m:0s:0ms
2024-11-19 01:42:22,095 - fed_utils - INFO - load key [classifier.2.weight].length : 73728, cost time : 0m:0s:1ms
2024-11-19 01:42:22,095 - fed_utils - INFO - load key [classifier.2.bias].length : 192, cost time : 0m:0s:0ms
2024-11-19 01:42:37,214 - fed_utils - INFO - encrypting key [classifier.4.weight].length : 1920, cost time : 0m:15s:119ms
2024-11-19 01:42:37,294 - fed_utils - INFO - encrypting key [classifier.4.bias].length : 10, cost time : 0m:0s:79ms
2024-11-19 01:42:37,294 - fl_main - INFO - Server receive client_dict[f_00003] info ...
2024-11-19 01:42:37,294 - fl_main - INFO - ----- client id [f_00004] -----
2024-11-19 01:42:37,303 - fed_utils - INFO - init global model cost time : 0m:0s:9ms
2024-11-19 01:42:37,305 - client_base - INFO - recover model cost time : 0m:0s:0ms
2024-11-19 01:42:39,739 - fl_main - INFO - global round [15] client_dict[f_00004].accuracy : 0.744500
2024-11-19 01:42:39,740 - fl_main - INFO - client_dict[f_00004] training ...
2024-11-19 01:42:39,740 - client_base - INFO - client_dict[f_00004] training epoch : 0
2024-11-19 01:42:48,896 - client_base - INFO - local model train cost time : 0m:9s:156ms
2024-11-19 01:42:48,898 - client_base - INFO - model encode time : 0m:0s:1ms
2024-11-19 01:42:48,898 - fl_main - INFO - client_dict[f_00004] local model encrypting ...
2024-11-19 01:43:26,690 - fed_utils - INFO - encrypting key [features.0.weight].length : 4800, cost time : 0m:37s:791ms
2024-11-19 01:43:27,205 - fed_utils - INFO - encrypting key [features.0.bias].length : 64, cost time : 0m:0s:514ms
2024-11-19 01:43:27,207 - fed_utils - INFO - load key [features.4.weight].length : 102400, cost time : 0m:0s:2ms
2024-11-19 01:43:27,207 - fed_utils - INFO - load key [features.4.bias].length : 64, cost time : 0m:0s:0ms
2024-11-19 01:43:27,247 - fed_utils - INFO - load key [classifier.0.weight].length : 1572864, cost time : 0m:0s:39ms
2024-11-19 01:43:27,247 - fed_utils - INFO - load key [classifier.0.bias].length : 384, cost time : 0m:0s:0ms
2024-11-19 01:43:27,249 - fed_utils - INFO - load key [classifier.2.weight].length : 73728, cost time : 0m:0s:1ms
2024-11-19 01:43:27,249 - fed_utils - INFO - load key [classifier.2.bias].length : 192, cost time : 0m:0s:0ms
2024-11-19 01:43:42,379 - fed_utils - INFO - encrypting key [classifier.4.weight].length : 1920, cost time : 0m:15s:130ms
2024-11-19 01:43:42,458 - fed_utils - INFO - encrypting key [classifier.4.bias].length : 10, cost time : 0m:0s:79ms
2024-11-19 01:43:42,459 - fl_main - INFO - Server receive client_dict[f_00004] info ...
2024-11-19 01:43:42,459 - fl_main - INFO - global aggregation process ...
2024-11-19 01:43:42,459 - fed_utils - INFO - server.n_data : 50000
2024-11-19 01:43:42,459 - fed_utils - INFO - client_dict[f_00000].weight : 0.200000
2024-11-19 01:43:42,459 - fed_utils - INFO - client_dict[f_00001].weight : 0.200000
2024-11-19 01:43:42,459 - fed_utils - INFO - client_dict[f_00002].weight : 0.200000
2024-11-19 01:43:42,459 - fed_utils - INFO - client_dict[f_00003].weight : 0.200000
2024-11-19 01:43:42,459 - fed_utils - INFO - client_dict[f_00004].weight : 0.200000
2024-11-19 01:43:42,459 - fed_utils - INFO - recover secret number by clients: 3157279.000000
2024-11-19 01:43:42,459 - server_base - INFO - Server aggregate model with homomorphic encryption ...
2024-11-19 01:43:53,018 - server_base - INFO - Server aggregate model done, cost time : 0m:10s:558ms
2024-11-19 01:44:03,891 - fed_utils - INFO - decrypting key [features.0.weight].shape [torch.Size([64, 3, 5, 5])]
2024-11-19 01:44:04,036 - fed_utils - INFO - decrypting key [features.0.bias].shape [torch.Size([64])]
2024-11-19 01:44:04,037 - fed_utils - INFO - decrypting key [features.4.weight].shape [torch.Size([64, 64, 5, 5])]
2024-11-19 01:44:04,037 - fed_utils - INFO - decrypting key [features.4.bias].shape [torch.Size([64])]
2024-11-19 01:44:04,044 - fed_utils - INFO - decrypting key [classifier.0.weight].shape [torch.Size([384, 4096])]
2024-11-19 01:44:04,044 - fed_utils - INFO - decrypting key [classifier.0.bias].shape [torch.Size([384])]
2024-11-19 01:44:04,044 - fed_utils - INFO - decrypting key [classifier.2.weight].shape [torch.Size([192, 384])]
2024-11-19 01:44:04,044 - fed_utils - INFO - decrypting key [classifier.2.bias].shape [torch.Size([192])]
2024-11-19 01:44:08,392 - fed_utils - INFO - decrypting key [classifier.4.weight].shape [torch.Size([10, 192])]
2024-11-19 01:44:08,415 - fed_utils - INFO - decrypting key [classifier.4.bias].shape [torch.Size([10])]
2024-11-19 01:44:08,415 - fed_utils - INFO - decrypt time : [0m:15s:396ms]
2024-11-19 01:44:08,483 - fl_main - INFO - [global round : 15] aggregated model accuracy : 0.7445
2024-11-19 01:44:08,483 - fl_main - INFO - [global round : 15] aggregated model loss : 0.6283562787326613
2024-11-19 01:44:08,483 - fl_main - INFO - global round : 16
2024-11-19 01:44:08,484 - fl_main - INFO - the random client id to test accuracy : f_00002
2024-11-19 01:44:08,484 - fl_main - INFO - ----- client id [f_00000] -----
2024-11-19 01:44:08,493 - fed_utils - INFO - init global model cost time : 0m:0s:9ms
2024-11-19 01:44:08,496 - client_base - INFO - recover model cost time : 0m:0s:0ms
2024-11-19 01:44:08,496 - fl_main - INFO - client_dict[f_00000] training ...
2024-11-19 01:44:08,513 - client_base - INFO - client_dict[f_00000] training epoch : 0
2024-11-19 01:44:17,708 - client_base - INFO - local model train cost time : 0m:9s:195ms
2024-11-19 01:44:17,710 - client_base - INFO - model encode time : 0m:0s:1ms
2024-11-19 01:44:17,710 - fl_main - INFO - client_dict[f_00000] local model encrypting ...
2024-11-19 01:44:55,504 - fed_utils - INFO - encrypting key [features.0.weight].length : 4800, cost time : 0m:37s:793ms
2024-11-19 01:44:56,018 - fed_utils - INFO - encrypting key [features.0.bias].length : 64, cost time : 0m:0s:514ms
2024-11-19 01:44:56,020 - fed_utils - INFO - load key [features.4.weight].length : 102400, cost time : 0m:0s:2ms
2024-11-19 01:44:56,020 - fed_utils - INFO - load key [features.4.bias].length : 64, cost time : 0m:0s:0ms
2024-11-19 01:44:56,055 - fed_utils - INFO - load key [classifier.0.weight].length : 1572864, cost time : 0m:0s:34ms
2024-11-19 01:44:56,055 - fed_utils - INFO - load key [classifier.0.bias].length : 384, cost time : 0m:0s:0ms
2024-11-19 01:44:56,057 - fed_utils - INFO - load key [classifier.2.weight].length : 73728, cost time : 0m:0s:2ms
2024-11-19 01:44:56,058 - fed_utils - INFO - load key [classifier.2.bias].length : 192, cost time : 0m:0s:0ms
2024-11-19 01:45:11,182 - fed_utils - INFO - encrypting key [classifier.4.weight].length : 1920, cost time : 0m:15s:124ms
2024-11-19 01:45:11,261 - fed_utils - INFO - encrypting key [classifier.4.bias].length : 10, cost time : 0m:0s:79ms
2024-11-19 01:45:11,286 - fl_main - INFO - Server receive client_dict[f_00000] info ...
2024-11-19 01:45:11,286 - fl_main - INFO - ----- client id [f_00001] -----
2024-11-19 01:45:11,296 - fed_utils - INFO - init global model cost time : 0m:0s:10ms
2024-11-19 01:45:11,298 - client_base - INFO - recover model cost time : 0m:0s:0ms
2024-11-19 01:45:11,298 - fl_main - INFO - client_dict[f_00001] training ...
2024-11-19 01:45:11,300 - client_base - INFO - client_dict[f_00001] training epoch : 0
2024-11-19 01:45:20,448 - client_base - INFO - local model train cost time : 0m:9s:148ms
2024-11-19 01:45:20,450 - client_base - INFO - model encode time : 0m:0s:1ms
2024-11-19 01:45:20,450 - fl_main - INFO - client_dict[f_00001] local model encrypting ...
2024-11-19 01:45:58,291 - fed_utils - INFO - encrypting key [features.0.weight].length : 4800, cost time : 0m:37s:840ms
2024-11-19 01:45:58,806 - fed_utils - INFO - encrypting key [features.0.bias].length : 64, cost time : 0m:0s:514ms
2024-11-19 01:45:58,808 - fed_utils - INFO - load key [features.4.weight].length : 102400, cost time : 0m:0s:2ms
2024-11-19 01:45:58,808 - fed_utils - INFO - load key [features.4.bias].length : 64, cost time : 0m:0s:0ms
2024-11-19 01:45:58,848 - fed_utils - INFO - load key [classifier.0.weight].length : 1572864, cost time : 0m:0s:39ms
2024-11-19 01:45:58,848 - fed_utils - INFO - load key [classifier.0.bias].length : 384, cost time : 0m:0s:0ms
2024-11-19 01:45:58,850 - fed_utils - INFO - load key [classifier.2.weight].length : 73728, cost time : 0m:0s:1ms
2024-11-19 01:45:58,850 - fed_utils - INFO - load key [classifier.2.bias].length : 192, cost time : 0m:0s:0ms
2024-11-19 01:46:13,976 - fed_utils - INFO - encrypting key [classifier.4.weight].length : 1920, cost time : 0m:15s:125ms
2024-11-19 01:46:14,056 - fed_utils - INFO - encrypting key [classifier.4.bias].length : 10, cost time : 0m:0s:79ms
2024-11-19 01:46:14,056 - fl_main - INFO - Server receive client_dict[f_00001] info ...
2024-11-19 01:46:14,056 - fl_main - INFO - ----- client id [f_00002] -----
2024-11-19 01:46:14,065 - fed_utils - INFO - init global model cost time : 0m:0s:9ms
2024-11-19 01:46:14,067 - client_base - INFO - recover model cost time : 0m:0s:0ms
2024-11-19 01:46:16,515 - fl_main - INFO - global round [16] client_dict[f_00002].accuracy : 0.748000
2024-11-19 01:46:16,515 - fl_main - INFO - client_dict[f_00002] training ...
2024-11-19 01:46:16,515 - client_base - INFO - client_dict[f_00002] training epoch : 0
2024-11-19 01:46:25,700 - client_base - INFO - local model train cost time : 0m:9s:184ms
2024-11-19 01:46:25,701 - client_base - INFO - model encode time : 0m:0s:1ms
2024-11-19 01:46:25,702 - fl_main - INFO - client_dict[f_00002] local model encrypting ...
2024-11-19 01:47:03,594 - fed_utils - INFO - encrypting key [features.0.weight].length : 4800, cost time : 0m:37s:892ms
2024-11-19 01:47:04,110 - fed_utils - INFO - encrypting key [features.0.bias].length : 64, cost time : 0m:0s:515ms
2024-11-19 01:47:04,113 - fed_utils - INFO - load key [features.4.weight].length : 102400, cost time : 0m:0s:2ms
2024-11-19 01:47:04,113 - fed_utils - INFO - load key [features.4.bias].length : 64, cost time : 0m:0s:0ms
2024-11-19 01:47:04,153 - fed_utils - INFO - load key [classifier.0.weight].length : 1572864, cost time : 0m:0s:39ms
2024-11-19 01:47:04,153 - fed_utils - INFO - load key [classifier.0.bias].length : 384, cost time : 0m:0s:0ms
2024-11-19 01:47:04,155 - fed_utils - INFO - load key [classifier.2.weight].length : 73728, cost time : 0m:0s:1ms
2024-11-19 01:47:04,155 - fed_utils - INFO - load key [classifier.2.bias].length : 192, cost time : 0m:0s:0ms
2024-11-19 01:47:19,290 - fed_utils - INFO - encrypting key [classifier.4.weight].length : 1920, cost time : 0m:15s:135ms
2024-11-19 01:47:19,369 - fed_utils - INFO - encrypting key [classifier.4.bias].length : 10, cost time : 0m:0s:79ms
2024-11-19 01:47:19,369 - fl_main - INFO - Server receive client_dict[f_00002] info ...
2024-11-19 01:47:19,370 - fl_main - INFO - ----- client id [f_00003] -----
2024-11-19 01:47:19,379 - fed_utils - INFO - init global model cost time : 0m:0s:9ms
2024-11-19 01:47:19,381 - client_base - INFO - recover model cost time : 0m:0s:0ms
2024-11-19 01:47:19,381 - fl_main - INFO - client_dict[f_00003] training ...
2024-11-19 01:47:19,383 - client_base - INFO - client_dict[f_00003] training epoch : 0
2024-11-19 01:47:28,580 - client_base - INFO - local model train cost time : 0m:9s:196ms
2024-11-19 01:47:28,581 - client_base - INFO - model encode time : 0m:0s:1ms
2024-11-19 01:47:28,582 - fl_main - INFO - client_dict[f_00003] local model encrypting ...
2024-11-19 01:48:06,464 - fed_utils - INFO - encrypting key [features.0.weight].length : 4800, cost time : 0m:37s:882ms
2024-11-19 01:48:06,979 - fed_utils - INFO - encrypting key [features.0.bias].length : 64, cost time : 0m:0s:514ms
2024-11-19 01:48:06,982 - fed_utils - INFO - load key [features.4.weight].length : 102400, cost time : 0m:0s:2ms
2024-11-19 01:48:06,982 - fed_utils - INFO - load key [features.4.bias].length : 64, cost time : 0m:0s:0ms
2024-11-19 01:48:07,021 - fed_utils - INFO - load key [classifier.0.weight].length : 1572864, cost time : 0m:0s:39ms
2024-11-19 01:48:07,021 - fed_utils - INFO - load key [classifier.0.bias].length : 384, cost time : 0m:0s:0ms
2024-11-19 01:48:07,023 - fed_utils - INFO - load key [classifier.2.weight].length : 73728, cost time : 0m:0s:1ms
2024-11-19 01:48:07,023 - fed_utils - INFO - load key [classifier.2.bias].length : 192, cost time : 0m:0s:0ms
2024-11-19 01:48:22,144 - fed_utils - INFO - encrypting key [classifier.4.weight].length : 1920, cost time : 0m:15s:120ms
2024-11-19 01:48:22,223 - fed_utils - INFO - encrypting key [classifier.4.bias].length : 10, cost time : 0m:0s:79ms
2024-11-19 01:48:22,223 - fl_main - INFO - Server receive client_dict[f_00003] info ...
2024-11-19 01:48:22,223 - fl_main - INFO - ----- client id [f_00004] -----
2024-11-19 01:48:22,233 - fed_utils - INFO - init global model cost time : 0m:0s:9ms
2024-11-19 01:48:22,235 - client_base - INFO - recover model cost time : 0m:0s:0ms
2024-11-19 01:48:22,235 - fl_main - INFO - client_dict[f_00004] training ...
2024-11-19 01:48:22,237 - client_base - INFO - client_dict[f_00004] training epoch : 0
2024-11-19 01:48:31,436 - client_base - INFO - local model train cost time : 0m:9s:198ms
2024-11-19 01:48:31,437 - client_base - INFO - model encode time : 0m:0s:1ms
2024-11-19 01:48:31,438 - fl_main - INFO - client_dict[f_00004] local model encrypting ...
2024-11-19 01:49:09,298 - fed_utils - INFO - encrypting key [features.0.weight].length : 4800, cost time : 0m:37s:860ms
2024-11-19 01:49:09,813 - fed_utils - INFO - encrypting key [features.0.bias].length : 64, cost time : 0m:0s:514ms
2024-11-19 01:49:09,815 - fed_utils - INFO - load key [features.4.weight].length : 102400, cost time : 0m:0s:2ms
2024-11-19 01:49:09,816 - fed_utils - INFO - load key [features.4.bias].length : 64, cost time : 0m:0s:0ms
2024-11-19 01:49:09,855 - fed_utils - INFO - load key [classifier.0.weight].length : 1572864, cost time : 0m:0s:39ms
2024-11-19 01:49:09,855 - fed_utils - INFO - load key [classifier.0.bias].length : 384, cost time : 0m:0s:0ms
2024-11-19 01:49:09,857 - fed_utils - INFO - load key [classifier.2.weight].length : 73728, cost time : 0m:0s:1ms
2024-11-19 01:49:09,857 - fed_utils - INFO - load key [classifier.2.bias].length : 192, cost time : 0m:0s:0ms
2024-11-19 01:49:24,988 - fed_utils - INFO - encrypting key [classifier.4.weight].length : 1920, cost time : 0m:15s:130ms
2024-11-19 01:49:25,068 - fed_utils - INFO - encrypting key [classifier.4.bias].length : 10, cost time : 0m:0s:79ms
2024-11-19 01:49:25,068 - fl_main - INFO - Server receive client_dict[f_00004] info ...
2024-11-19 01:49:25,068 - fl_main - INFO - global aggregation process ...
2024-11-19 01:49:25,068 - fed_utils - INFO - server.n_data : 50000
2024-11-19 01:49:25,068 - fed_utils - INFO - client_dict[f_00000].weight : 0.200000
2024-11-19 01:49:25,068 - fed_utils - INFO - client_dict[f_00001].weight : 0.200000
2024-11-19 01:49:25,068 - fed_utils - INFO - client_dict[f_00002].weight : 0.200000
2024-11-19 01:49:25,068 - fed_utils - INFO - client_dict[f_00003].weight : 0.200000
2024-11-19 01:49:25,068 - fed_utils - INFO - client_dict[f_00004].weight : 0.200000
2024-11-19 01:49:25,068 - fed_utils - INFO - recover secret number by clients: 3157279.000000
2024-11-19 01:49:25,068 - server_base - INFO - Server aggregate model with homomorphic encryption ...
2024-11-19 01:49:35,634 - server_base - INFO - Server aggregate model done, cost time : 0m:10s:565ms
2024-11-19 01:49:46,550 - fed_utils - INFO - decrypting key [features.0.weight].shape [torch.Size([64, 3, 5, 5])]
2024-11-19 01:49:46,696 - fed_utils - INFO - decrypting key [features.0.bias].shape [torch.Size([64])]
2024-11-19 01:49:46,697 - fed_utils - INFO - decrypting key [features.4.weight].shape [torch.Size([64, 64, 5, 5])]
2024-11-19 01:49:46,697 - fed_utils - INFO - decrypting key [features.4.bias].shape [torch.Size([64])]
2024-11-19 01:49:46,704 - fed_utils - INFO - decrypting key [classifier.0.weight].shape [torch.Size([384, 4096])]
2024-11-19 01:49:46,704 - fed_utils - INFO - decrypting key [classifier.0.bias].shape [torch.Size([384])]
2024-11-19 01:49:46,704 - fed_utils - INFO - decrypting key [classifier.2.weight].shape [torch.Size([192, 384])]
2024-11-19 01:49:46,704 - fed_utils - INFO - decrypting key [classifier.2.bias].shape [torch.Size([192])]
2024-11-19 01:49:51,070 - fed_utils - INFO - decrypting key [classifier.4.weight].shape [torch.Size([10, 192])]
2024-11-19 01:49:51,093 - fed_utils - INFO - decrypting key [classifier.4.bias].shape [torch.Size([10])]
2024-11-19 01:49:51,093 - fed_utils - INFO - decrypt time : [0m:15s:458ms]
2024-11-19 01:49:51,160 - fl_main - INFO - [global round : 16] aggregated model accuracy : 0.748
2024-11-19 01:49:51,160 - fl_main - INFO - [global round : 16] aggregated model loss : 0.5945060270767982
2024-11-19 01:49:51,161 - fl_main - INFO - global round : 17
2024-11-19 01:49:51,161 - fl_main - INFO - the random client id to test accuracy : f_00001
2024-11-19 01:49:51,161 - fl_main - INFO - ----- client id [f_00000] -----
2024-11-19 01:49:51,173 - fed_utils - INFO - init global model cost time : 0m:0s:11ms
2024-11-19 01:49:51,176 - client_base - INFO - recover model cost time : 0m:0s:0ms
2024-11-19 01:49:51,176 - fl_main - INFO - client_dict[f_00000] training ...
2024-11-19 01:49:51,194 - client_base - INFO - client_dict[f_00000] training epoch : 0
2024-11-19 01:50:00,355 - client_base - INFO - local model train cost time : 0m:9s:160ms
2024-11-19 01:50:00,356 - client_base - INFO - model encode time : 0m:0s:1ms
2024-11-19 01:50:00,357 - fl_main - INFO - client_dict[f_00000] local model encrypting ...
2024-11-19 01:50:38,149 - fed_utils - INFO - encrypting key [features.0.weight].length : 4800, cost time : 0m:37s:792ms
2024-11-19 01:50:38,678 - fed_utils - INFO - encrypting key [features.0.bias].length : 64, cost time : 0m:0s:528ms
2024-11-19 01:50:38,680 - fed_utils - INFO - load key [features.4.weight].length : 102400, cost time : 0m:0s:1ms
2024-11-19 01:50:38,680 - fed_utils - INFO - load key [features.4.bias].length : 64, cost time : 0m:0s:0ms
2024-11-19 01:50:38,714 - fed_utils - INFO - load key [classifier.0.weight].length : 1572864, cost time : 0m:0s:34ms
2024-11-19 01:50:38,715 - fed_utils - INFO - load key [classifier.0.bias].length : 384, cost time : 0m:0s:0ms
2024-11-19 01:50:38,716 - fed_utils - INFO - load key [classifier.2.weight].length : 73728, cost time : 0m:0s:1ms
2024-11-19 01:50:38,716 - fed_utils - INFO - load key [classifier.2.bias].length : 192, cost time : 0m:0s:0ms
2024-11-19 01:50:53,837 - fed_utils - INFO - encrypting key [classifier.4.weight].length : 1920, cost time : 0m:15s:120ms
2024-11-19 01:50:53,916 - fed_utils - INFO - encrypting key [classifier.4.bias].length : 10, cost time : 0m:0s:79ms
2024-11-19 01:50:53,940 - fl_main - INFO - Server receive client_dict[f_00000] info ...
2024-11-19 01:50:53,940 - fl_main - INFO - ----- client id [f_00001] -----
2024-11-19 01:50:53,951 - fed_utils - INFO - init global model cost time : 0m:0s:10ms
2024-11-19 01:50:53,953 - client_base - INFO - recover model cost time : 0m:0s:0ms
2024-11-19 01:50:56,398 - fl_main - INFO - global round [17] client_dict[f_00001].accuracy : 0.754200
2024-11-19 01:50:56,398 - fl_main - INFO - client_dict[f_00001] training ...
2024-11-19 01:50:56,398 - client_base - INFO - client_dict[f_00001] training epoch : 0
2024-11-19 01:51:05,546 - client_base - INFO - local model train cost time : 0m:9s:147ms
2024-11-19 01:51:05,547 - client_base - INFO - model encode time : 0m:0s:1ms
2024-11-19 01:51:05,548 - fl_main - INFO - client_dict[f_00001] local model encrypting ...
2024-11-19 01:51:43,399 - fed_utils - INFO - encrypting key [features.0.weight].length : 4800, cost time : 0m:37s:851ms
2024-11-19 01:51:43,916 - fed_utils - INFO - encrypting key [features.0.bias].length : 64, cost time : 0m:0s:516ms
2024-11-19 01:51:43,918 - fed_utils - INFO - load key [features.4.weight].length : 102400, cost time : 0m:0s:2ms
2024-11-19 01:51:43,918 - fed_utils - INFO - load key [features.4.bias].length : 64, cost time : 0m:0s:0ms
2024-11-19 01:51:43,958 - fed_utils - INFO - load key [classifier.0.weight].length : 1572864, cost time : 0m:0s:40ms
2024-11-19 01:51:43,959 - fed_utils - INFO - load key [classifier.0.bias].length : 384, cost time : 0m:0s:0ms
2024-11-19 01:51:43,961 - fed_utils - INFO - load key [classifier.2.weight].length : 73728, cost time : 0m:0s:1ms
2024-11-19 01:51:43,961 - fed_utils - INFO - load key [classifier.2.bias].length : 192, cost time : 0m:0s:0ms
2024-11-19 01:51:59,093 - fed_utils - INFO - encrypting key [classifier.4.weight].length : 1920, cost time : 0m:15s:132ms
2024-11-19 01:51:59,173 - fed_utils - INFO - encrypting key [classifier.4.bias].length : 10, cost time : 0m:0s:79ms
2024-11-19 01:51:59,173 - fl_main - INFO - Server receive client_dict[f_00001] info ...
2024-11-19 01:51:59,173 - fl_main - INFO - ----- client id [f_00002] -----
2024-11-19 01:51:59,182 - fed_utils - INFO - init global model cost time : 0m:0s:9ms
2024-11-19 01:51:59,184 - client_base - INFO - recover model cost time : 0m:0s:0ms
2024-11-19 01:51:59,184 - fl_main - INFO - client_dict[f_00002] training ...
2024-11-19 01:51:59,186 - client_base - INFO - client_dict[f_00002] training epoch : 0
2024-11-19 01:52:08,382 - client_base - INFO - local model train cost time : 0m:9s:195ms
2024-11-19 01:52:08,383 - client_base - INFO - model encode time : 0m:0s:1ms
2024-11-19 01:52:08,384 - fl_main - INFO - client_dict[f_00002] local model encrypting ...
2024-11-19 01:52:46,248 - fed_utils - INFO - encrypting key [features.0.weight].length : 4800, cost time : 0m:37s:864ms
2024-11-19 01:52:46,765 - fed_utils - INFO - encrypting key [features.0.bias].length : 64, cost time : 0m:0s:516ms
2024-11-19 01:52:46,767 - fed_utils - INFO - load key [features.4.weight].length : 102400, cost time : 0m:0s:2ms
2024-11-19 01:52:46,768 - fed_utils - INFO - load key [features.4.bias].length : 64, cost time : 0m:0s:0ms
2024-11-19 01:52:46,807 - fed_utils - INFO - load key [classifier.0.weight].length : 1572864, cost time : 0m:0s:39ms
2024-11-19 01:52:46,807 - fed_utils - INFO - load key [classifier.0.bias].length : 384, cost time : 0m:0s:0ms
2024-11-19 01:52:46,809 - fed_utils - INFO - load key [classifier.2.weight].length : 73728, cost time : 0m:0s:1ms
2024-11-19 01:52:46,809 - fed_utils - INFO - load key [classifier.2.bias].length : 192, cost time : 0m:0s:0ms
2024-11-19 01:53:01,954 - fed_utils - INFO - encrypting key [classifier.4.weight].length : 1920, cost time : 0m:15s:144ms
2024-11-19 01:53:02,033 - fed_utils - INFO - encrypting key [classifier.4.bias].length : 10, cost time : 0m:0s:79ms
2024-11-19 01:53:02,033 - fl_main - INFO - Server receive client_dict[f_00002] info ...
2024-11-19 01:53:02,033 - fl_main - INFO - ----- client id [f_00003] -----
2024-11-19 01:53:02,043 - fed_utils - INFO - init global model cost time : 0m:0s:9ms
2024-11-19 01:53:02,045 - client_base - INFO - recover model cost time : 0m:0s:0ms
2024-11-19 01:53:02,045 - fl_main - INFO - client_dict[f_00003] training ...
2024-11-19 01:53:02,046 - client_base - INFO - client_dict[f_00003] training epoch : 0
2024-11-19 01:53:11,245 - client_base - INFO - local model train cost time : 0m:9s:198ms
2024-11-19 01:53:11,247 - client_base - INFO - model encode time : 0m:0s:1ms
2024-11-19 01:53:11,247 - fl_main - INFO - client_dict[f_00003] local model encrypting ...
2024-11-19 01:53:49,162 - fed_utils - INFO - encrypting key [features.0.weight].length : 4800, cost time : 0m:37s:914ms
2024-11-19 01:53:49,679 - fed_utils - INFO - encrypting key [features.0.bias].length : 64, cost time : 0m:0s:516ms
2024-11-19 01:53:49,681 - fed_utils - INFO - load key [features.4.weight].length : 102400, cost time : 0m:0s:2ms
2024-11-19 01:53:49,682 - fed_utils - INFO - load key [features.4.bias].length : 64, cost time : 0m:0s:0ms
2024-11-19 01:53:49,721 - fed_utils - INFO - load key [classifier.0.weight].length : 1572864, cost time : 0m:0s:39ms
2024-11-19 01:53:49,721 - fed_utils - INFO - load key [classifier.0.bias].length : 384, cost time : 0m:0s:0ms
2024-11-19 01:53:49,723 - fed_utils - INFO - load key [classifier.2.weight].length : 73728, cost time : 0m:0s:1ms
2024-11-19 01:53:49,723 - fed_utils - INFO - load key [classifier.2.bias].length : 192, cost time : 0m:0s:0ms
2024-11-19 01:54:04,864 - fed_utils - INFO - encrypting key [classifier.4.weight].length : 1920, cost time : 0m:15s:141ms
2024-11-19 01:54:04,944 - fed_utils - INFO - encrypting key [classifier.4.bias].length : 10, cost time : 0m:0s:79ms
2024-11-19 01:54:04,944 - fl_main - INFO - Server receive client_dict[f_00003] info ...
2024-11-19 01:54:04,944 - fl_main - INFO - ----- client id [f_00004] -----
2024-11-19 01:54:04,953 - fed_utils - INFO - init global model cost time : 0m:0s:9ms
2024-11-19 01:54:04,955 - client_base - INFO - recover model cost time : 0m:0s:0ms
2024-11-19 01:54:04,955 - fl_main - INFO - client_dict[f_00004] training ...
2024-11-19 01:54:04,957 - client_base - INFO - client_dict[f_00004] training epoch : 0
2024-11-19 01:54:14,137 - client_base - INFO - local model train cost time : 0m:9s:180ms
2024-11-19 01:54:14,139 - client_base - INFO - model encode time : 0m:0s:1ms
2024-11-19 01:54:14,139 - fl_main - INFO - client_dict[f_00004] local model encrypting ...
2024-11-19 01:54:52,024 - fed_utils - INFO - encrypting key [features.0.weight].length : 4800, cost time : 0m:37s:885ms
2024-11-19 01:54:52,540 - fed_utils - INFO - encrypting key [features.0.bias].length : 64, cost time : 0m:0s:515ms
2024-11-19 01:54:52,542 - fed_utils - INFO - load key [features.4.weight].length : 102400, cost time : 0m:0s:2ms
2024-11-19 01:54:52,542 - fed_utils - INFO - load key [features.4.bias].length : 64, cost time : 0m:0s:0ms
2024-11-19 01:54:52,582 - fed_utils - INFO - load key [classifier.0.weight].length : 1572864, cost time : 0m:0s:39ms
2024-11-19 01:54:52,582 - fed_utils - INFO - load key [classifier.0.bias].length : 384, cost time : 0m:0s:0ms
2024-11-19 01:54:52,584 - fed_utils - INFO - load key [classifier.2.weight].length : 73728, cost time : 0m:0s:1ms
2024-11-19 01:54:52,584 - fed_utils - INFO - load key [classifier.2.bias].length : 192, cost time : 0m:0s:0ms
2024-11-19 01:55:07,714 - fed_utils - INFO - encrypting key [classifier.4.weight].length : 1920, cost time : 0m:15s:130ms
2024-11-19 01:55:07,794 - fed_utils - INFO - encrypting key [classifier.4.bias].length : 10, cost time : 0m:0s:79ms
2024-11-19 01:55:07,794 - fl_main - INFO - Server receive client_dict[f_00004] info ...
2024-11-19 01:55:07,794 - fl_main - INFO - global aggregation process ...
2024-11-19 01:55:07,794 - fed_utils - INFO - server.n_data : 50000
2024-11-19 01:55:07,794 - fed_utils - INFO - client_dict[f_00000].weight : 0.200000
2024-11-19 01:55:07,794 - fed_utils - INFO - client_dict[f_00001].weight : 0.200000
2024-11-19 01:55:07,795 - fed_utils - INFO - client_dict[f_00002].weight : 0.200000
2024-11-19 01:55:07,795 - fed_utils - INFO - client_dict[f_00003].weight : 0.200000
2024-11-19 01:55:07,795 - fed_utils - INFO - client_dict[f_00004].weight : 0.200000
2024-11-19 01:55:07,795 - fed_utils - INFO - recover secret number by clients: 3157279.000000
2024-11-19 01:55:07,795 - server_base - INFO - Server aggregate model with homomorphic encryption ...
2024-11-19 01:55:18,395 - server_base - INFO - Server aggregate model done, cost time : 0m:10s:600ms
2024-11-19 01:55:29,266 - fed_utils - INFO - decrypting key [features.0.weight].shape [torch.Size([64, 3, 5, 5])]
2024-11-19 01:55:29,411 - fed_utils - INFO - decrypting key [features.0.bias].shape [torch.Size([64])]
2024-11-19 01:55:29,412 - fed_utils - INFO - decrypting key [features.4.weight].shape [torch.Size([64, 64, 5, 5])]
2024-11-19 01:55:29,412 - fed_utils - INFO - decrypting key [features.4.bias].shape [torch.Size([64])]
2024-11-19 01:55:29,419 - fed_utils - INFO - decrypting key [classifier.0.weight].shape [torch.Size([384, 4096])]
2024-11-19 01:55:29,419 - fed_utils - INFO - decrypting key [classifier.0.bias].shape [torch.Size([384])]
2024-11-19 01:55:29,419 - fed_utils - INFO - decrypting key [classifier.2.weight].shape [torch.Size([192, 384])]
2024-11-19 01:55:29,419 - fed_utils - INFO - decrypting key [classifier.2.bias].shape [torch.Size([192])]
2024-11-19 01:55:33,768 - fed_utils - INFO - decrypting key [classifier.4.weight].shape [torch.Size([10, 192])]
2024-11-19 01:55:33,791 - fed_utils - INFO - decrypting key [classifier.4.bias].shape [torch.Size([10])]
2024-11-19 01:55:33,791 - fed_utils - INFO - decrypt time : [0m:15s:395ms]
2024-11-19 01:55:33,858 - fl_main - INFO - [global round : 17] aggregated model accuracy : 0.7542
2024-11-19 01:55:33,858 - fl_main - INFO - [global round : 17] aggregated model loss : 0.6785043405025044
2024-11-19 01:55:33,858 - fl_main - INFO - global round : 18
2024-11-19 01:55:33,859 - fl_main - INFO - the random client id to test accuracy : f_00004
2024-11-19 01:55:33,859 - fl_main - INFO - ----- client id [f_00000] -----
2024-11-19 01:55:33,870 - fed_utils - INFO - init global model cost time : 0m:0s:11ms
2024-11-19 01:55:33,873 - client_base - INFO - recover model cost time : 0m:0s:0ms
2024-11-19 01:55:33,873 - fl_main - INFO - client_dict[f_00000] training ...
2024-11-19 01:55:33,891 - client_base - INFO - client_dict[f_00000] training epoch : 0
2024-11-19 01:55:43,052 - client_base - INFO - local model train cost time : 0m:9s:161ms
2024-11-19 01:55:43,054 - client_base - INFO - model encode time : 0m:0s:1ms
2024-11-19 01:55:43,054 - fl_main - INFO - client_dict[f_00000] local model encrypting ...
2024-11-19 01:56:20,984 - fed_utils - INFO - encrypting key [features.0.weight].length : 4800, cost time : 0m:37s:929ms
2024-11-19 01:56:21,499 - fed_utils - INFO - encrypting key [features.0.bias].length : 64, cost time : 0m:0s:514ms
2024-11-19 01:56:21,501 - fed_utils - INFO - load key [features.4.weight].length : 102400, cost time : 0m:0s:1ms
2024-11-19 01:56:21,501 - fed_utils - INFO - load key [features.4.bias].length : 64, cost time : 0m:0s:0ms
2024-11-19 01:56:21,535 - fed_utils - INFO - load key [classifier.0.weight].length : 1572864, cost time : 0m:0s:34ms
2024-11-19 01:56:21,535 - fed_utils - INFO - load key [classifier.0.bias].length : 384, cost time : 0m:0s:0ms
2024-11-19 01:56:21,537 - fed_utils - INFO - load key [classifier.2.weight].length : 73728, cost time : 0m:0s:2ms
2024-11-19 01:56:21,537 - fed_utils - INFO - load key [classifier.2.bias].length : 192, cost time : 0m:0s:0ms
2024-11-19 01:56:36,685 - fed_utils - INFO - encrypting key [classifier.4.weight].length : 1920, cost time : 0m:15s:147ms
2024-11-19 01:56:36,765 - fed_utils - INFO - encrypting key [classifier.4.bias].length : 10, cost time : 0m:0s:79ms
2024-11-19 01:56:36,789 - fl_main - INFO - Server receive client_dict[f_00000] info ...
2024-11-19 01:56:36,789 - fl_main - INFO - ----- client id [f_00001] -----
2024-11-19 01:56:36,800 - fed_utils - INFO - init global model cost time : 0m:0s:10ms
2024-11-19 01:56:36,801 - client_base - INFO - recover model cost time : 0m:0s:0ms
2024-11-19 01:56:36,802 - fl_main - INFO - client_dict[f_00001] training ...
2024-11-19 01:56:36,803 - client_base - INFO - client_dict[f_00001] training epoch : 0
2024-11-19 01:56:45,993 - client_base - INFO - local model train cost time : 0m:9s:189ms
2024-11-19 01:56:45,994 - client_base - INFO - model encode time : 0m:0s:1ms
2024-11-19 01:56:45,995 - fl_main - INFO - client_dict[f_00001] local model encrypting ...
2024-11-19 01:57:23,807 - fed_utils - INFO - encrypting key [features.0.weight].length : 4800, cost time : 0m:37s:812ms
2024-11-19 01:57:24,322 - fed_utils - INFO - encrypting key [features.0.bias].length : 64, cost time : 0m:0s:514ms
2024-11-19 01:57:24,324 - fed_utils - INFO - load key [features.4.weight].length : 102400, cost time : 0m:0s:2ms
2024-11-19 01:57:24,324 - fed_utils - INFO - load key [features.4.bias].length : 64, cost time : 0m:0s:0ms
2024-11-19 01:57:24,365 - fed_utils - INFO - load key [classifier.0.weight].length : 1572864, cost time : 0m:0s:40ms
2024-11-19 01:57:24,365 - fed_utils - INFO - load key [classifier.0.bias].length : 384, cost time : 0m:0s:0ms
2024-11-19 01:57:24,367 - fed_utils - INFO - load key [classifier.2.weight].length : 73728, cost time : 0m:0s:1ms
2024-11-19 01:57:24,367 - fed_utils - INFO - load key [classifier.2.bias].length : 192, cost time : 0m:0s:0ms
2024-11-19 01:57:39,486 - fed_utils - INFO - encrypting key [classifier.4.weight].length : 1920, cost time : 0m:15s:118ms
2024-11-19 01:57:39,565 - fed_utils - INFO - encrypting key [classifier.4.bias].length : 10, cost time : 0m:0s:79ms
2024-11-19 01:57:39,565 - fl_main - INFO - Server receive client_dict[f_00001] info ...
2024-11-19 01:57:39,565 - fl_main - INFO - ----- client id [f_00002] -----
2024-11-19 01:57:39,575 - fed_utils - INFO - init global model cost time : 0m:0s:9ms
2024-11-19 01:57:39,576 - client_base - INFO - recover model cost time : 0m:0s:0ms
2024-11-19 01:57:39,576 - fl_main - INFO - client_dict[f_00002] training ...
2024-11-19 01:57:39,578 - client_base - INFO - client_dict[f_00002] training epoch : 0
2024-11-19 01:57:48,737 - client_base - INFO - local model train cost time : 0m:9s:159ms
2024-11-19 01:57:48,739 - client_base - INFO - model encode time : 0m:0s:1ms
2024-11-19 01:57:48,739 - fl_main - INFO - client_dict[f_00002] local model encrypting ...
2024-11-19 01:58:26,594 - fed_utils - INFO - encrypting key [features.0.weight].length : 4800, cost time : 0m:37s:854ms
2024-11-19 01:58:27,109 - fed_utils - INFO - encrypting key [features.0.bias].length : 64, cost time : 0m:0s:514ms
2024-11-19 01:58:27,112 - fed_utils - INFO - load key [features.4.weight].length : 102400, cost time : 0m:0s:2ms
2024-11-19 01:58:27,112 - fed_utils - INFO - load key [features.4.bias].length : 64, cost time : 0m:0s:0ms
2024-11-19 01:58:27,152 - fed_utils - INFO - load key [classifier.0.weight].length : 1572864, cost time : 0m:0s:39ms
2024-11-19 01:58:27,152 - fed_utils - INFO - load key [classifier.0.bias].length : 384, cost time : 0m:0s:0ms
2024-11-19 01:58:27,154 - fed_utils - INFO - load key [classifier.2.weight].length : 73728, cost time : 0m:0s:1ms
2024-11-19 01:58:27,154 - fed_utils - INFO - load key [classifier.2.bias].length : 192, cost time : 0m:0s:0ms
2024-11-19 01:58:42,278 - fed_utils - INFO - encrypting key [classifier.4.weight].length : 1920, cost time : 0m:15s:124ms
2024-11-19 01:58:42,358 - fed_utils - INFO - encrypting key [classifier.4.bias].length : 10, cost time : 0m:0s:79ms
2024-11-19 01:58:42,358 - fl_main - INFO - Server receive client_dict[f_00002] info ...
2024-11-19 01:58:42,358 - fl_main - INFO - ----- client id [f_00003] -----
2024-11-19 01:58:42,369 - fed_utils - INFO - init global model cost time : 0m:0s:11ms
2024-11-19 01:58:42,371 - client_base - INFO - recover model cost time : 0m:0s:0ms
2024-11-19 01:58:42,371 - fl_main - INFO - client_dict[f_00003] training ...
2024-11-19 01:58:42,373 - client_base - INFO - client_dict[f_00003] training epoch : 0
2024-11-19 01:58:51,598 - client_base - INFO - local model train cost time : 0m:9s:225ms
2024-11-19 01:58:51,600 - client_base - INFO - model encode time : 0m:0s:1ms
2024-11-19 01:58:51,600 - fl_main - INFO - client_dict[f_00003] local model encrypting ...
2024-11-19 01:59:29,439 - fed_utils - INFO - encrypting key [features.0.weight].length : 4800, cost time : 0m:37s:838ms
2024-11-19 01:59:29,955 - fed_utils - INFO - encrypting key [features.0.bias].length : 64, cost time : 0m:0s:516ms
2024-11-19 01:59:29,957 - fed_utils - INFO - load key [features.4.weight].length : 102400, cost time : 0m:0s:2ms
2024-11-19 01:59:29,958 - fed_utils - INFO - load key [features.4.bias].length : 64, cost time : 0m:0s:0ms
2024-11-19 01:59:29,997 - fed_utils - INFO - load key [classifier.0.weight].length : 1572864, cost time : 0m:0s:39ms
2024-11-19 01:59:29,997 - fed_utils - INFO - load key [classifier.0.bias].length : 384, cost time : 0m:0s:0ms
2024-11-19 01:59:29,999 - fed_utils - INFO - load key [classifier.2.weight].length : 73728, cost time : 0m:0s:1ms
2024-11-19 01:59:29,999 - fed_utils - INFO - load key [classifier.2.bias].length : 192, cost time : 0m:0s:0ms
2024-11-19 01:59:45,122 - fed_utils - INFO - encrypting key [classifier.4.weight].length : 1920, cost time : 0m:15s:122ms
2024-11-19 01:59:45,201 - fed_utils - INFO - encrypting key [classifier.4.bias].length : 10, cost time : 0m:0s:79ms
2024-11-19 01:59:45,201 - fl_main - INFO - Server receive client_dict[f_00003] info ...
2024-11-19 01:59:45,201 - fl_main - INFO - ----- client id [f_00004] -----
2024-11-19 01:59:45,211 - fed_utils - INFO - init global model cost time : 0m:0s:9ms
2024-11-19 01:59:45,212 - client_base - INFO - recover model cost time : 0m:0s:0ms
2024-11-19 01:59:47,649 - fl_main - INFO - global round [18] client_dict[f_00004].accuracy : 0.756000
2024-11-19 01:59:47,649 - fl_main - INFO - client_dict[f_00004] training ...
2024-11-19 01:59:47,650 - client_base - INFO - client_dict[f_00004] training epoch : 0
2024-11-19 01:59:56,810 - client_base - INFO - local model train cost time : 0m:9s:160ms
2024-11-19 01:59:56,812 - client_base - INFO - model encode time : 0m:0s:1ms
2024-11-19 01:59:56,812 - fl_main - INFO - client_dict[f_00004] local model encrypting ...
2024-11-19 02:00:34,617 - fed_utils - INFO - encrypting key [features.0.weight].length : 4800, cost time : 0m:37s:804ms
2024-11-19 02:00:35,131 - fed_utils - INFO - encrypting key [features.0.bias].length : 64, cost time : 0m:0s:513ms
2024-11-19 02:00:35,133 - fed_utils - INFO - load key [features.4.weight].length : 102400, cost time : 0m:0s:2ms
2024-11-19 02:00:35,134 - fed_utils - INFO - load key [features.4.bias].length : 64, cost time : 0m:0s:0ms
2024-11-19 02:00:35,173 - fed_utils - INFO - load key [classifier.0.weight].length : 1572864, cost time : 0m:0s:39ms
2024-11-19 02:00:35,173 - fed_utils - INFO - load key [classifier.0.bias].length : 384, cost time : 0m:0s:0ms
2024-11-19 02:00:35,175 - fed_utils - INFO - load key [classifier.2.weight].length : 73728, cost time : 0m:0s:1ms
2024-11-19 02:00:35,175 - fed_utils - INFO - load key [classifier.2.bias].length : 192, cost time : 0m:0s:0ms
2024-11-19 02:00:50,297 - fed_utils - INFO - encrypting key [classifier.4.weight].length : 1920, cost time : 0m:15s:121ms
2024-11-19 02:00:50,376 - fed_utils - INFO - encrypting key [classifier.4.bias].length : 10, cost time : 0m:0s:79ms
2024-11-19 02:00:50,376 - fl_main - INFO - Server receive client_dict[f_00004] info ...
2024-11-19 02:00:50,376 - fl_main - INFO - global aggregation process ...
2024-11-19 02:00:50,377 - fed_utils - INFO - server.n_data : 50000
2024-11-19 02:00:50,377 - fed_utils - INFO - client_dict[f_00000].weight : 0.200000
2024-11-19 02:00:50,377 - fed_utils - INFO - client_dict[f_00001].weight : 0.200000
2024-11-19 02:00:50,377 - fed_utils - INFO - client_dict[f_00002].weight : 0.200000
2024-11-19 02:00:50,377 - fed_utils - INFO - client_dict[f_00003].weight : 0.200000
2024-11-19 02:00:50,377 - fed_utils - INFO - client_dict[f_00004].weight : 0.200000
2024-11-19 02:00:50,377 - fed_utils - INFO - recover secret number by clients: 3157279.000000
2024-11-19 02:00:50,377 - server_base - INFO - Server aggregate model with homomorphic encryption ...
2024-11-19 02:01:00,948 - server_base - INFO - Server aggregate model done, cost time : 0m:10s:570ms
2024-11-19 02:01:11,817 - fed_utils - INFO - decrypting key [features.0.weight].shape [torch.Size([64, 3, 5, 5])]
2024-11-19 02:01:11,963 - fed_utils - INFO - decrypting key [features.0.bias].shape [torch.Size([64])]
2024-11-19 02:01:11,963 - fed_utils - INFO - decrypting key [features.4.weight].shape [torch.Size([64, 64, 5, 5])]
2024-11-19 02:01:11,963 - fed_utils - INFO - decrypting key [features.4.bias].shape [torch.Size([64])]
2024-11-19 02:01:11,970 - fed_utils - INFO - decrypting key [classifier.0.weight].shape [torch.Size([384, 4096])]
2024-11-19 02:01:11,970 - fed_utils - INFO - decrypting key [classifier.0.bias].shape [torch.Size([384])]
2024-11-19 02:01:11,971 - fed_utils - INFO - decrypting key [classifier.2.weight].shape [torch.Size([192, 384])]
2024-11-19 02:01:11,971 - fed_utils - INFO - decrypting key [classifier.2.bias].shape [torch.Size([192])]
2024-11-19 02:01:16,318 - fed_utils - INFO - decrypting key [classifier.4.weight].shape [torch.Size([10, 192])]
2024-11-19 02:01:16,341 - fed_utils - INFO - decrypting key [classifier.4.bias].shape [torch.Size([10])]
2024-11-19 02:01:16,341 - fed_utils - INFO - decrypt time : [0m:15s:393ms]
2024-11-19 02:01:16,408 - fl_main - INFO - [global round : 18] aggregated model accuracy : 0.756
2024-11-19 02:01:16,409 - fl_main - INFO - [global round : 18] aggregated model loss : 0.7624865262609588
2024-11-19 02:01:16,409 - fl_main - INFO - global round : 19
2024-11-19 02:01:16,409 - fl_main - INFO - the random client id to test accuracy : f_00004
2024-11-19 02:01:16,410 - fl_main - INFO - ----- client id [f_00000] -----
2024-11-19 02:01:16,422 - fed_utils - INFO - init global model cost time : 0m:0s:11ms
2024-11-19 02:01:16,424 - client_base - INFO - recover model cost time : 0m:0s:0ms
2024-11-19 02:01:16,424 - fl_main - INFO - client_dict[f_00000] training ...
2024-11-19 02:01:16,439 - client_base - INFO - client_dict[f_00000] training epoch : 0
2024-11-19 02:01:25,608 - client_base - INFO - local model train cost time : 0m:9s:168ms
2024-11-19 02:01:25,609 - client_base - INFO - model encode time : 0m:0s:1ms
2024-11-19 02:01:25,610 - fl_main - INFO - client_dict[f_00000] local model encrypting ...
2024-11-19 02:02:03,376 - fed_utils - INFO - encrypting key [features.0.weight].length : 4800, cost time : 0m:37s:765ms
2024-11-19 02:02:03,889 - fed_utils - INFO - encrypting key [features.0.bias].length : 64, cost time : 0m:0s:513ms
2024-11-19 02:02:03,891 - fed_utils - INFO - load key [features.4.weight].length : 102400, cost time : 0m:0s:1ms
2024-11-19 02:02:03,891 - fed_utils - INFO - load key [features.4.bias].length : 64, cost time : 0m:0s:0ms
2024-11-19 02:02:03,925 - fed_utils - INFO - load key [classifier.0.weight].length : 1572864, cost time : 0m:0s:34ms
2024-11-19 02:02:03,926 - fed_utils - INFO - load key [classifier.0.bias].length : 384, cost time : 0m:0s:0ms
2024-11-19 02:02:03,928 - fed_utils - INFO - load key [classifier.2.weight].length : 73728, cost time : 0m:0s:2ms
2024-11-19 02:02:03,928 - fed_utils - INFO - load key [classifier.2.bias].length : 192, cost time : 0m:0s:0ms
2024-11-19 02:02:19,058 - fed_utils - INFO - encrypting key [classifier.4.weight].length : 1920, cost time : 0m:15s:130ms
2024-11-19 02:02:19,137 - fed_utils - INFO - encrypting key [classifier.4.bias].length : 10, cost time : 0m:0s:79ms
2024-11-19 02:02:19,162 - fl_main - INFO - Server receive client_dict[f_00000] info ...
2024-11-19 02:02:19,162 - fl_main - INFO - ----- client id [f_00001] -----
2024-11-19 02:02:19,172 - fed_utils - INFO - init global model cost time : 0m:0s:10ms
2024-11-19 02:02:19,174 - client_base - INFO - recover model cost time : 0m:0s:0ms
2024-11-19 02:02:19,175 - fl_main - INFO - client_dict[f_00001] training ...
2024-11-19 02:02:19,176 - client_base - INFO - client_dict[f_00001] training epoch : 0
2024-11-19 02:02:28,329 - client_base - INFO - local model train cost time : 0m:9s:152ms
2024-11-19 02:02:28,331 - client_base - INFO - model encode time : 0m:0s:1ms
2024-11-19 02:02:28,331 - fl_main - INFO - client_dict[f_00001] local model encrypting ...
2024-11-19 02:03:06,171 - fed_utils - INFO - encrypting key [features.0.weight].length : 4800, cost time : 0m:37s:839ms
2024-11-19 02:03:06,687 - fed_utils - INFO - encrypting key [features.0.bias].length : 64, cost time : 0m:0s:515ms
2024-11-19 02:03:06,689 - fed_utils - INFO - load key [features.4.weight].length : 102400, cost time : 0m:0s:2ms
2024-11-19 02:03:06,690 - fed_utils - INFO - load key [features.4.bias].length : 64, cost time : 0m:0s:0ms
2024-11-19 02:03:06,730 - fed_utils - INFO - load key [classifier.0.weight].length : 1572864, cost time : 0m:0s:40ms
2024-11-19 02:03:06,730 - fed_utils - INFO - load key [classifier.0.bias].length : 384, cost time : 0m:0s:0ms
2024-11-19 02:03:06,732 - fed_utils - INFO - load key [classifier.2.weight].length : 73728, cost time : 0m:0s:1ms
2024-11-19 02:03:06,732 - fed_utils - INFO - load key [classifier.2.bias].length : 192, cost time : 0m:0s:0ms
2024-11-19 02:03:21,858 - fed_utils - INFO - encrypting key [classifier.4.weight].length : 1920, cost time : 0m:15s:126ms
2024-11-19 02:03:21,938 - fed_utils - INFO - encrypting key [classifier.4.bias].length : 10, cost time : 0m:0s:79ms
2024-11-19 02:03:21,938 - fl_main - INFO - Server receive client_dict[f_00001] info ...
2024-11-19 02:03:21,938 - fl_main - INFO - ----- client id [f_00002] -----
2024-11-19 02:03:21,947 - fed_utils - INFO - init global model cost time : 0m:0s:9ms
2024-11-19 02:03:21,949 - client_base - INFO - recover model cost time : 0m:0s:0ms
2024-11-19 02:03:21,949 - fl_main - INFO - client_dict[f_00002] training ...
2024-11-19 02:03:21,951 - client_base - INFO - client_dict[f_00002] training epoch : 0
2024-11-19 02:03:31,135 - client_base - INFO - local model train cost time : 0m:9s:184ms
2024-11-19 02:03:31,137 - client_base - INFO - model encode time : 0m:0s:1ms
2024-11-19 02:03:31,137 - fl_main - INFO - client_dict[f_00002] local model encrypting ...
2024-11-19 02:04:08,950 - fed_utils - INFO - encrypting key [features.0.weight].length : 4800, cost time : 0m:37s:812ms
2024-11-19 02:04:09,465 - fed_utils - INFO - encrypting key [features.0.bias].length : 64, cost time : 0m:0s:514ms
2024-11-19 02:04:09,468 - fed_utils - INFO - load key [features.4.weight].length : 102400, cost time : 0m:0s:2ms
2024-11-19 02:04:09,468 - fed_utils - INFO - load key [features.4.bias].length : 64, cost time : 0m:0s:0ms
2024-11-19 02:04:09,508 - fed_utils - INFO - load key [classifier.0.weight].length : 1572864, cost time : 0m:0s:39ms
2024-11-19 02:04:09,508 - fed_utils - INFO - load key [classifier.0.bias].length : 384, cost time : 0m:0s:0ms
2024-11-19 02:04:09,510 - fed_utils - INFO - load key [classifier.2.weight].length : 73728, cost time : 0m:0s:1ms
2024-11-19 02:04:09,510 - fed_utils - INFO - load key [classifier.2.bias].length : 192, cost time : 0m:0s:0ms
2024-11-19 02:04:24,639 - fed_utils - INFO - encrypting key [classifier.4.weight].length : 1920, cost time : 0m:15s:128ms
2024-11-19 02:04:24,718 - fed_utils - INFO - encrypting key [classifier.4.bias].length : 10, cost time : 0m:0s:79ms
2024-11-19 02:04:24,718 - fl_main - INFO - Server receive client_dict[f_00002] info ...
2024-11-19 02:04:24,718 - fl_main - INFO - ----- client id [f_00003] -----
2024-11-19 02:04:24,728 - fed_utils - INFO - init global model cost time : 0m:0s:9ms
2024-11-19 02:04:24,729 - client_base - INFO - recover model cost time : 0m:0s:0ms
2024-11-19 02:04:24,730 - fl_main - INFO - client_dict[f_00003] training ...
2024-11-19 02:04:24,731 - client_base - INFO - client_dict[f_00003] training epoch : 0
2024-11-19 02:04:33,910 - client_base - INFO - local model train cost time : 0m:9s:178ms
2024-11-19 02:04:33,912 - client_base - INFO - model encode time : 0m:0s:1ms
2024-11-19 02:04:33,912 - fl_main - INFO - client_dict[f_00003] local model encrypting ...
2024-11-19 02:05:11,761 - fed_utils - INFO - encrypting key [features.0.weight].length : 4800, cost time : 0m:37s:848ms
2024-11-19 02:05:12,275 - fed_utils - INFO - encrypting key [features.0.bias].length : 64, cost time : 0m:0s:513ms
2024-11-19 02:05:12,278 - fed_utils - INFO - load key [features.4.weight].length : 102400, cost time : 0m:0s:2ms
2024-11-19 02:05:12,278 - fed_utils - INFO - load key [features.4.bias].length : 64, cost time : 0m:0s:0ms
2024-11-19 02:05:12,317 - fed_utils - INFO - load key [classifier.0.weight].length : 1572864, cost time : 0m:0s:39ms
2024-11-19 02:05:12,317 - fed_utils - INFO - load key [classifier.0.bias].length : 384, cost time : 0m:0s:0ms
2024-11-19 02:05:12,319 - fed_utils - INFO - load key [classifier.2.weight].length : 73728, cost time : 0m:0s:1ms
2024-11-19 02:05:12,319 - fed_utils - INFO - load key [classifier.2.bias].length : 192, cost time : 0m:0s:0ms
2024-11-19 02:05:27,440 - fed_utils - INFO - encrypting key [classifier.4.weight].length : 1920, cost time : 0m:15s:121ms
2024-11-19 02:05:27,520 - fed_utils - INFO - encrypting key [classifier.4.bias].length : 10, cost time : 0m:0s:79ms
2024-11-19 02:05:27,520 - fl_main - INFO - Server receive client_dict[f_00003] info ...
2024-11-19 02:05:27,520 - fl_main - INFO - ----- client id [f_00004] -----
2024-11-19 02:05:27,529 - fed_utils - INFO - init global model cost time : 0m:0s:9ms
2024-11-19 02:05:27,531 - client_base - INFO - recover model cost time : 0m:0s:0ms
2024-11-19 02:05:29,983 - fl_main - INFO - global round [19] client_dict[f_00004].accuracy : 0.758900
2024-11-19 02:05:29,983 - fl_main - INFO - client_dict[f_00004] training ...
2024-11-19 02:05:29,983 - client_base - INFO - client_dict[f_00004] training epoch : 0
2024-11-19 02:05:39,119 - client_base - INFO - local model train cost time : 0m:9s:135ms
2024-11-19 02:05:39,121 - client_base - INFO - model encode time : 0m:0s:1ms
2024-11-19 02:05:39,121 - fl_main - INFO - client_dict[f_00004] local model encrypting ...
2024-11-19 02:06:16,929 - fed_utils - INFO - encrypting key [features.0.weight].length : 4800, cost time : 0m:37s:807ms
2024-11-19 02:06:17,443 - fed_utils - INFO - encrypting key [features.0.bias].length : 64, cost time : 0m:0s:514ms
2024-11-19 02:06:17,446 - fed_utils - INFO - load key [features.4.weight].length : 102400, cost time : 0m:0s:2ms
2024-11-19 02:06:17,446 - fed_utils - INFO - load key [features.4.bias].length : 64, cost time : 0m:0s:0ms
2024-11-19 02:06:17,485 - fed_utils - INFO - load key [classifier.0.weight].length : 1572864, cost time : 0m:0s:39ms
2024-11-19 02:06:17,486 - fed_utils - INFO - load key [classifier.0.bias].length : 384, cost time : 0m:0s:0ms
2024-11-19 02:06:17,488 - fed_utils - INFO - load key [classifier.2.weight].length : 73728, cost time : 0m:0s:1ms
2024-11-19 02:06:17,488 - fed_utils - INFO - load key [classifier.2.bias].length : 192, cost time : 0m:0s:0ms
2024-11-19 02:06:32,607 - fed_utils - INFO - encrypting key [classifier.4.weight].length : 1920, cost time : 0m:15s:118ms
2024-11-19 02:06:32,686 - fed_utils - INFO - encrypting key [classifier.4.bias].length : 10, cost time : 0m:0s:79ms
2024-11-19 02:06:32,686 - fl_main - INFO - Server receive client_dict[f_00004] info ...
2024-11-19 02:06:32,686 - fl_main - INFO - global aggregation process ...
2024-11-19 02:06:32,686 - fed_utils - INFO - server.n_data : 50000
2024-11-19 02:06:32,686 - fed_utils - INFO - client_dict[f_00000].weight : 0.200000
2024-11-19 02:06:32,686 - fed_utils - INFO - client_dict[f_00001].weight : 0.200000
2024-11-19 02:06:32,687 - fed_utils - INFO - client_dict[f_00002].weight : 0.200000
2024-11-19 02:06:32,687 - fed_utils - INFO - client_dict[f_00003].weight : 0.200000
2024-11-19 02:06:32,687 - fed_utils - INFO - client_dict[f_00004].weight : 0.200000
2024-11-19 02:06:32,687 - fed_utils - INFO - recover secret number by clients: 3157279.000000
2024-11-19 02:06:32,687 - server_base - INFO - Server aggregate model with homomorphic encryption ...
2024-11-19 02:06:43,258 - server_base - INFO - Server aggregate model done, cost time : 0m:10s:571ms
2024-11-19 02:06:54,128 - fed_utils - INFO - decrypting key [features.0.weight].shape [torch.Size([64, 3, 5, 5])]
2024-11-19 02:06:54,274 - fed_utils - INFO - decrypting key [features.0.bias].shape [torch.Size([64])]
2024-11-19 02:06:54,274 - fed_utils - INFO - decrypting key [features.4.weight].shape [torch.Size([64, 64, 5, 5])]
2024-11-19 02:06:54,274 - fed_utils - INFO - decrypting key [features.4.bias].shape [torch.Size([64])]
2024-11-19 02:06:54,281 - fed_utils - INFO - decrypting key [classifier.0.weight].shape [torch.Size([384, 4096])]
2024-11-19 02:06:54,281 - fed_utils - INFO - decrypting key [classifier.0.bias].shape [torch.Size([384])]
2024-11-19 02:06:54,282 - fed_utils - INFO - decrypting key [classifier.2.weight].shape [torch.Size([192, 384])]
2024-11-19 02:06:54,282 - fed_utils - INFO - decrypting key [classifier.2.bias].shape [torch.Size([192])]
2024-11-19 02:06:58,630 - fed_utils - INFO - decrypting key [classifier.4.weight].shape [torch.Size([10, 192])]
2024-11-19 02:06:58,652 - fed_utils - INFO - decrypting key [classifier.4.bias].shape [torch.Size([10])]
2024-11-19 02:06:58,652 - fed_utils - INFO - decrypt time : [0m:15s:393ms]
2024-11-19 02:06:58,720 - fl_main - INFO - [global round : 19] aggregated model accuracy : 0.7589
2024-11-19 02:06:58,720 - fl_main - INFO - [global round : 19] aggregated model loss : 0.5899474604798205
2024-11-19 02:06:58,721 - fl_main - INFO - global round : 20
2024-11-19 02:06:58,721 - fl_main - INFO - the random client id to test accuracy : f_00003
2024-11-19 02:06:58,721 - fl_main - INFO - ----- client id [f_00000] -----
2024-11-19 02:06:58,733 - fed_utils - INFO - init global model cost time : 0m:0s:11ms
2024-11-19 02:06:58,735 - client_base - INFO - recover model cost time : 0m:0s:0ms
2024-11-19 02:06:58,736 - fl_main - INFO - client_dict[f_00000] training ...
2024-11-19 02:06:58,749 - client_base - INFO - client_dict[f_00000] training epoch : 0
2024-11-19 02:07:07,908 - client_base - INFO - local model train cost time : 0m:9s:158ms
2024-11-19 02:07:07,909 - client_base - INFO - model encode time : 0m:0s:1ms
2024-11-19 02:07:07,910 - fl_main - INFO - client_dict[f_00000] local model encrypting ...
2024-11-19 02:07:45,721 - fed_utils - INFO - encrypting key [features.0.weight].length : 4800, cost time : 0m:37s:811ms
2024-11-19 02:07:46,236 - fed_utils - INFO - encrypting key [features.0.bias].length : 64, cost time : 0m:0s:514ms
2024-11-19 02:07:46,238 - fed_utils - INFO - load key [features.4.weight].length : 102400, cost time : 0m:0s:1ms
2024-11-19 02:07:46,238 - fed_utils - INFO - load key [features.4.bias].length : 64, cost time : 0m:0s:0ms
2024-11-19 02:07:46,274 - fed_utils - INFO - load key [classifier.0.weight].length : 1572864, cost time : 0m:0s:35ms
2024-11-19 02:07:46,274 - fed_utils - INFO - load key [classifier.0.bias].length : 384, cost time : 0m:0s:0ms
2024-11-19 02:07:46,276 - fed_utils - INFO - load key [classifier.2.weight].length : 73728, cost time : 0m:0s:1ms
2024-11-19 02:07:46,276 - fed_utils - INFO - load key [classifier.2.bias].length : 192, cost time : 0m:0s:0ms
2024-11-19 02:08:01,415 - fed_utils - INFO - encrypting key [classifier.4.weight].length : 1920, cost time : 0m:15s:139ms
2024-11-19 02:08:01,494 - fed_utils - INFO - encrypting key [classifier.4.bias].length : 10, cost time : 0m:0s:79ms
2024-11-19 02:08:01,519 - fl_main - INFO - Server receive client_dict[f_00000] info ...
2024-11-19 02:08:01,519 - fl_main - INFO - ----- client id [f_00001] -----
2024-11-19 02:08:01,529 - fed_utils - INFO - init global model cost time : 0m:0s:10ms
2024-11-19 02:08:01,531 - client_base - INFO - recover model cost time : 0m:0s:0ms
2024-11-19 02:08:01,531 - fl_main - INFO - client_dict[f_00001] training ...
2024-11-19 02:08:01,533 - client_base - INFO - client_dict[f_00001] training epoch : 0
2024-11-19 02:08:10,699 - client_base - INFO - local model train cost time : 0m:9s:165ms
2024-11-19 02:08:10,700 - client_base - INFO - model encode time : 0m:0s:1ms
2024-11-19 02:08:10,701 - fl_main - INFO - client_dict[f_00001] local model encrypting ...
2024-11-19 02:08:48,530 - fed_utils - INFO - encrypting key [features.0.weight].length : 4800, cost time : 0m:37s:829ms
2024-11-19 02:08:49,046 - fed_utils - INFO - encrypting key [features.0.bias].length : 64, cost time : 0m:0s:515ms
2024-11-19 02:08:49,048 - fed_utils - INFO - load key [features.4.weight].length : 102400, cost time : 0m:0s:2ms
2024-11-19 02:08:49,048 - fed_utils - INFO - load key [features.4.bias].length : 64, cost time : 0m:0s:0ms
2024-11-19 02:08:49,089 - fed_utils - INFO - load key [classifier.0.weight].length : 1572864, cost time : 0m:0s:41ms
2024-11-19 02:08:49,090 - fed_utils - INFO - load key [classifier.0.bias].length : 384, cost time : 0m:0s:0ms
2024-11-19 02:08:49,092 - fed_utils - INFO - load key [classifier.2.weight].length : 73728, cost time : 0m:0s:1ms
2024-11-19 02:08:49,092 - fed_utils - INFO - load key [classifier.2.bias].length : 192, cost time : 0m:0s:0ms
2024-11-19 02:09:04,220 - fed_utils - INFO - encrypting key [classifier.4.weight].length : 1920, cost time : 0m:15s:127ms
2024-11-19 02:09:04,299 - fed_utils - INFO - encrypting key [classifier.4.bias].length : 10, cost time : 0m:0s:79ms
2024-11-19 02:09:04,299 - fl_main - INFO - Server receive client_dict[f_00001] info ...
2024-11-19 02:09:04,299 - fl_main - INFO - ----- client id [f_00002] -----
2024-11-19 02:09:04,309 - fed_utils - INFO - init global model cost time : 0m:0s:9ms
2024-11-19 02:09:04,310 - client_base - INFO - recover model cost time : 0m:0s:0ms
2024-11-19 02:09:04,311 - fl_main - INFO - client_dict[f_00002] training ...
2024-11-19 02:09:04,312 - client_base - INFO - client_dict[f_00002] training epoch : 0
2024-11-19 02:09:13,492 - client_base - INFO - local model train cost time : 0m:9s:179ms
2024-11-19 02:09:13,493 - client_base - INFO - model encode time : 0m:0s:1ms
2024-11-19 02:09:13,493 - fl_main - INFO - client_dict[f_00002] local model encrypting ...
2024-11-19 02:09:51,310 - fed_utils - INFO - encrypting key [features.0.weight].length : 4800, cost time : 0m:37s:816ms
2024-11-19 02:09:51,827 - fed_utils - INFO - encrypting key [features.0.bias].length : 64, cost time : 0m:0s:516ms
2024-11-19 02:09:51,830 - fed_utils - INFO - load key [features.4.weight].length : 102400, cost time : 0m:0s:2ms
2024-11-19 02:09:51,830 - fed_utils - INFO - load key [features.4.bias].length : 64, cost time : 0m:0s:0ms
2024-11-19 02:09:51,870 - fed_utils - INFO - load key [classifier.0.weight].length : 1572864, cost time : 0m:0s:39ms
2024-11-19 02:09:51,870 - fed_utils - INFO - load key [classifier.0.bias].length : 384, cost time : 0m:0s:0ms
2024-11-19 02:09:51,872 - fed_utils - INFO - load key [classifier.2.weight].length : 73728, cost time : 0m:0s:1ms
2024-11-19 02:09:51,872 - fed_utils - INFO - load key [classifier.2.bias].length : 192, cost time : 0m:0s:0ms
2024-11-19 02:10:07,003 - fed_utils - INFO - encrypting key [classifier.4.weight].length : 1920, cost time : 0m:15s:130ms
2024-11-19 02:10:07,082 - fed_utils - INFO - encrypting key [classifier.4.bias].length : 10, cost time : 0m:0s:79ms
2024-11-19 02:10:07,082 - fl_main - INFO - Server receive client_dict[f_00002] info ...
2024-11-19 02:10:07,083 - fl_main - INFO - ----- client id [f_00003] -----
2024-11-19 02:10:07,092 - fed_utils - INFO - init global model cost time : 0m:0s:9ms
2024-11-19 02:10:07,094 - client_base - INFO - recover model cost time : 0m:0s:0ms
2024-11-19 02:10:09,537 - fl_main - INFO - global round [20] client_dict[f_00003].accuracy : 0.767600
2024-11-19 02:10:09,538 - fl_main - INFO - client_dict[f_00003] training ...
2024-11-19 02:10:09,538 - client_base - INFO - client_dict[f_00003] training epoch : 0
2024-11-19 02:10:18,737 - client_base - INFO - local model train cost time : 0m:9s:199ms
2024-11-19 02:10:18,739 - client_base - INFO - model encode time : 0m:0s:1ms
2024-11-19 02:10:18,739 - fl_main - INFO - client_dict[f_00003] local model encrypting ...
2024-11-19 02:10:56,613 - fed_utils - INFO - encrypting key [features.0.weight].length : 4800, cost time : 0m:37s:873ms
2024-11-19 02:10:57,123 - fed_utils - INFO - encrypting key [features.0.bias].length : 64, cost time : 0m:0s:510ms
2024-11-19 02:10:57,126 - fed_utils - INFO - load key [features.4.weight].length : 102400, cost time : 0m:0s:2ms
2024-11-19 02:10:57,126 - fed_utils - INFO - load key [features.4.bias].length : 64, cost time : 0m:0s:0ms
2024-11-19 02:10:57,166 - fed_utils - INFO - load key [classifier.0.weight].length : 1572864, cost time : 0m:0s:39ms
2024-11-19 02:10:57,166 - fed_utils - INFO - load key [classifier.0.bias].length : 384, cost time : 0m:0s:0ms
2024-11-19 02:10:57,168 - fed_utils - INFO - load key [classifier.2.weight].length : 73728, cost time : 0m:0s:1ms
2024-11-19 02:10:57,168 - fed_utils - INFO - load key [classifier.2.bias].length : 192, cost time : 0m:0s:0ms
2024-11-19 02:11:12,293 - fed_utils - INFO - encrypting key [classifier.4.weight].length : 1920, cost time : 0m:15s:124ms
2024-11-19 02:11:12,372 - fed_utils - INFO - encrypting key [classifier.4.bias].length : 10, cost time : 0m:0s:79ms
2024-11-19 02:11:12,372 - fl_main - INFO - Server receive client_dict[f_00003] info ...
2024-11-19 02:11:12,372 - fl_main - INFO - ----- client id [f_00004] -----
2024-11-19 02:11:12,382 - fed_utils - INFO - init global model cost time : 0m:0s:9ms
2024-11-19 02:11:12,383 - client_base - INFO - recover model cost time : 0m:0s:0ms
2024-11-19 02:11:12,384 - fl_main - INFO - client_dict[f_00004] training ...
2024-11-19 02:11:12,385 - client_base - INFO - client_dict[f_00004] training epoch : 0
2024-11-19 02:11:21,552 - client_base - INFO - local model train cost time : 0m:9s:167ms
2024-11-19 02:11:21,554 - client_base - INFO - model encode time : 0m:0s:1ms
2024-11-19 02:11:21,554 - fl_main - INFO - client_dict[f_00004] local model encrypting ...
2024-11-19 02:11:59,370 - fed_utils - INFO - encrypting key [features.0.weight].length : 4800, cost time : 0m:37s:815ms
2024-11-19 02:11:59,885 - fed_utils - INFO - encrypting key [features.0.bias].length : 64, cost time : 0m:0s:514ms
2024-11-19 02:11:59,889 - fed_utils - INFO - load key [features.4.weight].length : 102400, cost time : 0m:0s:3ms
2024-11-19 02:11:59,889 - fed_utils - INFO - load key [features.4.bias].length : 64, cost time : 0m:0s:0ms
2024-11-19 02:11:59,938 - fed_utils - INFO - load key [classifier.0.weight].length : 1572864, cost time : 0m:0s:48ms
2024-11-19 02:11:59,938 - fed_utils - INFO - load key [classifier.0.bias].length : 384, cost time : 0m:0s:0ms
2024-11-19 02:11:59,940 - fed_utils - INFO - load key [classifier.2.weight].length : 73728, cost time : 0m:0s:2ms
2024-11-19 02:11:59,940 - fed_utils - INFO - load key [classifier.2.bias].length : 192, cost time : 0m:0s:0ms
2024-11-19 02:12:15,064 - fed_utils - INFO - encrypting key [classifier.4.weight].length : 1920, cost time : 0m:15s:123ms
2024-11-19 02:12:15,143 - fed_utils - INFO - encrypting key [classifier.4.bias].length : 10, cost time : 0m:0s:79ms
2024-11-19 02:12:15,143 - fl_main - INFO - Server receive client_dict[f_00004] info ...
2024-11-19 02:12:15,143 - fl_main - INFO - global aggregation process ...
2024-11-19 02:12:15,143 - fed_utils - INFO - server.n_data : 50000
2024-11-19 02:12:15,144 - fed_utils - INFO - client_dict[f_00000].weight : 0.200000
2024-11-19 02:12:15,144 - fed_utils - INFO - client_dict[f_00001].weight : 0.200000
2024-11-19 02:12:15,144 - fed_utils - INFO - client_dict[f_00002].weight : 0.200000
2024-11-19 02:12:15,144 - fed_utils - INFO - client_dict[f_00003].weight : 0.200000
2024-11-19 02:12:15,144 - fed_utils - INFO - client_dict[f_00004].weight : 0.200000
2024-11-19 02:12:15,144 - fed_utils - INFO - recover secret number by clients: 3157279.000000
2024-11-19 02:12:15,144 - server_base - INFO - Server aggregate model with homomorphic encryption ...
2024-11-19 02:12:25,708 - server_base - INFO - Server aggregate model done, cost time : 0m:10s:564ms
2024-11-19 02:12:36,579 - fed_utils - INFO - decrypting key [features.0.weight].shape [torch.Size([64, 3, 5, 5])]
2024-11-19 02:12:36,724 - fed_utils - INFO - decrypting key [features.0.bias].shape [torch.Size([64])]
2024-11-19 02:12:36,725 - fed_utils - INFO - decrypting key [features.4.weight].shape [torch.Size([64, 64, 5, 5])]
2024-11-19 02:12:36,725 - fed_utils - INFO - decrypting key [features.4.bias].shape [torch.Size([64])]
2024-11-19 02:12:36,734 - fed_utils - INFO - decrypting key [classifier.0.weight].shape [torch.Size([384, 4096])]
2024-11-19 02:12:36,734 - fed_utils - INFO - decrypting key [classifier.0.bias].shape [torch.Size([384])]
2024-11-19 02:12:36,735 - fed_utils - INFO - decrypting key [classifier.2.weight].shape [torch.Size([192, 384])]
2024-11-19 02:12:36,735 - fed_utils - INFO - decrypting key [classifier.2.bias].shape [torch.Size([192])]
2024-11-19 02:12:41,083 - fed_utils - INFO - decrypting key [classifier.4.weight].shape [torch.Size([10, 192])]
2024-11-19 02:12:41,106 - fed_utils - INFO - decrypting key [classifier.4.bias].shape [torch.Size([10])]
2024-11-19 02:12:41,106 - fed_utils - INFO - decrypt time : [0m:15s:397ms]
2024-11-19 02:12:41,173 - fl_main - INFO - [global round : 20] aggregated model accuracy : 0.7676000000000001
2024-11-19 02:12:41,173 - fl_main - INFO - [global round : 20] aggregated model loss : 0.426295969260548
2024-11-19 02:12:41,174 - fl_main - INFO - global round : 21
2024-11-19 02:12:41,174 - fl_main - INFO - the random client id to test accuracy : f_00000
2024-11-19 02:12:41,174 - fl_main - INFO - ----- client id [f_00000] -----
2024-11-19 02:12:41,184 - fed_utils - INFO - init global model cost time : 0m:0s:9ms
2024-11-19 02:12:41,186 - client_base - INFO - recover model cost time : 0m:0s:0ms
2024-11-19 02:12:43,630 - fl_main - INFO - global round [21] client_dict[f_00000].accuracy : 0.766700
2024-11-19 02:12:43,630 - fl_main - INFO - client_dict[f_00000] training ...
2024-11-19 02:12:43,631 - client_base - INFO - client_dict[f_00000] training epoch : 0
2024-11-19 02:12:52,763 - client_base - INFO - local model train cost time : 0m:9s:131ms
2024-11-19 02:12:52,764 - client_base - INFO - model encode time : 0m:0s:1ms
2024-11-19 02:12:52,765 - fl_main - INFO - client_dict[f_00000] local model encrypting ...
2024-11-19 02:13:30,713 - fed_utils - INFO - encrypting key [features.0.weight].length : 4800, cost time : 0m:37s:948ms
2024-11-19 02:13:31,228 - fed_utils - INFO - encrypting key [features.0.bias].length : 64, cost time : 0m:0s:514ms
2024-11-19 02:13:31,230 - fed_utils - INFO - load key [features.4.weight].length : 102400, cost time : 0m:0s:1ms
2024-11-19 02:13:31,230 - fed_utils - INFO - load key [features.4.bias].length : 64, cost time : 0m:0s:0ms
2024-11-19 02:13:31,264 - fed_utils - INFO - load key [classifier.0.weight].length : 1572864, cost time : 0m:0s:33ms
2024-11-19 02:13:31,264 - fed_utils - INFO - load key [classifier.0.bias].length : 384, cost time : 0m:0s:0ms
2024-11-19 02:13:31,266 - fed_utils - INFO - load key [classifier.2.weight].length : 73728, cost time : 0m:0s:2ms
2024-11-19 02:13:31,267 - fed_utils - INFO - load key [classifier.2.bias].length : 192, cost time : 0m:0s:0ms
2024-11-19 02:13:46,411 - fed_utils - INFO - encrypting key [classifier.4.weight].length : 1920, cost time : 0m:15s:144ms
2024-11-19 02:13:46,491 - fed_utils - INFO - encrypting key [classifier.4.bias].length : 10, cost time : 0m:0s:79ms
2024-11-19 02:13:46,515 - fl_main - INFO - Server receive client_dict[f_00000] info ...
2024-11-19 02:13:46,515 - fl_main - INFO - ----- client id [f_00001] -----
2024-11-19 02:13:46,525 - fed_utils - INFO - init global model cost time : 0m:0s:10ms
2024-11-19 02:13:46,528 - client_base - INFO - recover model cost time : 0m:0s:0ms
2024-11-19 02:13:46,528 - fl_main - INFO - client_dict[f_00001] training ...
2024-11-19 02:13:46,529 - client_base - INFO - client_dict[f_00001] training epoch : 0
2024-11-19 02:13:55,707 - client_base - INFO - local model train cost time : 0m:9s:177ms
2024-11-19 02:13:55,708 - client_base - INFO - model encode time : 0m:0s:1ms
2024-11-19 02:13:55,709 - fl_main - INFO - client_dict[f_00001] local model encrypting ...
2024-11-19 02:14:33,571 - fed_utils - INFO - encrypting key [features.0.weight].length : 4800, cost time : 0m:37s:862ms
2024-11-19 02:14:34,088 - fed_utils - INFO - encrypting key [features.0.bias].length : 64, cost time : 0m:0s:516ms
2024-11-19 02:14:34,090 - fed_utils - INFO - load key [features.4.weight].length : 102400, cost time : 0m:0s:2ms
2024-11-19 02:14:34,090 - fed_utils - INFO - load key [features.4.bias].length : 64, cost time : 0m:0s:0ms
2024-11-19 02:14:34,131 - fed_utils - INFO - load key [classifier.0.weight].length : 1572864, cost time : 0m:0s:40ms
2024-11-19 02:14:34,132 - fed_utils - INFO - load key [classifier.0.bias].length : 384, cost time : 0m:0s:0ms
2024-11-19 02:14:34,134 - fed_utils - INFO - load key [classifier.2.weight].length : 73728, cost time : 0m:0s:1ms
2024-11-19 02:14:34,134 - fed_utils - INFO - load key [classifier.2.bias].length : 192, cost time : 0m:0s:0ms
2024-11-19 02:14:49,275 - fed_utils - INFO - encrypting key [classifier.4.weight].length : 1920, cost time : 0m:15s:141ms
2024-11-19 02:14:49,354 - fed_utils - INFO - encrypting key [classifier.4.bias].length : 10, cost time : 0m:0s:79ms
2024-11-19 02:14:49,354 - fl_main - INFO - Server receive client_dict[f_00001] info ...
2024-11-19 02:14:49,355 - fl_main - INFO - ----- client id [f_00002] -----
2024-11-19 02:14:49,364 - fed_utils - INFO - init global model cost time : 0m:0s:9ms
2024-11-19 02:14:49,366 - client_base - INFO - recover model cost time : 0m:0s:0ms
2024-11-19 02:14:49,366 - fl_main - INFO - client_dict[f_00002] training ...
2024-11-19 02:14:49,368 - client_base - INFO - client_dict[f_00002] training epoch : 0
2024-11-19 02:14:58,519 - client_base - INFO - local model train cost time : 0m:9s:151ms
2024-11-19 02:14:58,521 - client_base - INFO - model encode time : 0m:0s:1ms
2024-11-19 02:14:58,521 - fl_main - INFO - client_dict[f_00002] local model encrypting ...
2024-11-19 02:15:36,359 - fed_utils - INFO - encrypting key [features.0.weight].length : 4800, cost time : 0m:37s:837ms
2024-11-19 02:15:36,873 - fed_utils - INFO - encrypting key [features.0.bias].length : 64, cost time : 0m:0s:514ms
2024-11-19 02:15:36,876 - fed_utils - INFO - load key [features.4.weight].length : 102400, cost time : 0m:0s:2ms
2024-11-19 02:15:36,876 - fed_utils - INFO - load key [features.4.bias].length : 64, cost time : 0m:0s:0ms
2024-11-19 02:15:36,916 - fed_utils - INFO - load key [classifier.0.weight].length : 1572864, cost time : 0m:0s:39ms
2024-11-19 02:15:36,916 - fed_utils - INFO - load key [classifier.0.bias].length : 384, cost time : 0m:0s:0ms
2024-11-19 02:15:36,918 - fed_utils - INFO - load key [classifier.2.weight].length : 73728, cost time : 0m:0s:1ms
2024-11-19 02:15:36,918 - fed_utils - INFO - load key [classifier.2.bias].length : 192, cost time : 0m:0s:0ms
2024-11-19 02:15:52,039 - fed_utils - INFO - encrypting key [classifier.4.weight].length : 1920, cost time : 0m:15s:120ms
2024-11-19 02:15:52,118 - fed_utils - INFO - encrypting key [classifier.4.bias].length : 10, cost time : 0m:0s:79ms
2024-11-19 02:15:52,118 - fl_main - INFO - Server receive client_dict[f_00002] info ...
2024-11-19 02:15:52,119 - fl_main - INFO - ----- client id [f_00003] -----
2024-11-19 02:15:52,128 - fed_utils - INFO - init global model cost time : 0m:0s:9ms
2024-11-19 02:15:52,130 - client_base - INFO - recover model cost time : 0m:0s:0ms
2024-11-19 02:15:52,130 - fl_main - INFO - client_dict[f_00003] training ...
2024-11-19 02:15:52,132 - client_base - INFO - client_dict[f_00003] training epoch : 0
2024-11-19 02:16:01,333 - client_base - INFO - local model train cost time : 0m:9s:201ms
2024-11-19 02:16:01,335 - client_base - INFO - model encode time : 0m:0s:1ms
2024-11-19 02:16:01,335 - fl_main - INFO - client_dict[f_00003] local model encrypting ...
2024-11-19 02:16:39,231 - fed_utils - INFO - encrypting key [features.0.weight].length : 4800, cost time : 0m:37s:895ms
2024-11-19 02:16:39,746 - fed_utils - INFO - encrypting key [features.0.bias].length : 64, cost time : 0m:0s:514ms
2024-11-19 02:16:39,749 - fed_utils - INFO - load key [features.4.weight].length : 102400, cost time : 0m:0s:2ms
2024-11-19 02:16:39,749 - fed_utils - INFO - load key [features.4.bias].length : 64, cost time : 0m:0s:0ms
2024-11-19 02:16:39,789 - fed_utils - INFO - load key [classifier.0.weight].length : 1572864, cost time : 0m:0s:39ms
2024-11-19 02:16:39,789 - fed_utils - INFO - load key [classifier.0.bias].length : 384, cost time : 0m:0s:0ms
2024-11-19 02:16:39,791 - fed_utils - INFO - load key [classifier.2.weight].length : 73728, cost time : 0m:0s:1ms
2024-11-19 02:16:39,791 - fed_utils - INFO - load key [classifier.2.bias].length : 192, cost time : 0m:0s:0ms
2024-11-19 02:16:54,917 - fed_utils - INFO - encrypting key [classifier.4.weight].length : 1920, cost time : 0m:15s:125ms
2024-11-19 02:16:54,996 - fed_utils - INFO - encrypting key [classifier.4.bias].length : 10, cost time : 0m:0s:79ms
2024-11-19 02:16:54,996 - fl_main - INFO - Server receive client_dict[f_00003] info ...
2024-11-19 02:16:54,996 - fl_main - INFO - ----- client id [f_00004] -----
2024-11-19 02:16:55,006 - fed_utils - INFO - init global model cost time : 0m:0s:9ms
2024-11-19 02:16:55,007 - client_base - INFO - recover model cost time : 0m:0s:0ms
2024-11-19 02:16:55,008 - fl_main - INFO - client_dict[f_00004] training ...
2024-11-19 02:16:55,009 - client_base - INFO - client_dict[f_00004] training epoch : 0
2024-11-19 02:17:04,207 - client_base - INFO - local model train cost time : 0m:9s:197ms
2024-11-19 02:17:04,209 - client_base - INFO - model encode time : 0m:0s:1ms
2024-11-19 02:17:04,209 - fl_main - INFO - client_dict[f_00004] local model encrypting ...
2024-11-19 02:17:42,028 - fed_utils - INFO - encrypting key [features.0.weight].length : 4800, cost time : 0m:37s:818ms
2024-11-19 02:17:42,542 - fed_utils - INFO - encrypting key [features.0.bias].length : 64, cost time : 0m:0s:513ms
2024-11-19 02:17:42,545 - fed_utils - INFO - load key [features.4.weight].length : 102400, cost time : 0m:0s:2ms
2024-11-19 02:17:42,545 - fed_utils - INFO - load key [features.4.bias].length : 64, cost time : 0m:0s:0ms
2024-11-19 02:17:42,584 - fed_utils - INFO - load key [classifier.0.weight].length : 1572864, cost time : 0m:0s:39ms
2024-11-19 02:17:42,585 - fed_utils - INFO - load key [classifier.0.bias].length : 384, cost time : 0m:0s:0ms
2024-11-19 02:17:42,587 - fed_utils - INFO - load key [classifier.2.weight].length : 73728, cost time : 0m:0s:1ms
2024-11-19 02:17:42,587 - fed_utils - INFO - load key [classifier.2.bias].length : 192, cost time : 0m:0s:0ms
2024-11-19 02:17:57,711 - fed_utils - INFO - encrypting key [classifier.4.weight].length : 1920, cost time : 0m:15s:123ms
2024-11-19 02:17:57,790 - fed_utils - INFO - encrypting key [classifier.4.bias].length : 10, cost time : 0m:0s:79ms
2024-11-19 02:17:57,790 - fl_main - INFO - Server receive client_dict[f_00004] info ...
2024-11-19 02:17:57,790 - fl_main - INFO - global aggregation process ...
2024-11-19 02:17:57,791 - fed_utils - INFO - server.n_data : 50000
2024-11-19 02:17:57,791 - fed_utils - INFO - client_dict[f_00000].weight : 0.200000
2024-11-19 02:17:57,791 - fed_utils - INFO - client_dict[f_00001].weight : 0.200000
2024-11-19 02:17:57,791 - fed_utils - INFO - client_dict[f_00002].weight : 0.200000
2024-11-19 02:17:57,791 - fed_utils - INFO - client_dict[f_00003].weight : 0.200000
2024-11-19 02:17:57,791 - fed_utils - INFO - client_dict[f_00004].weight : 0.200000
2024-11-19 02:17:57,791 - fed_utils - INFO - recover secret number by clients: 3157279.000000
2024-11-19 02:17:57,791 - server_base - INFO - Server aggregate model with homomorphic encryption ...
2024-11-19 02:18:08,353 - server_base - INFO - Server aggregate model done, cost time : 0m:10s:562ms
2024-11-19 02:18:19,223 - fed_utils - INFO - decrypting key [features.0.weight].shape [torch.Size([64, 3, 5, 5])]
2024-11-19 02:18:19,368 - fed_utils - INFO - decrypting key [features.0.bias].shape [torch.Size([64])]
2024-11-19 02:18:19,369 - fed_utils - INFO - decrypting key [features.4.weight].shape [torch.Size([64, 64, 5, 5])]
2024-11-19 02:18:19,369 - fed_utils - INFO - decrypting key [features.4.bias].shape [torch.Size([64])]
2024-11-19 02:18:19,378 - fed_utils - INFO - decrypting key [classifier.0.weight].shape [torch.Size([384, 4096])]
2024-11-19 02:18:19,378 - fed_utils - INFO - decrypting key [classifier.0.bias].shape [torch.Size([384])]
2024-11-19 02:18:19,378 - fed_utils - INFO - decrypting key [classifier.2.weight].shape [torch.Size([192, 384])]
2024-11-19 02:18:19,378 - fed_utils - INFO - decrypting key [classifier.2.bias].shape [torch.Size([192])]
2024-11-19 02:18:23,726 - fed_utils - INFO - decrypting key [classifier.4.weight].shape [torch.Size([10, 192])]
2024-11-19 02:18:23,749 - fed_utils - INFO - decrypting key [classifier.4.bias].shape [torch.Size([10])]
2024-11-19 02:18:23,749 - fed_utils - INFO - decrypt time : [0m:15s:395ms]
2024-11-19 02:18:23,817 - fl_main - INFO - [global round : 21] aggregated model accuracy : 0.7667
2024-11-19 02:18:23,817 - fl_main - INFO - [global round : 21] aggregated model loss : 0.5065908591674703
2024-11-19 02:18:23,818 - fl_main - INFO - global round : 22
2024-11-19 02:18:23,818 - fl_main - INFO - the random client id to test accuracy : f_00000
2024-11-19 02:18:23,818 - fl_main - INFO - ----- client id [f_00000] -----
2024-11-19 02:18:23,828 - fed_utils - INFO - init global model cost time : 0m:0s:9ms
2024-11-19 02:18:23,830 - client_base - INFO - recover model cost time : 0m:0s:0ms
2024-11-19 02:18:26,281 - fl_main - INFO - global round [22] client_dict[f_00000].accuracy : 0.772200
2024-11-19 02:18:26,281 - fl_main - INFO - client_dict[f_00000] training ...
2024-11-19 02:18:26,281 - client_base - INFO - client_dict[f_00000] training epoch : 0
2024-11-19 02:18:35,419 - client_base - INFO - local model train cost time : 0m:9s:137ms
2024-11-19 02:18:35,421 - client_base - INFO - model encode time : 0m:0s:1ms
2024-11-19 02:18:35,421 - fl_main - INFO - client_dict[f_00000] local model encrypting ...
2024-11-19 02:19:13,216 - fed_utils - INFO - encrypting key [features.0.weight].length : 4800, cost time : 0m:37s:794ms
2024-11-19 02:19:13,733 - fed_utils - INFO - encrypting key [features.0.bias].length : 64, cost time : 0m:0s:517ms
2024-11-19 02:19:13,735 - fed_utils - INFO - load key [features.4.weight].length : 102400, cost time : 0m:0s:1ms
2024-11-19 02:19:13,736 - fed_utils - INFO - load key [features.4.bias].length : 64, cost time : 0m:0s:0ms
2024-11-19 02:19:13,770 - fed_utils - INFO - load key [classifier.0.weight].length : 1572864, cost time : 0m:0s:34ms
2024-11-19 02:19:13,770 - fed_utils - INFO - load key [classifier.0.bias].length : 384, cost time : 0m:0s:0ms
2024-11-19 02:19:13,772 - fed_utils - INFO - load key [classifier.2.weight].length : 73728, cost time : 0m:0s:1ms
2024-11-19 02:19:13,773 - fed_utils - INFO - load key [classifier.2.bias].length : 192, cost time : 0m:0s:0ms
2024-11-19 02:19:28,894 - fed_utils - INFO - encrypting key [classifier.4.weight].length : 1920, cost time : 0m:15s:121ms
2024-11-19 02:19:28,973 - fed_utils - INFO - encrypting key [classifier.4.bias].length : 10, cost time : 0m:0s:79ms
2024-11-19 02:19:28,997 - fl_main - INFO - Server receive client_dict[f_00000] info ...
2024-11-19 02:19:28,997 - fl_main - INFO - ----- client id [f_00001] -----
2024-11-19 02:19:29,008 - fed_utils - INFO - init global model cost time : 0m:0s:10ms
2024-11-19 02:19:29,010 - client_base - INFO - recover model cost time : 0m:0s:0ms
2024-11-19 02:19:29,010 - fl_main - INFO - client_dict[f_00001] training ...
2024-11-19 02:19:29,012 - client_base - INFO - client_dict[f_00001] training epoch : 0
2024-11-19 02:19:38,195 - client_base - INFO - local model train cost time : 0m:9s:183ms
2024-11-19 02:19:38,196 - client_base - INFO - model encode time : 0m:0s:1ms
2024-11-19 02:19:38,197 - fl_main - INFO - client_dict[f_00001] local model encrypting ...
2024-11-19 02:20:16,006 - fed_utils - INFO - encrypting key [features.0.weight].length : 4800, cost time : 0m:37s:809ms
2024-11-19 02:20:16,521 - fed_utils - INFO - encrypting key [features.0.bias].length : 64, cost time : 0m:0s:514ms
2024-11-19 02:20:16,523 - fed_utils - INFO - load key [features.4.weight].length : 102400, cost time : 0m:0s:2ms
2024-11-19 02:20:16,523 - fed_utils - INFO - load key [features.4.bias].length : 64, cost time : 0m:0s:0ms
2024-11-19 02:20:16,564 - fed_utils - INFO - load key [classifier.0.weight].length : 1572864, cost time : 0m:0s:40ms
2024-11-19 02:20:16,564 - fed_utils - INFO - load key [classifier.0.bias].length : 384, cost time : 0m:0s:0ms
2024-11-19 02:20:16,566 - fed_utils - INFO - load key [classifier.2.weight].length : 73728, cost time : 0m:0s:1ms
2024-11-19 02:20:16,566 - fed_utils - INFO - load key [classifier.2.bias].length : 192, cost time : 0m:0s:0ms
2024-11-19 02:20:31,700 - fed_utils - INFO - encrypting key [classifier.4.weight].length : 1920, cost time : 0m:15s:133ms
2024-11-19 02:20:31,779 - fed_utils - INFO - encrypting key [classifier.4.bias].length : 10, cost time : 0m:0s:79ms
2024-11-19 02:20:31,779 - fl_main - INFO - Server receive client_dict[f_00001] info ...
2024-11-19 02:20:31,780 - fl_main - INFO - ----- client id [f_00002] -----
2024-11-19 02:20:31,789 - fed_utils - INFO - init global model cost time : 0m:0s:9ms
2024-11-19 02:20:31,791 - client_base - INFO - recover model cost time : 0m:0s:0ms
2024-11-19 02:20:31,791 - fl_main - INFO - client_dict[f_00002] training ...
2024-11-19 02:20:31,793 - client_base - INFO - client_dict[f_00002] training epoch : 0
2024-11-19 02:20:40,963 - client_base - INFO - local model train cost time : 0m:9s:170ms
2024-11-19 02:20:40,965 - client_base - INFO - model encode time : 0m:0s:1ms
2024-11-19 02:20:40,965 - fl_main - INFO - client_dict[f_00002] local model encrypting ...
2024-11-19 02:21:18,918 - fed_utils - INFO - encrypting key [features.0.weight].length : 4800, cost time : 0m:37s:952ms
2024-11-19 02:21:19,432 - fed_utils - INFO - encrypting key [features.0.bias].length : 64, cost time : 0m:0s:514ms
2024-11-19 02:21:19,435 - fed_utils - INFO - load key [features.4.weight].length : 102400, cost time : 0m:0s:2ms
2024-11-19 02:21:19,435 - fed_utils - INFO - load key [features.4.bias].length : 64, cost time : 0m:0s:0ms
2024-11-19 02:21:19,475 - fed_utils - INFO - load key [classifier.0.weight].length : 1572864, cost time : 0m:0s:39ms
2024-11-19 02:21:19,475 - fed_utils - INFO - load key [classifier.0.bias].length : 384, cost time : 0m:0s:0ms
2024-11-19 02:21:19,477 - fed_utils - INFO - load key [classifier.2.weight].length : 73728, cost time : 0m:0s:1ms
2024-11-19 02:21:19,477 - fed_utils - INFO - load key [classifier.2.bias].length : 192, cost time : 0m:0s:0ms
2024-11-19 02:21:34,601 - fed_utils - INFO - encrypting key [classifier.4.weight].length : 1920, cost time : 0m:15s:124ms
2024-11-19 02:21:34,681 - fed_utils - INFO - encrypting key [classifier.4.bias].length : 10, cost time : 0m:0s:79ms
2024-11-19 02:21:34,681 - fl_main - INFO - Server receive client_dict[f_00002] info ...
2024-11-19 02:21:34,681 - fl_main - INFO - ----- client id [f_00003] -----
2024-11-19 02:21:34,690 - fed_utils - INFO - init global model cost time : 0m:0s:9ms
2024-11-19 02:21:34,692 - client_base - INFO - recover model cost time : 0m:0s:0ms
2024-11-19 02:21:34,692 - fl_main - INFO - client_dict[f_00003] training ...
2024-11-19 02:21:34,694 - client_base - INFO - client_dict[f_00003] training epoch : 0
2024-11-19 02:21:43,851 - client_base - INFO - local model train cost time : 0m:9s:156ms
2024-11-19 02:21:43,852 - client_base - INFO - model encode time : 0m:0s:1ms
2024-11-19 02:21:43,852 - fl_main - INFO - client_dict[f_00003] local model encrypting ...
2024-11-19 02:22:21,695 - fed_utils - INFO - encrypting key [features.0.weight].length : 4800, cost time : 0m:37s:842ms
2024-11-19 02:22:22,209 - fed_utils - INFO - encrypting key [features.0.bias].length : 64, cost time : 0m:0s:513ms
2024-11-19 02:22:22,212 - fed_utils - INFO - load key [features.4.weight].length : 102400, cost time : 0m:0s:2ms
2024-11-19 02:22:22,212 - fed_utils - INFO - load key [features.4.bias].length : 64, cost time : 0m:0s:0ms
2024-11-19 02:22:22,251 - fed_utils - INFO - load key [classifier.0.weight].length : 1572864, cost time : 0m:0s:39ms
2024-11-19 02:22:22,251 - fed_utils - INFO - load key [classifier.0.bias].length : 384, cost time : 0m:0s:0ms
2024-11-19 02:22:22,253 - fed_utils - INFO - load key [classifier.2.weight].length : 73728, cost time : 0m:0s:1ms
2024-11-19 02:22:22,253 - fed_utils - INFO - load key [classifier.2.bias].length : 192, cost time : 0m:0s:0ms
2024-11-19 02:22:37,382 - fed_utils - INFO - encrypting key [classifier.4.weight].length : 1920, cost time : 0m:15s:128ms
2024-11-19 02:22:37,461 - fed_utils - INFO - encrypting key [classifier.4.bias].length : 10, cost time : 0m:0s:79ms
2024-11-19 02:22:37,461 - fl_main - INFO - Server receive client_dict[f_00003] info ...
2024-11-19 02:22:37,461 - fl_main - INFO - ----- client id [f_00004] -----
2024-11-19 02:22:37,471 - fed_utils - INFO - init global model cost time : 0m:0s:9ms
2024-11-19 02:22:37,472 - client_base - INFO - recover model cost time : 0m:0s:0ms
2024-11-19 02:22:37,473 - fl_main - INFO - client_dict[f_00004] training ...
2024-11-19 02:22:37,474 - client_base - INFO - client_dict[f_00004] training epoch : 0
2024-11-19 02:22:46,656 - client_base - INFO - local model train cost time : 0m:9s:181ms
2024-11-19 02:22:46,658 - client_base - INFO - model encode time : 0m:0s:1ms
2024-11-19 02:22:46,658 - fl_main - INFO - client_dict[f_00004] local model encrypting ...
2024-11-19 02:23:24,482 - fed_utils - INFO - encrypting key [features.0.weight].length : 4800, cost time : 0m:37s:823ms
2024-11-19 02:23:24,997 - fed_utils - INFO - encrypting key [features.0.bias].length : 64, cost time : 0m:0s:514ms
2024-11-19 02:23:24,999 - fed_utils - INFO - load key [features.4.weight].length : 102400, cost time : 0m:0s:2ms
2024-11-19 02:23:25,000 - fed_utils - INFO - load key [features.4.bias].length : 64, cost time : 0m:0s:0ms
2024-11-19 02:23:25,039 - fed_utils - INFO - load key [classifier.0.weight].length : 1572864, cost time : 0m:0s:39ms
2024-11-19 02:23:25,039 - fed_utils - INFO - load key [classifier.0.bias].length : 384, cost time : 0m:0s:0ms
2024-11-19 02:23:25,041 - fed_utils - INFO - load key [classifier.2.weight].length : 73728, cost time : 0m:0s:1ms
2024-11-19 02:23:25,041 - fed_utils - INFO - load key [classifier.2.bias].length : 192, cost time : 0m:0s:0ms
2024-11-19 02:23:40,166 - fed_utils - INFO - encrypting key [classifier.4.weight].length : 1920, cost time : 0m:15s:125ms
2024-11-19 02:23:40,246 - fed_utils - INFO - encrypting key [classifier.4.bias].length : 10, cost time : 0m:0s:79ms
2024-11-19 02:23:40,246 - fl_main - INFO - Server receive client_dict[f_00004] info ...
2024-11-19 02:23:40,246 - fl_main - INFO - global aggregation process ...
2024-11-19 02:23:40,246 - fed_utils - INFO - server.n_data : 50000
2024-11-19 02:23:40,246 - fed_utils - INFO - client_dict[f_00000].weight : 0.200000
2024-11-19 02:23:40,247 - fed_utils - INFO - client_dict[f_00001].weight : 0.200000
2024-11-19 02:23:40,247 - fed_utils - INFO - client_dict[f_00002].weight : 0.200000
2024-11-19 02:23:40,247 - fed_utils - INFO - client_dict[f_00003].weight : 0.200000
2024-11-19 02:23:40,247 - fed_utils - INFO - client_dict[f_00004].weight : 0.200000
2024-11-19 02:23:40,247 - fed_utils - INFO - recover secret number by clients: 3157279.000000
2024-11-19 02:23:40,247 - server_base - INFO - Server aggregate model with homomorphic encryption ...
2024-11-19 02:23:50,804 - server_base - INFO - Server aggregate model done, cost time : 0m:10s:557ms
2024-11-19 02:24:01,677 - fed_utils - INFO - decrypting key [features.0.weight].shape [torch.Size([64, 3, 5, 5])]
2024-11-19 02:24:01,822 - fed_utils - INFO - decrypting key [features.0.bias].shape [torch.Size([64])]
2024-11-19 02:24:01,823 - fed_utils - INFO - decrypting key [features.4.weight].shape [torch.Size([64, 64, 5, 5])]
2024-11-19 02:24:01,823 - fed_utils - INFO - decrypting key [features.4.bias].shape [torch.Size([64])]
2024-11-19 02:24:01,832 - fed_utils - INFO - decrypting key [classifier.0.weight].shape [torch.Size([384, 4096])]
2024-11-19 02:24:01,832 - fed_utils - INFO - decrypting key [classifier.0.bias].shape [torch.Size([384])]
2024-11-19 02:24:01,833 - fed_utils - INFO - decrypting key [classifier.2.weight].shape [torch.Size([192, 384])]
2024-11-19 02:24:01,833 - fed_utils - INFO - decrypting key [classifier.2.bias].shape [torch.Size([192])]
2024-11-19 02:24:06,181 - fed_utils - INFO - decrypting key [classifier.4.weight].shape [torch.Size([10, 192])]
2024-11-19 02:24:06,204 - fed_utils - INFO - decrypting key [classifier.4.bias].shape [torch.Size([10])]
2024-11-19 02:24:06,204 - fed_utils - INFO - decrypt time : [0m:15s:400ms]
2024-11-19 02:24:06,272 - fl_main - INFO - [global round : 22] aggregated model accuracy : 0.7722
2024-11-19 02:24:06,272 - fl_main - INFO - [global round : 22] aggregated model loss : 0.48906924582579614
2024-11-19 02:24:06,273 - fl_main - INFO - global round : 23
2024-11-19 02:24:06,273 - fl_main - INFO - the random client id to test accuracy : f_00004
2024-11-19 02:24:06,273 - fl_main - INFO - ----- client id [f_00000] -----
2024-11-19 02:24:06,283 - fed_utils - INFO - init global model cost time : 0m:0s:9ms
2024-11-19 02:24:06,285 - client_base - INFO - recover model cost time : 0m:0s:0ms
2024-11-19 02:24:06,286 - fl_main - INFO - client_dict[f_00000] training ...
2024-11-19 02:24:06,302 - client_base - INFO - client_dict[f_00000] training epoch : 0
2024-11-19 02:24:15,511 - client_base - INFO - local model train cost time : 0m:9s:209ms
2024-11-19 02:24:15,513 - client_base - INFO - model encode time : 0m:0s:1ms
2024-11-19 02:24:15,513 - fl_main - INFO - client_dict[f_00000] local model encrypting ...
2024-11-19 02:24:53,334 - fed_utils - INFO - encrypting key [features.0.weight].length : 4800, cost time : 0m:37s:820ms
2024-11-19 02:24:53,854 - fed_utils - INFO - encrypting key [features.0.bias].length : 64, cost time : 0m:0s:520ms
2024-11-19 02:24:53,856 - fed_utils - INFO - load key [features.4.weight].length : 102400, cost time : 0m:0s:2ms
2024-11-19 02:24:53,856 - fed_utils - INFO - load key [features.4.bias].length : 64, cost time : 0m:0s:0ms
2024-11-19 02:24:53,890 - fed_utils - INFO - load key [classifier.0.weight].length : 1572864, cost time : 0m:0s:33ms
2024-11-19 02:24:53,890 - fed_utils - INFO - load key [classifier.0.bias].length : 384, cost time : 0m:0s:0ms
2024-11-19 02:24:53,892 - fed_utils - INFO - load key [classifier.2.weight].length : 73728, cost time : 0m:0s:1ms
2024-11-19 02:24:53,892 - fed_utils - INFO - load key [classifier.2.bias].length : 192, cost time : 0m:0s:0ms
2024-11-19 02:25:09,013 - fed_utils - INFO - encrypting key [classifier.4.weight].length : 1920, cost time : 0m:15s:120ms
2024-11-19 02:25:09,092 - fed_utils - INFO - encrypting key [classifier.4.bias].length : 10, cost time : 0m:0s:79ms
2024-11-19 02:25:09,117 - fl_main - INFO - Server receive client_dict[f_00000] info ...
2024-11-19 02:25:09,117 - fl_main - INFO - ----- client id [f_00001] -----
2024-11-19 02:25:09,127 - fed_utils - INFO - init global model cost time : 0m:0s:10ms
2024-11-19 02:25:09,129 - client_base - INFO - recover model cost time : 0m:0s:0ms
2024-11-19 02:25:09,130 - fl_main - INFO - client_dict[f_00001] training ...
2024-11-19 02:25:09,131 - client_base - INFO - client_dict[f_00001] training epoch : 0
2024-11-19 02:25:18,316 - client_base - INFO - local model train cost time : 0m:9s:184ms
2024-11-19 02:25:18,318 - client_base - INFO - model encode time : 0m:0s:1ms
2024-11-19 02:25:18,318 - fl_main - INFO - client_dict[f_00001] local model encrypting ...
2024-11-19 02:25:56,142 - fed_utils - INFO - encrypting key [features.0.weight].length : 4800, cost time : 0m:37s:824ms
2024-11-19 02:25:56,657 - fed_utils - INFO - encrypting key [features.0.bias].length : 64, cost time : 0m:0s:514ms
2024-11-19 02:25:56,659 - fed_utils - INFO - load key [features.4.weight].length : 102400, cost time : 0m:0s:2ms
2024-11-19 02:25:56,660 - fed_utils - INFO - load key [features.4.bias].length : 64, cost time : 0m:0s:0ms
2024-11-19 02:25:56,700 - fed_utils - INFO - load key [classifier.0.weight].length : 1572864, cost time : 0m:0s:40ms
2024-11-19 02:25:56,700 - fed_utils - INFO - load key [classifier.0.bias].length : 384, cost time : 0m:0s:0ms
2024-11-19 02:25:56,702 - fed_utils - INFO - load key [classifier.2.weight].length : 73728, cost time : 0m:0s:1ms
2024-11-19 02:25:56,702 - fed_utils - INFO - load key [classifier.2.bias].length : 192, cost time : 0m:0s:0ms
2024-11-19 02:26:11,834 - fed_utils - INFO - encrypting key [classifier.4.weight].length : 1920, cost time : 0m:15s:131ms
2024-11-19 02:26:11,913 - fed_utils - INFO - encrypting key [classifier.4.bias].length : 10, cost time : 0m:0s:79ms
2024-11-19 02:26:11,913 - fl_main - INFO - Server receive client_dict[f_00001] info ...
2024-11-19 02:26:11,913 - fl_main - INFO - ----- client id [f_00002] -----
2024-11-19 02:26:11,923 - fed_utils - INFO - init global model cost time : 0m:0s:9ms
2024-11-19 02:26:11,924 - client_base - INFO - recover model cost time : 0m:0s:0ms
2024-11-19 02:26:11,925 - fl_main - INFO - client_dict[f_00002] training ...
2024-11-19 02:26:11,926 - client_base - INFO - client_dict[f_00002] training epoch : 0
2024-11-19 02:26:21,149 - client_base - INFO - local model train cost time : 0m:9s:222ms
2024-11-19 02:26:21,151 - client_base - INFO - model encode time : 0m:0s:1ms
2024-11-19 02:26:21,151 - fl_main - INFO - client_dict[f_00002] local model encrypting ...
2024-11-19 02:26:58,977 - fed_utils - INFO - encrypting key [features.0.weight].length : 4800, cost time : 0m:37s:825ms
2024-11-19 02:26:59,492 - fed_utils - INFO - encrypting key [features.0.bias].length : 64, cost time : 0m:0s:514ms
2024-11-19 02:26:59,494 - fed_utils - INFO - load key [features.4.weight].length : 102400, cost time : 0m:0s:2ms
2024-11-19 02:26:59,494 - fed_utils - INFO - load key [features.4.bias].length : 64, cost time : 0m:0s:0ms
2024-11-19 02:26:59,535 - fed_utils - INFO - load key [classifier.0.weight].length : 1572864, cost time : 0m:0s:40ms
2024-11-19 02:26:59,535 - fed_utils - INFO - load key [classifier.0.bias].length : 384, cost time : 0m:0s:0ms
2024-11-19 02:26:59,537 - fed_utils - INFO - load key [classifier.2.weight].length : 73728, cost time : 0m:0s:1ms
2024-11-19 02:26:59,537 - fed_utils - INFO - load key [classifier.2.bias].length : 192, cost time : 0m:0s:0ms
2024-11-19 02:27:14,658 - fed_utils - INFO - encrypting key [classifier.4.weight].length : 1920, cost time : 0m:15s:121ms
2024-11-19 02:27:14,738 - fed_utils - INFO - encrypting key [classifier.4.bias].length : 10, cost time : 0m:0s:79ms
2024-11-19 02:27:14,738 - fl_main - INFO - Server receive client_dict[f_00002] info ...
2024-11-19 02:27:14,738 - fl_main - INFO - ----- client id [f_00003] -----
2024-11-19 02:27:14,747 - fed_utils - INFO - init global model cost time : 0m:0s:9ms
2024-11-19 02:27:14,749 - client_base - INFO - recover model cost time : 0m:0s:0ms
2024-11-19 02:27:14,749 - fl_main - INFO - client_dict[f_00003] training ...
2024-11-19 02:27:14,751 - client_base - INFO - client_dict[f_00003] training epoch : 0
2024-11-19 02:27:23,928 - client_base - INFO - local model train cost time : 0m:9s:176ms
2024-11-19 02:27:23,930 - client_base - INFO - model encode time : 0m:0s:1ms
2024-11-19 02:27:23,930 - fl_main - INFO - client_dict[f_00003] local model encrypting ...
2024-11-19 02:28:01,821 - fed_utils - INFO - encrypting key [features.0.weight].length : 4800, cost time : 0m:37s:891ms
2024-11-19 02:28:02,337 - fed_utils - INFO - encrypting key [features.0.bias].length : 64, cost time : 0m:0s:515ms
2024-11-19 02:28:02,340 - fed_utils - INFO - load key [features.4.weight].length : 102400, cost time : 0m:0s:2ms
2024-11-19 02:28:02,340 - fed_utils - INFO - load key [features.4.bias].length : 64, cost time : 0m:0s:0ms
2024-11-19 02:28:02,379 - fed_utils - INFO - load key [classifier.0.weight].length : 1572864, cost time : 0m:0s:39ms
2024-11-19 02:28:02,379 - fed_utils - INFO - load key [classifier.0.bias].length : 384, cost time : 0m:0s:0ms
2024-11-19 02:28:02,381 - fed_utils - INFO - load key [classifier.2.weight].length : 73728, cost time : 0m:0s:1ms
2024-11-19 02:28:02,381 - fed_utils - INFO - load key [classifier.2.bias].length : 192, cost time : 0m:0s:0ms
2024-11-19 02:28:17,514 - fed_utils - INFO - encrypting key [classifier.4.weight].length : 1920, cost time : 0m:15s:132ms
2024-11-19 02:28:17,593 - fed_utils - INFO - encrypting key [classifier.4.bias].length : 10, cost time : 0m:0s:79ms
2024-11-19 02:28:17,593 - fl_main - INFO - Server receive client_dict[f_00003] info ...
2024-11-19 02:28:17,593 - fl_main - INFO - ----- client id [f_00004] -----
2024-11-19 02:28:17,603 - fed_utils - INFO - init global model cost time : 0m:0s:9ms
2024-11-19 02:28:17,605 - client_base - INFO - recover model cost time : 0m:0s:0ms
2024-11-19 02:28:20,053 - fl_main - INFO - global round [23] client_dict[f_00004].accuracy : 0.772900
2024-11-19 02:28:20,053 - fl_main - INFO - client_dict[f_00004] training ...
2024-11-19 02:28:20,053 - client_base - INFO - client_dict[f_00004] training epoch : 0
2024-11-19 02:28:29,207 - client_base - INFO - local model train cost time : 0m:9s:153ms
2024-11-19 02:28:29,209 - client_base - INFO - model encode time : 0m:0s:1ms
2024-11-19 02:28:29,210 - fl_main - INFO - client_dict[f_00004] local model encrypting ...
2024-11-19 02:29:07,022 - fed_utils - INFO - encrypting key [features.0.weight].length : 4800, cost time : 0m:37s:811ms
2024-11-19 02:29:07,536 - fed_utils - INFO - encrypting key [features.0.bias].length : 64, cost time : 0m:0s:513ms
2024-11-19 02:29:07,538 - fed_utils - INFO - load key [features.4.weight].length : 102400, cost time : 0m:0s:2ms
2024-11-19 02:29:07,538 - fed_utils - INFO - load key [features.4.bias].length : 64, cost time : 0m:0s:0ms
2024-11-19 02:29:07,578 - fed_utils - INFO - load key [classifier.0.weight].length : 1572864, cost time : 0m:0s:39ms
2024-11-19 02:29:07,578 - fed_utils - INFO - load key [classifier.0.bias].length : 384, cost time : 0m:0s:0ms
2024-11-19 02:29:07,580 - fed_utils - INFO - load key [classifier.2.weight].length : 73728, cost time : 0m:0s:1ms
2024-11-19 02:29:07,580 - fed_utils - INFO - load key [classifier.2.bias].length : 192, cost time : 0m:0s:0ms
2024-11-19 02:29:22,712 - fed_utils - INFO - encrypting key [classifier.4.weight].length : 1920, cost time : 0m:15s:131ms
2024-11-19 02:29:22,791 - fed_utils - INFO - encrypting key [classifier.4.bias].length : 10, cost time : 0m:0s:79ms
2024-11-19 02:29:22,791 - fl_main - INFO - Server receive client_dict[f_00004] info ...
2024-11-19 02:29:22,792 - fl_main - INFO - global aggregation process ...
2024-11-19 02:29:22,792 - fed_utils - INFO - server.n_data : 50000
2024-11-19 02:29:22,792 - fed_utils - INFO - client_dict[f_00000].weight : 0.200000
2024-11-19 02:29:22,792 - fed_utils - INFO - client_dict[f_00001].weight : 0.200000
2024-11-19 02:29:22,792 - fed_utils - INFO - client_dict[f_00002].weight : 0.200000
2024-11-19 02:29:22,792 - fed_utils - INFO - client_dict[f_00003].weight : 0.200000
2024-11-19 02:29:22,792 - fed_utils - INFO - client_dict[f_00004].weight : 0.200000
2024-11-19 02:29:22,792 - fed_utils - INFO - recover secret number by clients: 3157279.000000
2024-11-19 02:29:22,792 - server_base - INFO - Server aggregate model with homomorphic encryption ...
2024-11-19 02:29:33,351 - server_base - INFO - Server aggregate model done, cost time : 0m:10s:558ms
2024-11-19 02:29:44,220 - fed_utils - INFO - decrypting key [features.0.weight].shape [torch.Size([64, 3, 5, 5])]
2024-11-19 02:29:44,366 - fed_utils - INFO - decrypting key [features.0.bias].shape [torch.Size([64])]
2024-11-19 02:29:44,366 - fed_utils - INFO - decrypting key [features.4.weight].shape [torch.Size([64, 64, 5, 5])]
2024-11-19 02:29:44,366 - fed_utils - INFO - decrypting key [features.4.bias].shape [torch.Size([64])]
2024-11-19 02:29:44,373 - fed_utils - INFO - decrypting key [classifier.0.weight].shape [torch.Size([384, 4096])]
2024-11-19 02:29:44,373 - fed_utils - INFO - decrypting key [classifier.0.bias].shape [torch.Size([384])]
2024-11-19 02:29:44,374 - fed_utils - INFO - decrypting key [classifier.2.weight].shape [torch.Size([192, 384])]
2024-11-19 02:29:44,374 - fed_utils - INFO - decrypting key [classifier.2.bias].shape [torch.Size([192])]
2024-11-19 02:29:48,721 - fed_utils - INFO - decrypting key [classifier.4.weight].shape [torch.Size([10, 192])]
2024-11-19 02:29:48,744 - fed_utils - INFO - decrypting key [classifier.4.bias].shape [torch.Size([10])]
2024-11-19 02:29:48,744 - fed_utils - INFO - decrypt time : [0m:15s:393ms]
2024-11-19 02:29:48,812 - fl_main - INFO - [global round : 23] aggregated model accuracy : 0.7729
2024-11-19 02:29:48,812 - fl_main - INFO - [global round : 23] aggregated model loss : 0.31941126928173164
2024-11-19 02:29:48,813 - fl_main - INFO - global round : 24
2024-11-19 02:29:48,813 - fl_main - INFO - the random client id to test accuracy : f_00002
2024-11-19 02:29:48,813 - fl_main - INFO - ----- client id [f_00000] -----
2024-11-19 02:29:48,825 - fed_utils - INFO - init global model cost time : 0m:0s:11ms
2024-11-19 02:29:48,828 - client_base - INFO - recover model cost time : 0m:0s:0ms
2024-11-19 02:29:48,828 - fl_main - INFO - client_dict[f_00000] training ...
2024-11-19 02:29:48,838 - client_base - INFO - client_dict[f_00000] training epoch : 0
2024-11-19 02:29:58,005 - client_base - INFO - local model train cost time : 0m:9s:166ms
2024-11-19 02:29:58,007 - client_base - INFO - model encode time : 0m:0s:1ms
2024-11-19 02:29:58,007 - fl_main - INFO - client_dict[f_00000] local model encrypting ...
2024-11-19 02:30:35,850 - fed_utils - INFO - encrypting key [features.0.weight].length : 4800, cost time : 0m:37s:842ms
2024-11-19 02:30:36,364 - fed_utils - INFO - encrypting key [features.0.bias].length : 64, cost time : 0m:0s:513ms
2024-11-19 02:30:36,366 - fed_utils - INFO - load key [features.4.weight].length : 102400, cost time : 0m:0s:1ms
2024-11-19 02:30:36,366 - fed_utils - INFO - load key [features.4.bias].length : 64, cost time : 0m:0s:0ms
2024-11-19 02:30:36,400 - fed_utils - INFO - load key [classifier.0.weight].length : 1572864, cost time : 0m:0s:33ms
2024-11-19 02:30:36,400 - fed_utils - INFO - load key [classifier.0.bias].length : 384, cost time : 0m:0s:0ms
2024-11-19 02:30:36,402 - fed_utils - INFO - load key [classifier.2.weight].length : 73728, cost time : 0m:0s:1ms
2024-11-19 02:30:36,402 - fed_utils - INFO - load key [classifier.2.bias].length : 192, cost time : 0m:0s:0ms
2024-11-19 02:30:51,528 - fed_utils - INFO - encrypting key [classifier.4.weight].length : 1920, cost time : 0m:15s:126ms
2024-11-19 02:30:51,608 - fed_utils - INFO - encrypting key [classifier.4.bias].length : 10, cost time : 0m:0s:79ms
2024-11-19 02:30:51,632 - fl_main - INFO - Server receive client_dict[f_00000] info ...
2024-11-19 02:30:51,632 - fl_main - INFO - ----- client id [f_00001] -----
2024-11-19 02:30:51,642 - fed_utils - INFO - init global model cost time : 0m:0s:10ms
2024-11-19 02:30:51,644 - client_base - INFO - recover model cost time : 0m:0s:0ms
2024-11-19 02:30:51,645 - fl_main - INFO - client_dict[f_00001] training ...
2024-11-19 02:30:51,646 - client_base - INFO - client_dict[f_00001] training epoch : 0
2024-11-19 02:31:00,817 - client_base - INFO - local model train cost time : 0m:9s:170ms
2024-11-19 02:31:00,818 - client_base - INFO - model encode time : 0m:0s:1ms
2024-11-19 02:31:00,819 - fl_main - INFO - client_dict[f_00001] local model encrypting ...
2024-11-19 02:31:38,644 - fed_utils - INFO - encrypting key [features.0.weight].length : 4800, cost time : 0m:37s:825ms
2024-11-19 02:31:39,159 - fed_utils - INFO - encrypting key [features.0.bias].length : 64, cost time : 0m:0s:514ms
2024-11-19 02:31:39,162 - fed_utils - INFO - load key [features.4.weight].length : 102400, cost time : 0m:0s:2ms
2024-11-19 02:31:39,162 - fed_utils - INFO - load key [features.4.bias].length : 64, cost time : 0m:0s:0ms
2024-11-19 02:31:39,202 - fed_utils - INFO - load key [classifier.0.weight].length : 1572864, cost time : 0m:0s:40ms
2024-11-19 02:31:39,203 - fed_utils - INFO - load key [classifier.0.bias].length : 384, cost time : 0m:0s:0ms
2024-11-19 02:31:39,204 - fed_utils - INFO - load key [classifier.2.weight].length : 73728, cost time : 0m:0s:1ms
2024-11-19 02:31:39,205 - fed_utils - INFO - load key [classifier.2.bias].length : 192, cost time : 0m:0s:0ms
2024-11-19 02:31:54,328 - fed_utils - INFO - encrypting key [classifier.4.weight].length : 1920, cost time : 0m:15s:123ms
2024-11-19 02:31:54,408 - fed_utils - INFO - encrypting key [classifier.4.bias].length : 10, cost time : 0m:0s:79ms
2024-11-19 02:31:54,408 - fl_main - INFO - Server receive client_dict[f_00001] info ...
2024-11-19 02:31:54,408 - fl_main - INFO - ----- client id [f_00002] -----
2024-11-19 02:31:54,418 - fed_utils - INFO - init global model cost time : 0m:0s:9ms
2024-11-19 02:31:54,419 - client_base - INFO - recover model cost time : 0m:0s:0ms
2024-11-19 02:31:56,854 - fl_main - INFO - global round [24] client_dict[f_00002].accuracy : 0.775500
2024-11-19 02:31:56,854 - fl_main - INFO - client_dict[f_00002] training ...
2024-11-19 02:31:56,854 - client_base - INFO - client_dict[f_00002] training epoch : 0
2024-11-19 02:32:05,992 - client_base - INFO - local model train cost time : 0m:9s:137ms
2024-11-19 02:32:05,994 - client_base - INFO - model encode time : 0m:0s:1ms
2024-11-19 02:32:05,994 - fl_main - INFO - client_dict[f_00002] local model encrypting ...
2024-11-19 02:32:43,854 - fed_utils - INFO - encrypting key [features.0.weight].length : 4800, cost time : 0m:37s:860ms
2024-11-19 02:32:44,369 - fed_utils - INFO - encrypting key [features.0.bias].length : 64, cost time : 0m:0s:514ms
2024-11-19 02:32:44,372 - fed_utils - INFO - load key [features.4.weight].length : 102400, cost time : 0m:0s:2ms
2024-11-19 02:32:44,372 - fed_utils - INFO - load key [features.4.bias].length : 64, cost time : 0m:0s:0ms
2024-11-19 02:32:44,413 - fed_utils - INFO - load key [classifier.0.weight].length : 1572864, cost time : 0m:0s:40ms
2024-11-19 02:32:44,413 - fed_utils - INFO - load key [classifier.0.bias].length : 384, cost time : 0m:0s:0ms
2024-11-19 02:32:44,415 - fed_utils - INFO - load key [classifier.2.weight].length : 73728, cost time : 0m:0s:1ms
2024-11-19 02:32:44,415 - fed_utils - INFO - load key [classifier.2.bias].length : 192, cost time : 0m:0s:0ms
2024-11-19 02:32:59,547 - fed_utils - INFO - encrypting key [classifier.4.weight].length : 1920, cost time : 0m:15s:132ms
2024-11-19 02:32:59,627 - fed_utils - INFO - encrypting key [classifier.4.bias].length : 10, cost time : 0m:0s:79ms
2024-11-19 02:32:59,627 - fl_main - INFO - Server receive client_dict[f_00002] info ...
2024-11-19 02:32:59,627 - fl_main - INFO - ----- client id [f_00003] -----
2024-11-19 02:32:59,636 - fed_utils - INFO - init global model cost time : 0m:0s:9ms
2024-11-19 02:32:59,638 - client_base - INFO - recover model cost time : 0m:0s:0ms
2024-11-19 02:32:59,638 - fl_main - INFO - client_dict[f_00003] training ...
2024-11-19 02:32:59,640 - client_base - INFO - client_dict[f_00003] training epoch : 0
2024-11-19 02:33:08,927 - client_base - INFO - local model train cost time : 0m:9s:287ms
2024-11-19 02:33:08,929 - client_base - INFO - model encode time : 0m:0s:1ms
2024-11-19 02:33:08,929 - fl_main - INFO - client_dict[f_00003] local model encrypting ...
2024-11-19 02:33:46,781 - fed_utils - INFO - encrypting key [features.0.weight].length : 4800, cost time : 0m:37s:851ms
2024-11-19 02:33:47,295 - fed_utils - INFO - encrypting key [features.0.bias].length : 64, cost time : 0m:0s:514ms
2024-11-19 02:33:47,297 - fed_utils - INFO - load key [features.4.weight].length : 102400, cost time : 0m:0s:2ms
2024-11-19 02:33:47,298 - fed_utils - INFO - load key [features.4.bias].length : 64, cost time : 0m:0s:0ms
2024-11-19 02:33:47,337 - fed_utils - INFO - load key [classifier.0.weight].length : 1572864, cost time : 0m:0s:39ms
2024-11-19 02:33:47,338 - fed_utils - INFO - load key [classifier.0.bias].length : 384, cost time : 0m:0s:0ms
2024-11-19 02:33:47,339 - fed_utils - INFO - load key [classifier.2.weight].length : 73728, cost time : 0m:0s:1ms
2024-11-19 02:33:47,340 - fed_utils - INFO - load key [classifier.2.bias].length : 192, cost time : 0m:0s:0ms
2024-11-19 02:34:02,459 - fed_utils - INFO - encrypting key [classifier.4.weight].length : 1920, cost time : 0m:15s:119ms
2024-11-19 02:34:02,538 - fed_utils - INFO - encrypting key [classifier.4.bias].length : 10, cost time : 0m:0s:79ms
2024-11-19 02:34:02,538 - fl_main - INFO - Server receive client_dict[f_00003] info ...
2024-11-19 02:34:02,538 - fl_main - INFO - ----- client id [f_00004] -----
2024-11-19 02:34:02,548 - fed_utils - INFO - init global model cost time : 0m:0s:9ms
2024-11-19 02:34:02,549 - client_base - INFO - recover model cost time : 0m:0s:0ms
2024-11-19 02:34:02,550 - fl_main - INFO - client_dict[f_00004] training ...
2024-11-19 02:34:02,551 - client_base - INFO - client_dict[f_00004] training epoch : 0
2024-11-19 02:34:11,734 - client_base - INFO - local model train cost time : 0m:9s:182ms
2024-11-19 02:34:11,736 - client_base - INFO - model encode time : 0m:0s:1ms
2024-11-19 02:34:11,736 - fl_main - INFO - client_dict[f_00004] local model encrypting ...
2024-11-19 02:34:49,567 - fed_utils - INFO - encrypting key [features.0.weight].length : 4800, cost time : 0m:37s:831ms
2024-11-19 02:34:50,081 - fed_utils - INFO - encrypting key [features.0.bias].length : 64, cost time : 0m:0s:513ms
2024-11-19 02:34:50,084 - fed_utils - INFO - load key [features.4.weight].length : 102400, cost time : 0m:0s:2ms
2024-11-19 02:34:50,084 - fed_utils - INFO - load key [features.4.bias].length : 64, cost time : 0m:0s:0ms
2024-11-19 02:34:50,124 - fed_utils - INFO - load key [classifier.0.weight].length : 1572864, cost time : 0m:0s:39ms
2024-11-19 02:34:50,124 - fed_utils - INFO - load key [classifier.0.bias].length : 384, cost time : 0m:0s:0ms
2024-11-19 02:34:50,126 - fed_utils - INFO - load key [classifier.2.weight].length : 73728, cost time : 0m:0s:1ms
2024-11-19 02:34:50,126 - fed_utils - INFO - load key [classifier.2.bias].length : 192, cost time : 0m:0s:0ms
2024-11-19 02:35:05,253 - fed_utils - INFO - encrypting key [classifier.4.weight].length : 1920, cost time : 0m:15s:126ms
2024-11-19 02:35:05,332 - fed_utils - INFO - encrypting key [classifier.4.bias].length : 10, cost time : 0m:0s:79ms
2024-11-19 02:35:05,332 - fl_main - INFO - Server receive client_dict[f_00004] info ...
2024-11-19 02:35:05,332 - fl_main - INFO - global aggregation process ...
2024-11-19 02:35:05,333 - fed_utils - INFO - server.n_data : 50000
2024-11-19 02:35:05,333 - fed_utils - INFO - client_dict[f_00000].weight : 0.200000
2024-11-19 02:35:05,333 - fed_utils - INFO - client_dict[f_00001].weight : 0.200000
2024-11-19 02:35:05,333 - fed_utils - INFO - client_dict[f_00002].weight : 0.200000
2024-11-19 02:35:05,333 - fed_utils - INFO - client_dict[f_00003].weight : 0.200000
2024-11-19 02:35:05,333 - fed_utils - INFO - client_dict[f_00004].weight : 0.200000
2024-11-19 02:35:05,333 - fed_utils - INFO - recover secret number by clients: 3157279.000000
2024-11-19 02:35:05,333 - server_base - INFO - Server aggregate model with homomorphic encryption ...
2024-11-19 02:35:15,910 - server_base - INFO - Server aggregate model done, cost time : 0m:10s:577ms
2024-11-19 02:35:26,780 - fed_utils - INFO - decrypting key [features.0.weight].shape [torch.Size([64, 3, 5, 5])]
2024-11-19 02:35:26,925 - fed_utils - INFO - decrypting key [features.0.bias].shape [torch.Size([64])]
2024-11-19 02:35:26,926 - fed_utils - INFO - decrypting key [features.4.weight].shape [torch.Size([64, 64, 5, 5])]
2024-11-19 02:35:26,926 - fed_utils - INFO - decrypting key [features.4.bias].shape [torch.Size([64])]
2024-11-19 02:35:26,933 - fed_utils - INFO - decrypting key [classifier.0.weight].shape [torch.Size([384, 4096])]
2024-11-19 02:35:26,933 - fed_utils - INFO - decrypting key [classifier.0.bias].shape [torch.Size([384])]
2024-11-19 02:35:26,933 - fed_utils - INFO - decrypting key [classifier.2.weight].shape [torch.Size([192, 384])]
2024-11-19 02:35:26,933 - fed_utils - INFO - decrypting key [classifier.2.bias].shape [torch.Size([192])]
2024-11-19 02:35:31,281 - fed_utils - INFO - decrypting key [classifier.4.weight].shape [torch.Size([10, 192])]
2024-11-19 02:35:31,304 - fed_utils - INFO - decrypting key [classifier.4.bias].shape [torch.Size([10])]
2024-11-19 02:35:31,304 - fed_utils - INFO - decrypt time : [0m:15s:393ms]
2024-11-19 02:35:31,371 - fl_main - INFO - [global round : 24] aggregated model accuracy : 0.7755000000000001
2024-11-19 02:35:31,371 - fl_main - INFO - [global round : 24] aggregated model loss : 0.3435304673577473
2024-11-19 02:35:31,372 - fl_main - INFO - global round : 25
2024-11-19 02:35:31,372 - fl_main - INFO - the random client id to test accuracy : f_00002
2024-11-19 02:35:31,372 - fl_main - INFO - ----- client id [f_00000] -----
2024-11-19 02:35:31,384 - fed_utils - INFO - init global model cost time : 0m:0s:11ms
2024-11-19 02:35:31,386 - client_base - INFO - recover model cost time : 0m:0s:0ms
2024-11-19 02:35:31,387 - fl_main - INFO - client_dict[f_00000] training ...
2024-11-19 02:35:31,395 - client_base - INFO - client_dict[f_00000] training epoch : 0
2024-11-19 02:35:40,546 - client_base - INFO - local model train cost time : 0m:9s:151ms
2024-11-19 02:35:40,548 - client_base - INFO - model encode time : 0m:0s:1ms
2024-11-19 02:35:40,548 - fl_main - INFO - client_dict[f_00000] local model encrypting ...
2024-11-19 02:36:18,357 - fed_utils - INFO - encrypting key [features.0.weight].length : 4800, cost time : 0m:37s:808ms
2024-11-19 02:36:18,872 - fed_utils - INFO - encrypting key [features.0.bias].length : 64, cost time : 0m:0s:515ms
2024-11-19 02:36:18,874 - fed_utils - INFO - load key [features.4.weight].length : 102400, cost time : 0m:0s:1ms
2024-11-19 02:36:18,874 - fed_utils - INFO - load key [features.4.bias].length : 64, cost time : 0m:0s:0ms
2024-11-19 02:36:18,907 - fed_utils - INFO - load key [classifier.0.weight].length : 1572864, cost time : 0m:0s:32ms
2024-11-19 02:36:18,907 - fed_utils - INFO - load key [classifier.0.bias].length : 384, cost time : 0m:0s:0ms
2024-11-19 02:36:18,909 - fed_utils - INFO - load key [classifier.2.weight].length : 73728, cost time : 0m:0s:1ms
2024-11-19 02:36:18,909 - fed_utils - INFO - load key [classifier.2.bias].length : 192, cost time : 0m:0s:0ms
2024-11-19 02:36:34,031 - fed_utils - INFO - encrypting key [classifier.4.weight].length : 1920, cost time : 0m:15s:122ms
2024-11-19 02:36:34,111 - fed_utils - INFO - encrypting key [classifier.4.bias].length : 10, cost time : 0m:0s:79ms
2024-11-19 02:36:34,135 - fl_main - INFO - Server receive client_dict[f_00000] info ...
2024-11-19 02:36:34,135 - fl_main - INFO - ----- client id [f_00001] -----
2024-11-19 02:36:34,146 - fed_utils - INFO - init global model cost time : 0m:0s:10ms
2024-11-19 02:36:34,148 - client_base - INFO - recover model cost time : 0m:0s:0ms
2024-11-19 02:36:34,148 - fl_main - INFO - client_dict[f_00001] training ...
2024-11-19 02:36:34,149 - client_base - INFO - client_dict[f_00001] training epoch : 0
2024-11-19 02:36:43,326 - client_base - INFO - local model train cost time : 0m:9s:176ms
2024-11-19 02:36:43,328 - client_base - INFO - model encode time : 0m:0s:1ms
2024-11-19 02:36:43,328 - fl_main - INFO - client_dict[f_00001] local model encrypting ...
2024-11-19 02:37:21,173 - fed_utils - INFO - encrypting key [features.0.weight].length : 4800, cost time : 0m:37s:844ms
2024-11-19 02:37:21,688 - fed_utils - INFO - encrypting key [features.0.bias].length : 64, cost time : 0m:0s:515ms
2024-11-19 02:37:21,691 - fed_utils - INFO - load key [features.4.weight].length : 102400, cost time : 0m:0s:2ms
2024-11-19 02:37:21,691 - fed_utils - INFO - load key [features.4.bias].length : 64, cost time : 0m:0s:0ms
2024-11-19 02:37:21,731 - fed_utils - INFO - load key [classifier.0.weight].length : 1572864, cost time : 0m:0s:40ms
2024-11-19 02:37:21,732 - fed_utils - INFO - load key [classifier.0.bias].length : 384, cost time : 0m:0s:0ms
2024-11-19 02:37:21,734 - fed_utils - INFO - load key [classifier.2.weight].length : 73728, cost time : 0m:0s:2ms
2024-11-19 02:37:21,734 - fed_utils - INFO - load key [classifier.2.bias].length : 192, cost time : 0m:0s:0ms
2024-11-19 02:37:36,853 - fed_utils - INFO - encrypting key [classifier.4.weight].length : 1920, cost time : 0m:15s:119ms
2024-11-19 02:37:36,933 - fed_utils - INFO - encrypting key [classifier.4.bias].length : 10, cost time : 0m:0s:79ms
2024-11-19 02:37:36,933 - fl_main - INFO - Server receive client_dict[f_00001] info ...
2024-11-19 02:37:36,933 - fl_main - INFO - ----- client id [f_00002] -----
2024-11-19 02:37:36,942 - fed_utils - INFO - init global model cost time : 0m:0s:9ms
2024-11-19 02:37:36,944 - client_base - INFO - recover model cost time : 0m:0s:0ms
2024-11-19 02:37:39,381 - fl_main - INFO - global round [25] client_dict[f_00002].accuracy : 0.771600
2024-11-19 02:37:39,381 - fl_main - INFO - client_dict[f_00002] training ...
2024-11-19 02:37:39,381 - client_base - INFO - client_dict[f_00002] training epoch : 0
2024-11-19 02:37:48,508 - client_base - INFO - local model train cost time : 0m:9s:127ms
2024-11-19 02:37:48,510 - client_base - INFO - model encode time : 0m:0s:1ms
2024-11-19 02:37:48,510 - fl_main - INFO - client_dict[f_00002] local model encrypting ...
2024-11-19 02:38:26,322 - fed_utils - INFO - encrypting key [features.0.weight].length : 4800, cost time : 0m:37s:811ms
2024-11-19 02:38:26,840 - fed_utils - INFO - encrypting key [features.0.bias].length : 64, cost time : 0m:0s:518ms
2024-11-19 02:38:26,843 - fed_utils - INFO - load key [features.4.weight].length : 102400, cost time : 0m:0s:2ms
2024-11-19 02:38:26,843 - fed_utils - INFO - load key [features.4.bias].length : 64, cost time : 0m:0s:0ms
2024-11-19 02:38:26,883 - fed_utils - INFO - load key [classifier.0.weight].length : 1572864, cost time : 0m:0s:40ms
2024-11-19 02:38:26,883 - fed_utils - INFO - load key [classifier.0.bias].length : 384, cost time : 0m:0s:0ms
2024-11-19 02:38:26,885 - fed_utils - INFO - load key [classifier.2.weight].length : 73728, cost time : 0m:0s:1ms
2024-11-19 02:38:26,885 - fed_utils - INFO - load key [classifier.2.bias].length : 192, cost time : 0m:0s:0ms
2024-11-19 02:38:42,068 - fed_utils - INFO - encrypting key [classifier.4.weight].length : 1920, cost time : 0m:15s:182ms
2024-11-19 02:38:42,148 - fed_utils - INFO - encrypting key [classifier.4.bias].length : 10, cost time : 0m:0s:79ms
2024-11-19 02:38:42,148 - fl_main - INFO - Server receive client_dict[f_00002] info ...
2024-11-19 02:38:42,148 - fl_main - INFO - ----- client id [f_00003] -----
2024-11-19 02:38:42,157 - fed_utils - INFO - init global model cost time : 0m:0s:9ms
2024-11-19 02:38:42,159 - client_base - INFO - recover model cost time : 0m:0s:0ms
2024-11-19 02:38:42,159 - fl_main - INFO - client_dict[f_00003] training ...
2024-11-19 02:38:42,161 - client_base - INFO - client_dict[f_00003] training epoch : 0
2024-11-19 02:38:51,341 - client_base - INFO - local model train cost time : 0m:9s:180ms
2024-11-19 02:38:51,343 - client_base - INFO - model encode time : 0m:0s:1ms
2024-11-19 02:38:51,343 - fl_main - INFO - client_dict[f_00003] local model encrypting ...
2024-11-19 02:39:29,150 - fed_utils - INFO - encrypting key [features.0.weight].length : 4800, cost time : 0m:37s:806ms
2024-11-19 02:39:29,666 - fed_utils - INFO - encrypting key [features.0.bias].length : 64, cost time : 0m:0s:515ms
2024-11-19 02:39:29,668 - fed_utils - INFO - load key [features.4.weight].length : 102400, cost time : 0m:0s:2ms
2024-11-19 02:39:29,668 - fed_utils - INFO - load key [features.4.bias].length : 64, cost time : 0m:0s:0ms
2024-11-19 02:39:29,708 - fed_utils - INFO - load key [classifier.0.weight].length : 1572864, cost time : 0m:0s:39ms
2024-11-19 02:39:29,708 - fed_utils - INFO - load key [classifier.0.bias].length : 384, cost time : 0m:0s:0ms
2024-11-19 02:39:29,710 - fed_utils - INFO - load key [classifier.2.weight].length : 73728, cost time : 0m:0s:1ms
2024-11-19 02:39:29,710 - fed_utils - INFO - load key [classifier.2.bias].length : 192, cost time : 0m:0s:0ms
2024-11-19 02:39:44,833 - fed_utils - INFO - encrypting key [classifier.4.weight].length : 1920, cost time : 0m:15s:123ms
2024-11-19 02:39:44,913 - fed_utils - INFO - encrypting key [classifier.4.bias].length : 10, cost time : 0m:0s:79ms
2024-11-19 02:39:44,913 - fl_main - INFO - Server receive client_dict[f_00003] info ...
2024-11-19 02:39:44,913 - fl_main - INFO - ----- client id [f_00004] -----
2024-11-19 02:39:44,922 - fed_utils - INFO - init global model cost time : 0m:0s:9ms
2024-11-19 02:39:44,924 - client_base - INFO - recover model cost time : 0m:0s:0ms
2024-11-19 02:39:44,924 - fl_main - INFO - client_dict[f_00004] training ...
2024-11-19 02:39:44,926 - client_base - INFO - client_dict[f_00004] training epoch : 0
2024-11-19 02:39:54,094 - client_base - INFO - local model train cost time : 0m:9s:168ms
2024-11-19 02:39:54,096 - client_base - INFO - model encode time : 0m:0s:1ms
2024-11-19 02:39:54,096 - fl_main - INFO - client_dict[f_00004] local model encrypting ...
2024-11-19 02:40:31,959 - fed_utils - INFO - encrypting key [features.0.weight].length : 4800, cost time : 0m:37s:863ms
2024-11-19 02:40:32,474 - fed_utils - INFO - encrypting key [features.0.bias].length : 64, cost time : 0m:0s:514ms
2024-11-19 02:40:32,477 - fed_utils - INFO - load key [features.4.weight].length : 102400, cost time : 0m:0s:2ms
2024-11-19 02:40:32,477 - fed_utils - INFO - load key [features.4.bias].length : 64, cost time : 0m:0s:0ms
2024-11-19 02:40:32,516 - fed_utils - INFO - load key [classifier.0.weight].length : 1572864, cost time : 0m:0s:39ms
2024-11-19 02:40:32,517 - fed_utils - INFO - load key [classifier.0.bias].length : 384, cost time : 0m:0s:0ms
2024-11-19 02:40:32,519 - fed_utils - INFO - load key [classifier.2.weight].length : 73728, cost time : 0m:0s:1ms
2024-11-19 02:40:32,519 - fed_utils - INFO - load key [classifier.2.bias].length : 192, cost time : 0m:0s:0ms
2024-11-19 02:40:47,645 - fed_utils - INFO - encrypting key [classifier.4.weight].length : 1920, cost time : 0m:15s:126ms
2024-11-19 02:40:47,724 - fed_utils - INFO - encrypting key [classifier.4.bias].length : 10, cost time : 0m:0s:79ms
2024-11-19 02:40:47,724 - fl_main - INFO - Server receive client_dict[f_00004] info ...
2024-11-19 02:40:47,725 - fl_main - INFO - global aggregation process ...
2024-11-19 02:40:47,725 - fed_utils - INFO - server.n_data : 50000
2024-11-19 02:40:47,725 - fed_utils - INFO - client_dict[f_00000].weight : 0.200000
2024-11-19 02:40:47,725 - fed_utils - INFO - client_dict[f_00001].weight : 0.200000
2024-11-19 02:40:47,725 - fed_utils - INFO - client_dict[f_00002].weight : 0.200000
2024-11-19 02:40:47,725 - fed_utils - INFO - client_dict[f_00003].weight : 0.200000
2024-11-19 02:40:47,725 - fed_utils - INFO - client_dict[f_00004].weight : 0.200000
2024-11-19 02:40:47,725 - fed_utils - INFO - recover secret number by clients: 3157279.000000
2024-11-19 02:40:47,725 - server_base - INFO - Server aggregate model with homomorphic encryption ...
2024-11-19 02:40:58,291 - server_base - INFO - Server aggregate model done, cost time : 0m:10s:565ms
2024-11-19 02:41:09,164 - fed_utils - INFO - decrypting key [features.0.weight].shape [torch.Size([64, 3, 5, 5])]
2024-11-19 02:41:09,309 - fed_utils - INFO - decrypting key [features.0.bias].shape [torch.Size([64])]
2024-11-19 02:41:09,310 - fed_utils - INFO - decrypting key [features.4.weight].shape [torch.Size([64, 64, 5, 5])]
2024-11-19 02:41:09,310 - fed_utils - INFO - decrypting key [features.4.bias].shape [torch.Size([64])]
2024-11-19 02:41:09,319 - fed_utils - INFO - decrypting key [classifier.0.weight].shape [torch.Size([384, 4096])]
2024-11-19 02:41:09,319 - fed_utils - INFO - decrypting key [classifier.0.bias].shape [torch.Size([384])]
2024-11-19 02:41:09,320 - fed_utils - INFO - decrypting key [classifier.2.weight].shape [torch.Size([192, 384])]
2024-11-19 02:41:09,320 - fed_utils - INFO - decrypting key [classifier.2.bias].shape [torch.Size([192])]
2024-11-19 02:41:13,669 - fed_utils - INFO - decrypting key [classifier.4.weight].shape [torch.Size([10, 192])]
2024-11-19 02:41:13,692 - fed_utils - INFO - decrypting key [classifier.4.bias].shape [torch.Size([10])]
2024-11-19 02:41:13,692 - fed_utils - INFO - decrypt time : [0m:15s:401ms]
2024-11-19 02:41:13,759 - fl_main - INFO - [global round : 25] aggregated model accuracy : 0.7716000000000001
2024-11-19 02:41:13,760 - fl_main - INFO - [global round : 25] aggregated model loss : 0.4460491632829049
2024-11-19 02:41:13,761 - fl_main - INFO - global round : 26
2024-11-19 02:41:13,761 - fl_main - INFO - the random client id to test accuracy : f_00003
2024-11-19 02:41:13,761 - fl_main - INFO - ----- client id [f_00000] -----
2024-11-19 02:41:13,773 - fed_utils - INFO - init global model cost time : 0m:0s:11ms
2024-11-19 02:41:13,775 - client_base - INFO - recover model cost time : 0m:0s:0ms
2024-11-19 02:41:13,775 - fl_main - INFO - client_dict[f_00000] training ...
2024-11-19 02:41:13,785 - client_base - INFO - client_dict[f_00000] training epoch : 0
2024-11-19 02:41:22,965 - client_base - INFO - local model train cost time : 0m:9s:179ms
2024-11-19 02:41:22,966 - client_base - INFO - model encode time : 0m:0s:1ms
2024-11-19 02:41:22,967 - fl_main - INFO - client_dict[f_00000] local model encrypting ...
2024-11-19 02:42:00,804 - fed_utils - INFO - encrypting key [features.0.weight].length : 4800, cost time : 0m:37s:837ms
2024-11-19 02:42:01,320 - fed_utils - INFO - encrypting key [features.0.bias].length : 64, cost time : 0m:0s:515ms
2024-11-19 02:42:01,322 - fed_utils - INFO - load key [features.4.weight].length : 102400, cost time : 0m:0s:1ms
2024-11-19 02:42:01,322 - fed_utils - INFO - load key [features.4.bias].length : 64, cost time : 0m:0s:0ms
2024-11-19 02:42:01,355 - fed_utils - INFO - load key [classifier.0.weight].length : 1572864, cost time : 0m:0s:32ms
2024-11-19 02:42:01,355 - fed_utils - INFO - load key [classifier.0.bias].length : 384, cost time : 0m:0s:0ms
2024-11-19 02:42:01,357 - fed_utils - INFO - load key [classifier.2.weight].length : 73728, cost time : 0m:0s:1ms
2024-11-19 02:42:01,357 - fed_utils - INFO - load key [classifier.2.bias].length : 192, cost time : 0m:0s:0ms
2024-11-19 02:42:16,479 - fed_utils - INFO - encrypting key [classifier.4.weight].length : 1920, cost time : 0m:15s:121ms
2024-11-19 02:42:16,559 - fed_utils - INFO - encrypting key [classifier.4.bias].length : 10, cost time : 0m:0s:79ms
2024-11-19 02:42:16,583 - fl_main - INFO - Server receive client_dict[f_00000] info ...
2024-11-19 02:42:16,583 - fl_main - INFO - ----- client id [f_00001] -----
2024-11-19 02:42:16,596 - fed_utils - INFO - init global model cost time : 0m:0s:12ms
2024-11-19 02:42:16,598 - client_base - INFO - recover model cost time : 0m:0s:0ms
2024-11-19 02:42:16,598 - fl_main - INFO - client_dict[f_00001] training ...
2024-11-19 02:42:16,600 - client_base - INFO - client_dict[f_00001] training epoch : 0
2024-11-19 02:42:25,767 - client_base - INFO - local model train cost time : 0m:9s:167ms
2024-11-19 02:42:25,769 - client_base - INFO - model encode time : 0m:0s:1ms
2024-11-19 02:42:25,769 - fl_main - INFO - client_dict[f_00001] local model encrypting ...
2024-11-19 02:43:03,586 - fed_utils - INFO - encrypting key [features.0.weight].length : 4800, cost time : 0m:37s:816ms
2024-11-19 02:43:04,101 - fed_utils - INFO - encrypting key [features.0.bias].length : 64, cost time : 0m:0s:514ms
2024-11-19 02:43:04,103 - fed_utils - INFO - load key [features.4.weight].length : 102400, cost time : 0m:0s:2ms
2024-11-19 02:43:04,103 - fed_utils - INFO - load key [features.4.bias].length : 64, cost time : 0m:0s:0ms
2024-11-19 02:43:04,144 - fed_utils - INFO - load key [classifier.0.weight].length : 1572864, cost time : 0m:0s:40ms
2024-11-19 02:43:04,144 - fed_utils - INFO - load key [classifier.0.bias].length : 384, cost time : 0m:0s:0ms
2024-11-19 02:43:04,146 - fed_utils - INFO - load key [classifier.2.weight].length : 73728, cost time : 0m:0s:1ms
2024-11-19 02:43:04,146 - fed_utils - INFO - load key [classifier.2.bias].length : 192, cost time : 0m:0s:0ms
2024-11-19 02:43:19,266 - fed_utils - INFO - encrypting key [classifier.4.weight].length : 1920, cost time : 0m:15s:119ms
2024-11-19 02:43:19,346 - fed_utils - INFO - encrypting key [classifier.4.bias].length : 10, cost time : 0m:0s:79ms
2024-11-19 02:43:19,346 - fl_main - INFO - Server receive client_dict[f_00001] info ...
2024-11-19 02:43:19,346 - fl_main - INFO - ----- client id [f_00002] -----
2024-11-19 02:43:19,358 - fed_utils - INFO - init global model cost time : 0m:0s:11ms
2024-11-19 02:43:19,359 - client_base - INFO - recover model cost time : 0m:0s:0ms
2024-11-19 02:43:19,360 - fl_main - INFO - client_dict[f_00002] training ...
2024-11-19 02:43:19,361 - client_base - INFO - client_dict[f_00002] training epoch : 0
2024-11-19 02:43:28,571 - client_base - INFO - local model train cost time : 0m:9s:210ms
2024-11-19 02:43:28,573 - client_base - INFO - model encode time : 0m:0s:1ms
2024-11-19 02:43:28,573 - fl_main - INFO - client_dict[f_00002] local model encrypting ...
2024-11-19 02:44:06,460 - fed_utils - INFO - encrypting key [features.0.weight].length : 4800, cost time : 0m:37s:886ms
2024-11-19 02:44:06,975 - fed_utils - INFO - encrypting key [features.0.bias].length : 64, cost time : 0m:0s:515ms
2024-11-19 02:44:06,978 - fed_utils - INFO - load key [features.4.weight].length : 102400, cost time : 0m:0s:2ms
2024-11-19 02:44:06,978 - fed_utils - INFO - load key [features.4.bias].length : 64, cost time : 0m:0s:0ms
2024-11-19 02:44:07,018 - fed_utils - INFO - load key [classifier.0.weight].length : 1572864, cost time : 0m:0s:40ms
2024-11-19 02:44:07,019 - fed_utils - INFO - load key [classifier.0.bias].length : 384, cost time : 0m:0s:0ms
2024-11-19 02:44:07,020 - fed_utils - INFO - load key [classifier.2.weight].length : 73728, cost time : 0m:0s:1ms
2024-11-19 02:44:07,021 - fed_utils - INFO - load key [classifier.2.bias].length : 192, cost time : 0m:0s:0ms
2024-11-19 02:44:22,196 - fed_utils - INFO - encrypting key [classifier.4.weight].length : 1920, cost time : 0m:15s:175ms
2024-11-19 02:44:22,276 - fed_utils - INFO - encrypting key [classifier.4.bias].length : 10, cost time : 0m:0s:80ms
2024-11-19 02:44:22,276 - fl_main - INFO - Server receive client_dict[f_00002] info ...
2024-11-19 02:44:22,276 - fl_main - INFO - ----- client id [f_00003] -----
2024-11-19 02:44:22,285 - fed_utils - INFO - init global model cost time : 0m:0s:9ms
2024-11-19 02:44:22,287 - client_base - INFO - recover model cost time : 0m:0s:0ms
2024-11-19 02:44:24,730 - fl_main - INFO - global round [26] client_dict[f_00003].accuracy : 0.774300
2024-11-19 02:44:24,730 - fl_main - INFO - client_dict[f_00003] training ...
2024-11-19 02:44:24,731 - client_base - INFO - client_dict[f_00003] training epoch : 0
2024-11-19 02:44:33,869 - client_base - INFO - local model train cost time : 0m:9s:138ms
2024-11-19 02:44:33,871 - client_base - INFO - model encode time : 0m:0s:1ms
2024-11-19 02:44:33,871 - fl_main - INFO - client_dict[f_00003] local model encrypting ...
2024-11-19 02:45:11,703 - fed_utils - INFO - encrypting key [features.0.weight].length : 4800, cost time : 0m:37s:831ms
2024-11-19 02:45:12,217 - fed_utils - INFO - encrypting key [features.0.bias].length : 64, cost time : 0m:0s:514ms
2024-11-19 02:45:12,220 - fed_utils - INFO - load key [features.4.weight].length : 102400, cost time : 0m:0s:2ms
2024-11-19 02:45:12,220 - fed_utils - INFO - load key [features.4.bias].length : 64, cost time : 0m:0s:0ms
2024-11-19 02:45:12,259 - fed_utils - INFO - load key [classifier.0.weight].length : 1572864, cost time : 0m:0s:39ms
2024-11-19 02:45:12,259 - fed_utils - INFO - load key [classifier.0.bias].length : 384, cost time : 0m:0s:0ms
2024-11-19 02:45:12,261 - fed_utils - INFO - load key [classifier.2.weight].length : 73728, cost time : 0m:0s:1ms
2024-11-19 02:45:12,262 - fed_utils - INFO - load key [classifier.2.bias].length : 192, cost time : 0m:0s:0ms
2024-11-19 02:45:27,398 - fed_utils - INFO - encrypting key [classifier.4.weight].length : 1920, cost time : 0m:15s:136ms
2024-11-19 02:45:27,477 - fed_utils - INFO - encrypting key [classifier.4.bias].length : 10, cost time : 0m:0s:79ms
2024-11-19 02:45:27,477 - fl_main - INFO - Server receive client_dict[f_00003] info ...
2024-11-19 02:45:27,477 - fl_main - INFO - ----- client id [f_00004] -----
2024-11-19 02:45:27,487 - fed_utils - INFO - init global model cost time : 0m:0s:9ms
2024-11-19 02:45:27,489 - client_base - INFO - recover model cost time : 0m:0s:0ms
2024-11-19 02:45:27,489 - fl_main - INFO - client_dict[f_00004] training ...
2024-11-19 02:45:27,490 - client_base - INFO - client_dict[f_00004] training epoch : 0
2024-11-19 02:45:36,735 - client_base - INFO - local model train cost time : 0m:9s:244ms
2024-11-19 02:45:36,736 - client_base - INFO - model encode time : 0m:0s:1ms
2024-11-19 02:45:36,737 - fl_main - INFO - client_dict[f_00004] local model encrypting ...
2024-11-19 02:46:14,587 - fed_utils - INFO - encrypting key [features.0.weight].length : 4800, cost time : 0m:37s:850ms
2024-11-19 02:46:15,102 - fed_utils - INFO - encrypting key [features.0.bias].length : 64, cost time : 0m:0s:514ms
2024-11-19 02:46:15,105 - fed_utils - INFO - load key [features.4.weight].length : 102400, cost time : 0m:0s:2ms
2024-11-19 02:46:15,105 - fed_utils - INFO - load key [features.4.bias].length : 64, cost time : 0m:0s:0ms
2024-11-19 02:46:15,144 - fed_utils - INFO - load key [classifier.0.weight].length : 1572864, cost time : 0m:0s:39ms
2024-11-19 02:46:15,144 - fed_utils - INFO - load key [classifier.0.bias].length : 384, cost time : 0m:0s:0ms
2024-11-19 02:46:15,146 - fed_utils - INFO - load key [classifier.2.weight].length : 73728, cost time : 0m:0s:1ms
2024-11-19 02:46:15,146 - fed_utils - INFO - load key [classifier.2.bias].length : 192, cost time : 0m:0s:0ms
2024-11-19 02:46:30,293 - fed_utils - INFO - encrypting key [classifier.4.weight].length : 1920, cost time : 0m:15s:146ms
2024-11-19 02:46:30,372 - fed_utils - INFO - encrypting key [classifier.4.bias].length : 10, cost time : 0m:0s:79ms
2024-11-19 02:46:30,372 - fl_main - INFO - Server receive client_dict[f_00004] info ...
2024-11-19 02:46:30,373 - fl_main - INFO - global aggregation process ...
2024-11-19 02:46:30,373 - fed_utils - INFO - server.n_data : 50000
2024-11-19 02:46:30,373 - fed_utils - INFO - client_dict[f_00000].weight : 0.200000
2024-11-19 02:46:30,373 - fed_utils - INFO - client_dict[f_00001].weight : 0.200000
2024-11-19 02:46:30,373 - fed_utils - INFO - client_dict[f_00002].weight : 0.200000
2024-11-19 02:46:30,373 - fed_utils - INFO - client_dict[f_00003].weight : 0.200000
2024-11-19 02:46:30,373 - fed_utils - INFO - client_dict[f_00004].weight : 0.200000
2024-11-19 02:46:30,373 - fed_utils - INFO - recover secret number by clients: 3157279.000000
2024-11-19 02:46:30,373 - server_base - INFO - Server aggregate model with homomorphic encryption ...
2024-11-19 02:46:40,950 - server_base - INFO - Server aggregate model done, cost time : 0m:10s:577ms
2024-11-19 02:46:51,822 - fed_utils - INFO - decrypting key [features.0.weight].shape [torch.Size([64, 3, 5, 5])]
2024-11-19 02:46:51,968 - fed_utils - INFO - decrypting key [features.0.bias].shape [torch.Size([64])]
2024-11-19 02:46:51,968 - fed_utils - INFO - decrypting key [features.4.weight].shape [torch.Size([64, 64, 5, 5])]
2024-11-19 02:46:51,968 - fed_utils - INFO - decrypting key [features.4.bias].shape [torch.Size([64])]
2024-11-19 02:46:51,978 - fed_utils - INFO - decrypting key [classifier.0.weight].shape [torch.Size([384, 4096])]
2024-11-19 02:46:51,978 - fed_utils - INFO - decrypting key [classifier.0.bias].shape [torch.Size([384])]
2024-11-19 02:46:51,978 - fed_utils - INFO - decrypting key [classifier.2.weight].shape [torch.Size([192, 384])]
2024-11-19 02:46:51,978 - fed_utils - INFO - decrypting key [classifier.2.bias].shape [torch.Size([192])]
2024-11-19 02:46:56,326 - fed_utils - INFO - decrypting key [classifier.4.weight].shape [torch.Size([10, 192])]
2024-11-19 02:46:56,349 - fed_utils - INFO - decrypting key [classifier.4.bias].shape [torch.Size([10])]
2024-11-19 02:46:56,349 - fed_utils - INFO - decrypt time : [0m:15s:398ms]
2024-11-19 02:46:56,416 - fl_main - INFO - [global round : 26] aggregated model accuracy : 0.7743
2024-11-19 02:46:56,416 - fl_main - INFO - [global round : 26] aggregated model loss : 0.42581827979368275
2024-11-19 02:46:56,417 - fl_main - INFO - global round : 27
2024-11-19 02:46:56,417 - fl_main - INFO - the random client id to test accuracy : f_00000
2024-11-19 02:46:56,417 - fl_main - INFO - ----- client id [f_00000] -----
2024-11-19 02:46:56,429 - fed_utils - INFO - init global model cost time : 0m:0s:11ms
2024-11-19 02:46:56,431 - client_base - INFO - recover model cost time : 0m:0s:0ms
2024-11-19 02:46:58,885 - fl_main - INFO - global round [27] client_dict[f_00000].accuracy : 0.774600
2024-11-19 02:46:58,885 - fl_main - INFO - client_dict[f_00000] training ...
2024-11-19 02:46:58,885 - client_base - INFO - client_dict[f_00000] training epoch : 0
2024-11-19 02:47:08,026 - client_base - INFO - local model train cost time : 0m:9s:141ms
2024-11-19 02:47:08,028 - client_base - INFO - model encode time : 0m:0s:1ms
2024-11-19 02:47:08,028 - fl_main - INFO - client_dict[f_00000] local model encrypting ...
2024-11-19 02:47:45,909 - fed_utils - INFO - encrypting key [features.0.weight].length : 4800, cost time : 0m:37s:880ms
2024-11-19 02:47:46,424 - fed_utils - INFO - encrypting key [features.0.bias].length : 64, cost time : 0m:0s:515ms
2024-11-19 02:47:46,426 - fed_utils - INFO - load key [features.4.weight].length : 102400, cost time : 0m:0s:2ms
2024-11-19 02:47:46,426 - fed_utils - INFO - load key [features.4.bias].length : 64, cost time : 0m:0s:0ms
2024-11-19 02:47:46,460 - fed_utils - INFO - load key [classifier.0.weight].length : 1572864, cost time : 0m:0s:33ms
2024-11-19 02:47:46,460 - fed_utils - INFO - load key [classifier.0.bias].length : 384, cost time : 0m:0s:0ms
2024-11-19 02:47:46,462 - fed_utils - INFO - load key [classifier.2.weight].length : 73728, cost time : 0m:0s:1ms
2024-11-19 02:47:46,462 - fed_utils - INFO - load key [classifier.2.bias].length : 192, cost time : 0m:0s:0ms
2024-11-19 02:48:01,613 - fed_utils - INFO - encrypting key [classifier.4.weight].length : 1920, cost time : 0m:15s:151ms
2024-11-19 02:48:01,693 - fed_utils - INFO - encrypting key [classifier.4.bias].length : 10, cost time : 0m:0s:79ms
2024-11-19 02:48:01,717 - fl_main - INFO - Server receive client_dict[f_00000] info ...
2024-11-19 02:48:01,717 - fl_main - INFO - ----- client id [f_00001] -----
2024-11-19 02:48:01,728 - fed_utils - INFO - init global model cost time : 0m:0s:10ms
2024-11-19 02:48:01,730 - client_base - INFO - recover model cost time : 0m:0s:0ms
2024-11-19 02:48:01,730 - fl_main - INFO - client_dict[f_00001] training ...
2024-11-19 02:48:01,732 - client_base - INFO - client_dict[f_00001] training epoch : 0
2024-11-19 02:48:10,972 - client_base - INFO - local model train cost time : 0m:9s:239ms
2024-11-19 02:48:10,973 - client_base - INFO - model encode time : 0m:0s:1ms
2024-11-19 02:48:10,974 - fl_main - INFO - client_dict[f_00001] local model encrypting ...
2024-11-19 02:48:48,770 - fed_utils - INFO - encrypting key [features.0.weight].length : 4800, cost time : 0m:37s:796ms
2024-11-19 02:48:49,285 - fed_utils - INFO - encrypting key [features.0.bias].length : 64, cost time : 0m:0s:515ms
2024-11-19 02:48:49,288 - fed_utils - INFO - load key [features.4.weight].length : 102400, cost time : 0m:0s:2ms
2024-11-19 02:48:49,288 - fed_utils - INFO - load key [features.4.bias].length : 64, cost time : 0m:0s:0ms
2024-11-19 02:48:49,328 - fed_utils - INFO - load key [classifier.0.weight].length : 1572864, cost time : 0m:0s:40ms
2024-11-19 02:48:49,329 - fed_utils - INFO - load key [classifier.0.bias].length : 384, cost time : 0m:0s:0ms
2024-11-19 02:48:49,331 - fed_utils - INFO - load key [classifier.2.weight].length : 73728, cost time : 0m:0s:1ms
2024-11-19 02:48:49,331 - fed_utils - INFO - load key [classifier.2.bias].length : 192, cost time : 0m:0s:0ms
2024-11-19 02:49:04,452 - fed_utils - INFO - encrypting key [classifier.4.weight].length : 1920, cost time : 0m:15s:121ms
2024-11-19 02:49:04,531 - fed_utils - INFO - encrypting key [classifier.4.bias].length : 10, cost time : 0m:0s:79ms
2024-11-19 02:49:04,531 - fl_main - INFO - Server receive client_dict[f_00001] info ...
2024-11-19 02:49:04,532 - fl_main - INFO - ----- client id [f_00002] -----
2024-11-19 02:49:04,541 - fed_utils - INFO - init global model cost time : 0m:0s:9ms
2024-11-19 02:49:04,543 - client_base - INFO - recover model cost time : 0m:0s:0ms
2024-11-19 02:49:04,543 - fl_main - INFO - client_dict[f_00002] training ...
2024-11-19 02:49:04,545 - client_base - INFO - client_dict[f_00002] training epoch : 0
2024-11-19 02:49:13,746 - client_base - INFO - local model train cost time : 0m:9s:200ms
2024-11-19 02:49:13,747 - client_base - INFO - model encode time : 0m:0s:1ms
2024-11-19 02:49:13,748 - fl_main - INFO - client_dict[f_00002] local model encrypting ...
2024-11-19 02:49:51,604 - fed_utils - INFO - encrypting key [features.0.weight].length : 4800, cost time : 0m:37s:856ms
2024-11-19 02:49:52,120 - fed_utils - INFO - encrypting key [features.0.bias].length : 64, cost time : 0m:0s:515ms
2024-11-19 02:49:52,123 - fed_utils - INFO - load key [features.4.weight].length : 102400, cost time : 0m:0s:2ms
2024-11-19 02:49:52,123 - fed_utils - INFO - load key [features.4.bias].length : 64, cost time : 0m:0s:0ms
2024-11-19 02:49:52,163 - fed_utils - INFO - load key [classifier.0.weight].length : 1572864, cost time : 0m:0s:40ms
2024-11-19 02:49:52,163 - fed_utils - INFO - load key [classifier.0.bias].length : 384, cost time : 0m:0s:0ms
2024-11-19 02:49:52,165 - fed_utils - INFO - load key [classifier.2.weight].length : 73728, cost time : 0m:0s:1ms
2024-11-19 02:49:52,165 - fed_utils - INFO - load key [classifier.2.bias].length : 192, cost time : 0m:0s:0ms
2024-11-19 02:50:07,341 - fed_utils - INFO - encrypting key [classifier.4.weight].length : 1920, cost time : 0m:15s:175ms
2024-11-19 02:50:07,420 - fed_utils - INFO - encrypting key [classifier.4.bias].length : 10, cost time : 0m:0s:79ms
2024-11-19 02:50:07,420 - fl_main - INFO - Server receive client_dict[f_00002] info ...
2024-11-19 02:50:07,420 - fl_main - INFO - ----- client id [f_00003] -----
2024-11-19 02:50:07,430 - fed_utils - INFO - init global model cost time : 0m:0s:9ms
2024-11-19 02:50:07,431 - client_base - INFO - recover model cost time : 0m:0s:0ms
2024-11-19 02:50:07,432 - fl_main - INFO - client_dict[f_00003] training ...
2024-11-19 02:50:07,433 - client_base - INFO - client_dict[f_00003] training epoch : 0
2024-11-19 02:50:16,614 - client_base - INFO - local model train cost time : 0m:9s:180ms
2024-11-19 02:50:16,616 - client_base - INFO - model encode time : 0m:0s:1ms
2024-11-19 02:50:16,616 - fl_main - INFO - client_dict[f_00003] local model encrypting ...
2024-11-19 02:50:54,465 - fed_utils - INFO - encrypting key [features.0.weight].length : 4800, cost time : 0m:37s:849ms
2024-11-19 02:50:54,981 - fed_utils - INFO - encrypting key [features.0.bias].length : 64, cost time : 0m:0s:516ms
2024-11-19 02:50:54,984 - fed_utils - INFO - load key [features.4.weight].length : 102400, cost time : 0m:0s:2ms
2024-11-19 02:50:54,984 - fed_utils - INFO - load key [features.4.bias].length : 64, cost time : 0m:0s:0ms
2024-11-19 02:50:55,024 - fed_utils - INFO - load key [classifier.0.weight].length : 1572864, cost time : 0m:0s:39ms
2024-11-19 02:50:55,024 - fed_utils - INFO - load key [classifier.0.bias].length : 384, cost time : 0m:0s:0ms
2024-11-19 02:50:55,026 - fed_utils - INFO - load key [classifier.2.weight].length : 73728, cost time : 0m:0s:1ms
2024-11-19 02:50:55,026 - fed_utils - INFO - load key [classifier.2.bias].length : 192, cost time : 0m:0s:0ms
2024-11-19 02:51:10,145 - fed_utils - INFO - encrypting key [classifier.4.weight].length : 1920, cost time : 0m:15s:118ms
2024-11-19 02:51:10,224 - fed_utils - INFO - encrypting key [classifier.4.bias].length : 10, cost time : 0m:0s:79ms
2024-11-19 02:51:10,224 - fl_main - INFO - Server receive client_dict[f_00003] info ...
2024-11-19 02:51:10,225 - fl_main - INFO - ----- client id [f_00004] -----
2024-11-19 02:51:10,234 - fed_utils - INFO - init global model cost time : 0m:0s:9ms
2024-11-19 02:51:10,236 - client_base - INFO - recover model cost time : 0m:0s:0ms
2024-11-19 02:51:10,236 - fl_main - INFO - client_dict[f_00004] training ...
2024-11-19 02:51:10,238 - client_base - INFO - client_dict[f_00004] training epoch : 0
2024-11-19 02:51:19,529 - client_base - INFO - local model train cost time : 0m:9s:291ms
2024-11-19 02:51:19,530 - client_base - INFO - model encode time : 0m:0s:1ms
2024-11-19 02:51:19,531 - fl_main - INFO - client_dict[f_00004] local model encrypting ...
2024-11-19 02:51:57,315 - fed_utils - INFO - encrypting key [features.0.weight].length : 4800, cost time : 0m:37s:784ms
2024-11-19 02:51:57,831 - fed_utils - INFO - encrypting key [features.0.bias].length : 64, cost time : 0m:0s:515ms
2024-11-19 02:51:57,833 - fed_utils - INFO - load key [features.4.weight].length : 102400, cost time : 0m:0s:2ms
2024-11-19 02:51:57,834 - fed_utils - INFO - load key [features.4.bias].length : 64, cost time : 0m:0s:0ms
2024-11-19 02:51:57,873 - fed_utils - INFO - load key [classifier.0.weight].length : 1572864, cost time : 0m:0s:39ms
2024-11-19 02:51:57,873 - fed_utils - INFO - load key [classifier.0.bias].length : 384, cost time : 0m:0s:0ms
2024-11-19 02:51:57,875 - fed_utils - INFO - load key [classifier.2.weight].length : 73728, cost time : 0m:0s:1ms
2024-11-19 02:51:57,875 - fed_utils - INFO - load key [classifier.2.bias].length : 192, cost time : 0m:0s:0ms
2024-11-19 02:52:12,994 - fed_utils - INFO - encrypting key [classifier.4.weight].length : 1920, cost time : 0m:15s:119ms
2024-11-19 02:52:13,074 - fed_utils - INFO - encrypting key [classifier.4.bias].length : 10, cost time : 0m:0s:79ms
2024-11-19 02:52:13,074 - fl_main - INFO - Server receive client_dict[f_00004] info ...
2024-11-19 02:52:13,074 - fl_main - INFO - global aggregation process ...
2024-11-19 02:52:13,074 - fed_utils - INFO - server.n_data : 50000
2024-11-19 02:52:13,074 - fed_utils - INFO - client_dict[f_00000].weight : 0.200000
2024-11-19 02:52:13,074 - fed_utils - INFO - client_dict[f_00001].weight : 0.200000
2024-11-19 02:52:13,074 - fed_utils - INFO - client_dict[f_00002].weight : 0.200000
2024-11-19 02:52:13,074 - fed_utils - INFO - client_dict[f_00003].weight : 0.200000
2024-11-19 02:52:13,075 - fed_utils - INFO - client_dict[f_00004].weight : 0.200000
2024-11-19 02:52:13,075 - fed_utils - INFO - recover secret number by clients: 3157279.000000
2024-11-19 02:52:13,075 - server_base - INFO - Server aggregate model with homomorphic encryption ...
2024-11-19 02:52:23,638 - server_base - INFO - Server aggregate model done, cost time : 0m:10s:563ms
2024-11-19 02:52:34,508 - fed_utils - INFO - decrypting key [features.0.weight].shape [torch.Size([64, 3, 5, 5])]
2024-11-19 02:52:34,654 - fed_utils - INFO - decrypting key [features.0.bias].shape [torch.Size([64])]
2024-11-19 02:52:34,654 - fed_utils - INFO - decrypting key [features.4.weight].shape [torch.Size([64, 64, 5, 5])]
2024-11-19 02:52:34,654 - fed_utils - INFO - decrypting key [features.4.bias].shape [torch.Size([64])]
2024-11-19 02:52:34,661 - fed_utils - INFO - decrypting key [classifier.0.weight].shape [torch.Size([384, 4096])]
2024-11-19 02:52:34,661 - fed_utils - INFO - decrypting key [classifier.0.bias].shape [torch.Size([384])]
2024-11-19 02:52:34,662 - fed_utils - INFO - decrypting key [classifier.2.weight].shape [torch.Size([192, 384])]
2024-11-19 02:52:34,662 - fed_utils - INFO - decrypting key [classifier.2.bias].shape [torch.Size([192])]
2024-11-19 02:52:39,010 - fed_utils - INFO - decrypting key [classifier.4.weight].shape [torch.Size([10, 192])]
2024-11-19 02:52:39,033 - fed_utils - INFO - decrypting key [classifier.4.bias].shape [torch.Size([10])]
2024-11-19 02:52:39,033 - fed_utils - INFO - decrypt time : [0m:15s:395ms]
2024-11-19 02:52:39,100 - fl_main - INFO - [global round : 27] aggregated model accuracy : 0.7746000000000001
2024-11-19 02:52:39,100 - fl_main - INFO - [global round : 27] aggregated model loss : 0.31380774201623546
2024-11-19 02:52:39,101 - fl_main - INFO - global round : 28
2024-11-19 02:52:39,101 - fl_main - INFO - the random client id to test accuracy : f_00000
2024-11-19 02:52:39,101 - fl_main - INFO - ----- client id [f_00000] -----
2024-11-19 02:52:39,113 - fed_utils - INFO - init global model cost time : 0m:0s:11ms
2024-11-19 02:52:39,115 - client_base - INFO - recover model cost time : 0m:0s:0ms
2024-11-19 02:52:41,574 - fl_main - INFO - global round [28] client_dict[f_00000].accuracy : 0.773000
2024-11-19 02:52:41,574 - fl_main - INFO - client_dict[f_00000] training ...
2024-11-19 02:52:41,574 - client_base - INFO - client_dict[f_00000] training epoch : 0
2024-11-19 02:52:50,720 - client_base - INFO - local model train cost time : 0m:9s:145ms
2024-11-19 02:52:50,721 - client_base - INFO - model encode time : 0m:0s:1ms
2024-11-19 02:52:50,722 - fl_main - INFO - client_dict[f_00000] local model encrypting ...
2024-11-19 02:53:28,565 - fed_utils - INFO - encrypting key [features.0.weight].length : 4800, cost time : 0m:37s:843ms
2024-11-19 02:53:29,083 - fed_utils - INFO - encrypting key [features.0.bias].length : 64, cost time : 0m:0s:517ms
2024-11-19 02:53:29,085 - fed_utils - INFO - load key [features.4.weight].length : 102400, cost time : 0m:0s:2ms
2024-11-19 02:53:29,085 - fed_utils - INFO - load key [features.4.bias].length : 64, cost time : 0m:0s:0ms
2024-11-19 02:53:29,118 - fed_utils - INFO - load key [classifier.0.weight].length : 1572864, cost time : 0m:0s:33ms
2024-11-19 02:53:29,118 - fed_utils - INFO - load key [classifier.0.bias].length : 384, cost time : 0m:0s:0ms
2024-11-19 02:53:29,120 - fed_utils - INFO - load key [classifier.2.weight].length : 73728, cost time : 0m:0s:1ms
2024-11-19 02:53:29,120 - fed_utils - INFO - load key [classifier.2.bias].length : 192, cost time : 0m:0s:0ms
2024-11-19 02:53:44,256 - fed_utils - INFO - encrypting key [classifier.4.weight].length : 1920, cost time : 0m:15s:136ms
2024-11-19 02:53:44,336 - fed_utils - INFO - encrypting key [classifier.4.bias].length : 10, cost time : 0m:0s:79ms
2024-11-19 02:53:44,361 - fl_main - INFO - Server receive client_dict[f_00000] info ...
2024-11-19 02:53:44,361 - fl_main - INFO - ----- client id [f_00001] -----
2024-11-19 02:53:44,372 - fed_utils - INFO - init global model cost time : 0m:0s:10ms
2024-11-19 02:53:44,374 - client_base - INFO - recover model cost time : 0m:0s:0ms
2024-11-19 02:53:44,374 - fl_main - INFO - client_dict[f_00001] training ...
2024-11-19 02:53:44,376 - client_base - INFO - client_dict[f_00001] training epoch : 0
2024-11-19 02:53:53,617 - client_base - INFO - local model train cost time : 0m:9s:240ms
2024-11-19 02:53:53,618 - client_base - INFO - model encode time : 0m:0s:1ms
2024-11-19 02:53:53,619 - fl_main - INFO - client_dict[f_00001] local model encrypting ...
2024-11-19 02:54:31,478 - fed_utils - INFO - encrypting key [features.0.weight].length : 4800, cost time : 0m:37s:859ms
2024-11-19 02:54:31,993 - fed_utils - INFO - encrypting key [features.0.bias].length : 64, cost time : 0m:0s:514ms
2024-11-19 02:54:31,996 - fed_utils - INFO - load key [features.4.weight].length : 102400, cost time : 0m:0s:2ms
2024-11-19 02:54:31,996 - fed_utils - INFO - load key [features.4.bias].length : 64, cost time : 0m:0s:0ms
2024-11-19 02:54:32,036 - fed_utils - INFO - load key [classifier.0.weight].length : 1572864, cost time : 0m:0s:40ms
2024-11-19 02:54:32,037 - fed_utils - INFO - load key [classifier.0.bias].length : 384, cost time : 0m:0s:0ms
2024-11-19 02:54:32,038 - fed_utils - INFO - load key [classifier.2.weight].length : 73728, cost time : 0m:0s:1ms
2024-11-19 02:54:32,038 - fed_utils - INFO - load key [classifier.2.bias].length : 192, cost time : 0m:0s:0ms
2024-11-19 02:54:47,163 - fed_utils - INFO - encrypting key [classifier.4.weight].length : 1920, cost time : 0m:15s:124ms
2024-11-19 02:54:47,242 - fed_utils - INFO - encrypting key [classifier.4.bias].length : 10, cost time : 0m:0s:79ms
2024-11-19 02:54:47,242 - fl_main - INFO - Server receive client_dict[f_00001] info ...
2024-11-19 02:54:47,242 - fl_main - INFO - ----- client id [f_00002] -----
2024-11-19 02:54:47,252 - fed_utils - INFO - init global model cost time : 0m:0s:9ms
2024-11-19 02:54:47,254 - client_base - INFO - recover model cost time : 0m:0s:0ms
2024-11-19 02:54:47,254 - fl_main - INFO - client_dict[f_00002] training ...
2024-11-19 02:54:47,256 - client_base - INFO - client_dict[f_00002] training epoch : 0
2024-11-19 02:54:56,491 - client_base - INFO - local model train cost time : 0m:9s:235ms
2024-11-19 02:54:56,493 - client_base - INFO - model encode time : 0m:0s:1ms
2024-11-19 02:54:56,494 - fl_main - INFO - client_dict[f_00002] local model encrypting ...
2024-11-19 02:55:34,305 - fed_utils - INFO - encrypting key [features.0.weight].length : 4800, cost time : 0m:37s:811ms
2024-11-19 02:55:34,819 - fed_utils - INFO - encrypting key [features.0.bias].length : 64, cost time : 0m:0s:514ms
2024-11-19 02:55:34,822 - fed_utils - INFO - load key [features.4.weight].length : 102400, cost time : 0m:0s:2ms
2024-11-19 02:55:34,822 - fed_utils - INFO - load key [features.4.bias].length : 64, cost time : 0m:0s:0ms
2024-11-19 02:55:34,863 - fed_utils - INFO - load key [classifier.0.weight].length : 1572864, cost time : 0m:0s:40ms
2024-11-19 02:55:34,863 - fed_utils - INFO - load key [classifier.0.bias].length : 384, cost time : 0m:0s:0ms
2024-11-19 02:55:34,865 - fed_utils - INFO - load key [classifier.2.weight].length : 73728, cost time : 0m:0s:1ms
2024-11-19 02:55:34,865 - fed_utils - INFO - load key [classifier.2.bias].length : 192, cost time : 0m:0s:0ms
2024-11-19 02:55:50,048 - fed_utils - INFO - encrypting key [classifier.4.weight].length : 1920, cost time : 0m:15s:182ms
2024-11-19 02:55:50,127 - fed_utils - INFO - encrypting key [classifier.4.bias].length : 10, cost time : 0m:0s:79ms
2024-11-19 02:55:50,127 - fl_main - INFO - Server receive client_dict[f_00002] info ...
2024-11-19 02:55:50,127 - fl_main - INFO - ----- client id [f_00003] -----
2024-11-19 02:55:50,137 - fed_utils - INFO - init global model cost time : 0m:0s:9ms
2024-11-19 02:55:50,138 - client_base - INFO - recover model cost time : 0m:0s:0ms
2024-11-19 02:55:50,139 - fl_main - INFO - client_dict[f_00003] training ...
2024-11-19 02:55:50,140 - client_base - INFO - client_dict[f_00003] training epoch : 0
2024-11-19 02:55:59,327 - client_base - INFO - local model train cost time : 0m:9s:186ms
2024-11-19 02:55:59,328 - client_base - INFO - model encode time : 0m:0s:1ms
2024-11-19 02:55:59,328 - fl_main - INFO - client_dict[f_00003] local model encrypting ...
2024-11-19 02:56:37,159 - fed_utils - INFO - encrypting key [features.0.weight].length : 4800, cost time : 0m:37s:830ms
2024-11-19 02:56:37,675 - fed_utils - INFO - encrypting key [features.0.bias].length : 64, cost time : 0m:0s:515ms
2024-11-19 02:56:37,677 - fed_utils - INFO - load key [features.4.weight].length : 102400, cost time : 0m:0s:2ms
2024-11-19 02:56:37,677 - fed_utils - INFO - load key [features.4.bias].length : 64, cost time : 0m:0s:0ms
2024-11-19 02:56:37,717 - fed_utils - INFO - load key [classifier.0.weight].length : 1572864, cost time : 0m:0s:39ms
2024-11-19 02:56:37,717 - fed_utils - INFO - load key [classifier.0.bias].length : 384, cost time : 0m:0s:0ms
2024-11-19 02:56:37,719 - fed_utils - INFO - load key [classifier.2.weight].length : 73728, cost time : 0m:0s:1ms
2024-11-19 02:56:37,719 - fed_utils - INFO - load key [classifier.2.bias].length : 192, cost time : 0m:0s:0ms
2024-11-19 02:56:52,860 - fed_utils - INFO - encrypting key [classifier.4.weight].length : 1920, cost time : 0m:15s:140ms
2024-11-19 02:56:52,940 - fed_utils - INFO - encrypting key [classifier.4.bias].length : 10, cost time : 0m:0s:80ms
2024-11-19 02:56:52,940 - fl_main - INFO - Server receive client_dict[f_00003] info ...
2024-11-19 02:56:52,940 - fl_main - INFO - ----- client id [f_00004] -----
2024-11-19 02:56:52,950 - fed_utils - INFO - init global model cost time : 0m:0s:9ms
2024-11-19 02:56:52,952 - client_base - INFO - recover model cost time : 0m:0s:0ms
2024-11-19 02:56:52,952 - fl_main - INFO - client_dict[f_00004] training ...
2024-11-19 02:56:52,954 - client_base - INFO - client_dict[f_00004] training epoch : 0
2024-11-19 02:57:02,214 - client_base - INFO - local model train cost time : 0m:9s:260ms
2024-11-19 02:57:02,216 - client_base - INFO - model encode time : 0m:0s:1ms
2024-11-19 02:57:02,216 - fl_main - INFO - client_dict[f_00004] local model encrypting ...
2024-11-19 02:57:40,031 - fed_utils - INFO - encrypting key [features.0.weight].length : 4800, cost time : 0m:37s:814ms
2024-11-19 02:57:40,548 - fed_utils - INFO - encrypting key [features.0.bias].length : 64, cost time : 0m:0s:516ms
2024-11-19 02:57:40,551 - fed_utils - INFO - load key [features.4.weight].length : 102400, cost time : 0m:0s:2ms
2024-11-19 02:57:40,551 - fed_utils - INFO - load key [features.4.bias].length : 64, cost time : 0m:0s:0ms
2024-11-19 02:57:40,590 - fed_utils - INFO - load key [classifier.0.weight].length : 1572864, cost time : 0m:0s:39ms
2024-11-19 02:57:40,590 - fed_utils - INFO - load key [classifier.0.bias].length : 384, cost time : 0m:0s:0ms
2024-11-19 02:57:40,592 - fed_utils - INFO - load key [classifier.2.weight].length : 73728, cost time : 0m:0s:1ms
2024-11-19 02:57:40,592 - fed_utils - INFO - load key [classifier.2.bias].length : 192, cost time : 0m:0s:0ms
2024-11-19 02:57:55,713 - fed_utils - INFO - encrypting key [classifier.4.weight].length : 1920, cost time : 0m:15s:120ms
2024-11-19 02:57:55,792 - fed_utils - INFO - encrypting key [classifier.4.bias].length : 10, cost time : 0m:0s:79ms
2024-11-19 02:57:55,792 - fl_main - INFO - Server receive client_dict[f_00004] info ...
2024-11-19 02:57:55,792 - fl_main - INFO - global aggregation process ...
2024-11-19 02:57:55,793 - fed_utils - INFO - server.n_data : 50000
2024-11-19 02:57:55,793 - fed_utils - INFO - client_dict[f_00000].weight : 0.200000
2024-11-19 02:57:55,793 - fed_utils - INFO - client_dict[f_00001].weight : 0.200000
2024-11-19 02:57:55,793 - fed_utils - INFO - client_dict[f_00002].weight : 0.200000
2024-11-19 02:57:55,793 - fed_utils - INFO - client_dict[f_00003].weight : 0.200000
2024-11-19 02:57:55,793 - fed_utils - INFO - client_dict[f_00004].weight : 0.200000
2024-11-19 02:57:55,793 - fed_utils - INFO - recover secret number by clients: 3157279.000000
2024-11-19 02:57:55,793 - server_base - INFO - Server aggregate model with homomorphic encryption ...
2024-11-19 02:58:06,369 - server_base - INFO - Server aggregate model done, cost time : 0m:10s:576ms
2024-11-19 02:58:17,242 - fed_utils - INFO - decrypting key [features.0.weight].shape [torch.Size([64, 3, 5, 5])]
2024-11-19 02:58:17,388 - fed_utils - INFO - decrypting key [features.0.bias].shape [torch.Size([64])]
2024-11-19 02:58:17,388 - fed_utils - INFO - decrypting key [features.4.weight].shape [torch.Size([64, 64, 5, 5])]
2024-11-19 02:58:17,388 - fed_utils - INFO - decrypting key [features.4.bias].shape [torch.Size([64])]
2024-11-19 02:58:17,395 - fed_utils - INFO - decrypting key [classifier.0.weight].shape [torch.Size([384, 4096])]
2024-11-19 02:58:17,395 - fed_utils - INFO - decrypting key [classifier.0.bias].shape [torch.Size([384])]
2024-11-19 02:58:17,395 - fed_utils - INFO - decrypting key [classifier.2.weight].shape [torch.Size([192, 384])]
2024-11-19 02:58:17,396 - fed_utils - INFO - decrypting key [classifier.2.bias].shape [torch.Size([192])]
2024-11-19 02:58:21,744 - fed_utils - INFO - decrypting key [classifier.4.weight].shape [torch.Size([10, 192])]
2024-11-19 02:58:21,767 - fed_utils - INFO - decrypting key [classifier.4.bias].shape [torch.Size([10])]
2024-11-19 02:58:21,767 - fed_utils - INFO - decrypt time : [0m:15s:397ms]
2024-11-19 02:58:21,835 - fl_main - INFO - [global round : 28] aggregated model accuracy : 0.773
2024-11-19 02:58:21,835 - fl_main - INFO - [global round : 28] aggregated model loss : 0.2524778299983965
2024-11-19 02:58:21,836 - fl_main - INFO - global round : 29
2024-11-19 02:58:21,836 - fl_main - INFO - the random client id to test accuracy : f_00002
2024-11-19 02:58:21,836 - fl_main - INFO - ----- client id [f_00000] -----
2024-11-19 02:58:21,848 - fed_utils - INFO - init global model cost time : 0m:0s:12ms
2024-11-19 02:58:21,850 - client_base - INFO - recover model cost time : 0m:0s:0ms
2024-11-19 02:58:21,851 - fl_main - INFO - client_dict[f_00000] training ...
2024-11-19 02:58:21,859 - client_base - INFO - client_dict[f_00000] training epoch : 0
2024-11-19 02:58:31,062 - client_base - INFO - local model train cost time : 0m:9s:203ms
2024-11-19 02:58:31,064 - client_base - INFO - model encode time : 0m:0s:1ms
2024-11-19 02:58:31,064 - fl_main - INFO - client_dict[f_00000] local model encrypting ...
2024-11-19 02:59:08,879 - fed_utils - INFO - encrypting key [features.0.weight].length : 4800, cost time : 0m:37s:815ms
2024-11-19 02:59:09,395 - fed_utils - INFO - encrypting key [features.0.bias].length : 64, cost time : 0m:0s:515ms
2024-11-19 02:59:09,397 - fed_utils - INFO - load key [features.4.weight].length : 102400, cost time : 0m:0s:1ms
2024-11-19 02:59:09,397 - fed_utils - INFO - load key [features.4.bias].length : 64, cost time : 0m:0s:0ms
2024-11-19 02:59:09,430 - fed_utils - INFO - load key [classifier.0.weight].length : 1572864, cost time : 0m:0s:32ms
2024-11-19 02:59:09,430 - fed_utils - INFO - load key [classifier.0.bias].length : 384, cost time : 0m:0s:0ms
2024-11-19 02:59:09,432 - fed_utils - INFO - load key [classifier.2.weight].length : 73728, cost time : 0m:0s:1ms
2024-11-19 02:59:09,432 - fed_utils - INFO - load key [classifier.2.bias].length : 192, cost time : 0m:0s:0ms
2024-11-19 02:59:24,562 - fed_utils - INFO - encrypting key [classifier.4.weight].length : 1920, cost time : 0m:15s:129ms
2024-11-19 02:59:24,641 - fed_utils - INFO - encrypting key [classifier.4.bias].length : 10, cost time : 0m:0s:79ms
2024-11-19 02:59:24,666 - fl_main - INFO - Server receive client_dict[f_00000] info ...
2024-11-19 02:59:24,666 - fl_main - INFO - ----- client id [f_00001] -----
2024-11-19 02:59:24,676 - fed_utils - INFO - init global model cost time : 0m:0s:10ms
2024-11-19 02:59:24,678 - client_base - INFO - recover model cost time : 0m:0s:0ms
2024-11-19 02:59:24,678 - fl_main - INFO - client_dict[f_00001] training ...
2024-11-19 02:59:24,680 - client_base - INFO - client_dict[f_00001] training epoch : 0
2024-11-19 02:59:33,931 - client_base - INFO - local model train cost time : 0m:9s:251ms
2024-11-19 02:59:33,933 - client_base - INFO - model encode time : 0m:0s:1ms
2024-11-19 02:59:33,933 - fl_main - INFO - client_dict[f_00001] local model encrypting ...
2024-11-19 03:00:11,753 - fed_utils - INFO - encrypting key [features.0.weight].length : 4800, cost time : 0m:37s:819ms
2024-11-19 03:00:12,269 - fed_utils - INFO - encrypting key [features.0.bias].length : 64, cost time : 0m:0s:515ms
2024-11-19 03:00:12,272 - fed_utils - INFO - load key [features.4.weight].length : 102400, cost time : 0m:0s:2ms
2024-11-19 03:00:12,272 - fed_utils - INFO - load key [features.4.bias].length : 64, cost time : 0m:0s:0ms
2024-11-19 03:00:12,313 - fed_utils - INFO - load key [classifier.0.weight].length : 1572864, cost time : 0m:0s:41ms
2024-11-19 03:00:12,314 - fed_utils - INFO - load key [classifier.0.bias].length : 384, cost time : 0m:0s:0ms
2024-11-19 03:00:12,316 - fed_utils - INFO - load key [classifier.2.weight].length : 73728, cost time : 0m:0s:2ms
2024-11-19 03:00:12,316 - fed_utils - INFO - load key [classifier.2.bias].length : 192, cost time : 0m:0s:0ms
2024-11-19 03:00:27,456 - fed_utils - INFO - encrypting key [classifier.4.weight].length : 1920, cost time : 0m:15s:139ms
2024-11-19 03:00:27,535 - fed_utils - INFO - encrypting key [classifier.4.bias].length : 10, cost time : 0m:0s:79ms
2024-11-19 03:00:27,535 - fl_main - INFO - Server receive client_dict[f_00001] info ...
2024-11-19 03:00:27,535 - fl_main - INFO - ----- client id [f_00002] -----
2024-11-19 03:00:27,545 - fed_utils - INFO - init global model cost time : 0m:0s:9ms
2024-11-19 03:00:27,547 - client_base - INFO - recover model cost time : 0m:0s:0ms
2024-11-19 03:00:29,990 - fl_main - INFO - global round [29] client_dict[f_00002].accuracy : 0.774300
2024-11-19 03:00:29,990 - fl_main - INFO - client_dict[f_00002] training ...
2024-11-19 03:00:29,990 - client_base - INFO - client_dict[f_00002] training epoch : 0
2024-11-19 03:00:39,119 - client_base - INFO - local model train cost time : 0m:9s:128ms
2024-11-19 03:00:39,121 - client_base - INFO - model encode time : 0m:0s:1ms
2024-11-19 03:00:39,121 - fl_main - INFO - client_dict[f_00002] local model encrypting ...
2024-11-19 03:01:17,008 - fed_utils - INFO - encrypting key [features.0.weight].length : 4800, cost time : 0m:37s:887ms
2024-11-19 03:01:17,523 - fed_utils - INFO - encrypting key [features.0.bias].length : 64, cost time : 0m:0s:514ms
2024-11-19 03:01:17,526 - fed_utils - INFO - load key [features.4.weight].length : 102400, cost time : 0m:0s:2ms
2024-11-19 03:01:17,526 - fed_utils - INFO - load key [features.4.bias].length : 64, cost time : 0m:0s:0ms
2024-11-19 03:01:17,566 - fed_utils - INFO - load key [classifier.0.weight].length : 1572864, cost time : 0m:0s:40ms
2024-11-19 03:01:17,566 - fed_utils - INFO - load key [classifier.0.bias].length : 384, cost time : 0m:0s:0ms
2024-11-19 03:01:17,568 - fed_utils - INFO - load key [classifier.2.weight].length : 73728, cost time : 0m:0s:1ms
2024-11-19 03:01:17,568 - fed_utils - INFO - load key [classifier.2.bias].length : 192, cost time : 0m:0s:0ms
2024-11-19 03:01:32,691 - fed_utils - INFO - encrypting key [classifier.4.weight].length : 1920, cost time : 0m:15s:122ms
2024-11-19 03:01:32,770 - fed_utils - INFO - encrypting key [classifier.4.bias].length : 10, cost time : 0m:0s:79ms
2024-11-19 03:01:32,770 - fl_main - INFO - Server receive client_dict[f_00002] info ...
2024-11-19 03:01:32,770 - fl_main - INFO - ----- client id [f_00003] -----
2024-11-19 03:01:32,780 - fed_utils - INFO - init global model cost time : 0m:0s:9ms
2024-11-19 03:01:32,781 - client_base - INFO - recover model cost time : 0m:0s:0ms
2024-11-19 03:01:32,782 - fl_main - INFO - client_dict[f_00003] training ...
2024-11-19 03:01:32,783 - client_base - INFO - client_dict[f_00003] training epoch : 0
2024-11-19 03:01:42,031 - client_base - INFO - local model train cost time : 0m:9s:247ms
2024-11-19 03:01:42,033 - client_base - INFO - model encode time : 0m:0s:1ms
2024-11-19 03:01:42,033 - fl_main - INFO - client_dict[f_00003] local model encrypting ...
2024-11-19 03:02:19,849 - fed_utils - INFO - encrypting key [features.0.weight].length : 4800, cost time : 0m:37s:816ms
2024-11-19 03:02:20,365 - fed_utils - INFO - encrypting key [features.0.bias].length : 64, cost time : 0m:0s:515ms
2024-11-19 03:02:20,367 - fed_utils - INFO - load key [features.4.weight].length : 102400, cost time : 0m:0s:2ms
2024-11-19 03:02:20,368 - fed_utils - INFO - load key [features.4.bias].length : 64, cost time : 0m:0s:0ms
2024-11-19 03:02:20,407 - fed_utils - INFO - load key [classifier.0.weight].length : 1572864, cost time : 0m:0s:39ms
2024-11-19 03:02:20,408 - fed_utils - INFO - load key [classifier.0.bias].length : 384, cost time : 0m:0s:0ms
2024-11-19 03:02:20,410 - fed_utils - INFO - load key [classifier.2.weight].length : 73728, cost time : 0m:0s:1ms
2024-11-19 03:02:20,410 - fed_utils - INFO - load key [classifier.2.bias].length : 192, cost time : 0m:0s:0ms
2024-11-19 03:02:35,541 - fed_utils - INFO - encrypting key [classifier.4.weight].length : 1920, cost time : 0m:15s:131ms
2024-11-19 03:02:35,621 - fed_utils - INFO - encrypting key [classifier.4.bias].length : 10, cost time : 0m:0s:79ms
2024-11-19 03:02:35,621 - fl_main - INFO - Server receive client_dict[f_00003] info ...
2024-11-19 03:02:35,621 - fl_main - INFO - ----- client id [f_00004] -----
2024-11-19 03:02:35,630 - fed_utils - INFO - init global model cost time : 0m:0s:9ms
2024-11-19 03:02:35,632 - client_base - INFO - recover model cost time : 0m:0s:0ms
2024-11-19 03:02:35,633 - fl_main - INFO - client_dict[f_00004] training ...
2024-11-19 03:02:35,634 - client_base - INFO - client_dict[f_00004] training epoch : 0
2024-11-19 03:02:44,888 - client_base - INFO - local model train cost time : 0m:9s:253ms
2024-11-19 03:02:44,890 - client_base - INFO - model encode time : 0m:0s:1ms
2024-11-19 03:02:44,890 - fl_main - INFO - client_dict[f_00004] local model encrypting ...
2024-11-19 03:03:22,687 - fed_utils - INFO - encrypting key [features.0.weight].length : 4800, cost time : 0m:37s:797ms
2024-11-19 03:03:23,203 - fed_utils - INFO - encrypting key [features.0.bias].length : 64, cost time : 0m:0s:516ms
2024-11-19 03:03:23,206 - fed_utils - INFO - load key [features.4.weight].length : 102400, cost time : 0m:0s:2ms
2024-11-19 03:03:23,206 - fed_utils - INFO - load key [features.4.bias].length : 64, cost time : 0m:0s:0ms
2024-11-19 03:03:23,246 - fed_utils - INFO - load key [classifier.0.weight].length : 1572864, cost time : 0m:0s:39ms
2024-11-19 03:03:23,246 - fed_utils - INFO - load key [classifier.0.bias].length : 384, cost time : 0m:0s:0ms
2024-11-19 03:03:23,248 - fed_utils - INFO - load key [classifier.2.weight].length : 73728, cost time : 0m:0s:1ms
2024-11-19 03:03:23,248 - fed_utils - INFO - load key [classifier.2.bias].length : 192, cost time : 0m:0s:0ms
2024-11-19 03:03:38,379 - fed_utils - INFO - encrypting key [classifier.4.weight].length : 1920, cost time : 0m:15s:131ms
2024-11-19 03:03:38,459 - fed_utils - INFO - encrypting key [classifier.4.bias].length : 10, cost time : 0m:0s:79ms
2024-11-19 03:03:38,459 - fl_main - INFO - Server receive client_dict[f_00004] info ...
2024-11-19 03:03:38,459 - fl_main - INFO - global aggregation process ...
2024-11-19 03:03:38,459 - fed_utils - INFO - server.n_data : 50000
2024-11-19 03:03:38,459 - fed_utils - INFO - client_dict[f_00000].weight : 0.200000
2024-11-19 03:03:38,459 - fed_utils - INFO - client_dict[f_00001].weight : 0.200000
2024-11-19 03:03:38,460 - fed_utils - INFO - client_dict[f_00002].weight : 0.200000
2024-11-19 03:03:38,460 - fed_utils - INFO - client_dict[f_00003].weight : 0.200000
2024-11-19 03:03:38,460 - fed_utils - INFO - client_dict[f_00004].weight : 0.200000
2024-11-19 03:03:38,460 - fed_utils - INFO - recover secret number by clients: 3157279.000000
2024-11-19 03:03:38,460 - server_base - INFO - Server aggregate model with homomorphic encryption ...
2024-11-19 03:03:49,035 - server_base - INFO - Server aggregate model done, cost time : 0m:10s:575ms
2024-11-19 03:03:59,906 - fed_utils - INFO - decrypting key [features.0.weight].shape [torch.Size([64, 3, 5, 5])]
2024-11-19 03:04:00,052 - fed_utils - INFO - decrypting key [features.0.bias].shape [torch.Size([64])]
2024-11-19 03:04:00,053 - fed_utils - INFO - decrypting key [features.4.weight].shape [torch.Size([64, 64, 5, 5])]
2024-11-19 03:04:00,053 - fed_utils - INFO - decrypting key [features.4.bias].shape [torch.Size([64])]
2024-11-19 03:04:00,060 - fed_utils - INFO - decrypting key [classifier.0.weight].shape [torch.Size([384, 4096])]
2024-11-19 03:04:00,060 - fed_utils - INFO - decrypting key [classifier.0.bias].shape [torch.Size([384])]
2024-11-19 03:04:00,060 - fed_utils - INFO - decrypting key [classifier.2.weight].shape [torch.Size([192, 384])]
2024-11-19 03:04:00,060 - fed_utils - INFO - decrypting key [classifier.2.bias].shape [torch.Size([192])]
2024-11-19 03:04:04,409 - fed_utils - INFO - decrypting key [classifier.4.weight].shape [torch.Size([10, 192])]
2024-11-19 03:04:04,432 - fed_utils - INFO - decrypting key [classifier.4.bias].shape [torch.Size([10])]
2024-11-19 03:04:04,432 - fed_utils - INFO - decrypt time : [0m:15s:396ms]
2024-11-19 03:04:04,499 - fl_main - INFO - [global round : 29] aggregated model accuracy : 0.7743
2024-11-19 03:04:04,499 - fl_main - INFO - [global round : 29] aggregated model loss : 0.2011524079316176
2024-11-19 03:04:04,500 - fl_main - INFO - global round : 30
2024-11-19 03:04:04,500 - fl_main - INFO - the random client id to test accuracy : f_00004
2024-11-19 03:04:04,500 - fl_main - INFO - ----- client id [f_00000] -----
2024-11-19 03:04:04,512 - fed_utils - INFO - init global model cost time : 0m:0s:11ms
2024-11-19 03:04:04,514 - client_base - INFO - recover model cost time : 0m:0s:0ms
2024-11-19 03:04:04,515 - fl_main - INFO - client_dict[f_00000] training ...
2024-11-19 03:04:04,528 - client_base - INFO - client_dict[f_00000] training epoch : 0
2024-11-19 03:04:13,696 - client_base - INFO - local model train cost time : 0m:9s:167ms
2024-11-19 03:04:13,697 - client_base - INFO - model encode time : 0m:0s:1ms
2024-11-19 03:04:13,698 - fl_main - INFO - client_dict[f_00000] local model encrypting ...
2024-11-19 03:04:51,551 - fed_utils - INFO - encrypting key [features.0.weight].length : 4800, cost time : 0m:37s:853ms
2024-11-19 03:04:52,067 - fed_utils - INFO - encrypting key [features.0.bias].length : 64, cost time : 0m:0s:516ms
2024-11-19 03:04:52,069 - fed_utils - INFO - load key [features.4.weight].length : 102400, cost time : 0m:0s:2ms
2024-11-19 03:04:52,070 - fed_utils - INFO - load key [features.4.bias].length : 64, cost time : 0m:0s:0ms
2024-11-19 03:04:52,102 - fed_utils - INFO - load key [classifier.0.weight].length : 1572864, cost time : 0m:0s:32ms
2024-11-19 03:04:52,102 - fed_utils - INFO - load key [classifier.0.bias].length : 384, cost time : 0m:0s:0ms
2024-11-19 03:04:52,104 - fed_utils - INFO - load key [classifier.2.weight].length : 73728, cost time : 0m:0s:1ms
2024-11-19 03:04:52,104 - fed_utils - INFO - load key [classifier.2.bias].length : 192, cost time : 0m:0s:0ms
2024-11-19 03:05:07,230 - fed_utils - INFO - encrypting key [classifier.4.weight].length : 1920, cost time : 0m:15s:125ms
2024-11-19 03:05:07,309 - fed_utils - INFO - encrypting key [classifier.4.bias].length : 10, cost time : 0m:0s:79ms
2024-11-19 03:05:07,333 - fl_main - INFO - Server receive client_dict[f_00000] info ...
2024-11-19 03:05:07,334 - fl_main - INFO - ----- client id [f_00001] -----
2024-11-19 03:05:07,344 - fed_utils - INFO - init global model cost time : 0m:0s:10ms
2024-11-19 03:05:07,346 - client_base - INFO - recover model cost time : 0m:0s:0ms
2024-11-19 03:05:07,346 - fl_main - INFO - client_dict[f_00001] training ...
2024-11-19 03:05:07,348 - client_base - INFO - client_dict[f_00001] training epoch : 0
2024-11-19 03:05:16,585 - client_base - INFO - local model train cost time : 0m:9s:237ms
2024-11-19 03:05:16,587 - client_base - INFO - model encode time : 0m:0s:1ms
2024-11-19 03:05:16,587 - fl_main - INFO - client_dict[f_00001] local model encrypting ...
2024-11-19 03:05:54,448 - fed_utils - INFO - encrypting key [features.0.weight].length : 4800, cost time : 0m:37s:861ms
2024-11-19 03:05:54,964 - fed_utils - INFO - encrypting key [features.0.bias].length : 64, cost time : 0m:0s:516ms
2024-11-19 03:05:54,967 - fed_utils - INFO - load key [features.4.weight].length : 102400, cost time : 0m:0s:2ms
2024-11-19 03:05:54,967 - fed_utils - INFO - load key [features.4.bias].length : 64, cost time : 0m:0s:0ms
2024-11-19 03:05:55,009 - fed_utils - INFO - load key [classifier.0.weight].length : 1572864, cost time : 0m:0s:41ms
2024-11-19 03:05:55,009 - fed_utils - INFO - load key [classifier.0.bias].length : 384, cost time : 0m:0s:0ms
2024-11-19 03:05:55,011 - fed_utils - INFO - load key [classifier.2.weight].length : 73728, cost time : 0m:0s:1ms
2024-11-19 03:05:55,011 - fed_utils - INFO - load key [classifier.2.bias].length : 192, cost time : 0m:0s:0ms
2024-11-19 03:06:10,153 - fed_utils - INFO - encrypting key [classifier.4.weight].length : 1920, cost time : 0m:15s:142ms
2024-11-19 03:06:10,233 - fed_utils - INFO - encrypting key [classifier.4.bias].length : 10, cost time : 0m:0s:79ms
2024-11-19 03:06:10,233 - fl_main - INFO - Server receive client_dict[f_00001] info ...
2024-11-19 03:06:10,233 - fl_main - INFO - ----- client id [f_00002] -----
2024-11-19 03:06:10,242 - fed_utils - INFO - init global model cost time : 0m:0s:9ms
2024-11-19 03:06:10,244 - client_base - INFO - recover model cost time : 0m:0s:0ms
2024-11-19 03:06:10,244 - fl_main - INFO - client_dict[f_00002] training ...
2024-11-19 03:06:10,246 - client_base - INFO - client_dict[f_00002] training epoch : 0
2024-11-19 03:06:19,474 - client_base - INFO - local model train cost time : 0m:9s:227ms
2024-11-19 03:06:19,476 - client_base - INFO - model encode time : 0m:0s:1ms
2024-11-19 03:06:19,476 - fl_main - INFO - client_dict[f_00002] local model encrypting ...
2024-11-19 03:06:57,307 - fed_utils - INFO - encrypting key [features.0.weight].length : 4800, cost time : 0m:37s:830ms
2024-11-19 03:06:57,820 - fed_utils - INFO - encrypting key [features.0.bias].length : 64, cost time : 0m:0s:513ms
2024-11-19 03:06:57,823 - fed_utils - INFO - load key [features.4.weight].length : 102400, cost time : 0m:0s:2ms
2024-11-19 03:06:57,823 - fed_utils - INFO - load key [features.4.bias].length : 64, cost time : 0m:0s:0ms
2024-11-19 03:06:57,863 - fed_utils - INFO - load key [classifier.0.weight].length : 1572864, cost time : 0m:0s:39ms
2024-11-19 03:06:57,863 - fed_utils - INFO - load key [classifier.0.bias].length : 384, cost time : 0m:0s:0ms
2024-11-19 03:06:57,865 - fed_utils - INFO - load key [classifier.2.weight].length : 73728, cost time : 0m:0s:1ms
2024-11-19 03:06:57,865 - fed_utils - INFO - load key [classifier.2.bias].length : 192, cost time : 0m:0s:0ms
2024-11-19 03:07:12,985 - fed_utils - INFO - encrypting key [classifier.4.weight].length : 1920, cost time : 0m:15s:119ms
2024-11-19 03:07:13,064 - fed_utils - INFO - encrypting key [classifier.4.bias].length : 10, cost time : 0m:0s:79ms
2024-11-19 03:07:13,064 - fl_main - INFO - Server receive client_dict[f_00002] info ...
2024-11-19 03:07:13,065 - fl_main - INFO - ----- client id [f_00003] -----
2024-11-19 03:07:13,074 - fed_utils - INFO - init global model cost time : 0m:0s:9ms
2024-11-19 03:07:13,076 - client_base - INFO - recover model cost time : 0m:0s:0ms
2024-11-19 03:07:13,076 - fl_main - INFO - client_dict[f_00003] training ...
2024-11-19 03:07:13,078 - client_base - INFO - client_dict[f_00003] training epoch : 0
2024-11-19 03:07:22,264 - client_base - INFO - local model train cost time : 0m:9s:186ms
2024-11-19 03:07:22,266 - client_base - INFO - model encode time : 0m:0s:1ms
2024-11-19 03:07:22,266 - fl_main - INFO - client_dict[f_00003] local model encrypting ...
2024-11-19 03:08:00,096 - fed_utils - INFO - encrypting key [features.0.weight].length : 4800, cost time : 0m:37s:829ms
2024-11-19 03:08:00,612 - fed_utils - INFO - encrypting key [features.0.bias].length : 64, cost time : 0m:0s:516ms
2024-11-19 03:08:00,615 - fed_utils - INFO - load key [features.4.weight].length : 102400, cost time : 0m:0s:2ms
2024-11-19 03:08:00,615 - fed_utils - INFO - load key [features.4.bias].length : 64, cost time : 0m:0s:0ms
2024-11-19 03:08:00,655 - fed_utils - INFO - load key [classifier.0.weight].length : 1572864, cost time : 0m:0s:39ms
2024-11-19 03:08:00,655 - fed_utils - INFO - load key [classifier.0.bias].length : 384, cost time : 0m:0s:0ms
2024-11-19 03:08:00,657 - fed_utils - INFO - load key [classifier.2.weight].length : 73728, cost time : 0m:0s:1ms
2024-11-19 03:08:00,657 - fed_utils - INFO - load key [classifier.2.bias].length : 192, cost time : 0m:0s:0ms
2024-11-19 03:08:15,792 - fed_utils - INFO - encrypting key [classifier.4.weight].length : 1920, cost time : 0m:15s:134ms
2024-11-19 03:08:15,871 - fed_utils - INFO - encrypting key [classifier.4.bias].length : 10, cost time : 0m:0s:79ms
2024-11-19 03:08:15,871 - fl_main - INFO - Server receive client_dict[f_00003] info ...
2024-11-19 03:08:15,872 - fl_main - INFO - ----- client id [f_00004] -----
2024-11-19 03:08:15,881 - fed_utils - INFO - init global model cost time : 0m:0s:9ms
2024-11-19 03:08:15,883 - client_base - INFO - recover model cost time : 0m:0s:0ms
2024-11-19 03:08:18,351 - fl_main - INFO - global round [30] client_dict[f_00004].accuracy : 0.774300
2024-11-19 03:08:18,351 - fl_main - INFO - client_dict[f_00004] training ...
2024-11-19 03:08:18,351 - client_base - INFO - client_dict[f_00004] training epoch : 0
2024-11-19 03:08:27,618 - client_base - INFO - local model train cost time : 0m:9s:266ms
2024-11-19 03:08:27,619 - client_base - INFO - model encode time : 0m:0s:1ms
2024-11-19 03:08:27,620 - fl_main - INFO - client_dict[f_00004] local model encrypting ...
2024-11-19 03:09:05,403 - fed_utils - INFO - encrypting key [features.0.weight].length : 4800, cost time : 0m:37s:783ms
2024-11-19 03:09:05,917 - fed_utils - INFO - encrypting key [features.0.bias].length : 64, cost time : 0m:0s:513ms
2024-11-19 03:09:05,920 - fed_utils - INFO - load key [features.4.weight].length : 102400, cost time : 0m:0s:2ms
2024-11-19 03:09:05,920 - fed_utils - INFO - load key [features.4.bias].length : 64, cost time : 0m:0s:0ms
2024-11-19 03:09:05,959 - fed_utils - INFO - load key [classifier.0.weight].length : 1572864, cost time : 0m:0s:39ms
2024-11-19 03:09:05,959 - fed_utils - INFO - load key [classifier.0.bias].length : 384, cost time : 0m:0s:0ms
2024-11-19 03:09:05,961 - fed_utils - INFO - load key [classifier.2.weight].length : 73728, cost time : 0m:0s:1ms
2024-11-19 03:09:05,961 - fed_utils - INFO - load key [classifier.2.bias].length : 192, cost time : 0m:0s:0ms
2024-11-19 03:09:21,081 - fed_utils - INFO - encrypting key [classifier.4.weight].length : 1920, cost time : 0m:15s:119ms
2024-11-19 03:09:21,160 - fed_utils - INFO - encrypting key [classifier.4.bias].length : 10, cost time : 0m:0s:79ms
2024-11-19 03:09:21,161 - fl_main - INFO - Server receive client_dict[f_00004] info ...
2024-11-19 03:09:21,161 - fl_main - INFO - global aggregation process ...
2024-11-19 03:09:21,161 - fed_utils - INFO - server.n_data : 50000
2024-11-19 03:09:21,161 - fed_utils - INFO - client_dict[f_00000].weight : 0.200000
2024-11-19 03:09:21,161 - fed_utils - INFO - client_dict[f_00001].weight : 0.200000
2024-11-19 03:09:21,161 - fed_utils - INFO - client_dict[f_00002].weight : 0.200000
2024-11-19 03:09:21,161 - fed_utils - INFO - client_dict[f_00003].weight : 0.200000
2024-11-19 03:09:21,161 - fed_utils - INFO - client_dict[f_00004].weight : 0.200000
2024-11-19 03:09:21,161 - fed_utils - INFO - recover secret number by clients: 3157279.000000
2024-11-19 03:09:21,161 - server_base - INFO - Server aggregate model with homomorphic encryption ...
2024-11-19 03:09:31,711 - server_base - INFO - Server aggregate model done, cost time : 0m:10s:550ms
2024-11-19 03:09:42,582 - fed_utils - INFO - decrypting key [features.0.weight].shape [torch.Size([64, 3, 5, 5])]
2024-11-19 03:09:42,727 - fed_utils - INFO - decrypting key [features.0.bias].shape [torch.Size([64])]
2024-11-19 03:09:42,728 - fed_utils - INFO - decrypting key [features.4.weight].shape [torch.Size([64, 64, 5, 5])]
2024-11-19 03:09:42,728 - fed_utils - INFO - decrypting key [features.4.bias].shape [torch.Size([64])]
2024-11-19 03:09:42,735 - fed_utils - INFO - decrypting key [classifier.0.weight].shape [torch.Size([384, 4096])]
2024-11-19 03:09:42,735 - fed_utils - INFO - decrypting key [classifier.0.bias].shape [torch.Size([384])]
2024-11-19 03:09:42,735 - fed_utils - INFO - decrypting key [classifier.2.weight].shape [torch.Size([192, 384])]
2024-11-19 03:09:42,735 - fed_utils - INFO - decrypting key [classifier.2.bias].shape [torch.Size([192])]
2024-11-19 03:09:47,084 - fed_utils - INFO - decrypting key [classifier.4.weight].shape [torch.Size([10, 192])]
2024-11-19 03:09:47,107 - fed_utils - INFO - decrypting key [classifier.4.bias].shape [torch.Size([10])]
2024-11-19 03:09:47,107 - fed_utils - INFO - decrypt time : [0m:15s:395ms]
2024-11-19 03:09:47,173 - fl_main - INFO - [global round : 30] aggregated model accuracy : 0.7743
2024-11-19 03:09:47,174 - fl_main - INFO - [global round : 30] aggregated model loss : 0.32906113558402145
2024-11-19 03:09:47,175 - fl_main - INFO - global round : 31
2024-11-19 03:09:47,175 - fl_main - INFO - the random client id to test accuracy : f_00002
2024-11-19 03:09:47,175 - fl_main - INFO - ----- client id [f_00000] -----
2024-11-19 03:09:47,187 - fed_utils - INFO - init global model cost time : 0m:0s:12ms
2024-11-19 03:09:47,189 - client_base - INFO - recover model cost time : 0m:0s:0ms
2024-11-19 03:09:47,189 - fl_main - INFO - client_dict[f_00000] training ...
2024-11-19 03:09:47,197 - client_base - INFO - client_dict[f_00000] training epoch : 0
2024-11-19 03:09:56,453 - client_base - INFO - local model train cost time : 0m:9s:255ms
2024-11-19 03:09:56,455 - client_base - INFO - model encode time : 0m:0s:1ms
2024-11-19 03:09:56,455 - fl_main - INFO - client_dict[f_00000] local model encrypting ...
2024-11-19 03:10:34,338 - fed_utils - INFO - encrypting key [features.0.weight].length : 4800, cost time : 0m:37s:882ms
2024-11-19 03:10:34,852 - fed_utils - INFO - encrypting key [features.0.bias].length : 64, cost time : 0m:0s:514ms
2024-11-19 03:10:34,854 - fed_utils - INFO - load key [features.4.weight].length : 102400, cost time : 0m:0s:2ms
2024-11-19 03:10:34,854 - fed_utils - INFO - load key [features.4.bias].length : 64, cost time : 0m:0s:0ms
2024-11-19 03:10:34,887 - fed_utils - INFO - load key [classifier.0.weight].length : 1572864, cost time : 0m:0s:32ms
2024-11-19 03:10:34,887 - fed_utils - INFO - load key [classifier.0.bias].length : 384, cost time : 0m:0s:0ms
2024-11-19 03:10:34,889 - fed_utils - INFO - load key [classifier.2.weight].length : 73728, cost time : 0m:0s:1ms
2024-11-19 03:10:34,889 - fed_utils - INFO - load key [classifier.2.bias].length : 192, cost time : 0m:0s:0ms
2024-11-19 03:10:50,010 - fed_utils - INFO - encrypting key [classifier.4.weight].length : 1920, cost time : 0m:15s:120ms
2024-11-19 03:10:50,090 - fed_utils - INFO - encrypting key [classifier.4.bias].length : 10, cost time : 0m:0s:79ms
2024-11-19 03:10:50,114 - fl_main - INFO - Server receive client_dict[f_00000] info ...
2024-11-19 03:10:50,114 - fl_main - INFO - ----- client id [f_00001] -----
2024-11-19 03:10:50,127 - fed_utils - INFO - init global model cost time : 0m:0s:12ms
2024-11-19 03:10:50,129 - client_base - INFO - recover model cost time : 0m:0s:0ms
2024-11-19 03:10:50,129 - fl_main - INFO - client_dict[f_00001] training ...
2024-11-19 03:10:50,131 - client_base - INFO - client_dict[f_00001] training epoch : 0
2024-11-19 03:10:59,402 - client_base - INFO - local model train cost time : 0m:9s:271ms
2024-11-19 03:10:59,404 - client_base - INFO - model encode time : 0m:0s:1ms
2024-11-19 03:10:59,404 - fl_main - INFO - client_dict[f_00001] local model encrypting ...
2024-11-19 03:11:37,270 - fed_utils - INFO - encrypting key [features.0.weight].length : 4800, cost time : 0m:37s:865ms
2024-11-19 03:11:37,784 - fed_utils - INFO - encrypting key [features.0.bias].length : 64, cost time : 0m:0s:514ms
2024-11-19 03:11:37,787 - fed_utils - INFO - load key [features.4.weight].length : 102400, cost time : 0m:0s:2ms
2024-11-19 03:11:37,787 - fed_utils - INFO - load key [features.4.bias].length : 64, cost time : 0m:0s:0ms
2024-11-19 03:11:37,828 - fed_utils - INFO - load key [classifier.0.weight].length : 1572864, cost time : 0m:0s:40ms
2024-11-19 03:11:37,828 - fed_utils - INFO - load key [classifier.0.bias].length : 384, cost time : 0m:0s:0ms
2024-11-19 03:11:37,830 - fed_utils - INFO - load key [classifier.2.weight].length : 73728, cost time : 0m:0s:1ms
2024-11-19 03:11:37,830 - fed_utils - INFO - load key [classifier.2.bias].length : 192, cost time : 0m:0s:0ms
2024-11-19 03:11:52,983 - fed_utils - INFO - encrypting key [classifier.4.weight].length : 1920, cost time : 0m:15s:153ms
2024-11-19 03:11:53,063 - fed_utils - INFO - encrypting key [classifier.4.bias].length : 10, cost time : 0m:0s:79ms
2024-11-19 03:11:53,063 - fl_main - INFO - Server receive client_dict[f_00001] info ...
2024-11-19 03:11:53,063 - fl_main - INFO - ----- client id [f_00002] -----
2024-11-19 03:11:53,072 - fed_utils - INFO - init global model cost time : 0m:0s:9ms
2024-11-19 03:11:53,074 - client_base - INFO - recover model cost time : 0m:0s:0ms
2024-11-19 03:11:55,541 - fl_main - INFO - global round [31] client_dict[f_00002].accuracy : 0.775200
2024-11-19 03:11:55,541 - fl_main - INFO - client_dict[f_00002] training ...
2024-11-19 03:11:55,541 - client_base - INFO - client_dict[f_00002] training epoch : 0
2024-11-19 03:12:04,767 - client_base - INFO - local model train cost time : 0m:9s:225ms
2024-11-19 03:12:04,769 - client_base - INFO - model encode time : 0m:0s:1ms
2024-11-19 03:12:04,769 - fl_main - INFO - client_dict[f_00002] local model encrypting ...
2024-11-19 03:12:42,660 - fed_utils - INFO - encrypting key [features.0.weight].length : 4800, cost time : 0m:37s:890ms
2024-11-19 03:12:43,174 - fed_utils - INFO - encrypting key [features.0.bias].length : 64, cost time : 0m:0s:513ms
2024-11-19 03:12:43,176 - fed_utils - INFO - load key [features.4.weight].length : 102400, cost time : 0m:0s:2ms
2024-11-19 03:12:43,177 - fed_utils - INFO - load key [features.4.bias].length : 64, cost time : 0m:0s:0ms
2024-11-19 03:12:43,217 - fed_utils - INFO - load key [classifier.0.weight].length : 1572864, cost time : 0m:0s:39ms
2024-11-19 03:12:43,217 - fed_utils - INFO - load key [classifier.0.bias].length : 384, cost time : 0m:0s:0ms
2024-11-19 03:12:43,219 - fed_utils - INFO - load key [classifier.2.weight].length : 73728, cost time : 0m:0s:1ms
2024-11-19 03:12:43,219 - fed_utils - INFO - load key [classifier.2.bias].length : 192, cost time : 0m:0s:0ms
2024-11-19 03:12:58,335 - fed_utils - INFO - encrypting key [classifier.4.weight].length : 1920, cost time : 0m:15s:116ms
2024-11-19 03:12:58,415 - fed_utils - INFO - encrypting key [classifier.4.bias].length : 10, cost time : 0m:0s:79ms
2024-11-19 03:12:58,415 - fl_main - INFO - Server receive client_dict[f_00002] info ...
2024-11-19 03:12:58,415 - fl_main - INFO - ----- client id [f_00003] -----
2024-11-19 03:12:58,424 - fed_utils - INFO - init global model cost time : 0m:0s:9ms
2024-11-19 03:12:58,426 - client_base - INFO - recover model cost time : 0m:0s:0ms
2024-11-19 03:12:58,426 - fl_main - INFO - client_dict[f_00003] training ...
2024-11-19 03:12:58,428 - client_base - INFO - client_dict[f_00003] training epoch : 0
2024-11-19 03:13:07,716 - client_base - INFO - local model train cost time : 0m:9s:287ms
2024-11-19 03:13:07,717 - client_base - INFO - model encode time : 0m:0s:1ms
2024-11-19 03:13:07,718 - fl_main - INFO - client_dict[f_00003] local model encrypting ...
2024-11-19 03:13:45,558 - fed_utils - INFO - encrypting key [features.0.weight].length : 4800, cost time : 0m:37s:839ms
2024-11-19 03:13:46,072 - fed_utils - INFO - encrypting key [features.0.bias].length : 64, cost time : 0m:0s:514ms
2024-11-19 03:13:46,074 - fed_utils - INFO - load key [features.4.weight].length : 102400, cost time : 0m:0s:2ms
2024-11-19 03:13:46,075 - fed_utils - INFO - load key [features.4.bias].length : 64, cost time : 0m:0s:0ms
2024-11-19 03:13:46,114 - fed_utils - INFO - load key [classifier.0.weight].length : 1572864, cost time : 0m:0s:39ms
2024-11-19 03:13:46,115 - fed_utils - INFO - load key [classifier.0.bias].length : 384, cost time : 0m:0s:0ms
2024-11-19 03:13:46,116 - fed_utils - INFO - load key [classifier.2.weight].length : 73728, cost time : 0m:0s:1ms
2024-11-19 03:13:46,116 - fed_utils - INFO - load key [classifier.2.bias].length : 192, cost time : 0m:0s:0ms
2024-11-19 03:14:01,239 - fed_utils - INFO - encrypting key [classifier.4.weight].length : 1920, cost time : 0m:15s:122ms
2024-11-19 03:14:01,318 - fed_utils - INFO - encrypting key [classifier.4.bias].length : 10, cost time : 0m:0s:79ms
2024-11-19 03:14:01,318 - fl_main - INFO - Server receive client_dict[f_00003] info ...
2024-11-19 03:14:01,319 - fl_main - INFO - ----- client id [f_00004] -----
2024-11-19 03:14:01,328 - fed_utils - INFO - init global model cost time : 0m:0s:9ms
2024-11-19 03:14:01,330 - client_base - INFO - recover model cost time : 0m:0s:0ms
2024-11-19 03:14:01,330 - fl_main - INFO - client_dict[f_00004] training ...
2024-11-19 03:14:01,332 - client_base - INFO - client_dict[f_00004] training epoch : 0
2024-11-19 03:14:10,599 - client_base - INFO - local model train cost time : 0m:9s:266ms
2024-11-19 03:14:10,600 - client_base - INFO - model encode time : 0m:0s:1ms
2024-11-19 03:14:10,601 - fl_main - INFO - client_dict[f_00004] local model encrypting ...
2024-11-19 03:14:48,495 - fed_utils - INFO - encrypting key [features.0.weight].length : 4800, cost time : 0m:37s:894ms
2024-11-19 03:14:49,011 - fed_utils - INFO - encrypting key [features.0.bias].length : 64, cost time : 0m:0s:515ms
2024-11-19 03:14:49,014 - fed_utils - INFO - load key [features.4.weight].length : 102400, cost time : 0m:0s:2ms
2024-11-19 03:14:49,014 - fed_utils - INFO - load key [features.4.bias].length : 64, cost time : 0m:0s:0ms
2024-11-19 03:14:49,053 - fed_utils - INFO - load key [classifier.0.weight].length : 1572864, cost time : 0m:0s:39ms
2024-11-19 03:14:49,053 - fed_utils - INFO - load key [classifier.0.bias].length : 384, cost time : 0m:0s:0ms
2024-11-19 03:14:49,055 - fed_utils - INFO - load key [classifier.2.weight].length : 73728, cost time : 0m:0s:1ms
2024-11-19 03:14:49,055 - fed_utils - INFO - load key [classifier.2.bias].length : 192, cost time : 0m:0s:0ms
2024-11-19 03:15:04,202 - fed_utils - INFO - encrypting key [classifier.4.weight].length : 1920, cost time : 0m:15s:147ms
2024-11-19 03:15:04,282 - fed_utils - INFO - encrypting key [classifier.4.bias].length : 10, cost time : 0m:0s:79ms
2024-11-19 03:15:04,282 - fl_main - INFO - Server receive client_dict[f_00004] info ...
2024-11-19 03:15:04,282 - fl_main - INFO - global aggregation process ...
2024-11-19 03:15:04,282 - fed_utils - INFO - server.n_data : 50000
2024-11-19 03:15:04,282 - fed_utils - INFO - client_dict[f_00000].weight : 0.200000
2024-11-19 03:15:04,282 - fed_utils - INFO - client_dict[f_00001].weight : 0.200000
2024-11-19 03:15:04,282 - fed_utils - INFO - client_dict[f_00002].weight : 0.200000
2024-11-19 03:15:04,282 - fed_utils - INFO - client_dict[f_00003].weight : 0.200000
2024-11-19 03:15:04,283 - fed_utils - INFO - client_dict[f_00004].weight : 0.200000
2024-11-19 03:15:04,283 - fed_utils - INFO - recover secret number by clients: 3157279.000000
2024-11-19 03:15:04,283 - server_base - INFO - Server aggregate model with homomorphic encryption ...
2024-11-19 03:15:14,876 - server_base - INFO - Server aggregate model done, cost time : 0m:10s:593ms
2024-11-19 03:15:25,746 - fed_utils - INFO - decrypting key [features.0.weight].shape [torch.Size([64, 3, 5, 5])]
2024-11-19 03:15:25,891 - fed_utils - INFO - decrypting key [features.0.bias].shape [torch.Size([64])]
2024-11-19 03:15:25,892 - fed_utils - INFO - decrypting key [features.4.weight].shape [torch.Size([64, 64, 5, 5])]
2024-11-19 03:15:25,892 - fed_utils - INFO - decrypting key [features.4.bias].shape [torch.Size([64])]
2024-11-19 03:15:25,899 - fed_utils - INFO - decrypting key [classifier.0.weight].shape [torch.Size([384, 4096])]
2024-11-19 03:15:25,899 - fed_utils - INFO - decrypting key [classifier.0.bias].shape [torch.Size([384])]
2024-11-19 03:15:25,899 - fed_utils - INFO - decrypting key [classifier.2.weight].shape [torch.Size([192, 384])]
2024-11-19 03:15:25,899 - fed_utils - INFO - decrypting key [classifier.2.bias].shape [torch.Size([192])]
2024-11-19 03:15:30,247 - fed_utils - INFO - decrypting key [classifier.4.weight].shape [torch.Size([10, 192])]
2024-11-19 03:15:30,270 - fed_utils - INFO - decrypting key [classifier.4.bias].shape [torch.Size([10])]
2024-11-19 03:15:30,270 - fed_utils - INFO - decrypt time : [0m:15s:393ms]
2024-11-19 03:15:30,337 - fl_main - INFO - [global round : 31] aggregated model accuracy : 0.7752
2024-11-19 03:15:30,338 - fl_main - INFO - [global round : 31] aggregated model loss : 0.17546335638290173
2024-11-19 03:15:30,338 - fl_main - INFO - global round : 32
2024-11-19 03:15:30,339 - fl_main - INFO - the random client id to test accuracy : f_00003
2024-11-19 03:15:30,339 - fl_main - INFO - ----- client id [f_00000] -----
2024-11-19 03:15:30,351 - fed_utils - INFO - init global model cost time : 0m:0s:11ms
2024-11-19 03:15:30,353 - client_base - INFO - recover model cost time : 0m:0s:0ms
2024-11-19 03:15:30,353 - fl_main - INFO - client_dict[f_00000] training ...
2024-11-19 03:15:30,367 - client_base - INFO - client_dict[f_00000] training epoch : 0
2024-11-19 03:15:39,528 - client_base - INFO - local model train cost time : 0m:9s:160ms
2024-11-19 03:15:39,529 - client_base - INFO - model encode time : 0m:0s:1ms
2024-11-19 03:15:39,530 - fl_main - INFO - client_dict[f_00000] local model encrypting ...
2024-11-19 03:16:17,363 - fed_utils - INFO - encrypting key [features.0.weight].length : 4800, cost time : 0m:37s:833ms
2024-11-19 03:16:17,878 - fed_utils - INFO - encrypting key [features.0.bias].length : 64, cost time : 0m:0s:514ms
2024-11-19 03:16:17,880 - fed_utils - INFO - load key [features.4.weight].length : 102400, cost time : 0m:0s:2ms
2024-11-19 03:16:17,880 - fed_utils - INFO - load key [features.4.bias].length : 64, cost time : 0m:0s:0ms
2024-11-19 03:16:17,912 - fed_utils - INFO - load key [classifier.0.weight].length : 1572864, cost time : 0m:0s:31ms
2024-11-19 03:16:17,912 - fed_utils - INFO - load key [classifier.0.bias].length : 384, cost time : 0m:0s:0ms
2024-11-19 03:16:17,914 - fed_utils - INFO - load key [classifier.2.weight].length : 73728, cost time : 0m:0s:1ms
2024-11-19 03:16:17,914 - fed_utils - INFO - load key [classifier.2.bias].length : 192, cost time : 0m:0s:0ms
2024-11-19 03:16:33,034 - fed_utils - INFO - encrypting key [classifier.4.weight].length : 1920, cost time : 0m:15s:119ms
2024-11-19 03:16:33,113 - fed_utils - INFO - encrypting key [classifier.4.bias].length : 10, cost time : 0m:0s:79ms
2024-11-19 03:16:33,138 - fl_main - INFO - Server receive client_dict[f_00000] info ...
2024-11-19 03:16:33,138 - fl_main - INFO - ----- client id [f_00001] -----
2024-11-19 03:16:33,148 - fed_utils - INFO - init global model cost time : 0m:0s:10ms
2024-11-19 03:16:33,150 - client_base - INFO - recover model cost time : 0m:0s:0ms
2024-11-19 03:16:33,150 - fl_main - INFO - client_dict[f_00001] training ...
2024-11-19 03:16:33,152 - client_base - INFO - client_dict[f_00001] training epoch : 0
2024-11-19 03:16:42,325 - client_base - INFO - local model train cost time : 0m:9s:173ms
2024-11-19 03:16:42,327 - client_base - INFO - model encode time : 0m:0s:1ms
2024-11-19 03:16:42,327 - fl_main - INFO - client_dict[f_00001] local model encrypting ...
2024-11-19 03:17:20,174 - fed_utils - INFO - encrypting key [features.0.weight].length : 4800, cost time : 0m:37s:846ms
2024-11-19 03:17:20,688 - fed_utils - INFO - encrypting key [features.0.bias].length : 64, cost time : 0m:0s:513ms
2024-11-19 03:17:20,690 - fed_utils - INFO - load key [features.4.weight].length : 102400, cost time : 0m:0s:2ms
2024-11-19 03:17:20,690 - fed_utils - INFO - load key [features.4.bias].length : 64, cost time : 0m:0s:0ms
2024-11-19 03:17:20,731 - fed_utils - INFO - load key [classifier.0.weight].length : 1572864, cost time : 0m:0s:40ms
2024-11-19 03:17:20,731 - fed_utils - INFO - load key [classifier.0.bias].length : 384, cost time : 0m:0s:0ms
2024-11-19 03:17:20,733 - fed_utils - INFO - load key [classifier.2.weight].length : 73728, cost time : 0m:0s:1ms
2024-11-19 03:17:20,733 - fed_utils - INFO - load key [classifier.2.bias].length : 192, cost time : 0m:0s:0ms
2024-11-19 03:17:35,858 - fed_utils - INFO - encrypting key [classifier.4.weight].length : 1920, cost time : 0m:15s:125ms
2024-11-19 03:17:35,938 - fed_utils - INFO - encrypting key [classifier.4.bias].length : 10, cost time : 0m:0s:79ms
2024-11-19 03:17:35,938 - fl_main - INFO - Server receive client_dict[f_00001] info ...
2024-11-19 03:17:35,938 - fl_main - INFO - ----- client id [f_00002] -----
2024-11-19 03:17:35,948 - fed_utils - INFO - init global model cost time : 0m:0s:9ms
2024-11-19 03:17:35,949 - client_base - INFO - recover model cost time : 0m:0s:0ms
2024-11-19 03:17:35,949 - fl_main - INFO - client_dict[f_00002] training ...
2024-11-19 03:17:35,951 - client_base - INFO - client_dict[f_00002] training epoch : 0
2024-11-19 03:17:45,098 - client_base - INFO - local model train cost time : 0m:9s:147ms
2024-11-19 03:17:45,100 - client_base - INFO - model encode time : 0m:0s:1ms
2024-11-19 03:17:45,100 - fl_main - INFO - client_dict[f_00002] local model encrypting ...
2024-11-19 03:18:23,007 - fed_utils - INFO - encrypting key [features.0.weight].length : 4800, cost time : 0m:37s:906ms
2024-11-19 03:18:23,522 - fed_utils - INFO - encrypting key [features.0.bias].length : 64, cost time : 0m:0s:515ms
2024-11-19 03:18:23,525 - fed_utils - INFO - load key [features.4.weight].length : 102400, cost time : 0m:0s:2ms
2024-11-19 03:18:23,525 - fed_utils - INFO - load key [features.4.bias].length : 64, cost time : 0m:0s:0ms
2024-11-19 03:18:23,565 - fed_utils - INFO - load key [classifier.0.weight].length : 1572864, cost time : 0m:0s:39ms
2024-11-19 03:18:23,565 - fed_utils - INFO - load key [classifier.0.bias].length : 384, cost time : 0m:0s:0ms
2024-11-19 03:18:23,567 - fed_utils - INFO - load key [classifier.2.weight].length : 73728, cost time : 0m:0s:1ms
2024-11-19 03:18:23,567 - fed_utils - INFO - load key [classifier.2.bias].length : 192, cost time : 0m:0s:0ms
2024-11-19 03:18:38,685 - fed_utils - INFO - encrypting key [classifier.4.weight].length : 1920, cost time : 0m:15s:117ms
2024-11-19 03:18:38,764 - fed_utils - INFO - encrypting key [classifier.4.bias].length : 10, cost time : 0m:0s:79ms
2024-11-19 03:18:38,764 - fl_main - INFO - Server receive client_dict[f_00002] info ...
2024-11-19 03:18:38,764 - fl_main - INFO - ----- client id [f_00003] -----
2024-11-19 03:18:38,774 - fed_utils - INFO - init global model cost time : 0m:0s:9ms
2024-11-19 03:18:38,775 - client_base - INFO - recover model cost time : 0m:0s:0ms
2024-11-19 03:18:41,220 - fl_main - INFO - global round [32] client_dict[f_00003].accuracy : 0.775300
2024-11-19 03:18:41,220 - fl_main - INFO - client_dict[f_00003] training ...
2024-11-19 03:18:41,221 - client_base - INFO - client_dict[f_00003] training epoch : 0
2024-11-19 03:18:50,392 - client_base - INFO - local model train cost time : 0m:9s:171ms
2024-11-19 03:18:50,394 - client_base - INFO - model encode time : 0m:0s:1ms
2024-11-19 03:18:50,394 - fl_main - INFO - client_dict[f_00003] local model encrypting ...
2024-11-19 03:19:28,303 - fed_utils - INFO - encrypting key [features.0.weight].length : 4800, cost time : 0m:37s:908ms
2024-11-19 03:19:28,820 - fed_utils - INFO - encrypting key [features.0.bias].length : 64, cost time : 0m:0s:516ms
2024-11-19 03:19:28,823 - fed_utils - INFO - load key [features.4.weight].length : 102400, cost time : 0m:0s:2ms
2024-11-19 03:19:28,823 - fed_utils - INFO - load key [features.4.bias].length : 64, cost time : 0m:0s:0ms
2024-11-19 03:19:28,862 - fed_utils - INFO - load key [classifier.0.weight].length : 1572864, cost time : 0m:0s:39ms
2024-11-19 03:19:28,862 - fed_utils - INFO - load key [classifier.0.bias].length : 384, cost time : 0m:0s:0ms
2024-11-19 03:19:28,864 - fed_utils - INFO - load key [classifier.2.weight].length : 73728, cost time : 0m:0s:1ms
2024-11-19 03:19:28,864 - fed_utils - INFO - load key [classifier.2.bias].length : 192, cost time : 0m:0s:0ms
2024-11-19 03:19:44,004 - fed_utils - INFO - encrypting key [classifier.4.weight].length : 1920, cost time : 0m:15s:139ms
2024-11-19 03:19:44,083 - fed_utils - INFO - encrypting key [classifier.4.bias].length : 10, cost time : 0m:0s:79ms
2024-11-19 03:19:44,083 - fl_main - INFO - Server receive client_dict[f_00003] info ...
2024-11-19 03:19:44,083 - fl_main - INFO - ----- client id [f_00004] -----
2024-11-19 03:19:44,093 - fed_utils - INFO - init global model cost time : 0m:0s:9ms
2024-11-19 03:19:44,095 - client_base - INFO - recover model cost time : 0m:0s:0ms
2024-11-19 03:19:44,095 - fl_main - INFO - client_dict[f_00004] training ...
2024-11-19 03:19:44,097 - client_base - INFO - client_dict[f_00004] training epoch : 0
2024-11-19 03:19:53,277 - client_base - INFO - local model train cost time : 0m:9s:180ms
2024-11-19 03:19:53,279 - client_base - INFO - model encode time : 0m:0s:1ms
2024-11-19 03:19:53,279 - fl_main - INFO - client_dict[f_00004] local model encrypting ...
2024-11-19 03:20:31,097 - fed_utils - INFO - encrypting key [features.0.weight].length : 4800, cost time : 0m:37s:818ms
2024-11-19 03:20:31,611 - fed_utils - INFO - encrypting key [features.0.bias].length : 64, cost time : 0m:0s:513ms
2024-11-19 03:20:31,614 - fed_utils - INFO - load key [features.4.weight].length : 102400, cost time : 0m:0s:2ms
2024-11-19 03:20:31,614 - fed_utils - INFO - load key [features.4.bias].length : 64, cost time : 0m:0s:0ms
2024-11-19 03:20:31,654 - fed_utils - INFO - load key [classifier.0.weight].length : 1572864, cost time : 0m:0s:39ms
2024-11-19 03:20:31,654 - fed_utils - INFO - load key [classifier.0.bias].length : 384, cost time : 0m:0s:0ms
2024-11-19 03:20:31,656 - fed_utils - INFO - load key [classifier.2.weight].length : 73728, cost time : 0m:0s:1ms
2024-11-19 03:20:31,656 - fed_utils - INFO - load key [classifier.2.bias].length : 192, cost time : 0m:0s:0ms
2024-11-19 03:20:46,783 - fed_utils - INFO - encrypting key [classifier.4.weight].length : 1920, cost time : 0m:15s:126ms
2024-11-19 03:20:46,862 - fed_utils - INFO - encrypting key [classifier.4.bias].length : 10, cost time : 0m:0s:79ms
2024-11-19 03:20:46,862 - fl_main - INFO - Server receive client_dict[f_00004] info ...
2024-11-19 03:20:46,862 - fl_main - INFO - global aggregation process ...
2024-11-19 03:20:46,862 - fed_utils - INFO - server.n_data : 50000
2024-11-19 03:20:46,863 - fed_utils - INFO - client_dict[f_00000].weight : 0.200000
2024-11-19 03:20:46,863 - fed_utils - INFO - client_dict[f_00001].weight : 0.200000
2024-11-19 03:20:46,863 - fed_utils - INFO - client_dict[f_00002].weight : 0.200000
2024-11-19 03:20:46,863 - fed_utils - INFO - client_dict[f_00003].weight : 0.200000
2024-11-19 03:20:46,863 - fed_utils - INFO - client_dict[f_00004].weight : 0.200000
2024-11-19 03:20:46,863 - fed_utils - INFO - recover secret number by clients: 3157279.000000
2024-11-19 03:20:46,863 - server_base - INFO - Server aggregate model with homomorphic encryption ...
2024-11-19 03:20:57,440 - server_base - INFO - Server aggregate model done, cost time : 0m:10s:577ms
2024-11-19 03:21:08,310 - fed_utils - INFO - decrypting key [features.0.weight].shape [torch.Size([64, 3, 5, 5])]
2024-11-19 03:21:08,455 - fed_utils - INFO - decrypting key [features.0.bias].shape [torch.Size([64])]
2024-11-19 03:21:08,456 - fed_utils - INFO - decrypting key [features.4.weight].shape [torch.Size([64, 64, 5, 5])]
2024-11-19 03:21:08,456 - fed_utils - INFO - decrypting key [features.4.bias].shape [torch.Size([64])]
2024-11-19 03:21:08,463 - fed_utils - INFO - decrypting key [classifier.0.weight].shape [torch.Size([384, 4096])]
2024-11-19 03:21:08,463 - fed_utils - INFO - decrypting key [classifier.0.bias].shape [torch.Size([384])]
2024-11-19 03:21:08,463 - fed_utils - INFO - decrypting key [classifier.2.weight].shape [torch.Size([192, 384])]
2024-11-19 03:21:08,463 - fed_utils - INFO - decrypting key [classifier.2.bias].shape [torch.Size([192])]
2024-11-19 03:21:12,811 - fed_utils - INFO - decrypting key [classifier.4.weight].shape [torch.Size([10, 192])]
2024-11-19 03:21:12,834 - fed_utils - INFO - decrypting key [classifier.4.bias].shape [torch.Size([10])]
2024-11-19 03:21:12,834 - fed_utils - INFO - decrypt time : [0m:15s:393ms]
2024-11-19 03:21:12,901 - fl_main - INFO - [global round : 32] aggregated model accuracy : 0.7753
2024-11-19 03:21:12,902 - fl_main - INFO - [global round : 32] aggregated model loss : 0.43200072011288293
2024-11-19 03:21:12,903 - fl_main - INFO - global round : 33
2024-11-19 03:21:12,903 - fl_main - INFO - the random client id to test accuracy : f_00004
2024-11-19 03:21:12,903 - fl_main - INFO - ----- client id [f_00000] -----
2024-11-19 03:21:12,915 - fed_utils - INFO - init global model cost time : 0m:0s:11ms
2024-11-19 03:21:12,917 - client_base - INFO - recover model cost time : 0m:0s:0ms
2024-11-19 03:21:12,917 - fl_main - INFO - client_dict[f_00000] training ...
2024-11-19 03:21:12,926 - client_base - INFO - client_dict[f_00000] training epoch : 0
2024-11-19 03:21:22,131 - client_base - INFO - local model train cost time : 0m:9s:204ms
2024-11-19 03:21:22,133 - client_base - INFO - model encode time : 0m:0s:1ms
2024-11-19 03:21:22,133 - fl_main - INFO - client_dict[f_00000] local model encrypting ...
2024-11-19 03:22:00,145 - fed_utils - INFO - encrypting key [features.0.weight].length : 4800, cost time : 0m:38s:11ms
2024-11-19 03:22:00,659 - fed_utils - INFO - encrypting key [features.0.bias].length : 64, cost time : 0m:0s:514ms
2024-11-19 03:22:00,661 - fed_utils - INFO - load key [features.4.weight].length : 102400, cost time : 0m:0s:2ms
2024-11-19 03:22:00,661 - fed_utils - INFO - load key [features.4.bias].length : 64, cost time : 0m:0s:0ms
2024-11-19 03:22:00,693 - fed_utils - INFO - load key [classifier.0.weight].length : 1572864, cost time : 0m:0s:31ms
2024-11-19 03:22:00,693 - fed_utils - INFO - load key [classifier.0.bias].length : 384, cost time : 0m:0s:0ms
2024-11-19 03:22:00,695 - fed_utils - INFO - load key [classifier.2.weight].length : 73728, cost time : 0m:0s:2ms
2024-11-19 03:22:00,695 - fed_utils - INFO - load key [classifier.2.bias].length : 192, cost time : 0m:0s:0ms
2024-11-19 03:22:15,819 - fed_utils - INFO - encrypting key [classifier.4.weight].length : 1920, cost time : 0m:15s:123ms
2024-11-19 03:22:15,898 - fed_utils - INFO - encrypting key [classifier.4.bias].length : 10, cost time : 0m:0s:79ms
2024-11-19 03:22:15,923 - fl_main - INFO - Server receive client_dict[f_00000] info ...
2024-11-19 03:22:15,923 - fl_main - INFO - ----- client id [f_00001] -----
2024-11-19 03:22:15,934 - fed_utils - INFO - init global model cost time : 0m:0s:10ms
2024-11-19 03:22:15,936 - client_base - INFO - recover model cost time : 0m:0s:0ms
2024-11-19 03:22:15,936 - fl_main - INFO - client_dict[f_00001] training ...
2024-11-19 03:22:15,937 - client_base - INFO - client_dict[f_00001] training epoch : 0
2024-11-19 03:22:25,123 - client_base - INFO - local model train cost time : 0m:9s:185ms
2024-11-19 03:22:25,125 - client_base - INFO - model encode time : 0m:0s:1ms
2024-11-19 03:22:25,125 - fl_main - INFO - client_dict[f_00001] local model encrypting ...
2024-11-19 03:23:03,042 - fed_utils - INFO - encrypting key [features.0.weight].length : 4800, cost time : 0m:37s:916ms
2024-11-19 03:23:03,555 - fed_utils - INFO - encrypting key [features.0.bias].length : 64, cost time : 0m:0s:513ms
2024-11-19 03:23:03,558 - fed_utils - INFO - load key [features.4.weight].length : 102400, cost time : 0m:0s:2ms
2024-11-19 03:23:03,558 - fed_utils - INFO - load key [features.4.bias].length : 64, cost time : 0m:0s:0ms
2024-11-19 03:23:03,599 - fed_utils - INFO - load key [classifier.0.weight].length : 1572864, cost time : 0m:0s:40ms
2024-11-19 03:23:03,599 - fed_utils - INFO - load key [classifier.0.bias].length : 384, cost time : 0m:0s:0ms
2024-11-19 03:23:03,601 - fed_utils - INFO - load key [classifier.2.weight].length : 73728, cost time : 0m:0s:2ms
2024-11-19 03:23:03,601 - fed_utils - INFO - load key [classifier.2.bias].length : 192, cost time : 0m:0s:0ms
2024-11-19 03:23:18,741 - fed_utils - INFO - encrypting key [classifier.4.weight].length : 1920, cost time : 0m:15s:139ms
2024-11-19 03:23:18,820 - fed_utils - INFO - encrypting key [classifier.4.bias].length : 10, cost time : 0m:0s:79ms
2024-11-19 03:23:18,820 - fl_main - INFO - Server receive client_dict[f_00001] info ...
2024-11-19 03:23:18,820 - fl_main - INFO - ----- client id [f_00002] -----
2024-11-19 03:23:18,830 - fed_utils - INFO - init global model cost time : 0m:0s:9ms
2024-11-19 03:23:18,832 - client_base - INFO - recover model cost time : 0m:0s:0ms
2024-11-19 03:23:18,832 - fl_main - INFO - client_dict[f_00002] training ...
2024-11-19 03:23:18,833 - client_base - INFO - client_dict[f_00002] training epoch : 0
2024-11-19 03:23:28,020 - client_base - INFO - local model train cost time : 0m:9s:186ms
2024-11-19 03:23:28,022 - client_base - INFO - model encode time : 0m:0s:1ms
2024-11-19 03:23:28,022 - fl_main - INFO - client_dict[f_00002] local model encrypting ...
2024-11-19 03:24:05,857 - fed_utils - INFO - encrypting key [features.0.weight].length : 4800, cost time : 0m:37s:834ms
2024-11-19 03:24:06,373 - fed_utils - INFO - encrypting key [features.0.bias].length : 64, cost time : 0m:0s:515ms
2024-11-19 03:24:06,375 - fed_utils - INFO - load key [features.4.weight].length : 102400, cost time : 0m:0s:2ms
2024-11-19 03:24:06,375 - fed_utils - INFO - load key [features.4.bias].length : 64, cost time : 0m:0s:0ms
2024-11-19 03:24:06,416 - fed_utils - INFO - load key [classifier.0.weight].length : 1572864, cost time : 0m:0s:40ms
2024-11-19 03:24:06,416 - fed_utils - INFO - load key [classifier.0.bias].length : 384, cost time : 0m:0s:0ms
2024-11-19 03:24:06,418 - fed_utils - INFO - load key [classifier.2.weight].length : 73728, cost time : 0m:0s:1ms
2024-11-19 03:24:06,418 - fed_utils - INFO - load key [classifier.2.bias].length : 192, cost time : 0m:0s:0ms
2024-11-19 03:24:21,537 - fed_utils - INFO - encrypting key [classifier.4.weight].length : 1920, cost time : 0m:15s:119ms
2024-11-19 03:24:21,617 - fed_utils - INFO - encrypting key [classifier.4.bias].length : 10, cost time : 0m:0s:79ms
2024-11-19 03:24:21,617 - fl_main - INFO - Server receive client_dict[f_00002] info ...
2024-11-19 03:24:21,617 - fl_main - INFO - ----- client id [f_00003] -----
2024-11-19 03:24:21,627 - fed_utils - INFO - init global model cost time : 0m:0s:9ms
2024-11-19 03:24:21,628 - client_base - INFO - recover model cost time : 0m:0s:0ms
2024-11-19 03:24:21,629 - fl_main - INFO - client_dict[f_00003] training ...
2024-11-19 03:24:21,630 - client_base - INFO - client_dict[f_00003] training epoch : 0
2024-11-19 03:24:30,849 - client_base - INFO - local model train cost time : 0m:9s:218ms
2024-11-19 03:24:30,851 - client_base - INFO - model encode time : 0m:0s:1ms
2024-11-19 03:24:30,851 - fl_main - INFO - client_dict[f_00003] local model encrypting ...
2024-11-19 03:25:08,652 - fed_utils - INFO - encrypting key [features.0.weight].length : 4800, cost time : 0m:37s:801ms
2024-11-19 03:25:09,168 - fed_utils - INFO - encrypting key [features.0.bias].length : 64, cost time : 0m:0s:515ms
2024-11-19 03:25:09,171 - fed_utils - INFO - load key [features.4.weight].length : 102400, cost time : 0m:0s:2ms
2024-11-19 03:25:09,171 - fed_utils - INFO - load key [features.4.bias].length : 64, cost time : 0m:0s:0ms
2024-11-19 03:25:09,210 - fed_utils - INFO - load key [classifier.0.weight].length : 1572864, cost time : 0m:0s:39ms
2024-11-19 03:25:09,211 - fed_utils - INFO - load key [classifier.0.bias].length : 384, cost time : 0m:0s:0ms
2024-11-19 03:25:09,212 - fed_utils - INFO - load key [classifier.2.weight].length : 73728, cost time : 0m:0s:1ms
2024-11-19 03:25:09,212 - fed_utils - INFO - load key [classifier.2.bias].length : 192, cost time : 0m:0s:0ms
2024-11-19 03:25:24,333 - fed_utils - INFO - encrypting key [classifier.4.weight].length : 1920, cost time : 0m:15s:120ms
2024-11-19 03:25:24,412 - fed_utils - INFO - encrypting key [classifier.4.bias].length : 10, cost time : 0m:0s:79ms
2024-11-19 03:25:24,412 - fl_main - INFO - Server receive client_dict[f_00003] info ...
2024-11-19 03:25:24,412 - fl_main - INFO - ----- client id [f_00004] -----
2024-11-19 03:25:24,422 - fed_utils - INFO - init global model cost time : 0m:0s:9ms
2024-11-19 03:25:24,424 - client_base - INFO - recover model cost time : 0m:0s:0ms
2024-11-19 03:25:26,865 - fl_main - INFO - global round [33] client_dict[f_00004].accuracy : 0.775800
2024-11-19 03:25:26,865 - fl_main - INFO - client_dict[f_00004] training ...
2024-11-19 03:25:26,865 - client_base - INFO - client_dict[f_00004] training epoch : 0
2024-11-19 03:25:36,072 - client_base - INFO - local model train cost time : 0m:9s:206ms
2024-11-19 03:25:36,074 - client_base - INFO - model encode time : 0m:0s:1ms
2024-11-19 03:25:36,074 - fl_main - INFO - client_dict[f_00004] local model encrypting ...
2024-11-19 03:26:13,916 - fed_utils - INFO - encrypting key [features.0.weight].length : 4800, cost time : 0m:37s:841ms
2024-11-19 03:26:14,432 - fed_utils - INFO - encrypting key [features.0.bias].length : 64, cost time : 0m:0s:516ms
2024-11-19 03:26:14,434 - fed_utils - INFO - load key [features.4.weight].length : 102400, cost time : 0m:0s:2ms
2024-11-19 03:26:14,435 - fed_utils - INFO - load key [features.4.bias].length : 64, cost time : 0m:0s:0ms
2024-11-19 03:26:14,475 - fed_utils - INFO - load key [classifier.0.weight].length : 1572864, cost time : 0m:0s:40ms
2024-11-19 03:26:14,475 - fed_utils - INFO - load key [classifier.0.bias].length : 384, cost time : 0m:0s:0ms
2024-11-19 03:26:14,477 - fed_utils - INFO - load key [classifier.2.weight].length : 73728, cost time : 0m:0s:1ms
2024-11-19 03:26:14,477 - fed_utils - INFO - load key [classifier.2.bias].length : 192, cost time : 0m:0s:0ms
2024-11-19 03:26:29,616 - fed_utils - INFO - encrypting key [classifier.4.weight].length : 1920, cost time : 0m:15s:138ms
2024-11-19 03:26:29,695 - fed_utils - INFO - encrypting key [classifier.4.bias].length : 10, cost time : 0m:0s:79ms
2024-11-19 03:26:29,695 - fl_main - INFO - Server receive client_dict[f_00004] info ...
2024-11-19 03:26:29,695 - fl_main - INFO - global aggregation process ...
2024-11-19 03:26:29,696 - fed_utils - INFO - server.n_data : 50000
2024-11-19 03:26:29,696 - fed_utils - INFO - client_dict[f_00000].weight : 0.200000
2024-11-19 03:26:29,696 - fed_utils - INFO - client_dict[f_00001].weight : 0.200000
2024-11-19 03:26:29,696 - fed_utils - INFO - client_dict[f_00002].weight : 0.200000
2024-11-19 03:26:29,696 - fed_utils - INFO - client_dict[f_00003].weight : 0.200000
2024-11-19 03:26:29,696 - fed_utils - INFO - client_dict[f_00004].weight : 0.200000
2024-11-19 03:26:29,696 - fed_utils - INFO - recover secret number by clients: 3157279.000000
2024-11-19 03:26:29,696 - server_base - INFO - Server aggregate model with homomorphic encryption ...
2024-11-19 03:26:40,266 - server_base - INFO - Server aggregate model done, cost time : 0m:10s:569ms
2024-11-19 03:26:51,136 - fed_utils - INFO - decrypting key [features.0.weight].shape [torch.Size([64, 3, 5, 5])]
2024-11-19 03:26:51,282 - fed_utils - INFO - decrypting key [features.0.bias].shape [torch.Size([64])]
2024-11-19 03:26:51,282 - fed_utils - INFO - decrypting key [features.4.weight].shape [torch.Size([64, 64, 5, 5])]
2024-11-19 03:26:51,283 - fed_utils - INFO - decrypting key [features.4.bias].shape [torch.Size([64])]
2024-11-19 03:26:51,289 - fed_utils - INFO - decrypting key [classifier.0.weight].shape [torch.Size([384, 4096])]
2024-11-19 03:26:51,289 - fed_utils - INFO - decrypting key [classifier.0.bias].shape [torch.Size([384])]
2024-11-19 03:26:51,290 - fed_utils - INFO - decrypting key [classifier.2.weight].shape [torch.Size([192, 384])]
2024-11-19 03:26:51,290 - fed_utils - INFO - decrypting key [classifier.2.bias].shape [torch.Size([192])]
2024-11-19 03:26:55,638 - fed_utils - INFO - decrypting key [classifier.4.weight].shape [torch.Size([10, 192])]
2024-11-19 03:26:55,661 - fed_utils - INFO - decrypting key [classifier.4.bias].shape [torch.Size([10])]
2024-11-19 03:26:55,661 - fed_utils - INFO - decrypt time : [0m:15s:394ms]
2024-11-19 03:26:55,728 - fl_main - INFO - [global round : 33] aggregated model accuracy : 0.7758
2024-11-19 03:26:55,728 - fl_main - INFO - [global round : 33] aggregated model loss : 0.2181404348149254
2024-11-19 03:26:55,729 - fl_main - INFO - global round : 34
2024-11-19 03:26:55,729 - fl_main - INFO - the random client id to test accuracy : f_00002
2024-11-19 03:26:55,729 - fl_main - INFO - ----- client id [f_00000] -----
2024-11-19 03:26:55,741 - fed_utils - INFO - init global model cost time : 0m:0s:11ms
2024-11-19 03:26:55,744 - client_base - INFO - recover model cost time : 0m:0s:0ms
2024-11-19 03:26:55,744 - fl_main - INFO - client_dict[f_00000] training ...
2024-11-19 03:26:55,757 - client_base - INFO - client_dict[f_00000] training epoch : 0
2024-11-19 03:27:04,964 - client_base - INFO - local model train cost time : 0m:9s:207ms
2024-11-19 03:27:04,966 - client_base - INFO - model encode time : 0m:0s:1ms
2024-11-19 03:27:04,966 - fl_main - INFO - client_dict[f_00000] local model encrypting ...
2024-11-19 03:27:42,770 - fed_utils - INFO - encrypting key [features.0.weight].length : 4800, cost time : 0m:37s:803ms
2024-11-19 03:27:43,284 - fed_utils - INFO - encrypting key [features.0.bias].length : 64, cost time : 0m:0s:513ms
2024-11-19 03:27:43,286 - fed_utils - INFO - load key [features.4.weight].length : 102400, cost time : 0m:0s:2ms
2024-11-19 03:27:43,286 - fed_utils - INFO - load key [features.4.bias].length : 64, cost time : 0m:0s:0ms
2024-11-19 03:27:43,317 - fed_utils - INFO - load key [classifier.0.weight].length : 1572864, cost time : 0m:0s:31ms
2024-11-19 03:27:43,318 - fed_utils - INFO - load key [classifier.0.bias].length : 384, cost time : 0m:0s:0ms
2024-11-19 03:27:43,320 - fed_utils - INFO - load key [classifier.2.weight].length : 73728, cost time : 0m:0s:1ms
2024-11-19 03:27:43,320 - fed_utils - INFO - load key [classifier.2.bias].length : 192, cost time : 0m:0s:0ms
2024-11-19 03:27:58,454 - fed_utils - INFO - encrypting key [classifier.4.weight].length : 1920, cost time : 0m:15s:134ms
2024-11-19 03:27:58,533 - fed_utils - INFO - encrypting key [classifier.4.bias].length : 10, cost time : 0m:0s:79ms
2024-11-19 03:27:58,558 - fl_main - INFO - Server receive client_dict[f_00000] info ...
2024-11-19 03:27:58,558 - fl_main - INFO - ----- client id [f_00001] -----
2024-11-19 03:27:58,568 - fed_utils - INFO - init global model cost time : 0m:0s:10ms
2024-11-19 03:27:58,570 - client_base - INFO - recover model cost time : 0m:0s:0ms
2024-11-19 03:27:58,571 - fl_main - INFO - client_dict[f_00001] training ...
2024-11-19 03:27:58,572 - client_base - INFO - client_dict[f_00001] training epoch : 0
2024-11-19 03:28:07,737 - client_base - INFO - local model train cost time : 0m:9s:164ms
2024-11-19 03:28:07,739 - client_base - INFO - model encode time : 0m:0s:1ms
2024-11-19 03:28:07,739 - fl_main - INFO - client_dict[f_00001] local model encrypting ...
2024-11-19 03:28:45,532 - fed_utils - INFO - encrypting key [features.0.weight].length : 4800, cost time : 0m:37s:792ms
2024-11-19 03:28:46,046 - fed_utils - INFO - encrypting key [features.0.bias].length : 64, cost time : 0m:0s:513ms
2024-11-19 03:28:46,048 - fed_utils - INFO - load key [features.4.weight].length : 102400, cost time : 0m:0s:2ms
2024-11-19 03:28:46,048 - fed_utils - INFO - load key [features.4.bias].length : 64, cost time : 0m:0s:0ms
2024-11-19 03:28:46,089 - fed_utils - INFO - load key [classifier.0.weight].length : 1572864, cost time : 0m:0s:40ms
2024-11-19 03:28:46,089 - fed_utils - INFO - load key [classifier.0.bias].length : 384, cost time : 0m:0s:0ms
2024-11-19 03:28:46,091 - fed_utils - INFO - load key [classifier.2.weight].length : 73728, cost time : 0m:0s:2ms
2024-11-19 03:28:46,091 - fed_utils - INFO - load key [classifier.2.bias].length : 192, cost time : 0m:0s:0ms
2024-11-19 03:29:01,211 - fed_utils - INFO - encrypting key [classifier.4.weight].length : 1920, cost time : 0m:15s:119ms
2024-11-19 03:29:01,290 - fed_utils - INFO - encrypting key [classifier.4.bias].length : 10, cost time : 0m:0s:79ms
2024-11-19 03:29:01,290 - fl_main - INFO - Server receive client_dict[f_00001] info ...
2024-11-19 03:29:01,290 - fl_main - INFO - ----- client id [f_00002] -----
2024-11-19 03:29:01,300 - fed_utils - INFO - init global model cost time : 0m:0s:9ms
2024-11-19 03:29:01,301 - client_base - INFO - recover model cost time : 0m:0s:0ms
2024-11-19 03:29:03,750 - fl_main - INFO - global round [34] client_dict[f_00002].accuracy : 0.774200
2024-11-19 03:29:03,750 - fl_main - INFO - client_dict[f_00002] training ...
2024-11-19 03:29:03,751 - client_base - INFO - client_dict[f_00002] training epoch : 0
2024-11-19 03:29:12,884 - client_base - INFO - local model train cost time : 0m:9s:133ms
2024-11-19 03:29:12,886 - client_base - INFO - model encode time : 0m:0s:1ms
2024-11-19 03:29:12,886 - fl_main - INFO - client_dict[f_00002] local model encrypting ...
2024-11-19 03:29:50,763 - fed_utils - INFO - encrypting key [features.0.weight].length : 4800, cost time : 0m:37s:876ms
2024-11-19 03:29:51,277 - fed_utils - INFO - encrypting key [features.0.bias].length : 64, cost time : 0m:0s:514ms
2024-11-19 03:29:51,280 - fed_utils - INFO - load key [features.4.weight].length : 102400, cost time : 0m:0s:2ms
2024-11-19 03:29:51,280 - fed_utils - INFO - load key [features.4.bias].length : 64, cost time : 0m:0s:0ms
2024-11-19 03:29:51,321 - fed_utils - INFO - load key [classifier.0.weight].length : 1572864, cost time : 0m:0s:40ms
2024-11-19 03:29:51,321 - fed_utils - INFO - load key [classifier.0.bias].length : 384, cost time : 0m:0s:0ms
2024-11-19 03:29:51,323 - fed_utils - INFO - load key [classifier.2.weight].length : 73728, cost time : 0m:0s:1ms
2024-11-19 03:29:51,323 - fed_utils - INFO - load key [classifier.2.bias].length : 192, cost time : 0m:0s:0ms
2024-11-19 03:30:06,453 - fed_utils - INFO - encrypting key [classifier.4.weight].length : 1920, cost time : 0m:15s:129ms
2024-11-19 03:30:06,532 - fed_utils - INFO - encrypting key [classifier.4.bias].length : 10, cost time : 0m:0s:79ms
2024-11-19 03:30:06,532 - fl_main - INFO - Server receive client_dict[f_00002] info ...
2024-11-19 03:30:06,532 - fl_main - INFO - ----- client id [f_00003] -----
2024-11-19 03:30:06,542 - fed_utils - INFO - init global model cost time : 0m:0s:9ms
2024-11-19 03:30:06,544 - client_base - INFO - recover model cost time : 0m:0s:0ms
2024-11-19 03:30:06,544 - fl_main - INFO - client_dict[f_00003] training ...
2024-11-19 03:30:06,546 - client_base - INFO - client_dict[f_00003] training epoch : 0
2024-11-19 03:30:15,743 - client_base - INFO - local model train cost time : 0m:9s:197ms
2024-11-19 03:30:15,745 - client_base - INFO - model encode time : 0m:0s:1ms
2024-11-19 03:30:15,745 - fl_main - INFO - client_dict[f_00003] local model encrypting ...
2024-11-19 03:30:53,535 - fed_utils - INFO - encrypting key [features.0.weight].length : 4800, cost time : 0m:37s:789ms
2024-11-19 03:30:54,053 - fed_utils - INFO - encrypting key [features.0.bias].length : 64, cost time : 0m:0s:517ms
2024-11-19 03:30:54,055 - fed_utils - INFO - load key [features.4.weight].length : 102400, cost time : 0m:0s:2ms
2024-11-19 03:30:54,055 - fed_utils - INFO - load key [features.4.bias].length : 64, cost time : 0m:0s:0ms
2024-11-19 03:30:54,095 - fed_utils - INFO - load key [classifier.0.weight].length : 1572864, cost time : 0m:0s:39ms
2024-11-19 03:30:54,095 - fed_utils - INFO - load key [classifier.0.bias].length : 384, cost time : 0m:0s:0ms
2024-11-19 03:30:54,097 - fed_utils - INFO - load key [classifier.2.weight].length : 73728, cost time : 0m:0s:1ms
2024-11-19 03:30:54,097 - fed_utils - INFO - load key [classifier.2.bias].length : 192, cost time : 0m:0s:0ms
2024-11-19 03:31:09,219 - fed_utils - INFO - encrypting key [classifier.4.weight].length : 1920, cost time : 0m:15s:121ms
2024-11-19 03:31:09,298 - fed_utils - INFO - encrypting key [classifier.4.bias].length : 10, cost time : 0m:0s:79ms
2024-11-19 03:31:09,298 - fl_main - INFO - Server receive client_dict[f_00003] info ...
2024-11-19 03:31:09,298 - fl_main - INFO - ----- client id [f_00004] -----
2024-11-19 03:31:09,308 - fed_utils - INFO - init global model cost time : 0m:0s:9ms
2024-11-19 03:31:09,310 - client_base - INFO - recover model cost time : 0m:0s:0ms
2024-11-19 03:31:09,310 - fl_main - INFO - client_dict[f_00004] training ...
2024-11-19 03:31:09,311 - client_base - INFO - client_dict[f_00004] training epoch : 0
2024-11-19 03:31:18,500 - client_base - INFO - local model train cost time : 0m:9s:188ms
2024-11-19 03:31:18,501 - client_base - INFO - model encode time : 0m:0s:1ms
2024-11-19 03:31:18,502 - fl_main - INFO - client_dict[f_00004] local model encrypting ...
2024-11-19 03:31:56,333 - fed_utils - INFO - encrypting key [features.0.weight].length : 4800, cost time : 0m:37s:831ms
2024-11-19 03:31:56,847 - fed_utils - INFO - encrypting key [features.0.bias].length : 64, cost time : 0m:0s:514ms
2024-11-19 03:31:56,850 - fed_utils - INFO - load key [features.4.weight].length : 102400, cost time : 0m:0s:2ms
2024-11-19 03:31:56,850 - fed_utils - INFO - load key [features.4.bias].length : 64, cost time : 0m:0s:0ms
2024-11-19 03:31:56,889 - fed_utils - INFO - load key [classifier.0.weight].length : 1572864, cost time : 0m:0s:39ms
2024-11-19 03:31:56,889 - fed_utils - INFO - load key [classifier.0.bias].length : 384, cost time : 0m:0s:0ms
2024-11-19 03:31:56,891 - fed_utils - INFO - load key [classifier.2.weight].length : 73728, cost time : 0m:0s:1ms
2024-11-19 03:31:56,891 - fed_utils - INFO - load key [classifier.2.bias].length : 192, cost time : 0m:0s:0ms
2024-11-19 03:32:12,022 - fed_utils - INFO - encrypting key [classifier.4.weight].length : 1920, cost time : 0m:15s:130ms
2024-11-19 03:32:12,101 - fed_utils - INFO - encrypting key [classifier.4.bias].length : 10, cost time : 0m:0s:79ms
2024-11-19 03:32:12,101 - fl_main - INFO - Server receive client_dict[f_00004] info ...
2024-11-19 03:32:12,102 - fl_main - INFO - global aggregation process ...
2024-11-19 03:32:12,102 - fed_utils - INFO - server.n_data : 50000
2024-11-19 03:32:12,102 - fed_utils - INFO - client_dict[f_00000].weight : 0.200000
2024-11-19 03:32:12,102 - fed_utils - INFO - client_dict[f_00001].weight : 0.200000
2024-11-19 03:32:12,102 - fed_utils - INFO - client_dict[f_00002].weight : 0.200000
2024-11-19 03:32:12,102 - fed_utils - INFO - client_dict[f_00003].weight : 0.200000
2024-11-19 03:32:12,102 - fed_utils - INFO - client_dict[f_00004].weight : 0.200000
2024-11-19 03:32:12,102 - fed_utils - INFO - recover secret number by clients: 3157279.000000
2024-11-19 03:32:12,102 - server_base - INFO - Server aggregate model with homomorphic encryption ...
2024-11-19 03:32:22,678 - server_base - INFO - Server aggregate model done, cost time : 0m:10s:575ms
2024-11-19 03:32:33,548 - fed_utils - INFO - decrypting key [features.0.weight].shape [torch.Size([64, 3, 5, 5])]
2024-11-19 03:32:33,693 - fed_utils - INFO - decrypting key [features.0.bias].shape [torch.Size([64])]
2024-11-19 03:32:33,694 - fed_utils - INFO - decrypting key [features.4.weight].shape [torch.Size([64, 64, 5, 5])]
2024-11-19 03:32:33,694 - fed_utils - INFO - decrypting key [features.4.bias].shape [torch.Size([64])]
2024-11-19 03:32:33,700 - fed_utils - INFO - decrypting key [classifier.0.weight].shape [torch.Size([384, 4096])]
2024-11-19 03:32:33,701 - fed_utils - INFO - decrypting key [classifier.0.bias].shape [torch.Size([384])]
2024-11-19 03:32:33,701 - fed_utils - INFO - decrypting key [classifier.2.weight].shape [torch.Size([192, 384])]
2024-11-19 03:32:33,701 - fed_utils - INFO - decrypting key [classifier.2.bias].shape [torch.Size([192])]
2024-11-19 03:32:38,049 - fed_utils - INFO - decrypting key [classifier.4.weight].shape [torch.Size([10, 192])]
2024-11-19 03:32:38,072 - fed_utils - INFO - decrypting key [classifier.4.bias].shape [torch.Size([10])]
2024-11-19 03:32:38,072 - fed_utils - INFO - decrypt time : [0m:15s:393ms]
2024-11-19 03:32:38,138 - fl_main - INFO - [global round : 34] aggregated model accuracy : 0.7742
2024-11-19 03:32:38,139 - fl_main - INFO - [global round : 34] aggregated model loss : 0.3949048755947278
2024-11-19 03:32:38,140 - fl_main - INFO - global round : 35
2024-11-19 03:32:38,140 - fl_main - INFO - the random client id to test accuracy : f_00004
2024-11-19 03:32:38,140 - fl_main - INFO - ----- client id [f_00000] -----
2024-11-19 03:32:38,152 - fed_utils - INFO - init global model cost time : 0m:0s:11ms
2024-11-19 03:32:38,154 - client_base - INFO - recover model cost time : 0m:0s:0ms
2024-11-19 03:32:38,154 - fl_main - INFO - client_dict[f_00000] training ...
2024-11-19 03:32:38,165 - client_base - INFO - client_dict[f_00000] training epoch : 0
2024-11-19 03:32:47,319 - client_base - INFO - local model train cost time : 0m:9s:154ms
2024-11-19 03:32:47,321 - client_base - INFO - model encode time : 0m:0s:1ms
2024-11-19 03:32:47,321 - fl_main - INFO - client_dict[f_00000] local model encrypting ...
2024-11-19 03:33:25,142 - fed_utils - INFO - encrypting key [features.0.weight].length : 4800, cost time : 0m:37s:820ms
2024-11-19 03:33:25,657 - fed_utils - INFO - encrypting key [features.0.bias].length : 64, cost time : 0m:0s:515ms
2024-11-19 03:33:25,659 - fed_utils - INFO - load key [features.4.weight].length : 102400, cost time : 0m:0s:2ms
2024-11-19 03:33:25,659 - fed_utils - INFO - load key [features.4.bias].length : 64, cost time : 0m:0s:0ms
2024-11-19 03:33:25,691 - fed_utils - INFO - load key [classifier.0.weight].length : 1572864, cost time : 0m:0s:31ms
2024-11-19 03:33:25,691 - fed_utils - INFO - load key [classifier.0.bias].length : 384, cost time : 0m:0s:0ms
2024-11-19 03:33:25,693 - fed_utils - INFO - load key [classifier.2.weight].length : 73728, cost time : 0m:0s:2ms
2024-11-19 03:33:25,694 - fed_utils - INFO - load key [classifier.2.bias].length : 192, cost time : 0m:0s:0ms
2024-11-19 03:33:40,819 - fed_utils - INFO - encrypting key [classifier.4.weight].length : 1920, cost time : 0m:15s:124ms
2024-11-19 03:33:40,898 - fed_utils - INFO - encrypting key [classifier.4.bias].length : 10, cost time : 0m:0s:79ms
2024-11-19 03:33:40,922 - fl_main - INFO - Server receive client_dict[f_00000] info ...
2024-11-19 03:33:40,923 - fl_main - INFO - ----- client id [f_00001] -----
2024-11-19 03:33:40,933 - fed_utils - INFO - init global model cost time : 0m:0s:10ms
2024-11-19 03:33:40,935 - client_base - INFO - recover model cost time : 0m:0s:0ms
2024-11-19 03:33:40,935 - fl_main - INFO - client_dict[f_00001] training ...
2024-11-19 03:33:40,937 - client_base - INFO - client_dict[f_00001] training epoch : 0
2024-11-19 03:33:50,141 - client_base - INFO - local model train cost time : 0m:9s:203ms
2024-11-19 03:33:50,143 - client_base - INFO - model encode time : 0m:0s:1ms
2024-11-19 03:33:50,143 - fl_main - INFO - client_dict[f_00001] local model encrypting ...
2024-11-19 03:34:27,945 - fed_utils - INFO - encrypting key [features.0.weight].length : 4800, cost time : 0m:37s:801ms
2024-11-19 03:34:28,460 - fed_utils - INFO - encrypting key [features.0.bias].length : 64, cost time : 0m:0s:515ms
2024-11-19 03:34:28,463 - fed_utils - INFO - load key [features.4.weight].length : 102400, cost time : 0m:0s:2ms
2024-11-19 03:34:28,463 - fed_utils - INFO - load key [features.4.bias].length : 64, cost time : 0m:0s:0ms
2024-11-19 03:34:28,504 - fed_utils - INFO - load key [classifier.0.weight].length : 1572864, cost time : 0m:0s:40ms
2024-11-19 03:34:28,504 - fed_utils - INFO - load key [classifier.0.bias].length : 384, cost time : 0m:0s:0ms
2024-11-19 03:34:28,506 - fed_utils - INFO - load key [classifier.2.weight].length : 73728, cost time : 0m:0s:1ms
2024-11-19 03:34:28,506 - fed_utils - INFO - load key [classifier.2.bias].length : 192, cost time : 0m:0s:0ms
2024-11-19 03:34:43,626 - fed_utils - INFO - encrypting key [classifier.4.weight].length : 1920, cost time : 0m:15s:119ms
2024-11-19 03:34:43,705 - fed_utils - INFO - encrypting key [classifier.4.bias].length : 10, cost time : 0m:0s:79ms
2024-11-19 03:34:43,705 - fl_main - INFO - Server receive client_dict[f_00001] info ...
2024-11-19 03:34:43,705 - fl_main - INFO - ----- client id [f_00002] -----
2024-11-19 03:34:43,715 - fed_utils - INFO - init global model cost time : 0m:0s:9ms
2024-11-19 03:34:43,717 - client_base - INFO - recover model cost time : 0m:0s:0ms
2024-11-19 03:34:43,717 - fl_main - INFO - client_dict[f_00002] training ...
2024-11-19 03:34:43,719 - client_base - INFO - client_dict[f_00002] training epoch : 0
2024-11-19 03:34:52,907 - client_base - INFO - local model train cost time : 0m:9s:188ms
2024-11-19 03:34:52,909 - client_base - INFO - model encode time : 0m:0s:1ms
2024-11-19 03:34:52,909 - fl_main - INFO - client_dict[f_00002] local model encrypting ...
2024-11-19 03:35:30,740 - fed_utils - INFO - encrypting key [features.0.weight].length : 4800, cost time : 0m:37s:831ms
2024-11-19 03:35:31,255 - fed_utils - INFO - encrypting key [features.0.bias].length : 64, cost time : 0m:0s:515ms
2024-11-19 03:35:31,258 - fed_utils - INFO - load key [features.4.weight].length : 102400, cost time : 0m:0s:2ms
2024-11-19 03:35:31,258 - fed_utils - INFO - load key [features.4.bias].length : 64, cost time : 0m:0s:0ms
2024-11-19 03:35:31,298 - fed_utils - INFO - load key [classifier.0.weight].length : 1572864, cost time : 0m:0s:39ms
2024-11-19 03:35:31,298 - fed_utils - INFO - load key [classifier.0.bias].length : 384, cost time : 0m:0s:0ms
2024-11-19 03:35:31,300 - fed_utils - INFO - load key [classifier.2.weight].length : 73728, cost time : 0m:0s:1ms
2024-11-19 03:35:31,300 - fed_utils - INFO - load key [classifier.2.bias].length : 192, cost time : 0m:0s:0ms
2024-11-19 03:35:46,432 - fed_utils - INFO - encrypting key [classifier.4.weight].length : 1920, cost time : 0m:15s:131ms
2024-11-19 03:35:46,511 - fed_utils - INFO - encrypting key [classifier.4.bias].length : 10, cost time : 0m:0s:79ms
2024-11-19 03:35:46,511 - fl_main - INFO - Server receive client_dict[f_00002] info ...
2024-11-19 03:35:46,511 - fl_main - INFO - ----- client id [f_00003] -----
2024-11-19 03:35:46,521 - fed_utils - INFO - init global model cost time : 0m:0s:9ms
2024-11-19 03:35:46,522 - client_base - INFO - recover model cost time : 0m:0s:0ms
2024-11-19 03:35:46,523 - fl_main - INFO - client_dict[f_00003] training ...
2024-11-19 03:35:46,524 - client_base - INFO - client_dict[f_00003] training epoch : 0
2024-11-19 03:35:55,692 - client_base - INFO - local model train cost time : 0m:9s:167ms
2024-11-19 03:35:55,693 - client_base - INFO - model encode time : 0m:0s:1ms
2024-11-19 03:35:55,694 - fl_main - INFO - client_dict[f_00003] local model encrypting ...
2024-11-19 03:36:33,495 - fed_utils - INFO - encrypting key [features.0.weight].length : 4800, cost time : 0m:37s:801ms
2024-11-19 03:36:34,009 - fed_utils - INFO - encrypting key [features.0.bias].length : 64, cost time : 0m:0s:514ms
2024-11-19 03:36:34,012 - fed_utils - INFO - load key [features.4.weight].length : 102400, cost time : 0m:0s:2ms
2024-11-19 03:36:34,012 - fed_utils - INFO - load key [features.4.bias].length : 64, cost time : 0m:0s:0ms
2024-11-19 03:36:34,052 - fed_utils - INFO - load key [classifier.0.weight].length : 1572864, cost time : 0m:0s:39ms
2024-11-19 03:36:34,052 - fed_utils - INFO - load key [classifier.0.bias].length : 384, cost time : 0m:0s:0ms
2024-11-19 03:36:34,054 - fed_utils - INFO - load key [classifier.2.weight].length : 73728, cost time : 0m:0s:1ms
2024-11-19 03:36:34,054 - fed_utils - INFO - load key [classifier.2.bias].length : 192, cost time : 0m:0s:0ms
2024-11-19 03:36:49,187 - fed_utils - INFO - encrypting key [classifier.4.weight].length : 1920, cost time : 0m:15s:133ms
2024-11-19 03:36:49,267 - fed_utils - INFO - encrypting key [classifier.4.bias].length : 10, cost time : 0m:0s:79ms
2024-11-19 03:36:49,267 - fl_main - INFO - Server receive client_dict[f_00003] info ...
2024-11-19 03:36:49,267 - fl_main - INFO - ----- client id [f_00004] -----
2024-11-19 03:36:49,276 - fed_utils - INFO - init global model cost time : 0m:0s:9ms
2024-11-19 03:36:49,278 - client_base - INFO - recover model cost time : 0m:0s:0ms
2024-11-19 03:36:51,745 - fl_main - INFO - global round [35] client_dict[f_00004].accuracy : 0.779200
2024-11-19 03:36:51,745 - fl_main - INFO - client_dict[f_00004] training ...
2024-11-19 03:36:51,768 - client_base - INFO - client_dict[f_00004] training epoch : 0
2024-11-19 03:37:00,991 - client_base - INFO - local model train cost time : 0m:9s:222ms
2024-11-19 03:37:00,992 - client_base - INFO - model encode time : 0m:0s:1ms
2024-11-19 03:37:00,993 - fl_main - INFO - client_dict[f_00004] local model encrypting ...
2024-11-19 03:37:38,819 - fed_utils - INFO - encrypting key [features.0.weight].length : 4800, cost time : 0m:37s:825ms
2024-11-19 03:37:39,334 - fed_utils - INFO - encrypting key [features.0.bias].length : 64, cost time : 0m:0s:515ms
2024-11-19 03:37:39,337 - fed_utils - INFO - load key [features.4.weight].length : 102400, cost time : 0m:0s:2ms
2024-11-19 03:37:39,337 - fed_utils - INFO - load key [features.4.bias].length : 64, cost time : 0m:0s:0ms
2024-11-19 03:37:39,376 - fed_utils - INFO - load key [classifier.0.weight].length : 1572864, cost time : 0m:0s:39ms
2024-11-19 03:37:39,376 - fed_utils - INFO - load key [classifier.0.bias].length : 384, cost time : 0m:0s:0ms
2024-11-19 03:37:39,378 - fed_utils - INFO - load key [classifier.2.weight].length : 73728, cost time : 0m:0s:1ms
2024-11-19 03:37:39,378 - fed_utils - INFO - load key [classifier.2.bias].length : 192, cost time : 0m:0s:0ms
2024-11-19 03:37:54,501 - fed_utils - INFO - encrypting key [classifier.4.weight].length : 1920, cost time : 0m:15s:122ms
2024-11-19 03:37:54,581 - fed_utils - INFO - encrypting key [classifier.4.bias].length : 10, cost time : 0m:0s:79ms
2024-11-19 03:37:54,581 - fl_main - INFO - Server receive client_dict[f_00004] info ...
2024-11-19 03:37:54,581 - fl_main - INFO - global aggregation process ...
2024-11-19 03:37:54,581 - fed_utils - INFO - server.n_data : 50000
2024-11-19 03:37:54,582 - fed_utils - INFO - client_dict[f_00000].weight : 0.200000
2024-11-19 03:37:54,582 - fed_utils - INFO - client_dict[f_00001].weight : 0.200000
2024-11-19 03:37:54,582 - fed_utils - INFO - client_dict[f_00002].weight : 0.200000
2024-11-19 03:37:54,582 - fed_utils - INFO - client_dict[f_00003].weight : 0.200000
2024-11-19 03:37:54,582 - fed_utils - INFO - client_dict[f_00004].weight : 0.200000
2024-11-19 03:37:54,582 - fed_utils - INFO - recover secret number by clients: 3157279.000000
2024-11-19 03:37:54,582 - server_base - INFO - Server aggregate model with homomorphic encryption ...
2024-11-19 03:38:05,175 - server_base - INFO - Server aggregate model done, cost time : 0m:10s:592ms
2024-11-19 03:38:16,045 - fed_utils - INFO - decrypting key [features.0.weight].shape [torch.Size([64, 3, 5, 5])]
2024-11-19 03:38:16,190 - fed_utils - INFO - decrypting key [features.0.bias].shape [torch.Size([64])]
2024-11-19 03:38:16,191 - fed_utils - INFO - decrypting key [features.4.weight].shape [torch.Size([64, 64, 5, 5])]
2024-11-19 03:38:16,191 - fed_utils - INFO - decrypting key [features.4.bias].shape [torch.Size([64])]
2024-11-19 03:38:16,200 - fed_utils - INFO - decrypting key [classifier.0.weight].shape [torch.Size([384, 4096])]
2024-11-19 03:38:16,200 - fed_utils - INFO - decrypting key [classifier.0.bias].shape [torch.Size([384])]
2024-11-19 03:38:16,200 - fed_utils - INFO - decrypting key [classifier.2.weight].shape [torch.Size([192, 384])]
2024-11-19 03:38:16,200 - fed_utils - INFO - decrypting key [classifier.2.bias].shape [torch.Size([192])]
2024-11-19 03:38:20,548 - fed_utils - INFO - decrypting key [classifier.4.weight].shape [torch.Size([10, 192])]
2024-11-19 03:38:20,571 - fed_utils - INFO - decrypting key [classifier.4.bias].shape [torch.Size([10])]
2024-11-19 03:38:20,571 - fed_utils - INFO - decrypt time : [0m:15s:396ms]
2024-11-19 03:38:20,639 - fl_main - INFO - [global round : 35] aggregated model accuracy : 0.7792
2024-11-19 03:38:20,639 - fl_main - INFO - [global round : 35] aggregated model loss : 0.21407655783799295
2024-11-19 03:38:20,640 - fl_main - INFO - global round : 36
2024-11-19 03:38:20,640 - fl_main - INFO - the random client id to test accuracy : f_00000
2024-11-19 03:38:20,640 - fl_main - INFO - ----- client id [f_00000] -----
2024-11-19 03:38:20,652 - fed_utils - INFO - init global model cost time : 0m:0s:11ms
2024-11-19 03:38:20,654 - client_base - INFO - recover model cost time : 0m:0s:0ms
2024-11-19 03:38:23,112 - fl_main - INFO - global round [36] client_dict[f_00000].accuracy : 0.777100
2024-11-19 03:38:23,112 - fl_main - INFO - client_dict[f_00000] training ...
2024-11-19 03:38:23,112 - client_base - INFO - client_dict[f_00000] training epoch : 0
2024-11-19 03:38:32,254 - client_base - INFO - local model train cost time : 0m:9s:141ms
2024-11-19 03:38:32,256 - client_base - INFO - model encode time : 0m:0s:1ms
2024-11-19 03:38:32,256 - fl_main - INFO - client_dict[f_00000] local model encrypting ...
2024-11-19 03:39:10,133 - fed_utils - INFO - encrypting key [features.0.weight].length : 4800, cost time : 0m:37s:876ms
2024-11-19 03:39:10,650 - fed_utils - INFO - encrypting key [features.0.bias].length : 64, cost time : 0m:0s:517ms
2024-11-19 03:39:10,652 - fed_utils - INFO - load key [features.4.weight].length : 102400, cost time : 0m:0s:2ms
2024-11-19 03:39:10,652 - fed_utils - INFO - load key [features.4.bias].length : 64, cost time : 0m:0s:0ms
2024-11-19 03:39:10,684 - fed_utils - INFO - load key [classifier.0.weight].length : 1572864, cost time : 0m:0s:31ms
2024-11-19 03:39:10,684 - fed_utils - INFO - load key [classifier.0.bias].length : 384, cost time : 0m:0s:0ms
2024-11-19 03:39:10,686 - fed_utils - INFO - load key [classifier.2.weight].length : 73728, cost time : 0m:0s:1ms
2024-11-19 03:39:10,686 - fed_utils - INFO - load key [classifier.2.bias].length : 192, cost time : 0m:0s:0ms
2024-11-19 03:39:25,816 - fed_utils - INFO - encrypting key [classifier.4.weight].length : 1920, cost time : 0m:15s:129ms
2024-11-19 03:39:25,896 - fed_utils - INFO - encrypting key [classifier.4.bias].length : 10, cost time : 0m:0s:79ms
2024-11-19 03:39:25,920 - fl_main - INFO - Server receive client_dict[f_00000] info ...
2024-11-19 03:39:25,921 - fl_main - INFO - ----- client id [f_00001] -----
2024-11-19 03:39:25,931 - fed_utils - INFO - init global model cost time : 0m:0s:10ms
2024-11-19 03:39:25,933 - client_base - INFO - recover model cost time : 0m:0s:0ms
2024-11-19 03:39:25,933 - fl_main - INFO - client_dict[f_00001] training ...
2024-11-19 03:39:25,935 - client_base - INFO - client_dict[f_00001] training epoch : 0
2024-11-19 03:39:35,178 - client_base - INFO - local model train cost time : 0m:9s:243ms
2024-11-19 03:39:35,181 - client_base - INFO - model encode time : 0m:0s:1ms
2024-11-19 03:39:35,181 - fl_main - INFO - client_dict[f_00001] local model encrypting ...
2024-11-19 03:40:12,979 - fed_utils - INFO - encrypting key [features.0.weight].length : 4800, cost time : 0m:37s:798ms
2024-11-19 03:40:13,494 - fed_utils - INFO - encrypting key [features.0.bias].length : 64, cost time : 0m:0s:514ms
2024-11-19 03:40:13,496 - fed_utils - INFO - load key [features.4.weight].length : 102400, cost time : 0m:0s:2ms
2024-11-19 03:40:13,497 - fed_utils - INFO - load key [features.4.bias].length : 64, cost time : 0m:0s:0ms
2024-11-19 03:40:13,537 - fed_utils - INFO - load key [classifier.0.weight].length : 1572864, cost time : 0m:0s:40ms
2024-11-19 03:40:13,537 - fed_utils - INFO - load key [classifier.0.bias].length : 384, cost time : 0m:0s:0ms
2024-11-19 03:40:13,539 - fed_utils - INFO - load key [classifier.2.weight].length : 73728, cost time : 0m:0s:1ms
2024-11-19 03:40:13,539 - fed_utils - INFO - load key [classifier.2.bias].length : 192, cost time : 0m:0s:0ms
2024-11-19 03:40:28,667 - fed_utils - INFO - encrypting key [classifier.4.weight].length : 1920, cost time : 0m:15s:128ms
2024-11-19 03:40:28,747 - fed_utils - INFO - encrypting key [classifier.4.bias].length : 10, cost time : 0m:0s:79ms
2024-11-19 03:40:28,747 - fl_main - INFO - Server receive client_dict[f_00001] info ...
2024-11-19 03:40:28,747 - fl_main - INFO - ----- client id [f_00002] -----
2024-11-19 03:40:28,756 - fed_utils - INFO - init global model cost time : 0m:0s:9ms
2024-11-19 03:40:28,758 - client_base - INFO - recover model cost time : 0m:0s:0ms
2024-11-19 03:40:28,758 - fl_main - INFO - client_dict[f_00002] training ...
2024-11-19 03:40:28,760 - client_base - INFO - client_dict[f_00002] training epoch : 0
2024-11-19 03:40:37,931 - client_base - INFO - local model train cost time : 0m:9s:170ms
2024-11-19 03:40:37,933 - client_base - INFO - model encode time : 0m:0s:1ms
2024-11-19 03:40:37,933 - fl_main - INFO - client_dict[f_00002] local model encrypting ...
2024-11-19 03:41:15,805 - fed_utils - INFO - encrypting key [features.0.weight].length : 4800, cost time : 0m:37s:871ms
2024-11-19 03:41:16,320 - fed_utils - INFO - encrypting key [features.0.bias].length : 64, cost time : 0m:0s:515ms
2024-11-19 03:41:16,323 - fed_utils - INFO - load key [features.4.weight].length : 102400, cost time : 0m:0s:2ms
2024-11-19 03:41:16,323 - fed_utils - INFO - load key [features.4.bias].length : 64, cost time : 0m:0s:0ms
2024-11-19 03:41:16,364 - fed_utils - INFO - load key [classifier.0.weight].length : 1572864, cost time : 0m:0s:40ms
2024-11-19 03:41:16,364 - fed_utils - INFO - load key [classifier.0.bias].length : 384, cost time : 0m:0s:0ms
2024-11-19 03:41:16,366 - fed_utils - INFO - load key [classifier.2.weight].length : 73728, cost time : 0m:0s:1ms
2024-11-19 03:41:16,366 - fed_utils - INFO - load key [classifier.2.bias].length : 192, cost time : 0m:0s:0ms
2024-11-19 03:41:31,493 - fed_utils - INFO - encrypting key [classifier.4.weight].length : 1920, cost time : 0m:15s:127ms
2024-11-19 03:41:31,573 - fed_utils - INFO - encrypting key [classifier.4.bias].length : 10, cost time : 0m:0s:79ms
2024-11-19 03:41:31,573 - fl_main - INFO - Server receive client_dict[f_00002] info ...
2024-11-19 03:41:31,573 - fl_main - INFO - ----- client id [f_00003] -----
2024-11-19 03:41:31,582 - fed_utils - INFO - init global model cost time : 0m:0s:9ms
2024-11-19 03:41:31,584 - client_base - INFO - recover model cost time : 0m:0s:0ms
2024-11-19 03:41:31,584 - fl_main - INFO - client_dict[f_00003] training ...
2024-11-19 03:41:31,586 - client_base - INFO - client_dict[f_00003] training epoch : 0
2024-11-19 03:41:40,830 - client_base - INFO - local model train cost time : 0m:9s:244ms
2024-11-19 03:41:40,832 - client_base - INFO - model encode time : 0m:0s:1ms
2024-11-19 03:41:40,832 - fl_main - INFO - client_dict[f_00003] local model encrypting ...
2024-11-19 03:42:18,632 - fed_utils - INFO - encrypting key [features.0.weight].length : 4800, cost time : 0m:37s:799ms
2024-11-19 03:42:19,146 - fed_utils - INFO - encrypting key [features.0.bias].length : 64, cost time : 0m:0s:513ms
2024-11-19 03:42:19,149 - fed_utils - INFO - load key [features.4.weight].length : 102400, cost time : 0m:0s:2ms
2024-11-19 03:42:19,149 - fed_utils - INFO - load key [features.4.bias].length : 64, cost time : 0m:0s:0ms
2024-11-19 03:42:19,188 - fed_utils - INFO - load key [classifier.0.weight].length : 1572864, cost time : 0m:0s:39ms
2024-11-19 03:42:19,189 - fed_utils - INFO - load key [classifier.0.bias].length : 384, cost time : 0m:0s:0ms
2024-11-19 03:42:19,190 - fed_utils - INFO - load key [classifier.2.weight].length : 73728, cost time : 0m:0s:1ms
2024-11-19 03:42:19,191 - fed_utils - INFO - load key [classifier.2.bias].length : 192, cost time : 0m:0s:0ms
2024-11-19 03:42:34,320 - fed_utils - INFO - encrypting key [classifier.4.weight].length : 1920, cost time : 0m:15s:128ms
2024-11-19 03:42:34,399 - fed_utils - INFO - encrypting key [classifier.4.bias].length : 10, cost time : 0m:0s:79ms
2024-11-19 03:42:34,399 - fl_main - INFO - Server receive client_dict[f_00003] info ...
2024-11-19 03:42:34,399 - fl_main - INFO - ----- client id [f_00004] -----
2024-11-19 03:42:34,409 - fed_utils - INFO - init global model cost time : 0m:0s:9ms
2024-11-19 03:42:34,410 - client_base - INFO - recover model cost time : 0m:0s:0ms
2024-11-19 03:42:34,411 - fl_main - INFO - client_dict[f_00004] training ...
2024-11-19 03:42:34,412 - client_base - INFO - client_dict[f_00004] training epoch : 0
2024-11-19 03:42:43,595 - client_base - INFO - local model train cost time : 0m:9s:182ms
2024-11-19 03:42:43,596 - client_base - INFO - model encode time : 0m:0s:1ms
2024-11-19 03:42:43,596 - fl_main - INFO - client_dict[f_00004] local model encrypting ...
2024-11-19 03:43:21,410 - fed_utils - INFO - encrypting key [features.0.weight].length : 4800, cost time : 0m:37s:813ms
2024-11-19 03:43:21,924 - fed_utils - INFO - encrypting key [features.0.bias].length : 64, cost time : 0m:0s:514ms
2024-11-19 03:43:21,927 - fed_utils - INFO - load key [features.4.weight].length : 102400, cost time : 0m:0s:2ms
2024-11-19 03:43:21,927 - fed_utils - INFO - load key [features.4.bias].length : 64, cost time : 0m:0s:0ms
2024-11-19 03:43:21,967 - fed_utils - INFO - load key [classifier.0.weight].length : 1572864, cost time : 0m:0s:39ms
2024-11-19 03:43:21,967 - fed_utils - INFO - load key [classifier.0.bias].length : 384, cost time : 0m:0s:0ms
2024-11-19 03:43:21,969 - fed_utils - INFO - load key [classifier.2.weight].length : 73728, cost time : 0m:0s:1ms
2024-11-19 03:43:21,969 - fed_utils - INFO - load key [classifier.2.bias].length : 192, cost time : 0m:0s:0ms
2024-11-19 03:43:37,089 - fed_utils - INFO - encrypting key [classifier.4.weight].length : 1920, cost time : 0m:15s:119ms
2024-11-19 03:43:37,169 - fed_utils - INFO - encrypting key [classifier.4.bias].length : 10, cost time : 0m:0s:79ms
2024-11-19 03:43:37,169 - fl_main - INFO - Server receive client_dict[f_00004] info ...
2024-11-19 03:43:37,169 - fl_main - INFO - global aggregation process ...
2024-11-19 03:43:37,169 - fed_utils - INFO - server.n_data : 50000
2024-11-19 03:43:37,169 - fed_utils - INFO - client_dict[f_00000].weight : 0.200000
2024-11-19 03:43:37,169 - fed_utils - INFO - client_dict[f_00001].weight : 0.200000
2024-11-19 03:43:37,169 - fed_utils - INFO - client_dict[f_00002].weight : 0.200000
2024-11-19 03:43:37,169 - fed_utils - INFO - client_dict[f_00003].weight : 0.200000
2024-11-19 03:43:37,169 - fed_utils - INFO - client_dict[f_00004].weight : 0.200000
2024-11-19 03:43:37,169 - fed_utils - INFO - recover secret number by clients: 3157279.000000
2024-11-19 03:43:37,169 - server_base - INFO - Server aggregate model with homomorphic encryption ...
2024-11-19 03:43:47,738 - server_base - INFO - Server aggregate model done, cost time : 0m:10s:568ms
2024-11-19 03:43:58,608 - fed_utils - INFO - decrypting key [features.0.weight].shape [torch.Size([64, 3, 5, 5])]
2024-11-19 03:43:58,758 - fed_utils - INFO - decrypting key [features.0.bias].shape [torch.Size([64])]
2024-11-19 03:43:58,759 - fed_utils - INFO - decrypting key [features.4.weight].shape [torch.Size([64, 64, 5, 5])]
2024-11-19 03:43:58,759 - fed_utils - INFO - decrypting key [features.4.bias].shape [torch.Size([64])]
2024-11-19 03:43:58,768 - fed_utils - INFO - decrypting key [classifier.0.weight].shape [torch.Size([384, 4096])]
2024-11-19 03:43:58,768 - fed_utils - INFO - decrypting key [classifier.0.bias].shape [torch.Size([384])]
2024-11-19 03:43:58,768 - fed_utils - INFO - decrypting key [classifier.2.weight].shape [torch.Size([192, 384])]
2024-11-19 03:43:58,768 - fed_utils - INFO - decrypting key [classifier.2.bias].shape [torch.Size([192])]
2024-11-19 03:44:03,122 - fed_utils - INFO - decrypting key [classifier.4.weight].shape [torch.Size([10, 192])]
2024-11-19 03:44:03,145 - fed_utils - INFO - decrypting key [classifier.4.bias].shape [torch.Size([10])]
2024-11-19 03:44:03,145 - fed_utils - INFO - decrypt time : [0m:15s:407ms]
2024-11-19 03:44:03,216 - fl_main - INFO - [global round : 36] aggregated model accuracy : 0.7771
2024-11-19 03:44:03,216 - fl_main - INFO - [global round : 36] aggregated model loss : 0.2146482320592437
2024-11-19 03:44:03,217 - fl_main - INFO - global round : 37
2024-11-19 03:44:03,217 - fl_main - INFO - the random client id to test accuracy : f_00002
2024-11-19 03:44:03,217 - fl_main - INFO - ----- client id [f_00000] -----
2024-11-19 03:44:03,230 - fed_utils - INFO - init global model cost time : 0m:0s:12ms
2024-11-19 03:44:03,232 - client_base - INFO - recover model cost time : 0m:0s:0ms
2024-11-19 03:44:03,232 - fl_main - INFO - client_dict[f_00000] training ...
2024-11-19 03:44:03,249 - client_base - INFO - client_dict[f_00000] training epoch : 0
2024-11-19 03:44:12,466 - client_base - INFO - local model train cost time : 0m:9s:216ms
2024-11-19 03:44:12,468 - client_base - INFO - model encode time : 0m:0s:1ms
2024-11-19 03:44:12,468 - fl_main - INFO - client_dict[f_00000] local model encrypting ...
2024-11-19 03:44:50,332 - fed_utils - INFO - encrypting key [features.0.weight].length : 4800, cost time : 0m:37s:863ms
2024-11-19 03:44:50,847 - fed_utils - INFO - encrypting key [features.0.bias].length : 64, cost time : 0m:0s:515ms
2024-11-19 03:44:50,849 - fed_utils - INFO - load key [features.4.weight].length : 102400, cost time : 0m:0s:2ms
2024-11-19 03:44:50,849 - fed_utils - INFO - load key [features.4.bias].length : 64, cost time : 0m:0s:0ms
2024-11-19 03:44:50,880 - fed_utils - INFO - load key [classifier.0.weight].length : 1572864, cost time : 0m:0s:31ms
2024-11-19 03:44:50,881 - fed_utils - INFO - load key [classifier.0.bias].length : 384, cost time : 0m:0s:0ms
2024-11-19 03:44:50,883 - fed_utils - INFO - load key [classifier.2.weight].length : 73728, cost time : 0m:0s:2ms
2024-11-19 03:44:50,883 - fed_utils - INFO - load key [classifier.2.bias].length : 192, cost time : 0m:0s:0ms
2024-11-19 03:45:06,011 - fed_utils - INFO - encrypting key [classifier.4.weight].length : 1920, cost time : 0m:15s:128ms
2024-11-19 03:45:06,091 - fed_utils - INFO - encrypting key [classifier.4.bias].length : 10, cost time : 0m:0s:79ms
2024-11-19 03:45:06,115 - fl_main - INFO - Server receive client_dict[f_00000] info ...
2024-11-19 03:45:06,115 - fl_main - INFO - ----- client id [f_00001] -----
2024-11-19 03:45:06,126 - fed_utils - INFO - init global model cost time : 0m:0s:10ms
2024-11-19 03:45:06,128 - client_base - INFO - recover model cost time : 0m:0s:0ms
2024-11-19 03:45:06,128 - fl_main - INFO - client_dict[f_00001] training ...
2024-11-19 03:45:06,129 - client_base - INFO - client_dict[f_00001] training epoch : 0
2024-11-19 03:45:15,307 - client_base - INFO - local model train cost time : 0m:9s:177ms
2024-11-19 03:45:15,309 - client_base - INFO - model encode time : 0m:0s:1ms
2024-11-19 03:45:15,309 - fl_main - INFO - client_dict[f_00001] local model encrypting ...
2024-11-19 03:45:53,168 - fed_utils - INFO - encrypting key [features.0.weight].length : 4800, cost time : 0m:37s:859ms
2024-11-19 03:45:53,683 - fed_utils - INFO - encrypting key [features.0.bias].length : 64, cost time : 0m:0s:514ms
2024-11-19 03:45:53,685 - fed_utils - INFO - load key [features.4.weight].length : 102400, cost time : 0m:0s:2ms
2024-11-19 03:45:53,685 - fed_utils - INFO - load key [features.4.bias].length : 64, cost time : 0m:0s:0ms
2024-11-19 03:45:53,726 - fed_utils - INFO - load key [classifier.0.weight].length : 1572864, cost time : 0m:0s:40ms
2024-11-19 03:45:53,726 - fed_utils - INFO - load key [classifier.0.bias].length : 384, cost time : 0m:0s:0ms
2024-11-19 03:45:53,728 - fed_utils - INFO - load key [classifier.2.weight].length : 73728, cost time : 0m:0s:1ms
2024-11-19 03:45:53,728 - fed_utils - INFO - load key [classifier.2.bias].length : 192, cost time : 0m:0s:0ms
2024-11-19 03:46:08,848 - fed_utils - INFO - encrypting key [classifier.4.weight].length : 1920, cost time : 0m:15s:120ms
2024-11-19 03:46:08,928 - fed_utils - INFO - encrypting key [classifier.4.bias].length : 10, cost time : 0m:0s:79ms
2024-11-19 03:46:08,928 - fl_main - INFO - Server receive client_dict[f_00001] info ...
2024-11-19 03:46:08,928 - fl_main - INFO - ----- client id [f_00002] -----
2024-11-19 03:46:08,938 - fed_utils - INFO - init global model cost time : 0m:0s:9ms
2024-11-19 03:46:08,939 - client_base - INFO - recover model cost time : 0m:0s:0ms
2024-11-19 03:46:11,404 - fl_main - INFO - global round [37] client_dict[f_00002].accuracy : 0.770100
2024-11-19 03:46:11,405 - fl_main - INFO - client_dict[f_00002] training ...
2024-11-19 03:46:11,405 - client_base - INFO - client_dict[f_00002] training epoch : 0
2024-11-19 03:46:20,599 - client_base - INFO - local model train cost time : 0m:9s:193ms
2024-11-19 03:46:20,601 - client_base - INFO - model encode time : 0m:0s:1ms
2024-11-19 03:46:20,601 - fl_main - INFO - client_dict[f_00002] local model encrypting ...
2024-11-19 03:46:58,433 - fed_utils - INFO - encrypting key [features.0.weight].length : 4800, cost time : 0m:37s:832ms
2024-11-19 03:46:58,947 - fed_utils - INFO - encrypting key [features.0.bias].length : 64, cost time : 0m:0s:513ms
2024-11-19 03:46:58,950 - fed_utils - INFO - load key [features.4.weight].length : 102400, cost time : 0m:0s:2ms
2024-11-19 03:46:58,950 - fed_utils - INFO - load key [features.4.bias].length : 64, cost time : 0m:0s:0ms
2024-11-19 03:46:58,990 - fed_utils - INFO - load key [classifier.0.weight].length : 1572864, cost time : 0m:0s:40ms
2024-11-19 03:46:58,991 - fed_utils - INFO - load key [classifier.0.bias].length : 384, cost time : 0m:0s:0ms
2024-11-19 03:46:58,992 - fed_utils - INFO - load key [classifier.2.weight].length : 73728, cost time : 0m:0s:1ms
2024-11-19 03:46:58,992 - fed_utils - INFO - load key [classifier.2.bias].length : 192, cost time : 0m:0s:0ms
2024-11-19 03:47:14,113 - fed_utils - INFO - encrypting key [classifier.4.weight].length : 1920, cost time : 0m:15s:120ms
2024-11-19 03:47:14,192 - fed_utils - INFO - encrypting key [classifier.4.bias].length : 10, cost time : 0m:0s:79ms
2024-11-19 03:47:14,192 - fl_main - INFO - Server receive client_dict[f_00002] info ...
2024-11-19 03:47:14,192 - fl_main - INFO - ----- client id [f_00003] -----
2024-11-19 03:47:14,202 - fed_utils - INFO - init global model cost time : 0m:0s:9ms
2024-11-19 03:47:14,204 - client_base - INFO - recover model cost time : 0m:0s:0ms
2024-11-19 03:47:14,204 - fl_main - INFO - client_dict[f_00003] training ...
2024-11-19 03:47:14,206 - client_base - INFO - client_dict[f_00003] training epoch : 0
2024-11-19 03:47:23,483 - client_base - INFO - local model train cost time : 0m:9s:277ms
2024-11-19 03:47:23,485 - client_base - INFO - model encode time : 0m:0s:1ms
2024-11-19 03:47:23,485 - fl_main - INFO - client_dict[f_00003] local model encrypting ...
2024-11-19 03:48:01,309 - fed_utils - INFO - encrypting key [features.0.weight].length : 4800, cost time : 0m:37s:823ms
2024-11-19 03:48:01,826 - fed_utils - INFO - encrypting key [features.0.bias].length : 64, cost time : 0m:0s:516ms
2024-11-19 03:48:01,828 - fed_utils - INFO - load key [features.4.weight].length : 102400, cost time : 0m:0s:2ms
2024-11-19 03:48:01,828 - fed_utils - INFO - load key [features.4.bias].length : 64, cost time : 0m:0s:0ms
2024-11-19 03:48:01,869 - fed_utils - INFO - load key [classifier.0.weight].length : 1572864, cost time : 0m:0s:40ms
2024-11-19 03:48:01,870 - fed_utils - INFO - load key [classifier.0.bias].length : 384, cost time : 0m:0s:0ms
2024-11-19 03:48:01,871 - fed_utils - INFO - load key [classifier.2.weight].length : 73728, cost time : 0m:0s:1ms
2024-11-19 03:48:01,872 - fed_utils - INFO - load key [classifier.2.bias].length : 192, cost time : 0m:0s:0ms
2024-11-19 03:48:17,003 - fed_utils - INFO - encrypting key [classifier.4.weight].length : 1920, cost time : 0m:15s:131ms
2024-11-19 03:48:17,083 - fed_utils - INFO - encrypting key [classifier.4.bias].length : 10, cost time : 0m:0s:79ms
2024-11-19 03:48:17,083 - fl_main - INFO - Server receive client_dict[f_00003] info ...
2024-11-19 03:48:17,083 - fl_main - INFO - ----- client id [f_00004] -----
2024-11-19 03:48:17,092 - fed_utils - INFO - init global model cost time : 0m:0s:9ms
2024-11-19 03:48:17,094 - client_base - INFO - recover model cost time : 0m:0s:0ms
2024-11-19 03:48:17,095 - fl_main - INFO - client_dict[f_00004] training ...
2024-11-19 03:48:17,096 - client_base - INFO - client_dict[f_00004] training epoch : 0
2024-11-19 03:48:26,312 - client_base - INFO - local model train cost time : 0m:9s:215ms
2024-11-19 03:48:26,314 - client_base - INFO - model encode time : 0m:0s:1ms
2024-11-19 03:48:26,314 - fl_main - INFO - client_dict[f_00004] local model encrypting ...
2024-11-19 03:49:04,153 - fed_utils - INFO - encrypting key [features.0.weight].length : 4800, cost time : 0m:37s:838ms
2024-11-19 03:49:04,667 - fed_utils - INFO - encrypting key [features.0.bias].length : 64, cost time : 0m:0s:514ms
2024-11-19 03:49:04,670 - fed_utils - INFO - load key [features.4.weight].length : 102400, cost time : 0m:0s:2ms
2024-11-19 03:49:04,670 - fed_utils - INFO - load key [features.4.bias].length : 64, cost time : 0m:0s:0ms
2024-11-19 03:49:04,710 - fed_utils - INFO - load key [classifier.0.weight].length : 1572864, cost time : 0m:0s:39ms
2024-11-19 03:49:04,710 - fed_utils - INFO - load key [classifier.0.bias].length : 384, cost time : 0m:0s:0ms
2024-11-19 03:49:04,712 - fed_utils - INFO - load key [classifier.2.weight].length : 73728, cost time : 0m:0s:1ms
2024-11-19 03:49:04,712 - fed_utils - INFO - load key [classifier.2.bias].length : 192, cost time : 0m:0s:0ms
2024-11-19 03:49:19,835 - fed_utils - INFO - encrypting key [classifier.4.weight].length : 1920, cost time : 0m:15s:122ms
2024-11-19 03:49:19,914 - fed_utils - INFO - encrypting key [classifier.4.bias].length : 10, cost time : 0m:0s:79ms
2024-11-19 03:49:19,914 - fl_main - INFO - Server receive client_dict[f_00004] info ...
2024-11-19 03:49:19,915 - fl_main - INFO - global aggregation process ...
2024-11-19 03:49:19,915 - fed_utils - INFO - server.n_data : 50000
2024-11-19 03:49:19,915 - fed_utils - INFO - client_dict[f_00000].weight : 0.200000
2024-11-19 03:49:19,915 - fed_utils - INFO - client_dict[f_00001].weight : 0.200000
2024-11-19 03:49:19,915 - fed_utils - INFO - client_dict[f_00002].weight : 0.200000
2024-11-19 03:49:19,915 - fed_utils - INFO - client_dict[f_00003].weight : 0.200000
2024-11-19 03:49:19,915 - fed_utils - INFO - client_dict[f_00004].weight : 0.200000
2024-11-19 03:49:19,915 - fed_utils - INFO - recover secret number by clients: 3157279.000000
2024-11-19 03:49:19,915 - server_base - INFO - Server aggregate model with homomorphic encryption ...
2024-11-19 03:49:30,488 - server_base - INFO - Server aggregate model done, cost time : 0m:10s:572ms
2024-11-19 03:49:41,357 - fed_utils - INFO - decrypting key [features.0.weight].shape [torch.Size([64, 3, 5, 5])]
2024-11-19 03:49:41,503 - fed_utils - INFO - decrypting key [features.0.bias].shape [torch.Size([64])]
2024-11-19 03:49:41,504 - fed_utils - INFO - decrypting key [features.4.weight].shape [torch.Size([64, 64, 5, 5])]
2024-11-19 03:49:41,504 - fed_utils - INFO - decrypting key [features.4.bias].shape [torch.Size([64])]
2024-11-19 03:49:41,513 - fed_utils - INFO - decrypting key [classifier.0.weight].shape [torch.Size([384, 4096])]
2024-11-19 03:49:41,513 - fed_utils - INFO - decrypting key [classifier.0.bias].shape [torch.Size([384])]
2024-11-19 03:49:41,513 - fed_utils - INFO - decrypting key [classifier.2.weight].shape [torch.Size([192, 384])]
2024-11-19 03:49:41,513 - fed_utils - INFO - decrypting key [classifier.2.bias].shape [torch.Size([192])]
2024-11-19 03:49:45,861 - fed_utils - INFO - decrypting key [classifier.4.weight].shape [torch.Size([10, 192])]
2024-11-19 03:49:45,884 - fed_utils - INFO - decrypting key [classifier.4.bias].shape [torch.Size([10])]
2024-11-19 03:49:45,884 - fed_utils - INFO - decrypt time : [0m:15s:395ms]
2024-11-19 03:49:45,951 - fl_main - INFO - [global round : 37] aggregated model accuracy : 0.7701
2024-11-19 03:49:45,951 - fl_main - INFO - [global round : 37] aggregated model loss : 0.19156746082111253
2024-11-19 03:49:45,952 - fl_main - INFO - global round : 38
2024-11-19 03:49:45,952 - fl_main - INFO - the random client id to test accuracy : f_00002
2024-11-19 03:49:45,952 - fl_main - INFO - ----- client id [f_00000] -----
2024-11-19 03:49:45,964 - fed_utils - INFO - init global model cost time : 0m:0s:11ms
2024-11-19 03:49:45,966 - client_base - INFO - recover model cost time : 0m:0s:0ms
2024-11-19 03:49:45,966 - fl_main - INFO - client_dict[f_00000] training ...
2024-11-19 03:49:45,980 - client_base - INFO - client_dict[f_00000] training epoch : 0
2024-11-19 03:49:55,215 - client_base - INFO - local model train cost time : 0m:9s:235ms
2024-11-19 03:49:55,217 - client_base - INFO - model encode time : 0m:0s:1ms
2024-11-19 03:49:55,217 - fl_main - INFO - client_dict[f_00000] local model encrypting ...
2024-11-19 03:50:33,002 - fed_utils - INFO - encrypting key [features.0.weight].length : 4800, cost time : 0m:37s:784ms
2024-11-19 03:50:33,516 - fed_utils - INFO - encrypting key [features.0.bias].length : 64, cost time : 0m:0s:513ms
2024-11-19 03:50:33,518 - fed_utils - INFO - load key [features.4.weight].length : 102400, cost time : 0m:0s:2ms
2024-11-19 03:50:33,518 - fed_utils - INFO - load key [features.4.bias].length : 64, cost time : 0m:0s:0ms
2024-11-19 03:50:33,549 - fed_utils - INFO - load key [classifier.0.weight].length : 1572864, cost time : 0m:0s:31ms
2024-11-19 03:50:33,549 - fed_utils - INFO - load key [classifier.0.bias].length : 384, cost time : 0m:0s:0ms
2024-11-19 03:50:33,551 - fed_utils - INFO - load key [classifier.2.weight].length : 73728, cost time : 0m:0s:1ms
2024-11-19 03:50:33,551 - fed_utils - INFO - load key [classifier.2.bias].length : 192, cost time : 0m:0s:0ms
2024-11-19 03:50:48,675 - fed_utils - INFO - encrypting key [classifier.4.weight].length : 1920, cost time : 0m:15s:123ms
2024-11-19 03:50:48,755 - fed_utils - INFO - encrypting key [classifier.4.bias].length : 10, cost time : 0m:0s:79ms
2024-11-19 03:50:48,779 - fl_main - INFO - Server receive client_dict[f_00000] info ...
2024-11-19 03:50:48,779 - fl_main - INFO - ----- client id [f_00001] -----
2024-11-19 03:50:48,790 - fed_utils - INFO - init global model cost time : 0m:0s:10ms
2024-11-19 03:50:48,792 - client_base - INFO - recover model cost time : 0m:0s:0ms
2024-11-19 03:50:48,793 - fl_main - INFO - client_dict[f_00001] training ...
2024-11-19 03:50:48,794 - client_base - INFO - client_dict[f_00001] training epoch : 0
2024-11-19 03:50:57,938 - client_base - INFO - local model train cost time : 0m:9s:143ms
2024-11-19 03:50:57,939 - client_base - INFO - model encode time : 0m:0s:1ms
2024-11-19 03:50:57,940 - fl_main - INFO - client_dict[f_00001] local model encrypting ...
2024-11-19 03:51:35,742 - fed_utils - INFO - encrypting key [features.0.weight].length : 4800, cost time : 0m:37s:802ms
2024-11-19 03:51:36,258 - fed_utils - INFO - encrypting key [features.0.bias].length : 64, cost time : 0m:0s:515ms
2024-11-19 03:51:36,260 - fed_utils - INFO - load key [features.4.weight].length : 102400, cost time : 0m:0s:2ms
2024-11-19 03:51:36,260 - fed_utils - INFO - load key [features.4.bias].length : 64, cost time : 0m:0s:0ms
2024-11-19 03:51:36,301 - fed_utils - INFO - load key [classifier.0.weight].length : 1572864, cost time : 0m:0s:40ms
2024-11-19 03:51:36,301 - fed_utils - INFO - load key [classifier.0.bias].length : 384, cost time : 0m:0s:0ms
2024-11-19 03:51:36,303 - fed_utils - INFO - load key [classifier.2.weight].length : 73728, cost time : 0m:0s:1ms
2024-11-19 03:51:36,303 - fed_utils - INFO - load key [classifier.2.bias].length : 192, cost time : 0m:0s:0ms
2024-11-19 03:51:51,442 - fed_utils - INFO - encrypting key [classifier.4.weight].length : 1920, cost time : 0m:15s:138ms
2024-11-19 03:51:51,521 - fed_utils - INFO - encrypting key [classifier.4.bias].length : 10, cost time : 0m:0s:79ms
2024-11-19 03:51:51,521 - fl_main - INFO - Server receive client_dict[f_00001] info ...
2024-11-19 03:51:51,521 - fl_main - INFO - ----- client id [f_00002] -----
2024-11-19 03:51:51,531 - fed_utils - INFO - init global model cost time : 0m:0s:9ms
2024-11-19 03:51:51,533 - client_base - INFO - recover model cost time : 0m:0s:0ms
2024-11-19 03:51:53,995 - fl_main - INFO - global round [38] client_dict[f_00002].accuracy : 0.776000
2024-11-19 03:51:53,995 - fl_main - INFO - client_dict[f_00002] training ...
2024-11-19 03:51:53,995 - client_base - INFO - client_dict[f_00002] training epoch : 0
2024-11-19 03:52:03,295 - client_base - INFO - local model train cost time : 0m:9s:299ms
2024-11-19 03:52:03,296 - client_base - INFO - model encode time : 0m:0s:1ms
2024-11-19 03:52:03,297 - fl_main - INFO - client_dict[f_00002] local model encrypting ...
2024-11-19 03:52:41,177 - fed_utils - INFO - encrypting key [features.0.weight].length : 4800, cost time : 0m:37s:880ms
2024-11-19 03:52:41,691 - fed_utils - INFO - encrypting key [features.0.bias].length : 64, cost time : 0m:0s:514ms
2024-11-19 03:52:41,694 - fed_utils - INFO - load key [features.4.weight].length : 102400, cost time : 0m:0s:2ms
2024-11-19 03:52:41,694 - fed_utils - INFO - load key [features.4.bias].length : 64, cost time : 0m:0s:0ms
2024-11-19 03:52:41,734 - fed_utils - INFO - load key [classifier.0.weight].length : 1572864, cost time : 0m:0s:40ms
2024-11-19 03:52:41,735 - fed_utils - INFO - load key [classifier.0.bias].length : 384, cost time : 0m:0s:0ms
2024-11-19 03:52:41,737 - fed_utils - INFO - load key [classifier.2.weight].length : 73728, cost time : 0m:0s:1ms
2024-11-19 03:52:41,737 - fed_utils - INFO - load key [classifier.2.bias].length : 192, cost time : 0m:0s:0ms
2024-11-19 03:52:56,861 - fed_utils - INFO - encrypting key [classifier.4.weight].length : 1920, cost time : 0m:15s:124ms
2024-11-19 03:52:56,941 - fed_utils - INFO - encrypting key [classifier.4.bias].length : 10, cost time : 0m:0s:79ms
2024-11-19 03:52:56,941 - fl_main - INFO - Server receive client_dict[f_00002] info ...
2024-11-19 03:52:56,941 - fl_main - INFO - ----- client id [f_00003] -----
2024-11-19 03:52:56,951 - fed_utils - INFO - init global model cost time : 0m:0s:9ms
2024-11-19 03:52:56,952 - client_base - INFO - recover model cost time : 0m:0s:0ms
2024-11-19 03:52:56,953 - fl_main - INFO - client_dict[f_00003] training ...
2024-11-19 03:52:56,954 - client_base - INFO - client_dict[f_00003] training epoch : 0
2024-11-19 03:53:06,165 - client_base - INFO - local model train cost time : 0m:9s:210ms
2024-11-19 03:53:06,167 - client_base - INFO - model encode time : 0m:0s:1ms
2024-11-19 03:53:06,167 - fl_main - INFO - client_dict[f_00003] local model encrypting ...
2024-11-19 03:53:43,973 - fed_utils - INFO - encrypting key [features.0.weight].length : 4800, cost time : 0m:37s:805ms
2024-11-19 03:53:44,488 - fed_utils - INFO - encrypting key [features.0.bias].length : 64, cost time : 0m:0s:514ms
2024-11-19 03:53:44,490 - fed_utils - INFO - load key [features.4.weight].length : 102400, cost time : 0m:0s:2ms
2024-11-19 03:53:44,491 - fed_utils - INFO - load key [features.4.bias].length : 64, cost time : 0m:0s:0ms
2024-11-19 03:53:44,530 - fed_utils - INFO - load key [classifier.0.weight].length : 1572864, cost time : 0m:0s:39ms
2024-11-19 03:53:44,530 - fed_utils - INFO - load key [classifier.0.bias].length : 384, cost time : 0m:0s:0ms
2024-11-19 03:53:44,532 - fed_utils - INFO - load key [classifier.2.weight].length : 73728, cost time : 0m:0s:1ms
2024-11-19 03:53:44,532 - fed_utils - INFO - load key [classifier.2.bias].length : 192, cost time : 0m:0s:0ms
2024-11-19 03:53:59,661 - fed_utils - INFO - encrypting key [classifier.4.weight].length : 1920, cost time : 0m:15s:128ms
2024-11-19 03:53:59,741 - fed_utils - INFO - encrypting key [classifier.4.bias].length : 10, cost time : 0m:0s:79ms
2024-11-19 03:53:59,741 - fl_main - INFO - Server receive client_dict[f_00003] info ...
2024-11-19 03:53:59,741 - fl_main - INFO - ----- client id [f_00004] -----
2024-11-19 03:53:59,750 - fed_utils - INFO - init global model cost time : 0m:0s:9ms
2024-11-19 03:53:59,752 - client_base - INFO - recover model cost time : 0m:0s:0ms
2024-11-19 03:53:59,753 - fl_main - INFO - client_dict[f_00004] training ...
2024-11-19 03:53:59,754 - client_base - INFO - client_dict[f_00004] training epoch : 0
2024-11-19 03:54:08,944 - client_base - INFO - local model train cost time : 0m:9s:189ms
2024-11-19 03:54:08,945 - client_base - INFO - model encode time : 0m:0s:1ms
2024-11-19 03:54:08,946 - fl_main - INFO - client_dict[f_00004] local model encrypting ...
2024-11-19 03:54:46,766 - fed_utils - INFO - encrypting key [features.0.weight].length : 4800, cost time : 0m:37s:819ms
2024-11-19 03:54:47,279 - fed_utils - INFO - encrypting key [features.0.bias].length : 64, cost time : 0m:0s:513ms
2024-11-19 03:54:47,282 - fed_utils - INFO - load key [features.4.weight].length : 102400, cost time : 0m:0s:2ms
2024-11-19 03:54:47,282 - fed_utils - INFO - load key [features.4.bias].length : 64, cost time : 0m:0s:0ms
2024-11-19 03:54:47,322 - fed_utils - INFO - load key [classifier.0.weight].length : 1572864, cost time : 0m:0s:39ms
2024-11-19 03:54:47,322 - fed_utils - INFO - load key [classifier.0.bias].length : 384, cost time : 0m:0s:0ms
2024-11-19 03:54:47,324 - fed_utils - INFO - load key [classifier.2.weight].length : 73728, cost time : 0m:0s:1ms
2024-11-19 03:54:47,324 - fed_utils - INFO - load key [classifier.2.bias].length : 192, cost time : 0m:0s:0ms
2024-11-19 03:55:02,453 - fed_utils - INFO - encrypting key [classifier.4.weight].length : 1920, cost time : 0m:15s:129ms
2024-11-19 03:55:02,533 - fed_utils - INFO - encrypting key [classifier.4.bias].length : 10, cost time : 0m:0s:79ms
2024-11-19 03:55:02,533 - fl_main - INFO - Server receive client_dict[f_00004] info ...
2024-11-19 03:55:02,533 - fl_main - INFO - global aggregation process ...
2024-11-19 03:55:02,533 - fed_utils - INFO - server.n_data : 50000
2024-11-19 03:55:02,533 - fed_utils - INFO - client_dict[f_00000].weight : 0.200000
2024-11-19 03:55:02,533 - fed_utils - INFO - client_dict[f_00001].weight : 0.200000
2024-11-19 03:55:02,533 - fed_utils - INFO - client_dict[f_00002].weight : 0.200000
2024-11-19 03:55:02,533 - fed_utils - INFO - client_dict[f_00003].weight : 0.200000
2024-11-19 03:55:02,533 - fed_utils - INFO - client_dict[f_00004].weight : 0.200000
2024-11-19 03:55:02,533 - fed_utils - INFO - recover secret number by clients: 3157279.000000
2024-11-19 03:55:02,533 - server_base - INFO - Server aggregate model with homomorphic encryption ...
2024-11-19 03:55:13,104 - server_base - INFO - Server aggregate model done, cost time : 0m:10s:570ms
2024-11-19 03:55:23,975 - fed_utils - INFO - decrypting key [features.0.weight].shape [torch.Size([64, 3, 5, 5])]
2024-11-19 03:55:24,120 - fed_utils - INFO - decrypting key [features.0.bias].shape [torch.Size([64])]
2024-11-19 03:55:24,121 - fed_utils - INFO - decrypting key [features.4.weight].shape [torch.Size([64, 64, 5, 5])]
2024-11-19 03:55:24,121 - fed_utils - INFO - decrypting key [features.4.bias].shape [torch.Size([64])]
2024-11-19 03:55:24,128 - fed_utils - INFO - decrypting key [classifier.0.weight].shape [torch.Size([384, 4096])]
2024-11-19 03:55:24,128 - fed_utils - INFO - decrypting key [classifier.0.bias].shape [torch.Size([384])]
2024-11-19 03:55:24,128 - fed_utils - INFO - decrypting key [classifier.2.weight].shape [torch.Size([192, 384])]
2024-11-19 03:55:24,128 - fed_utils - INFO - decrypting key [classifier.2.bias].shape [torch.Size([192])]
2024-11-19 03:55:28,477 - fed_utils - INFO - decrypting key [classifier.4.weight].shape [torch.Size([10, 192])]
2024-11-19 03:55:28,500 - fed_utils - INFO - decrypting key [classifier.4.bias].shape [torch.Size([10])]
2024-11-19 03:55:28,500 - fed_utils - INFO - decrypt time : [0m:15s:395ms]
2024-11-19 03:55:28,567 - fl_main - INFO - [global round : 38] aggregated model accuracy : 0.776
2024-11-19 03:55:28,567 - fl_main - INFO - [global round : 38] aggregated model loss : 0.12756193720294334
2024-11-19 03:55:28,568 - fl_main - INFO - global round : 39
2024-11-19 03:55:28,568 - fl_main - INFO - the random client id to test accuracy : f_00000
2024-11-19 03:55:28,568 - fl_main - INFO - ----- client id [f_00000] -----
2024-11-19 03:55:28,580 - fed_utils - INFO - init global model cost time : 0m:0s:11ms
2024-11-19 03:55:28,583 - client_base - INFO - recover model cost time : 0m:0s:0ms
2024-11-19 03:55:31,034 - fl_main - INFO - global round [39] client_dict[f_00000].accuracy : 0.779500
2024-11-19 03:55:31,034 - fl_main - INFO - client_dict[f_00000] training ...
2024-11-19 03:55:31,034 - client_base - INFO - client_dict[f_00000] training epoch : 0
2024-11-19 03:55:40,192 - client_base - INFO - local model train cost time : 0m:9s:158ms
2024-11-19 03:55:40,194 - client_base - INFO - model encode time : 0m:0s:1ms
2024-11-19 03:55:40,194 - fl_main - INFO - client_dict[f_00000] local model encrypting ...
2024-11-19 03:56:18,027 - fed_utils - INFO - encrypting key [features.0.weight].length : 4800, cost time : 0m:37s:832ms
2024-11-19 03:56:18,542 - fed_utils - INFO - encrypting key [features.0.bias].length : 64, cost time : 0m:0s:515ms
2024-11-19 03:56:18,545 - fed_utils - INFO - load key [features.4.weight].length : 102400, cost time : 0m:0s:2ms
2024-11-19 03:56:18,545 - fed_utils - INFO - load key [features.4.bias].length : 64, cost time : 0m:0s:0ms
2024-11-19 03:56:18,575 - fed_utils - INFO - load key [classifier.0.weight].length : 1572864, cost time : 0m:0s:30ms
2024-11-19 03:56:18,576 - fed_utils - INFO - load key [classifier.0.bias].length : 384, cost time : 0m:0s:0ms
2024-11-19 03:56:18,578 - fed_utils - INFO - load key [classifier.2.weight].length : 73728, cost time : 0m:0s:2ms
2024-11-19 03:56:18,578 - fed_utils - INFO - load key [classifier.2.bias].length : 192, cost time : 0m:0s:0ms
2024-11-19 03:56:33,717 - fed_utils - INFO - encrypting key [classifier.4.weight].length : 1920, cost time : 0m:15s:138ms
2024-11-19 03:56:33,796 - fed_utils - INFO - encrypting key [classifier.4.bias].length : 10, cost time : 0m:0s:79ms
2024-11-19 03:56:33,821 - fl_main - INFO - Server receive client_dict[f_00000] info ...
2024-11-19 03:56:33,821 - fl_main - INFO - ----- client id [f_00001] -----
2024-11-19 03:56:33,832 - fed_utils - INFO - init global model cost time : 0m:0s:10ms
2024-11-19 03:56:33,834 - client_base - INFO - recover model cost time : 0m:0s:0ms
2024-11-19 03:56:33,834 - fl_main - INFO - client_dict[f_00001] training ...
2024-11-19 03:56:33,836 - client_base - INFO - client_dict[f_00001] training epoch : 0
2024-11-19 03:56:43,088 - client_base - INFO - local model train cost time : 0m:9s:251ms
2024-11-19 03:56:43,089 - client_base - INFO - model encode time : 0m:0s:1ms
2024-11-19 03:56:43,089 - fl_main - INFO - client_dict[f_00001] local model encrypting ...
2024-11-19 03:57:20,936 - fed_utils - INFO - encrypting key [features.0.weight].length : 4800, cost time : 0m:37s:846ms
2024-11-19 03:57:21,450 - fed_utils - INFO - encrypting key [features.0.bias].length : 64, cost time : 0m:0s:513ms
2024-11-19 03:57:21,453 - fed_utils - INFO - load key [features.4.weight].length : 102400, cost time : 0m:0s:2ms
2024-11-19 03:57:21,453 - fed_utils - INFO - load key [features.4.bias].length : 64, cost time : 0m:0s:0ms
2024-11-19 03:57:21,493 - fed_utils - INFO - load key [classifier.0.weight].length : 1572864, cost time : 0m:0s:40ms
2024-11-19 03:57:21,493 - fed_utils - INFO - load key [classifier.0.bias].length : 384, cost time : 0m:0s:0ms
2024-11-19 03:57:21,495 - fed_utils - INFO - load key [classifier.2.weight].length : 73728, cost time : 0m:0s:1ms
2024-11-19 03:57:21,495 - fed_utils - INFO - load key [classifier.2.bias].length : 192, cost time : 0m:0s:0ms
2024-11-19 03:57:36,667 - fed_utils - INFO - encrypting key [classifier.4.weight].length : 1920, cost time : 0m:15s:171ms
2024-11-19 03:57:36,747 - fed_utils - INFO - encrypting key [classifier.4.bias].length : 10, cost time : 0m:0s:79ms
2024-11-19 03:57:36,747 - fl_main - INFO - Server receive client_dict[f_00001] info ...
2024-11-19 03:57:36,747 - fl_main - INFO - ----- client id [f_00002] -----
2024-11-19 03:57:36,756 - fed_utils - INFO - init global model cost time : 0m:0s:9ms
2024-11-19 03:57:36,758 - client_base - INFO - recover model cost time : 0m:0s:0ms
2024-11-19 03:57:36,758 - fl_main - INFO - client_dict[f_00002] training ...
2024-11-19 03:57:36,760 - client_base - INFO - client_dict[f_00002] training epoch : 0
2024-11-19 03:57:45,995 - client_base - INFO - local model train cost time : 0m:9s:234ms
2024-11-19 03:57:45,996 - client_base - INFO - model encode time : 0m:0s:1ms
2024-11-19 03:57:45,997 - fl_main - INFO - client_dict[f_00002] local model encrypting ...
2024-11-19 03:58:23,840 - fed_utils - INFO - encrypting key [features.0.weight].length : 4800, cost time : 0m:37s:843ms
2024-11-19 03:58:24,355 - fed_utils - INFO - encrypting key [features.0.bias].length : 64, cost time : 0m:0s:514ms
2024-11-19 03:58:24,358 - fed_utils - INFO - load key [features.4.weight].length : 102400, cost time : 0m:0s:2ms
2024-11-19 03:58:24,358 - fed_utils - INFO - load key [features.4.bias].length : 64, cost time : 0m:0s:0ms
2024-11-19 03:58:24,398 - fed_utils - INFO - load key [classifier.0.weight].length : 1572864, cost time : 0m:0s:40ms
2024-11-19 03:58:24,398 - fed_utils - INFO - load key [classifier.0.bias].length : 384, cost time : 0m:0s:0ms
2024-11-19 03:58:24,400 - fed_utils - INFO - load key [classifier.2.weight].length : 73728, cost time : 0m:0s:1ms
2024-11-19 03:58:24,400 - fed_utils - INFO - load key [classifier.2.bias].length : 192, cost time : 0m:0s:0ms
2024-11-19 03:58:39,520 - fed_utils - INFO - encrypting key [classifier.4.weight].length : 1920, cost time : 0m:15s:120ms
2024-11-19 03:58:39,601 - fed_utils - INFO - encrypting key [classifier.4.bias].length : 10, cost time : 0m:0s:80ms
2024-11-19 03:58:39,601 - fl_main - INFO - Server receive client_dict[f_00002] info ...
2024-11-19 03:58:39,601 - fl_main - INFO - ----- client id [f_00003] -----
2024-11-19 03:58:39,610 - fed_utils - INFO - init global model cost time : 0m:0s:9ms
2024-11-19 03:58:39,612 - client_base - INFO - recover model cost time : 0m:0s:0ms
2024-11-19 03:58:39,612 - fl_main - INFO - client_dict[f_00003] training ...
2024-11-19 03:58:39,614 - client_base - INFO - client_dict[f_00003] training epoch : 0
2024-11-19 03:58:48,822 - client_base - INFO - local model train cost time : 0m:9s:208ms
2024-11-19 03:58:48,824 - client_base - INFO - model encode time : 0m:0s:1ms
2024-11-19 03:58:48,824 - fl_main - INFO - client_dict[f_00003] local model encrypting ...
2024-11-19 03:59:26,651 - fed_utils - INFO - encrypting key [features.0.weight].length : 4800, cost time : 0m:37s:826ms
2024-11-19 03:59:27,166 - fed_utils - INFO - encrypting key [features.0.bias].length : 64, cost time : 0m:0s:514ms
2024-11-19 03:59:27,169 - fed_utils - INFO - load key [features.4.weight].length : 102400, cost time : 0m:0s:2ms
2024-11-19 03:59:27,169 - fed_utils - INFO - load key [features.4.bias].length : 64, cost time : 0m:0s:0ms
2024-11-19 03:59:27,209 - fed_utils - INFO - load key [classifier.0.weight].length : 1572864, cost time : 0m:0s:39ms
2024-11-19 03:59:27,209 - fed_utils - INFO - load key [classifier.0.bias].length : 384, cost time : 0m:0s:0ms
2024-11-19 03:59:27,211 - fed_utils - INFO - load key [classifier.2.weight].length : 73728, cost time : 0m:0s:1ms
2024-11-19 03:59:27,211 - fed_utils - INFO - load key [classifier.2.bias].length : 192, cost time : 0m:0s:0ms
2024-11-19 03:59:42,343 - fed_utils - INFO - encrypting key [classifier.4.weight].length : 1920, cost time : 0m:15s:131ms
2024-11-19 03:59:42,423 - fed_utils - INFO - encrypting key [classifier.4.bias].length : 10, cost time : 0m:0s:79ms
2024-11-19 03:59:42,423 - fl_main - INFO - Server receive client_dict[f_00003] info ...
2024-11-19 03:59:42,423 - fl_main - INFO - ----- client id [f_00004] -----
2024-11-19 03:59:42,432 - fed_utils - INFO - init global model cost time : 0m:0s:9ms
2024-11-19 03:59:42,434 - client_base - INFO - recover model cost time : 0m:0s:0ms
2024-11-19 03:59:42,434 - fl_main - INFO - client_dict[f_00004] training ...
2024-11-19 03:59:42,436 - client_base - INFO - client_dict[f_00004] training epoch : 0
2024-11-19 03:59:51,665 - client_base - INFO - local model train cost time : 0m:9s:229ms
2024-11-19 03:59:51,667 - client_base - INFO - model encode time : 0m:0s:1ms
2024-11-19 03:59:51,667 - fl_main - INFO - client_dict[f_00004] local model encrypting ...
2024-11-19 04:00:29,523 - fed_utils - INFO - encrypting key [features.0.weight].length : 4800, cost time : 0m:37s:855ms
2024-11-19 04:00:30,045 - fed_utils - INFO - encrypting key [features.0.bias].length : 64, cost time : 0m:0s:522ms
2024-11-19 04:00:30,048 - fed_utils - INFO - load key [features.4.weight].length : 102400, cost time : 0m:0s:2ms
2024-11-19 04:00:30,048 - fed_utils - INFO - load key [features.4.bias].length : 64, cost time : 0m:0s:0ms
2024-11-19 04:00:30,088 - fed_utils - INFO - load key [classifier.0.weight].length : 1572864, cost time : 0m:0s:39ms
2024-11-19 04:00:30,088 - fed_utils - INFO - load key [classifier.0.bias].length : 384, cost time : 0m:0s:0ms
2024-11-19 04:00:30,090 - fed_utils - INFO - load key [classifier.2.weight].length : 73728, cost time : 0m:0s:1ms
2024-11-19 04:00:30,090 - fed_utils - INFO - load key [classifier.2.bias].length : 192, cost time : 0m:0s:0ms
2024-11-19 04:00:45,244 - fed_utils - INFO - encrypting key [classifier.4.weight].length : 1920, cost time : 0m:15s:154ms
2024-11-19 04:00:45,324 - fed_utils - INFO - encrypting key [classifier.4.bias].length : 10, cost time : 0m:0s:79ms
2024-11-19 04:00:45,324 - fl_main - INFO - Server receive client_dict[f_00004] info ...
2024-11-19 04:00:45,324 - fl_main - INFO - global aggregation process ...
2024-11-19 04:00:45,324 - fed_utils - INFO - server.n_data : 50000
2024-11-19 04:00:45,324 - fed_utils - INFO - client_dict[f_00000].weight : 0.200000
2024-11-19 04:00:45,324 - fed_utils - INFO - client_dict[f_00001].weight : 0.200000
2024-11-19 04:00:45,324 - fed_utils - INFO - client_dict[f_00002].weight : 0.200000
2024-11-19 04:00:45,324 - fed_utils - INFO - client_dict[f_00003].weight : 0.200000
2024-11-19 04:00:45,324 - fed_utils - INFO - client_dict[f_00004].weight : 0.200000
2024-11-19 04:00:45,325 - fed_utils - INFO - recover secret number by clients: 3157279.000000
2024-11-19 04:00:45,325 - server_base - INFO - Server aggregate model with homomorphic encryption ...
2024-11-19 04:00:55,887 - server_base - INFO - Server aggregate model done, cost time : 0m:10s:562ms
2024-11-19 04:01:06,758 - fed_utils - INFO - decrypting key [features.0.weight].shape [torch.Size([64, 3, 5, 5])]
2024-11-19 04:01:06,903 - fed_utils - INFO - decrypting key [features.0.bias].shape [torch.Size([64])]
2024-11-19 04:01:06,904 - fed_utils - INFO - decrypting key [features.4.weight].shape [torch.Size([64, 64, 5, 5])]
2024-11-19 04:01:06,904 - fed_utils - INFO - decrypting key [features.4.bias].shape [torch.Size([64])]
2024-11-19 04:01:06,913 - fed_utils - INFO - decrypting key [classifier.0.weight].shape [torch.Size([384, 4096])]
2024-11-19 04:01:06,913 - fed_utils - INFO - decrypting key [classifier.0.bias].shape [torch.Size([384])]
2024-11-19 04:01:06,914 - fed_utils - INFO - decrypting key [classifier.2.weight].shape [torch.Size([192, 384])]
2024-11-19 04:01:06,914 - fed_utils - INFO - decrypting key [classifier.2.bias].shape [torch.Size([192])]
2024-11-19 04:01:11,262 - fed_utils - INFO - decrypting key [classifier.4.weight].shape [torch.Size([10, 192])]
2024-11-19 04:01:11,286 - fed_utils - INFO - decrypting key [classifier.4.bias].shape [torch.Size([10])]
2024-11-19 04:01:11,286 - fed_utils - INFO - decrypt time : [0m:15s:398ms]
2024-11-19 04:01:11,357 - fl_main - INFO - [global round : 39] aggregated model accuracy : 0.7795000000000001
2024-11-19 04:01:11,357 - fl_main - INFO - [global round : 39] aggregated model loss : 0.1394956644482465
2024-11-19 04:01:11,358 - fl_main - INFO - global round : 40
2024-11-19 04:01:11,358 - fl_main - INFO - the random client id to test accuracy : f_00002
2024-11-19 04:01:11,358 - fl_main - INFO - ----- client id [f_00000] -----
2024-11-19 04:01:11,371 - fed_utils - INFO - init global model cost time : 0m:0s:12ms
2024-11-19 04:01:11,373 - client_base - INFO - recover model cost time : 0m:0s:0ms
2024-11-19 04:01:11,373 - fl_main - INFO - client_dict[f_00000] training ...
2024-11-19 04:01:11,386 - client_base - INFO - client_dict[f_00000] training epoch : 0
2024-11-19 04:01:20,551 - client_base - INFO - local model train cost time : 0m:9s:164ms
2024-11-19 04:01:20,553 - client_base - INFO - model encode time : 0m:0s:1ms
2024-11-19 04:01:20,553 - fl_main - INFO - client_dict[f_00000] local model encrypting ...
2024-11-19 04:01:58,361 - fed_utils - INFO - encrypting key [features.0.weight].length : 4800, cost time : 0m:37s:808ms
2024-11-19 04:01:58,876 - fed_utils - INFO - encrypting key [features.0.bias].length : 64, cost time : 0m:0s:514ms
2024-11-19 04:01:58,878 - fed_utils - INFO - load key [features.4.weight].length : 102400, cost time : 0m:0s:2ms
2024-11-19 04:01:58,878 - fed_utils - INFO - load key [features.4.bias].length : 64, cost time : 0m:0s:0ms
2024-11-19 04:01:58,909 - fed_utils - INFO - load key [classifier.0.weight].length : 1572864, cost time : 0m:0s:30ms
2024-11-19 04:01:58,909 - fed_utils - INFO - load key [classifier.0.bias].length : 384, cost time : 0m:0s:0ms
2024-11-19 04:01:58,911 - fed_utils - INFO - load key [classifier.2.weight].length : 73728, cost time : 0m:0s:2ms
2024-11-19 04:01:58,912 - fed_utils - INFO - load key [classifier.2.bias].length : 192, cost time : 0m:0s:0ms
2024-11-19 04:02:14,029 - fed_utils - INFO - encrypting key [classifier.4.weight].length : 1920, cost time : 0m:15s:117ms
2024-11-19 04:02:14,108 - fed_utils - INFO - encrypting key [classifier.4.bias].length : 10, cost time : 0m:0s:79ms
2024-11-19 04:02:14,133 - fl_main - INFO - Server receive client_dict[f_00000] info ...
2024-11-19 04:02:14,133 - fl_main - INFO - ----- client id [f_00001] -----
2024-11-19 04:02:14,143 - fed_utils - INFO - init global model cost time : 0m:0s:10ms
2024-11-19 04:02:14,145 - client_base - INFO - recover model cost time : 0m:0s:0ms
2024-11-19 04:02:14,145 - fl_main - INFO - client_dict[f_00001] training ...
2024-11-19 04:02:14,147 - client_base - INFO - client_dict[f_00001] training epoch : 0
2024-11-19 04:02:23,378 - client_base - INFO - local model train cost time : 0m:9s:230ms
2024-11-19 04:02:23,379 - client_base - INFO - model encode time : 0m:0s:1ms
2024-11-19 04:02:23,380 - fl_main - INFO - client_dict[f_00001] local model encrypting ...
2024-11-19 04:03:01,172 - fed_utils - INFO - encrypting key [features.0.weight].length : 4800, cost time : 0m:37s:792ms
2024-11-19 04:03:01,688 - fed_utils - INFO - encrypting key [features.0.bias].length : 64, cost time : 0m:0s:515ms
2024-11-19 04:03:01,690 - fed_utils - INFO - load key [features.4.weight].length : 102400, cost time : 0m:0s:2ms
2024-11-19 04:03:01,690 - fed_utils - INFO - load key [features.4.bias].length : 64, cost time : 0m:0s:0ms
2024-11-19 04:03:01,731 - fed_utils - INFO - load key [classifier.0.weight].length : 1572864, cost time : 0m:0s:40ms
2024-11-19 04:03:01,731 - fed_utils - INFO - load key [classifier.0.bias].length : 384, cost time : 0m:0s:0ms
2024-11-19 04:03:01,733 - fed_utils - INFO - load key [classifier.2.weight].length : 73728, cost time : 0m:0s:1ms
2024-11-19 04:03:01,733 - fed_utils - INFO - load key [classifier.2.bias].length : 192, cost time : 0m:0s:0ms
2024-11-19 04:03:16,895 - fed_utils - INFO - encrypting key [classifier.4.weight].length : 1920, cost time : 0m:15s:162ms
2024-11-19 04:03:16,975 - fed_utils - INFO - encrypting key [classifier.4.bias].length : 10, cost time : 0m:0s:79ms
2024-11-19 04:03:16,975 - fl_main - INFO - Server receive client_dict[f_00001] info ...
2024-11-19 04:03:16,975 - fl_main - INFO - ----- client id [f_00002] -----
2024-11-19 04:03:16,984 - fed_utils - INFO - init global model cost time : 0m:0s:9ms
2024-11-19 04:03:16,986 - client_base - INFO - recover model cost time : 0m:0s:0ms
2024-11-19 04:03:19,432 - fl_main - INFO - global round [40] client_dict[f_00002].accuracy : 0.776100
2024-11-19 04:03:19,432 - fl_main - INFO - client_dict[f_00002] training ...
2024-11-19 04:03:19,432 - client_base - INFO - client_dict[f_00002] training epoch : 0
2024-11-19 04:03:28,562 - client_base - INFO - local model train cost time : 0m:9s:129ms
2024-11-19 04:03:28,564 - client_base - INFO - model encode time : 0m:0s:1ms
2024-11-19 04:03:28,564 - fl_main - INFO - client_dict[f_00002] local model encrypting ...
2024-11-19 04:04:06,391 - fed_utils - INFO - encrypting key [features.0.weight].length : 4800, cost time : 0m:37s:827ms
2024-11-19 04:04:06,906 - fed_utils - INFO - encrypting key [features.0.bias].length : 64, cost time : 0m:0s:514ms
2024-11-19 04:04:06,908 - fed_utils - INFO - load key [features.4.weight].length : 102400, cost time : 0m:0s:2ms
2024-11-19 04:04:06,908 - fed_utils - INFO - load key [features.4.bias].length : 64, cost time : 0m:0s:0ms
2024-11-19 04:04:06,949 - fed_utils - INFO - load key [classifier.0.weight].length : 1572864, cost time : 0m:0s:40ms
2024-11-19 04:04:06,949 - fed_utils - INFO - load key [classifier.0.bias].length : 384, cost time : 0m:0s:0ms
2024-11-19 04:04:06,951 - fed_utils - INFO - load key [classifier.2.weight].length : 73728, cost time : 0m:0s:1ms
2024-11-19 04:04:06,951 - fed_utils - INFO - load key [classifier.2.bias].length : 192, cost time : 0m:0s:0ms
2024-11-19 04:04:22,076 - fed_utils - INFO - encrypting key [classifier.4.weight].length : 1920, cost time : 0m:15s:125ms
2024-11-19 04:04:22,155 - fed_utils - INFO - encrypting key [classifier.4.bias].length : 10, cost time : 0m:0s:79ms
2024-11-19 04:04:22,155 - fl_main - INFO - Server receive client_dict[f_00002] info ...
2024-11-19 04:04:22,156 - fl_main - INFO - ----- client id [f_00003] -----
2024-11-19 04:04:22,165 - fed_utils - INFO - init global model cost time : 0m:0s:9ms
2024-11-19 04:04:22,167 - client_base - INFO - recover model cost time : 0m:0s:0ms
2024-11-19 04:04:22,167 - fl_main - INFO - client_dict[f_00003] training ...
2024-11-19 04:04:22,169 - client_base - INFO - client_dict[f_00003] training epoch : 0
2024-11-19 04:04:31,431 - client_base - INFO - local model train cost time : 0m:9s:261ms
2024-11-19 04:04:31,433 - client_base - INFO - model encode time : 0m:0s:1ms
2024-11-19 04:04:31,433 - fl_main - INFO - client_dict[f_00003] local model encrypting ...
2024-11-19 04:05:09,225 - fed_utils - INFO - encrypting key [features.0.weight].length : 4800, cost time : 0m:37s:792ms
2024-11-19 04:05:09,739 - fed_utils - INFO - encrypting key [features.0.bias].length : 64, cost time : 0m:0s:513ms
2024-11-19 04:05:09,742 - fed_utils - INFO - load key [features.4.weight].length : 102400, cost time : 0m:0s:2ms
2024-11-19 04:05:09,742 - fed_utils - INFO - load key [features.4.bias].length : 64, cost time : 0m:0s:0ms
2024-11-19 04:05:09,782 - fed_utils - INFO - load key [classifier.0.weight].length : 1572864, cost time : 0m:0s:39ms
2024-11-19 04:05:09,782 - fed_utils - INFO - load key [classifier.0.bias].length : 384, cost time : 0m:0s:0ms
2024-11-19 04:05:09,784 - fed_utils - INFO - load key [classifier.2.weight].length : 73728, cost time : 0m:0s:1ms
2024-11-19 04:05:09,784 - fed_utils - INFO - load key [classifier.2.bias].length : 192, cost time : 0m:0s:0ms
2024-11-19 04:05:24,905 - fed_utils - INFO - encrypting key [classifier.4.weight].length : 1920, cost time : 0m:15s:120ms
2024-11-19 04:05:24,984 - fed_utils - INFO - encrypting key [classifier.4.bias].length : 10, cost time : 0m:0s:79ms
2024-11-19 04:05:24,984 - fl_main - INFO - Server receive client_dict[f_00003] info ...
2024-11-19 04:05:24,984 - fl_main - INFO - ----- client id [f_00004] -----
2024-11-19 04:05:24,994 - fed_utils - INFO - init global model cost time : 0m:0s:9ms
2024-11-19 04:05:24,995 - client_base - INFO - recover model cost time : 0m:0s:0ms
2024-11-19 04:05:24,996 - fl_main - INFO - client_dict[f_00004] training ...
2024-11-19 04:05:24,997 - client_base - INFO - client_dict[f_00004] training epoch : 0
2024-11-19 04:05:34,221 - client_base - INFO - local model train cost time : 0m:9s:223ms
2024-11-19 04:05:34,223 - client_base - INFO - model encode time : 0m:0s:1ms
2024-11-19 04:05:34,223 - fl_main - INFO - client_dict[f_00004] local model encrypting ...
2024-11-19 04:06:12,050 - fed_utils - INFO - encrypting key [features.0.weight].length : 4800, cost time : 0m:37s:826ms
2024-11-19 04:06:12,565 - fed_utils - INFO - encrypting key [features.0.bias].length : 64, cost time : 0m:0s:515ms
2024-11-19 04:06:12,568 - fed_utils - INFO - load key [features.4.weight].length : 102400, cost time : 0m:0s:2ms
2024-11-19 04:06:12,568 - fed_utils - INFO - load key [features.4.bias].length : 64, cost time : 0m:0s:0ms
2024-11-19 04:06:12,608 - fed_utils - INFO - load key [classifier.0.weight].length : 1572864, cost time : 0m:0s:40ms
2024-11-19 04:06:12,609 - fed_utils - INFO - load key [classifier.0.bias].length : 384, cost time : 0m:0s:0ms
2024-11-19 04:06:12,611 - fed_utils - INFO - load key [classifier.2.weight].length : 73728, cost time : 0m:0s:1ms
2024-11-19 04:06:12,611 - fed_utils - INFO - load key [classifier.2.bias].length : 192, cost time : 0m:0s:0ms
2024-11-19 04:06:27,741 - fed_utils - INFO - encrypting key [classifier.4.weight].length : 1920, cost time : 0m:15s:130ms
2024-11-19 04:06:27,820 - fed_utils - INFO - encrypting key [classifier.4.bias].length : 10, cost time : 0m:0s:79ms
2024-11-19 04:06:27,820 - fl_main - INFO - Server receive client_dict[f_00004] info ...
2024-11-19 04:06:27,820 - fl_main - INFO - global aggregation process ...
2024-11-19 04:06:27,821 - fed_utils - INFO - server.n_data : 50000
2024-11-19 04:06:27,821 - fed_utils - INFO - client_dict[f_00000].weight : 0.200000
2024-11-19 04:06:27,821 - fed_utils - INFO - client_dict[f_00001].weight : 0.200000
2024-11-19 04:06:27,821 - fed_utils - INFO - client_dict[f_00002].weight : 0.200000
2024-11-19 04:06:27,821 - fed_utils - INFO - client_dict[f_00003].weight : 0.200000
2024-11-19 04:06:27,821 - fed_utils - INFO - client_dict[f_00004].weight : 0.200000
2024-11-19 04:06:27,821 - fed_utils - INFO - recover secret number by clients: 3157279.000000
2024-11-19 04:06:27,821 - server_base - INFO - Server aggregate model with homomorphic encryption ...
2024-11-19 04:06:38,393 - server_base - INFO - Server aggregate model done, cost time : 0m:10s:572ms
2024-11-19 04:06:49,266 - fed_utils - INFO - decrypting key [features.0.weight].shape [torch.Size([64, 3, 5, 5])]
2024-11-19 04:06:49,411 - fed_utils - INFO - decrypting key [features.0.bias].shape [torch.Size([64])]
2024-11-19 04:06:49,412 - fed_utils - INFO - decrypting key [features.4.weight].shape [torch.Size([64, 64, 5, 5])]
2024-11-19 04:06:49,412 - fed_utils - INFO - decrypting key [features.4.bias].shape [torch.Size([64])]
2024-11-19 04:06:49,421 - fed_utils - INFO - decrypting key [classifier.0.weight].shape [torch.Size([384, 4096])]
2024-11-19 04:06:49,421 - fed_utils - INFO - decrypting key [classifier.0.bias].shape [torch.Size([384])]
2024-11-19 04:06:49,422 - fed_utils - INFO - decrypting key [classifier.2.weight].shape [torch.Size([192, 384])]
2024-11-19 04:06:49,422 - fed_utils - INFO - decrypting key [classifier.2.bias].shape [torch.Size([192])]
2024-11-19 04:06:53,770 - fed_utils - INFO - decrypting key [classifier.4.weight].shape [torch.Size([10, 192])]
2024-11-19 04:06:53,793 - fed_utils - INFO - decrypting key [classifier.4.bias].shape [torch.Size([10])]
2024-11-19 04:06:53,793 - fed_utils - INFO - decrypt time : [0m:15s:398ms]
2024-11-19 04:06:53,859 - fl_main - INFO - [global round : 40] aggregated model accuracy : 0.7761
2024-11-19 04:06:53,860 - fl_main - INFO - [global round : 40] aggregated model loss : 0.14484500060419928
2024-11-19 04:06:53,861 - fl_main - INFO - global round : 41
2024-11-19 04:06:53,861 - fl_main - INFO - the random client id to test accuracy : f_00002
2024-11-19 04:06:53,861 - fl_main - INFO - ----- client id [f_00000] -----
2024-11-19 04:06:53,871 - fed_utils - INFO - init global model cost time : 0m:0s:9ms
2024-11-19 04:06:53,873 - client_base - INFO - recover model cost time : 0m:0s:0ms
2024-11-19 04:06:53,874 - fl_main - INFO - client_dict[f_00000] training ...
2024-11-19 04:06:53,890 - client_base - INFO - client_dict[f_00000] training epoch : 0
2024-11-19 04:07:03,034 - client_base - INFO - local model train cost time : 0m:9s:144ms
2024-11-19 04:07:03,036 - client_base - INFO - model encode time : 0m:0s:1ms
2024-11-19 04:07:03,036 - fl_main - INFO - client_dict[f_00000] local model encrypting ...
2024-11-19 04:07:40,825 - fed_utils - INFO - encrypting key [features.0.weight].length : 4800, cost time : 0m:37s:788ms
2024-11-19 04:07:41,340 - fed_utils - INFO - encrypting key [features.0.bias].length : 64, cost time : 0m:0s:515ms
2024-11-19 04:07:41,342 - fed_utils - INFO - load key [features.4.weight].length : 102400, cost time : 0m:0s:2ms
2024-11-19 04:07:41,342 - fed_utils - INFO - load key [features.4.bias].length : 64, cost time : 0m:0s:0ms
2024-11-19 04:07:41,373 - fed_utils - INFO - load key [classifier.0.weight].length : 1572864, cost time : 0m:0s:30ms
2024-11-19 04:07:41,373 - fed_utils - INFO - load key [classifier.0.bias].length : 384, cost time : 0m:0s:0ms
2024-11-19 04:07:41,375 - fed_utils - INFO - load key [classifier.2.weight].length : 73728, cost time : 0m:0s:2ms
2024-11-19 04:07:41,376 - fed_utils - INFO - load key [classifier.2.bias].length : 192, cost time : 0m:0s:0ms
2024-11-19 04:07:56,498 - fed_utils - INFO - encrypting key [classifier.4.weight].length : 1920, cost time : 0m:15s:122ms
2024-11-19 04:07:56,577 - fed_utils - INFO - encrypting key [classifier.4.bias].length : 10, cost time : 0m:0s:79ms
2024-11-19 04:07:56,602 - fl_main - INFO - Server receive client_dict[f_00000] info ...
2024-11-19 04:07:56,602 - fl_main - INFO - ----- client id [f_00001] -----
2024-11-19 04:07:56,612 - fed_utils - INFO - init global model cost time : 0m:0s:10ms
2024-11-19 04:07:56,614 - client_base - INFO - recover model cost time : 0m:0s:0ms
2024-11-19 04:07:56,615 - fl_main - INFO - client_dict[f_00001] training ...
2024-11-19 04:07:56,616 - client_base - INFO - client_dict[f_00001] training epoch : 0
2024-11-19 04:08:05,869 - client_base - INFO - local model train cost time : 0m:9s:252ms
2024-11-19 04:08:05,870 - client_base - INFO - model encode time : 0m:0s:1ms
2024-11-19 04:08:05,871 - fl_main - INFO - client_dict[f_00001] local model encrypting ...
2024-11-19 04:08:43,684 - fed_utils - INFO - encrypting key [features.0.weight].length : 4800, cost time : 0m:37s:813ms
2024-11-19 04:08:44,198 - fed_utils - INFO - encrypting key [features.0.bias].length : 64, cost time : 0m:0s:514ms
2024-11-19 04:08:44,201 - fed_utils - INFO - load key [features.4.weight].length : 102400, cost time : 0m:0s:2ms
2024-11-19 04:08:44,201 - fed_utils - INFO - load key [features.4.bias].length : 64, cost time : 0m:0s:0ms
2024-11-19 04:08:44,242 - fed_utils - INFO - load key [classifier.0.weight].length : 1572864, cost time : 0m:0s:40ms
2024-11-19 04:08:44,242 - fed_utils - INFO - load key [classifier.0.bias].length : 384, cost time : 0m:0s:0ms
2024-11-19 04:08:44,244 - fed_utils - INFO - load key [classifier.2.weight].length : 73728, cost time : 0m:0s:2ms
2024-11-19 04:08:44,244 - fed_utils - INFO - load key [classifier.2.bias].length : 192, cost time : 0m:0s:0ms
2024-11-19 04:08:59,416 - fed_utils - INFO - encrypting key [classifier.4.weight].length : 1920, cost time : 0m:15s:171ms
2024-11-19 04:08:59,495 - fed_utils - INFO - encrypting key [classifier.4.bias].length : 10, cost time : 0m:0s:79ms
2024-11-19 04:08:59,496 - fl_main - INFO - Server receive client_dict[f_00001] info ...
2024-11-19 04:08:59,496 - fl_main - INFO - ----- client id [f_00002] -----
2024-11-19 04:08:59,505 - fed_utils - INFO - init global model cost time : 0m:0s:9ms
2024-11-19 04:08:59,507 - client_base - INFO - recover model cost time : 0m:0s:0ms
2024-11-19 04:09:01,971 - fl_main - INFO - global round [41] client_dict[f_00002].accuracy : 0.776500
2024-11-19 04:09:01,971 - fl_main - INFO - client_dict[f_00002] training ...
2024-11-19 04:09:01,972 - client_base - INFO - client_dict[f_00002] training epoch : 0
2024-11-19 04:09:11,123 - client_base - INFO - local model train cost time : 0m:9s:150ms
2024-11-19 04:09:11,124 - client_base - INFO - model encode time : 0m:0s:1ms
2024-11-19 04:09:11,125 - fl_main - INFO - client_dict[f_00002] local model encrypting ...
2024-11-19 04:09:48,908 - fed_utils - INFO - encrypting key [features.0.weight].length : 4800, cost time : 0m:37s:783ms
2024-11-19 04:09:49,422 - fed_utils - INFO - encrypting key [features.0.bias].length : 64, cost time : 0m:0s:513ms
2024-11-19 04:09:49,425 - fed_utils - INFO - load key [features.4.weight].length : 102400, cost time : 0m:0s:2ms
2024-11-19 04:09:49,425 - fed_utils - INFO - load key [features.4.bias].length : 64, cost time : 0m:0s:0ms
2024-11-19 04:09:49,465 - fed_utils - INFO - load key [classifier.0.weight].length : 1572864, cost time : 0m:0s:40ms
2024-11-19 04:09:49,465 - fed_utils - INFO - load key [classifier.0.bias].length : 384, cost time : 0m:0s:0ms
2024-11-19 04:09:49,467 - fed_utils - INFO - load key [classifier.2.weight].length : 73728, cost time : 0m:0s:1ms
2024-11-19 04:09:49,467 - fed_utils - INFO - load key [classifier.2.bias].length : 192, cost time : 0m:0s:0ms
2024-11-19 04:10:04,604 - fed_utils - INFO - encrypting key [classifier.4.weight].length : 1920, cost time : 0m:15s:136ms
2024-11-19 04:10:04,684 - fed_utils - INFO - encrypting key [classifier.4.bias].length : 10, cost time : 0m:0s:79ms
2024-11-19 04:10:04,684 - fl_main - INFO - Server receive client_dict[f_00002] info ...
2024-11-19 04:10:04,684 - fl_main - INFO - ----- client id [f_00003] -----
2024-11-19 04:10:04,693 - fed_utils - INFO - init global model cost time : 0m:0s:9ms
2024-11-19 04:10:04,695 - client_base - INFO - recover model cost time : 0m:0s:0ms
2024-11-19 04:10:04,695 - fl_main - INFO - client_dict[f_00003] training ...
2024-11-19 04:10:04,697 - client_base - INFO - client_dict[f_00003] training epoch : 0
2024-11-19 04:10:13,945 - client_base - INFO - local model train cost time : 0m:9s:247ms
2024-11-19 04:10:13,946 - client_base - INFO - model encode time : 0m:0s:1ms
2024-11-19 04:10:13,947 - fl_main - INFO - client_dict[f_00003] local model encrypting ...
2024-11-19 04:10:51,817 - fed_utils - INFO - encrypting key [features.0.weight].length : 4800, cost time : 0m:37s:869ms
2024-11-19 04:10:52,331 - fed_utils - INFO - encrypting key [features.0.bias].length : 64, cost time : 0m:0s:513ms
2024-11-19 04:10:52,333 - fed_utils - INFO - load key [features.4.weight].length : 102400, cost time : 0m:0s:2ms
2024-11-19 04:10:52,333 - fed_utils - INFO - load key [features.4.bias].length : 64, cost time : 0m:0s:0ms
2024-11-19 04:10:52,373 - fed_utils - INFO - load key [classifier.0.weight].length : 1572864, cost time : 0m:0s:39ms
2024-11-19 04:10:52,373 - fed_utils - INFO - load key [classifier.0.bias].length : 384, cost time : 0m:0s:0ms
2024-11-19 04:10:52,375 - fed_utils - INFO - load key [classifier.2.weight].length : 73728, cost time : 0m:0s:1ms
2024-11-19 04:10:52,375 - fed_utils - INFO - load key [classifier.2.bias].length : 192, cost time : 0m:0s:0ms
2024-11-19 04:11:07,501 - fed_utils - INFO - encrypting key [classifier.4.weight].length : 1920, cost time : 0m:15s:125ms
2024-11-19 04:11:07,580 - fed_utils - INFO - encrypting key [classifier.4.bias].length : 10, cost time : 0m:0s:79ms
2024-11-19 04:11:07,580 - fl_main - INFO - Server receive client_dict[f_00003] info ...
2024-11-19 04:11:07,580 - fl_main - INFO - ----- client id [f_00004] -----
2024-11-19 04:11:07,590 - fed_utils - INFO - init global model cost time : 0m:0s:9ms
2024-11-19 04:11:07,592 - client_base - INFO - recover model cost time : 0m:0s:0ms
2024-11-19 04:11:07,592 - fl_main - INFO - client_dict[f_00004] training ...
2024-11-19 04:11:07,594 - client_base - INFO - client_dict[f_00004] training epoch : 0
2024-11-19 04:11:16,779 - client_base - INFO - local model train cost time : 0m:9s:185ms
2024-11-19 04:11:16,781 - client_base - INFO - model encode time : 0m:0s:1ms
2024-11-19 04:11:16,781 - fl_main - INFO - client_dict[f_00004] local model encrypting ...
2024-11-19 04:11:54,579 - fed_utils - INFO - encrypting key [features.0.weight].length : 4800, cost time : 0m:37s:798ms
2024-11-19 04:11:55,094 - fed_utils - INFO - encrypting key [features.0.bias].length : 64, cost time : 0m:0s:514ms
2024-11-19 04:11:55,097 - fed_utils - INFO - load key [features.4.weight].length : 102400, cost time : 0m:0s:2ms
2024-11-19 04:11:55,097 - fed_utils - INFO - load key [features.4.bias].length : 64, cost time : 0m:0s:0ms
2024-11-19 04:11:55,136 - fed_utils - INFO - load key [classifier.0.weight].length : 1572864, cost time : 0m:0s:39ms
2024-11-19 04:11:55,136 - fed_utils - INFO - load key [classifier.0.bias].length : 384, cost time : 0m:0s:0ms
2024-11-19 04:11:55,138 - fed_utils - INFO - load key [classifier.2.weight].length : 73728, cost time : 0m:0s:1ms
2024-11-19 04:11:55,138 - fed_utils - INFO - load key [classifier.2.bias].length : 192, cost time : 0m:0s:0ms
2024-11-19 04:12:10,276 - fed_utils - INFO - encrypting key [classifier.4.weight].length : 1920, cost time : 0m:15s:137ms
2024-11-19 04:12:10,355 - fed_utils - INFO - encrypting key [classifier.4.bias].length : 10, cost time : 0m:0s:79ms
2024-11-19 04:12:10,355 - fl_main - INFO - Server receive client_dict[f_00004] info ...
2024-11-19 04:12:10,356 - fl_main - INFO - global aggregation process ...
2024-11-19 04:12:10,356 - fed_utils - INFO - server.n_data : 50000
2024-11-19 04:12:10,356 - fed_utils - INFO - client_dict[f_00000].weight : 0.200000
2024-11-19 04:12:10,356 - fed_utils - INFO - client_dict[f_00001].weight : 0.200000
2024-11-19 04:12:10,356 - fed_utils - INFO - client_dict[f_00002].weight : 0.200000
2024-11-19 04:12:10,356 - fed_utils - INFO - client_dict[f_00003].weight : 0.200000
2024-11-19 04:12:10,356 - fed_utils - INFO - client_dict[f_00004].weight : 0.200000
2024-11-19 04:12:10,356 - fed_utils - INFO - recover secret number by clients: 3157279.000000
2024-11-19 04:12:10,356 - server_base - INFO - Server aggregate model with homomorphic encryption ...
2024-11-19 04:12:20,920 - server_base - INFO - Server aggregate model done, cost time : 0m:10s:563ms
2024-11-19 04:12:31,789 - fed_utils - INFO - decrypting key [features.0.weight].shape [torch.Size([64, 3, 5, 5])]
2024-11-19 04:12:31,935 - fed_utils - INFO - decrypting key [features.0.bias].shape [torch.Size([64])]
2024-11-19 04:12:31,935 - fed_utils - INFO - decrypting key [features.4.weight].shape [torch.Size([64, 64, 5, 5])]
2024-11-19 04:12:31,935 - fed_utils - INFO - decrypting key [features.4.bias].shape [torch.Size([64])]
2024-11-19 04:12:31,945 - fed_utils - INFO - decrypting key [classifier.0.weight].shape [torch.Size([384, 4096])]
2024-11-19 04:12:31,945 - fed_utils - INFO - decrypting key [classifier.0.bias].shape [torch.Size([384])]
2024-11-19 04:12:31,945 - fed_utils - INFO - decrypting key [classifier.2.weight].shape [torch.Size([192, 384])]
2024-11-19 04:12:31,945 - fed_utils - INFO - decrypting key [classifier.2.bias].shape [torch.Size([192])]
2024-11-19 04:12:36,293 - fed_utils - INFO - decrypting key [classifier.4.weight].shape [torch.Size([10, 192])]
2024-11-19 04:12:36,316 - fed_utils - INFO - decrypting key [classifier.4.bias].shape [torch.Size([10])]
2024-11-19 04:12:36,316 - fed_utils - INFO - decrypt time : [0m:15s:395ms]
2024-11-19 04:12:36,382 - fl_main - INFO - [global round : 41] aggregated model accuracy : 0.7765000000000001
2024-11-19 04:12:36,382 - fl_main - INFO - [global round : 41] aggregated model loss : 0.09940974128229281
2024-11-19 04:12:36,384 - fl_main - INFO - global round : 42
2024-11-19 04:12:36,384 - fl_main - INFO - the random client id to test accuracy : f_00000
2024-11-19 04:12:36,384 - fl_main - INFO - ----- client id [f_00000] -----
2024-11-19 04:12:36,396 - fed_utils - INFO - init global model cost time : 0m:0s:11ms
2024-11-19 04:12:36,398 - client_base - INFO - recover model cost time : 0m:0s:0ms
2024-11-19 04:12:38,875 - fl_main - INFO - global round [42] client_dict[f_00000].accuracy : 0.768800
2024-11-19 04:12:38,875 - fl_main - INFO - client_dict[f_00000] training ...
2024-11-19 04:12:38,876 - client_base - INFO - client_dict[f_00000] training epoch : 0
2024-11-19 04:12:48,117 - client_base - INFO - local model train cost time : 0m:9s:241ms
2024-11-19 04:12:48,119 - client_base - INFO - model encode time : 0m:0s:1ms
2024-11-19 04:12:48,119 - fl_main - INFO - client_dict[f_00000] local model encrypting ...
2024-11-19 04:13:25,934 - fed_utils - INFO - encrypting key [features.0.weight].length : 4800, cost time : 0m:37s:814ms
2024-11-19 04:13:26,449 - fed_utils - INFO - encrypting key [features.0.bias].length : 64, cost time : 0m:0s:515ms
2024-11-19 04:13:26,451 - fed_utils - INFO - load key [features.4.weight].length : 102400, cost time : 0m:0s:2ms
2024-11-19 04:13:26,451 - fed_utils - INFO - load key [features.4.bias].length : 64, cost time : 0m:0s:0ms
2024-11-19 04:13:26,482 - fed_utils - INFO - load key [classifier.0.weight].length : 1572864, cost time : 0m:0s:30ms
2024-11-19 04:13:26,482 - fed_utils - INFO - load key [classifier.0.bias].length : 384, cost time : 0m:0s:0ms
2024-11-19 04:13:26,484 - fed_utils - INFO - load key [classifier.2.weight].length : 73728, cost time : 0m:0s:2ms
2024-11-19 04:13:26,484 - fed_utils - INFO - load key [classifier.2.bias].length : 192, cost time : 0m:0s:0ms
2024-11-19 04:13:41,611 - fed_utils - INFO - encrypting key [classifier.4.weight].length : 1920, cost time : 0m:15s:127ms
2024-11-19 04:13:41,691 - fed_utils - INFO - encrypting key [classifier.4.bias].length : 10, cost time : 0m:0s:79ms
2024-11-19 04:13:41,715 - fl_main - INFO - Server receive client_dict[f_00000] info ...
2024-11-19 04:13:41,715 - fl_main - INFO - ----- client id [f_00001] -----
2024-11-19 04:13:41,726 - fed_utils - INFO - init global model cost time : 0m:0s:10ms
2024-11-19 04:13:41,728 - client_base - INFO - recover model cost time : 0m:0s:0ms
2024-11-19 04:13:41,728 - fl_main - INFO - client_dict[f_00001] training ...
2024-11-19 04:13:41,730 - client_base - INFO - client_dict[f_00001] training epoch : 0
2024-11-19 04:13:50,914 - client_base - INFO - local model train cost time : 0m:9s:184ms
2024-11-19 04:13:50,916 - client_base - INFO - model encode time : 0m:0s:1ms
2024-11-19 04:13:50,916 - fl_main - INFO - client_dict[f_00001] local model encrypting ...
2024-11-19 04:14:28,746 - fed_utils - INFO - encrypting key [features.0.weight].length : 4800, cost time : 0m:37s:829ms
2024-11-19 04:14:29,261 - fed_utils - INFO - encrypting key [features.0.bias].length : 64, cost time : 0m:0s:514ms
2024-11-19 04:14:29,263 - fed_utils - INFO - load key [features.4.weight].length : 102400, cost time : 0m:0s:2ms
2024-11-19 04:14:29,263 - fed_utils - INFO - load key [features.4.bias].length : 64, cost time : 0m:0s:0ms
2024-11-19 04:14:29,304 - fed_utils - INFO - load key [classifier.0.weight].length : 1572864, cost time : 0m:0s:40ms
2024-11-19 04:14:29,304 - fed_utils - INFO - load key [classifier.0.bias].length : 384, cost time : 0m:0s:0ms
2024-11-19 04:14:29,306 - fed_utils - INFO - load key [classifier.2.weight].length : 73728, cost time : 0m:0s:1ms
2024-11-19 04:14:29,306 - fed_utils - INFO - load key [classifier.2.bias].length : 192, cost time : 0m:0s:0ms
2024-11-19 04:14:44,427 - fed_utils - INFO - encrypting key [classifier.4.weight].length : 1920, cost time : 0m:15s:120ms
2024-11-19 04:14:44,507 - fed_utils - INFO - encrypting key [classifier.4.bias].length : 10, cost time : 0m:0s:79ms
2024-11-19 04:14:44,507 - fl_main - INFO - Server receive client_dict[f_00001] info ...
2024-11-19 04:14:44,507 - fl_main - INFO - ----- client id [f_00002] -----
2024-11-19 04:14:44,516 - fed_utils - INFO - init global model cost time : 0m:0s:9ms
2024-11-19 04:14:44,518 - client_base - INFO - recover model cost time : 0m:0s:0ms
2024-11-19 04:14:44,518 - fl_main - INFO - client_dict[f_00002] training ...
2024-11-19 04:14:44,520 - client_base - INFO - client_dict[f_00002] training epoch : 0
2024-11-19 04:14:53,770 - client_base - INFO - local model train cost time : 0m:9s:250ms
2024-11-19 04:14:53,772 - client_base - INFO - model encode time : 0m:0s:1ms
2024-11-19 04:14:53,772 - fl_main - INFO - client_dict[f_00002] local model encrypting ...
2024-11-19 04:15:31,569 - fed_utils - INFO - encrypting key [features.0.weight].length : 4800, cost time : 0m:37s:797ms
2024-11-19 04:15:32,085 - fed_utils - INFO - encrypting key [features.0.bias].length : 64, cost time : 0m:0s:515ms
2024-11-19 04:15:32,087 - fed_utils - INFO - load key [features.4.weight].length : 102400, cost time : 0m:0s:2ms
2024-11-19 04:15:32,087 - fed_utils - INFO - load key [features.4.bias].length : 64, cost time : 0m:0s:0ms
2024-11-19 04:15:32,127 - fed_utils - INFO - load key [classifier.0.weight].length : 1572864, cost time : 0m:0s:39ms
2024-11-19 04:15:32,127 - fed_utils - INFO - load key [classifier.0.bias].length : 384, cost time : 0m:0s:0ms
2024-11-19 04:15:32,129 - fed_utils - INFO - load key [classifier.2.weight].length : 73728, cost time : 0m:0s:1ms
2024-11-19 04:15:32,129 - fed_utils - INFO - load key [classifier.2.bias].length : 192, cost time : 0m:0s:0ms
2024-11-19 04:15:47,254 - fed_utils - INFO - encrypting key [classifier.4.weight].length : 1920, cost time : 0m:15s:124ms
2024-11-19 04:15:47,334 - fed_utils - INFO - encrypting key [classifier.4.bias].length : 10, cost time : 0m:0s:79ms
2024-11-19 04:15:47,334 - fl_main - INFO - Server receive client_dict[f_00002] info ...
2024-11-19 04:15:47,334 - fl_main - INFO - ----- client id [f_00003] -----
2024-11-19 04:15:47,343 - fed_utils - INFO - init global model cost time : 0m:0s:9ms
2024-11-19 04:15:47,345 - client_base - INFO - recover model cost time : 0m:0s:0ms
2024-11-19 04:15:47,345 - fl_main - INFO - client_dict[f_00003] training ...
2024-11-19 04:15:47,347 - client_base - INFO - client_dict[f_00003] training epoch : 0
2024-11-19 04:15:56,527 - client_base - INFO - local model train cost time : 0m:9s:180ms
2024-11-19 04:15:56,529 - client_base - INFO - model encode time : 0m:0s:1ms
2024-11-19 04:15:56,529 - fl_main - INFO - client_dict[f_00003] local model encrypting ...
2024-11-19 04:16:34,340 - fed_utils - INFO - encrypting key [features.0.weight].length : 4800, cost time : 0m:37s:810ms
2024-11-19 04:16:34,854 - fed_utils - INFO - encrypting key [features.0.bias].length : 64, cost time : 0m:0s:514ms
2024-11-19 04:16:34,857 - fed_utils - INFO - load key [features.4.weight].length : 102400, cost time : 0m:0s:2ms
2024-11-19 04:16:34,857 - fed_utils - INFO - load key [features.4.bias].length : 64, cost time : 0m:0s:0ms
2024-11-19 04:16:34,897 - fed_utils - INFO - load key [classifier.0.weight].length : 1572864, cost time : 0m:0s:39ms
2024-11-19 04:16:34,897 - fed_utils - INFO - load key [classifier.0.bias].length : 384, cost time : 0m:0s:0ms
2024-11-19 04:16:34,899 - fed_utils - INFO - load key [classifier.2.weight].length : 73728, cost time : 0m:0s:1ms
2024-11-19 04:16:34,899 - fed_utils - INFO - load key [classifier.2.bias].length : 192, cost time : 0m:0s:0ms
2024-11-19 04:16:50,019 - fed_utils - INFO - encrypting key [classifier.4.weight].length : 1920, cost time : 0m:15s:120ms
2024-11-19 04:16:50,099 - fed_utils - INFO - encrypting key [classifier.4.bias].length : 10, cost time : 0m:0s:79ms
2024-11-19 04:16:50,099 - fl_main - INFO - Server receive client_dict[f_00003] info ...
2024-11-19 04:16:50,099 - fl_main - INFO - ----- client id [f_00004] -----
2024-11-19 04:16:50,108 - fed_utils - INFO - init global model cost time : 0m:0s:9ms
2024-11-19 04:16:50,110 - client_base - INFO - recover model cost time : 0m:0s:0ms
2024-11-19 04:16:50,110 - fl_main - INFO - client_dict[f_00004] training ...
2024-11-19 04:16:50,112 - client_base - INFO - client_dict[f_00004] training epoch : 0
2024-11-19 04:16:59,374 - client_base - INFO - local model train cost time : 0m:9s:262ms
2024-11-19 04:16:59,376 - client_base - INFO - model encode time : 0m:0s:1ms
2024-11-19 04:16:59,376 - fl_main - INFO - client_dict[f_00004] local model encrypting ...
2024-11-19 04:17:37,261 - fed_utils - INFO - encrypting key [features.0.weight].length : 4800, cost time : 0m:37s:884ms
2024-11-19 04:17:37,775 - fed_utils - INFO - encrypting key [features.0.bias].length : 64, cost time : 0m:0s:514ms
2024-11-19 04:17:37,778 - fed_utils - INFO - load key [features.4.weight].length : 102400, cost time : 0m:0s:2ms
2024-11-19 04:17:37,778 - fed_utils - INFO - load key [features.4.bias].length : 64, cost time : 0m:0s:0ms
2024-11-19 04:17:37,817 - fed_utils - INFO - load key [classifier.0.weight].length : 1572864, cost time : 0m:0s:39ms
2024-11-19 04:17:37,817 - fed_utils - INFO - load key [classifier.0.bias].length : 384, cost time : 0m:0s:0ms
2024-11-19 04:17:37,819 - fed_utils - INFO - load key [classifier.2.weight].length : 73728, cost time : 0m:0s:1ms
2024-11-19 04:17:37,819 - fed_utils - INFO - load key [classifier.2.bias].length : 192, cost time : 0m:0s:0ms
2024-11-19 04:17:52,938 - fed_utils - INFO - encrypting key [classifier.4.weight].length : 1920, cost time : 0m:15s:118ms
2024-11-19 04:17:53,017 - fed_utils - INFO - encrypting key [classifier.4.bias].length : 10, cost time : 0m:0s:79ms
2024-11-19 04:17:53,017 - fl_main - INFO - Server receive client_dict[f_00004] info ...
2024-11-19 04:17:53,017 - fl_main - INFO - global aggregation process ...
2024-11-19 04:17:53,018 - fed_utils - INFO - server.n_data : 50000
2024-11-19 04:17:53,018 - fed_utils - INFO - client_dict[f_00000].weight : 0.200000
2024-11-19 04:17:53,018 - fed_utils - INFO - client_dict[f_00001].weight : 0.200000
2024-11-19 04:17:53,018 - fed_utils - INFO - client_dict[f_00002].weight : 0.200000
2024-11-19 04:17:53,018 - fed_utils - INFO - client_dict[f_00003].weight : 0.200000
2024-11-19 04:17:53,018 - fed_utils - INFO - client_dict[f_00004].weight : 0.200000
2024-11-19 04:17:53,018 - fed_utils - INFO - recover secret number by clients: 3157279.000000
2024-11-19 04:17:53,018 - server_base - INFO - Server aggregate model with homomorphic encryption ...
2024-11-19 04:18:03,604 - server_base - INFO - Server aggregate model done, cost time : 0m:10s:585ms
2024-11-19 04:18:14,477 - fed_utils - INFO - decrypting key [features.0.weight].shape [torch.Size([64, 3, 5, 5])]
2024-11-19 04:18:14,623 - fed_utils - INFO - decrypting key [features.0.bias].shape [torch.Size([64])]
2024-11-19 04:18:14,623 - fed_utils - INFO - decrypting key [features.4.weight].shape [torch.Size([64, 64, 5, 5])]
2024-11-19 04:18:14,623 - fed_utils - INFO - decrypting key [features.4.bias].shape [torch.Size([64])]
2024-11-19 04:18:14,632 - fed_utils - INFO - decrypting key [classifier.0.weight].shape [torch.Size([384, 4096])]
2024-11-19 04:18:14,632 - fed_utils - INFO - decrypting key [classifier.0.bias].shape [torch.Size([384])]
2024-11-19 04:18:14,633 - fed_utils - INFO - decrypting key [classifier.2.weight].shape [torch.Size([192, 384])]
2024-11-19 04:18:14,633 - fed_utils - INFO - decrypting key [classifier.2.bias].shape [torch.Size([192])]
2024-11-19 04:18:18,981 - fed_utils - INFO - decrypting key [classifier.4.weight].shape [torch.Size([10, 192])]
2024-11-19 04:18:19,004 - fed_utils - INFO - decrypting key [classifier.4.bias].shape [torch.Size([10])]
2024-11-19 04:18:19,004 - fed_utils - INFO - decrypt time : [0m:15s:399ms]
2024-11-19 04:18:19,071 - fl_main - INFO - [global round : 42] aggregated model accuracy : 0.7688
2024-11-19 04:18:19,071 - fl_main - INFO - [global round : 42] aggregated model loss : 0.07772423542290191
2024-11-19 04:18:19,072 - fl_main - INFO - global round : 43
2024-11-19 04:18:19,072 - fl_main - INFO - the random client id to test accuracy : f_00004
2024-11-19 04:18:19,072 - fl_main - INFO - ----- client id [f_00000] -----
2024-11-19 04:18:19,082 - fed_utils - INFO - init global model cost time : 0m:0s:9ms
2024-11-19 04:18:19,084 - client_base - INFO - recover model cost time : 0m:0s:0ms
2024-11-19 04:18:19,085 - fl_main - INFO - client_dict[f_00000] training ...
2024-11-19 04:18:19,106 - client_base - INFO - client_dict[f_00000] training epoch : 0
2024-11-19 04:18:28,249 - client_base - INFO - local model train cost time : 0m:9s:143ms
2024-11-19 04:18:28,251 - client_base - INFO - model encode time : 0m:0s:1ms
2024-11-19 04:18:28,251 - fl_main - INFO - client_dict[f_00000] local model encrypting ...
2024-11-19 04:19:06,094 - fed_utils - INFO - encrypting key [features.0.weight].length : 4800, cost time : 0m:37s:843ms
2024-11-19 04:19:06,610 - fed_utils - INFO - encrypting key [features.0.bias].length : 64, cost time : 0m:0s:515ms
2024-11-19 04:19:06,612 - fed_utils - INFO - load key [features.4.weight].length : 102400, cost time : 0m:0s:2ms
2024-11-19 04:19:06,612 - fed_utils - INFO - load key [features.4.bias].length : 64, cost time : 0m:0s:0ms
2024-11-19 04:19:06,643 - fed_utils - INFO - load key [classifier.0.weight].length : 1572864, cost time : 0m:0s:30ms
2024-11-19 04:19:06,644 - fed_utils - INFO - load key [classifier.0.bias].length : 384, cost time : 0m:0s:0ms
2024-11-19 04:19:06,646 - fed_utils - INFO - load key [classifier.2.weight].length : 73728, cost time : 0m:0s:2ms
2024-11-19 04:19:06,646 - fed_utils - INFO - load key [classifier.2.bias].length : 192, cost time : 0m:0s:0ms
2024-11-19 04:19:21,780 - fed_utils - INFO - encrypting key [classifier.4.weight].length : 1920, cost time : 0m:15s:133ms
2024-11-19 04:19:21,859 - fed_utils - INFO - encrypting key [classifier.4.bias].length : 10, cost time : 0m:0s:79ms
2024-11-19 04:19:21,884 - fl_main - INFO - Server receive client_dict[f_00000] info ...
2024-11-19 04:19:21,884 - fl_main - INFO - ----- client id [f_00001] -----
2024-11-19 04:19:21,894 - fed_utils - INFO - init global model cost time : 0m:0s:10ms
2024-11-19 04:19:21,896 - client_base - INFO - recover model cost time : 0m:0s:0ms
2024-11-19 04:19:21,897 - fl_main - INFO - client_dict[f_00001] training ...
2024-11-19 04:19:21,898 - client_base - INFO - client_dict[f_00001] training epoch : 0
2024-11-19 04:19:31,151 - client_base - INFO - local model train cost time : 0m:9s:252ms
2024-11-19 04:19:31,152 - client_base - INFO - model encode time : 0m:0s:1ms
2024-11-19 04:19:31,153 - fl_main - INFO - client_dict[f_00001] local model encrypting ...
2024-11-19 04:20:09,069 - fed_utils - INFO - encrypting key [features.0.weight].length : 4800, cost time : 0m:37s:915ms
2024-11-19 04:20:09,583 - fed_utils - INFO - encrypting key [features.0.bias].length : 64, cost time : 0m:0s:514ms
2024-11-19 04:20:09,586 - fed_utils - INFO - load key [features.4.weight].length : 102400, cost time : 0m:0s:2ms
2024-11-19 04:20:09,586 - fed_utils - INFO - load key [features.4.bias].length : 64, cost time : 0m:0s:0ms
2024-11-19 04:20:09,627 - fed_utils - INFO - load key [classifier.0.weight].length : 1572864, cost time : 0m:0s:41ms
2024-11-19 04:20:09,627 - fed_utils - INFO - load key [classifier.0.bias].length : 384, cost time : 0m:0s:0ms
2024-11-19 04:20:09,629 - fed_utils - INFO - load key [classifier.2.weight].length : 73728, cost time : 0m:0s:1ms
2024-11-19 04:20:09,629 - fed_utils - INFO - load key [classifier.2.bias].length : 192, cost time : 0m:0s:0ms
2024-11-19 04:20:24,750 - fed_utils - INFO - encrypting key [classifier.4.weight].length : 1920, cost time : 0m:15s:120ms
2024-11-19 04:20:24,829 - fed_utils - INFO - encrypting key [classifier.4.bias].length : 10, cost time : 0m:0s:79ms
2024-11-19 04:20:24,829 - fl_main - INFO - Server receive client_dict[f_00001] info ...
2024-11-19 04:20:24,830 - fl_main - INFO - ----- client id [f_00002] -----
2024-11-19 04:20:24,839 - fed_utils - INFO - init global model cost time : 0m:0s:9ms
2024-11-19 04:20:24,841 - client_base - INFO - recover model cost time : 0m:0s:0ms
2024-11-19 04:20:24,841 - fl_main - INFO - client_dict[f_00002] training ...
2024-11-19 04:20:24,842 - client_base - INFO - client_dict[f_00002] training epoch : 0
2024-11-19 04:20:34,086 - client_base - INFO - local model train cost time : 0m:9s:243ms
2024-11-19 04:20:34,088 - client_base - INFO - model encode time : 0m:0s:1ms
2024-11-19 04:20:34,088 - fl_main - INFO - client_dict[f_00002] local model encrypting ...
2024-11-19 04:21:12,001 - fed_utils - INFO - encrypting key [features.0.weight].length : 4800, cost time : 0m:37s:913ms
2024-11-19 04:21:12,518 - fed_utils - INFO - encrypting key [features.0.bias].length : 64, cost time : 0m:0s:516ms
2024-11-19 04:21:12,521 - fed_utils - INFO - load key [features.4.weight].length : 102400, cost time : 0m:0s:2ms
2024-11-19 04:21:12,521 - fed_utils - INFO - load key [features.4.bias].length : 64, cost time : 0m:0s:0ms
2024-11-19 04:21:12,561 - fed_utils - INFO - load key [classifier.0.weight].length : 1572864, cost time : 0m:0s:39ms
2024-11-19 04:21:12,561 - fed_utils - INFO - load key [classifier.0.bias].length : 384, cost time : 0m:0s:0ms
2024-11-19 04:21:12,563 - fed_utils - INFO - load key [classifier.2.weight].length : 73728, cost time : 0m:0s:1ms
2024-11-19 04:21:12,563 - fed_utils - INFO - load key [classifier.2.bias].length : 192, cost time : 0m:0s:0ms
2024-11-19 04:21:27,705 - fed_utils - INFO - encrypting key [classifier.4.weight].length : 1920, cost time : 0m:15s:142ms
2024-11-19 04:21:27,785 - fed_utils - INFO - encrypting key [classifier.4.bias].length : 10, cost time : 0m:0s:79ms
2024-11-19 04:21:27,785 - fl_main - INFO - Server receive client_dict[f_00002] info ...
2024-11-19 04:21:27,785 - fl_main - INFO - ----- client id [f_00003] -----
2024-11-19 04:21:27,794 - fed_utils - INFO - init global model cost time : 0m:0s:9ms
2024-11-19 04:21:27,796 - client_base - INFO - recover model cost time : 0m:0s:0ms
2024-11-19 04:21:27,797 - fl_main - INFO - client_dict[f_00003] training ...
2024-11-19 04:21:27,798 - client_base - INFO - client_dict[f_00003] training epoch : 0
2024-11-19 04:21:36,943 - client_base - INFO - local model train cost time : 0m:9s:144ms
2024-11-19 04:21:36,945 - client_base - INFO - model encode time : 0m:0s:1ms
2024-11-19 04:21:36,945 - fl_main - INFO - client_dict[f_00003] local model encrypting ...
2024-11-19 04:22:14,783 - fed_utils - INFO - encrypting key [features.0.weight].length : 4800, cost time : 0m:37s:838ms
2024-11-19 04:22:15,298 - fed_utils - INFO - encrypting key [features.0.bias].length : 64, cost time : 0m:0s:514ms
2024-11-19 04:22:15,301 - fed_utils - INFO - load key [features.4.weight].length : 102400, cost time : 0m:0s:2ms
2024-11-19 04:22:15,301 - fed_utils - INFO - load key [features.4.bias].length : 64, cost time : 0m:0s:0ms
2024-11-19 04:22:15,340 - fed_utils - INFO - load key [classifier.0.weight].length : 1572864, cost time : 0m:0s:39ms
2024-11-19 04:22:15,341 - fed_utils - INFO - load key [classifier.0.bias].length : 384, cost time : 0m:0s:0ms
2024-11-19 04:22:15,342 - fed_utils - INFO - load key [classifier.2.weight].length : 73728, cost time : 0m:0s:1ms
2024-11-19 04:22:15,342 - fed_utils - INFO - load key [classifier.2.bias].length : 192, cost time : 0m:0s:0ms
2024-11-19 04:22:30,468 - fed_utils - INFO - encrypting key [classifier.4.weight].length : 1920, cost time : 0m:15s:125ms
2024-11-19 04:22:30,547 - fed_utils - INFO - encrypting key [classifier.4.bias].length : 10, cost time : 0m:0s:79ms
2024-11-19 04:22:30,547 - fl_main - INFO - Server receive client_dict[f_00003] info ...
2024-11-19 04:22:30,548 - fl_main - INFO - ----- client id [f_00004] -----
2024-11-19 04:22:30,557 - fed_utils - INFO - init global model cost time : 0m:0s:9ms
2024-11-19 04:22:30,559 - client_base - INFO - recover model cost time : 0m:0s:0ms
2024-11-19 04:22:33,019 - fl_main - INFO - global round [43] client_dict[f_00004].accuracy : 0.770900
2024-11-19 04:22:33,019 - fl_main - INFO - client_dict[f_00004] training ...
2024-11-19 04:22:33,019 - client_base - INFO - client_dict[f_00004] training epoch : 0
2024-11-19 04:22:42,297 - client_base - INFO - local model train cost time : 0m:9s:277ms
2024-11-19 04:22:42,298 - client_base - INFO - model encode time : 0m:0s:1ms
2024-11-19 04:22:42,299 - fl_main - INFO - client_dict[f_00004] local model encrypting ...
2024-11-19 04:23:20,254 - fed_utils - INFO - encrypting key [features.0.weight].length : 4800, cost time : 0m:37s:954ms
2024-11-19 04:23:20,769 - fed_utils - INFO - encrypting key [features.0.bias].length : 64, cost time : 0m:0s:514ms
2024-11-19 04:23:20,771 - fed_utils - INFO - load key [features.4.weight].length : 102400, cost time : 0m:0s:2ms
2024-11-19 04:23:20,771 - fed_utils - INFO - load key [features.4.bias].length : 64, cost time : 0m:0s:0ms
2024-11-19 04:23:20,811 - fed_utils - INFO - load key [classifier.0.weight].length : 1572864, cost time : 0m:0s:39ms
2024-11-19 04:23:20,811 - fed_utils - INFO - load key [classifier.0.bias].length : 384, cost time : 0m:0s:0ms
2024-11-19 04:23:20,813 - fed_utils - INFO - load key [classifier.2.weight].length : 73728, cost time : 0m:0s:1ms
2024-11-19 04:23:20,813 - fed_utils - INFO - load key [classifier.2.bias].length : 192, cost time : 0m:0s:0ms
2024-11-19 04:23:35,962 - fed_utils - INFO - encrypting key [classifier.4.weight].length : 1920, cost time : 0m:15s:148ms
2024-11-19 04:23:36,042 - fed_utils - INFO - encrypting key [classifier.4.bias].length : 10, cost time : 0m:0s:79ms
2024-11-19 04:23:36,042 - fl_main - INFO - Server receive client_dict[f_00004] info ...
2024-11-19 04:23:36,042 - fl_main - INFO - global aggregation process ...
2024-11-19 04:23:36,042 - fed_utils - INFO - server.n_data : 50000
2024-11-19 04:23:36,042 - fed_utils - INFO - client_dict[f_00000].weight : 0.200000
2024-11-19 04:23:36,042 - fed_utils - INFO - client_dict[f_00001].weight : 0.200000
2024-11-19 04:23:36,042 - fed_utils - INFO - client_dict[f_00002].weight : 0.200000
2024-11-19 04:23:36,042 - fed_utils - INFO - client_dict[f_00003].weight : 0.200000
2024-11-19 04:23:36,042 - fed_utils - INFO - client_dict[f_00004].weight : 0.200000
2024-11-19 04:23:36,042 - fed_utils - INFO - recover secret number by clients: 3157279.000000
2024-11-19 04:23:36,042 - server_base - INFO - Server aggregate model with homomorphic encryption ...
2024-11-19 04:23:46,624 - server_base - INFO - Server aggregate model done, cost time : 0m:10s:581ms
2024-11-19 04:23:57,497 - fed_utils - INFO - decrypting key [features.0.weight].shape [torch.Size([64, 3, 5, 5])]
2024-11-19 04:23:57,642 - fed_utils - INFO - decrypting key [features.0.bias].shape [torch.Size([64])]
2024-11-19 04:23:57,643 - fed_utils - INFO - decrypting key [features.4.weight].shape [torch.Size([64, 64, 5, 5])]
2024-11-19 04:23:57,643 - fed_utils - INFO - decrypting key [features.4.bias].shape [torch.Size([64])]
2024-11-19 04:23:57,652 - fed_utils - INFO - decrypting key [classifier.0.weight].shape [torch.Size([384, 4096])]
2024-11-19 04:23:57,652 - fed_utils - INFO - decrypting key [classifier.0.bias].shape [torch.Size([384])]
2024-11-19 04:23:57,653 - fed_utils - INFO - decrypting key [classifier.2.weight].shape [torch.Size([192, 384])]
2024-11-19 04:23:57,653 - fed_utils - INFO - decrypting key [classifier.2.bias].shape [torch.Size([192])]
2024-11-19 04:24:02,001 - fed_utils - INFO - decrypting key [classifier.4.weight].shape [torch.Size([10, 192])]
2024-11-19 04:24:02,024 - fed_utils - INFO - decrypting key [classifier.4.bias].shape [torch.Size([10])]
2024-11-19 04:24:02,024 - fed_utils - INFO - decrypt time : [0m:15s:399ms]
2024-11-19 04:24:02,091 - fl_main - INFO - [global round : 43] aggregated model accuracy : 0.7709
2024-11-19 04:24:02,091 - fl_main - INFO - [global round : 43] aggregated model loss : 0.09872621591456096
2024-11-19 04:24:02,093 - fl_main - INFO - global round : 44
2024-11-19 04:24:02,093 - fl_main - INFO - the random client id to test accuracy : f_00003
2024-11-19 04:24:02,093 - fl_main - INFO - ----- client id [f_00000] -----
2024-11-19 04:24:02,103 - fed_utils - INFO - init global model cost time : 0m:0s:9ms
2024-11-19 04:24:02,105 - client_base - INFO - recover model cost time : 0m:0s:0ms
2024-11-19 04:24:02,105 - fl_main - INFO - client_dict[f_00000] training ...
2024-11-19 04:24:02,122 - client_base - INFO - client_dict[f_00000] training epoch : 0
2024-11-19 04:24:11,354 - client_base - INFO - local model train cost time : 0m:9s:232ms
2024-11-19 04:24:11,356 - client_base - INFO - model encode time : 0m:0s:1ms
2024-11-19 04:24:11,356 - fl_main - INFO - client_dict[f_00000] local model encrypting ...
2024-11-19 04:24:49,137 - fed_utils - INFO - encrypting key [features.0.weight].length : 4800, cost time : 0m:37s:780ms
2024-11-19 04:24:49,652 - fed_utils - INFO - encrypting key [features.0.bias].length : 64, cost time : 0m:0s:514ms
2024-11-19 04:24:49,654 - fed_utils - INFO - load key [features.4.weight].length : 102400, cost time : 0m:0s:2ms
2024-11-19 04:24:49,654 - fed_utils - INFO - load key [features.4.bias].length : 64, cost time : 0m:0s:0ms
2024-11-19 04:24:49,684 - fed_utils - INFO - load key [classifier.0.weight].length : 1572864, cost time : 0m:0s:29ms
2024-11-19 04:24:49,684 - fed_utils - INFO - load key [classifier.0.bias].length : 384, cost time : 0m:0s:0ms
2024-11-19 04:24:49,686 - fed_utils - INFO - load key [classifier.2.weight].length : 73728, cost time : 0m:0s:2ms
2024-11-19 04:24:49,686 - fed_utils - INFO - load key [classifier.2.bias].length : 192, cost time : 0m:0s:0ms
2024-11-19 04:25:04,827 - fed_utils - INFO - encrypting key [classifier.4.weight].length : 1920, cost time : 0m:15s:140ms
2024-11-19 04:25:04,906 - fed_utils - INFO - encrypting key [classifier.4.bias].length : 10, cost time : 0m:0s:79ms
2024-11-19 04:25:04,931 - fl_main - INFO - Server receive client_dict[f_00000] info ...
2024-11-19 04:25:04,931 - fl_main - INFO - ----- client id [f_00001] -----
2024-11-19 04:25:04,941 - fed_utils - INFO - init global model cost time : 0m:0s:9ms
2024-11-19 04:25:04,943 - client_base - INFO - recover model cost time : 0m:0s:0ms
2024-11-19 04:25:04,943 - fl_main - INFO - client_dict[f_00001] training ...
2024-11-19 04:25:04,945 - client_base - INFO - client_dict[f_00001] training epoch : 0
2024-11-19 04:25:14,206 - client_base - INFO - local model train cost time : 0m:9s:260ms
2024-11-19 04:25:14,207 - client_base - INFO - model encode time : 0m:0s:1ms
2024-11-19 04:25:14,208 - fl_main - INFO - client_dict[f_00001] local model encrypting ...
2024-11-19 04:25:52,047 - fed_utils - INFO - encrypting key [features.0.weight].length : 4800, cost time : 0m:37s:839ms
2024-11-19 04:25:52,569 - fed_utils - INFO - encrypting key [features.0.bias].length : 64, cost time : 0m:0s:522ms
2024-11-19 04:25:52,572 - fed_utils - INFO - load key [features.4.weight].length : 102400, cost time : 0m:0s:2ms
2024-11-19 04:25:52,572 - fed_utils - INFO - load key [features.4.bias].length : 64, cost time : 0m:0s:0ms
2024-11-19 04:25:52,613 - fed_utils - INFO - load key [classifier.0.weight].length : 1572864, cost time : 0m:0s:40ms
2024-11-19 04:25:52,613 - fed_utils - INFO - load key [classifier.0.bias].length : 384, cost time : 0m:0s:0ms
2024-11-19 04:25:52,615 - fed_utils - INFO - load key [classifier.2.weight].length : 73728, cost time : 0m:0s:1ms
2024-11-19 04:25:52,615 - fed_utils - INFO - load key [classifier.2.bias].length : 192, cost time : 0m:0s:0ms
2024-11-19 04:26:07,738 - fed_utils - INFO - encrypting key [classifier.4.weight].length : 1920, cost time : 0m:15s:122ms
2024-11-19 04:26:07,817 - fed_utils - INFO - encrypting key [classifier.4.bias].length : 10, cost time : 0m:0s:79ms
2024-11-19 04:26:07,817 - fl_main - INFO - Server receive client_dict[f_00001] info ...
2024-11-19 04:26:07,818 - fl_main - INFO - ----- client id [f_00002] -----
2024-11-19 04:26:07,827 - fed_utils - INFO - init global model cost time : 0m:0s:9ms
2024-11-19 04:26:07,829 - client_base - INFO - recover model cost time : 0m:0s:0ms
2024-11-19 04:26:07,829 - fl_main - INFO - client_dict[f_00002] training ...
2024-11-19 04:26:07,831 - client_base - INFO - client_dict[f_00002] training epoch : 0
2024-11-19 04:26:17,015 - client_base - INFO - local model train cost time : 0m:9s:184ms
2024-11-19 04:26:17,017 - client_base - INFO - model encode time : 0m:0s:1ms
2024-11-19 04:26:17,017 - fl_main - INFO - client_dict[f_00002] local model encrypting ...
2024-11-19 04:26:54,817 - fed_utils - INFO - encrypting key [features.0.weight].length : 4800, cost time : 0m:37s:799ms
2024-11-19 04:26:55,333 - fed_utils - INFO - encrypting key [features.0.bias].length : 64, cost time : 0m:0s:515ms
2024-11-19 04:26:55,336 - fed_utils - INFO - load key [features.4.weight].length : 102400, cost time : 0m:0s:2ms
2024-11-19 04:26:55,336 - fed_utils - INFO - load key [features.4.bias].length : 64, cost time : 0m:0s:0ms
2024-11-19 04:26:55,376 - fed_utils - INFO - load key [classifier.0.weight].length : 1572864, cost time : 0m:0s:39ms
2024-11-19 04:26:55,376 - fed_utils - INFO - load key [classifier.0.bias].length : 384, cost time : 0m:0s:0ms
2024-11-19 04:26:55,378 - fed_utils - INFO - load key [classifier.2.weight].length : 73728, cost time : 0m:0s:1ms
2024-11-19 04:26:55,378 - fed_utils - INFO - load key [classifier.2.bias].length : 192, cost time : 0m:0s:0ms
2024-11-19 04:27:10,500 - fed_utils - INFO - encrypting key [classifier.4.weight].length : 1920, cost time : 0m:15s:121ms
2024-11-19 04:27:10,579 - fed_utils - INFO - encrypting key [classifier.4.bias].length : 10, cost time : 0m:0s:79ms
2024-11-19 04:27:10,579 - fl_main - INFO - Server receive client_dict[f_00002] info ...
2024-11-19 04:27:10,579 - fl_main - INFO - ----- client id [f_00003] -----
2024-11-19 04:27:10,589 - fed_utils - INFO - init global model cost time : 0m:0s:9ms
2024-11-19 04:27:10,590 - client_base - INFO - recover model cost time : 0m:0s:0ms
2024-11-19 04:27:13,054 - fl_main - INFO - global round [44] client_dict[f_00003].accuracy : 0.771700
2024-11-19 04:27:13,054 - fl_main - INFO - client_dict[f_00003] training ...
2024-11-19 04:27:13,054 - client_base - INFO - client_dict[f_00003] training epoch : 0
2024-11-19 04:27:22,286 - client_base - INFO - local model train cost time : 0m:9s:232ms
2024-11-19 04:27:22,288 - client_base - INFO - model encode time : 0m:0s:1ms
2024-11-19 04:27:22,288 - fl_main - INFO - client_dict[f_00003] local model encrypting ...
2024-11-19 04:28:00,103 - fed_utils - INFO - encrypting key [features.0.weight].length : 4800, cost time : 0m:37s:814ms
2024-11-19 04:28:00,618 - fed_utils - INFO - encrypting key [features.0.bias].length : 64, cost time : 0m:0s:514ms
2024-11-19 04:28:00,620 - fed_utils - INFO - load key [features.4.weight].length : 102400, cost time : 0m:0s:2ms
2024-11-19 04:28:00,621 - fed_utils - INFO - load key [features.4.bias].length : 64, cost time : 0m:0s:0ms
2024-11-19 04:28:00,660 - fed_utils - INFO - load key [classifier.0.weight].length : 1572864, cost time : 0m:0s:39ms
2024-11-19 04:28:00,660 - fed_utils - INFO - load key [classifier.0.bias].length : 384, cost time : 0m:0s:0ms
2024-11-19 04:28:00,662 - fed_utils - INFO - load key [classifier.2.weight].length : 73728, cost time : 0m:0s:1ms
2024-11-19 04:28:00,662 - fed_utils - INFO - load key [classifier.2.bias].length : 192, cost time : 0m:0s:0ms
2024-11-19 04:28:15,789 - fed_utils - INFO - encrypting key [classifier.4.weight].length : 1920, cost time : 0m:15s:126ms
2024-11-19 04:28:15,868 - fed_utils - INFO - encrypting key [classifier.4.bias].length : 10, cost time : 0m:0s:79ms
2024-11-19 04:28:15,868 - fl_main - INFO - Server receive client_dict[f_00003] info ...
2024-11-19 04:28:15,868 - fl_main - INFO - ----- client id [f_00004] -----
2024-11-19 04:28:15,878 - fed_utils - INFO - init global model cost time : 0m:0s:9ms
2024-11-19 04:28:15,880 - client_base - INFO - recover model cost time : 0m:0s:0ms
2024-11-19 04:28:15,880 - fl_main - INFO - client_dict[f_00004] training ...
2024-11-19 04:28:15,882 - client_base - INFO - client_dict[f_00004] training epoch : 0
2024-11-19 04:28:25,113 - client_base - INFO - local model train cost time : 0m:9s:231ms
2024-11-19 04:28:25,115 - client_base - INFO - model encode time : 0m:0s:1ms
2024-11-19 04:28:25,115 - fl_main - INFO - client_dict[f_00004] local model encrypting ...
2024-11-19 04:29:02,965 - fed_utils - INFO - encrypting key [features.0.weight].length : 4800, cost time : 0m:37s:849ms
2024-11-19 04:29:03,483 - fed_utils - INFO - encrypting key [features.0.bias].length : 64, cost time : 0m:0s:517ms
2024-11-19 04:29:03,486 - fed_utils - INFO - load key [features.4.weight].length : 102400, cost time : 0m:0s:2ms
2024-11-19 04:29:03,486 - fed_utils - INFO - load key [features.4.bias].length : 64, cost time : 0m:0s:0ms
2024-11-19 04:29:03,526 - fed_utils - INFO - load key [classifier.0.weight].length : 1572864, cost time : 0m:0s:39ms
2024-11-19 04:29:03,526 - fed_utils - INFO - load key [classifier.0.bias].length : 384, cost time : 0m:0s:0ms
2024-11-19 04:29:03,528 - fed_utils - INFO - load key [classifier.2.weight].length : 73728, cost time : 0m:0s:1ms
2024-11-19 04:29:03,528 - fed_utils - INFO - load key [classifier.2.bias].length : 192, cost time : 0m:0s:0ms
2024-11-19 04:29:18,655 - fed_utils - INFO - encrypting key [classifier.4.weight].length : 1920, cost time : 0m:15s:127ms
2024-11-19 04:29:18,735 - fed_utils - INFO - encrypting key [classifier.4.bias].length : 10, cost time : 0m:0s:79ms
2024-11-19 04:29:18,735 - fl_main - INFO - Server receive client_dict[f_00004] info ...
2024-11-19 04:29:18,735 - fl_main - INFO - global aggregation process ...
2024-11-19 04:29:18,735 - fed_utils - INFO - server.n_data : 50000
2024-11-19 04:29:18,735 - fed_utils - INFO - client_dict[f_00000].weight : 0.200000
2024-11-19 04:29:18,735 - fed_utils - INFO - client_dict[f_00001].weight : 0.200000
2024-11-19 04:29:18,735 - fed_utils - INFO - client_dict[f_00002].weight : 0.200000
2024-11-19 04:29:18,735 - fed_utils - INFO - client_dict[f_00003].weight : 0.200000
2024-11-19 04:29:18,735 - fed_utils - INFO - client_dict[f_00004].weight : 0.200000
2024-11-19 04:29:18,735 - fed_utils - INFO - recover secret number by clients: 3157279.000000
2024-11-19 04:29:18,735 - server_base - INFO - Server aggregate model with homomorphic encryption ...
2024-11-19 04:29:29,305 - server_base - INFO - Server aggregate model done, cost time : 0m:10s:569ms
2024-11-19 04:29:40,229 - fed_utils - INFO - decrypting key [features.0.weight].shape [torch.Size([64, 3, 5, 5])]
2024-11-19 04:29:40,375 - fed_utils - INFO - decrypting key [features.0.bias].shape [torch.Size([64])]
2024-11-19 04:29:40,376 - fed_utils - INFO - decrypting key [features.4.weight].shape [torch.Size([64, 64, 5, 5])]
2024-11-19 04:29:40,376 - fed_utils - INFO - decrypting key [features.4.bias].shape [torch.Size([64])]
2024-11-19 04:29:40,383 - fed_utils - INFO - decrypting key [classifier.0.weight].shape [torch.Size([384, 4096])]
2024-11-19 04:29:40,383 - fed_utils - INFO - decrypting key [classifier.0.bias].shape [torch.Size([384])]
2024-11-19 04:29:40,383 - fed_utils - INFO - decrypting key [classifier.2.weight].shape [torch.Size([192, 384])]
2024-11-19 04:29:40,383 - fed_utils - INFO - decrypting key [classifier.2.bias].shape [torch.Size([192])]
2024-11-19 04:29:44,754 - fed_utils - INFO - decrypting key [classifier.4.weight].shape [torch.Size([10, 192])]
2024-11-19 04:29:44,776 - fed_utils - INFO - decrypting key [classifier.4.bias].shape [torch.Size([10])]
2024-11-19 04:29:44,776 - fed_utils - INFO - decrypt time : [0m:15s:471ms]
2024-11-19 04:29:44,843 - fl_main - INFO - [global round : 44] aggregated model accuracy : 0.7717
2024-11-19 04:29:44,843 - fl_main - INFO - [global round : 44] aggregated model loss : 0.12749877603134518
2024-11-19 04:29:44,844 - fl_main - INFO - global round : 45
2024-11-19 04:29:44,844 - fl_main - INFO - the random client id to test accuracy : f_00000
2024-11-19 04:29:44,844 - fl_main - INFO - ----- client id [f_00000] -----
2024-11-19 04:29:44,856 - fed_utils - INFO - init global model cost time : 0m:0s:11ms
2024-11-19 04:29:44,858 - client_base - INFO - recover model cost time : 0m:0s:0ms
2024-11-19 04:29:47,338 - fl_main - INFO - global round [45] client_dict[f_00000].accuracy : 0.776300
2024-11-19 04:29:47,338 - fl_main - INFO - client_dict[f_00000] training ...
2024-11-19 04:29:47,338 - client_base - INFO - client_dict[f_00000] training epoch : 0
2024-11-19 04:29:56,550 - client_base - INFO - local model train cost time : 0m:9s:211ms
2024-11-19 04:29:56,552 - client_base - INFO - model encode time : 0m:0s:1ms
2024-11-19 04:29:56,552 - fl_main - INFO - client_dict[f_00000] local model encrypting ...
2024-11-19 04:30:34,336 - fed_utils - INFO - encrypting key [features.0.weight].length : 4800, cost time : 0m:37s:783ms
2024-11-19 04:30:34,853 - fed_utils - INFO - encrypting key [features.0.bias].length : 64, cost time : 0m:0s:516ms
2024-11-19 04:30:34,855 - fed_utils - INFO - load key [features.4.weight].length : 102400, cost time : 0m:0s:2ms
2024-11-19 04:30:34,855 - fed_utils - INFO - load key [features.4.bias].length : 64, cost time : 0m:0s:0ms
2024-11-19 04:30:34,885 - fed_utils - INFO - load key [classifier.0.weight].length : 1572864, cost time : 0m:0s:30ms
2024-11-19 04:30:34,885 - fed_utils - INFO - load key [classifier.0.bias].length : 384, cost time : 0m:0s:0ms
2024-11-19 04:30:34,888 - fed_utils - INFO - load key [classifier.2.weight].length : 73728, cost time : 0m:0s:2ms
2024-11-19 04:30:34,888 - fed_utils - INFO - load key [classifier.2.bias].length : 192, cost time : 0m:0s:0ms
2024-11-19 04:30:50,008 - fed_utils - INFO - encrypting key [classifier.4.weight].length : 1920, cost time : 0m:15s:120ms
2024-11-19 04:30:50,088 - fed_utils - INFO - encrypting key [classifier.4.bias].length : 10, cost time : 0m:0s:79ms
2024-11-19 04:30:50,112 - fl_main - INFO - Server receive client_dict[f_00000] info ...
2024-11-19 04:30:50,112 - fl_main - INFO - ----- client id [f_00001] -----
2024-11-19 04:30:50,123 - fed_utils - INFO - init global model cost time : 0m:0s:10ms
2024-11-19 04:30:50,125 - client_base - INFO - recover model cost time : 0m:0s:0ms
2024-11-19 04:30:50,125 - fl_main - INFO - client_dict[f_00001] training ...
2024-11-19 04:30:50,127 - client_base - INFO - client_dict[f_00001] training epoch : 0
2024-11-19 04:30:59,401 - client_base - INFO - local model train cost time : 0m:9s:273ms
2024-11-19 04:30:59,402 - client_base - INFO - model encode time : 0m:0s:1ms
2024-11-19 04:30:59,403 - fl_main - INFO - client_dict[f_00001] local model encrypting ...
2024-11-19 04:31:37,224 - fed_utils - INFO - encrypting key [features.0.weight].length : 4800, cost time : 0m:37s:821ms
2024-11-19 04:31:37,738 - fed_utils - INFO - encrypting key [features.0.bias].length : 64, cost time : 0m:0s:514ms
2024-11-19 04:31:37,741 - fed_utils - INFO - load key [features.4.weight].length : 102400, cost time : 0m:0s:2ms
2024-11-19 04:31:37,741 - fed_utils - INFO - load key [features.4.bias].length : 64, cost time : 0m:0s:0ms
2024-11-19 04:31:37,782 - fed_utils - INFO - load key [classifier.0.weight].length : 1572864, cost time : 0m:0s:40ms
2024-11-19 04:31:37,782 - fed_utils - INFO - load key [classifier.0.bias].length : 384, cost time : 0m:0s:0ms
2024-11-19 04:31:37,784 - fed_utils - INFO - load key [classifier.2.weight].length : 73728, cost time : 0m:0s:1ms
2024-11-19 04:31:37,784 - fed_utils - INFO - load key [classifier.2.bias].length : 192, cost time : 0m:0s:0ms
2024-11-19 04:31:52,915 - fed_utils - INFO - encrypting key [classifier.4.weight].length : 1920, cost time : 0m:15s:130ms
2024-11-19 04:31:52,994 - fed_utils - INFO - encrypting key [classifier.4.bias].length : 10, cost time : 0m:0s:79ms
2024-11-19 04:31:52,994 - fl_main - INFO - Server receive client_dict[f_00001] info ...
2024-11-19 04:31:52,994 - fl_main - INFO - ----- client id [f_00002] -----
2024-11-19 04:31:53,004 - fed_utils - INFO - init global model cost time : 0m:0s:9ms
2024-11-19 04:31:53,006 - client_base - INFO - recover model cost time : 0m:0s:0ms
2024-11-19 04:31:53,006 - fl_main - INFO - client_dict[f_00002] training ...
2024-11-19 04:31:53,008 - client_base - INFO - client_dict[f_00002] training epoch : 0
2024-11-19 04:32:02,280 - client_base - INFO - local model train cost time : 0m:9s:271ms
2024-11-19 04:32:02,281 - client_base - INFO - model encode time : 0m:0s:1ms
2024-11-19 04:32:02,282 - fl_main - INFO - client_dict[f_00002] local model encrypting ...
2024-11-19 04:32:40,186 - fed_utils - INFO - encrypting key [features.0.weight].length : 4800, cost time : 0m:37s:904ms
2024-11-19 04:32:40,702 - fed_utils - INFO - encrypting key [features.0.bias].length : 64, cost time : 0m:0s:515ms
2024-11-19 04:32:40,704 - fed_utils - INFO - load key [features.4.weight].length : 102400, cost time : 0m:0s:2ms
2024-11-19 04:32:40,705 - fed_utils - INFO - load key [features.4.bias].length : 64, cost time : 0m:0s:0ms
2024-11-19 04:32:40,745 - fed_utils - INFO - load key [classifier.0.weight].length : 1572864, cost time : 0m:0s:39ms
2024-11-19 04:32:40,745 - fed_utils - INFO - load key [classifier.0.bias].length : 384, cost time : 0m:0s:0ms
2024-11-19 04:32:40,747 - fed_utils - INFO - load key [classifier.2.weight].length : 73728, cost time : 0m:0s:1ms
2024-11-19 04:32:40,747 - fed_utils - INFO - load key [classifier.2.bias].length : 192, cost time : 0m:0s:0ms
2024-11-19 04:32:55,866 - fed_utils - INFO - encrypting key [classifier.4.weight].length : 1920, cost time : 0m:15s:118ms
2024-11-19 04:32:55,945 - fed_utils - INFO - encrypting key [classifier.4.bias].length : 10, cost time : 0m:0s:79ms
2024-11-19 04:32:55,945 - fl_main - INFO - Server receive client_dict[f_00002] info ...
2024-11-19 04:32:55,945 - fl_main - INFO - ----- client id [f_00003] -----
2024-11-19 04:32:55,955 - fed_utils - INFO - init global model cost time : 0m:0s:9ms
2024-11-19 04:32:55,957 - client_base - INFO - recover model cost time : 0m:0s:0ms
2024-11-19 04:32:55,957 - fl_main - INFO - client_dict[f_00003] training ...
2024-11-19 04:32:55,959 - client_base - INFO - client_dict[f_00003] training epoch : 0
2024-11-19 04:33:05,236 - client_base - INFO - local model train cost time : 0m:9s:276ms
2024-11-19 04:33:05,237 - client_base - INFO - model encode time : 0m:0s:1ms
2024-11-19 04:33:05,238 - fl_main - INFO - client_dict[f_00003] local model encrypting ...
2024-11-19 04:33:43,039 - fed_utils - INFO - encrypting key [features.0.weight].length : 4800, cost time : 0m:37s:801ms
2024-11-19 04:33:43,555 - fed_utils - INFO - encrypting key [features.0.bias].length : 64, cost time : 0m:0s:515ms
2024-11-19 04:33:43,557 - fed_utils - INFO - load key [features.4.weight].length : 102400, cost time : 0m:0s:2ms
2024-11-19 04:33:43,558 - fed_utils - INFO - load key [features.4.bias].length : 64, cost time : 0m:0s:0ms
2024-11-19 04:33:43,597 - fed_utils - INFO - load key [classifier.0.weight].length : 1572864, cost time : 0m:0s:39ms
2024-11-19 04:33:43,597 - fed_utils - INFO - load key [classifier.0.bias].length : 384, cost time : 0m:0s:0ms
2024-11-19 04:33:43,599 - fed_utils - INFO - load key [classifier.2.weight].length : 73728, cost time : 0m:0s:1ms
2024-11-19 04:33:43,599 - fed_utils - INFO - load key [classifier.2.bias].length : 192, cost time : 0m:0s:0ms
2024-11-19 04:33:58,729 - fed_utils - INFO - encrypting key [classifier.4.weight].length : 1920, cost time : 0m:15s:129ms
2024-11-19 04:33:58,808 - fed_utils - INFO - encrypting key [classifier.4.bias].length : 10, cost time : 0m:0s:79ms
2024-11-19 04:33:58,808 - fl_main - INFO - Server receive client_dict[f_00003] info ...
2024-11-19 04:33:58,808 - fl_main - INFO - ----- client id [f_00004] -----
2024-11-19 04:33:58,818 - fed_utils - INFO - init global model cost time : 0m:0s:9ms
2024-11-19 04:33:58,820 - client_base - INFO - recover model cost time : 0m:0s:0ms
2024-11-19 04:33:58,820 - fl_main - INFO - client_dict[f_00004] training ...
2024-11-19 04:33:58,822 - client_base - INFO - client_dict[f_00004] training epoch : 0
2024-11-19 04:34:08,032 - client_base - INFO - local model train cost time : 0m:9s:210ms
2024-11-19 04:34:08,034 - client_base - INFO - model encode time : 0m:0s:1ms
2024-11-19 04:34:08,035 - fl_main - INFO - client_dict[f_00004] local model encrypting ...
2024-11-19 04:34:45,854 - fed_utils - INFO - encrypting key [features.0.weight].length : 4800, cost time : 0m:37s:819ms
2024-11-19 04:34:46,370 - fed_utils - INFO - encrypting key [features.0.bias].length : 64, cost time : 0m:0s:515ms
2024-11-19 04:34:46,373 - fed_utils - INFO - load key [features.4.weight].length : 102400, cost time : 0m:0s:2ms
2024-11-19 04:34:46,373 - fed_utils - INFO - load key [features.4.bias].length : 64, cost time : 0m:0s:0ms
2024-11-19 04:34:46,412 - fed_utils - INFO - load key [classifier.0.weight].length : 1572864, cost time : 0m:0s:39ms
2024-11-19 04:34:46,412 - fed_utils - INFO - load key [classifier.0.bias].length : 384, cost time : 0m:0s:0ms
2024-11-19 04:34:46,414 - fed_utils - INFO - load key [classifier.2.weight].length : 73728, cost time : 0m:0s:1ms
2024-11-19 04:34:46,414 - fed_utils - INFO - load key [classifier.2.bias].length : 192, cost time : 0m:0s:0ms
2024-11-19 04:35:01,541 - fed_utils - INFO - encrypting key [classifier.4.weight].length : 1920, cost time : 0m:15s:126ms
2024-11-19 04:35:01,621 - fed_utils - INFO - encrypting key [classifier.4.bias].length : 10, cost time : 0m:0s:79ms
2024-11-19 04:35:01,621 - fl_main - INFO - Server receive client_dict[f_00004] info ...
2024-11-19 04:35:01,621 - fl_main - INFO - global aggregation process ...
2024-11-19 04:35:01,621 - fed_utils - INFO - server.n_data : 50000
2024-11-19 04:35:01,621 - fed_utils - INFO - client_dict[f_00000].weight : 0.200000
2024-11-19 04:35:01,621 - fed_utils - INFO - client_dict[f_00001].weight : 0.200000
2024-11-19 04:35:01,622 - fed_utils - INFO - client_dict[f_00002].weight : 0.200000
2024-11-19 04:35:01,622 - fed_utils - INFO - client_dict[f_00003].weight : 0.200000
2024-11-19 04:35:01,622 - fed_utils - INFO - client_dict[f_00004].weight : 0.200000
2024-11-19 04:35:01,622 - fed_utils - INFO - recover secret number by clients: 3157279.000000
2024-11-19 04:35:01,622 - server_base - INFO - Server aggregate model with homomorphic encryption ...
2024-11-19 04:35:12,176 - server_base - INFO - Server aggregate model done, cost time : 0m:10s:553ms
2024-11-19 04:35:23,046 - fed_utils - INFO - decrypting key [features.0.weight].shape [torch.Size([64, 3, 5, 5])]
2024-11-19 04:35:23,191 - fed_utils - INFO - decrypting key [features.0.bias].shape [torch.Size([64])]
2024-11-19 04:35:23,192 - fed_utils - INFO - decrypting key [features.4.weight].shape [torch.Size([64, 64, 5, 5])]
2024-11-19 04:35:23,192 - fed_utils - INFO - decrypting key [features.4.bias].shape [torch.Size([64])]
2024-11-19 04:35:23,199 - fed_utils - INFO - decrypting key [classifier.0.weight].shape [torch.Size([384, 4096])]
2024-11-19 04:35:23,199 - fed_utils - INFO - decrypting key [classifier.0.bias].shape [torch.Size([384])]
2024-11-19 04:35:23,199 - fed_utils - INFO - decrypting key [classifier.2.weight].shape [torch.Size([192, 384])]
2024-11-19 04:35:23,199 - fed_utils - INFO - decrypting key [classifier.2.bias].shape [torch.Size([192])]
2024-11-19 04:35:27,548 - fed_utils - INFO - decrypting key [classifier.4.weight].shape [torch.Size([10, 192])]
2024-11-19 04:35:27,571 - fed_utils - INFO - decrypting key [classifier.4.bias].shape [torch.Size([10])]
2024-11-19 04:35:27,571 - fed_utils - INFO - decrypt time : [0m:15s:395ms]
2024-11-19 04:35:27,637 - fl_main - INFO - [global round : 45] aggregated model accuracy : 0.7763
2024-11-19 04:35:27,637 - fl_main - INFO - [global round : 45] aggregated model loss : 0.040435276677005444
2024-11-19 04:35:27,638 - fl_main - INFO - global round : 46
2024-11-19 04:35:27,639 - fl_main - INFO - the random client id to test accuracy : f_00003
2024-11-19 04:35:27,639 - fl_main - INFO - ----- client id [f_00000] -----
2024-11-19 04:35:27,650 - fed_utils - INFO - init global model cost time : 0m:0s:11ms
2024-11-19 04:35:27,652 - client_base - INFO - recover model cost time : 0m:0s:0ms
2024-11-19 04:35:27,653 - fl_main - INFO - client_dict[f_00000] training ...
2024-11-19 04:35:27,666 - client_base - INFO - client_dict[f_00000] training epoch : 0
2024-11-19 04:35:36,940 - client_base - INFO - local model train cost time : 0m:9s:274ms
2024-11-19 04:35:36,942 - client_base - INFO - model encode time : 0m:0s:1ms
2024-11-19 04:35:36,942 - fl_main - INFO - client_dict[f_00000] local model encrypting ...
2024-11-19 04:36:14,793 - fed_utils - INFO - encrypting key [features.0.weight].length : 4800, cost time : 0m:37s:850ms
2024-11-19 04:36:15,310 - fed_utils - INFO - encrypting key [features.0.bias].length : 64, cost time : 0m:0s:516ms
2024-11-19 04:36:15,312 - fed_utils - INFO - load key [features.4.weight].length : 102400, cost time : 0m:0s:2ms
2024-11-19 04:36:15,312 - fed_utils - INFO - load key [features.4.bias].length : 64, cost time : 0m:0s:0ms
2024-11-19 04:36:15,342 - fed_utils - INFO - load key [classifier.0.weight].length : 1572864, cost time : 0m:0s:30ms
2024-11-19 04:36:15,342 - fed_utils - INFO - load key [classifier.0.bias].length : 384, cost time : 0m:0s:0ms
2024-11-19 04:36:15,344 - fed_utils - INFO - load key [classifier.2.weight].length : 73728, cost time : 0m:0s:2ms
2024-11-19 04:36:15,344 - fed_utils - INFO - load key [classifier.2.bias].length : 192, cost time : 0m:0s:0ms
2024-11-19 04:36:30,476 - fed_utils - INFO - encrypting key [classifier.4.weight].length : 1920, cost time : 0m:15s:131ms
2024-11-19 04:36:30,555 - fed_utils - INFO - encrypting key [classifier.4.bias].length : 10, cost time : 0m:0s:79ms
2024-11-19 04:36:30,580 - fl_main - INFO - Server receive client_dict[f_00000] info ...
2024-11-19 04:36:30,580 - fl_main - INFO - ----- client id [f_00001] -----
2024-11-19 04:36:30,590 - fed_utils - INFO - init global model cost time : 0m:0s:10ms
2024-11-19 04:36:30,592 - client_base - INFO - recover model cost time : 0m:0s:0ms
2024-11-19 04:36:30,593 - fl_main - INFO - client_dict[f_00001] training ...
2024-11-19 04:36:30,594 - client_base - INFO - client_dict[f_00001] training epoch : 0
2024-11-19 04:36:39,848 - client_base - INFO - local model train cost time : 0m:9s:253ms
2024-11-19 04:36:39,849 - client_base - INFO - model encode time : 0m:0s:1ms
2024-11-19 04:36:39,850 - fl_main - INFO - client_dict[f_00001] local model encrypting ...
2024-11-19 04:37:17,716 - fed_utils - INFO - encrypting key [features.0.weight].length : 4800, cost time : 0m:37s:865ms
2024-11-19 04:37:18,231 - fed_utils - INFO - encrypting key [features.0.bias].length : 64, cost time : 0m:0s:514ms
2024-11-19 04:37:18,233 - fed_utils - INFO - load key [features.4.weight].length : 102400, cost time : 0m:0s:2ms
2024-11-19 04:37:18,233 - fed_utils - INFO - load key [features.4.bias].length : 64, cost time : 0m:0s:0ms
2024-11-19 04:37:18,274 - fed_utils - INFO - load key [classifier.0.weight].length : 1572864, cost time : 0m:0s:40ms
2024-11-19 04:37:18,274 - fed_utils - INFO - load key [classifier.0.bias].length : 384, cost time : 0m:0s:0ms
2024-11-19 04:37:18,276 - fed_utils - INFO - load key [classifier.2.weight].length : 73728, cost time : 0m:0s:1ms
2024-11-19 04:37:18,276 - fed_utils - INFO - load key [classifier.2.bias].length : 192, cost time : 0m:0s:0ms
2024-11-19 04:37:33,400 - fed_utils - INFO - encrypting key [classifier.4.weight].length : 1920, cost time : 0m:15s:123ms
2024-11-19 04:37:33,480 - fed_utils - INFO - encrypting key [classifier.4.bias].length : 10, cost time : 0m:0s:79ms
2024-11-19 04:37:33,480 - fl_main - INFO - Server receive client_dict[f_00001] info ...
2024-11-19 04:37:33,480 - fl_main - INFO - ----- client id [f_00002] -----
2024-11-19 04:37:33,490 - fed_utils - INFO - init global model cost time : 0m:0s:9ms
2024-11-19 04:37:33,492 - client_base - INFO - recover model cost time : 0m:0s:0ms
2024-11-19 04:37:33,492 - fl_main - INFO - client_dict[f_00002] training ...
2024-11-19 04:37:33,494 - client_base - INFO - client_dict[f_00002] training epoch : 0
2024-11-19 04:37:42,761 - client_base - INFO - local model train cost time : 0m:9s:266ms
2024-11-19 04:37:42,762 - client_base - INFO - model encode time : 0m:0s:1ms
2024-11-19 04:37:42,763 - fl_main - INFO - client_dict[f_00002] local model encrypting ...
2024-11-19 04:38:20,587 - fed_utils - INFO - encrypting key [features.0.weight].length : 4800, cost time : 0m:37s:823ms
2024-11-19 04:38:21,104 - fed_utils - INFO - encrypting key [features.0.bias].length : 64, cost time : 0m:0s:517ms
2024-11-19 04:38:21,107 - fed_utils - INFO - load key [features.4.weight].length : 102400, cost time : 0m:0s:2ms
2024-11-19 04:38:21,107 - fed_utils - INFO - load key [features.4.bias].length : 64, cost time : 0m:0s:0ms
2024-11-19 04:38:21,147 - fed_utils - INFO - load key [classifier.0.weight].length : 1572864, cost time : 0m:0s:39ms
2024-11-19 04:38:21,147 - fed_utils - INFO - load key [classifier.0.bias].length : 384, cost time : 0m:0s:0ms
2024-11-19 04:38:21,149 - fed_utils - INFO - load key [classifier.2.weight].length : 73728, cost time : 0m:0s:1ms
2024-11-19 04:38:21,149 - fed_utils - INFO - load key [classifier.2.bias].length : 192, cost time : 0m:0s:0ms
2024-11-19 04:38:36,280 - fed_utils - INFO - encrypting key [classifier.4.weight].length : 1920, cost time : 0m:15s:130ms
2024-11-19 04:38:36,359 - fed_utils - INFO - encrypting key [classifier.4.bias].length : 10, cost time : 0m:0s:79ms
2024-11-19 04:38:36,359 - fl_main - INFO - Server receive client_dict[f_00002] info ...
2024-11-19 04:38:36,359 - fl_main - INFO - ----- client id [f_00003] -----
2024-11-19 04:38:36,369 - fed_utils - INFO - init global model cost time : 0m:0s:9ms
2024-11-19 04:38:36,371 - client_base - INFO - recover model cost time : 0m:0s:0ms
2024-11-19 04:38:38,844 - fl_main - INFO - global round [46] client_dict[f_00003].accuracy : 0.773200
2024-11-19 04:38:38,844 - fl_main - INFO - client_dict[f_00003] training ...
2024-11-19 04:38:38,844 - client_base - INFO - client_dict[f_00003] training epoch : 0
2024-11-19 04:38:48,053 - client_base - INFO - local model train cost time : 0m:9s:208ms
2024-11-19 04:38:48,054 - client_base - INFO - model encode time : 0m:0s:1ms
2024-11-19 04:38:48,055 - fl_main - INFO - client_dict[f_00003] local model encrypting ...
2024-11-19 04:39:25,910 - fed_utils - INFO - encrypting key [features.0.weight].length : 4800, cost time : 0m:37s:854ms
2024-11-19 04:39:26,430 - fed_utils - INFO - encrypting key [features.0.bias].length : 64, cost time : 0m:0s:519ms
2024-11-19 04:39:26,433 - fed_utils - INFO - load key [features.4.weight].length : 102400, cost time : 0m:0s:2ms
2024-11-19 04:39:26,433 - fed_utils - INFO - load key [features.4.bias].length : 64, cost time : 0m:0s:0ms
2024-11-19 04:39:26,472 - fed_utils - INFO - load key [classifier.0.weight].length : 1572864, cost time : 0m:0s:39ms
2024-11-19 04:39:26,472 - fed_utils - INFO - load key [classifier.0.bias].length : 384, cost time : 0m:0s:0ms
2024-11-19 04:39:26,474 - fed_utils - INFO - load key [classifier.2.weight].length : 73728, cost time : 0m:0s:1ms
2024-11-19 04:39:26,474 - fed_utils - INFO - load key [classifier.2.bias].length : 192, cost time : 0m:0s:0ms
2024-11-19 04:39:41,593 - fed_utils - INFO - encrypting key [classifier.4.weight].length : 1920, cost time : 0m:15s:118ms
2024-11-19 04:39:41,673 - fed_utils - INFO - encrypting key [classifier.4.bias].length : 10, cost time : 0m:0s:79ms
2024-11-19 04:39:41,673 - fl_main - INFO - Server receive client_dict[f_00003] info ...
2024-11-19 04:39:41,673 - fl_main - INFO - ----- client id [f_00004] -----
2024-11-19 04:39:41,683 - fed_utils - INFO - init global model cost time : 0m:0s:9ms
2024-11-19 04:39:41,685 - client_base - INFO - recover model cost time : 0m:0s:0ms
2024-11-19 04:39:41,685 - fl_main - INFO - client_dict[f_00004] training ...
2024-11-19 04:39:41,687 - client_base - INFO - client_dict[f_00004] training epoch : 0
2024-11-19 04:39:50,957 - client_base - INFO - local model train cost time : 0m:9s:270ms
2024-11-19 04:39:50,959 - client_base - INFO - model encode time : 0m:0s:1ms
2024-11-19 04:39:50,959 - fl_main - INFO - client_dict[f_00004] local model encrypting ...
2024-11-19 04:40:28,813 - fed_utils - INFO - encrypting key [features.0.weight].length : 4800, cost time : 0m:37s:853ms
2024-11-19 04:40:29,329 - fed_utils - INFO - encrypting key [features.0.bias].length : 64, cost time : 0m:0s:515ms
2024-11-19 04:40:29,331 - fed_utils - INFO - load key [features.4.weight].length : 102400, cost time : 0m:0s:2ms
2024-11-19 04:40:29,332 - fed_utils - INFO - load key [features.4.bias].length : 64, cost time : 0m:0s:0ms
2024-11-19 04:40:29,371 - fed_utils - INFO - load key [classifier.0.weight].length : 1572864, cost time : 0m:0s:39ms
2024-11-19 04:40:29,371 - fed_utils - INFO - load key [classifier.0.bias].length : 384, cost time : 0m:0s:0ms
2024-11-19 04:40:29,373 - fed_utils - INFO - load key [classifier.2.weight].length : 73728, cost time : 0m:0s:1ms
2024-11-19 04:40:29,373 - fed_utils - INFO - load key [classifier.2.bias].length : 192, cost time : 0m:0s:0ms
2024-11-19 04:40:44,503 - fed_utils - INFO - encrypting key [classifier.4.weight].length : 1920, cost time : 0m:15s:129ms
2024-11-19 04:40:44,582 - fed_utils - INFO - encrypting key [classifier.4.bias].length : 10, cost time : 0m:0s:79ms
2024-11-19 04:40:44,582 - fl_main - INFO - Server receive client_dict[f_00004] info ...
2024-11-19 04:40:44,582 - fl_main - INFO - global aggregation process ...
2024-11-19 04:40:44,583 - fed_utils - INFO - server.n_data : 50000
2024-11-19 04:40:44,583 - fed_utils - INFO - client_dict[f_00000].weight : 0.200000
2024-11-19 04:40:44,583 - fed_utils - INFO - client_dict[f_00001].weight : 0.200000
2024-11-19 04:40:44,583 - fed_utils - INFO - client_dict[f_00002].weight : 0.200000
2024-11-19 04:40:44,583 - fed_utils - INFO - client_dict[f_00003].weight : 0.200000
2024-11-19 04:40:44,583 - fed_utils - INFO - client_dict[f_00004].weight : 0.200000
2024-11-19 04:40:44,583 - fed_utils - INFO - recover secret number by clients: 3157279.000000
2024-11-19 04:40:44,583 - server_base - INFO - Server aggregate model with homomorphic encryption ...
2024-11-19 04:40:55,167 - server_base - INFO - Server aggregate model done, cost time : 0m:10s:584ms
2024-11-19 04:41:06,039 - fed_utils - INFO - decrypting key [features.0.weight].shape [torch.Size([64, 3, 5, 5])]
2024-11-19 04:41:06,184 - fed_utils - INFO - decrypting key [features.0.bias].shape [torch.Size([64])]
2024-11-19 04:41:06,185 - fed_utils - INFO - decrypting key [features.4.weight].shape [torch.Size([64, 64, 5, 5])]
2024-11-19 04:41:06,185 - fed_utils - INFO - decrypting key [features.4.bias].shape [torch.Size([64])]
2024-11-19 04:41:06,194 - fed_utils - INFO - decrypting key [classifier.0.weight].shape [torch.Size([384, 4096])]
2024-11-19 04:41:06,194 - fed_utils - INFO - decrypting key [classifier.0.bias].shape [torch.Size([384])]
2024-11-19 04:41:06,195 - fed_utils - INFO - decrypting key [classifier.2.weight].shape [torch.Size([192, 384])]
2024-11-19 04:41:06,195 - fed_utils - INFO - decrypting key [classifier.2.bias].shape [torch.Size([192])]
2024-11-19 04:41:10,544 - fed_utils - INFO - decrypting key [classifier.4.weight].shape [torch.Size([10, 192])]
2024-11-19 04:41:10,566 - fed_utils - INFO - decrypting key [classifier.4.bias].shape [torch.Size([10])]
2024-11-19 04:41:10,567 - fed_utils - INFO - decrypt time : [0m:15s:399ms]
2024-11-19 04:41:10,632 - fl_main - INFO - [global round : 46] aggregated model accuracy : 0.7732
2024-11-19 04:41:10,633 - fl_main - INFO - [global round : 46] aggregated model loss : 0.014639255613645543
2024-11-19 04:41:10,634 - fl_main - INFO - global round : 47
2024-11-19 04:41:10,634 - fl_main - INFO - the random client id to test accuracy : f_00002
2024-11-19 04:41:10,634 - fl_main - INFO - ----- client id [f_00000] -----
2024-11-19 04:41:10,644 - fed_utils - INFO - init global model cost time : 0m:0s:9ms
2024-11-19 04:41:10,646 - client_base - INFO - recover model cost time : 0m:0s:0ms
2024-11-19 04:41:10,647 - fl_main - INFO - client_dict[f_00000] training ...
2024-11-19 04:41:10,662 - client_base - INFO - client_dict[f_00000] training epoch : 0
2024-11-19 04:41:19,853 - client_base - INFO - local model train cost time : 0m:9s:190ms
2024-11-19 04:41:19,855 - client_base - INFO - model encode time : 0m:0s:1ms
2024-11-19 04:41:19,855 - fl_main - INFO - client_dict[f_00000] local model encrypting ...
2024-11-19 04:41:57,687 - fed_utils - INFO - encrypting key [features.0.weight].length : 4800, cost time : 0m:37s:832ms
2024-11-19 04:41:58,202 - fed_utils - INFO - encrypting key [features.0.bias].length : 64, cost time : 0m:0s:514ms
2024-11-19 04:41:58,204 - fed_utils - INFO - load key [features.4.weight].length : 102400, cost time : 0m:0s:2ms
2024-11-19 04:41:58,204 - fed_utils - INFO - load key [features.4.bias].length : 64, cost time : 0m:0s:0ms
2024-11-19 04:41:58,234 - fed_utils - INFO - load key [classifier.0.weight].length : 1572864, cost time : 0m:0s:29ms
2024-11-19 04:41:58,234 - fed_utils - INFO - load key [classifier.0.bias].length : 384, cost time : 0m:0s:0ms
2024-11-19 04:41:58,236 - fed_utils - INFO - load key [classifier.2.weight].length : 73728, cost time : 0m:0s:2ms
2024-11-19 04:41:58,236 - fed_utils - INFO - load key [classifier.2.bias].length : 192, cost time : 0m:0s:0ms
2024-11-19 04:42:13,377 - fed_utils - INFO - encrypting key [classifier.4.weight].length : 1920, cost time : 0m:15s:140ms
2024-11-19 04:42:13,457 - fed_utils - INFO - encrypting key [classifier.4.bias].length : 10, cost time : 0m:0s:79ms
2024-11-19 04:42:13,482 - fl_main - INFO - Server receive client_dict[f_00000] info ...
2024-11-19 04:42:13,482 - fl_main - INFO - ----- client id [f_00001] -----
2024-11-19 04:42:13,493 - fed_utils - INFO - init global model cost time : 0m:0s:10ms
2024-11-19 04:42:13,494 - client_base - INFO - recover model cost time : 0m:0s:0ms
2024-11-19 04:42:13,495 - fl_main - INFO - client_dict[f_00001] training ...
2024-11-19 04:42:13,496 - client_base - INFO - client_dict[f_00001] training epoch : 0
2024-11-19 04:42:22,785 - client_base - INFO - local model train cost time : 0m:9s:288ms
2024-11-19 04:42:22,787 - client_base - INFO - model encode time : 0m:0s:1ms
2024-11-19 04:42:22,787 - fl_main - INFO - client_dict[f_00001] local model encrypting ...
2024-11-19 04:43:00,664 - fed_utils - INFO - encrypting key [features.0.weight].length : 4800, cost time : 0m:37s:877ms
2024-11-19 04:43:01,179 - fed_utils - INFO - encrypting key [features.0.bias].length : 64, cost time : 0m:0s:514ms
2024-11-19 04:43:01,182 - fed_utils - INFO - load key [features.4.weight].length : 102400, cost time : 0m:0s:2ms
2024-11-19 04:43:01,182 - fed_utils - INFO - load key [features.4.bias].length : 64, cost time : 0m:0s:0ms
2024-11-19 04:43:01,223 - fed_utils - INFO - load key [classifier.0.weight].length : 1572864, cost time : 0m:0s:40ms
2024-11-19 04:43:01,223 - fed_utils - INFO - load key [classifier.0.bias].length : 384, cost time : 0m:0s:0ms
2024-11-19 04:43:01,225 - fed_utils - INFO - load key [classifier.2.weight].length : 73728, cost time : 0m:0s:1ms
2024-11-19 04:43:01,225 - fed_utils - INFO - load key [classifier.2.bias].length : 192, cost time : 0m:0s:0ms
2024-11-19 04:43:16,357 - fed_utils - INFO - encrypting key [classifier.4.weight].length : 1920, cost time : 0m:15s:131ms
2024-11-19 04:43:16,436 - fed_utils - INFO - encrypting key [classifier.4.bias].length : 10, cost time : 0m:0s:79ms
2024-11-19 04:43:16,436 - fl_main - INFO - Server receive client_dict[f_00001] info ...
2024-11-19 04:43:16,436 - fl_main - INFO - ----- client id [f_00002] -----
2024-11-19 04:43:16,446 - fed_utils - INFO - init global model cost time : 0m:0s:9ms
2024-11-19 04:43:16,448 - client_base - INFO - recover model cost time : 0m:0s:0ms
2024-11-19 04:43:18,920 - fl_main - INFO - global round [47] client_dict[f_00002].accuracy : 0.774800
2024-11-19 04:43:18,920 - fl_main - INFO - client_dict[f_00002] training ...
2024-11-19 04:43:18,921 - client_base - INFO - client_dict[f_00002] training epoch : 0
2024-11-19 04:43:28,177 - client_base - INFO - local model train cost time : 0m:9s:256ms
2024-11-19 04:43:28,179 - client_base - INFO - model encode time : 0m:0s:1ms
2024-11-19 04:43:28,179 - fl_main - INFO - client_dict[f_00002] local model encrypting ...
2024-11-19 04:44:06,011 - fed_utils - INFO - encrypting key [features.0.weight].length : 4800, cost time : 0m:37s:831ms
2024-11-19 04:44:06,525 - fed_utils - INFO - encrypting key [features.0.bias].length : 64, cost time : 0m:0s:514ms
2024-11-19 04:44:06,528 - fed_utils - INFO - load key [features.4.weight].length : 102400, cost time : 0m:0s:2ms
2024-11-19 04:44:06,528 - fed_utils - INFO - load key [features.4.bias].length : 64, cost time : 0m:0s:0ms
2024-11-19 04:44:06,568 - fed_utils - INFO - load key [classifier.0.weight].length : 1572864, cost time : 0m:0s:39ms
2024-11-19 04:44:06,568 - fed_utils - INFO - load key [classifier.0.bias].length : 384, cost time : 0m:0s:0ms
2024-11-19 04:44:06,570 - fed_utils - INFO - load key [classifier.2.weight].length : 73728, cost time : 0m:0s:1ms
2024-11-19 04:44:06,570 - fed_utils - INFO - load key [classifier.2.bias].length : 192, cost time : 0m:0s:0ms
2024-11-19 04:44:21,688 - fed_utils - INFO - encrypting key [classifier.4.weight].length : 1920, cost time : 0m:15s:117ms
2024-11-19 04:44:21,767 - fed_utils - INFO - encrypting key [classifier.4.bias].length : 10, cost time : 0m:0s:79ms
2024-11-19 04:44:21,767 - fl_main - INFO - Server receive client_dict[f_00002] info ...
2024-11-19 04:44:21,767 - fl_main - INFO - ----- client id [f_00003] -----
2024-11-19 04:44:21,777 - fed_utils - INFO - init global model cost time : 0m:0s:9ms
2024-11-19 04:44:21,779 - client_base - INFO - recover model cost time : 0m:0s:0ms
2024-11-19 04:44:21,779 - fl_main - INFO - client_dict[f_00003] training ...
2024-11-19 04:44:21,781 - client_base - INFO - client_dict[f_00003] training epoch : 0
2024-11-19 04:44:31,064 - client_base - INFO - local model train cost time : 0m:9s:283ms
2024-11-19 04:44:31,066 - client_base - INFO - model encode time : 0m:0s:1ms
2024-11-19 04:44:31,066 - fl_main - INFO - client_dict[f_00003] local model encrypting ...
2024-11-19 04:45:08,873 - fed_utils - INFO - encrypting key [features.0.weight].length : 4800, cost time : 0m:37s:806ms
2024-11-19 04:45:09,388 - fed_utils - INFO - encrypting key [features.0.bias].length : 64, cost time : 0m:0s:514ms
2024-11-19 04:45:09,391 - fed_utils - INFO - load key [features.4.weight].length : 102400, cost time : 0m:0s:2ms
2024-11-19 04:45:09,391 - fed_utils - INFO - load key [features.4.bias].length : 64, cost time : 0m:0s:0ms
2024-11-19 04:45:09,430 - fed_utils - INFO - load key [classifier.0.weight].length : 1572864, cost time : 0m:0s:39ms
2024-11-19 04:45:09,430 - fed_utils - INFO - load key [classifier.0.bias].length : 384, cost time : 0m:0s:0ms
2024-11-19 04:45:09,432 - fed_utils - INFO - load key [classifier.2.weight].length : 73728, cost time : 0m:0s:1ms
2024-11-19 04:45:09,432 - fed_utils - INFO - load key [classifier.2.bias].length : 192, cost time : 0m:0s:0ms
2024-11-19 04:45:24,551 - fed_utils - INFO - encrypting key [classifier.4.weight].length : 1920, cost time : 0m:15s:118ms
2024-11-19 04:45:24,630 - fed_utils - INFO - encrypting key [classifier.4.bias].length : 10, cost time : 0m:0s:79ms
2024-11-19 04:45:24,630 - fl_main - INFO - Server receive client_dict[f_00003] info ...
2024-11-19 04:45:24,631 - fl_main - INFO - ----- client id [f_00004] -----
2024-11-19 04:45:24,640 - fed_utils - INFO - init global model cost time : 0m:0s:9ms
2024-11-19 04:45:24,642 - client_base - INFO - recover model cost time : 0m:0s:0ms
2024-11-19 04:45:24,642 - fl_main - INFO - client_dict[f_00004] training ...
2024-11-19 04:45:24,644 - client_base - INFO - client_dict[f_00004] training epoch : 0
2024-11-19 04:45:33,871 - client_base - INFO - local model train cost time : 0m:9s:226ms
2024-11-19 04:45:33,873 - client_base - INFO - model encode time : 0m:0s:1ms
2024-11-19 04:45:33,873 - fl_main - INFO - client_dict[f_00004] local model encrypting ...
2024-11-19 04:46:11,685 - fed_utils - INFO - encrypting key [features.0.weight].length : 4800, cost time : 0m:37s:811ms
2024-11-19 04:46:12,200 - fed_utils - INFO - encrypting key [features.0.bias].length : 64, cost time : 0m:0s:514ms
2024-11-19 04:46:12,202 - fed_utils - INFO - load key [features.4.weight].length : 102400, cost time : 0m:0s:2ms
2024-11-19 04:46:12,203 - fed_utils - INFO - load key [features.4.bias].length : 64, cost time : 0m:0s:0ms
2024-11-19 04:46:12,242 - fed_utils - INFO - load key [classifier.0.weight].length : 1572864, cost time : 0m:0s:39ms
2024-11-19 04:46:12,242 - fed_utils - INFO - load key [classifier.0.bias].length : 384, cost time : 0m:0s:0ms
2024-11-19 04:46:12,244 - fed_utils - INFO - load key [classifier.2.weight].length : 73728, cost time : 0m:0s:1ms
2024-11-19 04:46:12,244 - fed_utils - INFO - load key [classifier.2.bias].length : 192, cost time : 0m:0s:0ms
2024-11-19 04:46:27,373 - fed_utils - INFO - encrypting key [classifier.4.weight].length : 1920, cost time : 0m:15s:129ms
2024-11-19 04:46:27,453 - fed_utils - INFO - encrypting key [classifier.4.bias].length : 10, cost time : 0m:0s:79ms
2024-11-19 04:46:27,453 - fl_main - INFO - Server receive client_dict[f_00004] info ...
2024-11-19 04:46:27,453 - fl_main - INFO - global aggregation process ...
2024-11-19 04:46:27,453 - fed_utils - INFO - server.n_data : 50000
2024-11-19 04:46:27,453 - fed_utils - INFO - client_dict[f_00000].weight : 0.200000
2024-11-19 04:46:27,453 - fed_utils - INFO - client_dict[f_00001].weight : 0.200000
2024-11-19 04:46:27,453 - fed_utils - INFO - client_dict[f_00002].weight : 0.200000
2024-11-19 04:46:27,453 - fed_utils - INFO - client_dict[f_00003].weight : 0.200000
2024-11-19 04:46:27,453 - fed_utils - INFO - client_dict[f_00004].weight : 0.200000
2024-11-19 04:46:27,454 - fed_utils - INFO - recover secret number by clients: 3157279.000000
2024-11-19 04:46:27,454 - server_base - INFO - Server aggregate model with homomorphic encryption ...
2024-11-19 04:46:38,027 - server_base - INFO - Server aggregate model done, cost time : 0m:10s:572ms
2024-11-19 04:46:48,897 - fed_utils - INFO - decrypting key [features.0.weight].shape [torch.Size([64, 3, 5, 5])]
2024-11-19 04:46:49,042 - fed_utils - INFO - decrypting key [features.0.bias].shape [torch.Size([64])]
2024-11-19 04:46:49,042 - fed_utils - INFO - decrypting key [features.4.weight].shape [torch.Size([64, 64, 5, 5])]
2024-11-19 04:46:49,043 - fed_utils - INFO - decrypting key [features.4.bias].shape [torch.Size([64])]
2024-11-19 04:46:49,050 - fed_utils - INFO - decrypting key [classifier.0.weight].shape [torch.Size([384, 4096])]
2024-11-19 04:46:49,050 - fed_utils - INFO - decrypting key [classifier.0.bias].shape [torch.Size([384])]
2024-11-19 04:46:49,050 - fed_utils - INFO - decrypting key [classifier.2.weight].shape [torch.Size([192, 384])]
2024-11-19 04:46:49,050 - fed_utils - INFO - decrypting key [classifier.2.bias].shape [torch.Size([192])]
2024-11-19 04:46:53,398 - fed_utils - INFO - decrypting key [classifier.4.weight].shape [torch.Size([10, 192])]
2024-11-19 04:46:53,421 - fed_utils - INFO - decrypting key [classifier.4.bias].shape [torch.Size([10])]
2024-11-19 04:46:53,421 - fed_utils - INFO - decrypt time : [0m:15s:394ms]
2024-11-19 04:46:53,487 - fl_main - INFO - [global round : 47] aggregated model accuracy : 0.7748
2024-11-19 04:46:53,487 - fl_main - INFO - [global round : 47] aggregated model loss : 0.006445953358652674
2024-11-19 04:46:53,488 - fl_main - INFO - global round : 48
2024-11-19 04:46:53,488 - fl_main - INFO - the random client id to test accuracy : f_00003
2024-11-19 04:46:53,488 - fl_main - INFO - ----- client id [f_00000] -----
2024-11-19 04:46:53,500 - fed_utils - INFO - init global model cost time : 0m:0s:11ms
2024-11-19 04:46:53,502 - client_base - INFO - recover model cost time : 0m:0s:0ms
2024-11-19 04:46:53,503 - fl_main - INFO - client_dict[f_00000] training ...
2024-11-19 04:46:53,511 - client_base - INFO - client_dict[f_00000] training epoch : 0
2024-11-19 04:47:02,765 - client_base - INFO - local model train cost time : 0m:9s:253ms
2024-11-19 04:47:02,767 - client_base - INFO - model encode time : 0m:0s:1ms
2024-11-19 04:47:02,767 - fl_main - INFO - client_dict[f_00000] local model encrypting ...
2024-11-19 04:47:40,722 - fed_utils - INFO - encrypting key [features.0.weight].length : 4800, cost time : 0m:37s:954ms
2024-11-19 04:47:41,237 - fed_utils - INFO - encrypting key [features.0.bias].length : 64, cost time : 0m:0s:514ms
2024-11-19 04:47:41,239 - fed_utils - INFO - load key [features.4.weight].length : 102400, cost time : 0m:0s:2ms
2024-11-19 04:47:41,239 - fed_utils - INFO - load key [features.4.bias].length : 64, cost time : 0m:0s:0ms
2024-11-19 04:47:41,270 - fed_utils - INFO - load key [classifier.0.weight].length : 1572864, cost time : 0m:0s:30ms
2024-11-19 04:47:41,270 - fed_utils - INFO - load key [classifier.0.bias].length : 384, cost time : 0m:0s:0ms
2024-11-19 04:47:41,272 - fed_utils - INFO - load key [classifier.2.weight].length : 73728, cost time : 0m:0s:2ms
2024-11-19 04:47:41,272 - fed_utils - INFO - load key [classifier.2.bias].length : 192, cost time : 0m:0s:0ms
2024-11-19 04:47:56,405 - fed_utils - INFO - encrypting key [classifier.4.weight].length : 1920, cost time : 0m:15s:132ms
2024-11-19 04:47:56,485 - fed_utils - INFO - encrypting key [classifier.4.bias].length : 10, cost time : 0m:0s:79ms
2024-11-19 04:47:56,513 - fl_main - INFO - Server receive client_dict[f_00000] info ...
2024-11-19 04:47:56,514 - fl_main - INFO - ----- client id [f_00001] -----
2024-11-19 04:47:56,524 - fed_utils - INFO - init global model cost time : 0m:0s:9ms
2024-11-19 04:47:56,526 - client_base - INFO - recover model cost time : 0m:0s:0ms
2024-11-19 04:47:56,526 - fl_main - INFO - client_dict[f_00001] training ...
2024-11-19 04:47:56,528 - client_base - INFO - client_dict[f_00001] training epoch : 0
2024-11-19 04:48:05,779 - client_base - INFO - local model train cost time : 0m:9s:251ms
2024-11-19 04:48:05,781 - client_base - INFO - model encode time : 0m:0s:1ms
2024-11-19 04:48:05,781 - fl_main - INFO - client_dict[f_00001] local model encrypting ...
2024-11-19 04:48:43,663 - fed_utils - INFO - encrypting key [features.0.weight].length : 4800, cost time : 0m:37s:881ms
2024-11-19 04:48:44,178 - fed_utils - INFO - encrypting key [features.0.bias].length : 64, cost time : 0m:0s:514ms
2024-11-19 04:48:44,180 - fed_utils - INFO - load key [features.4.weight].length : 102400, cost time : 0m:0s:2ms
2024-11-19 04:48:44,180 - fed_utils - INFO - load key [features.4.bias].length : 64, cost time : 0m:0s:0ms
2024-11-19 04:48:44,221 - fed_utils - INFO - load key [classifier.0.weight].length : 1572864, cost time : 0m:0s:40ms
2024-11-19 04:48:44,221 - fed_utils - INFO - load key [classifier.0.bias].length : 384, cost time : 0m:0s:0ms
2024-11-19 04:48:44,223 - fed_utils - INFO - load key [classifier.2.weight].length : 73728, cost time : 0m:0s:1ms
2024-11-19 04:48:44,223 - fed_utils - INFO - load key [classifier.2.bias].length : 192, cost time : 0m:0s:0ms
2024-11-19 04:48:59,346 - fed_utils - INFO - encrypting key [classifier.4.weight].length : 1920, cost time : 0m:15s:122ms
2024-11-19 04:48:59,425 - fed_utils - INFO - encrypting key [classifier.4.bias].length : 10, cost time : 0m:0s:79ms
2024-11-19 04:48:59,426 - fl_main - INFO - Server receive client_dict[f_00001] info ...
2024-11-19 04:48:59,426 - fl_main - INFO - ----- client id [f_00002] -----
2024-11-19 04:48:59,435 - fed_utils - INFO - init global model cost time : 0m:0s:9ms
2024-11-19 04:48:59,437 - client_base - INFO - recover model cost time : 0m:0s:0ms
2024-11-19 04:48:59,438 - fl_main - INFO - client_dict[f_00002] training ...
2024-11-19 04:48:59,439 - client_base - INFO - client_dict[f_00002] training epoch : 0
2024-11-19 04:49:08,724 - client_base - INFO - local model train cost time : 0m:9s:284ms
2024-11-19 04:49:08,725 - client_base - INFO - model encode time : 0m:0s:1ms
2024-11-19 04:49:08,726 - fl_main - INFO - client_dict[f_00002] local model encrypting ...
2024-11-19 04:49:46,567 - fed_utils - INFO - encrypting key [features.0.weight].length : 4800, cost time : 0m:37s:841ms
2024-11-19 04:49:47,082 - fed_utils - INFO - encrypting key [features.0.bias].length : 64, cost time : 0m:0s:514ms
2024-11-19 04:49:47,084 - fed_utils - INFO - load key [features.4.weight].length : 102400, cost time : 0m:0s:2ms
2024-11-19 04:49:47,084 - fed_utils - INFO - load key [features.4.bias].length : 64, cost time : 0m:0s:0ms
2024-11-19 04:49:47,125 - fed_utils - INFO - load key [classifier.0.weight].length : 1572864, cost time : 0m:0s:40ms
2024-11-19 04:49:47,125 - fed_utils - INFO - load key [classifier.0.bias].length : 384, cost time : 0m:0s:0ms
2024-11-19 04:49:47,127 - fed_utils - INFO - load key [classifier.2.weight].length : 73728, cost time : 0m:0s:1ms
2024-11-19 04:49:47,127 - fed_utils - INFO - load key [classifier.2.bias].length : 192, cost time : 0m:0s:0ms
2024-11-19 04:50:02,249 - fed_utils - INFO - encrypting key [classifier.4.weight].length : 1920, cost time : 0m:15s:122ms
2024-11-19 04:50:02,329 - fed_utils - INFO - encrypting key [classifier.4.bias].length : 10, cost time : 0m:0s:79ms
2024-11-19 04:50:02,329 - fl_main - INFO - Server receive client_dict[f_00002] info ...
2024-11-19 04:50:02,329 - fl_main - INFO - ----- client id [f_00003] -----
2024-11-19 04:50:02,338 - fed_utils - INFO - init global model cost time : 0m:0s:9ms
2024-11-19 04:50:02,340 - client_base - INFO - recover model cost time : 0m:0s:0ms
2024-11-19 04:50:04,813 - fl_main - INFO - global round [48] client_dict[f_00003].accuracy : 0.778700
2024-11-19 04:50:04,813 - fl_main - INFO - client_dict[f_00003] training ...
2024-11-19 04:50:04,814 - client_base - INFO - client_dict[f_00003] training epoch : 0
2024-11-19 04:50:14,031 - client_base - INFO - local model train cost time : 0m:9s:217ms
2024-11-19 04:50:14,033 - client_base - INFO - model encode time : 0m:0s:1ms
2024-11-19 04:50:14,033 - fl_main - INFO - client_dict[f_00003] local model encrypting ...
2024-11-19 04:50:51,852 - fed_utils - INFO - encrypting key [features.0.weight].length : 4800, cost time : 0m:37s:818ms
2024-11-19 04:50:52,367 - fed_utils - INFO - encrypting key [features.0.bias].length : 64, cost time : 0m:0s:514ms
2024-11-19 04:50:52,370 - fed_utils - INFO - load key [features.4.weight].length : 102400, cost time : 0m:0s:2ms
2024-11-19 04:50:52,370 - fed_utils - INFO - load key [features.4.bias].length : 64, cost time : 0m:0s:0ms
2024-11-19 04:50:52,409 - fed_utils - INFO - load key [classifier.0.weight].length : 1572864, cost time : 0m:0s:39ms
2024-11-19 04:50:52,410 - fed_utils - INFO - load key [classifier.0.bias].length : 384, cost time : 0m:0s:0ms
2024-11-19 04:50:52,412 - fed_utils - INFO - load key [classifier.2.weight].length : 73728, cost time : 0m:0s:1ms
2024-11-19 04:50:52,412 - fed_utils - INFO - load key [classifier.2.bias].length : 192, cost time : 0m:0s:0ms
2024-11-19 04:51:07,531 - fed_utils - INFO - encrypting key [classifier.4.weight].length : 1920, cost time : 0m:15s:118ms
2024-11-19 04:51:07,610 - fed_utils - INFO - encrypting key [classifier.4.bias].length : 10, cost time : 0m:0s:79ms
2024-11-19 04:51:07,610 - fl_main - INFO - Server receive client_dict[f_00003] info ...
2024-11-19 04:51:07,610 - fl_main - INFO - ----- client id [f_00004] -----
2024-11-19 04:51:07,620 - fed_utils - INFO - init global model cost time : 0m:0s:9ms
2024-11-19 04:51:07,622 - client_base - INFO - recover model cost time : 0m:0s:0ms
2024-11-19 04:51:07,622 - fl_main - INFO - client_dict[f_00004] training ...
2024-11-19 04:51:07,624 - client_base - INFO - client_dict[f_00004] training epoch : 0
2024-11-19 04:51:16,885 - client_base - INFO - local model train cost time : 0m:9s:260ms
2024-11-19 04:51:16,886 - client_base - INFO - model encode time : 0m:0s:1ms
2024-11-19 04:51:16,887 - fl_main - INFO - client_dict[f_00004] local model encrypting ...
2024-11-19 04:51:54,717 - fed_utils - INFO - encrypting key [features.0.weight].length : 4800, cost time : 0m:37s:830ms
2024-11-19 04:51:55,233 - fed_utils - INFO - encrypting key [features.0.bias].length : 64, cost time : 0m:0s:515ms
2024-11-19 04:51:55,235 - fed_utils - INFO - load key [features.4.weight].length : 102400, cost time : 0m:0s:2ms
2024-11-19 04:51:55,236 - fed_utils - INFO - load key [features.4.bias].length : 64, cost time : 0m:0s:0ms
2024-11-19 04:51:55,276 - fed_utils - INFO - load key [classifier.0.weight].length : 1572864, cost time : 0m:0s:40ms
2024-11-19 04:51:55,277 - fed_utils - INFO - load key [classifier.0.bias].length : 384, cost time : 0m:0s:0ms
2024-11-19 04:51:55,279 - fed_utils - INFO - load key [classifier.2.weight].length : 73728, cost time : 0m:0s:1ms
2024-11-19 04:51:55,279 - fed_utils - INFO - load key [classifier.2.bias].length : 192, cost time : 0m:0s:0ms
2024-11-19 04:52:10,411 - fed_utils - INFO - encrypting key [classifier.4.weight].length : 1920, cost time : 0m:15s:132ms
2024-11-19 04:52:10,491 - fed_utils - INFO - encrypting key [classifier.4.bias].length : 10, cost time : 0m:0s:79ms
2024-11-19 04:52:10,491 - fl_main - INFO - Server receive client_dict[f_00004] info ...
2024-11-19 04:52:10,491 - fl_main - INFO - global aggregation process ...
2024-11-19 04:52:10,492 - fed_utils - INFO - server.n_data : 50000
2024-11-19 04:52:10,492 - fed_utils - INFO - client_dict[f_00000].weight : 0.200000
2024-11-19 04:52:10,492 - fed_utils - INFO - client_dict[f_00001].weight : 0.200000
2024-11-19 04:52:10,492 - fed_utils - INFO - client_dict[f_00002].weight : 0.200000
2024-11-19 04:52:10,492 - fed_utils - INFO - client_dict[f_00003].weight : 0.200000
2024-11-19 04:52:10,492 - fed_utils - INFO - client_dict[f_00004].weight : 0.200000
2024-11-19 04:52:10,492 - fed_utils - INFO - recover secret number by clients: 3157279.000000
2024-11-19 04:52:10,492 - server_base - INFO - Server aggregate model with homomorphic encryption ...
2024-11-19 04:52:21,074 - server_base - INFO - Server aggregate model done, cost time : 0m:10s:581ms
2024-11-19 04:52:31,945 - fed_utils - INFO - decrypting key [features.0.weight].shape [torch.Size([64, 3, 5, 5])]
2024-11-19 04:52:32,091 - fed_utils - INFO - decrypting key [features.0.bias].shape [torch.Size([64])]
2024-11-19 04:52:32,091 - fed_utils - INFO - decrypting key [features.4.weight].shape [torch.Size([64, 64, 5, 5])]
2024-11-19 04:52:32,091 - fed_utils - INFO - decrypting key [features.4.bias].shape [torch.Size([64])]
2024-11-19 04:52:32,098 - fed_utils - INFO - decrypting key [classifier.0.weight].shape [torch.Size([384, 4096])]
2024-11-19 04:52:32,098 - fed_utils - INFO - decrypting key [classifier.0.bias].shape [torch.Size([384])]
2024-11-19 04:52:32,098 - fed_utils - INFO - decrypting key [classifier.2.weight].shape [torch.Size([192, 384])]
2024-11-19 04:52:32,098 - fed_utils - INFO - decrypting key [classifier.2.bias].shape [torch.Size([192])]
2024-11-19 04:52:36,447 - fed_utils - INFO - decrypting key [classifier.4.weight].shape [torch.Size([10, 192])]
2024-11-19 04:52:36,470 - fed_utils - INFO - decrypting key [classifier.4.bias].shape [torch.Size([10])]
2024-11-19 04:52:36,470 - fed_utils - INFO - decrypt time : [0m:15s:396ms]
2024-11-19 04:52:36,536 - fl_main - INFO - [global round : 48] aggregated model accuracy : 0.7787000000000001
2024-11-19 04:52:36,537 - fl_main - INFO - [global round : 48] aggregated model loss : 0.004301708118506753
2024-11-19 04:52:36,538 - fl_main - INFO - global round : 49
2024-11-19 04:52:36,538 - fl_main - INFO - the random client id to test accuracy : f_00001
2024-11-19 04:52:36,538 - fl_main - INFO - ----- client id [f_00000] -----
2024-11-19 04:52:36,550 - fed_utils - INFO - init global model cost time : 0m:0s:12ms
2024-11-19 04:52:36,552 - client_base - INFO - recover model cost time : 0m:0s:0ms
2024-11-19 04:52:36,553 - fl_main - INFO - client_dict[f_00000] training ...
2024-11-19 04:52:36,561 - client_base - INFO - client_dict[f_00000] training epoch : 0
2024-11-19 04:52:45,739 - client_base - INFO - local model train cost time : 0m:9s:178ms
2024-11-19 04:52:45,741 - client_base - INFO - model encode time : 0m:0s:1ms
2024-11-19 04:52:45,741 - fl_main - INFO - client_dict[f_00000] local model encrypting ...
2024-11-19 04:53:23,539 - fed_utils - INFO - encrypting key [features.0.weight].length : 4800, cost time : 0m:37s:798ms
2024-11-19 04:53:24,055 - fed_utils - INFO - encrypting key [features.0.bias].length : 64, cost time : 0m:0s:516ms
2024-11-19 04:53:24,058 - fed_utils - INFO - load key [features.4.weight].length : 102400, cost time : 0m:0s:2ms
2024-11-19 04:53:24,058 - fed_utils - INFO - load key [features.4.bias].length : 64, cost time : 0m:0s:0ms
2024-11-19 04:53:24,087 - fed_utils - INFO - load key [classifier.0.weight].length : 1572864, cost time : 0m:0s:29ms
2024-11-19 04:53:24,087 - fed_utils - INFO - load key [classifier.0.bias].length : 384, cost time : 0m:0s:0ms
2024-11-19 04:53:24,089 - fed_utils - INFO - load key [classifier.2.weight].length : 73728, cost time : 0m:0s:1ms
2024-11-19 04:53:24,089 - fed_utils - INFO - load key [classifier.2.bias].length : 192, cost time : 0m:0s:0ms
2024-11-19 04:53:39,210 - fed_utils - INFO - encrypting key [classifier.4.weight].length : 1920, cost time : 0m:15s:120ms
2024-11-19 04:53:39,289 - fed_utils - INFO - encrypting key [classifier.4.bias].length : 10, cost time : 0m:0s:79ms
2024-11-19 04:53:39,314 - fl_main - INFO - Server receive client_dict[f_00000] info ...
2024-11-19 04:53:39,314 - fl_main - INFO - ----- client id [f_00001] -----
2024-11-19 04:53:39,324 - fed_utils - INFO - init global model cost time : 0m:0s:10ms
2024-11-19 04:53:39,326 - client_base - INFO - recover model cost time : 0m:0s:0ms
2024-11-19 04:53:41,765 - fl_main - INFO - global round [49] client_dict[f_00001].accuracy : 0.775400
2024-11-19 04:53:41,765 - fl_main - INFO - client_dict[f_00001] training ...
2024-11-19 04:53:41,766 - client_base - INFO - client_dict[f_00001] training epoch : 0
2024-11-19 04:53:50,916 - client_base - INFO - local model train cost time : 0m:9s:150ms
2024-11-19 04:53:50,918 - client_base - INFO - model encode time : 0m:0s:1ms
2024-11-19 04:53:50,918 - fl_main - INFO - client_dict[f_00001] local model encrypting ...
2024-11-19 04:54:28,739 - fed_utils - INFO - encrypting key [features.0.weight].length : 4800, cost time : 0m:37s:820ms
2024-11-19 04:54:29,253 - fed_utils - INFO - encrypting key [features.0.bias].length : 64, cost time : 0m:0s:514ms
2024-11-19 04:54:29,256 - fed_utils - INFO - load key [features.4.weight].length : 102400, cost time : 0m:0s:2ms
2024-11-19 04:54:29,256 - fed_utils - INFO - load key [features.4.bias].length : 64, cost time : 0m:0s:0ms
2024-11-19 04:54:29,297 - fed_utils - INFO - load key [classifier.0.weight].length : 1572864, cost time : 0m:0s:40ms
2024-11-19 04:54:29,297 - fed_utils - INFO - load key [classifier.0.bias].length : 384, cost time : 0m:0s:0ms
2024-11-19 04:54:29,299 - fed_utils - INFO - load key [classifier.2.weight].length : 73728, cost time : 0m:0s:2ms
2024-11-19 04:54:29,299 - fed_utils - INFO - load key [classifier.2.bias].length : 192, cost time : 0m:0s:0ms
2024-11-19 04:54:44,422 - fed_utils - INFO - encrypting key [classifier.4.weight].length : 1920, cost time : 0m:15s:122ms
2024-11-19 04:54:44,501 - fed_utils - INFO - encrypting key [classifier.4.bias].length : 10, cost time : 0m:0s:79ms
2024-11-19 04:54:44,501 - fl_main - INFO - Server receive client_dict[f_00001] info ...
2024-11-19 04:54:44,501 - fl_main - INFO - ----- client id [f_00002] -----
2024-11-19 04:54:44,511 - fed_utils - INFO - init global model cost time : 0m:0s:9ms
2024-11-19 04:54:44,513 - client_base - INFO - recover model cost time : 0m:0s:0ms
2024-11-19 04:54:44,513 - fl_main - INFO - client_dict[f_00002] training ...
2024-11-19 04:54:44,515 - client_base - INFO - client_dict[f_00002] training epoch : 0
2024-11-19 04:54:53,686 - client_base - INFO - local model train cost time : 0m:9s:170ms
2024-11-19 04:54:53,687 - client_base - INFO - model encode time : 0m:0s:1ms
2024-11-19 04:54:53,688 - fl_main - INFO - client_dict[f_00002] local model encrypting ...
2024-11-19 04:55:31,528 - fed_utils - INFO - encrypting key [features.0.weight].length : 4800, cost time : 0m:37s:839ms
2024-11-19 04:55:32,044 - fed_utils - INFO - encrypting key [features.0.bias].length : 64, cost time : 0m:0s:515ms
2024-11-19 04:55:32,046 - fed_utils - INFO - load key [features.4.weight].length : 102400, cost time : 0m:0s:2ms
2024-11-19 04:55:32,046 - fed_utils - INFO - load key [features.4.bias].length : 64, cost time : 0m:0s:0ms
2024-11-19 04:55:32,087 - fed_utils - INFO - load key [classifier.0.weight].length : 1572864, cost time : 0m:0s:40ms
2024-11-19 04:55:32,087 - fed_utils - INFO - load key [classifier.0.bias].length : 384, cost time : 0m:0s:0ms
2024-11-19 04:55:32,089 - fed_utils - INFO - load key [classifier.2.weight].length : 73728, cost time : 0m:0s:1ms
2024-11-19 04:55:32,089 - fed_utils - INFO - load key [classifier.2.bias].length : 192, cost time : 0m:0s:0ms
2024-11-19 04:55:47,218 - fed_utils - INFO - encrypting key [classifier.4.weight].length : 1920, cost time : 0m:15s:128ms
2024-11-19 04:55:47,297 - fed_utils - INFO - encrypting key [classifier.4.bias].length : 10, cost time : 0m:0s:79ms
2024-11-19 04:55:47,297 - fl_main - INFO - Server receive client_dict[f_00002] info ...
2024-11-19 04:55:47,297 - fl_main - INFO - ----- client id [f_00003] -----
2024-11-19 04:55:47,307 - fed_utils - INFO - init global model cost time : 0m:0s:9ms
2024-11-19 04:55:47,308 - client_base - INFO - recover model cost time : 0m:0s:0ms
2024-11-19 04:55:47,309 - fl_main - INFO - client_dict[f_00003] training ...
2024-11-19 04:55:47,311 - client_base - INFO - client_dict[f_00003] training epoch : 0
2024-11-19 04:55:56,477 - client_base - INFO - local model train cost time : 0m:9s:166ms
2024-11-19 04:55:56,479 - client_base - INFO - model encode time : 0m:0s:1ms
2024-11-19 04:55:56,479 - fl_main - INFO - client_dict[f_00003] local model encrypting ...
2024-11-19 04:56:34,329 - fed_utils - INFO - encrypting key [features.0.weight].length : 4800, cost time : 0m:37s:849ms
2024-11-19 04:56:34,844 - fed_utils - INFO - encrypting key [features.0.bias].length : 64, cost time : 0m:0s:514ms
2024-11-19 04:56:34,847 - fed_utils - INFO - load key [features.4.weight].length : 102400, cost time : 0m:0s:2ms
2024-11-19 04:56:34,847 - fed_utils - INFO - load key [features.4.bias].length : 64, cost time : 0m:0s:0ms
2024-11-19 04:56:34,887 - fed_utils - INFO - load key [classifier.0.weight].length : 1572864, cost time : 0m:0s:39ms
2024-11-19 04:56:34,887 - fed_utils - INFO - load key [classifier.0.bias].length : 384, cost time : 0m:0s:0ms
2024-11-19 04:56:34,889 - fed_utils - INFO - load key [classifier.2.weight].length : 73728, cost time : 0m:0s:1ms
2024-11-19 04:56:34,889 - fed_utils - INFO - load key [classifier.2.bias].length : 192, cost time : 0m:0s:0ms
2024-11-19 04:56:50,015 - fed_utils - INFO - encrypting key [classifier.4.weight].length : 1920, cost time : 0m:15s:126ms
2024-11-19 04:56:50,094 - fed_utils - INFO - encrypting key [classifier.4.bias].length : 10, cost time : 0m:0s:79ms
2024-11-19 04:56:50,094 - fl_main - INFO - Server receive client_dict[f_00003] info ...
2024-11-19 04:56:50,094 - fl_main - INFO - ----- client id [f_00004] -----
2024-11-19 04:56:50,104 - fed_utils - INFO - init global model cost time : 0m:0s:9ms
2024-11-19 04:56:50,106 - client_base - INFO - recover model cost time : 0m:0s:0ms
2024-11-19 04:56:50,106 - fl_main - INFO - client_dict[f_00004] training ...
2024-11-19 04:56:50,108 - client_base - INFO - client_dict[f_00004] training epoch : 0
2024-11-19 04:56:59,272 - client_base - INFO - local model train cost time : 0m:9s:163ms
2024-11-19 04:56:59,273 - client_base - INFO - model encode time : 0m:0s:1ms
2024-11-19 04:56:59,274 - fl_main - INFO - client_dict[f_00004] local model encrypting ...
2024-11-19 04:57:37,073 - fed_utils - INFO - encrypting key [features.0.weight].length : 4800, cost time : 0m:37s:799ms
2024-11-19 04:57:37,587 - fed_utils - INFO - encrypting key [features.0.bias].length : 64, cost time : 0m:0s:513ms
2024-11-19 04:57:37,590 - fed_utils - INFO - load key [features.4.weight].length : 102400, cost time : 0m:0s:2ms
2024-11-19 04:57:37,590 - fed_utils - INFO - load key [features.4.bias].length : 64, cost time : 0m:0s:0ms
2024-11-19 04:57:37,629 - fed_utils - INFO - load key [classifier.0.weight].length : 1572864, cost time : 0m:0s:39ms
2024-11-19 04:57:37,630 - fed_utils - INFO - load key [classifier.0.bias].length : 384, cost time : 0m:0s:0ms
2024-11-19 04:57:37,631 - fed_utils - INFO - load key [classifier.2.weight].length : 73728, cost time : 0m:0s:1ms
2024-11-19 04:57:37,632 - fed_utils - INFO - load key [classifier.2.bias].length : 192, cost time : 0m:0s:0ms
2024-11-19 04:57:52,758 - fed_utils - INFO - encrypting key [classifier.4.weight].length : 1920, cost time : 0m:15s:126ms
2024-11-19 04:57:52,838 - fed_utils - INFO - encrypting key [classifier.4.bias].length : 10, cost time : 0m:0s:79ms
2024-11-19 04:57:52,838 - fl_main - INFO - Server receive client_dict[f_00004] info ...
2024-11-19 04:57:52,838 - fl_main - INFO - global aggregation process ...
2024-11-19 04:57:52,838 - fed_utils - INFO - server.n_data : 50000
2024-11-19 04:57:52,838 - fed_utils - INFO - client_dict[f_00000].weight : 0.200000
2024-11-19 04:57:52,838 - fed_utils - INFO - client_dict[f_00001].weight : 0.200000
2024-11-19 04:57:52,838 - fed_utils - INFO - client_dict[f_00002].weight : 0.200000
2024-11-19 04:57:52,838 - fed_utils - INFO - client_dict[f_00003].weight : 0.200000
2024-11-19 04:57:52,838 - fed_utils - INFO - client_dict[f_00004].weight : 0.200000
2024-11-19 04:57:52,838 - fed_utils - INFO - recover secret number by clients: 3157279.000000
2024-11-19 04:57:52,839 - server_base - INFO - Server aggregate model with homomorphic encryption ...
2024-11-19 04:58:03,414 - server_base - INFO - Server aggregate model done, cost time : 0m:10s:575ms
2024-11-19 04:58:14,283 - fed_utils - INFO - decrypting key [features.0.weight].shape [torch.Size([64, 3, 5, 5])]
2024-11-19 04:58:14,429 - fed_utils - INFO - decrypting key [features.0.bias].shape [torch.Size([64])]
2024-11-19 04:58:14,429 - fed_utils - INFO - decrypting key [features.4.weight].shape [torch.Size([64, 64, 5, 5])]
2024-11-19 04:58:14,429 - fed_utils - INFO - decrypting key [features.4.bias].shape [torch.Size([64])]
2024-11-19 04:58:14,436 - fed_utils - INFO - decrypting key [classifier.0.weight].shape [torch.Size([384, 4096])]
2024-11-19 04:58:14,436 - fed_utils - INFO - decrypting key [classifier.0.bias].shape [torch.Size([384])]
2024-11-19 04:58:14,437 - fed_utils - INFO - decrypting key [classifier.2.weight].shape [torch.Size([192, 384])]
2024-11-19 04:58:14,437 - fed_utils - INFO - decrypting key [classifier.2.bias].shape [torch.Size([192])]
2024-11-19 04:58:18,785 - fed_utils - INFO - decrypting key [classifier.4.weight].shape [torch.Size([10, 192])]
2024-11-19 04:58:18,808 - fed_utils - INFO - decrypting key [classifier.4.bias].shape [torch.Size([10])]
2024-11-19 04:58:18,808 - fed_utils - INFO - decrypt time : [0m:15s:393ms]
2024-11-19 04:58:18,874 - fl_main - INFO - [global round : 49] aggregated model accuracy : 0.7754000000000001
2024-11-19 04:58:18,874 - fl_main - INFO - [global round : 49] aggregated model loss : 0.065201338405127
2024-11-19 04:58:18,875 - fl_main - INFO - global round : 50
2024-11-19 04:58:18,876 - fl_main - INFO - the random client id to test accuracy : f_00000
2024-11-19 04:58:18,876 - fl_main - INFO - ----- client id [f_00000] -----
2024-11-19 04:58:18,888 - fed_utils - INFO - init global model cost time : 0m:0s:12ms
2024-11-19 04:58:18,890 - client_base - INFO - recover model cost time : 0m:0s:0ms
2024-11-19 04:58:21,361 - fl_main - INFO - global round [50] client_dict[f_00000].accuracy : 0.777500
2024-11-19 04:58:23,793 - fl_main - INFO - Final accuracy : 0.777500
