2024-11-15 00:01:24,965 - fl_main - INFO - data divide is iid
2024-11-15 00:01:25,011 - fed_utils - INFO - generating secret number and splitting it ...
2024-11-15 00:01:25,011 - fed_utils - INFO - secret_number : 3612.000000
2024-11-15 00:01:25,011 - fed_utils - INFO - client_dict[f_00000].share : 36.000000
2024-11-15 00:01:25,011 - fed_utils - INFO - client_dict[f_00001].share : 1910.000000
2024-11-15 00:01:25,011 - fed_utils - INFO - client_dict[f_00002].share : 167.000000
2024-11-15 00:01:25,011 - fed_utils - INFO - client_dict[f_00003].share : 1424.000000
2024-11-15 00:01:25,011 - fed_utils - INFO - client_dict[f_00004].share : 75.000000
2024-11-15 00:01:25,011 - server_base - INFO - Server set model shape and dtype ...
2024-11-15 00:01:25,011 - server_base - INFO - Server generate pk and sk ...
2024-11-15 00:01:25,032 - server_base - INFO - Server generate pk and sk done, time : 0m:0s:20ms
2024-11-15 00:01:25,032 - server_base - INFO - Public key : <PaillierPublicKey 62517d8e8e>
2024-11-15 00:01:25,032 - server_base - INFO - Private key : <PaillierPrivateKey for <PaillierPublicKey 62517d8e8e>>
2024-11-15 00:01:25,033 - fl_main - INFO - Training process start ...
2024-11-15 00:01:25,033 - fl_main - INFO - global round : 0
2024-11-15 00:01:25,033 - fl_main - INFO - the random client id to test accuracy : f_00000
2024-11-15 00:01:25,033 - fl_main - INFO - ----- client id [f_00000] -----
2024-11-15 00:01:25,034 - fl_main - INFO - client_dict[f_00000] training ...
2024-11-15 00:01:27,552 - client_base - INFO - client_dict[f_00000] training epoch : 0
2024-11-15 00:01:28,581 - client_base - INFO - local model train cost time : 0m:1s:29ms
2024-11-15 00:01:28,583 - client_base - INFO - model encode time : 0m:0s:1ms
2024-11-15 00:01:28,583 - fl_main - INFO - client_dict[f_00000] local model encrypting ...
2024-11-15 00:01:29,779 - fed_utils - INFO - encrypting key [conv1.weight].length : 150, cost time : 0m:1s:195ms
2024-11-15 00:01:29,827 - fed_utils - INFO - encrypting key [conv1.bias].length : 6, cost time : 0m:0s:47ms
2024-11-15 00:01:29,827 - fed_utils - INFO - load key [conv2.weight].length : 2400, cost time : 0m:0s:0ms
2024-11-15 00:01:29,827 - fed_utils - INFO - load key [conv2.bias].length : 16, cost time : 0m:0s:0ms
2024-11-15 00:01:29,828 - fed_utils - INFO - load key [fc1.weight].length : 48000, cost time : 0m:0s:1ms
2024-11-15 00:01:29,828 - fed_utils - INFO - load key [fc1.bias].length : 120, cost time : 0m:0s:0ms
2024-11-15 00:01:29,829 - fed_utils - INFO - load key [fc2.weight].length : 10080, cost time : 0m:0s:0ms
2024-11-15 00:01:29,829 - fed_utils - INFO - load key [fc2.bias].length : 84, cost time : 0m:0s:0ms
2024-11-15 00:01:36,734 - fed_utils - INFO - encrypting key [fc3.weight].length : 840, cost time : 0m:6s:904ms
2024-11-15 00:01:36,814 - fed_utils - INFO - encrypting key [fc3.bias].length : 10, cost time : 0m:0s:80ms
2024-11-15 00:01:36,814 - fl_main - INFO - Server receive client_dict[f_00000] info ...
2024-11-15 00:01:36,814 - fl_main - INFO - ----- client id [f_00001] -----
2024-11-15 00:01:36,815 - fl_main - INFO - client_dict[f_00001] training ...
2024-11-15 00:01:36,816 - client_base - INFO - client_dict[f_00001] training epoch : 0
2024-11-15 00:01:37,575 - client_base - INFO - local model train cost time : 0m:0s:759ms
2024-11-15 00:01:37,576 - client_base - INFO - model encode time : 0m:0s:1ms
2024-11-15 00:01:37,577 - fl_main - INFO - client_dict[f_00001] local model encrypting ...
2024-11-15 00:01:38,766 - fed_utils - INFO - encrypting key [conv1.weight].length : 150, cost time : 0m:1s:188ms
2024-11-15 00:01:38,814 - fed_utils - INFO - encrypting key [conv1.bias].length : 6, cost time : 0m:0s:48ms
2024-11-15 00:01:38,814 - fed_utils - INFO - load key [conv2.weight].length : 2400, cost time : 0m:0s:0ms
2024-11-15 00:01:38,814 - fed_utils - INFO - load key [conv2.bias].length : 16, cost time : 0m:0s:0ms
2024-11-15 00:01:38,815 - fed_utils - INFO - load key [fc1.weight].length : 48000, cost time : 0m:0s:1ms
2024-11-15 00:01:38,815 - fed_utils - INFO - load key [fc1.bias].length : 120, cost time : 0m:0s:0ms
2024-11-15 00:01:38,816 - fed_utils - INFO - load key [fc2.weight].length : 10080, cost time : 0m:0s:0ms
2024-11-15 00:01:38,816 - fed_utils - INFO - load key [fc2.bias].length : 84, cost time : 0m:0s:0ms
2024-11-15 00:01:45,457 - fed_utils - INFO - encrypting key [fc3.weight].length : 840, cost time : 0m:6s:641ms
2024-11-15 00:01:45,537 - fed_utils - INFO - encrypting key [fc3.bias].length : 10, cost time : 0m:0s:79ms
2024-11-15 00:01:45,537 - fl_main - INFO - Server receive client_dict[f_00001] info ...
2024-11-15 00:01:45,537 - fl_main - INFO - ----- client id [f_00002] -----
2024-11-15 00:01:45,538 - fl_main - INFO - client_dict[f_00002] training ...
2024-11-15 00:01:45,539 - client_base - INFO - client_dict[f_00002] training epoch : 0
2024-11-15 00:01:46,293 - client_base - INFO - local model train cost time : 0m:0s:754ms
2024-11-15 00:01:46,296 - client_base - INFO - model encode time : 0m:0s:2ms
2024-11-15 00:01:46,296 - fl_main - INFO - client_dict[f_00002] local model encrypting ...
2024-11-15 00:01:47,617 - fed_utils - INFO - encrypting key [conv1.weight].length : 150, cost time : 0m:1s:320ms
2024-11-15 00:01:47,665 - fed_utils - INFO - encrypting key [conv1.bias].length : 6, cost time : 0m:0s:47ms
2024-11-15 00:01:47,665 - fed_utils - INFO - load key [conv2.weight].length : 2400, cost time : 0m:0s:0ms
2024-11-15 00:01:47,665 - fed_utils - INFO - load key [conv2.bias].length : 16, cost time : 0m:0s:0ms
2024-11-15 00:01:47,666 - fed_utils - INFO - load key [fc1.weight].length : 48000, cost time : 0m:0s:1ms
2024-11-15 00:01:47,666 - fed_utils - INFO - load key [fc1.bias].length : 120, cost time : 0m:0s:0ms
2024-11-15 00:01:47,667 - fed_utils - INFO - load key [fc2.weight].length : 10080, cost time : 0m:0s:0ms
2024-11-15 00:01:47,667 - fed_utils - INFO - load key [fc2.bias].length : 84, cost time : 0m:0s:0ms
2024-11-15 00:01:54,312 - fed_utils - INFO - encrypting key [fc3.weight].length : 840, cost time : 0m:6s:644ms
2024-11-15 00:01:54,391 - fed_utils - INFO - encrypting key [fc3.bias].length : 10, cost time : 0m:0s:79ms
2024-11-15 00:01:54,391 - fl_main - INFO - Server receive client_dict[f_00002] info ...
2024-11-15 00:01:54,391 - fl_main - INFO - ----- client id [f_00003] -----
2024-11-15 00:01:54,392 - fl_main - INFO - client_dict[f_00003] training ...
2024-11-15 00:01:54,393 - client_base - INFO - client_dict[f_00003] training epoch : 0
2024-11-15 00:01:55,153 - client_base - INFO - local model train cost time : 0m:0s:759ms
2024-11-15 00:01:55,154 - client_base - INFO - model encode time : 0m:0s:1ms
2024-11-15 00:01:55,154 - fl_main - INFO - client_dict[f_00003] local model encrypting ...
2024-11-15 00:01:56,340 - fed_utils - INFO - encrypting key [conv1.weight].length : 150, cost time : 0m:1s:185ms
2024-11-15 00:01:56,388 - fed_utils - INFO - encrypting key [conv1.bias].length : 6, cost time : 0m:0s:48ms
2024-11-15 00:01:56,389 - fed_utils - INFO - load key [conv2.weight].length : 2400, cost time : 0m:0s:0ms
2024-11-15 00:01:56,389 - fed_utils - INFO - load key [conv2.bias].length : 16, cost time : 0m:0s:0ms
2024-11-15 00:01:56,390 - fed_utils - INFO - load key [fc1.weight].length : 48000, cost time : 0m:0s:1ms
2024-11-15 00:01:56,390 - fed_utils - INFO - load key [fc1.bias].length : 120, cost time : 0m:0s:0ms
2024-11-15 00:01:56,390 - fed_utils - INFO - load key [fc2.weight].length : 10080, cost time : 0m:0s:0ms
2024-11-15 00:01:56,390 - fed_utils - INFO - load key [fc2.bias].length : 84, cost time : 0m:0s:0ms
2024-11-15 00:02:03,176 - fed_utils - INFO - encrypting key [fc3.weight].length : 840, cost time : 0m:6s:786ms
2024-11-15 00:02:03,256 - fed_utils - INFO - encrypting key [fc3.bias].length : 10, cost time : 0m:0s:79ms
2024-11-15 00:02:03,256 - fl_main - INFO - Server receive client_dict[f_00003] info ...
2024-11-15 00:02:03,256 - fl_main - INFO - ----- client id [f_00004] -----
2024-11-15 00:02:03,257 - fl_main - INFO - client_dict[f_00004] training ...
2024-11-15 00:02:03,258 - client_base - INFO - client_dict[f_00004] training epoch : 0
2024-11-15 00:02:03,998 - client_base - INFO - local model train cost time : 0m:0s:740ms
2024-11-15 00:02:03,999 - client_base - INFO - model encode time : 0m:0s:1ms
2024-11-15 00:02:04,000 - fl_main - INFO - client_dict[f_00004] local model encrypting ...
2024-11-15 00:02:05,186 - fed_utils - INFO - encrypting key [conv1.weight].length : 150, cost time : 0m:1s:186ms
2024-11-15 00:02:05,234 - fed_utils - INFO - encrypting key [conv1.bias].length : 6, cost time : 0m:0s:48ms
2024-11-15 00:02:05,234 - fed_utils - INFO - load key [conv2.weight].length : 2400, cost time : 0m:0s:0ms
2024-11-15 00:02:05,234 - fed_utils - INFO - load key [conv2.bias].length : 16, cost time : 0m:0s:0ms
2024-11-15 00:02:05,236 - fed_utils - INFO - load key [fc1.weight].length : 48000, cost time : 0m:0s:1ms
2024-11-15 00:02:05,236 - fed_utils - INFO - load key [fc1.bias].length : 120, cost time : 0m:0s:0ms
2024-11-15 00:02:05,236 - fed_utils - INFO - load key [fc2.weight].length : 10080, cost time : 0m:0s:0ms
2024-11-15 00:02:05,236 - fed_utils - INFO - load key [fc2.bias].length : 84, cost time : 0m:0s:0ms
2024-11-15 00:02:11,883 - fed_utils - INFO - encrypting key [fc3.weight].length : 840, cost time : 0m:6s:646ms
2024-11-15 00:02:11,962 - fed_utils - INFO - encrypting key [fc3.bias].length : 10, cost time : 0m:0s:79ms
2024-11-15 00:02:11,962 - fl_main - INFO - Server receive client_dict[f_00004] info ...
2024-11-15 00:02:11,962 - fl_main - INFO - global aggregation process ...
2024-11-15 00:02:11,963 - fed_utils - INFO - server.n_data : 60000
2024-11-15 00:02:11,963 - fed_utils - INFO - client_dict[f_00000].weight : 0.200000
2024-11-15 00:02:11,963 - fed_utils - INFO - client_dict[f_00001].weight : 0.200000
2024-11-15 00:02:11,963 - fed_utils - INFO - client_dict[f_00002].weight : 0.200000
2024-11-15 00:02:11,963 - fed_utils - INFO - client_dict[f_00003].weight : 0.200000
2024-11-15 00:02:11,963 - fed_utils - INFO - client_dict[f_00004].weight : 0.200000
2024-11-15 00:02:11,963 - fed_utils - INFO - recover secret number by clients: 722.400000
2024-11-15 00:02:11,963 - server_base - INFO - Server aggregate model with homomorphic encryption ...
2024-11-15 00:02:13,404 - server_base - INFO - Server aggregate model done, cost time : 0m:1s:441ms
2024-11-15 00:02:13,746 - fed_utils - INFO - decrypting key [conv1.weight].shape [torch.Size([6, 1, 5, 5])]
2024-11-15 00:02:13,760 - fed_utils - INFO - decrypting key [conv1.bias].shape [torch.Size([6])]
2024-11-15 00:02:13,760 - fed_utils - INFO - decrypting key [conv2.weight].shape [torch.Size([16, 6, 5, 5])]
2024-11-15 00:02:13,760 - fed_utils - INFO - decrypting key [conv2.bias].shape [torch.Size([16])]
2024-11-15 00:02:13,760 - fed_utils - INFO - decrypting key [fc1.weight].shape [torch.Size([120, 400])]
2024-11-15 00:02:13,760 - fed_utils - INFO - decrypting key [fc1.bias].shape [torch.Size([120])]
2024-11-15 00:02:13,760 - fed_utils - INFO - decrypting key [fc2.weight].shape [torch.Size([84, 120])]
2024-11-15 00:02:13,760 - fed_utils - INFO - decrypting key [fc2.bias].shape [torch.Size([84])]
2024-11-15 00:02:15,675 - fed_utils - INFO - decrypting key [fc3.weight].shape [torch.Size([10, 84])]
2024-11-15 00:02:15,698 - fed_utils - INFO - decrypting key [fc3.bias].shape [torch.Size([10])]
2024-11-15 00:02:15,698 - fed_utils - INFO - decrypt time : [0m:2s:293ms]
2024-11-15 00:02:15,700 - fl_main - INFO - [global round : 0] aggregated model loss : 2.2469624370648495
2024-11-15 00:02:15,701 - fl_main - INFO - global round : 1
2024-11-15 00:02:15,701 - fl_main - INFO - the random client id to test accuracy : f_00004
2024-11-15 00:02:15,701 - fl_main - INFO - ----- client id [f_00000] -----
2024-11-15 00:02:15,702 - client_base - INFO - recover model cost time : 0m:0s:0ms
2024-11-15 00:02:15,702 - fl_main - INFO - client_dict[f_00000] training ...
2024-11-15 00:02:15,703 - client_base - INFO - client_dict[f_00000] training epoch : 0
2024-11-15 00:02:16,589 - client_base - INFO - local model train cost time : 0m:0s:886ms
2024-11-15 00:02:16,591 - client_base - INFO - model encode time : 0m:0s:2ms
2024-11-15 00:02:16,592 - fl_main - INFO - client_dict[f_00000] local model encrypting ...
2024-11-15 00:02:17,819 - fed_utils - INFO - encrypting key [conv1.weight].length : 150, cost time : 0m:1s:227ms
2024-11-15 00:02:17,867 - fed_utils - INFO - encrypting key [conv1.bias].length : 6, cost time : 0m:0s:47ms
2024-11-15 00:02:17,867 - fed_utils - INFO - load key [conv2.weight].length : 2400, cost time : 0m:0s:0ms
2024-11-15 00:02:17,867 - fed_utils - INFO - load key [conv2.bias].length : 16, cost time : 0m:0s:0ms
2024-11-15 00:02:17,868 - fed_utils - INFO - load key [fc1.weight].length : 48000, cost time : 0m:0s:0ms
2024-11-15 00:02:17,868 - fed_utils - INFO - load key [fc1.bias].length : 120, cost time : 0m:0s:0ms
2024-11-15 00:02:17,868 - fed_utils - INFO - load key [fc2.weight].length : 10080, cost time : 0m:0s:0ms
2024-11-15 00:02:17,868 - fed_utils - INFO - load key [fc2.bias].length : 84, cost time : 0m:0s:0ms
2024-11-15 00:02:24,514 - fed_utils - INFO - encrypting key [fc3.weight].length : 840, cost time : 0m:6s:646ms
2024-11-15 00:02:24,594 - fed_utils - INFO - encrypting key [fc3.bias].length : 10, cost time : 0m:0s:79ms
2024-11-15 00:02:24,595 - fl_main - INFO - Server receive client_dict[f_00000] info ...
2024-11-15 00:02:24,595 - fl_main - INFO - ----- client id [f_00001] -----
2024-11-15 00:02:24,596 - client_base - INFO - recover model cost time : 0m:0s:0ms
2024-11-15 00:02:24,596 - fl_main - INFO - client_dict[f_00001] training ...
2024-11-15 00:02:24,597 - client_base - INFO - client_dict[f_00001] training epoch : 0
2024-11-15 00:02:25,344 - client_base - INFO - local model train cost time : 0m:0s:747ms
2024-11-15 00:02:25,346 - client_base - INFO - model encode time : 0m:0s:1ms
2024-11-15 00:02:25,346 - fl_main - INFO - client_dict[f_00001] local model encrypting ...
2024-11-15 00:02:26,532 - fed_utils - INFO - encrypting key [conv1.weight].length : 150, cost time : 0m:1s:186ms
2024-11-15 00:02:26,580 - fed_utils - INFO - encrypting key [conv1.bias].length : 6, cost time : 0m:0s:47ms
2024-11-15 00:02:26,581 - fed_utils - INFO - load key [conv2.weight].length : 2400, cost time : 0m:0s:0ms
2024-11-15 00:02:26,581 - fed_utils - INFO - load key [conv2.bias].length : 16, cost time : 0m:0s:0ms
2024-11-15 00:02:26,582 - fed_utils - INFO - load key [fc1.weight].length : 48000, cost time : 0m:0s:0ms
2024-11-15 00:02:26,582 - fed_utils - INFO - load key [fc1.bias].length : 120, cost time : 0m:0s:0ms
2024-11-15 00:02:26,582 - fed_utils - INFO - load key [fc2.weight].length : 10080, cost time : 0m:0s:0ms
2024-11-15 00:02:26,582 - fed_utils - INFO - load key [fc2.bias].length : 84, cost time : 0m:0s:0ms
2024-11-15 00:02:33,347 - fed_utils - INFO - encrypting key [fc3.weight].length : 840, cost time : 0m:6s:764ms
2024-11-15 00:02:33,426 - fed_utils - INFO - encrypting key [fc3.bias].length : 10, cost time : 0m:0s:79ms
2024-11-15 00:02:33,426 - fl_main - INFO - Server receive client_dict[f_00001] info ...
2024-11-15 00:02:33,427 - fl_main - INFO - ----- client id [f_00002] -----
2024-11-15 00:02:33,428 - client_base - INFO - recover model cost time : 0m:0s:0ms
2024-11-15 00:02:33,428 - fl_main - INFO - client_dict[f_00002] training ...
2024-11-15 00:02:33,428 - client_base - INFO - client_dict[f_00002] training epoch : 0
2024-11-15 00:02:34,187 - client_base - INFO - local model train cost time : 0m:0s:758ms
2024-11-15 00:02:34,188 - client_base - INFO - model encode time : 0m:0s:1ms
2024-11-15 00:02:34,189 - fl_main - INFO - client_dict[f_00002] local model encrypting ...
2024-11-15 00:02:35,377 - fed_utils - INFO - encrypting key [conv1.weight].length : 150, cost time : 0m:1s:188ms
2024-11-15 00:02:35,425 - fed_utils - INFO - encrypting key [conv1.bias].length : 6, cost time : 0m:0s:47ms
2024-11-15 00:02:35,425 - fed_utils - INFO - load key [conv2.weight].length : 2400, cost time : 0m:0s:0ms
2024-11-15 00:02:35,425 - fed_utils - INFO - load key [conv2.bias].length : 16, cost time : 0m:0s:0ms
2024-11-15 00:02:35,426 - fed_utils - INFO - load key [fc1.weight].length : 48000, cost time : 0m:0s:1ms
2024-11-15 00:02:35,426 - fed_utils - INFO - load key [fc1.bias].length : 120, cost time : 0m:0s:0ms
2024-11-15 00:02:35,427 - fed_utils - INFO - load key [fc2.weight].length : 10080, cost time : 0m:0s:0ms
2024-11-15 00:02:35,427 - fed_utils - INFO - load key [fc2.bias].length : 84, cost time : 0m:0s:0ms
2024-11-15 00:02:42,074 - fed_utils - INFO - encrypting key [fc3.weight].length : 840, cost time : 0m:6s:647ms
2024-11-15 00:02:42,155 - fed_utils - INFO - encrypting key [fc3.bias].length : 10, cost time : 0m:0s:80ms
2024-11-15 00:02:42,155 - fl_main - INFO - Server receive client_dict[f_00002] info ...
2024-11-15 00:02:42,155 - fl_main - INFO - ----- client id [f_00003] -----
2024-11-15 00:02:42,156 - client_base - INFO - recover model cost time : 0m:0s:0ms
2024-11-15 00:02:42,156 - fl_main - INFO - client_dict[f_00003] training ...
2024-11-15 00:02:42,157 - client_base - INFO - client_dict[f_00003] training epoch : 0
2024-11-15 00:02:42,903 - client_base - INFO - local model train cost time : 0m:0s:745ms
2024-11-15 00:02:42,904 - client_base - INFO - model encode time : 0m:0s:1ms
2024-11-15 00:02:42,905 - fl_main - INFO - client_dict[f_00003] local model encrypting ...
2024-11-15 00:02:44,091 - fed_utils - INFO - encrypting key [conv1.weight].length : 150, cost time : 0m:1s:185ms
2024-11-15 00:02:44,139 - fed_utils - INFO - encrypting key [conv1.bias].length : 6, cost time : 0m:0s:47ms
2024-11-15 00:02:44,139 - fed_utils - INFO - load key [conv2.weight].length : 2400, cost time : 0m:0s:0ms
2024-11-15 00:02:44,139 - fed_utils - INFO - load key [conv2.bias].length : 16, cost time : 0m:0s:0ms
2024-11-15 00:02:44,140 - fed_utils - INFO - load key [fc1.weight].length : 48000, cost time : 0m:0s:1ms
2024-11-15 00:02:44,140 - fed_utils - INFO - load key [fc1.bias].length : 120, cost time : 0m:0s:0ms
2024-11-15 00:02:44,140 - fed_utils - INFO - load key [fc2.weight].length : 10080, cost time : 0m:0s:0ms
2024-11-15 00:02:44,141 - fed_utils - INFO - load key [fc2.bias].length : 84, cost time : 0m:0s:0ms
2024-11-15 00:02:50,945 - fed_utils - INFO - encrypting key [fc3.weight].length : 840, cost time : 0m:6s:804ms
2024-11-15 00:02:51,025 - fed_utils - INFO - encrypting key [fc3.bias].length : 10, cost time : 0m:0s:79ms
2024-11-15 00:02:51,025 - fl_main - INFO - Server receive client_dict[f_00003] info ...
2024-11-15 00:02:51,025 - fl_main - INFO - ----- client id [f_00004] -----
2024-11-15 00:02:51,026 - client_base - INFO - recover model cost time : 0m:0s:0ms
2024-11-15 00:02:51,833 - fl_main - INFO - global round [1] client_dict[f_00004].accuracy : 0.370400
2024-11-15 00:02:51,833 - fl_main - INFO - client_dict[f_00004] training ...
2024-11-15 00:02:51,833 - client_base - INFO - client_dict[f_00004] training epoch : 0
2024-11-15 00:02:52,595 - client_base - INFO - local model train cost time : 0m:0s:761ms
2024-11-15 00:02:52,597 - client_base - INFO - model encode time : 0m:0s:1ms
2024-11-15 00:02:52,597 - fl_main - INFO - client_dict[f_00004] local model encrypting ...
2024-11-15 00:02:53,785 - fed_utils - INFO - encrypting key [conv1.weight].length : 150, cost time : 0m:1s:187ms
2024-11-15 00:02:53,833 - fed_utils - INFO - encrypting key [conv1.bias].length : 6, cost time : 0m:0s:48ms
2024-11-15 00:02:53,833 - fed_utils - INFO - load key [conv2.weight].length : 2400, cost time : 0m:0s:0ms
2024-11-15 00:02:53,833 - fed_utils - INFO - load key [conv2.bias].length : 16, cost time : 0m:0s:0ms
2024-11-15 00:02:53,834 - fed_utils - INFO - load key [fc1.weight].length : 48000, cost time : 0m:0s:1ms
2024-11-15 00:02:53,834 - fed_utils - INFO - load key [fc1.bias].length : 120, cost time : 0m:0s:0ms
2024-11-15 00:02:53,835 - fed_utils - INFO - load key [fc2.weight].length : 10080, cost time : 0m:0s:0ms
2024-11-15 00:02:53,835 - fed_utils - INFO - load key [fc2.bias].length : 84, cost time : 0m:0s:0ms
2024-11-15 00:03:00,477 - fed_utils - INFO - encrypting key [fc3.weight].length : 840, cost time : 0m:6s:642ms
2024-11-15 00:03:00,557 - fed_utils - INFO - encrypting key [fc3.bias].length : 10, cost time : 0m:0s:79ms
2024-11-15 00:03:00,557 - fl_main - INFO - Server receive client_dict[f_00004] info ...
2024-11-15 00:03:00,557 - fl_main - INFO - global aggregation process ...
2024-11-15 00:03:00,557 - fed_utils - INFO - server.n_data : 60000
2024-11-15 00:03:00,557 - fed_utils - INFO - client_dict[f_00000].weight : 0.200000
2024-11-15 00:03:00,557 - fed_utils - INFO - client_dict[f_00001].weight : 0.200000
2024-11-15 00:03:00,557 - fed_utils - INFO - client_dict[f_00002].weight : 0.200000
2024-11-15 00:03:00,557 - fed_utils - INFO - client_dict[f_00003].weight : 0.200000
2024-11-15 00:03:00,557 - fed_utils - INFO - client_dict[f_00004].weight : 0.200000
2024-11-15 00:03:00,557 - fed_utils - INFO - recover secret number by clients: 722.400000
2024-11-15 00:03:00,557 - server_base - INFO - Server aggregate model with homomorphic encryption ...
2024-11-15 00:03:02,129 - server_base - INFO - Server aggregate model done, cost time : 0m:1s:571ms
2024-11-15 00:03:02,470 - fed_utils - INFO - decrypting key [conv1.weight].shape [torch.Size([6, 1, 5, 5])]
2024-11-15 00:03:02,484 - fed_utils - INFO - decrypting key [conv1.bias].shape [torch.Size([6])]
2024-11-15 00:03:02,484 - fed_utils - INFO - decrypting key [conv2.weight].shape [torch.Size([16, 6, 5, 5])]
2024-11-15 00:03:02,484 - fed_utils - INFO - decrypting key [conv2.bias].shape [torch.Size([16])]
2024-11-15 00:03:02,485 - fed_utils - INFO - decrypting key [fc1.weight].shape [torch.Size([120, 400])]
2024-11-15 00:03:02,485 - fed_utils - INFO - decrypting key [fc1.bias].shape [torch.Size([120])]
2024-11-15 00:03:02,485 - fed_utils - INFO - decrypting key [fc2.weight].shape [torch.Size([84, 120])]
2024-11-15 00:03:02,485 - fed_utils - INFO - decrypting key [fc2.bias].shape [torch.Size([84])]
2024-11-15 00:03:04,398 - fed_utils - INFO - decrypting key [fc3.weight].shape [torch.Size([10, 84])]
2024-11-15 00:03:04,421 - fed_utils - INFO - decrypting key [fc3.bias].shape [torch.Size([10])]
2024-11-15 00:03:04,421 - fed_utils - INFO - decrypt time : [0m:2s:292ms]
2024-11-15 00:03:04,424 - fl_main - INFO - [global round : 1] aggregated model accuracy : 0.3704
2024-11-15 00:03:04,424 - fl_main - INFO - [global round : 1] aggregated model loss : 1.4250372428062816
2024-11-15 00:03:04,424 - fl_main - INFO - global round : 2
2024-11-15 00:03:04,425 - fl_main - INFO - the random client id to test accuracy : f_00004
2024-11-15 00:03:04,425 - fl_main - INFO - ----- client id [f_00000] -----
2024-11-15 00:03:04,426 - client_base - INFO - recover model cost time : 0m:0s:0ms
2024-11-15 00:03:04,426 - fl_main - INFO - client_dict[f_00000] training ...
2024-11-15 00:03:04,427 - client_base - INFO - client_dict[f_00000] training epoch : 0
2024-11-15 00:03:05,183 - client_base - INFO - local model train cost time : 0m:0s:755ms
2024-11-15 00:03:05,184 - client_base - INFO - model encode time : 0m:0s:1ms
2024-11-15 00:03:05,184 - fl_main - INFO - client_dict[f_00000] local model encrypting ...
2024-11-15 00:03:06,371 - fed_utils - INFO - encrypting key [conv1.weight].length : 150, cost time : 0m:1s:186ms
2024-11-15 00:03:06,419 - fed_utils - INFO - encrypting key [conv1.bias].length : 6, cost time : 0m:0s:48ms
2024-11-15 00:03:06,419 - fed_utils - INFO - load key [conv2.weight].length : 2400, cost time : 0m:0s:0ms
2024-11-15 00:03:06,419 - fed_utils - INFO - load key [conv2.bias].length : 16, cost time : 0m:0s:0ms
2024-11-15 00:03:06,420 - fed_utils - INFO - load key [fc1.weight].length : 48000, cost time : 0m:0s:0ms
2024-11-15 00:03:06,420 - fed_utils - INFO - load key [fc1.bias].length : 120, cost time : 0m:0s:0ms
2024-11-15 00:03:06,421 - fed_utils - INFO - load key [fc2.weight].length : 10080, cost time : 0m:0s:0ms
2024-11-15 00:03:06,421 - fed_utils - INFO - load key [fc2.bias].length : 84, cost time : 0m:0s:0ms
2024-11-15 00:03:13,065 - fed_utils - INFO - encrypting key [fc3.weight].length : 840, cost time : 0m:6s:643ms
2024-11-15 00:03:13,144 - fed_utils - INFO - encrypting key [fc3.bias].length : 10, cost time : 0m:0s:79ms
2024-11-15 00:03:13,145 - fl_main - INFO - Server receive client_dict[f_00000] info ...
2024-11-15 00:03:13,145 - fl_main - INFO - ----- client id [f_00001] -----
2024-11-15 00:03:13,146 - client_base - INFO - recover model cost time : 0m:0s:0ms
2024-11-15 00:03:13,146 - fl_main - INFO - client_dict[f_00001] training ...
2024-11-15 00:03:13,147 - client_base - INFO - client_dict[f_00001] training epoch : 0
2024-11-15 00:03:13,898 - client_base - INFO - local model train cost time : 0m:0s:750ms
2024-11-15 00:03:13,899 - client_base - INFO - model encode time : 0m:0s:1ms
2024-11-15 00:03:13,899 - fl_main - INFO - client_dict[f_00001] local model encrypting ...
2024-11-15 00:03:15,085 - fed_utils - INFO - encrypting key [conv1.weight].length : 150, cost time : 0m:1s:186ms
2024-11-15 00:03:15,133 - fed_utils - INFO - encrypting key [conv1.bias].length : 6, cost time : 0m:0s:47ms
2024-11-15 00:03:15,133 - fed_utils - INFO - load key [conv2.weight].length : 2400, cost time : 0m:0s:0ms
2024-11-15 00:03:15,133 - fed_utils - INFO - load key [conv2.bias].length : 16, cost time : 0m:0s:0ms
2024-11-15 00:03:15,134 - fed_utils - INFO - load key [fc1.weight].length : 48000, cost time : 0m:0s:0ms
2024-11-15 00:03:15,134 - fed_utils - INFO - load key [fc1.bias].length : 120, cost time : 0m:0s:0ms
2024-11-15 00:03:15,135 - fed_utils - INFO - load key [fc2.weight].length : 10080, cost time : 0m:0s:0ms
2024-11-15 00:03:15,135 - fed_utils - INFO - load key [fc2.bias].length : 84, cost time : 0m:0s:0ms
2024-11-15 00:03:21,916 - fed_utils - INFO - encrypting key [fc3.weight].length : 840, cost time : 0m:6s:781ms
2024-11-15 00:03:21,995 - fed_utils - INFO - encrypting key [fc3.bias].length : 10, cost time : 0m:0s:79ms
2024-11-15 00:03:21,995 - fl_main - INFO - Server receive client_dict[f_00001] info ...
2024-11-15 00:03:21,996 - fl_main - INFO - ----- client id [f_00002] -----
2024-11-15 00:03:21,997 - client_base - INFO - recover model cost time : 0m:0s:0ms
2024-11-15 00:03:21,997 - fl_main - INFO - client_dict[f_00002] training ...
2024-11-15 00:03:21,997 - client_base - INFO - client_dict[f_00002] training epoch : 0
2024-11-15 00:03:22,758 - client_base - INFO - local model train cost time : 0m:0s:760ms
2024-11-15 00:03:22,759 - client_base - INFO - model encode time : 0m:0s:1ms
2024-11-15 00:03:22,760 - fl_main - INFO - client_dict[f_00002] local model encrypting ...
2024-11-15 00:03:23,947 - fed_utils - INFO - encrypting key [conv1.weight].length : 150, cost time : 0m:1s:187ms
2024-11-15 00:03:23,995 - fed_utils - INFO - encrypting key [conv1.bias].length : 6, cost time : 0m:0s:48ms
2024-11-15 00:03:23,995 - fed_utils - INFO - load key [conv2.weight].length : 2400, cost time : 0m:0s:0ms
2024-11-15 00:03:23,995 - fed_utils - INFO - load key [conv2.bias].length : 16, cost time : 0m:0s:0ms
2024-11-15 00:03:23,996 - fed_utils - INFO - load key [fc1.weight].length : 48000, cost time : 0m:0s:0ms
2024-11-15 00:03:23,996 - fed_utils - INFO - load key [fc1.bias].length : 120, cost time : 0m:0s:0ms
2024-11-15 00:03:23,997 - fed_utils - INFO - load key [fc2.weight].length : 10080, cost time : 0m:0s:0ms
2024-11-15 00:03:23,997 - fed_utils - INFO - load key [fc2.bias].length : 84, cost time : 0m:0s:0ms
2024-11-15 00:03:30,645 - fed_utils - INFO - encrypting key [fc3.weight].length : 840, cost time : 0m:6s:648ms
2024-11-15 00:03:30,725 - fed_utils - INFO - encrypting key [fc3.bias].length : 10, cost time : 0m:0s:79ms
2024-11-15 00:03:30,725 - fl_main - INFO - Server receive client_dict[f_00002] info ...
2024-11-15 00:03:30,725 - fl_main - INFO - ----- client id [f_00003] -----
2024-11-15 00:03:30,726 - client_base - INFO - recover model cost time : 0m:0s:0ms
2024-11-15 00:03:30,726 - fl_main - INFO - client_dict[f_00003] training ...
2024-11-15 00:03:30,727 - client_base - INFO - client_dict[f_00003] training epoch : 0
2024-11-15 00:03:31,624 - client_base - INFO - local model train cost time : 0m:0s:897ms
2024-11-15 00:03:31,627 - client_base - INFO - model encode time : 0m:0s:2ms
2024-11-15 00:03:31,627 - fl_main - INFO - client_dict[f_00003] local model encrypting ...
2024-11-15 00:03:32,829 - fed_utils - INFO - encrypting key [conv1.weight].length : 150, cost time : 0m:1s:201ms
2024-11-15 00:03:32,876 - fed_utils - INFO - encrypting key [conv1.bias].length : 6, cost time : 0m:0s:47ms
2024-11-15 00:03:32,877 - fed_utils - INFO - load key [conv2.weight].length : 2400, cost time : 0m:0s:0ms
2024-11-15 00:03:32,877 - fed_utils - INFO - load key [conv2.bias].length : 16, cost time : 0m:0s:0ms
2024-11-15 00:03:32,878 - fed_utils - INFO - load key [fc1.weight].length : 48000, cost time : 0m:0s:1ms
2024-11-15 00:03:32,878 - fed_utils - INFO - load key [fc1.bias].length : 120, cost time : 0m:0s:0ms
2024-11-15 00:03:32,878 - fed_utils - INFO - load key [fc2.weight].length : 10080, cost time : 0m:0s:0ms
2024-11-15 00:03:32,878 - fed_utils - INFO - load key [fc2.bias].length : 84, cost time : 0m:0s:0ms
2024-11-15 00:03:39,527 - fed_utils - INFO - encrypting key [fc3.weight].length : 840, cost time : 0m:6s:648ms
2024-11-15 00:03:39,607 - fed_utils - INFO - encrypting key [fc3.bias].length : 10, cost time : 0m:0s:79ms
2024-11-15 00:03:39,607 - fl_main - INFO - Server receive client_dict[f_00003] info ...
2024-11-15 00:03:39,607 - fl_main - INFO - ----- client id [f_00004] -----
2024-11-15 00:03:39,608 - client_base - INFO - recover model cost time : 0m:0s:0ms
2024-11-15 00:03:40,404 - fl_main - INFO - global round [2] client_dict[f_00004].accuracy : 0.688200
2024-11-15 00:03:40,405 - fl_main - INFO - client_dict[f_00004] training ...
2024-11-15 00:03:40,405 - client_base - INFO - client_dict[f_00004] training epoch : 0
2024-11-15 00:03:41,161 - client_base - INFO - local model train cost time : 0m:0s:756ms
2024-11-15 00:03:41,163 - client_base - INFO - model encode time : 0m:0s:1ms
2024-11-15 00:03:41,163 - fl_main - INFO - client_dict[f_00004] local model encrypting ...
2024-11-15 00:03:42,349 - fed_utils - INFO - encrypting key [conv1.weight].length : 150, cost time : 0m:1s:186ms
2024-11-15 00:03:42,398 - fed_utils - INFO - encrypting key [conv1.bias].length : 6, cost time : 0m:0s:48ms
2024-11-15 00:03:42,398 - fed_utils - INFO - load key [conv2.weight].length : 2400, cost time : 0m:0s:0ms
2024-11-15 00:03:42,398 - fed_utils - INFO - load key [conv2.bias].length : 16, cost time : 0m:0s:0ms
2024-11-15 00:03:42,399 - fed_utils - INFO - load key [fc1.weight].length : 48000, cost time : 0m:0s:1ms
2024-11-15 00:03:42,399 - fed_utils - INFO - load key [fc1.bias].length : 120, cost time : 0m:0s:0ms
2024-11-15 00:03:42,399 - fed_utils - INFO - load key [fc2.weight].length : 10080, cost time : 0m:0s:0ms
2024-11-15 00:03:42,399 - fed_utils - INFO - load key [fc2.bias].length : 84, cost time : 0m:0s:0ms
2024-11-15 00:03:49,229 - fed_utils - INFO - encrypting key [fc3.weight].length : 840, cost time : 0m:6s:829ms
2024-11-15 00:03:49,309 - fed_utils - INFO - encrypting key [fc3.bias].length : 10, cost time : 0m:0s:79ms
2024-11-15 00:03:49,309 - fl_main - INFO - Server receive client_dict[f_00004] info ...
2024-11-15 00:03:49,309 - fl_main - INFO - global aggregation process ...
2024-11-15 00:03:49,309 - fed_utils - INFO - server.n_data : 60000
2024-11-15 00:03:49,309 - fed_utils - INFO - client_dict[f_00000].weight : 0.200000
2024-11-15 00:03:49,309 - fed_utils - INFO - client_dict[f_00001].weight : 0.200000
2024-11-15 00:03:49,309 - fed_utils - INFO - client_dict[f_00002].weight : 0.200000
2024-11-15 00:03:49,309 - fed_utils - INFO - client_dict[f_00003].weight : 0.200000
2024-11-15 00:03:49,309 - fed_utils - INFO - client_dict[f_00004].weight : 0.200000
2024-11-15 00:03:49,309 - fed_utils - INFO - recover secret number by clients: 722.400000
2024-11-15 00:03:49,309 - server_base - INFO - Server aggregate model with homomorphic encryption ...
2024-11-15 00:03:50,774 - server_base - INFO - Server aggregate model done, cost time : 0m:1s:464ms
2024-11-15 00:03:51,116 - fed_utils - INFO - decrypting key [conv1.weight].shape [torch.Size([6, 1, 5, 5])]
2024-11-15 00:03:51,130 - fed_utils - INFO - decrypting key [conv1.bias].shape [torch.Size([6])]
2024-11-15 00:03:51,130 - fed_utils - INFO - decrypting key [conv2.weight].shape [torch.Size([16, 6, 5, 5])]
2024-11-15 00:03:51,130 - fed_utils - INFO - decrypting key [conv2.bias].shape [torch.Size([16])]
2024-11-15 00:03:51,130 - fed_utils - INFO - decrypting key [fc1.weight].shape [torch.Size([120, 400])]
2024-11-15 00:03:51,130 - fed_utils - INFO - decrypting key [fc1.bias].shape [torch.Size([120])]
2024-11-15 00:03:51,130 - fed_utils - INFO - decrypting key [fc2.weight].shape [torch.Size([84, 120])]
2024-11-15 00:03:51,130 - fed_utils - INFO - decrypting key [fc2.bias].shape [torch.Size([84])]
2024-11-15 00:03:53,045 - fed_utils - INFO - decrypting key [fc3.weight].shape [torch.Size([10, 84])]
2024-11-15 00:03:53,068 - fed_utils - INFO - decrypting key [fc3.bias].shape [torch.Size([10])]
2024-11-15 00:03:53,068 - fed_utils - INFO - decrypt time : [0m:2s:294ms]
2024-11-15 00:03:53,071 - fl_main - INFO - [global round : 2] aggregated model accuracy : 0.6882
2024-11-15 00:03:53,071 - fl_main - INFO - [global round : 2] aggregated model loss : 0.43747751756847175
2024-11-15 00:03:53,071 - fl_main - INFO - global round : 3
2024-11-15 00:03:53,071 - fl_main - INFO - the random client id to test accuracy : f_00003
2024-11-15 00:03:53,071 - fl_main - INFO - ----- client id [f_00000] -----
2024-11-15 00:03:53,073 - client_base - INFO - recover model cost time : 0m:0s:0ms
2024-11-15 00:03:53,073 - fl_main - INFO - client_dict[f_00000] training ...
2024-11-15 00:03:53,073 - client_base - INFO - client_dict[f_00000] training epoch : 0
2024-11-15 00:03:53,821 - client_base - INFO - local model train cost time : 0m:0s:748ms
2024-11-15 00:03:53,823 - client_base - INFO - model encode time : 0m:0s:1ms
2024-11-15 00:03:53,823 - fl_main - INFO - client_dict[f_00000] local model encrypting ...
2024-11-15 00:03:55,009 - fed_utils - INFO - encrypting key [conv1.weight].length : 150, cost time : 0m:1s:185ms
2024-11-15 00:03:55,057 - fed_utils - INFO - encrypting key [conv1.bias].length : 6, cost time : 0m:0s:48ms
2024-11-15 00:03:55,057 - fed_utils - INFO - load key [conv2.weight].length : 2400, cost time : 0m:0s:0ms
2024-11-15 00:03:55,058 - fed_utils - INFO - load key [conv2.bias].length : 16, cost time : 0m:0s:0ms
2024-11-15 00:03:55,058 - fed_utils - INFO - load key [fc1.weight].length : 48000, cost time : 0m:0s:0ms
2024-11-15 00:03:55,059 - fed_utils - INFO - load key [fc1.bias].length : 120, cost time : 0m:0s:0ms
2024-11-15 00:03:55,059 - fed_utils - INFO - load key [fc2.weight].length : 10080, cost time : 0m:0s:0ms
2024-11-15 00:03:55,059 - fed_utils - INFO - load key [fc2.bias].length : 84, cost time : 0m:0s:0ms
2024-11-15 00:04:01,830 - fed_utils - INFO - encrypting key [fc3.weight].length : 840, cost time : 0m:6s:770ms
2024-11-15 00:04:01,910 - fed_utils - INFO - encrypting key [fc3.bias].length : 10, cost time : 0m:0s:79ms
2024-11-15 00:04:01,911 - fl_main - INFO - Server receive client_dict[f_00000] info ...
2024-11-15 00:04:01,911 - fl_main - INFO - ----- client id [f_00001] -----
2024-11-15 00:04:01,912 - client_base - INFO - recover model cost time : 0m:0s:0ms
2024-11-15 00:04:01,912 - fl_main - INFO - client_dict[f_00001] training ...
2024-11-15 00:04:01,913 - client_base - INFO - client_dict[f_00001] training epoch : 0
2024-11-15 00:04:02,682 - client_base - INFO - local model train cost time : 0m:0s:769ms
2024-11-15 00:04:02,684 - client_base - INFO - model encode time : 0m:0s:1ms
2024-11-15 00:04:02,684 - fl_main - INFO - client_dict[f_00001] local model encrypting ...
2024-11-15 00:04:03,870 - fed_utils - INFO - encrypting key [conv1.weight].length : 150, cost time : 0m:1s:186ms
2024-11-15 00:04:03,918 - fed_utils - INFO - encrypting key [conv1.bias].length : 6, cost time : 0m:0s:48ms
2024-11-15 00:04:03,919 - fed_utils - INFO - load key [conv2.weight].length : 2400, cost time : 0m:0s:0ms
2024-11-15 00:04:03,919 - fed_utils - INFO - load key [conv2.bias].length : 16, cost time : 0m:0s:0ms
2024-11-15 00:04:03,920 - fed_utils - INFO - load key [fc1.weight].length : 48000, cost time : 0m:0s:0ms
2024-11-15 00:04:03,920 - fed_utils - INFO - load key [fc1.bias].length : 120, cost time : 0m:0s:0ms
2024-11-15 00:04:03,920 - fed_utils - INFO - load key [fc2.weight].length : 10080, cost time : 0m:0s:0ms
2024-11-15 00:04:03,920 - fed_utils - INFO - load key [fc2.bias].length : 84, cost time : 0m:0s:0ms
2024-11-15 00:04:10,558 - fed_utils - INFO - encrypting key [fc3.weight].length : 840, cost time : 0m:6s:638ms
2024-11-15 00:04:10,638 - fed_utils - INFO - encrypting key [fc3.bias].length : 10, cost time : 0m:0s:79ms
2024-11-15 00:04:10,638 - fl_main - INFO - Server receive client_dict[f_00001] info ...
2024-11-15 00:04:10,638 - fl_main - INFO - ----- client id [f_00002] -----
2024-11-15 00:04:10,639 - client_base - INFO - recover model cost time : 0m:0s:0ms
2024-11-15 00:04:10,639 - fl_main - INFO - client_dict[f_00002] training ...
2024-11-15 00:04:10,640 - client_base - INFO - client_dict[f_00002] training epoch : 0
2024-11-15 00:04:11,391 - client_base - INFO - local model train cost time : 0m:0s:751ms
2024-11-15 00:04:11,393 - client_base - INFO - model encode time : 0m:0s:1ms
2024-11-15 00:04:11,393 - fl_main - INFO - client_dict[f_00002] local model encrypting ...
2024-11-15 00:04:12,581 - fed_utils - INFO - encrypting key [conv1.weight].length : 150, cost time : 0m:1s:188ms
2024-11-15 00:04:12,629 - fed_utils - INFO - encrypting key [conv1.bias].length : 6, cost time : 0m:0s:47ms
2024-11-15 00:04:12,630 - fed_utils - INFO - load key [conv2.weight].length : 2400, cost time : 0m:0s:0ms
2024-11-15 00:04:12,630 - fed_utils - INFO - load key [conv2.bias].length : 16, cost time : 0m:0s:0ms
2024-11-15 00:04:12,631 - fed_utils - INFO - load key [fc1.weight].length : 48000, cost time : 0m:0s:0ms
2024-11-15 00:04:12,631 - fed_utils - INFO - load key [fc1.bias].length : 120, cost time : 0m:0s:0ms
2024-11-15 00:04:12,631 - fed_utils - INFO - load key [fc2.weight].length : 10080, cost time : 0m:0s:0ms
2024-11-15 00:04:12,631 - fed_utils - INFO - load key [fc2.bias].length : 84, cost time : 0m:0s:0ms
2024-11-15 00:04:19,407 - fed_utils - INFO - encrypting key [fc3.weight].length : 840, cost time : 0m:6s:775ms
2024-11-15 00:04:19,486 - fed_utils - INFO - encrypting key [fc3.bias].length : 10, cost time : 0m:0s:79ms
2024-11-15 00:04:19,486 - fl_main - INFO - Server receive client_dict[f_00002] info ...
2024-11-15 00:04:19,486 - fl_main - INFO - ----- client id [f_00003] -----
2024-11-15 00:04:19,488 - client_base - INFO - recover model cost time : 0m:0s:0ms
2024-11-15 00:04:20,290 - fl_main - INFO - global round [3] client_dict[f_00003].accuracy : 0.868800
2024-11-15 00:04:20,290 - fl_main - INFO - client_dict[f_00003] training ...
2024-11-15 00:04:20,290 - client_base - INFO - client_dict[f_00003] training epoch : 0
2024-11-15 00:04:21,053 - client_base - INFO - local model train cost time : 0m:0s:762ms
2024-11-15 00:04:21,054 - client_base - INFO - model encode time : 0m:0s:1ms
2024-11-15 00:04:21,054 - fl_main - INFO - client_dict[f_00003] local model encrypting ...
2024-11-15 00:04:22,242 - fed_utils - INFO - encrypting key [conv1.weight].length : 150, cost time : 0m:1s:187ms
2024-11-15 00:04:22,290 - fed_utils - INFO - encrypting key [conv1.bias].length : 6, cost time : 0m:0s:48ms
2024-11-15 00:04:22,290 - fed_utils - INFO - load key [conv2.weight].length : 2400, cost time : 0m:0s:0ms
2024-11-15 00:04:22,290 - fed_utils - INFO - load key [conv2.bias].length : 16, cost time : 0m:0s:0ms
2024-11-15 00:04:22,291 - fed_utils - INFO - load key [fc1.weight].length : 48000, cost time : 0m:0s:0ms
2024-11-15 00:04:22,291 - fed_utils - INFO - load key [fc1.bias].length : 120, cost time : 0m:0s:0ms
2024-11-15 00:04:22,291 - fed_utils - INFO - load key [fc2.weight].length : 10080, cost time : 0m:0s:0ms
2024-11-15 00:04:22,291 - fed_utils - INFO - load key [fc2.bias].length : 84, cost time : 0m:0s:0ms
2024-11-15 00:04:28,934 - fed_utils - INFO - encrypting key [fc3.weight].length : 840, cost time : 0m:6s:642ms
2024-11-15 00:04:29,013 - fed_utils - INFO - encrypting key [fc3.bias].length : 10, cost time : 0m:0s:79ms
2024-11-15 00:04:29,014 - fl_main - INFO - Server receive client_dict[f_00003] info ...
2024-11-15 00:04:29,014 - fl_main - INFO - ----- client id [f_00004] -----
2024-11-15 00:04:29,015 - client_base - INFO - recover model cost time : 0m:0s:0ms
2024-11-15 00:04:29,015 - fl_main - INFO - client_dict[f_00004] training ...
2024-11-15 00:04:29,016 - client_base - INFO - client_dict[f_00004] training epoch : 0
2024-11-15 00:04:29,772 - client_base - INFO - local model train cost time : 0m:0s:756ms
2024-11-15 00:04:29,774 - client_base - INFO - model encode time : 0m:0s:1ms
2024-11-15 00:04:29,774 - fl_main - INFO - client_dict[f_00004] local model encrypting ...
2024-11-15 00:04:30,961 - fed_utils - INFO - encrypting key [conv1.weight].length : 150, cost time : 0m:1s:186ms
2024-11-15 00:04:31,009 - fed_utils - INFO - encrypting key [conv1.bias].length : 6, cost time : 0m:0s:48ms
2024-11-15 00:04:31,009 - fed_utils - INFO - load key [conv2.weight].length : 2400, cost time : 0m:0s:0ms
2024-11-15 00:04:31,009 - fed_utils - INFO - load key [conv2.bias].length : 16, cost time : 0m:0s:0ms
2024-11-15 00:04:31,010 - fed_utils - INFO - load key [fc1.weight].length : 48000, cost time : 0m:0s:1ms
2024-11-15 00:04:31,011 - fed_utils - INFO - load key [fc1.bias].length : 120, cost time : 0m:0s:0ms
2024-11-15 00:04:31,011 - fed_utils - INFO - load key [fc2.weight].length : 10080, cost time : 0m:0s:0ms
2024-11-15 00:04:31,011 - fed_utils - INFO - load key [fc2.bias].length : 84, cost time : 0m:0s:0ms
2024-11-15 00:04:37,775 - fed_utils - INFO - encrypting key [fc3.weight].length : 840, cost time : 0m:6s:764ms
2024-11-15 00:04:37,855 - fed_utils - INFO - encrypting key [fc3.bias].length : 10, cost time : 0m:0s:79ms
2024-11-15 00:04:37,855 - fl_main - INFO - Server receive client_dict[f_00004] info ...
2024-11-15 00:04:37,855 - fl_main - INFO - global aggregation process ...
2024-11-15 00:04:37,855 - fed_utils - INFO - server.n_data : 60000
2024-11-15 00:04:37,855 - fed_utils - INFO - client_dict[f_00000].weight : 0.200000
2024-11-15 00:04:37,855 - fed_utils - INFO - client_dict[f_00001].weight : 0.200000
2024-11-15 00:04:37,855 - fed_utils - INFO - client_dict[f_00002].weight : 0.200000
2024-11-15 00:04:37,855 - fed_utils - INFO - client_dict[f_00003].weight : 0.200000
2024-11-15 00:04:37,855 - fed_utils - INFO - client_dict[f_00004].weight : 0.200000
2024-11-15 00:04:37,856 - fed_utils - INFO - recover secret number by clients: 722.400000
2024-11-15 00:04:37,856 - server_base - INFO - Server aggregate model with homomorphic encryption ...
2024-11-15 00:04:39,296 - server_base - INFO - Server aggregate model done, cost time : 0m:1s:440ms
2024-11-15 00:04:39,638 - fed_utils - INFO - decrypting key [conv1.weight].shape [torch.Size([6, 1, 5, 5])]
2024-11-15 00:04:39,652 - fed_utils - INFO - decrypting key [conv1.bias].shape [torch.Size([6])]
2024-11-15 00:04:39,652 - fed_utils - INFO - decrypting key [conv2.weight].shape [torch.Size([16, 6, 5, 5])]
2024-11-15 00:04:39,652 - fed_utils - INFO - decrypting key [conv2.bias].shape [torch.Size([16])]
2024-11-15 00:04:39,652 - fed_utils - INFO - decrypting key [fc1.weight].shape [torch.Size([120, 400])]
2024-11-15 00:04:39,652 - fed_utils - INFO - decrypting key [fc1.bias].shape [torch.Size([120])]
2024-11-15 00:04:39,653 - fed_utils - INFO - decrypting key [fc2.weight].shape [torch.Size([84, 120])]
2024-11-15 00:04:39,653 - fed_utils - INFO - decrypting key [fc2.bias].shape [torch.Size([84])]
2024-11-15 00:04:41,566 - fed_utils - INFO - decrypting key [fc3.weight].shape [torch.Size([10, 84])]
2024-11-15 00:04:41,589 - fed_utils - INFO - decrypting key [fc3.bias].shape [torch.Size([10])]
2024-11-15 00:04:41,589 - fed_utils - INFO - decrypt time : [0m:2s:292ms]
2024-11-15 00:04:41,591 - fl_main - INFO - [global round : 3] aggregated model accuracy : 0.8688
2024-11-15 00:04:41,591 - fl_main - INFO - [global round : 3] aggregated model loss : 0.47334235289943566
2024-11-15 00:04:41,592 - fl_main - INFO - global round : 4
2024-11-15 00:04:41,592 - fl_main - INFO - the random client id to test accuracy : f_00002
2024-11-15 00:04:41,592 - fl_main - INFO - ----- client id [f_00000] -----
2024-11-15 00:04:41,593 - client_base - INFO - recover model cost time : 0m:0s:0ms
2024-11-15 00:04:41,593 - fl_main - INFO - client_dict[f_00000] training ...
2024-11-15 00:04:41,594 - client_base - INFO - client_dict[f_00000] training epoch : 0
2024-11-15 00:04:42,346 - client_base - INFO - local model train cost time : 0m:0s:751ms
2024-11-15 00:04:42,347 - client_base - INFO - model encode time : 0m:0s:1ms
2024-11-15 00:04:42,347 - fl_main - INFO - client_dict[f_00000] local model encrypting ...
2024-11-15 00:04:43,534 - fed_utils - INFO - encrypting key [conv1.weight].length : 150, cost time : 0m:1s:186ms
2024-11-15 00:04:43,582 - fed_utils - INFO - encrypting key [conv1.bias].length : 6, cost time : 0m:0s:47ms
2024-11-15 00:04:43,582 - fed_utils - INFO - load key [conv2.weight].length : 2400, cost time : 0m:0s:0ms
2024-11-15 00:04:43,582 - fed_utils - INFO - load key [conv2.bias].length : 16, cost time : 0m:0s:0ms
2024-11-15 00:04:43,583 - fed_utils - INFO - load key [fc1.weight].length : 48000, cost time : 0m:0s:0ms
2024-11-15 00:04:43,583 - fed_utils - INFO - load key [fc1.bias].length : 120, cost time : 0m:0s:0ms
2024-11-15 00:04:43,583 - fed_utils - INFO - load key [fc2.weight].length : 10080, cost time : 0m:0s:0ms
2024-11-15 00:04:43,584 - fed_utils - INFO - load key [fc2.bias].length : 84, cost time : 0m:0s:0ms
2024-11-15 00:04:50,389 - fed_utils - INFO - encrypting key [fc3.weight].length : 840, cost time : 0m:6s:805ms
2024-11-15 00:04:50,469 - fed_utils - INFO - encrypting key [fc3.bias].length : 10, cost time : 0m:0s:79ms
2024-11-15 00:04:50,470 - fl_main - INFO - Server receive client_dict[f_00000] info ...
2024-11-15 00:04:50,470 - fl_main - INFO - ----- client id [f_00001] -----
2024-11-15 00:04:50,472 - client_base - INFO - recover model cost time : 0m:0s:0ms
2024-11-15 00:04:50,472 - fl_main - INFO - client_dict[f_00001] training ...
2024-11-15 00:04:50,472 - client_base - INFO - client_dict[f_00001] training epoch : 0
2024-11-15 00:04:51,210 - client_base - INFO - local model train cost time : 0m:0s:737ms
2024-11-15 00:04:51,211 - client_base - INFO - model encode time : 0m:0s:1ms
2024-11-15 00:04:51,212 - fl_main - INFO - client_dict[f_00001] local model encrypting ...
2024-11-15 00:04:52,398 - fed_utils - INFO - encrypting key [conv1.weight].length : 150, cost time : 0m:1s:186ms
2024-11-15 00:04:52,446 - fed_utils - INFO - encrypting key [conv1.bias].length : 6, cost time : 0m:0s:48ms
2024-11-15 00:04:52,446 - fed_utils - INFO - load key [conv2.weight].length : 2400, cost time : 0m:0s:0ms
2024-11-15 00:04:52,446 - fed_utils - INFO - load key [conv2.bias].length : 16, cost time : 0m:0s:0ms
2024-11-15 00:04:52,447 - fed_utils - INFO - load key [fc1.weight].length : 48000, cost time : 0m:0s:0ms
2024-11-15 00:04:52,447 - fed_utils - INFO - load key [fc1.bias].length : 120, cost time : 0m:0s:0ms
2024-11-15 00:04:52,447 - fed_utils - INFO - load key [fc2.weight].length : 10080, cost time : 0m:0s:0ms
2024-11-15 00:04:52,447 - fed_utils - INFO - load key [fc2.bias].length : 84, cost time : 0m:0s:0ms
2024-11-15 00:04:59,091 - fed_utils - INFO - encrypting key [fc3.weight].length : 840, cost time : 0m:6s:643ms
2024-11-15 00:04:59,171 - fed_utils - INFO - encrypting key [fc3.bias].length : 10, cost time : 0m:0s:79ms
2024-11-15 00:04:59,171 - fl_main - INFO - Server receive client_dict[f_00001] info ...
2024-11-15 00:04:59,171 - fl_main - INFO - ----- client id [f_00002] -----
2024-11-15 00:04:59,172 - client_base - INFO - recover model cost time : 0m:0s:0ms
2024-11-15 00:04:59,983 - fl_main - INFO - global round [4] client_dict[f_00002].accuracy : 0.906900
2024-11-15 00:04:59,983 - fl_main - INFO - client_dict[f_00002] training ...
2024-11-15 00:04:59,984 - client_base - INFO - client_dict[f_00002] training epoch : 0
2024-11-15 00:05:00,726 - client_base - INFO - local model train cost time : 0m:0s:742ms
2024-11-15 00:05:00,727 - client_base - INFO - model encode time : 0m:0s:1ms
2024-11-15 00:05:00,728 - fl_main - INFO - client_dict[f_00002] local model encrypting ...
2024-11-15 00:05:02,050 - fed_utils - INFO - encrypting key [conv1.weight].length : 150, cost time : 0m:1s:321ms
2024-11-15 00:05:02,098 - fed_utils - INFO - encrypting key [conv1.bias].length : 6, cost time : 0m:0s:47ms
2024-11-15 00:05:02,098 - fed_utils - INFO - load key [conv2.weight].length : 2400, cost time : 0m:0s:0ms
2024-11-15 00:05:02,098 - fed_utils - INFO - load key [conv2.bias].length : 16, cost time : 0m:0s:0ms
2024-11-15 00:05:02,099 - fed_utils - INFO - load key [fc1.weight].length : 48000, cost time : 0m:0s:0ms
2024-11-15 00:05:02,099 - fed_utils - INFO - load key [fc1.bias].length : 120, cost time : 0m:0s:0ms
2024-11-15 00:05:02,099 - fed_utils - INFO - load key [fc2.weight].length : 10080, cost time : 0m:0s:0ms
2024-11-15 00:05:02,099 - fed_utils - INFO - load key [fc2.bias].length : 84, cost time : 0m:0s:0ms
2024-11-15 00:05:08,740 - fed_utils - INFO - encrypting key [fc3.weight].length : 840, cost time : 0m:6s:641ms
2024-11-15 00:05:08,820 - fed_utils - INFO - encrypting key [fc3.bias].length : 10, cost time : 0m:0s:79ms
2024-11-15 00:05:08,820 - fl_main - INFO - Server receive client_dict[f_00002] info ...
2024-11-15 00:05:08,820 - fl_main - INFO - ----- client id [f_00003] -----
2024-11-15 00:05:08,821 - client_base - INFO - recover model cost time : 0m:0s:0ms
2024-11-15 00:05:08,821 - fl_main - INFO - client_dict[f_00003] training ...
2024-11-15 00:05:08,822 - client_base - INFO - client_dict[f_00003] training epoch : 0
2024-11-15 00:05:09,567 - client_base - INFO - local model train cost time : 0m:0s:744ms
2024-11-15 00:05:09,568 - client_base - INFO - model encode time : 0m:0s:1ms
2024-11-15 00:05:09,568 - fl_main - INFO - client_dict[f_00003] local model encrypting ...
2024-11-15 00:05:10,757 - fed_utils - INFO - encrypting key [conv1.weight].length : 150, cost time : 0m:1s:188ms
2024-11-15 00:05:10,805 - fed_utils - INFO - encrypting key [conv1.bias].length : 6, cost time : 0m:0s:48ms
2024-11-15 00:05:10,806 - fed_utils - INFO - load key [conv2.weight].length : 2400, cost time : 0m:0s:0ms
2024-11-15 00:05:10,806 - fed_utils - INFO - load key [conv2.bias].length : 16, cost time : 0m:0s:0ms
2024-11-15 00:05:10,806 - fed_utils - INFO - load key [fc1.weight].length : 48000, cost time : 0m:0s:0ms
2024-11-15 00:05:10,807 - fed_utils - INFO - load key [fc1.bias].length : 120, cost time : 0m:0s:0ms
2024-11-15 00:05:10,807 - fed_utils - INFO - load key [fc2.weight].length : 10080, cost time : 0m:0s:0ms
2024-11-15 00:05:10,807 - fed_utils - INFO - load key [fc2.bias].length : 84, cost time : 0m:0s:0ms
2024-11-15 00:05:17,594 - fed_utils - INFO - encrypting key [fc3.weight].length : 840, cost time : 0m:6s:787ms
2024-11-15 00:05:17,673 - fed_utils - INFO - encrypting key [fc3.bias].length : 10, cost time : 0m:0s:79ms
2024-11-15 00:05:17,673 - fl_main - INFO - Server receive client_dict[f_00003] info ...
2024-11-15 00:05:17,674 - fl_main - INFO - ----- client id [f_00004] -----
2024-11-15 00:05:17,675 - client_base - INFO - recover model cost time : 0m:0s:0ms
2024-11-15 00:05:17,675 - fl_main - INFO - client_dict[f_00004] training ...
2024-11-15 00:05:17,675 - client_base - INFO - client_dict[f_00004] training epoch : 0
2024-11-15 00:05:18,433 - client_base - INFO - local model train cost time : 0m:0s:757ms
2024-11-15 00:05:18,435 - client_base - INFO - model encode time : 0m:0s:1ms
2024-11-15 00:05:18,435 - fl_main - INFO - client_dict[f_00004] local model encrypting ...
2024-11-15 00:05:19,622 - fed_utils - INFO - encrypting key [conv1.weight].length : 150, cost time : 0m:1s:187ms
2024-11-15 00:05:19,670 - fed_utils - INFO - encrypting key [conv1.bias].length : 6, cost time : 0m:0s:48ms
2024-11-15 00:05:19,670 - fed_utils - INFO - load key [conv2.weight].length : 2400, cost time : 0m:0s:0ms
2024-11-15 00:05:19,670 - fed_utils - INFO - load key [conv2.bias].length : 16, cost time : 0m:0s:0ms
2024-11-15 00:05:19,671 - fed_utils - INFO - load key [fc1.weight].length : 48000, cost time : 0m:0s:0ms
2024-11-15 00:05:19,671 - fed_utils - INFO - load key [fc1.bias].length : 120, cost time : 0m:0s:0ms
2024-11-15 00:05:19,672 - fed_utils - INFO - load key [fc2.weight].length : 10080, cost time : 0m:0s:0ms
2024-11-15 00:05:19,672 - fed_utils - INFO - load key [fc2.bias].length : 84, cost time : 0m:0s:0ms
2024-11-15 00:05:26,317 - fed_utils - INFO - encrypting key [fc3.weight].length : 840, cost time : 0m:6s:644ms
2024-11-15 00:05:26,396 - fed_utils - INFO - encrypting key [fc3.bias].length : 10, cost time : 0m:0s:79ms
2024-11-15 00:05:26,396 - fl_main - INFO - Server receive client_dict[f_00004] info ...
2024-11-15 00:05:26,396 - fl_main - INFO - global aggregation process ...
2024-11-15 00:05:26,397 - fed_utils - INFO - server.n_data : 60000
2024-11-15 00:05:26,397 - fed_utils - INFO - client_dict[f_00000].weight : 0.200000
2024-11-15 00:05:26,397 - fed_utils - INFO - client_dict[f_00001].weight : 0.200000
2024-11-15 00:05:26,397 - fed_utils - INFO - client_dict[f_00002].weight : 0.200000
2024-11-15 00:05:26,397 - fed_utils - INFO - client_dict[f_00003].weight : 0.200000
2024-11-15 00:05:26,397 - fed_utils - INFO - client_dict[f_00004].weight : 0.200000
2024-11-15 00:05:26,397 - fed_utils - INFO - recover secret number by clients: 722.400000
2024-11-15 00:05:26,397 - server_base - INFO - Server aggregate model with homomorphic encryption ...
2024-11-15 00:05:27,837 - server_base - INFO - Server aggregate model done, cost time : 0m:1s:439ms
2024-11-15 00:05:28,178 - fed_utils - INFO - decrypting key [conv1.weight].shape [torch.Size([6, 1, 5, 5])]
2024-11-15 00:05:28,192 - fed_utils - INFO - decrypting key [conv1.bias].shape [torch.Size([6])]
2024-11-15 00:05:28,192 - fed_utils - INFO - decrypting key [conv2.weight].shape [torch.Size([16, 6, 5, 5])]
2024-11-15 00:05:28,192 - fed_utils - INFO - decrypting key [conv2.bias].shape [torch.Size([16])]
2024-11-15 00:05:28,192 - fed_utils - INFO - decrypting key [fc1.weight].shape [torch.Size([120, 400])]
2024-11-15 00:05:28,192 - fed_utils - INFO - decrypting key [fc1.bias].shape [torch.Size([120])]
2024-11-15 00:05:28,193 - fed_utils - INFO - decrypting key [fc2.weight].shape [torch.Size([84, 120])]
2024-11-15 00:05:28,193 - fed_utils - INFO - decrypting key [fc2.bias].shape [torch.Size([84])]
2024-11-15 00:05:30,106 - fed_utils - INFO - decrypting key [fc3.weight].shape [torch.Size([10, 84])]
2024-11-15 00:05:30,128 - fed_utils - INFO - decrypting key [fc3.bias].shape [torch.Size([10])]
2024-11-15 00:05:30,129 - fed_utils - INFO - decrypt time : [0m:2s:291ms]
2024-11-15 00:05:30,131 - fl_main - INFO - [global round : 4] aggregated model accuracy : 0.9069
2024-11-15 00:05:30,131 - fl_main - INFO - [global round : 4] aggregated model loss : 0.311553817615967
2024-11-15 00:05:30,132 - fl_main - INFO - global round : 5
2024-11-15 00:05:30,132 - fl_main - INFO - the random client id to test accuracy : f_00001
2024-11-15 00:05:30,132 - fl_main - INFO - ----- client id [f_00000] -----
2024-11-15 00:05:30,133 - client_base - INFO - recover model cost time : 0m:0s:0ms
2024-11-15 00:05:30,133 - fl_main - INFO - client_dict[f_00000] training ...
2024-11-15 00:05:30,134 - client_base - INFO - client_dict[f_00000] training epoch : 0
2024-11-15 00:05:30,881 - client_base - INFO - local model train cost time : 0m:0s:746ms
2024-11-15 00:05:30,882 - client_base - INFO - model encode time : 0m:0s:1ms
2024-11-15 00:05:30,882 - fl_main - INFO - client_dict[f_00000] local model encrypting ...
2024-11-15 00:05:32,189 - fed_utils - INFO - encrypting key [conv1.weight].length : 150, cost time : 0m:1s:305ms
2024-11-15 00:05:32,236 - fed_utils - INFO - encrypting key [conv1.bias].length : 6, cost time : 0m:0s:47ms
2024-11-15 00:05:32,237 - fed_utils - INFO - load key [conv2.weight].length : 2400, cost time : 0m:0s:0ms
2024-11-15 00:05:32,237 - fed_utils - INFO - load key [conv2.bias].length : 16, cost time : 0m:0s:0ms
2024-11-15 00:05:32,238 - fed_utils - INFO - load key [fc1.weight].length : 48000, cost time : 0m:0s:0ms
2024-11-15 00:05:32,238 - fed_utils - INFO - load key [fc1.bias].length : 120, cost time : 0m:0s:0ms
2024-11-15 00:05:32,238 - fed_utils - INFO - load key [fc2.weight].length : 10080, cost time : 0m:0s:0ms
2024-11-15 00:05:32,238 - fed_utils - INFO - load key [fc2.bias].length : 84, cost time : 0m:0s:0ms
2024-11-15 00:05:38,881 - fed_utils - INFO - encrypting key [fc3.weight].length : 840, cost time : 0m:6s:643ms
2024-11-15 00:05:38,961 - fed_utils - INFO - encrypting key [fc3.bias].length : 10, cost time : 0m:0s:79ms
2024-11-15 00:05:38,962 - fl_main - INFO - Server receive client_dict[f_00000] info ...
2024-11-15 00:05:38,962 - fl_main - INFO - ----- client id [f_00001] -----
2024-11-15 00:05:38,963 - client_base - INFO - recover model cost time : 0m:0s:0ms
2024-11-15 00:05:39,755 - fl_main - INFO - global round [5] client_dict[f_00001].accuracy : 0.918900
2024-11-15 00:05:39,755 - fl_main - INFO - client_dict[f_00001] training ...
2024-11-15 00:05:39,756 - client_base - INFO - client_dict[f_00001] training epoch : 0
2024-11-15 00:05:40,500 - client_base - INFO - local model train cost time : 0m:0s:744ms
2024-11-15 00:05:40,501 - client_base - INFO - model encode time : 0m:0s:1ms
2024-11-15 00:05:40,501 - fl_main - INFO - client_dict[f_00001] local model encrypting ...
2024-11-15 00:05:41,687 - fed_utils - INFO - encrypting key [conv1.weight].length : 150, cost time : 0m:1s:185ms
2024-11-15 00:05:41,735 - fed_utils - INFO - encrypting key [conv1.bias].length : 6, cost time : 0m:0s:48ms
2024-11-15 00:05:41,736 - fed_utils - INFO - load key [conv2.weight].length : 2400, cost time : 0m:0s:0ms
2024-11-15 00:05:41,736 - fed_utils - INFO - load key [conv2.bias].length : 16, cost time : 0m:0s:0ms
2024-11-15 00:05:41,737 - fed_utils - INFO - load key [fc1.weight].length : 48000, cost time : 0m:0s:0ms
2024-11-15 00:05:41,737 - fed_utils - INFO - load key [fc1.bias].length : 120, cost time : 0m:0s:0ms
2024-11-15 00:05:41,737 - fed_utils - INFO - load key [fc2.weight].length : 10080, cost time : 0m:0s:0ms
2024-11-15 00:05:41,737 - fed_utils - INFO - load key [fc2.bias].length : 84, cost time : 0m:0s:0ms
2024-11-15 00:05:48,532 - fed_utils - INFO - encrypting key [fc3.weight].length : 840, cost time : 0m:6s:794ms
2024-11-15 00:05:48,612 - fed_utils - INFO - encrypting key [fc3.bias].length : 10, cost time : 0m:0s:79ms
2024-11-15 00:05:48,612 - fl_main - INFO - Server receive client_dict[f_00001] info ...
2024-11-15 00:05:48,612 - fl_main - INFO - ----- client id [f_00002] -----
2024-11-15 00:05:48,613 - client_base - INFO - recover model cost time : 0m:0s:0ms
2024-11-15 00:05:48,613 - fl_main - INFO - client_dict[f_00002] training ...
2024-11-15 00:05:48,614 - client_base - INFO - client_dict[f_00002] training epoch : 0
2024-11-15 00:05:49,376 - client_base - INFO - local model train cost time : 0m:0s:762ms
2024-11-15 00:05:49,378 - client_base - INFO - model encode time : 0m:0s:1ms
2024-11-15 00:05:49,378 - fl_main - INFO - client_dict[f_00002] local model encrypting ...
2024-11-15 00:05:50,564 - fed_utils - INFO - encrypting key [conv1.weight].length : 150, cost time : 0m:1s:185ms
2024-11-15 00:05:50,612 - fed_utils - INFO - encrypting key [conv1.bias].length : 6, cost time : 0m:0s:47ms
2024-11-15 00:05:50,612 - fed_utils - INFO - load key [conv2.weight].length : 2400, cost time : 0m:0s:0ms
2024-11-15 00:05:50,612 - fed_utils - INFO - load key [conv2.bias].length : 16, cost time : 0m:0s:0ms
2024-11-15 00:05:50,613 - fed_utils - INFO - load key [fc1.weight].length : 48000, cost time : 0m:0s:0ms
2024-11-15 00:05:50,613 - fed_utils - INFO - load key [fc1.bias].length : 120, cost time : 0m:0s:0ms
2024-11-15 00:05:50,613 - fed_utils - INFO - load key [fc2.weight].length : 10080, cost time : 0m:0s:0ms
2024-11-15 00:05:50,613 - fed_utils - INFO - load key [fc2.bias].length : 84, cost time : 0m:0s:0ms
2024-11-15 00:05:57,259 - fed_utils - INFO - encrypting key [fc3.weight].length : 840, cost time : 0m:6s:645ms
2024-11-15 00:05:57,338 - fed_utils - INFO - encrypting key [fc3.bias].length : 10, cost time : 0m:0s:79ms
2024-11-15 00:05:57,338 - fl_main - INFO - Server receive client_dict[f_00002] info ...
2024-11-15 00:05:57,339 - fl_main - INFO - ----- client id [f_00003] -----
2024-11-15 00:05:57,340 - client_base - INFO - recover model cost time : 0m:0s:0ms
2024-11-15 00:05:57,340 - fl_main - INFO - client_dict[f_00003] training ...
2024-11-15 00:05:57,341 - client_base - INFO - client_dict[f_00003] training epoch : 0
2024-11-15 00:05:58,084 - client_base - INFO - local model train cost time : 0m:0s:743ms
2024-11-15 00:05:58,085 - client_base - INFO - model encode time : 0m:0s:1ms
2024-11-15 00:05:58,085 - fl_main - INFO - client_dict[f_00003] local model encrypting ...
2024-11-15 00:05:59,273 - fed_utils - INFO - encrypting key [conv1.weight].length : 150, cost time : 0m:1s:187ms
2024-11-15 00:05:59,321 - fed_utils - INFO - encrypting key [conv1.bias].length : 6, cost time : 0m:0s:48ms
2024-11-15 00:05:59,321 - fed_utils - INFO - load key [conv2.weight].length : 2400, cost time : 0m:0s:0ms
2024-11-15 00:05:59,321 - fed_utils - INFO - load key [conv2.bias].length : 16, cost time : 0m:0s:0ms
2024-11-15 00:05:59,322 - fed_utils - INFO - load key [fc1.weight].length : 48000, cost time : 0m:0s:0ms
2024-11-15 00:05:59,322 - fed_utils - INFO - load key [fc1.bias].length : 120, cost time : 0m:0s:0ms
2024-11-15 00:05:59,322 - fed_utils - INFO - load key [fc2.weight].length : 10080, cost time : 0m:0s:0ms
2024-11-15 00:05:59,322 - fed_utils - INFO - load key [fc2.bias].length : 84, cost time : 0m:0s:0ms
2024-11-15 00:06:06,095 - fed_utils - INFO - encrypting key [fc3.weight].length : 840, cost time : 0m:6s:772ms
2024-11-15 00:06:06,174 - fed_utils - INFO - encrypting key [fc3.bias].length : 10, cost time : 0m:0s:79ms
2024-11-15 00:06:06,174 - fl_main - INFO - Server receive client_dict[f_00003] info ...
2024-11-15 00:06:06,174 - fl_main - INFO - ----- client id [f_00004] -----
2024-11-15 00:06:06,175 - client_base - INFO - recover model cost time : 0m:0s:0ms
2024-11-15 00:06:06,176 - fl_main - INFO - client_dict[f_00004] training ...
2024-11-15 00:06:06,176 - client_base - INFO - client_dict[f_00004] training epoch : 0
2024-11-15 00:06:06,914 - client_base - INFO - local model train cost time : 0m:0s:737ms
2024-11-15 00:06:06,915 - client_base - INFO - model encode time : 0m:0s:1ms
2024-11-15 00:06:06,915 - fl_main - INFO - client_dict[f_00004] local model encrypting ...
2024-11-15 00:06:08,102 - fed_utils - INFO - encrypting key [conv1.weight].length : 150, cost time : 0m:1s:186ms
2024-11-15 00:06:08,150 - fed_utils - INFO - encrypting key [conv1.bias].length : 6, cost time : 0m:0s:48ms
2024-11-15 00:06:08,150 - fed_utils - INFO - load key [conv2.weight].length : 2400, cost time : 0m:0s:0ms
2024-11-15 00:06:08,150 - fed_utils - INFO - load key [conv2.bias].length : 16, cost time : 0m:0s:0ms
2024-11-15 00:06:08,151 - fed_utils - INFO - load key [fc1.weight].length : 48000, cost time : 0m:0s:0ms
2024-11-15 00:06:08,151 - fed_utils - INFO - load key [fc1.bias].length : 120, cost time : 0m:0s:0ms
2024-11-15 00:06:08,152 - fed_utils - INFO - load key [fc2.weight].length : 10080, cost time : 0m:0s:0ms
2024-11-15 00:06:08,152 - fed_utils - INFO - load key [fc2.bias].length : 84, cost time : 0m:0s:0ms
2024-11-15 00:06:14,797 - fed_utils - INFO - encrypting key [fc3.weight].length : 840, cost time : 0m:6s:645ms
2024-11-15 00:06:14,876 - fed_utils - INFO - encrypting key [fc3.bias].length : 10, cost time : 0m:0s:79ms
2024-11-15 00:06:14,876 - fl_main - INFO - Server receive client_dict[f_00004] info ...
2024-11-15 00:06:14,876 - fl_main - INFO - global aggregation process ...
2024-11-15 00:06:14,877 - fed_utils - INFO - server.n_data : 60000
2024-11-15 00:06:14,877 - fed_utils - INFO - client_dict[f_00000].weight : 0.200000
2024-11-15 00:06:14,877 - fed_utils - INFO - client_dict[f_00001].weight : 0.200000
2024-11-15 00:06:14,877 - fed_utils - INFO - client_dict[f_00002].weight : 0.200000
2024-11-15 00:06:14,877 - fed_utils - INFO - client_dict[f_00003].weight : 0.200000
2024-11-15 00:06:14,877 - fed_utils - INFO - client_dict[f_00004].weight : 0.200000
2024-11-15 00:06:14,877 - fed_utils - INFO - recover secret number by clients: 722.400000
2024-11-15 00:06:14,877 - server_base - INFO - Server aggregate model with homomorphic encryption ...
2024-11-15 00:06:16,317 - server_base - INFO - Server aggregate model done, cost time : 0m:1s:440ms
2024-11-15 00:06:16,793 - fed_utils - INFO - decrypting key [conv1.weight].shape [torch.Size([6, 1, 5, 5])]
2024-11-15 00:06:16,806 - fed_utils - INFO - decrypting key [conv1.bias].shape [torch.Size([6])]
2024-11-15 00:06:16,807 - fed_utils - INFO - decrypting key [conv2.weight].shape [torch.Size([16, 6, 5, 5])]
2024-11-15 00:06:16,807 - fed_utils - INFO - decrypting key [conv2.bias].shape [torch.Size([16])]
2024-11-15 00:06:16,807 - fed_utils - INFO - decrypting key [fc1.weight].shape [torch.Size([120, 400])]
2024-11-15 00:06:16,807 - fed_utils - INFO - decrypting key [fc1.bias].shape [torch.Size([120])]
2024-11-15 00:06:16,807 - fed_utils - INFO - decrypting key [fc2.weight].shape [torch.Size([84, 120])]
2024-11-15 00:06:16,807 - fed_utils - INFO - decrypting key [fc2.bias].shape [torch.Size([84])]
2024-11-15 00:06:18,720 - fed_utils - INFO - decrypting key [fc3.weight].shape [torch.Size([10, 84])]
2024-11-15 00:06:18,743 - fed_utils - INFO - decrypting key [fc3.bias].shape [torch.Size([10])]
2024-11-15 00:06:18,743 - fed_utils - INFO - decrypt time : [0m:2s:425ms]
2024-11-15 00:06:18,746 - fl_main - INFO - [global round : 5] aggregated model accuracy : 0.9189
2024-11-15 00:06:18,746 - fl_main - INFO - [global round : 5] aggregated model loss : 0.28478380061158987
2024-11-15 00:06:18,746 - fl_main - INFO - global round : 6
2024-11-15 00:06:18,746 - fl_main - INFO - the random client id to test accuracy : f_00002
2024-11-15 00:06:18,747 - fl_main - INFO - ----- client id [f_00000] -----
2024-11-15 00:06:18,748 - client_base - INFO - recover model cost time : 0m:0s:0ms
2024-11-15 00:06:18,748 - fl_main - INFO - client_dict[f_00000] training ...
2024-11-15 00:06:18,749 - client_base - INFO - client_dict[f_00000] training epoch : 0
2024-11-15 00:06:19,504 - client_base - INFO - local model train cost time : 0m:0s:755ms
2024-11-15 00:06:19,506 - client_base - INFO - model encode time : 0m:0s:1ms
2024-11-15 00:06:19,506 - fl_main - INFO - client_dict[f_00000] local model encrypting ...
2024-11-15 00:06:20,693 - fed_utils - INFO - encrypting key [conv1.weight].length : 150, cost time : 0m:1s:186ms
2024-11-15 00:06:20,742 - fed_utils - INFO - encrypting key [conv1.bias].length : 6, cost time : 0m:0s:48ms
2024-11-15 00:06:20,742 - fed_utils - INFO - load key [conv2.weight].length : 2400, cost time : 0m:0s:0ms
2024-11-15 00:06:20,742 - fed_utils - INFO - load key [conv2.bias].length : 16, cost time : 0m:0s:0ms
2024-11-15 00:06:20,743 - fed_utils - INFO - load key [fc1.weight].length : 48000, cost time : 0m:0s:0ms
2024-11-15 00:06:20,743 - fed_utils - INFO - load key [fc1.bias].length : 120, cost time : 0m:0s:0ms
2024-11-15 00:06:20,743 - fed_utils - INFO - load key [fc2.weight].length : 10080, cost time : 0m:0s:0ms
2024-11-15 00:06:20,743 - fed_utils - INFO - load key [fc2.bias].length : 84, cost time : 0m:0s:0ms
2024-11-15 00:06:27,389 - fed_utils - INFO - encrypting key [fc3.weight].length : 840, cost time : 0m:6s:645ms
2024-11-15 00:06:27,469 - fed_utils - INFO - encrypting key [fc3.bias].length : 10, cost time : 0m:0s:79ms
2024-11-15 00:06:27,470 - fl_main - INFO - Server receive client_dict[f_00000] info ...
2024-11-15 00:06:27,470 - fl_main - INFO - ----- client id [f_00001] -----
2024-11-15 00:06:27,471 - client_base - INFO - recover model cost time : 0m:0s:0ms
2024-11-15 00:06:27,471 - fl_main - INFO - client_dict[f_00001] training ...
2024-11-15 00:06:27,472 - client_base - INFO - client_dict[f_00001] training epoch : 0
2024-11-15 00:06:28,240 - client_base - INFO - local model train cost time : 0m:0s:768ms
2024-11-15 00:06:28,241 - client_base - INFO - model encode time : 0m:0s:1ms
2024-11-15 00:06:28,241 - fl_main - INFO - client_dict[f_00001] local model encrypting ...
2024-11-15 00:06:29,428 - fed_utils - INFO - encrypting key [conv1.weight].length : 150, cost time : 0m:1s:186ms
2024-11-15 00:06:29,477 - fed_utils - INFO - encrypting key [conv1.bias].length : 6, cost time : 0m:0s:48ms
2024-11-15 00:06:29,477 - fed_utils - INFO - load key [conv2.weight].length : 2400, cost time : 0m:0s:0ms
2024-11-15 00:06:29,477 - fed_utils - INFO - load key [conv2.bias].length : 16, cost time : 0m:0s:0ms
2024-11-15 00:06:29,478 - fed_utils - INFO - load key [fc1.weight].length : 48000, cost time : 0m:0s:0ms
2024-11-15 00:06:29,478 - fed_utils - INFO - load key [fc1.bias].length : 120, cost time : 0m:0s:0ms
2024-11-15 00:06:29,478 - fed_utils - INFO - load key [fc2.weight].length : 10080, cost time : 0m:0s:0ms
2024-11-15 00:06:29,478 - fed_utils - INFO - load key [fc2.bias].length : 84, cost time : 0m:0s:0ms
2024-11-15 00:06:36,237 - fed_utils - INFO - encrypting key [fc3.weight].length : 840, cost time : 0m:6s:759ms
2024-11-15 00:06:36,317 - fed_utils - INFO - encrypting key [fc3.bias].length : 10, cost time : 0m:0s:79ms
2024-11-15 00:06:36,317 - fl_main - INFO - Server receive client_dict[f_00001] info ...
2024-11-15 00:06:36,317 - fl_main - INFO - ----- client id [f_00002] -----
2024-11-15 00:06:36,318 - client_base - INFO - recover model cost time : 0m:0s:0ms
2024-11-15 00:06:37,117 - fl_main - INFO - global round [6] client_dict[f_00002].accuracy : 0.934100
2024-11-15 00:06:37,117 - fl_main - INFO - client_dict[f_00002] training ...
2024-11-15 00:06:37,117 - client_base - INFO - client_dict[f_00002] training epoch : 0
2024-11-15 00:06:37,866 - client_base - INFO - local model train cost time : 0m:0s:748ms
2024-11-15 00:06:37,867 - client_base - INFO - model encode time : 0m:0s:1ms
2024-11-15 00:06:37,867 - fl_main - INFO - client_dict[f_00002] local model encrypting ...
2024-11-15 00:06:39,055 - fed_utils - INFO - encrypting key [conv1.weight].length : 150, cost time : 0m:1s:187ms
2024-11-15 00:06:39,103 - fed_utils - INFO - encrypting key [conv1.bias].length : 6, cost time : 0m:0s:48ms
2024-11-15 00:06:39,103 - fed_utils - INFO - load key [conv2.weight].length : 2400, cost time : 0m:0s:0ms
2024-11-15 00:06:39,103 - fed_utils - INFO - load key [conv2.bias].length : 16, cost time : 0m:0s:0ms
2024-11-15 00:06:39,104 - fed_utils - INFO - load key [fc1.weight].length : 48000, cost time : 0m:0s:0ms
2024-11-15 00:06:39,104 - fed_utils - INFO - load key [fc1.bias].length : 120, cost time : 0m:0s:0ms
2024-11-15 00:06:39,104 - fed_utils - INFO - load key [fc2.weight].length : 10080, cost time : 0m:0s:0ms
2024-11-15 00:06:39,104 - fed_utils - INFO - load key [fc2.bias].length : 84, cost time : 0m:0s:0ms
2024-11-15 00:06:45,750 - fed_utils - INFO - encrypting key [fc3.weight].length : 840, cost time : 0m:6s:645ms
2024-11-15 00:06:45,830 - fed_utils - INFO - encrypting key [fc3.bias].length : 10, cost time : 0m:0s:79ms
2024-11-15 00:06:45,830 - fl_main - INFO - Server receive client_dict[f_00002] info ...
2024-11-15 00:06:45,830 - fl_main - INFO - ----- client id [f_00003] -----
2024-11-15 00:06:45,831 - client_base - INFO - recover model cost time : 0m:0s:0ms
2024-11-15 00:06:45,831 - fl_main - INFO - client_dict[f_00003] training ...
2024-11-15 00:06:45,832 - client_base - INFO - client_dict[f_00003] training epoch : 0
2024-11-15 00:06:46,774 - client_base - INFO - local model train cost time : 0m:0s:942ms
2024-11-15 00:06:46,776 - client_base - INFO - model encode time : 0m:0s:2ms
2024-11-15 00:06:46,777 - fl_main - INFO - client_dict[f_00003] local model encrypting ...
2024-11-15 00:06:47,984 - fed_utils - INFO - encrypting key [conv1.weight].length : 150, cost time : 0m:1s:207ms
2024-11-15 00:06:48,032 - fed_utils - INFO - encrypting key [conv1.bias].length : 6, cost time : 0m:0s:47ms
2024-11-15 00:06:48,032 - fed_utils - INFO - load key [conv2.weight].length : 2400, cost time : 0m:0s:0ms
2024-11-15 00:06:48,032 - fed_utils - INFO - load key [conv2.bias].length : 16, cost time : 0m:0s:0ms
2024-11-15 00:06:48,033 - fed_utils - INFO - load key [fc1.weight].length : 48000, cost time : 0m:0s:0ms
2024-11-15 00:06:48,033 - fed_utils - INFO - load key [fc1.bias].length : 120, cost time : 0m:0s:0ms
2024-11-15 00:06:48,033 - fed_utils - INFO - load key [fc2.weight].length : 10080, cost time : 0m:0s:0ms
2024-11-15 00:06:48,033 - fed_utils - INFO - load key [fc2.bias].length : 84, cost time : 0m:0s:0ms
2024-11-15 00:06:54,682 - fed_utils - INFO - encrypting key [fc3.weight].length : 840, cost time : 0m:6s:648ms
2024-11-15 00:06:54,762 - fed_utils - INFO - encrypting key [fc3.bias].length : 10, cost time : 0m:0s:79ms
2024-11-15 00:06:54,762 - fl_main - INFO - Server receive client_dict[f_00003] info ...
2024-11-15 00:06:54,762 - fl_main - INFO - ----- client id [f_00004] -----
2024-11-15 00:06:54,763 - client_base - INFO - recover model cost time : 0m:0s:0ms
2024-11-15 00:06:54,763 - fl_main - INFO - client_dict[f_00004] training ...
2024-11-15 00:06:54,764 - client_base - INFO - client_dict[f_00004] training epoch : 0
2024-11-15 00:06:55,508 - client_base - INFO - local model train cost time : 0m:0s:744ms
2024-11-15 00:06:55,509 - client_base - INFO - model encode time : 0m:0s:1ms
2024-11-15 00:06:55,510 - fl_main - INFO - client_dict[f_00004] local model encrypting ...
2024-11-15 00:06:56,697 - fed_utils - INFO - encrypting key [conv1.weight].length : 150, cost time : 0m:1s:187ms
2024-11-15 00:06:56,745 - fed_utils - INFO - encrypting key [conv1.bias].length : 6, cost time : 0m:0s:48ms
2024-11-15 00:06:56,745 - fed_utils - INFO - load key [conv2.weight].length : 2400, cost time : 0m:0s:0ms
2024-11-15 00:06:56,745 - fed_utils - INFO - load key [conv2.bias].length : 16, cost time : 0m:0s:0ms
2024-11-15 00:06:56,746 - fed_utils - INFO - load key [fc1.weight].length : 48000, cost time : 0m:0s:0ms
2024-11-15 00:06:56,746 - fed_utils - INFO - load key [fc1.bias].length : 120, cost time : 0m:0s:0ms
2024-11-15 00:06:56,746 - fed_utils - INFO - load key [fc2.weight].length : 10080, cost time : 0m:0s:0ms
2024-11-15 00:06:56,746 - fed_utils - INFO - load key [fc2.bias].length : 84, cost time : 0m:0s:0ms
2024-11-15 00:07:03,515 - fed_utils - INFO - encrypting key [fc3.weight].length : 840, cost time : 0m:6s:768ms
2024-11-15 00:07:03,595 - fed_utils - INFO - encrypting key [fc3.bias].length : 10, cost time : 0m:0s:79ms
2024-11-15 00:07:03,595 - fl_main - INFO - Server receive client_dict[f_00004] info ...
2024-11-15 00:07:03,595 - fl_main - INFO - global aggregation process ...
2024-11-15 00:07:03,595 - fed_utils - INFO - server.n_data : 60000
2024-11-15 00:07:03,595 - fed_utils - INFO - client_dict[f_00000].weight : 0.200000
2024-11-15 00:07:03,595 - fed_utils - INFO - client_dict[f_00001].weight : 0.200000
2024-11-15 00:07:03,595 - fed_utils - INFO - client_dict[f_00002].weight : 0.200000
2024-11-15 00:07:03,595 - fed_utils - INFO - client_dict[f_00003].weight : 0.200000
2024-11-15 00:07:03,595 - fed_utils - INFO - client_dict[f_00004].weight : 0.200000
2024-11-15 00:07:03,595 - fed_utils - INFO - recover secret number by clients: 722.400000
2024-11-15 00:07:03,595 - server_base - INFO - Server aggregate model with homomorphic encryption ...
2024-11-15 00:07:05,058 - server_base - INFO - Server aggregate model done, cost time : 0m:1s:462ms
2024-11-15 00:07:05,400 - fed_utils - INFO - decrypting key [conv1.weight].shape [torch.Size([6, 1, 5, 5])]
2024-11-15 00:07:05,413 - fed_utils - INFO - decrypting key [conv1.bias].shape [torch.Size([6])]
2024-11-15 00:07:05,414 - fed_utils - INFO - decrypting key [conv2.weight].shape [torch.Size([16, 6, 5, 5])]
2024-11-15 00:07:05,414 - fed_utils - INFO - decrypting key [conv2.bias].shape [torch.Size([16])]
2024-11-15 00:07:05,414 - fed_utils - INFO - decrypting key [fc1.weight].shape [torch.Size([120, 400])]
2024-11-15 00:07:05,414 - fed_utils - INFO - decrypting key [fc1.bias].shape [torch.Size([120])]
2024-11-15 00:07:05,414 - fed_utils - INFO - decrypting key [fc2.weight].shape [torch.Size([84, 120])]
2024-11-15 00:07:05,414 - fed_utils - INFO - decrypting key [fc2.bias].shape [torch.Size([84])]
2024-11-15 00:07:07,329 - fed_utils - INFO - decrypting key [fc3.weight].shape [torch.Size([10, 84])]
2024-11-15 00:07:07,352 - fed_utils - INFO - decrypting key [fc3.bias].shape [torch.Size([10])]
2024-11-15 00:07:07,352 - fed_utils - INFO - decrypt time : [0m:2s:294ms]
2024-11-15 00:07:07,355 - fl_main - INFO - [global round : 6] aggregated model accuracy : 0.9341
2024-11-15 00:07:07,355 - fl_main - INFO - [global round : 6] aggregated model loss : 0.3177205455896003
2024-11-15 00:07:07,355 - fl_main - INFO - global round : 7
2024-11-15 00:07:07,356 - fl_main - INFO - the random client id to test accuracy : f_00001
2024-11-15 00:07:07,356 - fl_main - INFO - ----- client id [f_00000] -----
2024-11-15 00:07:07,357 - client_base - INFO - recover model cost time : 0m:0s:0ms
2024-11-15 00:07:07,357 - fl_main - INFO - client_dict[f_00000] training ...
2024-11-15 00:07:07,358 - client_base - INFO - client_dict[f_00000] training epoch : 0
2024-11-15 00:07:08,102 - client_base - INFO - local model train cost time : 0m:0s:744ms
2024-11-15 00:07:08,103 - client_base - INFO - model encode time : 0m:0s:1ms
2024-11-15 00:07:08,103 - fl_main - INFO - client_dict[f_00000] local model encrypting ...
2024-11-15 00:07:09,290 - fed_utils - INFO - encrypting key [conv1.weight].length : 150, cost time : 0m:1s:186ms
2024-11-15 00:07:09,338 - fed_utils - INFO - encrypting key [conv1.bias].length : 6, cost time : 0m:0s:48ms
2024-11-15 00:07:09,338 - fed_utils - INFO - load key [conv2.weight].length : 2400, cost time : 0m:0s:0ms
2024-11-15 00:07:09,338 - fed_utils - INFO - load key [conv2.bias].length : 16, cost time : 0m:0s:0ms
2024-11-15 00:07:09,339 - fed_utils - INFO - load key [fc1.weight].length : 48000, cost time : 0m:0s:0ms
2024-11-15 00:07:09,339 - fed_utils - INFO - load key [fc1.bias].length : 120, cost time : 0m:0s:0ms
2024-11-15 00:07:09,340 - fed_utils - INFO - load key [fc2.weight].length : 10080, cost time : 0m:0s:0ms
2024-11-15 00:07:09,340 - fed_utils - INFO - load key [fc2.bias].length : 84, cost time : 0m:0s:0ms
2024-11-15 00:07:15,983 - fed_utils - INFO - encrypting key [fc3.weight].length : 840, cost time : 0m:6s:643ms
2024-11-15 00:07:16,063 - fed_utils - INFO - encrypting key [fc3.bias].length : 10, cost time : 0m:0s:79ms
2024-11-15 00:07:16,064 - fl_main - INFO - Server receive client_dict[f_00000] info ...
2024-11-15 00:07:16,064 - fl_main - INFO - ----- client id [f_00001] -----
2024-11-15 00:07:16,065 - client_base - INFO - recover model cost time : 0m:0s:0ms
2024-11-15 00:07:16,987 - fl_main - INFO - global round [7] client_dict[f_00001].accuracy : 0.941700
2024-11-15 00:07:16,987 - fl_main - INFO - client_dict[f_00001] training ...
2024-11-15 00:07:16,987 - client_base - INFO - client_dict[f_00001] training epoch : 0
2024-11-15 00:07:17,725 - client_base - INFO - local model train cost time : 0m:0s:737ms
2024-11-15 00:07:17,726 - client_base - INFO - model encode time : 0m:0s:1ms
2024-11-15 00:07:17,727 - fl_main - INFO - client_dict[f_00001] local model encrypting ...
2024-11-15 00:07:18,914 - fed_utils - INFO - encrypting key [conv1.weight].length : 150, cost time : 0m:1s:186ms
2024-11-15 00:07:18,962 - fed_utils - INFO - encrypting key [conv1.bias].length : 6, cost time : 0m:0s:48ms
2024-11-15 00:07:18,962 - fed_utils - INFO - load key [conv2.weight].length : 2400, cost time : 0m:0s:0ms
2024-11-15 00:07:18,962 - fed_utils - INFO - load key [conv2.bias].length : 16, cost time : 0m:0s:0ms
2024-11-15 00:07:18,963 - fed_utils - INFO - load key [fc1.weight].length : 48000, cost time : 0m:0s:0ms
2024-11-15 00:07:18,963 - fed_utils - INFO - load key [fc1.bias].length : 120, cost time : 0m:0s:0ms
2024-11-15 00:07:18,963 - fed_utils - INFO - load key [fc2.weight].length : 10080, cost time : 0m:0s:0ms
2024-11-15 00:07:18,963 - fed_utils - INFO - load key [fc2.bias].length : 84, cost time : 0m:0s:0ms
2024-11-15 00:07:25,607 - fed_utils - INFO - encrypting key [fc3.weight].length : 840, cost time : 0m:6s:643ms
2024-11-15 00:07:25,687 - fed_utils - INFO - encrypting key [fc3.bias].length : 10, cost time : 0m:0s:79ms
2024-11-15 00:07:25,687 - fl_main - INFO - Server receive client_dict[f_00001] info ...
2024-11-15 00:07:25,687 - fl_main - INFO - ----- client id [f_00002] -----
2024-11-15 00:07:25,688 - client_base - INFO - recover model cost time : 0m:0s:0ms
2024-11-15 00:07:25,688 - fl_main - INFO - client_dict[f_00002] training ...
2024-11-15 00:07:25,689 - client_base - INFO - client_dict[f_00002] training epoch : 0
2024-11-15 00:07:26,437 - client_base - INFO - local model train cost time : 0m:0s:748ms
2024-11-15 00:07:26,439 - client_base - INFO - model encode time : 0m:0s:1ms
2024-11-15 00:07:26,439 - fl_main - INFO - client_dict[f_00002] local model encrypting ...
2024-11-15 00:07:27,625 - fed_utils - INFO - encrypting key [conv1.weight].length : 150, cost time : 0m:1s:186ms
2024-11-15 00:07:27,674 - fed_utils - INFO - encrypting key [conv1.bias].length : 6, cost time : 0m:0s:48ms
2024-11-15 00:07:27,674 - fed_utils - INFO - load key [conv2.weight].length : 2400, cost time : 0m:0s:0ms
2024-11-15 00:07:27,674 - fed_utils - INFO - load key [conv2.bias].length : 16, cost time : 0m:0s:0ms
2024-11-15 00:07:27,675 - fed_utils - INFO - load key [fc1.weight].length : 48000, cost time : 0m:0s:0ms
2024-11-15 00:07:27,675 - fed_utils - INFO - load key [fc1.bias].length : 120, cost time : 0m:0s:0ms
2024-11-15 00:07:27,675 - fed_utils - INFO - load key [fc2.weight].length : 10080, cost time : 0m:0s:0ms
2024-11-15 00:07:27,675 - fed_utils - INFO - load key [fc2.bias].length : 84, cost time : 0m:0s:0ms
2024-11-15 00:07:34,448 - fed_utils - INFO - encrypting key [fc3.weight].length : 840, cost time : 0m:6s:772ms
2024-11-15 00:07:34,527 - fed_utils - INFO - encrypting key [fc3.bias].length : 10, cost time : 0m:0s:79ms
2024-11-15 00:07:34,527 - fl_main - INFO - Server receive client_dict[f_00002] info ...
2024-11-15 00:07:34,527 - fl_main - INFO - ----- client id [f_00003] -----
2024-11-15 00:07:34,528 - client_base - INFO - recover model cost time : 0m:0s:0ms
2024-11-15 00:07:34,529 - fl_main - INFO - client_dict[f_00003] training ...
2024-11-15 00:07:34,529 - client_base - INFO - client_dict[f_00003] training epoch : 0
2024-11-15 00:07:35,290 - client_base - INFO - local model train cost time : 0m:0s:761ms
2024-11-15 00:07:35,292 - client_base - INFO - model encode time : 0m:0s:1ms
2024-11-15 00:07:35,292 - fl_main - INFO - client_dict[f_00003] local model encrypting ...
2024-11-15 00:07:36,479 - fed_utils - INFO - encrypting key [conv1.weight].length : 150, cost time : 0m:1s:187ms
2024-11-15 00:07:36,527 - fed_utils - INFO - encrypting key [conv1.bias].length : 6, cost time : 0m:0s:47ms
2024-11-15 00:07:36,527 - fed_utils - INFO - load key [conv2.weight].length : 2400, cost time : 0m:0s:0ms
2024-11-15 00:07:36,527 - fed_utils - INFO - load key [conv2.bias].length : 16, cost time : 0m:0s:0ms
2024-11-15 00:07:36,528 - fed_utils - INFO - load key [fc1.weight].length : 48000, cost time : 0m:0s:0ms
2024-11-15 00:07:36,528 - fed_utils - INFO - load key [fc1.bias].length : 120, cost time : 0m:0s:0ms
2024-11-15 00:07:36,529 - fed_utils - INFO - load key [fc2.weight].length : 10080, cost time : 0m:0s:0ms
2024-11-15 00:07:36,529 - fed_utils - INFO - load key [fc2.bias].length : 84, cost time : 0m:0s:0ms
2024-11-15 00:07:43,173 - fed_utils - INFO - encrypting key [fc3.weight].length : 840, cost time : 0m:6s:644ms
2024-11-15 00:07:43,253 - fed_utils - INFO - encrypting key [fc3.bias].length : 10, cost time : 0m:0s:79ms
2024-11-15 00:07:43,253 - fl_main - INFO - Server receive client_dict[f_00003] info ...
2024-11-15 00:07:43,253 - fl_main - INFO - ----- client id [f_00004] -----
2024-11-15 00:07:43,254 - client_base - INFO - recover model cost time : 0m:0s:0ms
2024-11-15 00:07:43,254 - fl_main - INFO - client_dict[f_00004] training ...
2024-11-15 00:07:43,255 - client_base - INFO - client_dict[f_00004] training epoch : 0
2024-11-15 00:07:44,014 - client_base - INFO - local model train cost time : 0m:0s:759ms
2024-11-15 00:07:44,016 - client_base - INFO - model encode time : 0m:0s:1ms
2024-11-15 00:07:44,016 - fl_main - INFO - client_dict[f_00004] local model encrypting ...
2024-11-15 00:07:45,203 - fed_utils - INFO - encrypting key [conv1.weight].length : 150, cost time : 0m:1s:187ms
2024-11-15 00:07:45,251 - fed_utils - INFO - encrypting key [conv1.bias].length : 6, cost time : 0m:0s:48ms
2024-11-15 00:07:45,251 - fed_utils - INFO - load key [conv2.weight].length : 2400, cost time : 0m:0s:0ms
2024-11-15 00:07:45,252 - fed_utils - INFO - load key [conv2.bias].length : 16, cost time : 0m:0s:0ms
2024-11-15 00:07:45,252 - fed_utils - INFO - load key [fc1.weight].length : 48000, cost time : 0m:0s:0ms
2024-11-15 00:07:45,252 - fed_utils - INFO - load key [fc1.bias].length : 120, cost time : 0m:0s:0ms
2024-11-15 00:07:45,253 - fed_utils - INFO - load key [fc2.weight].length : 10080, cost time : 0m:0s:0ms
2024-11-15 00:07:45,253 - fed_utils - INFO - load key [fc2.bias].length : 84, cost time : 0m:0s:0ms
2024-11-15 00:07:52,051 - fed_utils - INFO - encrypting key [fc3.weight].length : 840, cost time : 0m:6s:798ms
2024-11-15 00:07:52,131 - fed_utils - INFO - encrypting key [fc3.bias].length : 10, cost time : 0m:0s:79ms
2024-11-15 00:07:52,131 - fl_main - INFO - Server receive client_dict[f_00004] info ...
2024-11-15 00:07:52,131 - fl_main - INFO - global aggregation process ...
2024-11-15 00:07:52,131 - fed_utils - INFO - server.n_data : 60000
2024-11-15 00:07:52,131 - fed_utils - INFO - client_dict[f_00000].weight : 0.200000
2024-11-15 00:07:52,131 - fed_utils - INFO - client_dict[f_00001].weight : 0.200000
2024-11-15 00:07:52,131 - fed_utils - INFO - client_dict[f_00002].weight : 0.200000
2024-11-15 00:07:52,131 - fed_utils - INFO - client_dict[f_00003].weight : 0.200000
2024-11-15 00:07:52,131 - fed_utils - INFO - client_dict[f_00004].weight : 0.200000
2024-11-15 00:07:52,131 - fed_utils - INFO - recover secret number by clients: 722.400000
2024-11-15 00:07:52,131 - server_base - INFO - Server aggregate model with homomorphic encryption ...
2024-11-15 00:07:53,571 - server_base - INFO - Server aggregate model done, cost time : 0m:1s:439ms
2024-11-15 00:07:53,913 - fed_utils - INFO - decrypting key [conv1.weight].shape [torch.Size([6, 1, 5, 5])]
2024-11-15 00:07:53,926 - fed_utils - INFO - decrypting key [conv1.bias].shape [torch.Size([6])]
2024-11-15 00:07:53,927 - fed_utils - INFO - decrypting key [conv2.weight].shape [torch.Size([16, 6, 5, 5])]
2024-11-15 00:07:53,927 - fed_utils - INFO - decrypting key [conv2.bias].shape [torch.Size([16])]
2024-11-15 00:07:53,927 - fed_utils - INFO - decrypting key [fc1.weight].shape [torch.Size([120, 400])]
2024-11-15 00:07:53,927 - fed_utils - INFO - decrypting key [fc1.bias].shape [torch.Size([120])]
2024-11-15 00:07:53,927 - fed_utils - INFO - decrypting key [fc2.weight].shape [torch.Size([84, 120])]
2024-11-15 00:07:53,927 - fed_utils - INFO - decrypting key [fc2.bias].shape [torch.Size([84])]
2024-11-15 00:07:55,854 - fed_utils - INFO - decrypting key [fc3.weight].shape [torch.Size([10, 84])]
2024-11-15 00:07:55,877 - fed_utils - INFO - decrypting key [fc3.bias].shape [torch.Size([10])]
2024-11-15 00:07:55,877 - fed_utils - INFO - decrypt time : [0m:2s:306ms]
2024-11-15 00:07:55,880 - fl_main - INFO - [global round : 7] aggregated model accuracy : 0.9417000000000001
2024-11-15 00:07:55,880 - fl_main - INFO - [global round : 7] aggregated model loss : 0.14464096372712493
2024-11-15 00:07:55,880 - fl_main - INFO - global round : 8
2024-11-15 00:07:55,881 - fl_main - INFO - the random client id to test accuracy : f_00004
2024-11-15 00:07:55,881 - fl_main - INFO - ----- client id [f_00000] -----
2024-11-15 00:07:55,882 - client_base - INFO - recover model cost time : 0m:0s:0ms
2024-11-15 00:07:55,882 - fl_main - INFO - client_dict[f_00000] training ...
2024-11-15 00:07:55,883 - client_base - INFO - client_dict[f_00000] training epoch : 0
2024-11-15 00:07:56,628 - client_base - INFO - local model train cost time : 0m:0s:745ms
2024-11-15 00:07:56,630 - client_base - INFO - model encode time : 0m:0s:1ms
2024-11-15 00:07:56,630 - fl_main - INFO - client_dict[f_00000] local model encrypting ...
2024-11-15 00:07:57,818 - fed_utils - INFO - encrypting key [conv1.weight].length : 150, cost time : 0m:1s:187ms
2024-11-15 00:07:57,866 - fed_utils - INFO - encrypting key [conv1.bias].length : 6, cost time : 0m:0s:48ms
2024-11-15 00:07:57,866 - fed_utils - INFO - load key [conv2.weight].length : 2400, cost time : 0m:0s:0ms
2024-11-15 00:07:57,866 - fed_utils - INFO - load key [conv2.bias].length : 16, cost time : 0m:0s:0ms
2024-11-15 00:07:57,867 - fed_utils - INFO - load key [fc1.weight].length : 48000, cost time : 0m:0s:0ms
2024-11-15 00:07:57,867 - fed_utils - INFO - load key [fc1.bias].length : 120, cost time : 0m:0s:0ms
2024-11-15 00:07:57,867 - fed_utils - INFO - load key [fc2.weight].length : 10080, cost time : 0m:0s:0ms
2024-11-15 00:07:57,867 - fed_utils - INFO - load key [fc2.bias].length : 84, cost time : 0m:0s:0ms
2024-11-15 00:08:04,657 - fed_utils - INFO - encrypting key [fc3.weight].length : 840, cost time : 0m:6s:789ms
2024-11-15 00:08:04,736 - fed_utils - INFO - encrypting key [fc3.bias].length : 10, cost time : 0m:0s:79ms
2024-11-15 00:08:04,737 - fl_main - INFO - Server receive client_dict[f_00000] info ...
2024-11-15 00:08:04,737 - fl_main - INFO - ----- client id [f_00001] -----
2024-11-15 00:08:04,738 - client_base - INFO - recover model cost time : 0m:0s:0ms
2024-11-15 00:08:04,739 - fl_main - INFO - client_dict[f_00001] training ...
2024-11-15 00:08:04,739 - client_base - INFO - client_dict[f_00001] training epoch : 0
2024-11-15 00:08:05,478 - client_base - INFO - local model train cost time : 0m:0s:738ms
2024-11-15 00:08:05,479 - client_base - INFO - model encode time : 0m:0s:1ms
2024-11-15 00:08:05,479 - fl_main - INFO - client_dict[f_00001] local model encrypting ...
2024-11-15 00:08:06,666 - fed_utils - INFO - encrypting key [conv1.weight].length : 150, cost time : 0m:1s:186ms
2024-11-15 00:08:06,714 - fed_utils - INFO - encrypting key [conv1.bias].length : 6, cost time : 0m:0s:48ms
2024-11-15 00:08:06,714 - fed_utils - INFO - load key [conv2.weight].length : 2400, cost time : 0m:0s:0ms
2024-11-15 00:08:06,714 - fed_utils - INFO - load key [conv2.bias].length : 16, cost time : 0m:0s:0ms
2024-11-15 00:08:06,715 - fed_utils - INFO - load key [fc1.weight].length : 48000, cost time : 0m:0s:0ms
2024-11-15 00:08:06,715 - fed_utils - INFO - load key [fc1.bias].length : 120, cost time : 0m:0s:0ms
2024-11-15 00:08:06,715 - fed_utils - INFO - load key [fc2.weight].length : 10080, cost time : 0m:0s:0ms
2024-11-15 00:08:06,715 - fed_utils - INFO - load key [fc2.bias].length : 84, cost time : 0m:0s:0ms
2024-11-15 00:08:13,359 - fed_utils - INFO - encrypting key [fc3.weight].length : 840, cost time : 0m:6s:643ms
2024-11-15 00:08:13,438 - fed_utils - INFO - encrypting key [fc3.bias].length : 10, cost time : 0m:0s:79ms
2024-11-15 00:08:13,438 - fl_main - INFO - Server receive client_dict[f_00001] info ...
2024-11-15 00:08:13,438 - fl_main - INFO - ----- client id [f_00002] -----
2024-11-15 00:08:13,439 - client_base - INFO - recover model cost time : 0m:0s:0ms
2024-11-15 00:08:13,439 - fl_main - INFO - client_dict[f_00002] training ...
2024-11-15 00:08:13,440 - client_base - INFO - client_dict[f_00002] training epoch : 0
2024-11-15 00:08:14,198 - client_base - INFO - local model train cost time : 0m:0s:757ms
2024-11-15 00:08:14,199 - client_base - INFO - model encode time : 0m:0s:1ms
2024-11-15 00:08:14,199 - fl_main - INFO - client_dict[f_00002] local model encrypting ...
2024-11-15 00:08:15,386 - fed_utils - INFO - encrypting key [conv1.weight].length : 150, cost time : 0m:1s:186ms
2024-11-15 00:08:15,434 - fed_utils - INFO - encrypting key [conv1.bias].length : 6, cost time : 0m:0s:47ms
2024-11-15 00:08:15,434 - fed_utils - INFO - load key [conv2.weight].length : 2400, cost time : 0m:0s:0ms
2024-11-15 00:08:15,434 - fed_utils - INFO - load key [conv2.bias].length : 16, cost time : 0m:0s:0ms
2024-11-15 00:08:15,435 - fed_utils - INFO - load key [fc1.weight].length : 48000, cost time : 0m:0s:0ms
2024-11-15 00:08:15,435 - fed_utils - INFO - load key [fc1.bias].length : 120, cost time : 0m:0s:0ms
2024-11-15 00:08:15,435 - fed_utils - INFO - load key [fc2.weight].length : 10080, cost time : 0m:0s:0ms
2024-11-15 00:08:15,435 - fed_utils - INFO - load key [fc2.bias].length : 84, cost time : 0m:0s:0ms
2024-11-15 00:08:22,192 - fed_utils - INFO - encrypting key [fc3.weight].length : 840, cost time : 0m:6s:756ms
2024-11-15 00:08:22,272 - fed_utils - INFO - encrypting key [fc3.bias].length : 10, cost time : 0m:0s:79ms
2024-11-15 00:08:22,272 - fl_main - INFO - Server receive client_dict[f_00002] info ...
2024-11-15 00:08:22,272 - fl_main - INFO - ----- client id [f_00003] -----
2024-11-15 00:08:22,273 - client_base - INFO - recover model cost time : 0m:0s:0ms
2024-11-15 00:08:22,273 - fl_main - INFO - client_dict[f_00003] training ...
2024-11-15 00:08:22,274 - client_base - INFO - client_dict[f_00003] training epoch : 0
2024-11-15 00:08:23,037 - client_base - INFO - local model train cost time : 0m:0s:762ms
2024-11-15 00:08:23,038 - client_base - INFO - model encode time : 0m:0s:1ms
2024-11-15 00:08:23,038 - fl_main - INFO - client_dict[f_00003] local model encrypting ...
2024-11-15 00:08:24,228 - fed_utils - INFO - encrypting key [conv1.weight].length : 150, cost time : 0m:1s:189ms
2024-11-15 00:08:24,276 - fed_utils - INFO - encrypting key [conv1.bias].length : 6, cost time : 0m:0s:48ms
2024-11-15 00:08:24,276 - fed_utils - INFO - load key [conv2.weight].length : 2400, cost time : 0m:0s:0ms
2024-11-15 00:08:24,276 - fed_utils - INFO - load key [conv2.bias].length : 16, cost time : 0m:0s:0ms
2024-11-15 00:08:24,277 - fed_utils - INFO - load key [fc1.weight].length : 48000, cost time : 0m:0s:0ms
2024-11-15 00:08:24,277 - fed_utils - INFO - load key [fc1.bias].length : 120, cost time : 0m:0s:0ms
2024-11-15 00:08:24,277 - fed_utils - INFO - load key [fc2.weight].length : 10080, cost time : 0m:0s:0ms
2024-11-15 00:08:24,277 - fed_utils - INFO - load key [fc2.bias].length : 84, cost time : 0m:0s:0ms
2024-11-15 00:08:30,931 - fed_utils - INFO - encrypting key [fc3.weight].length : 840, cost time : 0m:6s:653ms
2024-11-15 00:08:31,010 - fed_utils - INFO - encrypting key [fc3.bias].length : 10, cost time : 0m:0s:79ms
2024-11-15 00:08:31,010 - fl_main - INFO - Server receive client_dict[f_00003] info ...
2024-11-15 00:08:31,010 - fl_main - INFO - ----- client id [f_00004] -----
2024-11-15 00:08:31,012 - client_base - INFO - recover model cost time : 0m:0s:0ms
2024-11-15 00:08:31,932 - fl_main - INFO - global round [8] client_dict[f_00004].accuracy : 0.950500
2024-11-15 00:08:31,932 - fl_main - INFO - client_dict[f_00004] training ...
2024-11-15 00:08:31,932 - client_base - INFO - client_dict[f_00004] training epoch : 0
2024-11-15 00:08:32,669 - client_base - INFO - local model train cost time : 0m:0s:736ms
2024-11-15 00:08:32,671 - client_base - INFO - model encode time : 0m:0s:1ms
2024-11-15 00:08:32,671 - fl_main - INFO - client_dict[f_00004] local model encrypting ...
2024-11-15 00:08:33,857 - fed_utils - INFO - encrypting key [conv1.weight].length : 150, cost time : 0m:1s:185ms
2024-11-15 00:08:33,905 - fed_utils - INFO - encrypting key [conv1.bias].length : 6, cost time : 0m:0s:47ms
2024-11-15 00:08:33,905 - fed_utils - INFO - load key [conv2.weight].length : 2400, cost time : 0m:0s:0ms
2024-11-15 00:08:33,905 - fed_utils - INFO - load key [conv2.bias].length : 16, cost time : 0m:0s:0ms
2024-11-15 00:08:33,906 - fed_utils - INFO - load key [fc1.weight].length : 48000, cost time : 0m:0s:0ms
2024-11-15 00:08:33,906 - fed_utils - INFO - load key [fc1.bias].length : 120, cost time : 0m:0s:0ms
2024-11-15 00:08:33,906 - fed_utils - INFO - load key [fc2.weight].length : 10080, cost time : 0m:0s:0ms
2024-11-15 00:08:33,906 - fed_utils - INFO - load key [fc2.bias].length : 84, cost time : 0m:0s:0ms
2024-11-15 00:08:40,547 - fed_utils - INFO - encrypting key [fc3.weight].length : 840, cost time : 0m:6s:641ms
2024-11-15 00:08:40,627 - fed_utils - INFO - encrypting key [fc3.bias].length : 10, cost time : 0m:0s:79ms
2024-11-15 00:08:40,627 - fl_main - INFO - Server receive client_dict[f_00004] info ...
2024-11-15 00:08:40,628 - fl_main - INFO - global aggregation process ...
2024-11-15 00:08:40,628 - fed_utils - INFO - server.n_data : 60000
2024-11-15 00:08:40,628 - fed_utils - INFO - client_dict[f_00000].weight : 0.200000
2024-11-15 00:08:40,628 - fed_utils - INFO - client_dict[f_00001].weight : 0.200000
2024-11-15 00:08:40,628 - fed_utils - INFO - client_dict[f_00002].weight : 0.200000
2024-11-15 00:08:40,628 - fed_utils - INFO - client_dict[f_00003].weight : 0.200000
2024-11-15 00:08:40,628 - fed_utils - INFO - client_dict[f_00004].weight : 0.200000
2024-11-15 00:08:40,628 - fed_utils - INFO - recover secret number by clients: 722.400000
2024-11-15 00:08:40,628 - server_base - INFO - Server aggregate model with homomorphic encryption ...
2024-11-15 00:08:42,068 - server_base - INFO - Server aggregate model done, cost time : 0m:1s:439ms
2024-11-15 00:08:42,410 - fed_utils - INFO - decrypting key [conv1.weight].shape [torch.Size([6, 1, 5, 5])]
2024-11-15 00:08:42,424 - fed_utils - INFO - decrypting key [conv1.bias].shape [torch.Size([6])]
2024-11-15 00:08:42,424 - fed_utils - INFO - decrypting key [conv2.weight].shape [torch.Size([16, 6, 5, 5])]
2024-11-15 00:08:42,424 - fed_utils - INFO - decrypting key [conv2.bias].shape [torch.Size([16])]
2024-11-15 00:08:42,424 - fed_utils - INFO - decrypting key [fc1.weight].shape [torch.Size([120, 400])]
2024-11-15 00:08:42,424 - fed_utils - INFO - decrypting key [fc1.bias].shape [torch.Size([120])]
2024-11-15 00:08:42,424 - fed_utils - INFO - decrypting key [fc2.weight].shape [torch.Size([84, 120])]
2024-11-15 00:08:42,424 - fed_utils - INFO - decrypting key [fc2.bias].shape [torch.Size([84])]
2024-11-15 00:08:44,338 - fed_utils - INFO - decrypting key [fc3.weight].shape [torch.Size([10, 84])]
2024-11-15 00:08:44,361 - fed_utils - INFO - decrypting key [fc3.bias].shape [torch.Size([10])]
2024-11-15 00:08:44,361 - fed_utils - INFO - decrypt time : [0m:2s:293ms]
2024-11-15 00:08:44,363 - fl_main - INFO - [global round : 8] aggregated model accuracy : 0.9505
2024-11-15 00:08:44,364 - fl_main - INFO - [global round : 8] aggregated model loss : 0.19100813612617445
2024-11-15 00:08:44,364 - fl_main - INFO - global round : 9
2024-11-15 00:08:44,364 - fl_main - INFO - the random client id to test accuracy : f_00004
2024-11-15 00:08:44,364 - fl_main - INFO - ----- client id [f_00000] -----
2024-11-15 00:08:44,365 - client_base - INFO - recover model cost time : 0m:0s:0ms
2024-11-15 00:08:44,366 - fl_main - INFO - client_dict[f_00000] training ...
2024-11-15 00:08:44,366 - client_base - INFO - client_dict[f_00000] training epoch : 0
2024-11-15 00:08:45,114 - client_base - INFO - local model train cost time : 0m:0s:748ms
2024-11-15 00:08:45,116 - client_base - INFO - model encode time : 0m:0s:1ms
2024-11-15 00:08:45,116 - fl_main - INFO - client_dict[f_00000] local model encrypting ...
2024-11-15 00:08:46,304 - fed_utils - INFO - encrypting key [conv1.weight].length : 150, cost time : 0m:1s:187ms
2024-11-15 00:08:46,352 - fed_utils - INFO - encrypting key [conv1.bias].length : 6, cost time : 0m:0s:47ms
2024-11-15 00:08:46,352 - fed_utils - INFO - load key [conv2.weight].length : 2400, cost time : 0m:0s:0ms
2024-11-15 00:08:46,352 - fed_utils - INFO - load key [conv2.bias].length : 16, cost time : 0m:0s:0ms
2024-11-15 00:08:46,353 - fed_utils - INFO - load key [fc1.weight].length : 48000, cost time : 0m:0s:0ms
2024-11-15 00:08:46,353 - fed_utils - INFO - load key [fc1.bias].length : 120, cost time : 0m:0s:0ms
2024-11-15 00:08:46,353 - fed_utils - INFO - load key [fc2.weight].length : 10080, cost time : 0m:0s:0ms
2024-11-15 00:08:46,353 - fed_utils - INFO - load key [fc2.bias].length : 84, cost time : 0m:0s:0ms
2024-11-15 00:08:53,174 - fed_utils - INFO - encrypting key [fc3.weight].length : 840, cost time : 0m:6s:820ms
2024-11-15 00:08:53,254 - fed_utils - INFO - encrypting key [fc3.bias].length : 10, cost time : 0m:0s:79ms
2024-11-15 00:08:53,255 - fl_main - INFO - Server receive client_dict[f_00000] info ...
2024-11-15 00:08:53,255 - fl_main - INFO - ----- client id [f_00001] -----
2024-11-15 00:08:53,256 - client_base - INFO - recover model cost time : 0m:0s:0ms
2024-11-15 00:08:53,256 - fl_main - INFO - client_dict[f_00001] training ...
2024-11-15 00:08:53,257 - client_base - INFO - client_dict[f_00001] training epoch : 0
2024-11-15 00:08:54,010 - client_base - INFO - local model train cost time : 0m:0s:753ms
2024-11-15 00:08:54,012 - client_base - INFO - model encode time : 0m:0s:1ms
2024-11-15 00:08:54,012 - fl_main - INFO - client_dict[f_00001] local model encrypting ...
2024-11-15 00:08:55,199 - fed_utils - INFO - encrypting key [conv1.weight].length : 150, cost time : 0m:1s:187ms
2024-11-15 00:08:55,247 - fed_utils - INFO - encrypting key [conv1.bias].length : 6, cost time : 0m:0s:47ms
2024-11-15 00:08:55,247 - fed_utils - INFO - load key [conv2.weight].length : 2400, cost time : 0m:0s:0ms
2024-11-15 00:08:55,247 - fed_utils - INFO - load key [conv2.bias].length : 16, cost time : 0m:0s:0ms
2024-11-15 00:08:55,248 - fed_utils - INFO - load key [fc1.weight].length : 48000, cost time : 0m:0s:0ms
2024-11-15 00:08:55,248 - fed_utils - INFO - load key [fc1.bias].length : 120, cost time : 0m:0s:0ms
2024-11-15 00:08:55,249 - fed_utils - INFO - load key [fc2.weight].length : 10080, cost time : 0m:0s:0ms
2024-11-15 00:08:55,249 - fed_utils - INFO - load key [fc2.bias].length : 84, cost time : 0m:0s:0ms
2024-11-15 00:09:02,014 - fed_utils - INFO - encrypting key [fc3.weight].length : 840, cost time : 0m:6s:765ms
2024-11-15 00:09:02,094 - fed_utils - INFO - encrypting key [fc3.bias].length : 10, cost time : 0m:0s:79ms
2024-11-15 00:09:02,094 - fl_main - INFO - Server receive client_dict[f_00001] info ...
2024-11-15 00:09:02,095 - fl_main - INFO - ----- client id [f_00002] -----
2024-11-15 00:09:02,096 - client_base - INFO - recover model cost time : 0m:0s:0ms
2024-11-15 00:09:02,096 - fl_main - INFO - client_dict[f_00002] training ...
2024-11-15 00:09:02,097 - client_base - INFO - client_dict[f_00002] training epoch : 0
2024-11-15 00:09:02,854 - client_base - INFO - local model train cost time : 0m:0s:757ms
2024-11-15 00:09:02,856 - client_base - INFO - model encode time : 0m:0s:1ms
2024-11-15 00:09:02,856 - fl_main - INFO - client_dict[f_00002] local model encrypting ...
2024-11-15 00:09:04,042 - fed_utils - INFO - encrypting key [conv1.weight].length : 150, cost time : 0m:1s:186ms
2024-11-15 00:09:04,090 - fed_utils - INFO - encrypting key [conv1.bias].length : 6, cost time : 0m:0s:47ms
2024-11-15 00:09:04,090 - fed_utils - INFO - load key [conv2.weight].length : 2400, cost time : 0m:0s:0ms
2024-11-15 00:09:04,090 - fed_utils - INFO - load key [conv2.bias].length : 16, cost time : 0m:0s:0ms
2024-11-15 00:09:04,091 - fed_utils - INFO - load key [fc1.weight].length : 48000, cost time : 0m:0s:0ms
2024-11-15 00:09:04,091 - fed_utils - INFO - load key [fc1.bias].length : 120, cost time : 0m:0s:0ms
2024-11-15 00:09:04,092 - fed_utils - INFO - load key [fc2.weight].length : 10080, cost time : 0m:0s:0ms
2024-11-15 00:09:04,092 - fed_utils - INFO - load key [fc2.bias].length : 84, cost time : 0m:0s:0ms
2024-11-15 00:09:10,736 - fed_utils - INFO - encrypting key [fc3.weight].length : 840, cost time : 0m:6s:644ms
2024-11-15 00:09:10,815 - fed_utils - INFO - encrypting key [fc3.bias].length : 10, cost time : 0m:0s:79ms
2024-11-15 00:09:10,815 - fl_main - INFO - Server receive client_dict[f_00002] info ...
2024-11-15 00:09:10,816 - fl_main - INFO - ----- client id [f_00003] -----
2024-11-15 00:09:10,817 - client_base - INFO - recover model cost time : 0m:0s:0ms
2024-11-15 00:09:10,817 - fl_main - INFO - client_dict[f_00003] training ...
2024-11-15 00:09:10,818 - client_base - INFO - client_dict[f_00003] training epoch : 0
2024-11-15 00:09:11,585 - client_base - INFO - local model train cost time : 0m:0s:766ms
2024-11-15 00:09:11,586 - client_base - INFO - model encode time : 0m:0s:1ms
2024-11-15 00:09:11,586 - fl_main - INFO - client_dict[f_00003] local model encrypting ...
2024-11-15 00:09:12,775 - fed_utils - INFO - encrypting key [conv1.weight].length : 150, cost time : 0m:1s:189ms
2024-11-15 00:09:12,824 - fed_utils - INFO - encrypting key [conv1.bias].length : 6, cost time : 0m:0s:48ms
2024-11-15 00:09:12,824 - fed_utils - INFO - load key [conv2.weight].length : 2400, cost time : 0m:0s:0ms
2024-11-15 00:09:12,824 - fed_utils - INFO - load key [conv2.bias].length : 16, cost time : 0m:0s:0ms
2024-11-15 00:09:12,825 - fed_utils - INFO - load key [fc1.weight].length : 48000, cost time : 0m:0s:0ms
2024-11-15 00:09:12,825 - fed_utils - INFO - load key [fc1.bias].length : 120, cost time : 0m:0s:0ms
2024-11-15 00:09:12,825 - fed_utils - INFO - load key [fc2.weight].length : 10080, cost time : 0m:0s:0ms
2024-11-15 00:09:12,825 - fed_utils - INFO - load key [fc2.bias].length : 84, cost time : 0m:0s:0ms
2024-11-15 00:09:19,595 - fed_utils - INFO - encrypting key [fc3.weight].length : 840, cost time : 0m:6s:769ms
2024-11-15 00:09:19,674 - fed_utils - INFO - encrypting key [fc3.bias].length : 10, cost time : 0m:0s:79ms
2024-11-15 00:09:19,674 - fl_main - INFO - Server receive client_dict[f_00003] info ...
2024-11-15 00:09:19,674 - fl_main - INFO - ----- client id [f_00004] -----
2024-11-15 00:09:19,675 - client_base - INFO - recover model cost time : 0m:0s:0ms
2024-11-15 00:09:20,479 - fl_main - INFO - global round [9] client_dict[f_00004].accuracy : 0.954000
2024-11-15 00:09:20,479 - fl_main - INFO - client_dict[f_00004] training ...
2024-11-15 00:09:20,479 - client_base - INFO - client_dict[f_00004] training epoch : 0
2024-11-15 00:09:21,230 - client_base - INFO - local model train cost time : 0m:0s:750ms
2024-11-15 00:09:21,231 - client_base - INFO - model encode time : 0m:0s:1ms
2024-11-15 00:09:21,232 - fl_main - INFO - client_dict[f_00004] local model encrypting ...
2024-11-15 00:09:22,418 - fed_utils - INFO - encrypting key [conv1.weight].length : 150, cost time : 0m:1s:186ms
2024-11-15 00:09:22,466 - fed_utils - INFO - encrypting key [conv1.bias].length : 6, cost time : 0m:0s:47ms
2024-11-15 00:09:22,467 - fed_utils - INFO - load key [conv2.weight].length : 2400, cost time : 0m:0s:0ms
2024-11-15 00:09:22,467 - fed_utils - INFO - load key [conv2.bias].length : 16, cost time : 0m:0s:0ms
2024-11-15 00:09:22,468 - fed_utils - INFO - load key [fc1.weight].length : 48000, cost time : 0m:0s:0ms
2024-11-15 00:09:22,468 - fed_utils - INFO - load key [fc1.bias].length : 120, cost time : 0m:0s:0ms
2024-11-15 00:09:22,468 - fed_utils - INFO - load key [fc2.weight].length : 10080, cost time : 0m:0s:0ms
2024-11-15 00:09:22,468 - fed_utils - INFO - load key [fc2.bias].length : 84, cost time : 0m:0s:0ms
2024-11-15 00:09:29,121 - fed_utils - INFO - encrypting key [fc3.weight].length : 840, cost time : 0m:6s:653ms
2024-11-15 00:09:29,201 - fed_utils - INFO - encrypting key [fc3.bias].length : 10, cost time : 0m:0s:79ms
2024-11-15 00:09:29,201 - fl_main - INFO - Server receive client_dict[f_00004] info ...
2024-11-15 00:09:29,201 - fl_main - INFO - global aggregation process ...
2024-11-15 00:09:29,201 - fed_utils - INFO - server.n_data : 60000
2024-11-15 00:09:29,201 - fed_utils - INFO - client_dict[f_00000].weight : 0.200000
2024-11-15 00:09:29,201 - fed_utils - INFO - client_dict[f_00001].weight : 0.200000
2024-11-15 00:09:29,201 - fed_utils - INFO - client_dict[f_00002].weight : 0.200000
2024-11-15 00:09:29,201 - fed_utils - INFO - client_dict[f_00003].weight : 0.200000
2024-11-15 00:09:29,201 - fed_utils - INFO - client_dict[f_00004].weight : 0.200000
2024-11-15 00:09:29,201 - fed_utils - INFO - recover secret number by clients: 722.400000
2024-11-15 00:09:29,201 - server_base - INFO - Server aggregate model with homomorphic encryption ...
2024-11-15 00:09:30,639 - server_base - INFO - Server aggregate model done, cost time : 0m:1s:437ms
2024-11-15 00:09:30,981 - fed_utils - INFO - decrypting key [conv1.weight].shape [torch.Size([6, 1, 5, 5])]
2024-11-15 00:09:30,995 - fed_utils - INFO - decrypting key [conv1.bias].shape [torch.Size([6])]
2024-11-15 00:09:30,995 - fed_utils - INFO - decrypting key [conv2.weight].shape [torch.Size([16, 6, 5, 5])]
2024-11-15 00:09:30,995 - fed_utils - INFO - decrypting key [conv2.bias].shape [torch.Size([16])]
2024-11-15 00:09:30,995 - fed_utils - INFO - decrypting key [fc1.weight].shape [torch.Size([120, 400])]
2024-11-15 00:09:30,995 - fed_utils - INFO - decrypting key [fc1.bias].shape [torch.Size([120])]
2024-11-15 00:09:30,995 - fed_utils - INFO - decrypting key [fc2.weight].shape [torch.Size([84, 120])]
2024-11-15 00:09:30,995 - fed_utils - INFO - decrypting key [fc2.bias].shape [torch.Size([84])]
2024-11-15 00:09:33,047 - fed_utils - INFO - decrypting key [fc3.weight].shape [torch.Size([10, 84])]
2024-11-15 00:09:33,070 - fed_utils - INFO - decrypting key [fc3.bias].shape [torch.Size([10])]
2024-11-15 00:09:33,070 - fed_utils - INFO - decrypt time : [0m:2s:430ms]
2024-11-15 00:09:33,073 - fl_main - INFO - [global round : 9] aggregated model accuracy : 0.9540000000000001
2024-11-15 00:09:33,073 - fl_main - INFO - [global round : 9] aggregated model loss : 0.18223227881016205
2024-11-15 00:09:33,073 - fl_main - INFO - global round : 10
2024-11-15 00:09:33,074 - fl_main - INFO - the random client id to test accuracy : f_00002
2024-11-15 00:09:33,074 - fl_main - INFO - ----- client id [f_00000] -----
2024-11-15 00:09:33,075 - client_base - INFO - recover model cost time : 0m:0s:0ms
2024-11-15 00:09:33,075 - fl_main - INFO - client_dict[f_00000] training ...
2024-11-15 00:09:33,076 - client_base - INFO - client_dict[f_00000] training epoch : 0
2024-11-15 00:09:33,833 - client_base - INFO - local model train cost time : 0m:0s:757ms
2024-11-15 00:09:33,835 - client_base - INFO - model encode time : 0m:0s:1ms
2024-11-15 00:09:33,835 - fl_main - INFO - client_dict[f_00000] local model encrypting ...
2024-11-15 00:09:35,020 - fed_utils - INFO - encrypting key [conv1.weight].length : 150, cost time : 0m:1s:184ms
2024-11-15 00:09:35,068 - fed_utils - INFO - encrypting key [conv1.bias].length : 6, cost time : 0m:0s:48ms
2024-11-15 00:09:35,068 - fed_utils - INFO - load key [conv2.weight].length : 2400, cost time : 0m:0s:0ms
2024-11-15 00:09:35,068 - fed_utils - INFO - load key [conv2.bias].length : 16, cost time : 0m:0s:0ms
2024-11-15 00:09:35,069 - fed_utils - INFO - load key [fc1.weight].length : 48000, cost time : 0m:0s:0ms
2024-11-15 00:09:35,069 - fed_utils - INFO - load key [fc1.bias].length : 120, cost time : 0m:0s:0ms
2024-11-15 00:09:35,070 - fed_utils - INFO - load key [fc2.weight].length : 10080, cost time : 0m:0s:0ms
2024-11-15 00:09:35,070 - fed_utils - INFO - load key [fc2.bias].length : 84, cost time : 0m:0s:0ms
2024-11-15 00:09:41,719 - fed_utils - INFO - encrypting key [fc3.weight].length : 840, cost time : 0m:6s:649ms
2024-11-15 00:09:41,799 - fed_utils - INFO - encrypting key [fc3.bias].length : 10, cost time : 0m:0s:79ms
2024-11-15 00:09:41,800 - fl_main - INFO - Server receive client_dict[f_00000] info ...
2024-11-15 00:09:41,800 - fl_main - INFO - ----- client id [f_00001] -----
2024-11-15 00:09:41,801 - client_base - INFO - recover model cost time : 0m:0s:0ms
2024-11-15 00:09:41,801 - fl_main - INFO - client_dict[f_00001] training ...
2024-11-15 00:09:41,802 - client_base - INFO - client_dict[f_00001] training epoch : 0
2024-11-15 00:09:42,551 - client_base - INFO - local model train cost time : 0m:0s:749ms
2024-11-15 00:09:42,553 - client_base - INFO - model encode time : 0m:0s:1ms
2024-11-15 00:09:42,553 - fl_main - INFO - client_dict[f_00001] local model encrypting ...
2024-11-15 00:09:43,742 - fed_utils - INFO - encrypting key [conv1.weight].length : 150, cost time : 0m:1s:188ms
2024-11-15 00:09:43,790 - fed_utils - INFO - encrypting key [conv1.bias].length : 6, cost time : 0m:0s:48ms
2024-11-15 00:09:43,790 - fed_utils - INFO - load key [conv2.weight].length : 2400, cost time : 0m:0s:0ms
2024-11-15 00:09:43,790 - fed_utils - INFO - load key [conv2.bias].length : 16, cost time : 0m:0s:0ms
2024-11-15 00:09:43,791 - fed_utils - INFO - load key [fc1.weight].length : 48000, cost time : 0m:0s:0ms
2024-11-15 00:09:43,791 - fed_utils - INFO - load key [fc1.bias].length : 120, cost time : 0m:0s:0ms
2024-11-15 00:09:43,791 - fed_utils - INFO - load key [fc2.weight].length : 10080, cost time : 0m:0s:0ms
2024-11-15 00:09:43,791 - fed_utils - INFO - load key [fc2.bias].length : 84, cost time : 0m:0s:0ms
2024-11-15 00:09:50,623 - fed_utils - INFO - encrypting key [fc3.weight].length : 840, cost time : 0m:6s:831ms
2024-11-15 00:09:50,703 - fed_utils - INFO - encrypting key [fc3.bias].length : 10, cost time : 0m:0s:79ms
2024-11-15 00:09:50,703 - fl_main - INFO - Server receive client_dict[f_00001] info ...
2024-11-15 00:09:50,703 - fl_main - INFO - ----- client id [f_00002] -----
2024-11-15 00:09:50,704 - client_base - INFO - recover model cost time : 0m:0s:0ms
2024-11-15 00:09:51,508 - fl_main - INFO - global round [10] client_dict[f_00002].accuracy : 0.958900
2024-11-15 00:09:51,508 - fl_main - INFO - client_dict[f_00002] training ...
2024-11-15 00:09:51,509 - client_base - INFO - client_dict[f_00002] training epoch : 0
2024-11-15 00:09:52,270 - client_base - INFO - local model train cost time : 0m:0s:761ms
2024-11-15 00:09:52,271 - client_base - INFO - model encode time : 0m:0s:1ms
2024-11-15 00:09:52,271 - fl_main - INFO - client_dict[f_00002] local model encrypting ...
2024-11-15 00:09:53,458 - fed_utils - INFO - encrypting key [conv1.weight].length : 150, cost time : 0m:1s:186ms
2024-11-15 00:09:53,506 - fed_utils - INFO - encrypting key [conv1.bias].length : 6, cost time : 0m:0s:48ms
2024-11-15 00:09:53,507 - fed_utils - INFO - load key [conv2.weight].length : 2400, cost time : 0m:0s:0ms
2024-11-15 00:09:53,507 - fed_utils - INFO - load key [conv2.bias].length : 16, cost time : 0m:0s:0ms
2024-11-15 00:09:53,508 - fed_utils - INFO - load key [fc1.weight].length : 48000, cost time : 0m:0s:0ms
2024-11-15 00:09:53,508 - fed_utils - INFO - load key [fc1.bias].length : 120, cost time : 0m:0s:0ms
2024-11-15 00:09:53,508 - fed_utils - INFO - load key [fc2.weight].length : 10080, cost time : 0m:0s:0ms
2024-11-15 00:09:53,508 - fed_utils - INFO - load key [fc2.bias].length : 84, cost time : 0m:0s:0ms
2024-11-15 00:10:00,151 - fed_utils - INFO - encrypting key [fc3.weight].length : 840, cost time : 0m:6s:643ms
2024-11-15 00:10:00,231 - fed_utils - INFO - encrypting key [fc3.bias].length : 10, cost time : 0m:0s:79ms
2024-11-15 00:10:00,231 - fl_main - INFO - Server receive client_dict[f_00002] info ...
2024-11-15 00:10:00,231 - fl_main - INFO - ----- client id [f_00003] -----
2024-11-15 00:10:00,232 - client_base - INFO - recover model cost time : 0m:0s:0ms
2024-11-15 00:10:00,232 - fl_main - INFO - client_dict[f_00003] training ...
2024-11-15 00:10:00,233 - client_base - INFO - client_dict[f_00003] training epoch : 0
2024-11-15 00:10:00,993 - client_base - INFO - local model train cost time : 0m:0s:760ms
2024-11-15 00:10:00,994 - client_base - INFO - model encode time : 0m:0s:1ms
2024-11-15 00:10:00,995 - fl_main - INFO - client_dict[f_00003] local model encrypting ...
2024-11-15 00:10:02,305 - fed_utils - INFO - encrypting key [conv1.weight].length : 150, cost time : 0m:1s:310ms
2024-11-15 00:10:02,353 - fed_utils - INFO - encrypting key [conv1.bias].length : 6, cost time : 0m:0s:47ms
2024-11-15 00:10:02,353 - fed_utils - INFO - load key [conv2.weight].length : 2400, cost time : 0m:0s:0ms
2024-11-15 00:10:02,353 - fed_utils - INFO - load key [conv2.bias].length : 16, cost time : 0m:0s:0ms
2024-11-15 00:10:02,354 - fed_utils - INFO - load key [fc1.weight].length : 48000, cost time : 0m:0s:0ms
2024-11-15 00:10:02,354 - fed_utils - INFO - load key [fc1.bias].length : 120, cost time : 0m:0s:0ms
2024-11-15 00:10:02,355 - fed_utils - INFO - load key [fc2.weight].length : 10080, cost time : 0m:0s:0ms
2024-11-15 00:10:02,355 - fed_utils - INFO - load key [fc2.bias].length : 84, cost time : 0m:0s:0ms
2024-11-15 00:10:09,003 - fed_utils - INFO - encrypting key [fc3.weight].length : 840, cost time : 0m:6s:648ms
2024-11-15 00:10:09,083 - fed_utils - INFO - encrypting key [fc3.bias].length : 10, cost time : 0m:0s:79ms
2024-11-15 00:10:09,083 - fl_main - INFO - Server receive client_dict[f_00003] info ...
2024-11-15 00:10:09,083 - fl_main - INFO - ----- client id [f_00004] -----
2024-11-15 00:10:09,084 - client_base - INFO - recover model cost time : 0m:0s:0ms
2024-11-15 00:10:09,084 - fl_main - INFO - client_dict[f_00004] training ...
2024-11-15 00:10:09,085 - client_base - INFO - client_dict[f_00004] training epoch : 0
2024-11-15 00:10:09,840 - client_base - INFO - local model train cost time : 0m:0s:755ms
2024-11-15 00:10:09,842 - client_base - INFO - model encode time : 0m:0s:1ms
2024-11-15 00:10:09,842 - fl_main - INFO - client_dict[f_00004] local model encrypting ...
2024-11-15 00:10:11,028 - fed_utils - INFO - encrypting key [conv1.weight].length : 150, cost time : 0m:1s:186ms
2024-11-15 00:10:11,077 - fed_utils - INFO - encrypting key [conv1.bias].length : 6, cost time : 0m:0s:48ms
2024-11-15 00:10:11,077 - fed_utils - INFO - load key [conv2.weight].length : 2400, cost time : 0m:0s:0ms
2024-11-15 00:10:11,077 - fed_utils - INFO - load key [conv2.bias].length : 16, cost time : 0m:0s:0ms
2024-11-15 00:10:11,078 - fed_utils - INFO - load key [fc1.weight].length : 48000, cost time : 0m:0s:0ms
2024-11-15 00:10:11,078 - fed_utils - INFO - load key [fc1.bias].length : 120, cost time : 0m:0s:0ms
2024-11-15 00:10:11,078 - fed_utils - INFO - load key [fc2.weight].length : 10080, cost time : 0m:0s:0ms
2024-11-15 00:10:11,078 - fed_utils - INFO - load key [fc2.bias].length : 84, cost time : 0m:0s:0ms
2024-11-15 00:10:17,835 - fed_utils - INFO - encrypting key [fc3.weight].length : 840, cost time : 0m:6s:757ms
2024-11-15 00:10:17,915 - fed_utils - INFO - encrypting key [fc3.bias].length : 10, cost time : 0m:0s:79ms
2024-11-15 00:10:17,915 - fl_main - INFO - Server receive client_dict[f_00004] info ...
2024-11-15 00:10:17,915 - fl_main - INFO - global aggregation process ...
2024-11-15 00:10:17,915 - fed_utils - INFO - server.n_data : 60000
2024-11-15 00:10:17,915 - fed_utils - INFO - client_dict[f_00000].weight : 0.200000
2024-11-15 00:10:17,915 - fed_utils - INFO - client_dict[f_00001].weight : 0.200000
2024-11-15 00:10:17,915 - fed_utils - INFO - client_dict[f_00002].weight : 0.200000
2024-11-15 00:10:17,915 - fed_utils - INFO - client_dict[f_00003].weight : 0.200000
2024-11-15 00:10:17,915 - fed_utils - INFO - client_dict[f_00004].weight : 0.200000
2024-11-15 00:10:17,915 - fed_utils - INFO - recover secret number by clients: 722.400000
2024-11-15 00:10:17,915 - server_base - INFO - Server aggregate model with homomorphic encryption ...
2024-11-15 00:10:19,377 - server_base - INFO - Server aggregate model done, cost time : 0m:1s:461ms
2024-11-15 00:10:19,719 - fed_utils - INFO - decrypting key [conv1.weight].shape [torch.Size([6, 1, 5, 5])]
2024-11-15 00:10:19,733 - fed_utils - INFO - decrypting key [conv1.bias].shape [torch.Size([6])]
2024-11-15 00:10:19,733 - fed_utils - INFO - decrypting key [conv2.weight].shape [torch.Size([16, 6, 5, 5])]
2024-11-15 00:10:19,733 - fed_utils - INFO - decrypting key [conv2.bias].shape [torch.Size([16])]
2024-11-15 00:10:19,733 - fed_utils - INFO - decrypting key [fc1.weight].shape [torch.Size([120, 400])]
2024-11-15 00:10:19,733 - fed_utils - INFO - decrypting key [fc1.bias].shape [torch.Size([120])]
2024-11-15 00:10:19,733 - fed_utils - INFO - decrypting key [fc2.weight].shape [torch.Size([84, 120])]
2024-11-15 00:10:19,733 - fed_utils - INFO - decrypting key [fc2.bias].shape [torch.Size([84])]
2024-11-15 00:10:21,646 - fed_utils - INFO - decrypting key [fc3.weight].shape [torch.Size([10, 84])]
2024-11-15 00:10:21,669 - fed_utils - INFO - decrypting key [fc3.bias].shape [torch.Size([10])]
2024-11-15 00:10:21,669 - fed_utils - INFO - decrypt time : [0m:2s:292ms]
2024-11-15 00:10:21,672 - fl_main - INFO - [global round : 10] aggregated model accuracy : 0.9589000000000001
2024-11-15 00:10:21,672 - fl_main - INFO - [global round : 10] aggregated model loss : 0.19700483210103426
2024-11-15 00:10:21,673 - fl_main - INFO - global round : 11
2024-11-15 00:10:21,673 - fl_main - INFO - the random client id to test accuracy : f_00001
2024-11-15 00:10:21,673 - fl_main - INFO - ----- client id [f_00000] -----
2024-11-15 00:10:21,674 - client_base - INFO - recover model cost time : 0m:0s:0ms
2024-11-15 00:10:21,674 - fl_main - INFO - client_dict[f_00000] training ...
2024-11-15 00:10:21,675 - client_base - INFO - client_dict[f_00000] training epoch : 0
2024-11-15 00:10:22,436 - client_base - INFO - local model train cost time : 0m:0s:761ms
2024-11-15 00:10:22,438 - client_base - INFO - model encode time : 0m:0s:1ms
2024-11-15 00:10:22,438 - fl_main - INFO - client_dict[f_00000] local model encrypting ...
2024-11-15 00:10:23,627 - fed_utils - INFO - encrypting key [conv1.weight].length : 150, cost time : 0m:1s:189ms
2024-11-15 00:10:23,675 - fed_utils - INFO - encrypting key [conv1.bias].length : 6, cost time : 0m:0s:48ms
2024-11-15 00:10:23,675 - fed_utils - INFO - load key [conv2.weight].length : 2400, cost time : 0m:0s:0ms
2024-11-15 00:10:23,675 - fed_utils - INFO - load key [conv2.bias].length : 16, cost time : 0m:0s:0ms
2024-11-15 00:10:23,676 - fed_utils - INFO - load key [fc1.weight].length : 48000, cost time : 0m:0s:0ms
2024-11-15 00:10:23,676 - fed_utils - INFO - load key [fc1.bias].length : 120, cost time : 0m:0s:0ms
2024-11-15 00:10:23,677 - fed_utils - INFO - load key [fc2.weight].length : 10080, cost time : 0m:0s:0ms
2024-11-15 00:10:23,677 - fed_utils - INFO - load key [fc2.bias].length : 84, cost time : 0m:0s:0ms
2024-11-15 00:10:30,319 - fed_utils - INFO - encrypting key [fc3.weight].length : 840, cost time : 0m:6s:642ms
2024-11-15 00:10:30,399 - fed_utils - INFO - encrypting key [fc3.bias].length : 10, cost time : 0m:0s:79ms
2024-11-15 00:10:30,400 - fl_main - INFO - Server receive client_dict[f_00000] info ...
2024-11-15 00:10:30,400 - fl_main - INFO - ----- client id [f_00001] -----
2024-11-15 00:10:30,401 - client_base - INFO - recover model cost time : 0m:0s:0ms
2024-11-15 00:10:31,199 - fl_main - INFO - global round [11] client_dict[f_00001].accuracy : 0.963500
2024-11-15 00:10:31,199 - fl_main - INFO - client_dict[f_00001] training ...
2024-11-15 00:10:31,200 - client_base - INFO - client_dict[f_00001] training epoch : 0
2024-11-15 00:10:32,068 - client_base - INFO - local model train cost time : 0m:0s:868ms
2024-11-15 00:10:32,070 - client_base - INFO - model encode time : 0m:0s:1ms
2024-11-15 00:10:32,070 - fl_main - INFO - client_dict[f_00001] local model encrypting ...
2024-11-15 00:10:33,258 - fed_utils - INFO - encrypting key [conv1.weight].length : 150, cost time : 0m:1s:187ms
2024-11-15 00:10:33,306 - fed_utils - INFO - encrypting key [conv1.bias].length : 6, cost time : 0m:0s:47ms
2024-11-15 00:10:33,306 - fed_utils - INFO - load key [conv2.weight].length : 2400, cost time : 0m:0s:0ms
2024-11-15 00:10:33,306 - fed_utils - INFO - load key [conv2.bias].length : 16, cost time : 0m:0s:0ms
2024-11-15 00:10:33,307 - fed_utils - INFO - load key [fc1.weight].length : 48000, cost time : 0m:0s:0ms
2024-11-15 00:10:33,307 - fed_utils - INFO - load key [fc1.bias].length : 120, cost time : 0m:0s:0ms
2024-11-15 00:10:33,307 - fed_utils - INFO - load key [fc2.weight].length : 10080, cost time : 0m:0s:0ms
2024-11-15 00:10:33,307 - fed_utils - INFO - load key [fc2.bias].length : 84, cost time : 0m:0s:0ms
2024-11-15 00:10:39,948 - fed_utils - INFO - encrypting key [fc3.weight].length : 840, cost time : 0m:6s:640ms
2024-11-15 00:10:40,027 - fed_utils - INFO - encrypting key [fc3.bias].length : 10, cost time : 0m:0s:79ms
2024-11-15 00:10:40,027 - fl_main - INFO - Server receive client_dict[f_00001] info ...
2024-11-15 00:10:40,027 - fl_main - INFO - ----- client id [f_00002] -----
2024-11-15 00:10:40,028 - client_base - INFO - recover model cost time : 0m:0s:0ms
2024-11-15 00:10:40,029 - fl_main - INFO - client_dict[f_00002] training ...
2024-11-15 00:10:40,029 - client_base - INFO - client_dict[f_00002] training epoch : 0
2024-11-15 00:10:40,787 - client_base - INFO - local model train cost time : 0m:0s:758ms
2024-11-15 00:10:40,789 - client_base - INFO - model encode time : 0m:0s:1ms
2024-11-15 00:10:40,789 - fl_main - INFO - client_dict[f_00002] local model encrypting ...
2024-11-15 00:10:41,978 - fed_utils - INFO - encrypting key [conv1.weight].length : 150, cost time : 0m:1s:188ms
2024-11-15 00:10:42,026 - fed_utils - INFO - encrypting key [conv1.bias].length : 6, cost time : 0m:0s:48ms
2024-11-15 00:10:42,026 - fed_utils - INFO - load key [conv2.weight].length : 2400, cost time : 0m:0s:0ms
2024-11-15 00:10:42,026 - fed_utils - INFO - load key [conv2.bias].length : 16, cost time : 0m:0s:0ms
2024-11-15 00:10:42,027 - fed_utils - INFO - load key [fc1.weight].length : 48000, cost time : 0m:0s:0ms
2024-11-15 00:10:42,027 - fed_utils - INFO - load key [fc1.bias].length : 120, cost time : 0m:0s:0ms
2024-11-15 00:10:42,028 - fed_utils - INFO - load key [fc2.weight].length : 10080, cost time : 0m:0s:0ms
2024-11-15 00:10:42,028 - fed_utils - INFO - load key [fc2.bias].length : 84, cost time : 0m:0s:0ms
2024-11-15 00:10:48,862 - fed_utils - INFO - encrypting key [fc3.weight].length : 840, cost time : 0m:6s:834ms
2024-11-15 00:10:48,941 - fed_utils - INFO - encrypting key [fc3.bias].length : 10, cost time : 0m:0s:79ms
2024-11-15 00:10:48,941 - fl_main - INFO - Server receive client_dict[f_00002] info ...
2024-11-15 00:10:48,941 - fl_main - INFO - ----- client id [f_00003] -----
2024-11-15 00:10:48,942 - client_base - INFO - recover model cost time : 0m:0s:0ms
2024-11-15 00:10:48,943 - fl_main - INFO - client_dict[f_00003] training ...
2024-11-15 00:10:48,943 - client_base - INFO - client_dict[f_00003] training epoch : 0
2024-11-15 00:10:49,677 - client_base - INFO - local model train cost time : 0m:0s:734ms
2024-11-15 00:10:49,679 - client_base - INFO - model encode time : 0m:0s:1ms
2024-11-15 00:10:49,679 - fl_main - INFO - client_dict[f_00003] local model encrypting ...
2024-11-15 00:10:50,866 - fed_utils - INFO - encrypting key [conv1.weight].length : 150, cost time : 0m:1s:187ms
2024-11-15 00:10:50,915 - fed_utils - INFO - encrypting key [conv1.bias].length : 6, cost time : 0m:0s:48ms
2024-11-15 00:10:50,915 - fed_utils - INFO - load key [conv2.weight].length : 2400, cost time : 0m:0s:0ms
2024-11-15 00:10:50,915 - fed_utils - INFO - load key [conv2.bias].length : 16, cost time : 0m:0s:0ms
2024-11-15 00:10:50,916 - fed_utils - INFO - load key [fc1.weight].length : 48000, cost time : 0m:0s:0ms
2024-11-15 00:10:50,916 - fed_utils - INFO - load key [fc1.bias].length : 120, cost time : 0m:0s:0ms
2024-11-15 00:10:50,916 - fed_utils - INFO - load key [fc2.weight].length : 10080, cost time : 0m:0s:0ms
2024-11-15 00:10:50,916 - fed_utils - INFO - load key [fc2.bias].length : 84, cost time : 0m:0s:0ms
2024-11-15 00:10:57,560 - fed_utils - INFO - encrypting key [fc3.weight].length : 840, cost time : 0m:6s:643ms
2024-11-15 00:10:57,639 - fed_utils - INFO - encrypting key [fc3.bias].length : 10, cost time : 0m:0s:79ms
2024-11-15 00:10:57,639 - fl_main - INFO - Server receive client_dict[f_00003] info ...
2024-11-15 00:10:57,639 - fl_main - INFO - ----- client id [f_00004] -----
2024-11-15 00:10:57,641 - client_base - INFO - recover model cost time : 0m:0s:0ms
2024-11-15 00:10:57,641 - fl_main - INFO - client_dict[f_00004] training ...
2024-11-15 00:10:57,641 - client_base - INFO - client_dict[f_00004] training epoch : 0
2024-11-15 00:10:58,384 - client_base - INFO - local model train cost time : 0m:0s:742ms
2024-11-15 00:10:58,386 - client_base - INFO - model encode time : 0m:0s:1ms
2024-11-15 00:10:58,386 - fl_main - INFO - client_dict[f_00004] local model encrypting ...
2024-11-15 00:10:59,572 - fed_utils - INFO - encrypting key [conv1.weight].length : 150, cost time : 0m:1s:186ms
2024-11-15 00:10:59,621 - fed_utils - INFO - encrypting key [conv1.bias].length : 6, cost time : 0m:0s:48ms
2024-11-15 00:10:59,621 - fed_utils - INFO - load key [conv2.weight].length : 2400, cost time : 0m:0s:0ms
2024-11-15 00:10:59,621 - fed_utils - INFO - load key [conv2.bias].length : 16, cost time : 0m:0s:0ms
2024-11-15 00:10:59,622 - fed_utils - INFO - load key [fc1.weight].length : 48000, cost time : 0m:0s:0ms
2024-11-15 00:10:59,622 - fed_utils - INFO - load key [fc1.bias].length : 120, cost time : 0m:0s:0ms
2024-11-15 00:10:59,622 - fed_utils - INFO - load key [fc2.weight].length : 10080, cost time : 0m:0s:0ms
2024-11-15 00:10:59,622 - fed_utils - INFO - load key [fc2.bias].length : 84, cost time : 0m:0s:0ms
2024-11-15 00:11:06,404 - fed_utils - INFO - encrypting key [fc3.weight].length : 840, cost time : 0m:6s:782ms
2024-11-15 00:11:06,484 - fed_utils - INFO - encrypting key [fc3.bias].length : 10, cost time : 0m:0s:79ms
2024-11-15 00:11:06,484 - fl_main - INFO - Server receive client_dict[f_00004] info ...
2024-11-15 00:11:06,484 - fl_main - INFO - global aggregation process ...
2024-11-15 00:11:06,484 - fed_utils - INFO - server.n_data : 60000
2024-11-15 00:11:06,484 - fed_utils - INFO - client_dict[f_00000].weight : 0.200000
2024-11-15 00:11:06,484 - fed_utils - INFO - client_dict[f_00001].weight : 0.200000
2024-11-15 00:11:06,484 - fed_utils - INFO - client_dict[f_00002].weight : 0.200000
2024-11-15 00:11:06,484 - fed_utils - INFO - client_dict[f_00003].weight : 0.200000
2024-11-15 00:11:06,484 - fed_utils - INFO - client_dict[f_00004].weight : 0.200000
2024-11-15 00:11:06,484 - fed_utils - INFO - recover secret number by clients: 722.400000
2024-11-15 00:11:06,484 - server_base - INFO - Server aggregate model with homomorphic encryption ...
2024-11-15 00:11:07,923 - server_base - INFO - Server aggregate model done, cost time : 0m:1s:438ms
2024-11-15 00:11:08,265 - fed_utils - INFO - decrypting key [conv1.weight].shape [torch.Size([6, 1, 5, 5])]
2024-11-15 00:11:08,279 - fed_utils - INFO - decrypting key [conv1.bias].shape [torch.Size([6])]
2024-11-15 00:11:08,279 - fed_utils - INFO - decrypting key [conv2.weight].shape [torch.Size([16, 6, 5, 5])]
2024-11-15 00:11:08,279 - fed_utils - INFO - decrypting key [conv2.bias].shape [torch.Size([16])]
2024-11-15 00:11:08,279 - fed_utils - INFO - decrypting key [fc1.weight].shape [torch.Size([120, 400])]
2024-11-15 00:11:08,279 - fed_utils - INFO - decrypting key [fc1.bias].shape [torch.Size([120])]
2024-11-15 00:11:08,279 - fed_utils - INFO - decrypting key [fc2.weight].shape [torch.Size([84, 120])]
2024-11-15 00:11:08,279 - fed_utils - INFO - decrypting key [fc2.bias].shape [torch.Size([84])]
2024-11-15 00:11:10,193 - fed_utils - INFO - decrypting key [fc3.weight].shape [torch.Size([10, 84])]
2024-11-15 00:11:10,215 - fed_utils - INFO - decrypting key [fc3.bias].shape [torch.Size([10])]
2024-11-15 00:11:10,215 - fed_utils - INFO - decrypt time : [0m:2s:292ms]
2024-11-15 00:11:10,218 - fl_main - INFO - [global round : 11] aggregated model accuracy : 0.9635
2024-11-15 00:11:10,218 - fl_main - INFO - [global round : 11] aggregated model loss : 0.07624216065913125
2024-11-15 00:11:10,218 - fl_main - INFO - global round : 12
2024-11-15 00:11:10,219 - fl_main - INFO - the random client id to test accuracy : f_00000
2024-11-15 00:11:10,219 - fl_main - INFO - ----- client id [f_00000] -----
2024-11-15 00:11:10,220 - client_base - INFO - recover model cost time : 0m:0s:0ms
2024-11-15 00:11:11,023 - fl_main - INFO - global round [12] client_dict[f_00000].accuracy : 0.965700
2024-11-15 00:11:11,023 - fl_main - INFO - client_dict[f_00000] training ...
2024-11-15 00:11:11,023 - client_base - INFO - client_dict[f_00000] training epoch : 0
2024-11-15 00:11:11,779 - client_base - INFO - local model train cost time : 0m:0s:755ms
2024-11-15 00:11:11,780 - client_base - INFO - model encode time : 0m:0s:1ms
2024-11-15 00:11:11,780 - fl_main - INFO - client_dict[f_00000] local model encrypting ...
2024-11-15 00:11:12,969 - fed_utils - INFO - encrypting key [conv1.weight].length : 150, cost time : 0m:1s:188ms
2024-11-15 00:11:13,017 - fed_utils - INFO - encrypting key [conv1.bias].length : 6, cost time : 0m:0s:48ms
2024-11-15 00:11:13,017 - fed_utils - INFO - load key [conv2.weight].length : 2400, cost time : 0m:0s:0ms
2024-11-15 00:11:13,017 - fed_utils - INFO - load key [conv2.bias].length : 16, cost time : 0m:0s:0ms
2024-11-15 00:11:13,018 - fed_utils - INFO - load key [fc1.weight].length : 48000, cost time : 0m:0s:0ms
2024-11-15 00:11:13,018 - fed_utils - INFO - load key [fc1.bias].length : 120, cost time : 0m:0s:0ms
2024-11-15 00:11:13,018 - fed_utils - INFO - load key [fc2.weight].length : 10080, cost time : 0m:0s:0ms
2024-11-15 00:11:13,018 - fed_utils - INFO - load key [fc2.bias].length : 84, cost time : 0m:0s:0ms
2024-11-15 00:11:19,812 - fed_utils - INFO - encrypting key [fc3.weight].length : 840, cost time : 0m:6s:793ms
2024-11-15 00:11:19,891 - fed_utils - INFO - encrypting key [fc3.bias].length : 10, cost time : 0m:0s:79ms
2024-11-15 00:11:19,892 - fl_main - INFO - Server receive client_dict[f_00000] info ...
2024-11-15 00:11:19,892 - fl_main - INFO - ----- client id [f_00001] -----
2024-11-15 00:11:19,894 - client_base - INFO - recover model cost time : 0m:0s:0ms
2024-11-15 00:11:19,894 - fl_main - INFO - client_dict[f_00001] training ...
2024-11-15 00:11:19,894 - client_base - INFO - client_dict[f_00001] training epoch : 0
2024-11-15 00:11:20,650 - client_base - INFO - local model train cost time : 0m:0s:755ms
2024-11-15 00:11:20,651 - client_base - INFO - model encode time : 0m:0s:1ms
2024-11-15 00:11:20,651 - fl_main - INFO - client_dict[f_00001] local model encrypting ...
2024-11-15 00:11:21,838 - fed_utils - INFO - encrypting key [conv1.weight].length : 150, cost time : 0m:1s:186ms
2024-11-15 00:11:21,886 - fed_utils - INFO - encrypting key [conv1.bias].length : 6, cost time : 0m:0s:48ms
2024-11-15 00:11:21,886 - fed_utils - INFO - load key [conv2.weight].length : 2400, cost time : 0m:0s:0ms
2024-11-15 00:11:21,886 - fed_utils - INFO - load key [conv2.bias].length : 16, cost time : 0m:0s:0ms
2024-11-15 00:11:21,887 - fed_utils - INFO - load key [fc1.weight].length : 48000, cost time : 0m:0s:0ms
2024-11-15 00:11:21,887 - fed_utils - INFO - load key [fc1.bias].length : 120, cost time : 0m:0s:0ms
2024-11-15 00:11:21,888 - fed_utils - INFO - load key [fc2.weight].length : 10080, cost time : 0m:0s:0ms
2024-11-15 00:11:21,888 - fed_utils - INFO - load key [fc2.bias].length : 84, cost time : 0m:0s:0ms
2024-11-15 00:11:28,535 - fed_utils - INFO - encrypting key [fc3.weight].length : 840, cost time : 0m:6s:646ms
2024-11-15 00:11:28,614 - fed_utils - INFO - encrypting key [fc3.bias].length : 10, cost time : 0m:0s:79ms
2024-11-15 00:11:28,614 - fl_main - INFO - Server receive client_dict[f_00001] info ...
2024-11-15 00:11:28,614 - fl_main - INFO - ----- client id [f_00002] -----
2024-11-15 00:11:28,615 - client_base - INFO - recover model cost time : 0m:0s:0ms
2024-11-15 00:11:28,616 - fl_main - INFO - client_dict[f_00002] training ...
2024-11-15 00:11:28,616 - client_base - INFO - client_dict[f_00002] training epoch : 0
2024-11-15 00:11:29,378 - client_base - INFO - local model train cost time : 0m:0s:761ms
2024-11-15 00:11:29,380 - client_base - INFO - model encode time : 0m:0s:1ms
2024-11-15 00:11:29,380 - fl_main - INFO - client_dict[f_00002] local model encrypting ...
2024-11-15 00:11:30,567 - fed_utils - INFO - encrypting key [conv1.weight].length : 150, cost time : 0m:1s:187ms
2024-11-15 00:11:30,615 - fed_utils - INFO - encrypting key [conv1.bias].length : 6, cost time : 0m:0s:47ms
2024-11-15 00:11:30,615 - fed_utils - INFO - load key [conv2.weight].length : 2400, cost time : 0m:0s:0ms
2024-11-15 00:11:30,615 - fed_utils - INFO - load key [conv2.bias].length : 16, cost time : 0m:0s:0ms
2024-11-15 00:11:30,616 - fed_utils - INFO - load key [fc1.weight].length : 48000, cost time : 0m:0s:0ms
2024-11-15 00:11:30,616 - fed_utils - INFO - load key [fc1.bias].length : 120, cost time : 0m:0s:0ms
2024-11-15 00:11:30,616 - fed_utils - INFO - load key [fc2.weight].length : 10080, cost time : 0m:0s:0ms
2024-11-15 00:11:30,616 - fed_utils - INFO - load key [fc2.bias].length : 84, cost time : 0m:0s:0ms
2024-11-15 00:11:37,387 - fed_utils - INFO - encrypting key [fc3.weight].length : 840, cost time : 0m:6s:770ms
2024-11-15 00:11:37,467 - fed_utils - INFO - encrypting key [fc3.bias].length : 10, cost time : 0m:0s:79ms
2024-11-15 00:11:37,467 - fl_main - INFO - Server receive client_dict[f_00002] info ...
2024-11-15 00:11:37,467 - fl_main - INFO - ----- client id [f_00003] -----
2024-11-15 00:11:37,468 - client_base - INFO - recover model cost time : 0m:0s:0ms
2024-11-15 00:11:37,468 - fl_main - INFO - client_dict[f_00003] training ...
2024-11-15 00:11:37,469 - client_base - INFO - client_dict[f_00003] training epoch : 0
2024-11-15 00:11:38,228 - client_base - INFO - local model train cost time : 0m:0s:759ms
2024-11-15 00:11:38,230 - client_base - INFO - model encode time : 0m:0s:1ms
2024-11-15 00:11:38,230 - fl_main - INFO - client_dict[f_00003] local model encrypting ...
2024-11-15 00:11:39,417 - fed_utils - INFO - encrypting key [conv1.weight].length : 150, cost time : 0m:1s:186ms
2024-11-15 00:11:39,465 - fed_utils - INFO - encrypting key [conv1.bias].length : 6, cost time : 0m:0s:48ms
2024-11-15 00:11:39,465 - fed_utils - INFO - load key [conv2.weight].length : 2400, cost time : 0m:0s:0ms
2024-11-15 00:11:39,465 - fed_utils - INFO - load key [conv2.bias].length : 16, cost time : 0m:0s:0ms
2024-11-15 00:11:39,466 - fed_utils - INFO - load key [fc1.weight].length : 48000, cost time : 0m:0s:0ms
2024-11-15 00:11:39,466 - fed_utils - INFO - load key [fc1.bias].length : 120, cost time : 0m:0s:0ms
2024-11-15 00:11:39,466 - fed_utils - INFO - load key [fc2.weight].length : 10080, cost time : 0m:0s:0ms
2024-11-15 00:11:39,466 - fed_utils - INFO - load key [fc2.bias].length : 84, cost time : 0m:0s:0ms
2024-11-15 00:11:46,112 - fed_utils - INFO - encrypting key [fc3.weight].length : 840, cost time : 0m:6s:645ms
2024-11-15 00:11:46,191 - fed_utils - INFO - encrypting key [fc3.bias].length : 10, cost time : 0m:0s:79ms
2024-11-15 00:11:46,191 - fl_main - INFO - Server receive client_dict[f_00003] info ...
2024-11-15 00:11:46,191 - fl_main - INFO - ----- client id [f_00004] -----
2024-11-15 00:11:46,193 - client_base - INFO - recover model cost time : 0m:0s:0ms
2024-11-15 00:11:46,193 - fl_main - INFO - client_dict[f_00004] training ...
2024-11-15 00:11:46,193 - client_base - INFO - client_dict[f_00004] training epoch : 0
2024-11-15 00:11:47,136 - client_base - INFO - local model train cost time : 0m:0s:942ms
2024-11-15 00:11:47,138 - client_base - INFO - model encode time : 0m:0s:1ms
2024-11-15 00:11:47,138 - fl_main - INFO - client_dict[f_00004] local model encrypting ...
2024-11-15 00:11:48,324 - fed_utils - INFO - encrypting key [conv1.weight].length : 150, cost time : 0m:1s:186ms
2024-11-15 00:11:48,373 - fed_utils - INFO - encrypting key [conv1.bias].length : 6, cost time : 0m:0s:48ms
2024-11-15 00:11:48,373 - fed_utils - INFO - load key [conv2.weight].length : 2400, cost time : 0m:0s:0ms
2024-11-15 00:11:48,373 - fed_utils - INFO - load key [conv2.bias].length : 16, cost time : 0m:0s:0ms
2024-11-15 00:11:48,374 - fed_utils - INFO - load key [fc1.weight].length : 48000, cost time : 0m:0s:0ms
2024-11-15 00:11:48,374 - fed_utils - INFO - load key [fc1.bias].length : 120, cost time : 0m:0s:0ms
2024-11-15 00:11:48,374 - fed_utils - INFO - load key [fc2.weight].length : 10080, cost time : 0m:0s:0ms
2024-11-15 00:11:48,374 - fed_utils - INFO - load key [fc2.bias].length : 84, cost time : 0m:0s:0ms
2024-11-15 00:11:55,018 - fed_utils - INFO - encrypting key [fc3.weight].length : 840, cost time : 0m:6s:643ms
2024-11-15 00:11:55,097 - fed_utils - INFO - encrypting key [fc3.bias].length : 10, cost time : 0m:0s:79ms
2024-11-15 00:11:55,097 - fl_main - INFO - Server receive client_dict[f_00004] info ...
2024-11-15 00:11:55,097 - fl_main - INFO - global aggregation process ...
2024-11-15 00:11:55,098 - fed_utils - INFO - server.n_data : 60000
2024-11-15 00:11:55,098 - fed_utils - INFO - client_dict[f_00000].weight : 0.200000
2024-11-15 00:11:55,098 - fed_utils - INFO - client_dict[f_00001].weight : 0.200000
2024-11-15 00:11:55,098 - fed_utils - INFO - client_dict[f_00002].weight : 0.200000
2024-11-15 00:11:55,098 - fed_utils - INFO - client_dict[f_00003].weight : 0.200000
2024-11-15 00:11:55,098 - fed_utils - INFO - client_dict[f_00004].weight : 0.200000
2024-11-15 00:11:55,098 - fed_utils - INFO - recover secret number by clients: 722.400000
2024-11-15 00:11:55,098 - server_base - INFO - Server aggregate model with homomorphic encryption ...
2024-11-15 00:11:56,535 - server_base - INFO - Server aggregate model done, cost time : 0m:1s:437ms
2024-11-15 00:11:56,877 - fed_utils - INFO - decrypting key [conv1.weight].shape [torch.Size([6, 1, 5, 5])]
2024-11-15 00:11:56,891 - fed_utils - INFO - decrypting key [conv1.bias].shape [torch.Size([6])]
2024-11-15 00:11:56,891 - fed_utils - INFO - decrypting key [conv2.weight].shape [torch.Size([16, 6, 5, 5])]
2024-11-15 00:11:56,891 - fed_utils - INFO - decrypting key [conv2.bias].shape [torch.Size([16])]
2024-11-15 00:11:56,891 - fed_utils - INFO - decrypting key [fc1.weight].shape [torch.Size([120, 400])]
2024-11-15 00:11:56,891 - fed_utils - INFO - decrypting key [fc1.bias].shape [torch.Size([120])]
2024-11-15 00:11:56,892 - fed_utils - INFO - decrypting key [fc2.weight].shape [torch.Size([84, 120])]
2024-11-15 00:11:56,892 - fed_utils - INFO - decrypting key [fc2.bias].shape [torch.Size([84])]
2024-11-15 00:11:58,805 - fed_utils - INFO - decrypting key [fc3.weight].shape [torch.Size([10, 84])]
2024-11-15 00:11:58,828 - fed_utils - INFO - decrypting key [fc3.bias].shape [torch.Size([10])]
2024-11-15 00:11:58,828 - fed_utils - INFO - decrypt time : [0m:2s:292ms]
2024-11-15 00:11:58,831 - fl_main - INFO - [global round : 12] aggregated model accuracy : 0.9657
2024-11-15 00:11:58,831 - fl_main - INFO - [global round : 12] aggregated model loss : 0.11179339828522028
2024-11-15 00:11:58,831 - fl_main - INFO - global round : 13
2024-11-15 00:11:58,831 - fl_main - INFO - the random client id to test accuracy : f_00002
2024-11-15 00:11:58,831 - fl_main - INFO - ----- client id [f_00000] -----
2024-11-15 00:11:58,833 - client_base - INFO - recover model cost time : 0m:0s:0ms
2024-11-15 00:11:58,833 - fl_main - INFO - client_dict[f_00000] training ...
2024-11-15 00:11:58,833 - client_base - INFO - client_dict[f_00000] training epoch : 0
2024-11-15 00:11:59,588 - client_base - INFO - local model train cost time : 0m:0s:754ms
2024-11-15 00:11:59,589 - client_base - INFO - model encode time : 0m:0s:1ms
2024-11-15 00:11:59,590 - fl_main - INFO - client_dict[f_00000] local model encrypting ...
2024-11-15 00:12:00,775 - fed_utils - INFO - encrypting key [conv1.weight].length : 150, cost time : 0m:1s:185ms
2024-11-15 00:12:00,823 - fed_utils - INFO - encrypting key [conv1.bias].length : 6, cost time : 0m:0s:47ms
2024-11-15 00:12:00,823 - fed_utils - INFO - load key [conv2.weight].length : 2400, cost time : 0m:0s:0ms
2024-11-15 00:12:00,823 - fed_utils - INFO - load key [conv2.bias].length : 16, cost time : 0m:0s:0ms
2024-11-15 00:12:00,824 - fed_utils - INFO - load key [fc1.weight].length : 48000, cost time : 0m:0s:0ms
2024-11-15 00:12:00,824 - fed_utils - INFO - load key [fc1.bias].length : 120, cost time : 0m:0s:0ms
2024-11-15 00:12:00,825 - fed_utils - INFO - load key [fc2.weight].length : 10080, cost time : 0m:0s:0ms
2024-11-15 00:12:00,825 - fed_utils - INFO - load key [fc2.bias].length : 84, cost time : 0m:0s:0ms
2024-11-15 00:12:07,601 - fed_utils - INFO - encrypting key [fc3.weight].length : 840, cost time : 0m:6s:776ms
2024-11-15 00:12:07,680 - fed_utils - INFO - encrypting key [fc3.bias].length : 10, cost time : 0m:0s:79ms
2024-11-15 00:12:07,681 - fl_main - INFO - Server receive client_dict[f_00000] info ...
2024-11-15 00:12:07,681 - fl_main - INFO - ----- client id [f_00001] -----
2024-11-15 00:12:07,682 - client_base - INFO - recover model cost time : 0m:0s:0ms
2024-11-15 00:12:07,683 - fl_main - INFO - client_dict[f_00001] training ...
2024-11-15 00:12:07,683 - client_base - INFO - client_dict[f_00001] training epoch : 0
2024-11-15 00:12:08,421 - client_base - INFO - local model train cost time : 0m:0s:738ms
2024-11-15 00:12:08,423 - client_base - INFO - model encode time : 0m:0s:1ms
2024-11-15 00:12:08,423 - fl_main - INFO - client_dict[f_00001] local model encrypting ...
2024-11-15 00:12:09,610 - fed_utils - INFO - encrypting key [conv1.weight].length : 150, cost time : 0m:1s:186ms
2024-11-15 00:12:09,658 - fed_utils - INFO - encrypting key [conv1.bias].length : 6, cost time : 0m:0s:48ms
2024-11-15 00:12:09,658 - fed_utils - INFO - load key [conv2.weight].length : 2400, cost time : 0m:0s:0ms
2024-11-15 00:12:09,658 - fed_utils - INFO - load key [conv2.bias].length : 16, cost time : 0m:0s:0ms
2024-11-15 00:12:09,659 - fed_utils - INFO - load key [fc1.weight].length : 48000, cost time : 0m:0s:0ms
2024-11-15 00:12:09,659 - fed_utils - INFO - load key [fc1.bias].length : 120, cost time : 0m:0s:0ms
2024-11-15 00:12:09,659 - fed_utils - INFO - load key [fc2.weight].length : 10080, cost time : 0m:0s:0ms
2024-11-15 00:12:09,659 - fed_utils - INFO - load key [fc2.bias].length : 84, cost time : 0m:0s:0ms
2024-11-15 00:12:16,302 - fed_utils - INFO - encrypting key [fc3.weight].length : 840, cost time : 0m:6s:642ms
2024-11-15 00:12:16,381 - fed_utils - INFO - encrypting key [fc3.bias].length : 10, cost time : 0m:0s:79ms
2024-11-15 00:12:16,381 - fl_main - INFO - Server receive client_dict[f_00001] info ...
2024-11-15 00:12:16,381 - fl_main - INFO - ----- client id [f_00002] -----
2024-11-15 00:12:16,383 - client_base - INFO - recover model cost time : 0m:0s:0ms
2024-11-15 00:12:17,320 - fl_main - INFO - global round [13] client_dict[f_00002].accuracy : 0.968000
2024-11-15 00:12:17,320 - fl_main - INFO - client_dict[f_00002] training ...
2024-11-15 00:12:17,320 - client_base - INFO - client_dict[f_00002] training epoch : 0
2024-11-15 00:12:18,065 - client_base - INFO - local model train cost time : 0m:0s:745ms
2024-11-15 00:12:18,067 - client_base - INFO - model encode time : 0m:0s:1ms
2024-11-15 00:12:18,067 - fl_main - INFO - client_dict[f_00002] local model encrypting ...
2024-11-15 00:12:19,256 - fed_utils - INFO - encrypting key [conv1.weight].length : 150, cost time : 0m:1s:189ms
2024-11-15 00:12:19,305 - fed_utils - INFO - encrypting key [conv1.bias].length : 6, cost time : 0m:0s:48ms
2024-11-15 00:12:19,305 - fed_utils - INFO - load key [conv2.weight].length : 2400, cost time : 0m:0s:0ms
2024-11-15 00:12:19,305 - fed_utils - INFO - load key [conv2.bias].length : 16, cost time : 0m:0s:0ms
2024-11-15 00:12:19,306 - fed_utils - INFO - load key [fc1.weight].length : 48000, cost time : 0m:0s:0ms
2024-11-15 00:12:19,306 - fed_utils - INFO - load key [fc1.bias].length : 120, cost time : 0m:0s:0ms
2024-11-15 00:12:19,306 - fed_utils - INFO - load key [fc2.weight].length : 10080, cost time : 0m:0s:0ms
2024-11-15 00:12:19,306 - fed_utils - INFO - load key [fc2.bias].length : 84, cost time : 0m:0s:0ms
2024-11-15 00:12:25,955 - fed_utils - INFO - encrypting key [fc3.weight].length : 840, cost time : 0m:6s:649ms
2024-11-15 00:12:26,035 - fed_utils - INFO - encrypting key [fc3.bias].length : 10, cost time : 0m:0s:79ms
2024-11-15 00:12:26,035 - fl_main - INFO - Server receive client_dict[f_00002] info ...
2024-11-15 00:12:26,035 - fl_main - INFO - ----- client id [f_00003] -----
2024-11-15 00:12:26,036 - client_base - INFO - recover model cost time : 0m:0s:0ms
2024-11-15 00:12:26,036 - fl_main - INFO - client_dict[f_00003] training ...
2024-11-15 00:12:26,037 - client_base - INFO - client_dict[f_00003] training epoch : 0
2024-11-15 00:12:26,797 - client_base - INFO - local model train cost time : 0m:0s:759ms
2024-11-15 00:12:26,798 - client_base - INFO - model encode time : 0m:0s:1ms
2024-11-15 00:12:26,798 - fl_main - INFO - client_dict[f_00003] local model encrypting ...
2024-11-15 00:12:27,984 - fed_utils - INFO - encrypting key [conv1.weight].length : 150, cost time : 0m:1s:185ms
2024-11-15 00:12:28,033 - fed_utils - INFO - encrypting key [conv1.bias].length : 6, cost time : 0m:0s:48ms
2024-11-15 00:12:28,033 - fed_utils - INFO - load key [conv2.weight].length : 2400, cost time : 0m:0s:0ms
2024-11-15 00:12:28,033 - fed_utils - INFO - load key [conv2.bias].length : 16, cost time : 0m:0s:0ms
2024-11-15 00:12:28,034 - fed_utils - INFO - load key [fc1.weight].length : 48000, cost time : 0m:0s:0ms
2024-11-15 00:12:28,034 - fed_utils - INFO - load key [fc1.bias].length : 120, cost time : 0m:0s:0ms
2024-11-15 00:12:28,034 - fed_utils - INFO - load key [fc2.weight].length : 10080, cost time : 0m:0s:0ms
2024-11-15 00:12:28,034 - fed_utils - INFO - load key [fc2.bias].length : 84, cost time : 0m:0s:0ms
2024-11-15 00:12:34,805 - fed_utils - INFO - encrypting key [fc3.weight].length : 840, cost time : 0m:6s:770ms
2024-11-15 00:12:34,884 - fed_utils - INFO - encrypting key [fc3.bias].length : 10, cost time : 0m:0s:79ms
2024-11-15 00:12:34,884 - fl_main - INFO - Server receive client_dict[f_00003] info ...
2024-11-15 00:12:34,884 - fl_main - INFO - ----- client id [f_00004] -----
2024-11-15 00:12:34,886 - client_base - INFO - recover model cost time : 0m:0s:0ms
2024-11-15 00:12:34,886 - fl_main - INFO - client_dict[f_00004] training ...
2024-11-15 00:12:34,886 - client_base - INFO - client_dict[f_00004] training epoch : 0
2024-11-15 00:12:35,621 - client_base - INFO - local model train cost time : 0m:0s:734ms
2024-11-15 00:12:35,623 - client_base - INFO - model encode time : 0m:0s:1ms
2024-11-15 00:12:35,623 - fl_main - INFO - client_dict[f_00004] local model encrypting ...
2024-11-15 00:12:36,810 - fed_utils - INFO - encrypting key [conv1.weight].length : 150, cost time : 0m:1s:187ms
2024-11-15 00:12:36,859 - fed_utils - INFO - encrypting key [conv1.bias].length : 6, cost time : 0m:0s:48ms
2024-11-15 00:12:36,859 - fed_utils - INFO - load key [conv2.weight].length : 2400, cost time : 0m:0s:0ms
2024-11-15 00:12:36,859 - fed_utils - INFO - load key [conv2.bias].length : 16, cost time : 0m:0s:0ms
2024-11-15 00:12:36,860 - fed_utils - INFO - load key [fc1.weight].length : 48000, cost time : 0m:0s:0ms
2024-11-15 00:12:36,860 - fed_utils - INFO - load key [fc1.bias].length : 120, cost time : 0m:0s:0ms
2024-11-15 00:12:36,860 - fed_utils - INFO - load key [fc2.weight].length : 10080, cost time : 0m:0s:0ms
2024-11-15 00:12:36,860 - fed_utils - INFO - load key [fc2.bias].length : 84, cost time : 0m:0s:0ms
2024-11-15 00:12:43,505 - fed_utils - INFO - encrypting key [fc3.weight].length : 840, cost time : 0m:6s:644ms
2024-11-15 00:12:43,584 - fed_utils - INFO - encrypting key [fc3.bias].length : 10, cost time : 0m:0s:79ms
2024-11-15 00:12:43,584 - fl_main - INFO - Server receive client_dict[f_00004] info ...
2024-11-15 00:12:43,585 - fl_main - INFO - global aggregation process ...
2024-11-15 00:12:43,585 - fed_utils - INFO - server.n_data : 60000
2024-11-15 00:12:43,585 - fed_utils - INFO - client_dict[f_00000].weight : 0.200000
2024-11-15 00:12:43,585 - fed_utils - INFO - client_dict[f_00001].weight : 0.200000
2024-11-15 00:12:43,585 - fed_utils - INFO - client_dict[f_00002].weight : 0.200000
2024-11-15 00:12:43,585 - fed_utils - INFO - client_dict[f_00003].weight : 0.200000
2024-11-15 00:12:43,585 - fed_utils - INFO - client_dict[f_00004].weight : 0.200000
2024-11-15 00:12:43,585 - fed_utils - INFO - recover secret number by clients: 722.400000
2024-11-15 00:12:43,585 - server_base - INFO - Server aggregate model with homomorphic encryption ...
2024-11-15 00:12:45,021 - server_base - INFO - Server aggregate model done, cost time : 0m:1s:435ms
2024-11-15 00:12:45,363 - fed_utils - INFO - decrypting key [conv1.weight].shape [torch.Size([6, 1, 5, 5])]
2024-11-15 00:12:45,377 - fed_utils - INFO - decrypting key [conv1.bias].shape [torch.Size([6])]
2024-11-15 00:12:45,377 - fed_utils - INFO - decrypting key [conv2.weight].shape [torch.Size([16, 6, 5, 5])]
2024-11-15 00:12:45,377 - fed_utils - INFO - decrypting key [conv2.bias].shape [torch.Size([16])]
2024-11-15 00:12:45,377 - fed_utils - INFO - decrypting key [fc1.weight].shape [torch.Size([120, 400])]
2024-11-15 00:12:45,377 - fed_utils - INFO - decrypting key [fc1.bias].shape [torch.Size([120])]
2024-11-15 00:12:45,377 - fed_utils - INFO - decrypting key [fc2.weight].shape [torch.Size([84, 120])]
2024-11-15 00:12:45,377 - fed_utils - INFO - decrypting key [fc2.bias].shape [torch.Size([84])]
2024-11-15 00:12:47,449 - fed_utils - INFO - decrypting key [fc3.weight].shape [torch.Size([10, 84])]
2024-11-15 00:12:47,472 - fed_utils - INFO - decrypting key [fc3.bias].shape [torch.Size([10])]
2024-11-15 00:12:47,472 - fed_utils - INFO - decrypt time : [0m:2s:450ms]
2024-11-15 00:12:47,474 - fl_main - INFO - [global round : 13] aggregated model accuracy : 0.9680000000000001
2024-11-15 00:12:47,474 - fl_main - INFO - [global round : 13] aggregated model loss : 0.16178911811655733
2024-11-15 00:12:47,475 - fl_main - INFO - global round : 14
2024-11-15 00:12:47,475 - fl_main - INFO - the random client id to test accuracy : f_00003
2024-11-15 00:12:47,475 - fl_main - INFO - ----- client id [f_00000] -----
2024-11-15 00:12:47,476 - client_base - INFO - recover model cost time : 0m:0s:0ms
2024-11-15 00:12:47,476 - fl_main - INFO - client_dict[f_00000] training ...
2024-11-15 00:12:47,477 - client_base - INFO - client_dict[f_00000] training epoch : 0
2024-11-15 00:12:48,218 - client_base - INFO - local model train cost time : 0m:0s:741ms
2024-11-15 00:12:48,220 - client_base - INFO - model encode time : 0m:0s:1ms
2024-11-15 00:12:48,220 - fl_main - INFO - client_dict[f_00000] local model encrypting ...
2024-11-15 00:12:49,410 - fed_utils - INFO - encrypting key [conv1.weight].length : 150, cost time : 0m:1s:189ms
2024-11-15 00:12:49,458 - fed_utils - INFO - encrypting key [conv1.bias].length : 6, cost time : 0m:0s:47ms
2024-11-15 00:12:49,458 - fed_utils - INFO - load key [conv2.weight].length : 2400, cost time : 0m:0s:0ms
2024-11-15 00:12:49,458 - fed_utils - INFO - load key [conv2.bias].length : 16, cost time : 0m:0s:0ms
2024-11-15 00:12:49,459 - fed_utils - INFO - load key [fc1.weight].length : 48000, cost time : 0m:0s:0ms
2024-11-15 00:12:49,459 - fed_utils - INFO - load key [fc1.bias].length : 120, cost time : 0m:0s:0ms
2024-11-15 00:12:49,459 - fed_utils - INFO - load key [fc2.weight].length : 10080, cost time : 0m:0s:0ms
2024-11-15 00:12:49,459 - fed_utils - INFO - load key [fc2.bias].length : 84, cost time : 0m:0s:0ms
2024-11-15 00:12:56,102 - fed_utils - INFO - encrypting key [fc3.weight].length : 840, cost time : 0m:6s:642ms
2024-11-15 00:12:56,181 - fed_utils - INFO - encrypting key [fc3.bias].length : 10, cost time : 0m:0s:79ms
2024-11-15 00:12:56,182 - fl_main - INFO - Server receive client_dict[f_00000] info ...
2024-11-15 00:12:56,182 - fl_main - INFO - ----- client id [f_00001] -----
2024-11-15 00:12:56,184 - client_base - INFO - recover model cost time : 0m:0s:0ms
2024-11-15 00:12:56,184 - fl_main - INFO - client_dict[f_00001] training ...
2024-11-15 00:12:56,184 - client_base - INFO - client_dict[f_00001] training epoch : 0
2024-11-15 00:12:56,931 - client_base - INFO - local model train cost time : 0m:0s:747ms
2024-11-15 00:12:56,933 - client_base - INFO - model encode time : 0m:0s:1ms
2024-11-15 00:12:56,933 - fl_main - INFO - client_dict[f_00001] local model encrypting ...
2024-11-15 00:12:58,120 - fed_utils - INFO - encrypting key [conv1.weight].length : 150, cost time : 0m:1s:186ms
2024-11-15 00:12:58,168 - fed_utils - INFO - encrypting key [conv1.bias].length : 6, cost time : 0m:0s:47ms
2024-11-15 00:12:58,168 - fed_utils - INFO - load key [conv2.weight].length : 2400, cost time : 0m:0s:0ms
2024-11-15 00:12:58,168 - fed_utils - INFO - load key [conv2.bias].length : 16, cost time : 0m:0s:0ms
2024-11-15 00:12:58,169 - fed_utils - INFO - load key [fc1.weight].length : 48000, cost time : 0m:0s:0ms
2024-11-15 00:12:58,169 - fed_utils - INFO - load key [fc1.bias].length : 120, cost time : 0m:0s:0ms
2024-11-15 00:12:58,169 - fed_utils - INFO - load key [fc2.weight].length : 10080, cost time : 0m:0s:0ms
2024-11-15 00:12:58,169 - fed_utils - INFO - load key [fc2.bias].length : 84, cost time : 0m:0s:0ms
2024-11-15 00:13:04,957 - fed_utils - INFO - encrypting key [fc3.weight].length : 840, cost time : 0m:6s:787ms
2024-11-15 00:13:05,036 - fed_utils - INFO - encrypting key [fc3.bias].length : 10, cost time : 0m:0s:79ms
2024-11-15 00:13:05,036 - fl_main - INFO - Server receive client_dict[f_00001] info ...
2024-11-15 00:13:05,036 - fl_main - INFO - ----- client id [f_00002] -----
2024-11-15 00:13:05,037 - client_base - INFO - recover model cost time : 0m:0s:0ms
2024-11-15 00:13:05,037 - fl_main - INFO - client_dict[f_00002] training ...
2024-11-15 00:13:05,038 - client_base - INFO - client_dict[f_00002] training epoch : 0
2024-11-15 00:13:05,782 - client_base - INFO - local model train cost time : 0m:0s:744ms
2024-11-15 00:13:05,784 - client_base - INFO - model encode time : 0m:0s:1ms
2024-11-15 00:13:05,784 - fl_main - INFO - client_dict[f_00002] local model encrypting ...
2024-11-15 00:13:06,973 - fed_utils - INFO - encrypting key [conv1.weight].length : 150, cost time : 0m:1s:188ms
2024-11-15 00:13:07,021 - fed_utils - INFO - encrypting key [conv1.bias].length : 6, cost time : 0m:0s:47ms
2024-11-15 00:13:07,021 - fed_utils - INFO - load key [conv2.weight].length : 2400, cost time : 0m:0s:0ms
2024-11-15 00:13:07,021 - fed_utils - INFO - load key [conv2.bias].length : 16, cost time : 0m:0s:0ms
2024-11-15 00:13:07,022 - fed_utils - INFO - load key [fc1.weight].length : 48000, cost time : 0m:0s:0ms
2024-11-15 00:13:07,022 - fed_utils - INFO - load key [fc1.bias].length : 120, cost time : 0m:0s:0ms
2024-11-15 00:13:07,022 - fed_utils - INFO - load key [fc2.weight].length : 10080, cost time : 0m:0s:0ms
2024-11-15 00:13:07,022 - fed_utils - INFO - load key [fc2.bias].length : 84, cost time : 0m:0s:0ms
2024-11-15 00:13:13,665 - fed_utils - INFO - encrypting key [fc3.weight].length : 840, cost time : 0m:6s:642ms
2024-11-15 00:13:13,744 - fed_utils - INFO - encrypting key [fc3.bias].length : 10, cost time : 0m:0s:79ms
2024-11-15 00:13:13,744 - fl_main - INFO - Server receive client_dict[f_00002] info ...
2024-11-15 00:13:13,744 - fl_main - INFO - ----- client id [f_00003] -----
2024-11-15 00:13:13,746 - client_base - INFO - recover model cost time : 0m:0s:0ms
2024-11-15 00:13:14,539 - fl_main - INFO - global round [14] client_dict[f_00003].accuracy : 0.970800
2024-11-15 00:13:14,539 - fl_main - INFO - client_dict[f_00003] training ...
2024-11-15 00:13:14,540 - client_base - INFO - client_dict[f_00003] training epoch : 0
2024-11-15 00:13:15,301 - client_base - INFO - local model train cost time : 0m:0s:761ms
2024-11-15 00:13:15,302 - client_base - INFO - model encode time : 0m:0s:1ms
2024-11-15 00:13:15,303 - fl_main - INFO - client_dict[f_00003] local model encrypting ...
2024-11-15 00:13:16,526 - fed_utils - INFO - encrypting key [conv1.weight].length : 150, cost time : 0m:1s:223ms
2024-11-15 00:13:16,607 - fed_utils - INFO - encrypting key [conv1.bias].length : 6, cost time : 0m:0s:80ms
2024-11-15 00:13:16,608 - fed_utils - INFO - load key [conv2.weight].length : 2400, cost time : 0m:0s:0ms
2024-11-15 00:13:16,608 - fed_utils - INFO - load key [conv2.bias].length : 16, cost time : 0m:0s:0ms
2024-11-15 00:13:16,609 - fed_utils - INFO - load key [fc1.weight].length : 48000, cost time : 0m:0s:1ms
2024-11-15 00:13:16,609 - fed_utils - INFO - load key [fc1.bias].length : 120, cost time : 0m:0s:0ms
2024-11-15 00:13:16,610 - fed_utils - INFO - load key [fc2.weight].length : 10080, cost time : 0m:0s:0ms
2024-11-15 00:13:16,610 - fed_utils - INFO - load key [fc2.bias].length : 84, cost time : 0m:0s:0ms
2024-11-15 00:13:23,307 - fed_utils - INFO - encrypting key [fc3.weight].length : 840, cost time : 0m:6s:696ms
2024-11-15 00:13:23,386 - fed_utils - INFO - encrypting key [fc3.bias].length : 10, cost time : 0m:0s:79ms
2024-11-15 00:13:23,386 - fl_main - INFO - Server receive client_dict[f_00003] info ...
2024-11-15 00:13:23,386 - fl_main - INFO - ----- client id [f_00004] -----
2024-11-15 00:13:23,388 - client_base - INFO - recover model cost time : 0m:0s:0ms
2024-11-15 00:13:23,388 - fl_main - INFO - client_dict[f_00004] training ...
2024-11-15 00:13:23,388 - client_base - INFO - client_dict[f_00004] training epoch : 0
2024-11-15 00:13:24,133 - client_base - INFO - local model train cost time : 0m:0s:744ms
2024-11-15 00:13:24,135 - client_base - INFO - model encode time : 0m:0s:1ms
2024-11-15 00:13:24,135 - fl_main - INFO - client_dict[f_00004] local model encrypting ...
2024-11-15 00:13:25,323 - fed_utils - INFO - encrypting key [conv1.weight].length : 150, cost time : 0m:1s:187ms
2024-11-15 00:13:25,371 - fed_utils - INFO - encrypting key [conv1.bias].length : 6, cost time : 0m:0s:47ms
2024-11-15 00:13:25,371 - fed_utils - INFO - load key [conv2.weight].length : 2400, cost time : 0m:0s:0ms
2024-11-15 00:13:25,371 - fed_utils - INFO - load key [conv2.bias].length : 16, cost time : 0m:0s:0ms
2024-11-15 00:13:25,372 - fed_utils - INFO - load key [fc1.weight].length : 48000, cost time : 0m:0s:0ms
2024-11-15 00:13:25,372 - fed_utils - INFO - load key [fc1.bias].length : 120, cost time : 0m:0s:0ms
2024-11-15 00:13:25,372 - fed_utils - INFO - load key [fc2.weight].length : 10080, cost time : 0m:0s:0ms
2024-11-15 00:13:25,372 - fed_utils - INFO - load key [fc2.bias].length : 84, cost time : 0m:0s:0ms
2024-11-15 00:13:32,134 - fed_utils - INFO - encrypting key [fc3.weight].length : 840, cost time : 0m:6s:761ms
2024-11-15 00:13:32,214 - fed_utils - INFO - encrypting key [fc3.bias].length : 10, cost time : 0m:0s:79ms
2024-11-15 00:13:32,215 - fl_main - INFO - Server receive client_dict[f_00004] info ...
2024-11-15 00:13:32,215 - fl_main - INFO - global aggregation process ...
2024-11-15 00:13:32,215 - fed_utils - INFO - server.n_data : 60000
2024-11-15 00:13:32,215 - fed_utils - INFO - client_dict[f_00000].weight : 0.200000
2024-11-15 00:13:32,215 - fed_utils - INFO - client_dict[f_00001].weight : 0.200000
2024-11-15 00:13:32,215 - fed_utils - INFO - client_dict[f_00002].weight : 0.200000
2024-11-15 00:13:32,215 - fed_utils - INFO - client_dict[f_00003].weight : 0.200000
2024-11-15 00:13:32,215 - fed_utils - INFO - client_dict[f_00004].weight : 0.200000
2024-11-15 00:13:32,215 - fed_utils - INFO - recover secret number by clients: 722.400000
2024-11-15 00:13:32,215 - server_base - INFO - Server aggregate model with homomorphic encryption ...
2024-11-15 00:13:33,679 - server_base - INFO - Server aggregate model done, cost time : 0m:1s:463ms
2024-11-15 00:13:34,020 - fed_utils - INFO - decrypting key [conv1.weight].shape [torch.Size([6, 1, 5, 5])]
2024-11-15 00:13:34,034 - fed_utils - INFO - decrypting key [conv1.bias].shape [torch.Size([6])]
2024-11-15 00:13:34,034 - fed_utils - INFO - decrypting key [conv2.weight].shape [torch.Size([16, 6, 5, 5])]
2024-11-15 00:13:34,034 - fed_utils - INFO - decrypting key [conv2.bias].shape [torch.Size([16])]
2024-11-15 00:13:34,035 - fed_utils - INFO - decrypting key [fc1.weight].shape [torch.Size([120, 400])]
2024-11-15 00:13:34,035 - fed_utils - INFO - decrypting key [fc1.bias].shape [torch.Size([120])]
2024-11-15 00:13:34,035 - fed_utils - INFO - decrypting key [fc2.weight].shape [torch.Size([84, 120])]
2024-11-15 00:13:34,035 - fed_utils - INFO - decrypting key [fc2.bias].shape [torch.Size([84])]
2024-11-15 00:13:35,949 - fed_utils - INFO - decrypting key [fc3.weight].shape [torch.Size([10, 84])]
2024-11-15 00:13:35,972 - fed_utils - INFO - decrypting key [fc3.bias].shape [torch.Size([10])]
2024-11-15 00:13:35,972 - fed_utils - INFO - decrypt time : [0m:2s:293ms]
2024-11-15 00:13:35,974 - fl_main - INFO - [global round : 14] aggregated model accuracy : 0.9708
2024-11-15 00:13:35,974 - fl_main - INFO - [global round : 14] aggregated model loss : 0.09463329762952676
2024-11-15 00:13:35,975 - fl_main - INFO - global round : 15
2024-11-15 00:13:35,975 - fl_main - INFO - the random client id to test accuracy : f_00002
2024-11-15 00:13:35,975 - fl_main - INFO - ----- client id [f_00000] -----
2024-11-15 00:13:35,976 - client_base - INFO - recover model cost time : 0m:0s:0ms
2024-11-15 00:13:35,977 - fl_main - INFO - client_dict[f_00000] training ...
2024-11-15 00:13:35,977 - client_base - INFO - client_dict[f_00000] training epoch : 0
2024-11-15 00:13:36,720 - client_base - INFO - local model train cost time : 0m:0s:742ms
2024-11-15 00:13:36,721 - client_base - INFO - model encode time : 0m:0s:1ms
2024-11-15 00:13:36,722 - fl_main - INFO - client_dict[f_00000] local model encrypting ...
2024-11-15 00:13:37,908 - fed_utils - INFO - encrypting key [conv1.weight].length : 150, cost time : 0m:1s:186ms
2024-11-15 00:13:37,956 - fed_utils - INFO - encrypting key [conv1.bias].length : 6, cost time : 0m:0s:48ms
2024-11-15 00:13:37,956 - fed_utils - INFO - load key [conv2.weight].length : 2400, cost time : 0m:0s:0ms
2024-11-15 00:13:37,956 - fed_utils - INFO - load key [conv2.bias].length : 16, cost time : 0m:0s:0ms
2024-11-15 00:13:37,957 - fed_utils - INFO - load key [fc1.weight].length : 48000, cost time : 0m:0s:0ms
2024-11-15 00:13:37,957 - fed_utils - INFO - load key [fc1.bias].length : 120, cost time : 0m:0s:0ms
2024-11-15 00:13:37,958 - fed_utils - INFO - load key [fc2.weight].length : 10080, cost time : 0m:0s:0ms
2024-11-15 00:13:37,958 - fed_utils - INFO - load key [fc2.bias].length : 84, cost time : 0m:0s:0ms
2024-11-15 00:13:44,601 - fed_utils - INFO - encrypting key [fc3.weight].length : 840, cost time : 0m:6s:643ms
2024-11-15 00:13:44,680 - fed_utils - INFO - encrypting key [fc3.bias].length : 10, cost time : 0m:0s:79ms
2024-11-15 00:13:44,681 - fl_main - INFO - Server receive client_dict[f_00000] info ...
2024-11-15 00:13:44,682 - fl_main - INFO - ----- client id [f_00001] -----
2024-11-15 00:13:44,683 - client_base - INFO - recover model cost time : 0m:0s:0ms
2024-11-15 00:13:44,683 - fl_main - INFO - client_dict[f_00001] training ...
2024-11-15 00:13:44,684 - client_base - INFO - client_dict[f_00001] training epoch : 0
2024-11-15 00:13:45,413 - client_base - INFO - local model train cost time : 0m:0s:729ms
2024-11-15 00:13:45,415 - client_base - INFO - model encode time : 0m:0s:1ms
2024-11-15 00:13:45,415 - fl_main - INFO - client_dict[f_00001] local model encrypting ...
2024-11-15 00:13:46,699 - fed_utils - INFO - encrypting key [conv1.weight].length : 150, cost time : 0m:1s:283ms
2024-11-15 00:13:46,774 - fed_utils - INFO - encrypting key [conv1.bias].length : 6, cost time : 0m:0s:74ms
2024-11-15 00:13:46,774 - fed_utils - INFO - load key [conv2.weight].length : 2400, cost time : 0m:0s:0ms
2024-11-15 00:13:46,774 - fed_utils - INFO - load key [conv2.bias].length : 16, cost time : 0m:0s:0ms
2024-11-15 00:13:46,776 - fed_utils - INFO - load key [fc1.weight].length : 48000, cost time : 0m:0s:1ms
2024-11-15 00:13:46,776 - fed_utils - INFO - load key [fc1.bias].length : 120, cost time : 0m:0s:0ms
2024-11-15 00:13:46,776 - fed_utils - INFO - load key [fc2.weight].length : 10080, cost time : 0m:0s:0ms
2024-11-15 00:13:46,776 - fed_utils - INFO - load key [fc2.bias].length : 84, cost time : 0m:0s:0ms
2024-11-15 00:13:53,448 - fed_utils - INFO - encrypting key [fc3.weight].length : 840, cost time : 0m:6s:671ms
2024-11-15 00:13:53,527 - fed_utils - INFO - encrypting key [fc3.bias].length : 10, cost time : 0m:0s:79ms
2024-11-15 00:13:53,527 - fl_main - INFO - Server receive client_dict[f_00001] info ...
2024-11-15 00:13:53,527 - fl_main - INFO - ----- client id [f_00002] -----
2024-11-15 00:13:53,528 - client_base - INFO - recover model cost time : 0m:0s:0ms
2024-11-15 00:13:54,339 - fl_main - INFO - global round [15] client_dict[f_00002].accuracy : 0.971600
2024-11-15 00:13:54,339 - fl_main - INFO - client_dict[f_00002] training ...
2024-11-15 00:13:54,340 - client_base - INFO - client_dict[f_00002] training epoch : 0
2024-11-15 00:13:55,093 - client_base - INFO - local model train cost time : 0m:0s:753ms
2024-11-15 00:13:55,094 - client_base - INFO - model encode time : 0m:0s:1ms
2024-11-15 00:13:55,094 - fl_main - INFO - client_dict[f_00002] local model encrypting ...
2024-11-15 00:13:56,282 - fed_utils - INFO - encrypting key [conv1.weight].length : 150, cost time : 0m:1s:187ms
2024-11-15 00:13:56,329 - fed_utils - INFO - encrypting key [conv1.bias].length : 6, cost time : 0m:0s:47ms
2024-11-15 00:13:56,330 - fed_utils - INFO - load key [conv2.weight].length : 2400, cost time : 0m:0s:0ms
2024-11-15 00:13:56,330 - fed_utils - INFO - load key [conv2.bias].length : 16, cost time : 0m:0s:0ms
2024-11-15 00:13:56,331 - fed_utils - INFO - load key [fc1.weight].length : 48000, cost time : 0m:0s:0ms
2024-11-15 00:13:56,331 - fed_utils - INFO - load key [fc1.bias].length : 120, cost time : 0m:0s:0ms
2024-11-15 00:13:56,331 - fed_utils - INFO - load key [fc2.weight].length : 10080, cost time : 0m:0s:0ms
2024-11-15 00:13:56,331 - fed_utils - INFO - load key [fc2.bias].length : 84, cost time : 0m:0s:0ms
2024-11-15 00:14:03,118 - fed_utils - INFO - encrypting key [fc3.weight].length : 840, cost time : 0m:6s:787ms
2024-11-15 00:14:03,198 - fed_utils - INFO - encrypting key [fc3.bias].length : 10, cost time : 0m:0s:79ms
2024-11-15 00:14:03,198 - fl_main - INFO - Server receive client_dict[f_00002] info ...
2024-11-15 00:14:03,198 - fl_main - INFO - ----- client id [f_00003] -----
2024-11-15 00:14:03,199 - client_base - INFO - recover model cost time : 0m:0s:0ms
2024-11-15 00:14:03,199 - fl_main - INFO - client_dict[f_00003] training ...
2024-11-15 00:14:03,200 - client_base - INFO - client_dict[f_00003] training epoch : 0
2024-11-15 00:14:03,949 - client_base - INFO - local model train cost time : 0m:0s:749ms
2024-11-15 00:14:03,951 - client_base - INFO - model encode time : 0m:0s:1ms
2024-11-15 00:14:03,951 - fl_main - INFO - client_dict[f_00003] local model encrypting ...
2024-11-15 00:14:05,137 - fed_utils - INFO - encrypting key [conv1.weight].length : 150, cost time : 0m:1s:186ms
2024-11-15 00:14:05,185 - fed_utils - INFO - encrypting key [conv1.bias].length : 6, cost time : 0m:0s:48ms
2024-11-15 00:14:05,185 - fed_utils - INFO - load key [conv2.weight].length : 2400, cost time : 0m:0s:0ms
2024-11-15 00:14:05,185 - fed_utils - INFO - load key [conv2.bias].length : 16, cost time : 0m:0s:0ms
2024-11-15 00:14:05,186 - fed_utils - INFO - load key [fc1.weight].length : 48000, cost time : 0m:0s:0ms
2024-11-15 00:14:05,186 - fed_utils - INFO - load key [fc1.bias].length : 120, cost time : 0m:0s:0ms
2024-11-15 00:14:05,187 - fed_utils - INFO - load key [fc2.weight].length : 10080, cost time : 0m:0s:0ms
2024-11-15 00:14:05,187 - fed_utils - INFO - load key [fc2.bias].length : 84, cost time : 0m:0s:0ms
2024-11-15 00:14:11,832 - fed_utils - INFO - encrypting key [fc3.weight].length : 840, cost time : 0m:6s:645ms
2024-11-15 00:14:11,912 - fed_utils - INFO - encrypting key [fc3.bias].length : 10, cost time : 0m:0s:79ms
2024-11-15 00:14:11,912 - fl_main - INFO - Server receive client_dict[f_00003] info ...
2024-11-15 00:14:11,912 - fl_main - INFO - ----- client id [f_00004] -----
2024-11-15 00:14:11,913 - client_base - INFO - recover model cost time : 0m:0s:0ms
2024-11-15 00:14:11,913 - fl_main - INFO - client_dict[f_00004] training ...
2024-11-15 00:14:11,914 - client_base - INFO - client_dict[f_00004] training epoch : 0
2024-11-15 00:14:12,688 - client_base - INFO - local model train cost time : 0m:0s:774ms
2024-11-15 00:14:12,690 - client_base - INFO - model encode time : 0m:0s:1ms
2024-11-15 00:14:12,690 - fl_main - INFO - client_dict[f_00004] local model encrypting ...
2024-11-15 00:14:13,879 - fed_utils - INFO - encrypting key [conv1.weight].length : 150, cost time : 0m:1s:189ms
2024-11-15 00:14:13,928 - fed_utils - INFO - encrypting key [conv1.bias].length : 6, cost time : 0m:0s:48ms
2024-11-15 00:14:13,928 - fed_utils - INFO - load key [conv2.weight].length : 2400, cost time : 0m:0s:0ms
2024-11-15 00:14:13,928 - fed_utils - INFO - load key [conv2.bias].length : 16, cost time : 0m:0s:0ms
2024-11-15 00:14:13,929 - fed_utils - INFO - load key [fc1.weight].length : 48000, cost time : 0m:0s:0ms
2024-11-15 00:14:13,929 - fed_utils - INFO - load key [fc1.bias].length : 120, cost time : 0m:0s:0ms
2024-11-15 00:14:13,929 - fed_utils - INFO - load key [fc2.weight].length : 10080, cost time : 0m:0s:0ms
2024-11-15 00:14:13,929 - fed_utils - INFO - load key [fc2.bias].length : 84, cost time : 0m:0s:0ms
2024-11-15 00:14:20,685 - fed_utils - INFO - encrypting key [fc3.weight].length : 840, cost time : 0m:6s:756ms
2024-11-15 00:14:20,765 - fed_utils - INFO - encrypting key [fc3.bias].length : 10, cost time : 0m:0s:79ms
2024-11-15 00:14:20,765 - fl_main - INFO - Server receive client_dict[f_00004] info ...
2024-11-15 00:14:20,765 - fl_main - INFO - global aggregation process ...
2024-11-15 00:14:20,765 - fed_utils - INFO - server.n_data : 60000
2024-11-15 00:14:20,765 - fed_utils - INFO - client_dict[f_00000].weight : 0.200000
2024-11-15 00:14:20,765 - fed_utils - INFO - client_dict[f_00001].weight : 0.200000
2024-11-15 00:14:20,765 - fed_utils - INFO - client_dict[f_00002].weight : 0.200000
2024-11-15 00:14:20,765 - fed_utils - INFO - client_dict[f_00003].weight : 0.200000
2024-11-15 00:14:20,765 - fed_utils - INFO - client_dict[f_00004].weight : 0.200000
2024-11-15 00:14:20,766 - fed_utils - INFO - recover secret number by clients: 722.400000
2024-11-15 00:14:20,766 - server_base - INFO - Server aggregate model with homomorphic encryption ...
2024-11-15 00:14:22,206 - server_base - INFO - Server aggregate model done, cost time : 0m:1s:440ms
2024-11-15 00:14:22,548 - fed_utils - INFO - decrypting key [conv1.weight].shape [torch.Size([6, 1, 5, 5])]
2024-11-15 00:14:22,562 - fed_utils - INFO - decrypting key [conv1.bias].shape [torch.Size([6])]
2024-11-15 00:14:22,562 - fed_utils - INFO - decrypting key [conv2.weight].shape [torch.Size([16, 6, 5, 5])]
2024-11-15 00:14:22,562 - fed_utils - INFO - decrypting key [conv2.bias].shape [torch.Size([16])]
2024-11-15 00:14:22,562 - fed_utils - INFO - decrypting key [fc1.weight].shape [torch.Size([120, 400])]
2024-11-15 00:14:22,562 - fed_utils - INFO - decrypting key [fc1.bias].shape [torch.Size([120])]
2024-11-15 00:14:22,562 - fed_utils - INFO - decrypting key [fc2.weight].shape [torch.Size([84, 120])]
2024-11-15 00:14:22,562 - fed_utils - INFO - decrypting key [fc2.bias].shape [torch.Size([84])]
2024-11-15 00:14:24,476 - fed_utils - INFO - decrypting key [fc3.weight].shape [torch.Size([10, 84])]
2024-11-15 00:14:24,499 - fed_utils - INFO - decrypting key [fc3.bias].shape [torch.Size([10])]
2024-11-15 00:14:24,499 - fed_utils - INFO - decrypt time : [0m:2s:292ms]
2024-11-15 00:14:24,501 - fl_main - INFO - [global round : 15] aggregated model accuracy : 0.9716
2024-11-15 00:14:24,501 - fl_main - INFO - [global round : 15] aggregated model loss : 0.1357714120041363
2024-11-15 00:14:24,502 - fl_main - INFO - global round : 16
2024-11-15 00:14:24,502 - fl_main - INFO - the random client id to test accuracy : f_00004
2024-11-15 00:14:24,502 - fl_main - INFO - ----- client id [f_00000] -----
2024-11-15 00:14:24,503 - client_base - INFO - recover model cost time : 0m:0s:0ms
2024-11-15 00:14:24,503 - fl_main - INFO - client_dict[f_00000] training ...
2024-11-15 00:14:24,504 - client_base - INFO - client_dict[f_00000] training epoch : 0
2024-11-15 00:14:25,263 - client_base - INFO - local model train cost time : 0m:0s:758ms
2024-11-15 00:14:25,264 - client_base - INFO - model encode time : 0m:0s:1ms
2024-11-15 00:14:25,264 - fl_main - INFO - client_dict[f_00000] local model encrypting ...
2024-11-15 00:14:26,451 - fed_utils - INFO - encrypting key [conv1.weight].length : 150, cost time : 0m:1s:186ms
2024-11-15 00:14:26,499 - fed_utils - INFO - encrypting key [conv1.bias].length : 6, cost time : 0m:0s:47ms
2024-11-15 00:14:26,499 - fed_utils - INFO - load key [conv2.weight].length : 2400, cost time : 0m:0s:0ms
2024-11-15 00:14:26,499 - fed_utils - INFO - load key [conv2.bias].length : 16, cost time : 0m:0s:0ms
2024-11-15 00:14:26,500 - fed_utils - INFO - load key [fc1.weight].length : 48000, cost time : 0m:0s:0ms
2024-11-15 00:14:26,500 - fed_utils - INFO - load key [fc1.bias].length : 120, cost time : 0m:0s:0ms
2024-11-15 00:14:26,500 - fed_utils - INFO - load key [fc2.weight].length : 10080, cost time : 0m:0s:0ms
2024-11-15 00:14:26,500 - fed_utils - INFO - load key [fc2.bias].length : 84, cost time : 0m:0s:0ms
2024-11-15 00:14:33,263 - fed_utils - INFO - encrypting key [fc3.weight].length : 840, cost time : 0m:6s:762ms
2024-11-15 00:14:33,342 - fed_utils - INFO - encrypting key [fc3.bias].length : 10, cost time : 0m:0s:79ms
2024-11-15 00:14:33,343 - fl_main - INFO - Server receive client_dict[f_00000] info ...
2024-11-15 00:14:33,344 - fl_main - INFO - ----- client id [f_00001] -----
2024-11-15 00:14:33,345 - client_base - INFO - recover model cost time : 0m:0s:0ms
2024-11-15 00:14:33,345 - fl_main - INFO - client_dict[f_00001] training ...
2024-11-15 00:14:33,345 - client_base - INFO - client_dict[f_00001] training epoch : 0
2024-11-15 00:14:34,105 - client_base - INFO - local model train cost time : 0m:0s:759ms
2024-11-15 00:14:34,106 - client_base - INFO - model encode time : 0m:0s:1ms
2024-11-15 00:14:34,106 - fl_main - INFO - client_dict[f_00001] local model encrypting ...
2024-11-15 00:14:35,293 - fed_utils - INFO - encrypting key [conv1.weight].length : 150, cost time : 0m:1s:186ms
2024-11-15 00:14:35,341 - fed_utils - INFO - encrypting key [conv1.bias].length : 6, cost time : 0m:0s:47ms
2024-11-15 00:14:35,341 - fed_utils - INFO - load key [conv2.weight].length : 2400, cost time : 0m:0s:0ms
2024-11-15 00:14:35,341 - fed_utils - INFO - load key [conv2.bias].length : 16, cost time : 0m:0s:0ms
2024-11-15 00:14:35,342 - fed_utils - INFO - load key [fc1.weight].length : 48000, cost time : 0m:0s:0ms
2024-11-15 00:14:35,342 - fed_utils - INFO - load key [fc1.bias].length : 120, cost time : 0m:0s:0ms
2024-11-15 00:14:35,342 - fed_utils - INFO - load key [fc2.weight].length : 10080, cost time : 0m:0s:0ms
2024-11-15 00:14:35,342 - fed_utils - INFO - load key [fc2.bias].length : 84, cost time : 0m:0s:0ms
2024-11-15 00:14:41,986 - fed_utils - INFO - encrypting key [fc3.weight].length : 840, cost time : 0m:6s:643ms
2024-11-15 00:14:42,065 - fed_utils - INFO - encrypting key [fc3.bias].length : 10, cost time : 0m:0s:79ms
2024-11-15 00:14:42,065 - fl_main - INFO - Server receive client_dict[f_00001] info ...
2024-11-15 00:14:42,065 - fl_main - INFO - ----- client id [f_00002] -----
2024-11-15 00:14:42,066 - client_base - INFO - recover model cost time : 0m:0s:0ms
2024-11-15 00:14:42,066 - fl_main - INFO - client_dict[f_00002] training ...
2024-11-15 00:14:42,067 - client_base - INFO - client_dict[f_00002] training epoch : 0
2024-11-15 00:14:42,816 - client_base - INFO - local model train cost time : 0m:0s:748ms
2024-11-15 00:14:42,817 - client_base - INFO - model encode time : 0m:0s:1ms
2024-11-15 00:14:42,818 - fl_main - INFO - client_dict[f_00002] local model encrypting ...
2024-11-15 00:14:44,005 - fed_utils - INFO - encrypting key [conv1.weight].length : 150, cost time : 0m:1s:186ms
2024-11-15 00:14:44,053 - fed_utils - INFO - encrypting key [conv1.bias].length : 6, cost time : 0m:0s:48ms
2024-11-15 00:14:44,053 - fed_utils - INFO - load key [conv2.weight].length : 2400, cost time : 0m:0s:0ms
2024-11-15 00:14:44,053 - fed_utils - INFO - load key [conv2.bias].length : 16, cost time : 0m:0s:0ms
2024-11-15 00:14:44,054 - fed_utils - INFO - load key [fc1.weight].length : 48000, cost time : 0m:0s:0ms
2024-11-15 00:14:44,054 - fed_utils - INFO - load key [fc1.bias].length : 120, cost time : 0m:0s:0ms
2024-11-15 00:14:44,054 - fed_utils - INFO - load key [fc2.weight].length : 10080, cost time : 0m:0s:0ms
2024-11-15 00:14:44,054 - fed_utils - INFO - load key [fc2.bias].length : 84, cost time : 0m:0s:0ms
2024-11-15 00:14:50,837 - fed_utils - INFO - encrypting key [fc3.weight].length : 840, cost time : 0m:6s:782ms
2024-11-15 00:14:50,917 - fed_utils - INFO - encrypting key [fc3.bias].length : 10, cost time : 0m:0s:79ms
2024-11-15 00:14:50,917 - fl_main - INFO - Server receive client_dict[f_00002] info ...
2024-11-15 00:14:50,917 - fl_main - INFO - ----- client id [f_00003] -----
2024-11-15 00:14:50,918 - client_base - INFO - recover model cost time : 0m:0s:0ms
2024-11-15 00:14:50,919 - fl_main - INFO - client_dict[f_00003] training ...
2024-11-15 00:14:50,919 - client_base - INFO - client_dict[f_00003] training epoch : 0
2024-11-15 00:14:51,673 - client_base - INFO - local model train cost time : 0m:0s:753ms
2024-11-15 00:14:51,675 - client_base - INFO - model encode time : 0m:0s:1ms
2024-11-15 00:14:51,675 - fl_main - INFO - client_dict[f_00003] local model encrypting ...
2024-11-15 00:14:52,862 - fed_utils - INFO - encrypting key [conv1.weight].length : 150, cost time : 0m:1s:186ms
2024-11-15 00:14:52,910 - fed_utils - INFO - encrypting key [conv1.bias].length : 6, cost time : 0m:0s:48ms
2024-11-15 00:14:52,910 - fed_utils - INFO - load key [conv2.weight].length : 2400, cost time : 0m:0s:0ms
2024-11-15 00:14:52,910 - fed_utils - INFO - load key [conv2.bias].length : 16, cost time : 0m:0s:0ms
2024-11-15 00:14:52,911 - fed_utils - INFO - load key [fc1.weight].length : 48000, cost time : 0m:0s:0ms
2024-11-15 00:14:52,911 - fed_utils - INFO - load key [fc1.bias].length : 120, cost time : 0m:0s:0ms
2024-11-15 00:14:52,912 - fed_utils - INFO - load key [fc2.weight].length : 10080, cost time : 0m:0s:0ms
2024-11-15 00:14:52,912 - fed_utils - INFO - load key [fc2.bias].length : 84, cost time : 0m:0s:0ms
2024-11-15 00:14:59,557 - fed_utils - INFO - encrypting key [fc3.weight].length : 840, cost time : 0m:6s:645ms
2024-11-15 00:14:59,636 - fed_utils - INFO - encrypting key [fc3.bias].length : 10, cost time : 0m:0s:79ms
2024-11-15 00:14:59,636 - fl_main - INFO - Server receive client_dict[f_00003] info ...
2024-11-15 00:14:59,636 - fl_main - INFO - ----- client id [f_00004] -----
2024-11-15 00:14:59,638 - client_base - INFO - recover model cost time : 0m:0s:0ms
2024-11-15 00:15:00,442 - fl_main - INFO - global round [16] client_dict[f_00004].accuracy : 0.973200
2024-11-15 00:15:00,442 - fl_main - INFO - client_dict[f_00004] training ...
2024-11-15 00:15:00,442 - client_base - INFO - client_dict[f_00004] training epoch : 0
2024-11-15 00:15:01,193 - client_base - INFO - local model train cost time : 0m:0s:750ms
2024-11-15 00:15:01,195 - client_base - INFO - model encode time : 0m:0s:1ms
2024-11-15 00:15:01,195 - fl_main - INFO - client_dict[f_00004] local model encrypting ...
2024-11-15 00:15:02,512 - fed_utils - INFO - encrypting key [conv1.weight].length : 150, cost time : 0m:1s:316ms
2024-11-15 00:15:02,560 - fed_utils - INFO - encrypting key [conv1.bias].length : 6, cost time : 0m:0s:47ms
2024-11-15 00:15:02,560 - fed_utils - INFO - load key [conv2.weight].length : 2400, cost time : 0m:0s:0ms
2024-11-15 00:15:02,560 - fed_utils - INFO - load key [conv2.bias].length : 16, cost time : 0m:0s:0ms
2024-11-15 00:15:02,561 - fed_utils - INFO - load key [fc1.weight].length : 48000, cost time : 0m:0s:0ms
2024-11-15 00:15:02,561 - fed_utils - INFO - load key [fc1.bias].length : 120, cost time : 0m:0s:0ms
2024-11-15 00:15:02,561 - fed_utils - INFO - load key [fc2.weight].length : 10080, cost time : 0m:0s:0ms
2024-11-15 00:15:02,561 - fed_utils - INFO - load key [fc2.bias].length : 84, cost time : 0m:0s:0ms
2024-11-15 00:15:09,204 - fed_utils - INFO - encrypting key [fc3.weight].length : 840, cost time : 0m:6s:643ms
2024-11-15 00:15:09,284 - fed_utils - INFO - encrypting key [fc3.bias].length : 10, cost time : 0m:0s:79ms
2024-11-15 00:15:09,284 - fl_main - INFO - Server receive client_dict[f_00004] info ...
2024-11-15 00:15:09,284 - fl_main - INFO - global aggregation process ...
2024-11-15 00:15:09,284 - fed_utils - INFO - server.n_data : 60000
2024-11-15 00:15:09,284 - fed_utils - INFO - client_dict[f_00000].weight : 0.200000
2024-11-15 00:15:09,285 - fed_utils - INFO - client_dict[f_00001].weight : 0.200000
2024-11-15 00:15:09,285 - fed_utils - INFO - client_dict[f_00002].weight : 0.200000
2024-11-15 00:15:09,285 - fed_utils - INFO - client_dict[f_00003].weight : 0.200000
2024-11-15 00:15:09,285 - fed_utils - INFO - client_dict[f_00004].weight : 0.200000
2024-11-15 00:15:09,285 - fed_utils - INFO - recover secret number by clients: 722.400000
2024-11-15 00:15:09,285 - server_base - INFO - Server aggregate model with homomorphic encryption ...
2024-11-15 00:15:10,724 - server_base - INFO - Server aggregate model done, cost time : 0m:1s:439ms
2024-11-15 00:15:11,066 - fed_utils - INFO - decrypting key [conv1.weight].shape [torch.Size([6, 1, 5, 5])]
2024-11-15 00:15:11,080 - fed_utils - INFO - decrypting key [conv1.bias].shape [torch.Size([6])]
2024-11-15 00:15:11,080 - fed_utils - INFO - decrypting key [conv2.weight].shape [torch.Size([16, 6, 5, 5])]
2024-11-15 00:15:11,080 - fed_utils - INFO - decrypting key [conv2.bias].shape [torch.Size([16])]
2024-11-15 00:15:11,080 - fed_utils - INFO - decrypting key [fc1.weight].shape [torch.Size([120, 400])]
2024-11-15 00:15:11,080 - fed_utils - INFO - decrypting key [fc1.bias].shape [torch.Size([120])]
2024-11-15 00:15:11,081 - fed_utils - INFO - decrypting key [fc2.weight].shape [torch.Size([84, 120])]
2024-11-15 00:15:11,081 - fed_utils - INFO - decrypting key [fc2.bias].shape [torch.Size([84])]
2024-11-15 00:15:12,994 - fed_utils - INFO - decrypting key [fc3.weight].shape [torch.Size([10, 84])]
2024-11-15 00:15:13,017 - fed_utils - INFO - decrypting key [fc3.bias].shape [torch.Size([10])]
2024-11-15 00:15:13,017 - fed_utils - INFO - decrypt time : [0m:2s:292ms]
2024-11-15 00:15:13,020 - fl_main - INFO - [global round : 16] aggregated model accuracy : 0.9732000000000001
2024-11-15 00:15:13,020 - fl_main - INFO - [global round : 16] aggregated model loss : 0.0694942867391497
2024-11-15 00:15:13,020 - fl_main - INFO - global round : 17
2024-11-15 00:15:13,021 - fl_main - INFO - the random client id to test accuracy : f_00004
2024-11-15 00:15:13,021 - fl_main - INFO - ----- client id [f_00000] -----
2024-11-15 00:15:13,022 - client_base - INFO - recover model cost time : 0m:0s:0ms
2024-11-15 00:15:13,022 - fl_main - INFO - client_dict[f_00000] training ...
2024-11-15 00:15:13,022 - client_base - INFO - client_dict[f_00000] training epoch : 0
2024-11-15 00:15:13,773 - client_base - INFO - local model train cost time : 0m:0s:750ms
2024-11-15 00:15:13,774 - client_base - INFO - model encode time : 0m:0s:1ms
2024-11-15 00:15:13,774 - fl_main - INFO - client_dict[f_00000] local model encrypting ...
2024-11-15 00:15:14,962 - fed_utils - INFO - encrypting key [conv1.weight].length : 150, cost time : 0m:1s:187ms
2024-11-15 00:15:15,010 - fed_utils - INFO - encrypting key [conv1.bias].length : 6, cost time : 0m:0s:47ms
2024-11-15 00:15:15,010 - fed_utils - INFO - load key [conv2.weight].length : 2400, cost time : 0m:0s:0ms
2024-11-15 00:15:15,010 - fed_utils - INFO - load key [conv2.bias].length : 16, cost time : 0m:0s:0ms
2024-11-15 00:15:15,011 - fed_utils - INFO - load key [fc1.weight].length : 48000, cost time : 0m:0s:0ms
2024-11-15 00:15:15,011 - fed_utils - INFO - load key [fc1.bias].length : 120, cost time : 0m:0s:0ms
2024-11-15 00:15:15,012 - fed_utils - INFO - load key [fc2.weight].length : 10080, cost time : 0m:0s:0ms
2024-11-15 00:15:15,012 - fed_utils - INFO - load key [fc2.bias].length : 84, cost time : 0m:0s:0ms
2024-11-15 00:15:21,767 - fed_utils - INFO - encrypting key [fc3.weight].length : 840, cost time : 0m:6s:755ms
2024-11-15 00:15:21,846 - fed_utils - INFO - encrypting key [fc3.bias].length : 10, cost time : 0m:0s:79ms
2024-11-15 00:15:21,847 - fl_main - INFO - Server receive client_dict[f_00000] info ...
2024-11-15 00:15:21,848 - fl_main - INFO - ----- client id [f_00001] -----
2024-11-15 00:15:21,849 - client_base - INFO - recover model cost time : 0m:0s:0ms
2024-11-15 00:15:21,849 - fl_main - INFO - client_dict[f_00001] training ...
2024-11-15 00:15:21,849 - client_base - INFO - client_dict[f_00001] training epoch : 0
2024-11-15 00:15:22,585 - client_base - INFO - local model train cost time : 0m:0s:735ms
2024-11-15 00:15:22,586 - client_base - INFO - model encode time : 0m:0s:1ms
2024-11-15 00:15:22,586 - fl_main - INFO - client_dict[f_00001] local model encrypting ...
2024-11-15 00:15:23,773 - fed_utils - INFO - encrypting key [conv1.weight].length : 150, cost time : 0m:1s:187ms
2024-11-15 00:15:23,821 - fed_utils - INFO - encrypting key [conv1.bias].length : 6, cost time : 0m:0s:47ms
2024-11-15 00:15:23,822 - fed_utils - INFO - load key [conv2.weight].length : 2400, cost time : 0m:0s:0ms
2024-11-15 00:15:23,822 - fed_utils - INFO - load key [conv2.bias].length : 16, cost time : 0m:0s:0ms
2024-11-15 00:15:23,823 - fed_utils - INFO - load key [fc1.weight].length : 48000, cost time : 0m:0s:0ms
2024-11-15 00:15:23,823 - fed_utils - INFO - load key [fc1.bias].length : 120, cost time : 0m:0s:0ms
2024-11-15 00:15:23,823 - fed_utils - INFO - load key [fc2.weight].length : 10080, cost time : 0m:0s:0ms
2024-11-15 00:15:23,823 - fed_utils - INFO - load key [fc2.bias].length : 84, cost time : 0m:0s:0ms
2024-11-15 00:15:30,465 - fed_utils - INFO - encrypting key [fc3.weight].length : 840, cost time : 0m:6s:642ms
2024-11-15 00:15:30,544 - fed_utils - INFO - encrypting key [fc3.bias].length : 10, cost time : 0m:0s:79ms
2024-11-15 00:15:30,544 - fl_main - INFO - Server receive client_dict[f_00001] info ...
2024-11-15 00:15:30,544 - fl_main - INFO - ----- client id [f_00002] -----
2024-11-15 00:15:30,546 - client_base - INFO - recover model cost time : 0m:0s:0ms
2024-11-15 00:15:30,546 - fl_main - INFO - client_dict[f_00002] training ...
2024-11-15 00:15:30,546 - client_base - INFO - client_dict[f_00002] training epoch : 0
2024-11-15 00:15:31,306 - client_base - INFO - local model train cost time : 0m:0s:759ms
2024-11-15 00:15:31,307 - client_base - INFO - model encode time : 0m:0s:1ms
2024-11-15 00:15:31,308 - fl_main - INFO - client_dict[f_00002] local model encrypting ...
2024-11-15 00:15:32,614 - fed_utils - INFO - encrypting key [conv1.weight].length : 150, cost time : 0m:1s:306ms
2024-11-15 00:15:32,662 - fed_utils - INFO - encrypting key [conv1.bias].length : 6, cost time : 0m:0s:47ms
2024-11-15 00:15:32,662 - fed_utils - INFO - load key [conv2.weight].length : 2400, cost time : 0m:0s:0ms
2024-11-15 00:15:32,662 - fed_utils - INFO - load key [conv2.bias].length : 16, cost time : 0m:0s:0ms
2024-11-15 00:15:32,663 - fed_utils - INFO - load key [fc1.weight].length : 48000, cost time : 0m:0s:0ms
2024-11-15 00:15:32,663 - fed_utils - INFO - load key [fc1.bias].length : 120, cost time : 0m:0s:0ms
2024-11-15 00:15:32,663 - fed_utils - INFO - load key [fc2.weight].length : 10080, cost time : 0m:0s:0ms
2024-11-15 00:15:32,663 - fed_utils - INFO - load key [fc2.bias].length : 84, cost time : 0m:0s:0ms
2024-11-15 00:15:39,308 - fed_utils - INFO - encrypting key [fc3.weight].length : 840, cost time : 0m:6s:644ms
2024-11-15 00:15:39,388 - fed_utils - INFO - encrypting key [fc3.bias].length : 10, cost time : 0m:0s:79ms
2024-11-15 00:15:39,388 - fl_main - INFO - Server receive client_dict[f_00002] info ...
2024-11-15 00:15:39,388 - fl_main - INFO - ----- client id [f_00003] -----
2024-11-15 00:15:39,389 - client_base - INFO - recover model cost time : 0m:0s:0ms
2024-11-15 00:15:39,389 - fl_main - INFO - client_dict[f_00003] training ...
2024-11-15 00:15:39,390 - client_base - INFO - client_dict[f_00003] training epoch : 0
2024-11-15 00:15:40,134 - client_base - INFO - local model train cost time : 0m:0s:744ms
2024-11-15 00:15:40,135 - client_base - INFO - model encode time : 0m:0s:1ms
2024-11-15 00:15:40,136 - fl_main - INFO - client_dict[f_00003] local model encrypting ...
2024-11-15 00:15:41,321 - fed_utils - INFO - encrypting key [conv1.weight].length : 150, cost time : 0m:1s:185ms
2024-11-15 00:15:41,369 - fed_utils - INFO - encrypting key [conv1.bias].length : 6, cost time : 0m:0s:47ms
2024-11-15 00:15:41,369 - fed_utils - INFO - load key [conv2.weight].length : 2400, cost time : 0m:0s:0ms
2024-11-15 00:15:41,369 - fed_utils - INFO - load key [conv2.bias].length : 16, cost time : 0m:0s:0ms
2024-11-15 00:15:41,370 - fed_utils - INFO - load key [fc1.weight].length : 48000, cost time : 0m:0s:0ms
2024-11-15 00:15:41,370 - fed_utils - INFO - load key [fc1.bias].length : 120, cost time : 0m:0s:0ms
2024-11-15 00:15:41,371 - fed_utils - INFO - load key [fc2.weight].length : 10080, cost time : 0m:0s:0ms
2024-11-15 00:15:41,371 - fed_utils - INFO - load key [fc2.bias].length : 84, cost time : 0m:0s:0ms
2024-11-15 00:15:48,154 - fed_utils - INFO - encrypting key [fc3.weight].length : 840, cost time : 0m:6s:783ms
2024-11-15 00:15:48,234 - fed_utils - INFO - encrypting key [fc3.bias].length : 10, cost time : 0m:0s:79ms
2024-11-15 00:15:48,234 - fl_main - INFO - Server receive client_dict[f_00003] info ...
2024-11-15 00:15:48,234 - fl_main - INFO - ----- client id [f_00004] -----
2024-11-15 00:15:48,235 - client_base - INFO - recover model cost time : 0m:0s:0ms
2024-11-15 00:15:49,036 - fl_main - INFO - global round [17] client_dict[f_00004].accuracy : 0.974500
2024-11-15 00:15:49,036 - fl_main - INFO - client_dict[f_00004] training ...
2024-11-15 00:15:49,036 - client_base - INFO - client_dict[f_00004] training epoch : 0
2024-11-15 00:15:49,773 - client_base - INFO - local model train cost time : 0m:0s:736ms
2024-11-15 00:15:49,775 - client_base - INFO - model encode time : 0m:0s:1ms
2024-11-15 00:15:49,775 - fl_main - INFO - client_dict[f_00004] local model encrypting ...
2024-11-15 00:15:50,962 - fed_utils - INFO - encrypting key [conv1.weight].length : 150, cost time : 0m:1s:187ms
2024-11-15 00:15:51,010 - fed_utils - INFO - encrypting key [conv1.bias].length : 6, cost time : 0m:0s:47ms
2024-11-15 00:15:51,010 - fed_utils - INFO - load key [conv2.weight].length : 2400, cost time : 0m:0s:0ms
2024-11-15 00:15:51,010 - fed_utils - INFO - load key [conv2.bias].length : 16, cost time : 0m:0s:0ms
2024-11-15 00:15:51,011 - fed_utils - INFO - load key [fc1.weight].length : 48000, cost time : 0m:0s:0ms
2024-11-15 00:15:51,011 - fed_utils - INFO - load key [fc1.bias].length : 120, cost time : 0m:0s:0ms
2024-11-15 00:15:51,012 - fed_utils - INFO - load key [fc2.weight].length : 10080, cost time : 0m:0s:0ms
2024-11-15 00:15:51,012 - fed_utils - INFO - load key [fc2.bias].length : 84, cost time : 0m:0s:0ms
2024-11-15 00:15:57,654 - fed_utils - INFO - encrypting key [fc3.weight].length : 840, cost time : 0m:6s:642ms
2024-11-15 00:15:57,734 - fed_utils - INFO - encrypting key [fc3.bias].length : 10, cost time : 0m:0s:79ms
2024-11-15 00:15:57,734 - fl_main - INFO - Server receive client_dict[f_00004] info ...
2024-11-15 00:15:57,734 - fl_main - INFO - global aggregation process ...
2024-11-15 00:15:57,735 - fed_utils - INFO - server.n_data : 60000
2024-11-15 00:15:57,735 - fed_utils - INFO - client_dict[f_00000].weight : 0.200000
2024-11-15 00:15:57,735 - fed_utils - INFO - client_dict[f_00001].weight : 0.200000
2024-11-15 00:15:57,735 - fed_utils - INFO - client_dict[f_00002].weight : 0.200000
2024-11-15 00:15:57,735 - fed_utils - INFO - client_dict[f_00003].weight : 0.200000
2024-11-15 00:15:57,735 - fed_utils - INFO - client_dict[f_00004].weight : 0.200000
2024-11-15 00:15:57,735 - fed_utils - INFO - recover secret number by clients: 722.400000
2024-11-15 00:15:57,735 - server_base - INFO - Server aggregate model with homomorphic encryption ...
2024-11-15 00:15:59,173 - server_base - INFO - Server aggregate model done, cost time : 0m:1s:437ms
2024-11-15 00:15:59,514 - fed_utils - INFO - decrypting key [conv1.weight].shape [torch.Size([6, 1, 5, 5])]
2024-11-15 00:15:59,528 - fed_utils - INFO - decrypting key [conv1.bias].shape [torch.Size([6])]
2024-11-15 00:15:59,528 - fed_utils - INFO - decrypting key [conv2.weight].shape [torch.Size([16, 6, 5, 5])]
2024-11-15 00:15:59,528 - fed_utils - INFO - decrypting key [conv2.bias].shape [torch.Size([16])]
2024-11-15 00:15:59,529 - fed_utils - INFO - decrypting key [fc1.weight].shape [torch.Size([120, 400])]
2024-11-15 00:15:59,529 - fed_utils - INFO - decrypting key [fc1.bias].shape [torch.Size([120])]
2024-11-15 00:15:59,529 - fed_utils - INFO - decrypting key [fc2.weight].shape [torch.Size([84, 120])]
2024-11-15 00:15:59,529 - fed_utils - INFO - decrypting key [fc2.bias].shape [torch.Size([84])]
2024-11-15 00:16:01,443 - fed_utils - INFO - decrypting key [fc3.weight].shape [torch.Size([10, 84])]
2024-11-15 00:16:01,466 - fed_utils - INFO - decrypting key [fc3.bias].shape [torch.Size([10])]
2024-11-15 00:16:01,466 - fed_utils - INFO - decrypt time : [0m:2s:293ms]
2024-11-15 00:16:01,468 - fl_main - INFO - [global round : 17] aggregated model accuracy : 0.9745
2024-11-15 00:16:01,468 - fl_main - INFO - [global round : 17] aggregated model loss : 0.04933058428715128
2024-11-15 00:16:01,469 - fl_main - INFO - global round : 18
2024-11-15 00:16:01,469 - fl_main - INFO - the random client id to test accuracy : f_00000
2024-11-15 00:16:01,469 - fl_main - INFO - ----- client id [f_00000] -----
2024-11-15 00:16:01,470 - client_base - INFO - recover model cost time : 0m:0s:0ms
2024-11-15 00:16:02,408 - fl_main - INFO - global round [18] client_dict[f_00000].accuracy : 0.975400
2024-11-15 00:16:02,408 - fl_main - INFO - client_dict[f_00000] training ...
2024-11-15 00:16:02,409 - client_base - INFO - client_dict[f_00000] training epoch : 0
2024-11-15 00:16:03,148 - client_base - INFO - local model train cost time : 0m:0s:738ms
2024-11-15 00:16:03,149 - client_base - INFO - model encode time : 0m:0s:1ms
2024-11-15 00:16:03,149 - fl_main - INFO - client_dict[f_00000] local model encrypting ...
2024-11-15 00:16:04,339 - fed_utils - INFO - encrypting key [conv1.weight].length : 150, cost time : 0m:1s:189ms
2024-11-15 00:16:04,387 - fed_utils - INFO - encrypting key [conv1.bias].length : 6, cost time : 0m:0s:48ms
2024-11-15 00:16:04,387 - fed_utils - INFO - load key [conv2.weight].length : 2400, cost time : 0m:0s:0ms
2024-11-15 00:16:04,387 - fed_utils - INFO - load key [conv2.bias].length : 16, cost time : 0m:0s:0ms
2024-11-15 00:16:04,388 - fed_utils - INFO - load key [fc1.weight].length : 48000, cost time : 0m:0s:0ms
2024-11-15 00:16:04,388 - fed_utils - INFO - load key [fc1.bias].length : 120, cost time : 0m:0s:0ms
2024-11-15 00:16:04,389 - fed_utils - INFO - load key [fc2.weight].length : 10080, cost time : 0m:0s:0ms
2024-11-15 00:16:04,389 - fed_utils - INFO - load key [fc2.bias].length : 84, cost time : 0m:0s:0ms
2024-11-15 00:16:11,032 - fed_utils - INFO - encrypting key [fc3.weight].length : 840, cost time : 0m:6s:642ms
2024-11-15 00:16:11,111 - fed_utils - INFO - encrypting key [fc3.bias].length : 10, cost time : 0m:0s:79ms
2024-11-15 00:16:11,112 - fl_main - INFO - Server receive client_dict[f_00000] info ...
2024-11-15 00:16:11,112 - fl_main - INFO - ----- client id [f_00001] -----
2024-11-15 00:16:11,113 - client_base - INFO - recover model cost time : 0m:0s:0ms
2024-11-15 00:16:11,114 - fl_main - INFO - client_dict[f_00001] training ...
2024-11-15 00:16:11,114 - client_base - INFO - client_dict[f_00001] training epoch : 0
2024-11-15 00:16:11,872 - client_base - INFO - local model train cost time : 0m:0s:757ms
2024-11-15 00:16:11,873 - client_base - INFO - model encode time : 0m:0s:1ms
2024-11-15 00:16:11,873 - fl_main - INFO - client_dict[f_00001] local model encrypting ...
2024-11-15 00:16:13,059 - fed_utils - INFO - encrypting key [conv1.weight].length : 150, cost time : 0m:1s:185ms
2024-11-15 00:16:13,107 - fed_utils - INFO - encrypting key [conv1.bias].length : 6, cost time : 0m:0s:47ms
2024-11-15 00:16:13,107 - fed_utils - INFO - load key [conv2.weight].length : 2400, cost time : 0m:0s:0ms
2024-11-15 00:16:13,107 - fed_utils - INFO - load key [conv2.bias].length : 16, cost time : 0m:0s:0ms
2024-11-15 00:16:13,108 - fed_utils - INFO - load key [fc1.weight].length : 48000, cost time : 0m:0s:0ms
2024-11-15 00:16:13,108 - fed_utils - INFO - load key [fc1.bias].length : 120, cost time : 0m:0s:0ms
2024-11-15 00:16:13,108 - fed_utils - INFO - load key [fc2.weight].length : 10080, cost time : 0m:0s:0ms
2024-11-15 00:16:13,109 - fed_utils - INFO - load key [fc2.bias].length : 84, cost time : 0m:0s:0ms
2024-11-15 00:16:19,879 - fed_utils - INFO - encrypting key [fc3.weight].length : 840, cost time : 0m:6s:770ms
2024-11-15 00:16:19,959 - fed_utils - INFO - encrypting key [fc3.bias].length : 10, cost time : 0m:0s:79ms
2024-11-15 00:16:19,959 - fl_main - INFO - Server receive client_dict[f_00001] info ...
2024-11-15 00:16:19,959 - fl_main - INFO - ----- client id [f_00002] -----
2024-11-15 00:16:19,960 - client_base - INFO - recover model cost time : 0m:0s:0ms
2024-11-15 00:16:19,960 - fl_main - INFO - client_dict[f_00002] training ...
2024-11-15 00:16:19,961 - client_base - INFO - client_dict[f_00002] training epoch : 0
2024-11-15 00:16:20,710 - client_base - INFO - local model train cost time : 0m:0s:748ms
2024-11-15 00:16:20,711 - client_base - INFO - model encode time : 0m:0s:1ms
2024-11-15 00:16:20,711 - fl_main - INFO - client_dict[f_00002] local model encrypting ...
2024-11-15 00:16:21,902 - fed_utils - INFO - encrypting key [conv1.weight].length : 150, cost time : 0m:1s:190ms
2024-11-15 00:16:21,950 - fed_utils - INFO - encrypting key [conv1.bias].length : 6, cost time : 0m:0s:47ms
2024-11-15 00:16:21,950 - fed_utils - INFO - load key [conv2.weight].length : 2400, cost time : 0m:0s:0ms
2024-11-15 00:16:21,950 - fed_utils - INFO - load key [conv2.bias].length : 16, cost time : 0m:0s:0ms
2024-11-15 00:16:21,951 - fed_utils - INFO - load key [fc1.weight].length : 48000, cost time : 0m:0s:0ms
2024-11-15 00:16:21,951 - fed_utils - INFO - load key [fc1.bias].length : 120, cost time : 0m:0s:0ms
2024-11-15 00:16:21,951 - fed_utils - INFO - load key [fc2.weight].length : 10080, cost time : 0m:0s:0ms
2024-11-15 00:16:21,951 - fed_utils - INFO - load key [fc2.bias].length : 84, cost time : 0m:0s:0ms
2024-11-15 00:16:28,599 - fed_utils - INFO - encrypting key [fc3.weight].length : 840, cost time : 0m:6s:647ms
2024-11-15 00:16:28,678 - fed_utils - INFO - encrypting key [fc3.bias].length : 10, cost time : 0m:0s:79ms
2024-11-15 00:16:28,678 - fl_main - INFO - Server receive client_dict[f_00002] info ...
2024-11-15 00:16:28,678 - fl_main - INFO - ----- client id [f_00003] -----
2024-11-15 00:16:28,680 - client_base - INFO - recover model cost time : 0m:0s:0ms
2024-11-15 00:16:28,680 - fl_main - INFO - client_dict[f_00003] training ...
2024-11-15 00:16:28,680 - client_base - INFO - client_dict[f_00003] training epoch : 0
2024-11-15 00:16:29,430 - client_base - INFO - local model train cost time : 0m:0s:749ms
2024-11-15 00:16:29,431 - client_base - INFO - model encode time : 0m:0s:1ms
2024-11-15 00:16:29,431 - fl_main - INFO - client_dict[f_00003] local model encrypting ...
2024-11-15 00:16:30,617 - fed_utils - INFO - encrypting key [conv1.weight].length : 150, cost time : 0m:1s:185ms
2024-11-15 00:16:30,665 - fed_utils - INFO - encrypting key [conv1.bias].length : 6, cost time : 0m:0s:48ms
2024-11-15 00:16:30,665 - fed_utils - INFO - load key [conv2.weight].length : 2400, cost time : 0m:0s:0ms
2024-11-15 00:16:30,666 - fed_utils - INFO - load key [conv2.bias].length : 16, cost time : 0m:0s:0ms
2024-11-15 00:16:30,666 - fed_utils - INFO - load key [fc1.weight].length : 48000, cost time : 0m:0s:0ms
2024-11-15 00:16:30,667 - fed_utils - INFO - load key [fc1.bias].length : 120, cost time : 0m:0s:0ms
2024-11-15 00:16:30,667 - fed_utils - INFO - load key [fc2.weight].length : 10080, cost time : 0m:0s:0ms
2024-11-15 00:16:30,667 - fed_utils - INFO - load key [fc2.bias].length : 84, cost time : 0m:0s:0ms
2024-11-15 00:16:37,437 - fed_utils - INFO - encrypting key [fc3.weight].length : 840, cost time : 0m:6s:769ms
2024-11-15 00:16:37,516 - fed_utils - INFO - encrypting key [fc3.bias].length : 10, cost time : 0m:0s:79ms
2024-11-15 00:16:37,516 - fl_main - INFO - Server receive client_dict[f_00003] info ...
2024-11-15 00:16:37,516 - fl_main - INFO - ----- client id [f_00004] -----
2024-11-15 00:16:37,517 - client_base - INFO - recover model cost time : 0m:0s:0ms
2024-11-15 00:16:37,518 - fl_main - INFO - client_dict[f_00004] training ...
2024-11-15 00:16:37,518 - client_base - INFO - client_dict[f_00004] training epoch : 0
2024-11-15 00:16:38,266 - client_base - INFO - local model train cost time : 0m:0s:747ms
2024-11-15 00:16:38,268 - client_base - INFO - model encode time : 0m:0s:1ms
2024-11-15 00:16:38,268 - fl_main - INFO - client_dict[f_00004] local model encrypting ...
2024-11-15 00:16:39,454 - fed_utils - INFO - encrypting key [conv1.weight].length : 150, cost time : 0m:1s:186ms
2024-11-15 00:16:39,503 - fed_utils - INFO - encrypting key [conv1.bias].length : 6, cost time : 0m:0s:48ms
2024-11-15 00:16:39,503 - fed_utils - INFO - load key [conv2.weight].length : 2400, cost time : 0m:0s:0ms
2024-11-15 00:16:39,503 - fed_utils - INFO - load key [conv2.bias].length : 16, cost time : 0m:0s:0ms
2024-11-15 00:16:39,504 - fed_utils - INFO - load key [fc1.weight].length : 48000, cost time : 0m:0s:0ms
2024-11-15 00:16:39,504 - fed_utils - INFO - load key [fc1.bias].length : 120, cost time : 0m:0s:0ms
2024-11-15 00:16:39,504 - fed_utils - INFO - load key [fc2.weight].length : 10080, cost time : 0m:0s:0ms
2024-11-15 00:16:39,504 - fed_utils - INFO - load key [fc2.bias].length : 84, cost time : 0m:0s:0ms
2024-11-15 00:16:46,148 - fed_utils - INFO - encrypting key [fc3.weight].length : 840, cost time : 0m:6s:643ms
2024-11-15 00:16:46,227 - fed_utils - INFO - encrypting key [fc3.bias].length : 10, cost time : 0m:0s:79ms
2024-11-15 00:16:46,227 - fl_main - INFO - Server receive client_dict[f_00004] info ...
2024-11-15 00:16:46,227 - fl_main - INFO - global aggregation process ...
2024-11-15 00:16:46,228 - fed_utils - INFO - server.n_data : 60000
2024-11-15 00:16:46,228 - fed_utils - INFO - client_dict[f_00000].weight : 0.200000
2024-11-15 00:16:46,228 - fed_utils - INFO - client_dict[f_00001].weight : 0.200000
2024-11-15 00:16:46,228 - fed_utils - INFO - client_dict[f_00002].weight : 0.200000
2024-11-15 00:16:46,228 - fed_utils - INFO - client_dict[f_00003].weight : 0.200000
2024-11-15 00:16:46,228 - fed_utils - INFO - client_dict[f_00004].weight : 0.200000
2024-11-15 00:16:46,228 - fed_utils - INFO - recover secret number by clients: 722.400000
2024-11-15 00:16:46,228 - server_base - INFO - Server aggregate model with homomorphic encryption ...
2024-11-15 00:16:47,867 - server_base - INFO - Server aggregate model done, cost time : 0m:1s:638ms
2024-11-15 00:16:48,209 - fed_utils - INFO - decrypting key [conv1.weight].shape [torch.Size([6, 1, 5, 5])]
2024-11-15 00:16:48,222 - fed_utils - INFO - decrypting key [conv1.bias].shape [torch.Size([6])]
2024-11-15 00:16:48,223 - fed_utils - INFO - decrypting key [conv2.weight].shape [torch.Size([16, 6, 5, 5])]
2024-11-15 00:16:48,223 - fed_utils - INFO - decrypting key [conv2.bias].shape [torch.Size([16])]
2024-11-15 00:16:48,223 - fed_utils - INFO - decrypting key [fc1.weight].shape [torch.Size([120, 400])]
2024-11-15 00:16:48,223 - fed_utils - INFO - decrypting key [fc1.bias].shape [torch.Size([120])]
2024-11-15 00:16:48,223 - fed_utils - INFO - decrypting key [fc2.weight].shape [torch.Size([84, 120])]
2024-11-15 00:16:48,223 - fed_utils - INFO - decrypting key [fc2.bias].shape [torch.Size([84])]
2024-11-15 00:16:50,136 - fed_utils - INFO - decrypting key [fc3.weight].shape [torch.Size([10, 84])]
2024-11-15 00:16:50,159 - fed_utils - INFO - decrypting key [fc3.bias].shape [torch.Size([10])]
2024-11-15 00:16:50,159 - fed_utils - INFO - decrypt time : [0m:2s:292ms]
2024-11-15 00:16:50,162 - fl_main - INFO - [global round : 18] aggregated model accuracy : 0.9754
2024-11-15 00:16:50,162 - fl_main - INFO - [global round : 18] aggregated model loss : 0.13214037311385743
2024-11-15 00:16:50,162 - fl_main - INFO - global round : 19
2024-11-15 00:16:50,163 - fl_main - INFO - the random client id to test accuracy : f_00001
2024-11-15 00:16:50,163 - fl_main - INFO - ----- client id [f_00000] -----
2024-11-15 00:16:50,164 - client_base - INFO - recover model cost time : 0m:0s:0ms
2024-11-15 00:16:50,164 - fl_main - INFO - client_dict[f_00000] training ...
2024-11-15 00:16:50,165 - client_base - INFO - client_dict[f_00000] training epoch : 0
2024-11-15 00:16:50,907 - client_base - INFO - local model train cost time : 0m:0s:742ms
2024-11-15 00:16:50,908 - client_base - INFO - model encode time : 0m:0s:1ms
2024-11-15 00:16:50,909 - fl_main - INFO - client_dict[f_00000] local model encrypting ...
2024-11-15 00:16:52,094 - fed_utils - INFO - encrypting key [conv1.weight].length : 150, cost time : 0m:1s:185ms
2024-11-15 00:16:52,142 - fed_utils - INFO - encrypting key [conv1.bias].length : 6, cost time : 0m:0s:47ms
2024-11-15 00:16:52,142 - fed_utils - INFO - load key [conv2.weight].length : 2400, cost time : 0m:0s:0ms
2024-11-15 00:16:52,142 - fed_utils - INFO - load key [conv2.bias].length : 16, cost time : 0m:0s:0ms
2024-11-15 00:16:52,143 - fed_utils - INFO - load key [fc1.weight].length : 48000, cost time : 0m:0s:0ms
2024-11-15 00:16:52,144 - fed_utils - INFO - load key [fc1.bias].length : 120, cost time : 0m:0s:0ms
2024-11-15 00:16:52,144 - fed_utils - INFO - load key [fc2.weight].length : 10080, cost time : 0m:0s:0ms
2024-11-15 00:16:52,144 - fed_utils - INFO - load key [fc2.bias].length : 84, cost time : 0m:0s:0ms
2024-11-15 00:16:58,785 - fed_utils - INFO - encrypting key [fc3.weight].length : 840, cost time : 0m:6s:640ms
2024-11-15 00:16:58,864 - fed_utils - INFO - encrypting key [fc3.bias].length : 10, cost time : 0m:0s:79ms
2024-11-15 00:16:58,865 - fl_main - INFO - Server receive client_dict[f_00000] info ...
2024-11-15 00:16:58,865 - fl_main - INFO - ----- client id [f_00001] -----
2024-11-15 00:16:58,866 - client_base - INFO - recover model cost time : 0m:0s:0ms
2024-11-15 00:16:59,669 - fl_main - INFO - global round [19] client_dict[f_00001].accuracy : 0.975000
2024-11-15 00:16:59,669 - fl_main - INFO - client_dict[f_00001] training ...
2024-11-15 00:16:59,670 - client_base - INFO - client_dict[f_00001] training epoch : 0
2024-11-15 00:17:00,433 - client_base - INFO - local model train cost time : 0m:0s:763ms
2024-11-15 00:17:00,435 - client_base - INFO - model encode time : 0m:0s:1ms
2024-11-15 00:17:00,435 - fl_main - INFO - client_dict[f_00001] local model encrypting ...
2024-11-15 00:17:01,711 - fed_utils - INFO - encrypting key [conv1.weight].length : 150, cost time : 0m:1s:276ms
2024-11-15 00:17:01,782 - fed_utils - INFO - encrypting key [conv1.bias].length : 6, cost time : 0m:0s:70ms
2024-11-15 00:17:01,782 - fed_utils - INFO - load key [conv2.weight].length : 2400, cost time : 0m:0s:0ms
2024-11-15 00:17:01,782 - fed_utils - INFO - load key [conv2.bias].length : 16, cost time : 0m:0s:0ms
2024-11-15 00:17:01,783 - fed_utils - INFO - load key [fc1.weight].length : 48000, cost time : 0m:0s:1ms
2024-11-15 00:17:01,784 - fed_utils - INFO - load key [fc1.bias].length : 120, cost time : 0m:0s:0ms
2024-11-15 00:17:01,784 - fed_utils - INFO - load key [fc2.weight].length : 10080, cost time : 0m:0s:0ms
2024-11-15 00:17:01,784 - fed_utils - INFO - load key [fc2.bias].length : 84, cost time : 0m:0s:0ms
2024-11-15 00:17:08,434 - fed_utils - INFO - encrypting key [fc3.weight].length : 840, cost time : 0m:6s:649ms
2024-11-15 00:17:08,513 - fed_utils - INFO - encrypting key [fc3.bias].length : 10, cost time : 0m:0s:79ms
2024-11-15 00:17:08,513 - fl_main - INFO - Server receive client_dict[f_00001] info ...
2024-11-15 00:17:08,513 - fl_main - INFO - ----- client id [f_00002] -----
2024-11-15 00:17:08,515 - client_base - INFO - recover model cost time : 0m:0s:0ms
2024-11-15 00:17:08,515 - fl_main - INFO - client_dict[f_00002] training ...
2024-11-15 00:17:08,515 - client_base - INFO - client_dict[f_00002] training epoch : 0
2024-11-15 00:17:09,261 - client_base - INFO - local model train cost time : 0m:0s:745ms
2024-11-15 00:17:09,262 - client_base - INFO - model encode time : 0m:0s:1ms
2024-11-15 00:17:09,262 - fl_main - INFO - client_dict[f_00002] local model encrypting ...
2024-11-15 00:17:10,448 - fed_utils - INFO - encrypting key [conv1.weight].length : 150, cost time : 0m:1s:185ms
2024-11-15 00:17:10,496 - fed_utils - INFO - encrypting key [conv1.bias].length : 6, cost time : 0m:0s:47ms
2024-11-15 00:17:10,496 - fed_utils - INFO - load key [conv2.weight].length : 2400, cost time : 0m:0s:0ms
2024-11-15 00:17:10,496 - fed_utils - INFO - load key [conv2.bias].length : 16, cost time : 0m:0s:0ms
2024-11-15 00:17:10,497 - fed_utils - INFO - load key [fc1.weight].length : 48000, cost time : 0m:0s:0ms
2024-11-15 00:17:10,497 - fed_utils - INFO - load key [fc1.bias].length : 120, cost time : 0m:0s:0ms
2024-11-15 00:17:10,498 - fed_utils - INFO - load key [fc2.weight].length : 10080, cost time : 0m:0s:0ms
2024-11-15 00:17:10,498 - fed_utils - INFO - load key [fc2.bias].length : 84, cost time : 0m:0s:0ms
2024-11-15 00:17:17,256 - fed_utils - INFO - encrypting key [fc3.weight].length : 840, cost time : 0m:6s:758ms
2024-11-15 00:17:17,335 - fed_utils - INFO - encrypting key [fc3.bias].length : 10, cost time : 0m:0s:79ms
2024-11-15 00:17:17,335 - fl_main - INFO - Server receive client_dict[f_00002] info ...
2024-11-15 00:17:17,336 - fl_main - INFO - ----- client id [f_00003] -----
2024-11-15 00:17:17,337 - client_base - INFO - recover model cost time : 0m:0s:0ms
2024-11-15 00:17:17,337 - fl_main - INFO - client_dict[f_00003] training ...
2024-11-15 00:17:17,338 - client_base - INFO - client_dict[f_00003] training epoch : 0
2024-11-15 00:17:18,085 - client_base - INFO - local model train cost time : 0m:0s:747ms
2024-11-15 00:17:18,087 - client_base - INFO - model encode time : 0m:0s:1ms
2024-11-15 00:17:18,087 - fl_main - INFO - client_dict[f_00003] local model encrypting ...
2024-11-15 00:17:19,273 - fed_utils - INFO - encrypting key [conv1.weight].length : 150, cost time : 0m:1s:186ms
2024-11-15 00:17:19,321 - fed_utils - INFO - encrypting key [conv1.bias].length : 6, cost time : 0m:0s:47ms
2024-11-15 00:17:19,321 - fed_utils - INFO - load key [conv2.weight].length : 2400, cost time : 0m:0s:0ms
2024-11-15 00:17:19,321 - fed_utils - INFO - load key [conv2.bias].length : 16, cost time : 0m:0s:0ms
2024-11-15 00:17:19,322 - fed_utils - INFO - load key [fc1.weight].length : 48000, cost time : 0m:0s:0ms
2024-11-15 00:17:19,322 - fed_utils - INFO - load key [fc1.bias].length : 120, cost time : 0m:0s:0ms
2024-11-15 00:17:19,323 - fed_utils - INFO - load key [fc2.weight].length : 10080, cost time : 0m:0s:0ms
2024-11-15 00:17:19,323 - fed_utils - INFO - load key [fc2.bias].length : 84, cost time : 0m:0s:0ms
2024-11-15 00:17:25,968 - fed_utils - INFO - encrypting key [fc3.weight].length : 840, cost time : 0m:6s:645ms
2024-11-15 00:17:26,047 - fed_utils - INFO - encrypting key [fc3.bias].length : 10, cost time : 0m:0s:79ms
2024-11-15 00:17:26,047 - fl_main - INFO - Server receive client_dict[f_00003] info ...
2024-11-15 00:17:26,047 - fl_main - INFO - ----- client id [f_00004] -----
2024-11-15 00:17:26,049 - client_base - INFO - recover model cost time : 0m:0s:0ms
2024-11-15 00:17:26,049 - fl_main - INFO - client_dict[f_00004] training ...
2024-11-15 00:17:26,049 - client_base - INFO - client_dict[f_00004] training epoch : 0
2024-11-15 00:17:26,801 - client_base - INFO - local model train cost time : 0m:0s:751ms
2024-11-15 00:17:26,802 - client_base - INFO - model encode time : 0m:0s:1ms
2024-11-15 00:17:26,802 - fl_main - INFO - client_dict[f_00004] local model encrypting ...
2024-11-15 00:17:27,990 - fed_utils - INFO - encrypting key [conv1.weight].length : 150, cost time : 0m:1s:187ms
2024-11-15 00:17:28,038 - fed_utils - INFO - encrypting key [conv1.bias].length : 6, cost time : 0m:0s:48ms
2024-11-15 00:17:28,038 - fed_utils - INFO - load key [conv2.weight].length : 2400, cost time : 0m:0s:0ms
2024-11-15 00:17:28,038 - fed_utils - INFO - load key [conv2.bias].length : 16, cost time : 0m:0s:0ms
2024-11-15 00:17:28,039 - fed_utils - INFO - load key [fc1.weight].length : 48000, cost time : 0m:0s:0ms
2024-11-15 00:17:28,039 - fed_utils - INFO - load key [fc1.bias].length : 120, cost time : 0m:0s:0ms
2024-11-15 00:17:28,039 - fed_utils - INFO - load key [fc2.weight].length : 10080, cost time : 0m:0s:0ms
2024-11-15 00:17:28,039 - fed_utils - INFO - load key [fc2.bias].length : 84, cost time : 0m:0s:0ms
2024-11-15 00:17:34,819 - fed_utils - INFO - encrypting key [fc3.weight].length : 840, cost time : 0m:6s:779ms
2024-11-15 00:17:34,898 - fed_utils - INFO - encrypting key [fc3.bias].length : 10, cost time : 0m:0s:79ms
2024-11-15 00:17:34,898 - fl_main - INFO - Server receive client_dict[f_00004] info ...
2024-11-15 00:17:34,899 - fl_main - INFO - global aggregation process ...
2024-11-15 00:17:34,899 - fed_utils - INFO - server.n_data : 60000
2024-11-15 00:17:34,899 - fed_utils - INFO - client_dict[f_00000].weight : 0.200000
2024-11-15 00:17:34,899 - fed_utils - INFO - client_dict[f_00001].weight : 0.200000
2024-11-15 00:17:34,899 - fed_utils - INFO - client_dict[f_00002].weight : 0.200000
2024-11-15 00:17:34,899 - fed_utils - INFO - client_dict[f_00003].weight : 0.200000
2024-11-15 00:17:34,899 - fed_utils - INFO - client_dict[f_00004].weight : 0.200000
2024-11-15 00:17:34,899 - fed_utils - INFO - recover secret number by clients: 722.400000
2024-11-15 00:17:34,899 - server_base - INFO - Server aggregate model with homomorphic encryption ...
2024-11-15 00:17:36,338 - server_base - INFO - Server aggregate model done, cost time : 0m:1s:438ms
2024-11-15 00:17:36,681 - fed_utils - INFO - decrypting key [conv1.weight].shape [torch.Size([6, 1, 5, 5])]
2024-11-15 00:17:36,695 - fed_utils - INFO - decrypting key [conv1.bias].shape [torch.Size([6])]
2024-11-15 00:17:36,695 - fed_utils - INFO - decrypting key [conv2.weight].shape [torch.Size([16, 6, 5, 5])]
2024-11-15 00:17:36,695 - fed_utils - INFO - decrypting key [conv2.bias].shape [torch.Size([16])]
2024-11-15 00:17:36,695 - fed_utils - INFO - decrypting key [fc1.weight].shape [torch.Size([120, 400])]
2024-11-15 00:17:36,695 - fed_utils - INFO - decrypting key [fc1.bias].shape [torch.Size([120])]
2024-11-15 00:17:36,695 - fed_utils - INFO - decrypting key [fc2.weight].shape [torch.Size([84, 120])]
2024-11-15 00:17:36,695 - fed_utils - INFO - decrypting key [fc2.bias].shape [torch.Size([84])]
2024-11-15 00:17:38,618 - fed_utils - INFO - decrypting key [fc3.weight].shape [torch.Size([10, 84])]
2024-11-15 00:17:38,641 - fed_utils - INFO - decrypting key [fc3.bias].shape [torch.Size([10])]
2024-11-15 00:17:38,641 - fed_utils - INFO - decrypt time : [0m:2s:303ms]
2024-11-15 00:17:38,643 - fl_main - INFO - [global round : 19] aggregated model accuracy : 0.9750000000000001
2024-11-15 00:17:38,643 - fl_main - INFO - [global round : 19] aggregated model loss : 0.04164393139013639
2024-11-15 00:17:38,644 - fl_main - INFO - global round : 20
2024-11-15 00:17:38,644 - fl_main - INFO - the random client id to test accuracy : f_00004
2024-11-15 00:17:38,644 - fl_main - INFO - ----- client id [f_00004] -----
2024-11-15 00:17:38,645 - client_base - INFO - recover model cost time : 0m:0s:0ms
2024-11-15 00:17:39,444 - fl_main - INFO - global round [20] client_dict[f_00004].accuracy : 0.978000
2024-11-15 00:17:40,237 - fl_main - INFO - Final accuracy : 0.978000
