2024-11-15 09:25:04,001 - fl_main - INFO - data divide is iid
2024-11-15 09:25:04,060 - fed_utils - INFO - generating secret number and splitting it ...
2024-11-15 09:25:04,060 - fed_utils - INFO - secret_number : 15786395.000000
2024-11-15 09:25:04,060 - fed_utils - INFO - client_dict[f_00000].share : 227.000000
2024-11-15 09:25:04,060 - fed_utils - INFO - client_dict[f_00001].share : 957.000000
2024-11-15 09:25:04,060 - fed_utils - INFO - client_dict[f_00002].share : 709315.000000
2024-11-15 09:25:04,060 - fed_utils - INFO - client_dict[f_00003].share : 300.000000
2024-11-15 09:25:04,060 - fed_utils - INFO - client_dict[f_00004].share : 1990.000000
2024-11-15 09:25:04,060 - fed_utils - INFO - client_dict[f_00005].share : 12704369.000000
2024-11-15 09:25:04,060 - fed_utils - INFO - client_dict[f_00006].share : 1908.000000
2024-11-15 09:25:04,060 - fed_utils - INFO - client_dict[f_00007].share : 163853.000000
2024-11-15 09:25:04,060 - fed_utils - INFO - client_dict[f_00008].share : 1849447.000000
2024-11-15 09:25:04,060 - fed_utils - INFO - client_dict[f_00009].share : 73654.000000
2024-11-15 09:25:04,060 - fed_utils - INFO - client_dict[f_00010].share : 150473.000000
2024-11-15 09:25:04,060 - fed_utils - INFO - client_dict[f_00011].share : 87573.000000
2024-11-15 09:25:04,060 - fed_utils - INFO - client_dict[f_00012].share : 96.000000
2024-11-15 09:25:04,060 - fed_utils - INFO - client_dict[f_00013].share : 42230.000000
2024-11-15 09:25:04,060 - fed_utils - INFO - client_dict[f_00014].share : 3.000000
2024-11-15 09:25:04,060 - server_base - INFO - Server set model shape and dtype ...
2024-11-15 09:25:04,060 - server_base - INFO - Server generate pk and sk ...
2024-11-15 09:25:04,093 - server_base - INFO - Server generate pk and sk done, time : 0m:0s:32ms
2024-11-15 09:25:04,093 - server_base - INFO - Public key : <PaillierPublicKey b23db0e6f3>
2024-11-15 09:25:04,094 - server_base - INFO - Private key : <PaillierPrivateKey for <PaillierPublicKey b23db0e6f3>>
2024-11-15 09:25:04,095 - fl_main - INFO - Training process start ...
2024-11-15 09:25:04,095 - fl_main - INFO - global round : 0
2024-11-15 09:25:04,095 - fl_main - INFO - the random client id to test accuracy : f_00001
2024-11-15 09:25:04,095 - fl_main - INFO - ----- client id [f_00000] -----
2024-11-15 09:25:04,096 - fl_main - INFO - client_dict[f_00000] training ...
2024-11-15 09:25:06,669 - client_base - INFO - client_dict[f_00000] training epoch : 0
2024-11-15 09:25:07,418 - client_base - INFO - local model train cost time : 0m:0s:748ms
2024-11-15 09:25:07,419 - client_base - INFO - model encode time : 0m:0s:1ms
2024-11-15 09:25:07,420 - fl_main - INFO - client_dict[f_00000] local model encrypting ...
2024-11-15 09:25:08,633 - fed_utils - INFO - encrypting key [conv1.weight].length : 150, cost time : 0m:1s:213ms
2024-11-15 09:25:08,681 - fed_utils - INFO - encrypting key [conv1.bias].length : 6, cost time : 0m:0s:48ms
2024-11-15 09:25:08,681 - fed_utils - INFO - load key [conv2.weight].length : 2400, cost time : 0m:0s:0ms
2024-11-15 09:25:08,681 - fed_utils - INFO - load key [conv2.bias].length : 16, cost time : 0m:0s:0ms
2024-11-15 09:25:08,682 - fed_utils - INFO - load key [fc1.weight].length : 48000, cost time : 0m:0s:1ms
2024-11-15 09:25:08,683 - fed_utils - INFO - load key [fc1.bias].length : 120, cost time : 0m:0s:0ms
2024-11-15 09:25:08,683 - fed_utils - INFO - load key [fc2.weight].length : 10080, cost time : 0m:0s:0ms
2024-11-15 09:25:08,683 - fed_utils - INFO - load key [fc2.bias].length : 84, cost time : 0m:0s:0ms
2024-11-15 09:25:15,379 - fed_utils - INFO - encrypting key [fc3.weight].length : 840, cost time : 0m:6s:695ms
2024-11-15 09:25:15,459 - fed_utils - INFO - encrypting key [fc3.bias].length : 10, cost time : 0m:0s:80ms
2024-11-15 09:25:15,459 - fl_main - INFO - Server receive client_dict[f_00000] info ...
2024-11-15 09:25:15,459 - fl_main - INFO - ----- client id [f_00001] -----
2024-11-15 09:25:15,460 - fl_main - INFO - client_dict[f_00001] training ...
2024-11-15 09:25:15,461 - client_base - INFO - client_dict[f_00001] training epoch : 0
2024-11-15 09:25:15,877 - client_base - INFO - local model train cost time : 0m:0s:416ms
2024-11-15 09:25:15,879 - client_base - INFO - model encode time : 0m:0s:1ms
2024-11-15 09:25:15,879 - fl_main - INFO - client_dict[f_00001] local model encrypting ...
2024-11-15 09:25:17,071 - fed_utils - INFO - encrypting key [conv1.weight].length : 150, cost time : 0m:1s:191ms
2024-11-15 09:25:17,126 - fed_utils - INFO - encrypting key [conv1.bias].length : 6, cost time : 0m:0s:54ms
2024-11-15 09:25:17,126 - fed_utils - INFO - load key [conv2.weight].length : 2400, cost time : 0m:0s:0ms
2024-11-15 09:25:17,127 - fed_utils - INFO - load key [conv2.bias].length : 16, cost time : 0m:0s:0ms
2024-11-15 09:25:17,128 - fed_utils - INFO - load key [fc1.weight].length : 48000, cost time : 0m:0s:1ms
2024-11-15 09:25:17,128 - fed_utils - INFO - load key [fc1.bias].length : 120, cost time : 0m:0s:0ms
2024-11-15 09:25:17,129 - fed_utils - INFO - load key [fc2.weight].length : 10080, cost time : 0m:0s:0ms
2024-11-15 09:25:17,129 - fed_utils - INFO - load key [fc2.bias].length : 84, cost time : 0m:0s:0ms
2024-11-15 09:25:23,969 - fed_utils - INFO - encrypting key [fc3.weight].length : 840, cost time : 0m:6s:839ms
2024-11-15 09:25:24,048 - fed_utils - INFO - encrypting key [fc3.bias].length : 10, cost time : 0m:0s:79ms
2024-11-15 09:25:24,048 - fl_main - INFO - Server receive client_dict[f_00001] info ...
2024-11-15 09:25:24,048 - fl_main - INFO - ----- client id [f_00002] -----
2024-11-15 09:25:24,050 - fl_main - INFO - client_dict[f_00002] training ...
2024-11-15 09:25:24,050 - client_base - INFO - client_dict[f_00002] training epoch : 0
2024-11-15 09:25:24,477 - client_base - INFO - local model train cost time : 0m:0s:426ms
2024-11-15 09:25:24,479 - client_base - INFO - model encode time : 0m:0s:1ms
2024-11-15 09:25:24,479 - fl_main - INFO - client_dict[f_00002] local model encrypting ...
2024-11-15 09:25:25,684 - fed_utils - INFO - encrypting key [conv1.weight].length : 150, cost time : 0m:1s:205ms
2024-11-15 09:25:25,732 - fed_utils - INFO - encrypting key [conv1.bias].length : 6, cost time : 0m:0s:48ms
2024-11-15 09:25:25,733 - fed_utils - INFO - load key [conv2.weight].length : 2400, cost time : 0m:0s:0ms
2024-11-15 09:25:25,733 - fed_utils - INFO - load key [conv2.bias].length : 16, cost time : 0m:0s:0ms
2024-11-15 09:25:25,734 - fed_utils - INFO - load key [fc1.weight].length : 48000, cost time : 0m:0s:1ms
2024-11-15 09:25:25,734 - fed_utils - INFO - load key [fc1.bias].length : 120, cost time : 0m:0s:0ms
2024-11-15 09:25:25,734 - fed_utils - INFO - load key [fc2.weight].length : 10080, cost time : 0m:0s:0ms
2024-11-15 09:25:25,734 - fed_utils - INFO - load key [fc2.bias].length : 84, cost time : 0m:0s:0ms
2024-11-15 09:25:32,424 - fed_utils - INFO - encrypting key [fc3.weight].length : 840, cost time : 0m:6s:689ms
2024-11-15 09:25:32,558 - fed_utils - INFO - encrypting key [fc3.bias].length : 10, cost time : 0m:0s:134ms
2024-11-15 09:25:32,559 - fl_main - INFO - Server receive client_dict[f_00002] info ...
2024-11-15 09:25:32,559 - fl_main - INFO - ----- client id [f_00003] -----
2024-11-15 09:25:32,561 - fl_main - INFO - client_dict[f_00003] training ...
2024-11-15 09:25:32,562 - client_base - INFO - client_dict[f_00003] training epoch : 0
2024-11-15 09:25:33,035 - client_base - INFO - local model train cost time : 0m:0s:472ms
2024-11-15 09:25:33,036 - client_base - INFO - model encode time : 0m:0s:1ms
2024-11-15 09:25:33,036 - fl_main - INFO - client_dict[f_00003] local model encrypting ...
2024-11-15 09:25:34,228 - fed_utils - INFO - encrypting key [conv1.weight].length : 150, cost time : 0m:1s:191ms
2024-11-15 09:25:34,277 - fed_utils - INFO - encrypting key [conv1.bias].length : 6, cost time : 0m:0s:48ms
2024-11-15 09:25:34,277 - fed_utils - INFO - load key [conv2.weight].length : 2400, cost time : 0m:0s:0ms
2024-11-15 09:25:34,277 - fed_utils - INFO - load key [conv2.bias].length : 16, cost time : 0m:0s:0ms
2024-11-15 09:25:34,278 - fed_utils - INFO - load key [fc1.weight].length : 48000, cost time : 0m:0s:1ms
2024-11-15 09:25:34,278 - fed_utils - INFO - load key [fc1.bias].length : 120, cost time : 0m:0s:0ms
2024-11-15 09:25:34,278 - fed_utils - INFO - load key [fc2.weight].length : 10080, cost time : 0m:0s:0ms
2024-11-15 09:25:34,279 - fed_utils - INFO - load key [fc2.bias].length : 84, cost time : 0m:0s:0ms
2024-11-15 09:25:40,949 - fed_utils - INFO - encrypting key [fc3.weight].length : 840, cost time : 0m:6s:670ms
2024-11-15 09:25:41,029 - fed_utils - INFO - encrypting key [fc3.bias].length : 10, cost time : 0m:0s:79ms
2024-11-15 09:25:41,029 - fl_main - INFO - Server receive client_dict[f_00003] info ...
2024-11-15 09:25:41,029 - fl_main - INFO - ----- client id [f_00004] -----
2024-11-15 09:25:41,030 - fl_main - INFO - client_dict[f_00004] training ...
2024-11-15 09:25:41,031 - client_base - INFO - client_dict[f_00004] training epoch : 0
2024-11-15 09:25:41,443 - client_base - INFO - local model train cost time : 0m:0s:412ms
2024-11-15 09:25:41,445 - client_base - INFO - model encode time : 0m:0s:1ms
2024-11-15 09:25:41,445 - fl_main - INFO - client_dict[f_00004] local model encrypting ...
2024-11-15 09:25:42,641 - fed_utils - INFO - encrypting key [conv1.weight].length : 150, cost time : 0m:1s:196ms
2024-11-15 09:25:42,689 - fed_utils - INFO - encrypting key [conv1.bias].length : 6, cost time : 0m:0s:48ms
2024-11-15 09:25:42,689 - fed_utils - INFO - load key [conv2.weight].length : 2400, cost time : 0m:0s:0ms
2024-11-15 09:25:42,689 - fed_utils - INFO - load key [conv2.bias].length : 16, cost time : 0m:0s:0ms
2024-11-15 09:25:42,691 - fed_utils - INFO - load key [fc1.weight].length : 48000, cost time : 0m:0s:1ms
2024-11-15 09:25:42,691 - fed_utils - INFO - load key [fc1.bias].length : 120, cost time : 0m:0s:0ms
2024-11-15 09:25:42,691 - fed_utils - INFO - load key [fc2.weight].length : 10080, cost time : 0m:0s:0ms
2024-11-15 09:25:42,691 - fed_utils - INFO - load key [fc2.bias].length : 84, cost time : 0m:0s:0ms
2024-11-15 09:25:49,533 - fed_utils - INFO - encrypting key [fc3.weight].length : 840, cost time : 0m:6s:842ms
2024-11-15 09:25:49,613 - fed_utils - INFO - encrypting key [fc3.bias].length : 10, cost time : 0m:0s:79ms
2024-11-15 09:25:49,613 - fl_main - INFO - Server receive client_dict[f_00004] info ...
2024-11-15 09:25:49,613 - fl_main - INFO - ----- client id [f_00005] -----
2024-11-15 09:25:49,614 - fl_main - INFO - client_dict[f_00005] training ...
2024-11-15 09:25:49,615 - client_base - INFO - client_dict[f_00005] training epoch : 0
2024-11-15 09:25:50,032 - client_base - INFO - local model train cost time : 0m:0s:416ms
2024-11-15 09:25:50,033 - client_base - INFO - model encode time : 0m:0s:1ms
2024-11-15 09:25:50,034 - fl_main - INFO - client_dict[f_00005] local model encrypting ...
2024-11-15 09:25:51,227 - fed_utils - INFO - encrypting key [conv1.weight].length : 150, cost time : 0m:1s:193ms
2024-11-15 09:25:51,276 - fed_utils - INFO - encrypting key [conv1.bias].length : 6, cost time : 0m:0s:48ms
2024-11-15 09:25:51,276 - fed_utils - INFO - load key [conv2.weight].length : 2400, cost time : 0m:0s:0ms
2024-11-15 09:25:51,276 - fed_utils - INFO - load key [conv2.bias].length : 16, cost time : 0m:0s:0ms
2024-11-15 09:25:51,277 - fed_utils - INFO - load key [fc1.weight].length : 48000, cost time : 0m:0s:1ms
2024-11-15 09:25:51,277 - fed_utils - INFO - load key [fc1.bias].length : 120, cost time : 0m:0s:0ms
2024-11-15 09:25:51,277 - fed_utils - INFO - load key [fc2.weight].length : 10080, cost time : 0m:0s:0ms
2024-11-15 09:25:51,277 - fed_utils - INFO - load key [fc2.bias].length : 84, cost time : 0m:0s:0ms
2024-11-15 09:25:57,952 - fed_utils - INFO - encrypting key [fc3.weight].length : 840, cost time : 0m:6s:674ms
2024-11-15 09:25:58,032 - fed_utils - INFO - encrypting key [fc3.bias].length : 10, cost time : 0m:0s:79ms
2024-11-15 09:25:58,032 - fl_main - INFO - Server receive client_dict[f_00005] info ...
2024-11-15 09:25:58,032 - fl_main - INFO - ----- client id [f_00006] -----
2024-11-15 09:25:58,033 - fl_main - INFO - client_dict[f_00006] training ...
2024-11-15 09:25:58,034 - client_base - INFO - client_dict[f_00006] training epoch : 0
2024-11-15 09:25:58,455 - client_base - INFO - local model train cost time : 0m:0s:420ms
2024-11-15 09:25:58,456 - client_base - INFO - model encode time : 0m:0s:1ms
2024-11-15 09:25:58,456 - fl_main - INFO - client_dict[f_00006] local model encrypting ...
2024-11-15 09:25:59,647 - fed_utils - INFO - encrypting key [conv1.weight].length : 150, cost time : 0m:1s:190ms
2024-11-15 09:25:59,696 - fed_utils - INFO - encrypting key [conv1.bias].length : 6, cost time : 0m:0s:48ms
2024-11-15 09:25:59,696 - fed_utils - INFO - load key [conv2.weight].length : 2400, cost time : 0m:0s:0ms
2024-11-15 09:25:59,696 - fed_utils - INFO - load key [conv2.bias].length : 16, cost time : 0m:0s:0ms
2024-11-15 09:25:59,697 - fed_utils - INFO - load key [fc1.weight].length : 48000, cost time : 0m:0s:1ms
2024-11-15 09:25:59,697 - fed_utils - INFO - load key [fc1.bias].length : 120, cost time : 0m:0s:0ms
2024-11-15 09:25:59,697 - fed_utils - INFO - load key [fc2.weight].length : 10080, cost time : 0m:0s:0ms
2024-11-15 09:25:59,698 - fed_utils - INFO - load key [fc2.bias].length : 84, cost time : 0m:0s:0ms
2024-11-15 09:26:06,508 - fed_utils - INFO - encrypting key [fc3.weight].length : 840, cost time : 0m:6s:810ms
2024-11-15 09:26:06,588 - fed_utils - INFO - encrypting key [fc3.bias].length : 10, cost time : 0m:0s:79ms
2024-11-15 09:26:06,588 - fl_main - INFO - Server receive client_dict[f_00006] info ...
2024-11-15 09:26:06,588 - fl_main - INFO - ----- client id [f_00007] -----
2024-11-15 09:26:06,589 - fl_main - INFO - client_dict[f_00007] training ...
2024-11-15 09:26:06,590 - client_base - INFO - client_dict[f_00007] training epoch : 0
2024-11-15 09:26:07,011 - client_base - INFO - local model train cost time : 0m:0s:421ms
2024-11-15 09:26:07,013 - client_base - INFO - model encode time : 0m:0s:1ms
2024-11-15 09:26:07,013 - fl_main - INFO - client_dict[f_00007] local model encrypting ...
2024-11-15 09:26:08,205 - fed_utils - INFO - encrypting key [conv1.weight].length : 150, cost time : 0m:1s:191ms
2024-11-15 09:26:08,253 - fed_utils - INFO - encrypting key [conv1.bias].length : 6, cost time : 0m:0s:48ms
2024-11-15 09:26:08,253 - fed_utils - INFO - load key [conv2.weight].length : 2400, cost time : 0m:0s:0ms
2024-11-15 09:26:08,253 - fed_utils - INFO - load key [conv2.bias].length : 16, cost time : 0m:0s:0ms
2024-11-15 09:26:08,255 - fed_utils - INFO - load key [fc1.weight].length : 48000, cost time : 0m:0s:1ms
2024-11-15 09:26:08,255 - fed_utils - INFO - load key [fc1.bias].length : 120, cost time : 0m:0s:0ms
2024-11-15 09:26:08,255 - fed_utils - INFO - load key [fc2.weight].length : 10080, cost time : 0m:0s:0ms
2024-11-15 09:26:08,255 - fed_utils - INFO - load key [fc2.bias].length : 84, cost time : 0m:0s:0ms
2024-11-15 09:26:14,924 - fed_utils - INFO - encrypting key [fc3.weight].length : 840, cost time : 0m:6s:668ms
2024-11-15 09:26:15,003 - fed_utils - INFO - encrypting key [fc3.bias].length : 10, cost time : 0m:0s:79ms
2024-11-15 09:26:15,003 - fl_main - INFO - Server receive client_dict[f_00007] info ...
2024-11-15 09:26:15,004 - fl_main - INFO - ----- client id [f_00008] -----
2024-11-15 09:26:15,005 - fl_main - INFO - client_dict[f_00008] training ...
2024-11-15 09:26:15,005 - client_base - INFO - client_dict[f_00008] training epoch : 0
2024-11-15 09:26:15,430 - client_base - INFO - local model train cost time : 0m:0s:424ms
2024-11-15 09:26:15,431 - client_base - INFO - model encode time : 0m:0s:1ms
2024-11-15 09:26:15,431 - fl_main - INFO - client_dict[f_00008] local model encrypting ...
2024-11-15 09:26:16,623 - fed_utils - INFO - encrypting key [conv1.weight].length : 150, cost time : 0m:1s:191ms
2024-11-15 09:26:16,672 - fed_utils - INFO - encrypting key [conv1.bias].length : 6, cost time : 0m:0s:48ms
2024-11-15 09:26:16,672 - fed_utils - INFO - load key [conv2.weight].length : 2400, cost time : 0m:0s:0ms
2024-11-15 09:26:16,672 - fed_utils - INFO - load key [conv2.bias].length : 16, cost time : 0m:0s:0ms
2024-11-15 09:26:16,673 - fed_utils - INFO - load key [fc1.weight].length : 48000, cost time : 0m:0s:1ms
2024-11-15 09:26:16,673 - fed_utils - INFO - load key [fc1.bias].length : 120, cost time : 0m:0s:0ms
2024-11-15 09:26:16,674 - fed_utils - INFO - load key [fc2.weight].length : 10080, cost time : 0m:0s:0ms
2024-11-15 09:26:16,674 - fed_utils - INFO - load key [fc2.bias].length : 84, cost time : 0m:0s:0ms
2024-11-15 09:26:23,482 - fed_utils - INFO - encrypting key [fc3.weight].length : 840, cost time : 0m:6s:808ms
2024-11-15 09:26:23,562 - fed_utils - INFO - encrypting key [fc3.bias].length : 10, cost time : 0m:0s:79ms
2024-11-15 09:26:23,562 - fl_main - INFO - Server receive client_dict[f_00008] info ...
2024-11-15 09:26:23,562 - fl_main - INFO - ----- client id [f_00009] -----
2024-11-15 09:26:23,563 - fl_main - INFO - client_dict[f_00009] training ...
2024-11-15 09:26:23,564 - client_base - INFO - client_dict[f_00009] training epoch : 0
2024-11-15 09:26:23,994 - client_base - INFO - local model train cost time : 0m:0s:429ms
2024-11-15 09:26:23,995 - client_base - INFO - model encode time : 0m:0s:1ms
2024-11-15 09:26:23,995 - fl_main - INFO - client_dict[f_00009] local model encrypting ...
2024-11-15 09:26:25,193 - fed_utils - INFO - encrypting key [conv1.weight].length : 150, cost time : 0m:1s:197ms
2024-11-15 09:26:25,241 - fed_utils - INFO - encrypting key [conv1.bias].length : 6, cost time : 0m:0s:48ms
2024-11-15 09:26:25,241 - fed_utils - INFO - load key [conv2.weight].length : 2400, cost time : 0m:0s:0ms
2024-11-15 09:26:25,242 - fed_utils - INFO - load key [conv2.bias].length : 16, cost time : 0m:0s:0ms
2024-11-15 09:26:25,243 - fed_utils - INFO - load key [fc1.weight].length : 48000, cost time : 0m:0s:1ms
2024-11-15 09:26:25,243 - fed_utils - INFO - load key [fc1.bias].length : 120, cost time : 0m:0s:0ms
2024-11-15 09:26:25,243 - fed_utils - INFO - load key [fc2.weight].length : 10080, cost time : 0m:0s:0ms
2024-11-15 09:26:25,243 - fed_utils - INFO - load key [fc2.bias].length : 84, cost time : 0m:0s:0ms
2024-11-15 09:26:31,929 - fed_utils - INFO - encrypting key [fc3.weight].length : 840, cost time : 0m:6s:686ms
2024-11-15 09:26:32,010 - fed_utils - INFO - encrypting key [fc3.bias].length : 10, cost time : 0m:0s:80ms
2024-11-15 09:26:32,010 - fl_main - INFO - Server receive client_dict[f_00009] info ...
2024-11-15 09:26:32,010 - fl_main - INFO - ----- client id [f_00010] -----
2024-11-15 09:26:32,011 - fl_main - INFO - client_dict[f_00010] training ...
2024-11-15 09:26:32,012 - client_base - INFO - client_dict[f_00010] training epoch : 0
2024-11-15 09:26:32,448 - client_base - INFO - local model train cost time : 0m:0s:435ms
2024-11-15 09:26:32,450 - client_base - INFO - model encode time : 0m:0s:2ms
2024-11-15 09:26:32,450 - fl_main - INFO - client_dict[f_00010] local model encrypting ...
2024-11-15 09:26:33,803 - fed_utils - INFO - encrypting key [conv1.weight].length : 150, cost time : 0m:1s:352ms
2024-11-15 09:26:33,851 - fed_utils - INFO - encrypting key [conv1.bias].length : 6, cost time : 0m:0s:48ms
2024-11-15 09:26:33,851 - fed_utils - INFO - load key [conv2.weight].length : 2400, cost time : 0m:0s:0ms
2024-11-15 09:26:33,851 - fed_utils - INFO - load key [conv2.bias].length : 16, cost time : 0m:0s:0ms
2024-11-15 09:26:33,853 - fed_utils - INFO - load key [fc1.weight].length : 48000, cost time : 0m:0s:1ms
2024-11-15 09:26:33,853 - fed_utils - INFO - load key [fc1.bias].length : 120, cost time : 0m:0s:0ms
2024-11-15 09:26:33,853 - fed_utils - INFO - load key [fc2.weight].length : 10080, cost time : 0m:0s:0ms
2024-11-15 09:26:33,853 - fed_utils - INFO - load key [fc2.bias].length : 84, cost time : 0m:0s:0ms
2024-11-15 09:26:40,527 - fed_utils - INFO - encrypting key [fc3.weight].length : 840, cost time : 0m:6s:673ms
2024-11-15 09:26:40,607 - fed_utils - INFO - encrypting key [fc3.bias].length : 10, cost time : 0m:0s:79ms
2024-11-15 09:26:40,607 - fl_main - INFO - Server receive client_dict[f_00010] info ...
2024-11-15 09:26:40,607 - fl_main - INFO - ----- client id [f_00011] -----
2024-11-15 09:26:40,608 - fl_main - INFO - client_dict[f_00011] training ...
2024-11-15 09:26:40,609 - client_base - INFO - client_dict[f_00011] training epoch : 0
2024-11-15 09:26:41,026 - client_base - INFO - local model train cost time : 0m:0s:417ms
2024-11-15 09:26:41,027 - client_base - INFO - model encode time : 0m:0s:1ms
2024-11-15 09:26:41,028 - fl_main - INFO - client_dict[f_00011] local model encrypting ...
2024-11-15 09:26:42,219 - fed_utils - INFO - encrypting key [conv1.weight].length : 150, cost time : 0m:1s:191ms
2024-11-15 09:26:42,267 - fed_utils - INFO - encrypting key [conv1.bias].length : 6, cost time : 0m:0s:48ms
2024-11-15 09:26:42,267 - fed_utils - INFO - load key [conv2.weight].length : 2400, cost time : 0m:0s:0ms
2024-11-15 09:26:42,267 - fed_utils - INFO - load key [conv2.bias].length : 16, cost time : 0m:0s:0ms
2024-11-15 09:26:42,269 - fed_utils - INFO - load key [fc1.weight].length : 48000, cost time : 0m:0s:1ms
2024-11-15 09:26:42,269 - fed_utils - INFO - load key [fc1.bias].length : 120, cost time : 0m:0s:0ms
2024-11-15 09:26:42,269 - fed_utils - INFO - load key [fc2.weight].length : 10080, cost time : 0m:0s:0ms
2024-11-15 09:26:42,269 - fed_utils - INFO - load key [fc2.bias].length : 84, cost time : 0m:0s:0ms
2024-11-15 09:26:49,109 - fed_utils - INFO - encrypting key [fc3.weight].length : 840, cost time : 0m:6s:840ms
2024-11-15 09:26:49,189 - fed_utils - INFO - encrypting key [fc3.bias].length : 10, cost time : 0m:0s:79ms
2024-11-15 09:26:49,189 - fl_main - INFO - Server receive client_dict[f_00011] info ...
2024-11-15 09:26:49,189 - fl_main - INFO - ----- client id [f_00012] -----
2024-11-15 09:26:49,190 - fl_main - INFO - client_dict[f_00012] training ...
2024-11-15 09:26:49,191 - client_base - INFO - client_dict[f_00012] training epoch : 0
2024-11-15 09:26:49,613 - client_base - INFO - local model train cost time : 0m:0s:421ms
2024-11-15 09:26:49,614 - client_base - INFO - model encode time : 0m:0s:1ms
2024-11-15 09:26:49,614 - fl_main - INFO - client_dict[f_00012] local model encrypting ...
2024-11-15 09:26:50,809 - fed_utils - INFO - encrypting key [conv1.weight].length : 150, cost time : 0m:1s:194ms
2024-11-15 09:26:50,857 - fed_utils - INFO - encrypting key [conv1.bias].length : 6, cost time : 0m:0s:48ms
2024-11-15 09:26:50,858 - fed_utils - INFO - load key [conv2.weight].length : 2400, cost time : 0m:0s:0ms
2024-11-15 09:26:50,858 - fed_utils - INFO - load key [conv2.bias].length : 16, cost time : 0m:0s:0ms
2024-11-15 09:26:50,859 - fed_utils - INFO - load key [fc1.weight].length : 48000, cost time : 0m:0s:1ms
2024-11-15 09:26:50,859 - fed_utils - INFO - load key [fc1.bias].length : 120, cost time : 0m:0s:0ms
2024-11-15 09:26:50,859 - fed_utils - INFO - load key [fc2.weight].length : 10080, cost time : 0m:0s:0ms
2024-11-15 09:26:50,859 - fed_utils - INFO - load key [fc2.bias].length : 84, cost time : 0m:0s:0ms
2024-11-15 09:26:57,649 - fed_utils - INFO - encrypting key [fc3.weight].length : 840, cost time : 0m:6s:789ms
2024-11-15 09:26:57,732 - fed_utils - INFO - encrypting key [fc3.bias].length : 10, cost time : 0m:0s:83ms
2024-11-15 09:26:57,732 - fl_main - INFO - Server receive client_dict[f_00012] info ...
2024-11-15 09:26:57,732 - fl_main - INFO - ----- client id [f_00013] -----
2024-11-15 09:26:57,734 - fl_main - INFO - client_dict[f_00013] training ...
2024-11-15 09:26:57,734 - client_base - INFO - client_dict[f_00013] training epoch : 0
2024-11-15 09:26:58,182 - client_base - INFO - local model train cost time : 0m:0s:447ms
2024-11-15 09:26:58,184 - client_base - INFO - model encode time : 0m:0s:1ms
2024-11-15 09:26:58,184 - fl_main - INFO - client_dict[f_00013] local model encrypting ...
2024-11-15 09:26:59,392 - fed_utils - INFO - encrypting key [conv1.weight].length : 150, cost time : 0m:1s:208ms
2024-11-15 09:26:59,441 - fed_utils - INFO - encrypting key [conv1.bias].length : 6, cost time : 0m:0s:48ms
2024-11-15 09:26:59,441 - fed_utils - INFO - load key [conv2.weight].length : 2400, cost time : 0m:0s:0ms
2024-11-15 09:26:59,441 - fed_utils - INFO - load key [conv2.bias].length : 16, cost time : 0m:0s:0ms
2024-11-15 09:26:59,442 - fed_utils - INFO - load key [fc1.weight].length : 48000, cost time : 0m:0s:1ms
2024-11-15 09:26:59,442 - fed_utils - INFO - load key [fc1.bias].length : 120, cost time : 0m:0s:0ms
2024-11-15 09:26:59,442 - fed_utils - INFO - load key [fc2.weight].length : 10080, cost time : 0m:0s:0ms
2024-11-15 09:26:59,442 - fed_utils - INFO - load key [fc2.bias].length : 84, cost time : 0m:0s:0ms
2024-11-15 09:27:06,303 - fed_utils - INFO - encrypting key [fc3.weight].length : 840, cost time : 0m:6s:860ms
2024-11-15 09:27:06,383 - fed_utils - INFO - encrypting key [fc3.bias].length : 10, cost time : 0m:0s:79ms
2024-11-15 09:27:06,383 - fl_main - INFO - Server receive client_dict[f_00013] info ...
2024-11-15 09:27:06,383 - fl_main - INFO - ----- client id [f_00014] -----
2024-11-15 09:27:06,385 - fl_main - INFO - client_dict[f_00014] training ...
2024-11-15 09:27:06,385 - client_base - INFO - client_dict[f_00014] training epoch : 0
2024-11-15 09:27:06,813 - client_base - INFO - local model train cost time : 0m:0s:428ms
2024-11-15 09:27:06,815 - client_base - INFO - model encode time : 0m:0s:1ms
2024-11-15 09:27:06,815 - fl_main - INFO - client_dict[f_00014] local model encrypting ...
2024-11-15 09:27:08,009 - fed_utils - INFO - encrypting key [conv1.weight].length : 150, cost time : 0m:1s:193ms
2024-11-15 09:27:08,057 - fed_utils - INFO - encrypting key [conv1.bias].length : 6, cost time : 0m:0s:48ms
2024-11-15 09:27:08,057 - fed_utils - INFO - load key [conv2.weight].length : 2400, cost time : 0m:0s:0ms
2024-11-15 09:27:08,057 - fed_utils - INFO - load key [conv2.bias].length : 16, cost time : 0m:0s:0ms
2024-11-15 09:27:08,059 - fed_utils - INFO - load key [fc1.weight].length : 48000, cost time : 0m:0s:1ms
2024-11-15 09:27:08,059 - fed_utils - INFO - load key [fc1.bias].length : 120, cost time : 0m:0s:0ms
2024-11-15 09:27:08,059 - fed_utils - INFO - load key [fc2.weight].length : 10080, cost time : 0m:0s:0ms
2024-11-15 09:27:08,059 - fed_utils - INFO - load key [fc2.bias].length : 84, cost time : 0m:0s:0ms
2024-11-15 09:27:14,734 - fed_utils - INFO - encrypting key [fc3.weight].length : 840, cost time : 0m:6s:674ms
2024-11-15 09:27:14,813 - fed_utils - INFO - encrypting key [fc3.bias].length : 10, cost time : 0m:0s:79ms
2024-11-15 09:27:14,814 - fl_main - INFO - Server receive client_dict[f_00014] info ...
2024-11-15 09:27:14,814 - fl_main - INFO - global aggregation process ...
2024-11-15 09:27:14,814 - fed_utils - INFO - server.n_data : 60000
2024-11-15 09:27:14,814 - fed_utils - INFO - client_dict[f_00000].weight : 0.066667
2024-11-15 09:27:14,814 - fed_utils - INFO - client_dict[f_00001].weight : 0.066667
2024-11-15 09:27:14,814 - fed_utils - INFO - client_dict[f_00002].weight : 0.066667
2024-11-15 09:27:14,814 - fed_utils - INFO - client_dict[f_00003].weight : 0.066667
2024-11-15 09:27:14,814 - fed_utils - INFO - client_dict[f_00004].weight : 0.066667
2024-11-15 09:27:14,814 - fed_utils - INFO - client_dict[f_00005].weight : 0.066667
2024-11-15 09:27:14,814 - fed_utils - INFO - client_dict[f_00006].weight : 0.066667
2024-11-15 09:27:14,814 - fed_utils - INFO - client_dict[f_00007].weight : 0.066667
2024-11-15 09:27:14,814 - fed_utils - INFO - client_dict[f_00008].weight : 0.066667
2024-11-15 09:27:14,814 - fed_utils - INFO - client_dict[f_00009].weight : 0.066667
2024-11-15 09:27:14,815 - fed_utils - INFO - client_dict[f_00010].weight : 0.066667
2024-11-15 09:27:14,815 - fed_utils - INFO - client_dict[f_00011].weight : 0.066667
2024-11-15 09:27:14,815 - fed_utils - INFO - client_dict[f_00012].weight : 0.066667
2024-11-15 09:27:14,815 - fed_utils - INFO - client_dict[f_00013].weight : 0.066667
2024-11-15 09:27:14,815 - fed_utils - INFO - client_dict[f_00014].weight : 0.066667
2024-11-15 09:27:14,815 - fed_utils - INFO - recover secret number by clients: 1052426.333333
2024-11-15 09:27:14,815 - server_base - INFO - Server aggregate model with homomorphic encryption ...
2024-11-15 09:27:19,837 - server_base - INFO - Server aggregate model done, cost time : 0m:5s:22ms
2024-11-15 09:27:20,181 - fed_utils - INFO - decrypting key [conv1.weight].shape [torch.Size([6, 1, 5, 5])]
2024-11-15 09:27:20,195 - fed_utils - INFO - decrypting key [conv1.bias].shape [torch.Size([6])]
2024-11-15 09:27:20,195 - fed_utils - INFO - decrypting key [conv2.weight].shape [torch.Size([16, 6, 5, 5])]
2024-11-15 09:27:20,195 - fed_utils - INFO - decrypting key [conv2.bias].shape [torch.Size([16])]
2024-11-15 09:27:20,195 - fed_utils - INFO - decrypting key [fc1.weight].shape [torch.Size([120, 400])]
2024-11-15 09:27:20,195 - fed_utils - INFO - decrypting key [fc1.bias].shape [torch.Size([120])]
2024-11-15 09:27:20,195 - fed_utils - INFO - decrypting key [fc2.weight].shape [torch.Size([84, 120])]
2024-11-15 09:27:20,195 - fed_utils - INFO - decrypting key [fc2.bias].shape [torch.Size([84])]
2024-11-15 09:27:22,124 - fed_utils - INFO - decrypting key [fc3.weight].shape [torch.Size([10, 84])]
2024-11-15 09:27:22,147 - fed_utils - INFO - decrypting key [fc3.bias].shape [torch.Size([10])]
2024-11-15 09:27:22,147 - fed_utils - INFO - decrypt time : [0m:2s:310ms]
2024-11-15 09:27:22,156 - fl_main - INFO - [global round : 0] aggregated model loss : 2.292853612116428
2024-11-15 09:27:22,157 - fl_main - INFO - global round : 1
2024-11-15 09:27:22,157 - fl_main - INFO - the random client id to test accuracy : f_00000
2024-11-15 09:27:22,157 - fl_main - INFO - ----- client id [f_00000] -----
2024-11-15 09:27:22,158 - client_base - INFO - recover model cost time : 0m:0s:0ms
2024-11-15 09:27:22,971 - fl_main - INFO - global round [1] client_dict[f_00000].accuracy : 0.116000
2024-11-15 09:27:22,971 - fl_main - INFO - client_dict[f_00000] training ...
2024-11-15 09:27:22,972 - client_base - INFO - client_dict[f_00000] training epoch : 0
2024-11-15 09:27:23,388 - client_base - INFO - local model train cost time : 0m:0s:416ms
2024-11-15 09:27:23,390 - client_base - INFO - model encode time : 0m:0s:1ms
2024-11-15 09:27:23,390 - fl_main - INFO - client_dict[f_00000] local model encrypting ...
2024-11-15 09:27:24,583 - fed_utils - INFO - encrypting key [conv1.weight].length : 150, cost time : 0m:1s:193ms
2024-11-15 09:27:24,632 - fed_utils - INFO - encrypting key [conv1.bias].length : 6, cost time : 0m:0s:48ms
2024-11-15 09:27:24,632 - fed_utils - INFO - load key [conv2.weight].length : 2400, cost time : 0m:0s:0ms
2024-11-15 09:27:24,632 - fed_utils - INFO - load key [conv2.bias].length : 16, cost time : 0m:0s:0ms
2024-11-15 09:27:24,633 - fed_utils - INFO - load key [fc1.weight].length : 48000, cost time : 0m:0s:0ms
2024-11-15 09:27:24,633 - fed_utils - INFO - load key [fc1.bias].length : 120, cost time : 0m:0s:0ms
2024-11-15 09:27:24,633 - fed_utils - INFO - load key [fc2.weight].length : 10080, cost time : 0m:0s:0ms
2024-11-15 09:27:24,633 - fed_utils - INFO - load key [fc2.bias].length : 84, cost time : 0m:0s:0ms
2024-11-15 09:27:31,322 - fed_utils - INFO - encrypting key [fc3.weight].length : 840, cost time : 0m:6s:688ms
2024-11-15 09:27:31,402 - fed_utils - INFO - encrypting key [fc3.bias].length : 10, cost time : 0m:0s:80ms
2024-11-15 09:27:31,404 - fl_main - INFO - Server receive client_dict[f_00000] info ...
2024-11-15 09:27:31,404 - fl_main - INFO - ----- client id [f_00001] -----
2024-11-15 09:27:31,405 - client_base - INFO - recover model cost time : 0m:0s:0ms
2024-11-15 09:27:31,405 - fl_main - INFO - client_dict[f_00001] training ...
2024-11-15 09:27:31,406 - client_base - INFO - client_dict[f_00001] training epoch : 0
2024-11-15 09:27:31,833 - client_base - INFO - local model train cost time : 0m:0s:427ms
2024-11-15 09:27:31,835 - client_base - INFO - model encode time : 0m:0s:1ms
2024-11-15 09:27:31,835 - fl_main - INFO - client_dict[f_00001] local model encrypting ...
2024-11-15 09:27:33,226 - fed_utils - INFO - encrypting key [conv1.weight].length : 150, cost time : 0m:1s:390ms
2024-11-15 09:27:33,274 - fed_utils - INFO - encrypting key [conv1.bias].length : 6, cost time : 0m:0s:48ms
2024-11-15 09:27:33,274 - fed_utils - INFO - load key [conv2.weight].length : 2400, cost time : 0m:0s:0ms
2024-11-15 09:27:33,274 - fed_utils - INFO - load key [conv2.bias].length : 16, cost time : 0m:0s:0ms
2024-11-15 09:27:33,275 - fed_utils - INFO - load key [fc1.weight].length : 48000, cost time : 0m:0s:0ms
2024-11-15 09:27:33,275 - fed_utils - INFO - load key [fc1.bias].length : 120, cost time : 0m:0s:0ms
2024-11-15 09:27:33,276 - fed_utils - INFO - load key [fc2.weight].length : 10080, cost time : 0m:0s:0ms
2024-11-15 09:27:33,276 - fed_utils - INFO - load key [fc2.bias].length : 84, cost time : 0m:0s:0ms
2024-11-15 09:27:39,956 - fed_utils - INFO - encrypting key [fc3.weight].length : 840, cost time : 0m:6s:679ms
2024-11-15 09:27:40,035 - fed_utils - INFO - encrypting key [fc3.bias].length : 10, cost time : 0m:0s:79ms
2024-11-15 09:27:40,035 - fl_main - INFO - Server receive client_dict[f_00001] info ...
2024-11-15 09:27:40,035 - fl_main - INFO - ----- client id [f_00002] -----
2024-11-15 09:27:40,037 - client_base - INFO - recover model cost time : 0m:0s:0ms
2024-11-15 09:27:40,037 - fl_main - INFO - client_dict[f_00002] training ...
2024-11-15 09:27:40,037 - client_base - INFO - client_dict[f_00002] training epoch : 0
2024-11-15 09:27:40,488 - client_base - INFO - local model train cost time : 0m:0s:450ms
2024-11-15 09:27:40,489 - client_base - INFO - model encode time : 0m:0s:1ms
2024-11-15 09:27:40,489 - fl_main - INFO - client_dict[f_00002] local model encrypting ...
2024-11-15 09:27:41,699 - fed_utils - INFO - encrypting key [conv1.weight].length : 150, cost time : 0m:1s:209ms
2024-11-15 09:27:41,748 - fed_utils - INFO - encrypting key [conv1.bias].length : 6, cost time : 0m:0s:48ms
2024-11-15 09:27:41,748 - fed_utils - INFO - load key [conv2.weight].length : 2400, cost time : 0m:0s:0ms
2024-11-15 09:27:41,748 - fed_utils - INFO - load key [conv2.bias].length : 16, cost time : 0m:0s:0ms
2024-11-15 09:27:41,749 - fed_utils - INFO - load key [fc1.weight].length : 48000, cost time : 0m:0s:0ms
2024-11-15 09:27:41,749 - fed_utils - INFO - load key [fc1.bias].length : 120, cost time : 0m:0s:0ms
2024-11-15 09:27:41,749 - fed_utils - INFO - load key [fc2.weight].length : 10080, cost time : 0m:0s:0ms
2024-11-15 09:27:41,749 - fed_utils - INFO - load key [fc2.bias].length : 84, cost time : 0m:0s:0ms
2024-11-15 09:27:48,573 - fed_utils - INFO - encrypting key [fc3.weight].length : 840, cost time : 0m:6s:823ms
2024-11-15 09:27:48,655 - fed_utils - INFO - encrypting key [fc3.bias].length : 10, cost time : 0m:0s:81ms
2024-11-15 09:27:48,655 - fl_main - INFO - Server receive client_dict[f_00002] info ...
2024-11-15 09:27:48,655 - fl_main - INFO - ----- client id [f_00003] -----
2024-11-15 09:27:48,656 - client_base - INFO - recover model cost time : 0m:0s:0ms
2024-11-15 09:27:48,656 - fl_main - INFO - client_dict[f_00003] training ...
2024-11-15 09:27:48,657 - client_base - INFO - client_dict[f_00003] training epoch : 0
2024-11-15 09:27:49,083 - client_base - INFO - local model train cost time : 0m:0s:425ms
2024-11-15 09:27:49,084 - client_base - INFO - model encode time : 0m:0s:1ms
2024-11-15 09:27:49,084 - fl_main - INFO - client_dict[f_00003] local model encrypting ...
2024-11-15 09:27:50,276 - fed_utils - INFO - encrypting key [conv1.weight].length : 150, cost time : 0m:1s:191ms
2024-11-15 09:27:50,324 - fed_utils - INFO - encrypting key [conv1.bias].length : 6, cost time : 0m:0s:47ms
2024-11-15 09:27:50,324 - fed_utils - INFO - load key [conv2.weight].length : 2400, cost time : 0m:0s:0ms
2024-11-15 09:27:50,324 - fed_utils - INFO - load key [conv2.bias].length : 16, cost time : 0m:0s:0ms
2024-11-15 09:27:50,325 - fed_utils - INFO - load key [fc1.weight].length : 48000, cost time : 0m:0s:0ms
2024-11-15 09:27:50,325 - fed_utils - INFO - load key [fc1.bias].length : 120, cost time : 0m:0s:0ms
2024-11-15 09:27:50,326 - fed_utils - INFO - load key [fc2.weight].length : 10080, cost time : 0m:0s:0ms
2024-11-15 09:27:50,326 - fed_utils - INFO - load key [fc2.bias].length : 84, cost time : 0m:0s:0ms
2024-11-15 09:27:56,995 - fed_utils - INFO - encrypting key [fc3.weight].length : 840, cost time : 0m:6s:668ms
2024-11-15 09:27:57,074 - fed_utils - INFO - encrypting key [fc3.bias].length : 10, cost time : 0m:0s:79ms
2024-11-15 09:27:57,074 - fl_main - INFO - Server receive client_dict[f_00003] info ...
2024-11-15 09:27:57,075 - fl_main - INFO - ----- client id [f_00004] -----
2024-11-15 09:27:57,076 - client_base - INFO - recover model cost time : 0m:0s:0ms
2024-11-15 09:27:57,076 - fl_main - INFO - client_dict[f_00004] training ...
2024-11-15 09:27:57,077 - client_base - INFO - client_dict[f_00004] training epoch : 0
2024-11-15 09:27:57,498 - client_base - INFO - local model train cost time : 0m:0s:421ms
2024-11-15 09:27:57,500 - client_base - INFO - model encode time : 0m:0s:1ms
2024-11-15 09:27:57,500 - fl_main - INFO - client_dict[f_00004] local model encrypting ...
2024-11-15 09:27:58,691 - fed_utils - INFO - encrypting key [conv1.weight].length : 150, cost time : 0m:1s:191ms
2024-11-15 09:27:58,739 - fed_utils - INFO - encrypting key [conv1.bias].length : 6, cost time : 0m:0s:48ms
2024-11-15 09:27:58,739 - fed_utils - INFO - load key [conv2.weight].length : 2400, cost time : 0m:0s:0ms
2024-11-15 09:27:58,739 - fed_utils - INFO - load key [conv2.bias].length : 16, cost time : 0m:0s:0ms
2024-11-15 09:27:58,741 - fed_utils - INFO - load key [fc1.weight].length : 48000, cost time : 0m:0s:1ms
2024-11-15 09:27:58,741 - fed_utils - INFO - load key [fc1.bias].length : 120, cost time : 0m:0s:0ms
2024-11-15 09:27:58,741 - fed_utils - INFO - load key [fc2.weight].length : 10080, cost time : 0m:0s:0ms
2024-11-15 09:27:58,741 - fed_utils - INFO - load key [fc2.bias].length : 84, cost time : 0m:0s:0ms
2024-11-15 09:28:05,552 - fed_utils - INFO - encrypting key [fc3.weight].length : 840, cost time : 0m:6s:810ms
2024-11-15 09:28:05,632 - fed_utils - INFO - encrypting key [fc3.bias].length : 10, cost time : 0m:0s:79ms
2024-11-15 09:28:05,632 - fl_main - INFO - Server receive client_dict[f_00004] info ...
2024-11-15 09:28:05,632 - fl_main - INFO - ----- client id [f_00005] -----
2024-11-15 09:28:05,633 - client_base - INFO - recover model cost time : 0m:0s:0ms
2024-11-15 09:28:05,633 - fl_main - INFO - client_dict[f_00005] training ...
2024-11-15 09:28:05,634 - client_base - INFO - client_dict[f_00005] training epoch : 0
2024-11-15 09:28:06,058 - client_base - INFO - local model train cost time : 0m:0s:424ms
2024-11-15 09:28:06,059 - client_base - INFO - model encode time : 0m:0s:1ms
2024-11-15 09:28:06,060 - fl_main - INFO - client_dict[f_00005] local model encrypting ...
2024-11-15 09:28:07,253 - fed_utils - INFO - encrypting key [conv1.weight].length : 150, cost time : 0m:1s:192ms
2024-11-15 09:28:07,301 - fed_utils - INFO - encrypting key [conv1.bias].length : 6, cost time : 0m:0s:48ms
2024-11-15 09:28:07,301 - fed_utils - INFO - load key [conv2.weight].length : 2400, cost time : 0m:0s:0ms
2024-11-15 09:28:07,301 - fed_utils - INFO - load key [conv2.bias].length : 16, cost time : 0m:0s:0ms
2024-11-15 09:28:07,302 - fed_utils - INFO - load key [fc1.weight].length : 48000, cost time : 0m:0s:1ms
2024-11-15 09:28:07,302 - fed_utils - INFO - load key [fc1.bias].length : 120, cost time : 0m:0s:0ms
2024-11-15 09:28:07,303 - fed_utils - INFO - load key [fc2.weight].length : 10080, cost time : 0m:0s:0ms
2024-11-15 09:28:07,303 - fed_utils - INFO - load key [fc2.bias].length : 84, cost time : 0m:0s:0ms
2024-11-15 09:28:13,974 - fed_utils - INFO - encrypting key [fc3.weight].length : 840, cost time : 0m:6s:670ms
2024-11-15 09:28:14,053 - fed_utils - INFO - encrypting key [fc3.bias].length : 10, cost time : 0m:0s:79ms
2024-11-15 09:28:14,053 - fl_main - INFO - Server receive client_dict[f_00005] info ...
2024-11-15 09:28:14,053 - fl_main - INFO - ----- client id [f_00006] -----
2024-11-15 09:28:14,055 - client_base - INFO - recover model cost time : 0m:0s:0ms
2024-11-15 09:28:14,055 - fl_main - INFO - client_dict[f_00006] training ...
2024-11-15 09:28:14,055 - client_base - INFO - client_dict[f_00006] training epoch : 0
2024-11-15 09:28:14,479 - client_base - INFO - local model train cost time : 0m:0s:423ms
2024-11-15 09:28:14,481 - client_base - INFO - model encode time : 0m:0s:1ms
2024-11-15 09:28:14,481 - fl_main - INFO - client_dict[f_00006] local model encrypting ...
2024-11-15 09:28:15,672 - fed_utils - INFO - encrypting key [conv1.weight].length : 150, cost time : 0m:1s:191ms
2024-11-15 09:28:15,720 - fed_utils - INFO - encrypting key [conv1.bias].length : 6, cost time : 0m:0s:48ms
2024-11-15 09:28:15,720 - fed_utils - INFO - load key [conv2.weight].length : 2400, cost time : 0m:0s:0ms
2024-11-15 09:28:15,720 - fed_utils - INFO - load key [conv2.bias].length : 16, cost time : 0m:0s:0ms
2024-11-15 09:28:15,722 - fed_utils - INFO - load key [fc1.weight].length : 48000, cost time : 0m:0s:1ms
2024-11-15 09:28:15,722 - fed_utils - INFO - load key [fc1.bias].length : 120, cost time : 0m:0s:0ms
2024-11-15 09:28:15,722 - fed_utils - INFO - load key [fc2.weight].length : 10080, cost time : 0m:0s:0ms
2024-11-15 09:28:15,722 - fed_utils - INFO - load key [fc2.bias].length : 84, cost time : 0m:0s:0ms
2024-11-15 09:28:22,562 - fed_utils - INFO - encrypting key [fc3.weight].length : 840, cost time : 0m:6s:840ms
2024-11-15 09:28:22,642 - fed_utils - INFO - encrypting key [fc3.bias].length : 10, cost time : 0m:0s:79ms
2024-11-15 09:28:22,642 - fl_main - INFO - Server receive client_dict[f_00006] info ...
2024-11-15 09:28:22,642 - fl_main - INFO - ----- client id [f_00007] -----
2024-11-15 09:28:22,643 - client_base - INFO - recover model cost time : 0m:0s:0ms
2024-11-15 09:28:22,643 - fl_main - INFO - client_dict[f_00007] training ...
2024-11-15 09:28:22,644 - client_base - INFO - client_dict[f_00007] training epoch : 0
2024-11-15 09:28:23,059 - client_base - INFO - local model train cost time : 0m:0s:414ms
2024-11-15 09:28:23,061 - client_base - INFO - model encode time : 0m:0s:1ms
2024-11-15 09:28:23,061 - fl_main - INFO - client_dict[f_00007] local model encrypting ...
2024-11-15 09:28:24,255 - fed_utils - INFO - encrypting key [conv1.weight].length : 150, cost time : 0m:1s:194ms
2024-11-15 09:28:24,303 - fed_utils - INFO - encrypting key [conv1.bias].length : 6, cost time : 0m:0s:48ms
2024-11-15 09:28:24,304 - fed_utils - INFO - load key [conv2.weight].length : 2400, cost time : 0m:0s:0ms
2024-11-15 09:28:24,304 - fed_utils - INFO - load key [conv2.bias].length : 16, cost time : 0m:0s:0ms
2024-11-15 09:28:24,305 - fed_utils - INFO - load key [fc1.weight].length : 48000, cost time : 0m:0s:1ms
2024-11-15 09:28:24,305 - fed_utils - INFO - load key [fc1.bias].length : 120, cost time : 0m:0s:0ms
2024-11-15 09:28:24,305 - fed_utils - INFO - load key [fc2.weight].length : 10080, cost time : 0m:0s:0ms
2024-11-15 09:28:24,305 - fed_utils - INFO - load key [fc2.bias].length : 84, cost time : 0m:0s:0ms
2024-11-15 09:28:30,984 - fed_utils - INFO - encrypting key [fc3.weight].length : 840, cost time : 0m:6s:678ms
2024-11-15 09:28:31,064 - fed_utils - INFO - encrypting key [fc3.bias].length : 10, cost time : 0m:0s:79ms
2024-11-15 09:28:31,064 - fl_main - INFO - Server receive client_dict[f_00007] info ...
2024-11-15 09:28:31,064 - fl_main - INFO - ----- client id [f_00008] -----
2024-11-15 09:28:31,065 - client_base - INFO - recover model cost time : 0m:0s:0ms
2024-11-15 09:28:31,066 - fl_main - INFO - client_dict[f_00008] training ...
2024-11-15 09:28:31,066 - client_base - INFO - client_dict[f_00008] training epoch : 0
2024-11-15 09:28:31,486 - client_base - INFO - local model train cost time : 0m:0s:419ms
2024-11-15 09:28:31,487 - client_base - INFO - model encode time : 0m:0s:1ms
2024-11-15 09:28:31,487 - fl_main - INFO - client_dict[f_00008] local model encrypting ...
2024-11-15 09:28:32,828 - fed_utils - INFO - encrypting key [conv1.weight].length : 150, cost time : 0m:1s:340ms
2024-11-15 09:28:32,876 - fed_utils - INFO - encrypting key [conv1.bias].length : 6, cost time : 0m:0s:48ms
2024-11-15 09:28:32,877 - fed_utils - INFO - load key [conv2.weight].length : 2400, cost time : 0m:0s:0ms
2024-11-15 09:28:32,877 - fed_utils - INFO - load key [conv2.bias].length : 16, cost time : 0m:0s:0ms
2024-11-15 09:28:32,878 - fed_utils - INFO - load key [fc1.weight].length : 48000, cost time : 0m:0s:1ms
2024-11-15 09:28:32,878 - fed_utils - INFO - load key [fc1.bias].length : 120, cost time : 0m:0s:0ms
2024-11-15 09:28:32,878 - fed_utils - INFO - load key [fc2.weight].length : 10080, cost time : 0m:0s:0ms
2024-11-15 09:28:32,879 - fed_utils - INFO - load key [fc2.bias].length : 84, cost time : 0m:0s:0ms
2024-11-15 09:28:39,552 - fed_utils - INFO - encrypting key [fc3.weight].length : 840, cost time : 0m:6s:673ms
2024-11-15 09:28:39,632 - fed_utils - INFO - encrypting key [fc3.bias].length : 10, cost time : 0m:0s:79ms
2024-11-15 09:28:39,632 - fl_main - INFO - Server receive client_dict[f_00008] info ...
2024-11-15 09:28:39,632 - fl_main - INFO - ----- client id [f_00009] -----
2024-11-15 09:28:39,633 - client_base - INFO - recover model cost time : 0m:0s:0ms
2024-11-15 09:28:39,633 - fl_main - INFO - client_dict[f_00009] training ...
2024-11-15 09:28:39,634 - client_base - INFO - client_dict[f_00009] training epoch : 0
2024-11-15 09:28:40,052 - client_base - INFO - local model train cost time : 0m:0s:418ms
2024-11-15 09:28:40,054 - client_base - INFO - model encode time : 0m:0s:1ms
2024-11-15 09:28:40,054 - fl_main - INFO - client_dict[f_00009] local model encrypting ...
2024-11-15 09:28:41,245 - fed_utils - INFO - encrypting key [conv1.weight].length : 150, cost time : 0m:1s:190ms
2024-11-15 09:28:41,293 - fed_utils - INFO - encrypting key [conv1.bias].length : 6, cost time : 0m:0s:48ms
2024-11-15 09:28:41,293 - fed_utils - INFO - load key [conv2.weight].length : 2400, cost time : 0m:0s:0ms
2024-11-15 09:28:41,293 - fed_utils - INFO - load key [conv2.bias].length : 16, cost time : 0m:0s:0ms
2024-11-15 09:28:41,294 - fed_utils - INFO - load key [fc1.weight].length : 48000, cost time : 0m:0s:1ms
2024-11-15 09:28:41,294 - fed_utils - INFO - load key [fc1.bias].length : 120, cost time : 0m:0s:0ms
2024-11-15 09:28:41,295 - fed_utils - INFO - load key [fc2.weight].length : 10080, cost time : 0m:0s:0ms
2024-11-15 09:28:41,295 - fed_utils - INFO - load key [fc2.bias].length : 84, cost time : 0m:0s:0ms
2024-11-15 09:28:48,114 - fed_utils - INFO - encrypting key [fc3.weight].length : 840, cost time : 0m:6s:819ms
2024-11-15 09:28:48,194 - fed_utils - INFO - encrypting key [fc3.bias].length : 10, cost time : 0m:0s:79ms
2024-11-15 09:28:48,194 - fl_main - INFO - Server receive client_dict[f_00009] info ...
2024-11-15 09:28:48,194 - fl_main - INFO - ----- client id [f_00010] -----
2024-11-15 09:28:48,195 - client_base - INFO - recover model cost time : 0m:0s:0ms
2024-11-15 09:28:48,196 - fl_main - INFO - client_dict[f_00010] training ...
2024-11-15 09:28:48,196 - client_base - INFO - client_dict[f_00010] training epoch : 0
2024-11-15 09:28:48,627 - client_base - INFO - local model train cost time : 0m:0s:430ms
2024-11-15 09:28:48,629 - client_base - INFO - model encode time : 0m:0s:1ms
2024-11-15 09:28:48,629 - fl_main - INFO - client_dict[f_00010] local model encrypting ...
2024-11-15 09:28:49,820 - fed_utils - INFO - encrypting key [conv1.weight].length : 150, cost time : 0m:1s:191ms
2024-11-15 09:28:49,868 - fed_utils - INFO - encrypting key [conv1.bias].length : 6, cost time : 0m:0s:47ms
2024-11-15 09:28:49,868 - fed_utils - INFO - load key [conv2.weight].length : 2400, cost time : 0m:0s:0ms
2024-11-15 09:28:49,868 - fed_utils - INFO - load key [conv2.bias].length : 16, cost time : 0m:0s:0ms
2024-11-15 09:28:49,870 - fed_utils - INFO - load key [fc1.weight].length : 48000, cost time : 0m:0s:1ms
2024-11-15 09:28:49,870 - fed_utils - INFO - load key [fc1.bias].length : 120, cost time : 0m:0s:0ms
2024-11-15 09:28:49,870 - fed_utils - INFO - load key [fc2.weight].length : 10080, cost time : 0m:0s:0ms
2024-11-15 09:28:49,870 - fed_utils - INFO - load key [fc2.bias].length : 84, cost time : 0m:0s:0ms
2024-11-15 09:28:56,537 - fed_utils - INFO - encrypting key [fc3.weight].length : 840, cost time : 0m:6s:666ms
2024-11-15 09:28:56,616 - fed_utils - INFO - encrypting key [fc3.bias].length : 10, cost time : 0m:0s:79ms
2024-11-15 09:28:56,617 - fl_main - INFO - Server receive client_dict[f_00010] info ...
2024-11-15 09:28:56,617 - fl_main - INFO - ----- client id [f_00011] -----
2024-11-15 09:28:56,618 - client_base - INFO - recover model cost time : 0m:0s:0ms
2024-11-15 09:28:56,618 - fl_main - INFO - client_dict[f_00011] training ...
2024-11-15 09:28:56,619 - client_base - INFO - client_dict[f_00011] training epoch : 0
2024-11-15 09:28:57,043 - client_base - INFO - local model train cost time : 0m:0s:423ms
2024-11-15 09:28:57,044 - client_base - INFO - model encode time : 0m:0s:1ms
2024-11-15 09:28:57,044 - fl_main - INFO - client_dict[f_00011] local model encrypting ...
2024-11-15 09:28:58,235 - fed_utils - INFO - encrypting key [conv1.weight].length : 150, cost time : 0m:1s:190ms
2024-11-15 09:28:58,283 - fed_utils - INFO - encrypting key [conv1.bias].length : 6, cost time : 0m:0s:48ms
2024-11-15 09:28:58,283 - fed_utils - INFO - load key [conv2.weight].length : 2400, cost time : 0m:0s:0ms
2024-11-15 09:28:58,284 - fed_utils - INFO - load key [conv2.bias].length : 16, cost time : 0m:0s:0ms
2024-11-15 09:28:58,285 - fed_utils - INFO - load key [fc1.weight].length : 48000, cost time : 0m:0s:1ms
2024-11-15 09:28:58,285 - fed_utils - INFO - load key [fc1.bias].length : 120, cost time : 0m:0s:0ms
2024-11-15 09:28:58,285 - fed_utils - INFO - load key [fc2.weight].length : 10080, cost time : 0m:0s:0ms
2024-11-15 09:28:58,285 - fed_utils - INFO - load key [fc2.bias].length : 84, cost time : 0m:0s:0ms
2024-11-15 09:29:05,126 - fed_utils - INFO - encrypting key [fc3.weight].length : 840, cost time : 0m:6s:841ms
2024-11-15 09:29:05,207 - fed_utils - INFO - encrypting key [fc3.bias].length : 10, cost time : 0m:0s:80ms
2024-11-15 09:29:05,207 - fl_main - INFO - Server receive client_dict[f_00011] info ...
2024-11-15 09:29:05,207 - fl_main - INFO - ----- client id [f_00012] -----
2024-11-15 09:29:05,208 - client_base - INFO - recover model cost time : 0m:0s:0ms
2024-11-15 09:29:05,208 - fl_main - INFO - client_dict[f_00012] training ...
2024-11-15 09:29:05,209 - client_base - INFO - client_dict[f_00012] training epoch : 0
2024-11-15 09:29:05,628 - client_base - INFO - local model train cost time : 0m:0s:419ms
2024-11-15 09:29:05,630 - client_base - INFO - model encode time : 0m:0s:1ms
2024-11-15 09:29:05,630 - fl_main - INFO - client_dict[f_00012] local model encrypting ...
2024-11-15 09:29:06,825 - fed_utils - INFO - encrypting key [conv1.weight].length : 150, cost time : 0m:1s:195ms
2024-11-15 09:29:06,873 - fed_utils - INFO - encrypting key [conv1.bias].length : 6, cost time : 0m:0s:47ms
2024-11-15 09:29:06,873 - fed_utils - INFO - load key [conv2.weight].length : 2400, cost time : 0m:0s:0ms
2024-11-15 09:29:06,873 - fed_utils - INFO - load key [conv2.bias].length : 16, cost time : 0m:0s:0ms
2024-11-15 09:29:06,875 - fed_utils - INFO - load key [fc1.weight].length : 48000, cost time : 0m:0s:1ms
2024-11-15 09:29:06,875 - fed_utils - INFO - load key [fc1.bias].length : 120, cost time : 0m:0s:0ms
2024-11-15 09:29:06,875 - fed_utils - INFO - load key [fc2.weight].length : 10080, cost time : 0m:0s:0ms
2024-11-15 09:29:06,875 - fed_utils - INFO - load key [fc2.bias].length : 84, cost time : 0m:0s:0ms
2024-11-15 09:29:13,568 - fed_utils - INFO - encrypting key [fc3.weight].length : 840, cost time : 0m:6s:692ms
2024-11-15 09:29:13,648 - fed_utils - INFO - encrypting key [fc3.bias].length : 10, cost time : 0m:0s:79ms
2024-11-15 09:29:13,648 - fl_main - INFO - Server receive client_dict[f_00012] info ...
2024-11-15 09:29:13,648 - fl_main - INFO - ----- client id [f_00013] -----
2024-11-15 09:29:13,649 - client_base - INFO - recover model cost time : 0m:0s:0ms
2024-11-15 09:29:13,649 - fl_main - INFO - client_dict[f_00013] training ...
2024-11-15 09:29:13,650 - client_base - INFO - client_dict[f_00013] training epoch : 0
2024-11-15 09:29:14,068 - client_base - INFO - local model train cost time : 0m:0s:417ms
2024-11-15 09:29:14,069 - client_base - INFO - model encode time : 0m:0s:1ms
2024-11-15 09:29:14,069 - fl_main - INFO - client_dict[f_00013] local model encrypting ...
2024-11-15 09:29:15,261 - fed_utils - INFO - encrypting key [conv1.weight].length : 150, cost time : 0m:1s:191ms
2024-11-15 09:29:15,310 - fed_utils - INFO - encrypting key [conv1.bias].length : 6, cost time : 0m:0s:48ms
2024-11-15 09:29:15,310 - fed_utils - INFO - load key [conv2.weight].length : 2400, cost time : 0m:0s:0ms
2024-11-15 09:29:15,310 - fed_utils - INFO - load key [conv2.bias].length : 16, cost time : 0m:0s:0ms
2024-11-15 09:29:15,311 - fed_utils - INFO - load key [fc1.weight].length : 48000, cost time : 0m:0s:1ms
2024-11-15 09:29:15,311 - fed_utils - INFO - load key [fc1.bias].length : 120, cost time : 0m:0s:0ms
2024-11-15 09:29:15,312 - fed_utils - INFO - load key [fc2.weight].length : 10080, cost time : 0m:0s:0ms
2024-11-15 09:29:15,312 - fed_utils - INFO - load key [fc2.bias].length : 84, cost time : 0m:0s:0ms
2024-11-15 09:29:22,122 - fed_utils - INFO - encrypting key [fc3.weight].length : 840, cost time : 0m:6s:810ms
2024-11-15 09:29:22,202 - fed_utils - INFO - encrypting key [fc3.bias].length : 10, cost time : 0m:0s:79ms
2024-11-15 09:29:22,202 - fl_main - INFO - Server receive client_dict[f_00013] info ...
2024-11-15 09:29:22,202 - fl_main - INFO - ----- client id [f_00014] -----
2024-11-15 09:29:22,203 - client_base - INFO - recover model cost time : 0m:0s:0ms
2024-11-15 09:29:22,203 - fl_main - INFO - client_dict[f_00014] training ...
2024-11-15 09:29:22,204 - client_base - INFO - client_dict[f_00014] training epoch : 0
2024-11-15 09:29:22,621 - client_base - INFO - local model train cost time : 0m:0s:416ms
2024-11-15 09:29:22,622 - client_base - INFO - model encode time : 0m:0s:1ms
2024-11-15 09:29:22,623 - fl_main - INFO - client_dict[f_00014] local model encrypting ...
2024-11-15 09:29:23,816 - fed_utils - INFO - encrypting key [conv1.weight].length : 150, cost time : 0m:1s:193ms
2024-11-15 09:29:23,864 - fed_utils - INFO - encrypting key [conv1.bias].length : 6, cost time : 0m:0s:48ms
2024-11-15 09:29:23,864 - fed_utils - INFO - load key [conv2.weight].length : 2400, cost time : 0m:0s:0ms
2024-11-15 09:29:23,864 - fed_utils - INFO - load key [conv2.bias].length : 16, cost time : 0m:0s:0ms
2024-11-15 09:29:23,866 - fed_utils - INFO - load key [fc1.weight].length : 48000, cost time : 0m:0s:1ms
2024-11-15 09:29:23,866 - fed_utils - INFO - load key [fc1.bias].length : 120, cost time : 0m:0s:0ms
2024-11-15 09:29:23,866 - fed_utils - INFO - load key [fc2.weight].length : 10080, cost time : 0m:0s:0ms
2024-11-15 09:29:23,866 - fed_utils - INFO - load key [fc2.bias].length : 84, cost time : 0m:0s:0ms
2024-11-15 09:29:30,543 - fed_utils - INFO - encrypting key [fc3.weight].length : 840, cost time : 0m:6s:677ms
2024-11-15 09:29:30,623 - fed_utils - INFO - encrypting key [fc3.bias].length : 10, cost time : 0m:0s:79ms
2024-11-15 09:29:30,623 - fl_main - INFO - Server receive client_dict[f_00014] info ...
2024-11-15 09:29:30,623 - fl_main - INFO - global aggregation process ...
2024-11-15 09:29:30,624 - fed_utils - INFO - server.n_data : 60000
2024-11-15 09:29:30,624 - fed_utils - INFO - client_dict[f_00000].weight : 0.066667
2024-11-15 09:29:30,624 - fed_utils - INFO - client_dict[f_00001].weight : 0.066667
2024-11-15 09:29:30,624 - fed_utils - INFO - client_dict[f_00002].weight : 0.066667
2024-11-15 09:29:30,624 - fed_utils - INFO - client_dict[f_00003].weight : 0.066667
2024-11-15 09:29:30,624 - fed_utils - INFO - client_dict[f_00004].weight : 0.066667
2024-11-15 09:29:30,624 - fed_utils - INFO - client_dict[f_00005].weight : 0.066667
2024-11-15 09:29:30,624 - fed_utils - INFO - client_dict[f_00006].weight : 0.066667
2024-11-15 09:29:30,624 - fed_utils - INFO - client_dict[f_00007].weight : 0.066667
2024-11-15 09:29:30,624 - fed_utils - INFO - client_dict[f_00008].weight : 0.066667
2024-11-15 09:29:30,624 - fed_utils - INFO - client_dict[f_00009].weight : 0.066667
2024-11-15 09:29:30,624 - fed_utils - INFO - client_dict[f_00010].weight : 0.066667
2024-11-15 09:29:30,624 - fed_utils - INFO - client_dict[f_00011].weight : 0.066667
2024-11-15 09:29:30,624 - fed_utils - INFO - client_dict[f_00012].weight : 0.066667
2024-11-15 09:29:30,624 - fed_utils - INFO - client_dict[f_00013].weight : 0.066667
2024-11-15 09:29:30,624 - fed_utils - INFO - client_dict[f_00014].weight : 0.066667
2024-11-15 09:29:30,624 - fed_utils - INFO - recover secret number by clients: 1052426.333333
2024-11-15 09:29:30,624 - server_base - INFO - Server aggregate model with homomorphic encryption ...
2024-11-15 09:29:35,604 - server_base - INFO - Server aggregate model done, cost time : 0m:4s:979ms
2024-11-15 09:29:35,947 - fed_utils - INFO - decrypting key [conv1.weight].shape [torch.Size([6, 1, 5, 5])]
2024-11-15 09:29:35,960 - fed_utils - INFO - decrypting key [conv1.bias].shape [torch.Size([6])]
2024-11-15 09:29:35,960 - fed_utils - INFO - decrypting key [conv2.weight].shape [torch.Size([16, 6, 5, 5])]
2024-11-15 09:29:35,960 - fed_utils - INFO - decrypting key [conv2.bias].shape [torch.Size([16])]
2024-11-15 09:29:35,961 - fed_utils - INFO - decrypting key [fc1.weight].shape [torch.Size([120, 400])]
2024-11-15 09:29:35,961 - fed_utils - INFO - decrypting key [fc1.bias].shape [torch.Size([120])]
2024-11-15 09:29:35,961 - fed_utils - INFO - decrypting key [fc2.weight].shape [torch.Size([84, 120])]
2024-11-15 09:29:35,961 - fed_utils - INFO - decrypting key [fc2.bias].shape [torch.Size([84])]
2024-11-15 09:29:37,889 - fed_utils - INFO - decrypting key [fc3.weight].shape [torch.Size([10, 84])]
2024-11-15 09:29:37,912 - fed_utils - INFO - decrypting key [fc3.bias].shape [torch.Size([10])]
2024-11-15 09:29:37,912 - fed_utils - INFO - decrypt time : [0m:2s:307ms]
2024-11-15 09:29:37,920 - fl_main - INFO - [global round : 1] aggregated model accuracy : 0.116
2024-11-15 09:29:37,920 - fl_main - INFO - [global round : 1] aggregated model loss : 2.280580044864135
2024-11-15 09:29:37,921 - fl_main - INFO - global round : 2
2024-11-15 09:29:37,921 - fl_main - INFO - the random client id to test accuracy : f_00008
2024-11-15 09:29:37,921 - fl_main - INFO - ----- client id [f_00000] -----
2024-11-15 09:29:37,922 - client_base - INFO - recover model cost time : 0m:0s:0ms
2024-11-15 09:29:37,922 - fl_main - INFO - client_dict[f_00000] training ...
2024-11-15 09:29:37,923 - client_base - INFO - client_dict[f_00000] training epoch : 0
2024-11-15 09:29:38,346 - client_base - INFO - local model train cost time : 0m:0s:423ms
2024-11-15 09:29:38,348 - client_base - INFO - model encode time : 0m:0s:1ms
2024-11-15 09:29:38,348 - fl_main - INFO - client_dict[f_00000] local model encrypting ...
2024-11-15 09:29:39,546 - fed_utils - INFO - encrypting key [conv1.weight].length : 150, cost time : 0m:1s:197ms
2024-11-15 09:29:39,595 - fed_utils - INFO - encrypting key [conv1.bias].length : 6, cost time : 0m:0s:48ms
2024-11-15 09:29:39,595 - fed_utils - INFO - load key [conv2.weight].length : 2400, cost time : 0m:0s:0ms
2024-11-15 09:29:39,595 - fed_utils - INFO - load key [conv2.bias].length : 16, cost time : 0m:0s:0ms
2024-11-15 09:29:39,596 - fed_utils - INFO - load key [fc1.weight].length : 48000, cost time : 0m:0s:0ms
2024-11-15 09:29:39,596 - fed_utils - INFO - load key [fc1.bias].length : 120, cost time : 0m:0s:0ms
2024-11-15 09:29:39,596 - fed_utils - INFO - load key [fc2.weight].length : 10080, cost time : 0m:0s:0ms
2024-11-15 09:29:39,597 - fed_utils - INFO - load key [fc2.bias].length : 84, cost time : 0m:0s:0ms
2024-11-15 09:29:46,297 - fed_utils - INFO - encrypting key [fc3.weight].length : 840, cost time : 0m:6s:700ms
2024-11-15 09:29:46,377 - fed_utils - INFO - encrypting key [fc3.bias].length : 10, cost time : 0m:0s:79ms
2024-11-15 09:29:46,378 - fl_main - INFO - Server receive client_dict[f_00000] info ...
2024-11-15 09:29:46,378 - fl_main - INFO - ----- client id [f_00001] -----
2024-11-15 09:29:46,379 - client_base - INFO - recover model cost time : 0m:0s:0ms
2024-11-15 09:29:46,379 - fl_main - INFO - client_dict[f_00001] training ...
2024-11-15 09:29:46,380 - client_base - INFO - client_dict[f_00001] training epoch : 0
2024-11-15 09:29:46,794 - client_base - INFO - local model train cost time : 0m:0s:413ms
2024-11-15 09:29:46,797 - client_base - INFO - model encode time : 0m:0s:2ms
2024-11-15 09:29:46,797 - fl_main - INFO - client_dict[f_00001] local model encrypting ...
2024-11-15 09:29:48,223 - fed_utils - INFO - encrypting key [conv1.weight].length : 150, cost time : 0m:1s:425ms
2024-11-15 09:29:48,271 - fed_utils - INFO - encrypting key [conv1.bias].length : 6, cost time : 0m:0s:48ms
2024-11-15 09:29:48,271 - fed_utils - INFO - load key [conv2.weight].length : 2400, cost time : 0m:0s:0ms
2024-11-15 09:29:48,271 - fed_utils - INFO - load key [conv2.bias].length : 16, cost time : 0m:0s:0ms
2024-11-15 09:29:48,272 - fed_utils - INFO - load key [fc1.weight].length : 48000, cost time : 0m:0s:0ms
2024-11-15 09:29:48,272 - fed_utils - INFO - load key [fc1.bias].length : 120, cost time : 0m:0s:0ms
2024-11-15 09:29:48,273 - fed_utils - INFO - load key [fc2.weight].length : 10080, cost time : 0m:0s:0ms
2024-11-15 09:29:48,273 - fed_utils - INFO - load key [fc2.bias].length : 84, cost time : 0m:0s:0ms
2024-11-15 09:29:54,940 - fed_utils - INFO - encrypting key [fc3.weight].length : 840, cost time : 0m:6s:667ms
2024-11-15 09:29:55,019 - fed_utils - INFO - encrypting key [fc3.bias].length : 10, cost time : 0m:0s:79ms
2024-11-15 09:29:55,019 - fl_main - INFO - Server receive client_dict[f_00001] info ...
2024-11-15 09:29:55,020 - fl_main - INFO - ----- client id [f_00002] -----
2024-11-15 09:29:55,021 - client_base - INFO - recover model cost time : 0m:0s:0ms
2024-11-15 09:29:55,021 - fl_main - INFO - client_dict[f_00002] training ...
2024-11-15 09:29:55,022 - client_base - INFO - client_dict[f_00002] training epoch : 0
2024-11-15 09:29:55,443 - client_base - INFO - local model train cost time : 0m:0s:420ms
2024-11-15 09:29:55,444 - client_base - INFO - model encode time : 0m:0s:1ms
2024-11-15 09:29:55,444 - fl_main - INFO - client_dict[f_00002] local model encrypting ...
2024-11-15 09:29:56,640 - fed_utils - INFO - encrypting key [conv1.weight].length : 150, cost time : 0m:1s:196ms
2024-11-15 09:29:56,689 - fed_utils - INFO - encrypting key [conv1.bias].length : 6, cost time : 0m:0s:48ms
2024-11-15 09:29:56,689 - fed_utils - INFO - load key [conv2.weight].length : 2400, cost time : 0m:0s:0ms
2024-11-15 09:29:56,689 - fed_utils - INFO - load key [conv2.bias].length : 16, cost time : 0m:0s:0ms
2024-11-15 09:29:56,690 - fed_utils - INFO - load key [fc1.weight].length : 48000, cost time : 0m:0s:0ms
2024-11-15 09:29:56,690 - fed_utils - INFO - load key [fc1.bias].length : 120, cost time : 0m:0s:0ms
2024-11-15 09:29:56,691 - fed_utils - INFO - load key [fc2.weight].length : 10080, cost time : 0m:0s:0ms
2024-11-15 09:29:56,691 - fed_utils - INFO - load key [fc2.bias].length : 84, cost time : 0m:0s:0ms
2024-11-15 09:30:03,564 - fed_utils - INFO - encrypting key [fc3.weight].length : 840, cost time : 0m:6s:873ms
2024-11-15 09:30:03,644 - fed_utils - INFO - encrypting key [fc3.bias].length : 10, cost time : 0m:0s:80ms
2024-11-15 09:30:03,644 - fl_main - INFO - Server receive client_dict[f_00002] info ...
2024-11-15 09:30:03,644 - fl_main - INFO - ----- client id [f_00003] -----
2024-11-15 09:30:03,645 - client_base - INFO - recover model cost time : 0m:0s:0ms
2024-11-15 09:30:03,646 - fl_main - INFO - client_dict[f_00003] training ...
2024-11-15 09:30:03,646 - client_base - INFO - client_dict[f_00003] training epoch : 0
2024-11-15 09:30:04,075 - client_base - INFO - local model train cost time : 0m:0s:428ms
2024-11-15 09:30:04,076 - client_base - INFO - model encode time : 0m:0s:1ms
2024-11-15 09:30:04,077 - fl_main - INFO - client_dict[f_00003] local model encrypting ...
2024-11-15 09:30:05,272 - fed_utils - INFO - encrypting key [conv1.weight].length : 150, cost time : 0m:1s:195ms
2024-11-15 09:30:05,320 - fed_utils - INFO - encrypting key [conv1.bias].length : 6, cost time : 0m:0s:47ms
2024-11-15 09:30:05,320 - fed_utils - INFO - load key [conv2.weight].length : 2400, cost time : 0m:0s:0ms
2024-11-15 09:30:05,320 - fed_utils - INFO - load key [conv2.bias].length : 16, cost time : 0m:0s:0ms
2024-11-15 09:30:05,321 - fed_utils - INFO - load key [fc1.weight].length : 48000, cost time : 0m:0s:0ms
2024-11-15 09:30:05,321 - fed_utils - INFO - load key [fc1.bias].length : 120, cost time : 0m:0s:0ms
2024-11-15 09:30:05,321 - fed_utils - INFO - load key [fc2.weight].length : 10080, cost time : 0m:0s:0ms
2024-11-15 09:30:05,321 - fed_utils - INFO - load key [fc2.bias].length : 84, cost time : 0m:0s:0ms
2024-11-15 09:30:12,104 - fed_utils - INFO - encrypting key [fc3.weight].length : 840, cost time : 0m:6s:782ms
2024-11-15 09:30:12,184 - fed_utils - INFO - encrypting key [fc3.bias].length : 10, cost time : 0m:0s:79ms
2024-11-15 09:30:12,184 - fl_main - INFO - Server receive client_dict[f_00003] info ...
2024-11-15 09:30:12,184 - fl_main - INFO - ----- client id [f_00004] -----
2024-11-15 09:30:12,185 - client_base - INFO - recover model cost time : 0m:0s:0ms
2024-11-15 09:30:12,186 - fl_main - INFO - client_dict[f_00004] training ...
2024-11-15 09:30:12,186 - client_base - INFO - client_dict[f_00004] training epoch : 0
2024-11-15 09:30:12,660 - client_base - INFO - local model train cost time : 0m:0s:473ms
2024-11-15 09:30:12,661 - client_base - INFO - model encode time : 0m:0s:1ms
2024-11-15 09:30:12,661 - fl_main - INFO - client_dict[f_00004] local model encrypting ...
2024-11-15 09:30:13,866 - fed_utils - INFO - encrypting key [conv1.weight].length : 150, cost time : 0m:1s:204ms
2024-11-15 09:30:13,915 - fed_utils - INFO - encrypting key [conv1.bias].length : 6, cost time : 0m:0s:48ms
2024-11-15 09:30:13,915 - fed_utils - INFO - load key [conv2.weight].length : 2400, cost time : 0m:0s:0ms
2024-11-15 09:30:13,915 - fed_utils - INFO - load key [conv2.bias].length : 16, cost time : 0m:0s:0ms
2024-11-15 09:30:13,916 - fed_utils - INFO - load key [fc1.weight].length : 48000, cost time : 0m:0s:0ms
2024-11-15 09:30:13,916 - fed_utils - INFO - load key [fc1.bias].length : 120, cost time : 0m:0s:0ms
2024-11-15 09:30:13,917 - fed_utils - INFO - load key [fc2.weight].length : 10080, cost time : 0m:0s:0ms
2024-11-15 09:30:13,917 - fed_utils - INFO - load key [fc2.bias].length : 84, cost time : 0m:0s:0ms
2024-11-15 09:30:20,795 - fed_utils - INFO - encrypting key [fc3.weight].length : 840, cost time : 0m:6s:878ms
2024-11-15 09:30:20,881 - fed_utils - INFO - encrypting key [fc3.bias].length : 10, cost time : 0m:0s:85ms
2024-11-15 09:30:20,881 - fl_main - INFO - Server receive client_dict[f_00004] info ...
2024-11-15 09:30:20,881 - fl_main - INFO - ----- client id [f_00005] -----
2024-11-15 09:30:20,882 - client_base - INFO - recover model cost time : 0m:0s:0ms
2024-11-15 09:30:20,882 - fl_main - INFO - client_dict[f_00005] training ...
2024-11-15 09:30:20,883 - client_base - INFO - client_dict[f_00005] training epoch : 0
2024-11-15 09:30:21,311 - client_base - INFO - local model train cost time : 0m:0s:428ms
2024-11-15 09:30:21,313 - client_base - INFO - model encode time : 0m:0s:1ms
2024-11-15 09:30:21,313 - fl_main - INFO - client_dict[f_00005] local model encrypting ...
2024-11-15 09:30:22,507 - fed_utils - INFO - encrypting key [conv1.weight].length : 150, cost time : 0m:1s:194ms
2024-11-15 09:30:22,556 - fed_utils - INFO - encrypting key [conv1.bias].length : 6, cost time : 0m:0s:48ms
2024-11-15 09:30:22,556 - fed_utils - INFO - load key [conv2.weight].length : 2400, cost time : 0m:0s:0ms
2024-11-15 09:30:22,556 - fed_utils - INFO - load key [conv2.bias].length : 16, cost time : 0m:0s:0ms
2024-11-15 09:30:22,557 - fed_utils - INFO - load key [fc1.weight].length : 48000, cost time : 0m:0s:0ms
2024-11-15 09:30:22,557 - fed_utils - INFO - load key [fc1.bias].length : 120, cost time : 0m:0s:0ms
2024-11-15 09:30:22,557 - fed_utils - INFO - load key [fc2.weight].length : 10080, cost time : 0m:0s:0ms
2024-11-15 09:30:22,557 - fed_utils - INFO - load key [fc2.bias].length : 84, cost time : 0m:0s:0ms
2024-11-15 09:30:29,233 - fed_utils - INFO - encrypting key [fc3.weight].length : 840, cost time : 0m:6s:675ms
2024-11-15 09:30:29,313 - fed_utils - INFO - encrypting key [fc3.bias].length : 10, cost time : 0m:0s:79ms
2024-11-15 09:30:29,313 - fl_main - INFO - Server receive client_dict[f_00005] info ...
2024-11-15 09:30:29,313 - fl_main - INFO - ----- client id [f_00006] -----
2024-11-15 09:30:29,314 - client_base - INFO - recover model cost time : 0m:0s:0ms
2024-11-15 09:30:29,314 - fl_main - INFO - client_dict[f_00006] training ...
2024-11-15 09:30:29,315 - client_base - INFO - client_dict[f_00006] training epoch : 0
2024-11-15 09:30:29,733 - client_base - INFO - local model train cost time : 0m:0s:418ms
2024-11-15 09:30:29,735 - client_base - INFO - model encode time : 0m:0s:1ms
2024-11-15 09:30:29,735 - fl_main - INFO - client_dict[f_00006] local model encrypting ...
2024-11-15 09:30:30,928 - fed_utils - INFO - encrypting key [conv1.weight].length : 150, cost time : 0m:1s:192ms
2024-11-15 09:30:30,976 - fed_utils - INFO - encrypting key [conv1.bias].length : 6, cost time : 0m:0s:48ms
2024-11-15 09:30:30,976 - fed_utils - INFO - load key [conv2.weight].length : 2400, cost time : 0m:0s:0ms
2024-11-15 09:30:30,976 - fed_utils - INFO - load key [conv2.bias].length : 16, cost time : 0m:0s:0ms
2024-11-15 09:30:30,977 - fed_utils - INFO - load key [fc1.weight].length : 48000, cost time : 0m:0s:0ms
2024-11-15 09:30:30,977 - fed_utils - INFO - load key [fc1.bias].length : 120, cost time : 0m:0s:0ms
2024-11-15 09:30:30,978 - fed_utils - INFO - load key [fc2.weight].length : 10080, cost time : 0m:0s:0ms
2024-11-15 09:30:30,978 - fed_utils - INFO - load key [fc2.bias].length : 84, cost time : 0m:0s:0ms
2024-11-15 09:30:37,795 - fed_utils - INFO - encrypting key [fc3.weight].length : 840, cost time : 0m:6s:817ms
2024-11-15 09:30:37,874 - fed_utils - INFO - encrypting key [fc3.bias].length : 10, cost time : 0m:0s:79ms
2024-11-15 09:30:37,874 - fl_main - INFO - Server receive client_dict[f_00006] info ...
2024-11-15 09:30:37,875 - fl_main - INFO - ----- client id [f_00007] -----
2024-11-15 09:30:37,876 - client_base - INFO - recover model cost time : 0m:0s:0ms
2024-11-15 09:30:37,876 - fl_main - INFO - client_dict[f_00007] training ...
2024-11-15 09:30:37,877 - client_base - INFO - client_dict[f_00007] training epoch : 0
2024-11-15 09:30:38,297 - client_base - INFO - local model train cost time : 0m:0s:420ms
2024-11-15 09:30:38,299 - client_base - INFO - model encode time : 0m:0s:1ms
2024-11-15 09:30:38,299 - fl_main - INFO - client_dict[f_00007] local model encrypting ...
2024-11-15 09:30:39,490 - fed_utils - INFO - encrypting key [conv1.weight].length : 150, cost time : 0m:1s:191ms
2024-11-15 09:30:39,539 - fed_utils - INFO - encrypting key [conv1.bias].length : 6, cost time : 0m:0s:48ms
2024-11-15 09:30:39,539 - fed_utils - INFO - load key [conv2.weight].length : 2400, cost time : 0m:0s:0ms
2024-11-15 09:30:39,539 - fed_utils - INFO - load key [conv2.bias].length : 16, cost time : 0m:0s:0ms
2024-11-15 09:30:39,540 - fed_utils - INFO - load key [fc1.weight].length : 48000, cost time : 0m:0s:0ms
2024-11-15 09:30:39,540 - fed_utils - INFO - load key [fc1.bias].length : 120, cost time : 0m:0s:0ms
2024-11-15 09:30:39,540 - fed_utils - INFO - load key [fc2.weight].length : 10080, cost time : 0m:0s:0ms
2024-11-15 09:30:39,540 - fed_utils - INFO - load key [fc2.bias].length : 84, cost time : 0m:0s:0ms
2024-11-15 09:30:46,214 - fed_utils - INFO - encrypting key [fc3.weight].length : 840, cost time : 0m:6s:673ms
2024-11-15 09:30:46,295 - fed_utils - INFO - encrypting key [fc3.bias].length : 10, cost time : 0m:0s:81ms
2024-11-15 09:30:46,295 - fl_main - INFO - Server receive client_dict[f_00007] info ...
2024-11-15 09:30:46,296 - fl_main - INFO - ----- client id [f_00008] -----
2024-11-15 09:30:46,297 - client_base - INFO - recover model cost time : 0m:0s:0ms
2024-11-15 09:30:47,118 - fl_main - INFO - global round [2] client_dict[f_00008].accuracy : 0.135100
2024-11-15 09:30:47,118 - fl_main - INFO - client_dict[f_00008] training ...
2024-11-15 09:30:47,119 - client_base - INFO - client_dict[f_00008] training epoch : 0
2024-11-15 09:30:47,568 - client_base - INFO - local model train cost time : 0m:0s:449ms
2024-11-15 09:30:47,570 - client_base - INFO - model encode time : 0m:0s:2ms
2024-11-15 09:30:47,571 - fl_main - INFO - client_dict[f_00008] local model encrypting ...
2024-11-15 09:30:48,900 - fed_utils - INFO - encrypting key [conv1.weight].length : 150, cost time : 0m:1s:329ms
2024-11-15 09:30:48,948 - fed_utils - INFO - encrypting key [conv1.bias].length : 6, cost time : 0m:0s:47ms
2024-11-15 09:30:48,948 - fed_utils - INFO - load key [conv2.weight].length : 2400, cost time : 0m:0s:0ms
2024-11-15 09:30:48,948 - fed_utils - INFO - load key [conv2.bias].length : 16, cost time : 0m:0s:0ms
2024-11-15 09:30:48,949 - fed_utils - INFO - load key [fc1.weight].length : 48000, cost time : 0m:0s:1ms
2024-11-15 09:30:48,950 - fed_utils - INFO - load key [fc1.bias].length : 120, cost time : 0m:0s:0ms
2024-11-15 09:30:48,950 - fed_utils - INFO - load key [fc2.weight].length : 10080, cost time : 0m:0s:0ms
2024-11-15 09:30:48,950 - fed_utils - INFO - load key [fc2.bias].length : 84, cost time : 0m:0s:0ms
2024-11-15 09:30:55,620 - fed_utils - INFO - encrypting key [fc3.weight].length : 840, cost time : 0m:6s:669ms
2024-11-15 09:30:55,700 - fed_utils - INFO - encrypting key [fc3.bias].length : 10, cost time : 0m:0s:80ms
2024-11-15 09:30:55,700 - fl_main - INFO - Server receive client_dict[f_00008] info ...
2024-11-15 09:30:55,700 - fl_main - INFO - ----- client id [f_00009] -----
2024-11-15 09:30:55,701 - client_base - INFO - recover model cost time : 0m:0s:0ms
2024-11-15 09:30:55,701 - fl_main - INFO - client_dict[f_00009] training ...
2024-11-15 09:30:55,702 - client_base - INFO - client_dict[f_00009] training epoch : 0
2024-11-15 09:30:56,130 - client_base - INFO - local model train cost time : 0m:0s:427ms
2024-11-15 09:30:56,131 - client_base - INFO - model encode time : 0m:0s:1ms
2024-11-15 09:30:56,131 - fl_main - INFO - client_dict[f_00009] local model encrypting ...
2024-11-15 09:30:57,325 - fed_utils - INFO - encrypting key [conv1.weight].length : 150, cost time : 0m:1s:194ms
2024-11-15 09:30:57,375 - fed_utils - INFO - encrypting key [conv1.bias].length : 6, cost time : 0m:0s:49ms
2024-11-15 09:30:57,375 - fed_utils - INFO - load key [conv2.weight].length : 2400, cost time : 0m:0s:0ms
2024-11-15 09:30:57,375 - fed_utils - INFO - load key [conv2.bias].length : 16, cost time : 0m:0s:0ms
2024-11-15 09:30:57,376 - fed_utils - INFO - load key [fc1.weight].length : 48000, cost time : 0m:0s:1ms
2024-11-15 09:30:57,376 - fed_utils - INFO - load key [fc1.bias].length : 120, cost time : 0m:0s:0ms
2024-11-15 09:30:57,376 - fed_utils - INFO - load key [fc2.weight].length : 10080, cost time : 0m:0s:0ms
2024-11-15 09:30:57,376 - fed_utils - INFO - load key [fc2.bias].length : 84, cost time : 0m:0s:0ms
2024-11-15 09:31:04,187 - fed_utils - INFO - encrypting key [fc3.weight].length : 840, cost time : 0m:6s:810ms
2024-11-15 09:31:04,267 - fed_utils - INFO - encrypting key [fc3.bias].length : 10, cost time : 0m:0s:79ms
2024-11-15 09:31:04,267 - fl_main - INFO - Server receive client_dict[f_00009] info ...
2024-11-15 09:31:04,267 - fl_main - INFO - ----- client id [f_00010] -----
2024-11-15 09:31:04,268 - client_base - INFO - recover model cost time : 0m:0s:0ms
2024-11-15 09:31:04,269 - fl_main - INFO - client_dict[f_00010] training ...
2024-11-15 09:31:04,269 - client_base - INFO - client_dict[f_00010] training epoch : 0
2024-11-15 09:31:04,694 - client_base - INFO - local model train cost time : 0m:0s:424ms
2024-11-15 09:31:04,696 - client_base - INFO - model encode time : 0m:0s:1ms
2024-11-15 09:31:04,696 - fl_main - INFO - client_dict[f_00010] local model encrypting ...
2024-11-15 09:31:05,888 - fed_utils - INFO - encrypting key [conv1.weight].length : 150, cost time : 0m:1s:192ms
2024-11-15 09:31:05,936 - fed_utils - INFO - encrypting key [conv1.bias].length : 6, cost time : 0m:0s:47ms
2024-11-15 09:31:05,936 - fed_utils - INFO - load key [conv2.weight].length : 2400, cost time : 0m:0s:0ms
2024-11-15 09:31:05,937 - fed_utils - INFO - load key [conv2.bias].length : 16, cost time : 0m:0s:0ms
2024-11-15 09:31:05,938 - fed_utils - INFO - load key [fc1.weight].length : 48000, cost time : 0m:0s:1ms
2024-11-15 09:31:05,938 - fed_utils - INFO - load key [fc1.bias].length : 120, cost time : 0m:0s:0ms
2024-11-15 09:31:05,938 - fed_utils - INFO - load key [fc2.weight].length : 10080, cost time : 0m:0s:0ms
2024-11-15 09:31:05,938 - fed_utils - INFO - load key [fc2.bias].length : 84, cost time : 0m:0s:0ms
2024-11-15 09:31:12,610 - fed_utils - INFO - encrypting key [fc3.weight].length : 840, cost time : 0m:6s:672ms
2024-11-15 09:31:12,690 - fed_utils - INFO - encrypting key [fc3.bias].length : 10, cost time : 0m:0s:79ms
2024-11-15 09:31:12,690 - fl_main - INFO - Server receive client_dict[f_00010] info ...
2024-11-15 09:31:12,690 - fl_main - INFO - ----- client id [f_00011] -----
2024-11-15 09:31:12,691 - client_base - INFO - recover model cost time : 0m:0s:0ms
2024-11-15 09:31:12,692 - fl_main - INFO - client_dict[f_00011] training ...
2024-11-15 09:31:12,692 - client_base - INFO - client_dict[f_00011] training epoch : 0
2024-11-15 09:31:13,123 - client_base - INFO - local model train cost time : 0m:0s:430ms
2024-11-15 09:31:13,124 - client_base - INFO - model encode time : 0m:0s:1ms
2024-11-15 09:31:13,124 - fl_main - INFO - client_dict[f_00011] local model encrypting ...
2024-11-15 09:31:14,319 - fed_utils - INFO - encrypting key [conv1.weight].length : 150, cost time : 0m:1s:194ms
2024-11-15 09:31:14,367 - fed_utils - INFO - encrypting key [conv1.bias].length : 6, cost time : 0m:0s:48ms
2024-11-15 09:31:14,367 - fed_utils - INFO - load key [conv2.weight].length : 2400, cost time : 0m:0s:0ms
2024-11-15 09:31:14,367 - fed_utils - INFO - load key [conv2.bias].length : 16, cost time : 0m:0s:0ms
2024-11-15 09:31:14,368 - fed_utils - INFO - load key [fc1.weight].length : 48000, cost time : 0m:0s:1ms
2024-11-15 09:31:14,368 - fed_utils - INFO - load key [fc1.bias].length : 120, cost time : 0m:0s:0ms
2024-11-15 09:31:14,369 - fed_utils - INFO - load key [fc2.weight].length : 10080, cost time : 0m:0s:0ms
2024-11-15 09:31:14,369 - fed_utils - INFO - load key [fc2.bias].length : 84, cost time : 0m:0s:0ms
2024-11-15 09:31:21,200 - fed_utils - INFO - encrypting key [fc3.weight].length : 840, cost time : 0m:6s:830ms
2024-11-15 09:31:21,279 - fed_utils - INFO - encrypting key [fc3.bias].length : 10, cost time : 0m:0s:79ms
2024-11-15 09:31:21,279 - fl_main - INFO - Server receive client_dict[f_00011] info ...
2024-11-15 09:31:21,279 - fl_main - INFO - ----- client id [f_00012] -----
2024-11-15 09:31:21,281 - client_base - INFO - recover model cost time : 0m:0s:0ms
2024-11-15 09:31:21,281 - fl_main - INFO - client_dict[f_00012] training ...
2024-11-15 09:31:21,281 - client_base - INFO - client_dict[f_00012] training epoch : 0
2024-11-15 09:31:21,707 - client_base - INFO - local model train cost time : 0m:0s:425ms
2024-11-15 09:31:21,709 - client_base - INFO - model encode time : 0m:0s:1ms
2024-11-15 09:31:21,709 - fl_main - INFO - client_dict[f_00012] local model encrypting ...
2024-11-15 09:31:22,901 - fed_utils - INFO - encrypting key [conv1.weight].length : 150, cost time : 0m:1s:191ms
2024-11-15 09:31:22,949 - fed_utils - INFO - encrypting key [conv1.bias].length : 6, cost time : 0m:0s:47ms
2024-11-15 09:31:22,949 - fed_utils - INFO - load key [conv2.weight].length : 2400, cost time : 0m:0s:0ms
2024-11-15 09:31:22,949 - fed_utils - INFO - load key [conv2.bias].length : 16, cost time : 0m:0s:0ms
2024-11-15 09:31:22,951 - fed_utils - INFO - load key [fc1.weight].length : 48000, cost time : 0m:0s:1ms
2024-11-15 09:31:22,951 - fed_utils - INFO - load key [fc1.bias].length : 120, cost time : 0m:0s:0ms
2024-11-15 09:31:22,951 - fed_utils - INFO - load key [fc2.weight].length : 10080, cost time : 0m:0s:0ms
2024-11-15 09:31:22,951 - fed_utils - INFO - load key [fc2.bias].length : 84, cost time : 0m:0s:0ms
2024-11-15 09:31:29,619 - fed_utils - INFO - encrypting key [fc3.weight].length : 840, cost time : 0m:6s:668ms
2024-11-15 09:31:29,699 - fed_utils - INFO - encrypting key [fc3.bias].length : 10, cost time : 0m:0s:79ms
2024-11-15 09:31:29,699 - fl_main - INFO - Server receive client_dict[f_00012] info ...
2024-11-15 09:31:29,699 - fl_main - INFO - ----- client id [f_00013] -----
2024-11-15 09:31:29,701 - client_base - INFO - recover model cost time : 0m:0s:0ms
2024-11-15 09:31:29,701 - fl_main - INFO - client_dict[f_00013] training ...
2024-11-15 09:31:29,701 - client_base - INFO - client_dict[f_00013] training epoch : 0
2024-11-15 09:31:30,136 - client_base - INFO - local model train cost time : 0m:0s:435ms
2024-11-15 09:31:30,138 - client_base - INFO - model encode time : 0m:0s:1ms
2024-11-15 09:31:30,138 - fl_main - INFO - client_dict[f_00013] local model encrypting ...
2024-11-15 09:31:31,331 - fed_utils - INFO - encrypting key [conv1.weight].length : 150, cost time : 0m:1s:193ms
2024-11-15 09:31:31,379 - fed_utils - INFO - encrypting key [conv1.bias].length : 6, cost time : 0m:0s:48ms
2024-11-15 09:31:31,379 - fed_utils - INFO - load key [conv2.weight].length : 2400, cost time : 0m:0s:0ms
2024-11-15 09:31:31,379 - fed_utils - INFO - load key [conv2.bias].length : 16, cost time : 0m:0s:0ms
2024-11-15 09:31:31,381 - fed_utils - INFO - load key [fc1.weight].length : 48000, cost time : 0m:0s:1ms
2024-11-15 09:31:31,381 - fed_utils - INFO - load key [fc1.bias].length : 120, cost time : 0m:0s:0ms
2024-11-15 09:31:31,381 - fed_utils - INFO - load key [fc2.weight].length : 10080, cost time : 0m:0s:0ms
2024-11-15 09:31:31,381 - fed_utils - INFO - load key [fc2.bias].length : 84, cost time : 0m:0s:0ms
2024-11-15 09:31:38,272 - fed_utils - INFO - encrypting key [fc3.weight].length : 840, cost time : 0m:6s:890ms
2024-11-15 09:31:38,351 - fed_utils - INFO - encrypting key [fc3.bias].length : 10, cost time : 0m:0s:79ms
2024-11-15 09:31:38,351 - fl_main - INFO - Server receive client_dict[f_00013] info ...
2024-11-15 09:31:38,352 - fl_main - INFO - ----- client id [f_00014] -----
2024-11-15 09:31:38,353 - client_base - INFO - recover model cost time : 0m:0s:0ms
2024-11-15 09:31:38,353 - fl_main - INFO - client_dict[f_00014] training ...
2024-11-15 09:31:38,353 - client_base - INFO - client_dict[f_00014] training epoch : 0
2024-11-15 09:31:38,768 - client_base - INFO - local model train cost time : 0m:0s:414ms
2024-11-15 09:31:38,770 - client_base - INFO - model encode time : 0m:0s:1ms
2024-11-15 09:31:38,770 - fl_main - INFO - client_dict[f_00014] local model encrypting ...
2024-11-15 09:31:39,965 - fed_utils - INFO - encrypting key [conv1.weight].length : 150, cost time : 0m:1s:194ms
2024-11-15 09:31:40,014 - fed_utils - INFO - encrypting key [conv1.bias].length : 6, cost time : 0m:0s:48ms
2024-11-15 09:31:40,014 - fed_utils - INFO - load key [conv2.weight].length : 2400, cost time : 0m:0s:0ms
2024-11-15 09:31:40,014 - fed_utils - INFO - load key [conv2.bias].length : 16, cost time : 0m:0s:0ms
2024-11-15 09:31:40,015 - fed_utils - INFO - load key [fc1.weight].length : 48000, cost time : 0m:0s:1ms
2024-11-15 09:31:40,015 - fed_utils - INFO - load key [fc1.bias].length : 120, cost time : 0m:0s:0ms
2024-11-15 09:31:40,015 - fed_utils - INFO - load key [fc2.weight].length : 10080, cost time : 0m:0s:0ms
2024-11-15 09:31:40,015 - fed_utils - INFO - load key [fc2.bias].length : 84, cost time : 0m:0s:0ms
2024-11-15 09:31:46,700 - fed_utils - INFO - encrypting key [fc3.weight].length : 840, cost time : 0m:6s:684ms
2024-11-15 09:31:46,780 - fed_utils - INFO - encrypting key [fc3.bias].length : 10, cost time : 0m:0s:79ms
2024-11-15 09:31:46,780 - fl_main - INFO - Server receive client_dict[f_00014] info ...
2024-11-15 09:31:46,780 - fl_main - INFO - global aggregation process ...
2024-11-15 09:31:46,781 - fed_utils - INFO - server.n_data : 60000
2024-11-15 09:31:46,781 - fed_utils - INFO - client_dict[f_00000].weight : 0.066667
2024-11-15 09:31:46,781 - fed_utils - INFO - client_dict[f_00001].weight : 0.066667
2024-11-15 09:31:46,781 - fed_utils - INFO - client_dict[f_00002].weight : 0.066667
2024-11-15 09:31:46,781 - fed_utils - INFO - client_dict[f_00003].weight : 0.066667
2024-11-15 09:31:46,781 - fed_utils - INFO - client_dict[f_00004].weight : 0.066667
2024-11-15 09:31:46,781 - fed_utils - INFO - client_dict[f_00005].weight : 0.066667
2024-11-15 09:31:46,781 - fed_utils - INFO - client_dict[f_00006].weight : 0.066667
2024-11-15 09:31:46,781 - fed_utils - INFO - client_dict[f_00007].weight : 0.066667
2024-11-15 09:31:46,781 - fed_utils - INFO - client_dict[f_00008].weight : 0.066667
2024-11-15 09:31:46,781 - fed_utils - INFO - client_dict[f_00009].weight : 0.066667
2024-11-15 09:31:46,781 - fed_utils - INFO - client_dict[f_00010].weight : 0.066667
2024-11-15 09:31:46,781 - fed_utils - INFO - client_dict[f_00011].weight : 0.066667
2024-11-15 09:31:46,781 - fed_utils - INFO - client_dict[f_00012].weight : 0.066667
2024-11-15 09:31:46,781 - fed_utils - INFO - client_dict[f_00013].weight : 0.066667
2024-11-15 09:31:46,781 - fed_utils - INFO - client_dict[f_00014].weight : 0.066667
2024-11-15 09:31:46,781 - fed_utils - INFO - recover secret number by clients: 1052426.333333
2024-11-15 09:31:46,781 - server_base - INFO - Server aggregate model with homomorphic encryption ...
2024-11-15 09:31:51,762 - server_base - INFO - Server aggregate model done, cost time : 0m:4s:980ms
2024-11-15 09:31:52,105 - fed_utils - INFO - decrypting key [conv1.weight].shape [torch.Size([6, 1, 5, 5])]
2024-11-15 09:31:52,119 - fed_utils - INFO - decrypting key [conv1.bias].shape [torch.Size([6])]
2024-11-15 09:31:52,119 - fed_utils - INFO - decrypting key [conv2.weight].shape [torch.Size([16, 6, 5, 5])]
2024-11-15 09:31:52,119 - fed_utils - INFO - decrypting key [conv2.bias].shape [torch.Size([16])]
2024-11-15 09:31:52,119 - fed_utils - INFO - decrypting key [fc1.weight].shape [torch.Size([120, 400])]
2024-11-15 09:31:52,119 - fed_utils - INFO - decrypting key [fc1.bias].shape [torch.Size([120])]
2024-11-15 09:31:52,119 - fed_utils - INFO - decrypting key [fc2.weight].shape [torch.Size([84, 120])]
2024-11-15 09:31:52,119 - fed_utils - INFO - decrypting key [fc2.bias].shape [torch.Size([84])]
2024-11-15 09:31:54,036 - fed_utils - INFO - decrypting key [fc3.weight].shape [torch.Size([10, 84])]
2024-11-15 09:31:54,059 - fed_utils - INFO - decrypting key [fc3.bias].shape [torch.Size([10])]
2024-11-15 09:31:54,059 - fed_utils - INFO - decrypt time : [0m:2s:297ms]
2024-11-15 09:31:54,067 - fl_main - INFO - [global round : 2] aggregated model accuracy : 0.1351
2024-11-15 09:31:54,067 - fl_main - INFO - [global round : 2] aggregated model loss : 2.259296776133125
2024-11-15 09:31:54,068 - fl_main - INFO - global round : 3
2024-11-15 09:31:54,068 - fl_main - INFO - the random client id to test accuracy : f_00005
2024-11-15 09:31:54,068 - fl_main - INFO - ----- client id [f_00000] -----
2024-11-15 09:31:54,069 - client_base - INFO - recover model cost time : 0m:0s:0ms
2024-11-15 09:31:54,069 - fl_main - INFO - client_dict[f_00000] training ...
2024-11-15 09:31:54,070 - client_base - INFO - client_dict[f_00000] training epoch : 0
2024-11-15 09:31:54,492 - client_base - INFO - local model train cost time : 0m:0s:421ms
2024-11-15 09:31:54,493 - client_base - INFO - model encode time : 0m:0s:1ms
2024-11-15 09:31:54,493 - fl_main - INFO - client_dict[f_00000] local model encrypting ...
2024-11-15 09:31:55,684 - fed_utils - INFO - encrypting key [conv1.weight].length : 150, cost time : 0m:1s:190ms
2024-11-15 09:31:55,732 - fed_utils - INFO - encrypting key [conv1.bias].length : 6, cost time : 0m:0s:47ms
2024-11-15 09:31:55,732 - fed_utils - INFO - load key [conv2.weight].length : 2400, cost time : 0m:0s:0ms
2024-11-15 09:31:55,732 - fed_utils - INFO - load key [conv2.bias].length : 16, cost time : 0m:0s:0ms
2024-11-15 09:31:55,733 - fed_utils - INFO - load key [fc1.weight].length : 48000, cost time : 0m:0s:0ms
2024-11-15 09:31:55,733 - fed_utils - INFO - load key [fc1.bias].length : 120, cost time : 0m:0s:0ms
2024-11-15 09:31:55,733 - fed_utils - INFO - load key [fc2.weight].length : 10080, cost time : 0m:0s:0ms
2024-11-15 09:31:55,733 - fed_utils - INFO - load key [fc2.bias].length : 84, cost time : 0m:0s:0ms
2024-11-15 09:32:02,408 - fed_utils - INFO - encrypting key [fc3.weight].length : 840, cost time : 0m:6s:674ms
2024-11-15 09:32:02,490 - fed_utils - INFO - encrypting key [fc3.bias].length : 10, cost time : 0m:0s:81ms
2024-11-15 09:32:02,491 - fl_main - INFO - Server receive client_dict[f_00000] info ...
2024-11-15 09:32:02,492 - fl_main - INFO - ----- client id [f_00001] -----
2024-11-15 09:32:02,496 - client_base - INFO - recover model cost time : 0m:0s:0ms
2024-11-15 09:32:02,497 - fl_main - INFO - client_dict[f_00001] training ...
2024-11-15 09:32:02,498 - client_base - INFO - client_dict[f_00001] training epoch : 0
2024-11-15 09:32:03,026 - client_base - INFO - local model train cost time : 0m:0s:528ms
2024-11-15 09:32:03,027 - client_base - INFO - model encode time : 0m:0s:1ms
2024-11-15 09:32:03,028 - fl_main - INFO - client_dict[f_00001] local model encrypting ...
2024-11-15 09:32:04,220 - fed_utils - INFO - encrypting key [conv1.weight].length : 150, cost time : 0m:1s:192ms
2024-11-15 09:32:04,268 - fed_utils - INFO - encrypting key [conv1.bias].length : 6, cost time : 0m:0s:48ms
2024-11-15 09:32:04,268 - fed_utils - INFO - load key [conv2.weight].length : 2400, cost time : 0m:0s:0ms
2024-11-15 09:32:04,268 - fed_utils - INFO - load key [conv2.bias].length : 16, cost time : 0m:0s:0ms
2024-11-15 09:32:04,269 - fed_utils - INFO - load key [fc1.weight].length : 48000, cost time : 0m:0s:0ms
2024-11-15 09:32:04,269 - fed_utils - INFO - load key [fc1.bias].length : 120, cost time : 0m:0s:0ms
2024-11-15 09:32:04,270 - fed_utils - INFO - load key [fc2.weight].length : 10080, cost time : 0m:0s:0ms
2024-11-15 09:32:04,270 - fed_utils - INFO - load key [fc2.bias].length : 84, cost time : 0m:0s:0ms
2024-11-15 09:32:10,946 - fed_utils - INFO - encrypting key [fc3.weight].length : 840, cost time : 0m:6s:676ms
2024-11-15 09:32:11,026 - fed_utils - INFO - encrypting key [fc3.bias].length : 10, cost time : 0m:0s:79ms
2024-11-15 09:32:11,026 - fl_main - INFO - Server receive client_dict[f_00001] info ...
2024-11-15 09:32:11,026 - fl_main - INFO - ----- client id [f_00002] -----
2024-11-15 09:32:11,027 - client_base - INFO - recover model cost time : 0m:0s:0ms
2024-11-15 09:32:11,027 - fl_main - INFO - client_dict[f_00002] training ...
2024-11-15 09:32:11,028 - client_base - INFO - client_dict[f_00002] training epoch : 0
2024-11-15 09:32:11,437 - client_base - INFO - local model train cost time : 0m:0s:409ms
2024-11-15 09:32:11,439 - client_base - INFO - model encode time : 0m:0s:1ms
2024-11-15 09:32:11,439 - fl_main - INFO - client_dict[f_00002] local model encrypting ...
2024-11-15 09:32:12,631 - fed_utils - INFO - encrypting key [conv1.weight].length : 150, cost time : 0m:1s:191ms
2024-11-15 09:32:12,679 - fed_utils - INFO - encrypting key [conv1.bias].length : 6, cost time : 0m:0s:48ms
2024-11-15 09:32:12,679 - fed_utils - INFO - load key [conv2.weight].length : 2400, cost time : 0m:0s:0ms
2024-11-15 09:32:12,679 - fed_utils - INFO - load key [conv2.bias].length : 16, cost time : 0m:0s:0ms
2024-11-15 09:32:12,680 - fed_utils - INFO - load key [fc1.weight].length : 48000, cost time : 0m:0s:0ms
2024-11-15 09:32:12,680 - fed_utils - INFO - load key [fc1.bias].length : 120, cost time : 0m:0s:0ms
2024-11-15 09:32:12,680 - fed_utils - INFO - load key [fc2.weight].length : 10080, cost time : 0m:0s:0ms
2024-11-15 09:32:12,680 - fed_utils - INFO - load key [fc2.bias].length : 84, cost time : 0m:0s:0ms
2024-11-15 09:32:19,498 - fed_utils - INFO - encrypting key [fc3.weight].length : 840, cost time : 0m:6s:818ms
2024-11-15 09:32:19,578 - fed_utils - INFO - encrypting key [fc3.bias].length : 10, cost time : 0m:0s:79ms
2024-11-15 09:32:19,578 - fl_main - INFO - Server receive client_dict[f_00002] info ...
2024-11-15 09:32:19,578 - fl_main - INFO - ----- client id [f_00003] -----
2024-11-15 09:32:19,580 - client_base - INFO - recover model cost time : 0m:0s:0ms
2024-11-15 09:32:19,580 - fl_main - INFO - client_dict[f_00003] training ...
2024-11-15 09:32:19,580 - client_base - INFO - client_dict[f_00003] training epoch : 0
2024-11-15 09:32:19,996 - client_base - INFO - local model train cost time : 0m:0s:415ms
2024-11-15 09:32:19,998 - client_base - INFO - model encode time : 0m:0s:1ms
2024-11-15 09:32:19,998 - fl_main - INFO - client_dict[f_00003] local model encrypting ...
2024-11-15 09:32:21,188 - fed_utils - INFO - encrypting key [conv1.weight].length : 150, cost time : 0m:1s:190ms
2024-11-15 09:32:21,237 - fed_utils - INFO - encrypting key [conv1.bias].length : 6, cost time : 0m:0s:48ms
2024-11-15 09:32:21,237 - fed_utils - INFO - load key [conv2.weight].length : 2400, cost time : 0m:0s:0ms
2024-11-15 09:32:21,237 - fed_utils - INFO - load key [conv2.bias].length : 16, cost time : 0m:0s:0ms
2024-11-15 09:32:21,238 - fed_utils - INFO - load key [fc1.weight].length : 48000, cost time : 0m:0s:0ms
2024-11-15 09:32:21,238 - fed_utils - INFO - load key [fc1.bias].length : 120, cost time : 0m:0s:0ms
2024-11-15 09:32:21,238 - fed_utils - INFO - load key [fc2.weight].length : 10080, cost time : 0m:0s:0ms
2024-11-15 09:32:21,238 - fed_utils - INFO - load key [fc2.bias].length : 84, cost time : 0m:0s:0ms
2024-11-15 09:32:27,905 - fed_utils - INFO - encrypting key [fc3.weight].length : 840, cost time : 0m:6s:666ms
2024-11-15 09:32:27,985 - fed_utils - INFO - encrypting key [fc3.bias].length : 10, cost time : 0m:0s:79ms
2024-11-15 09:32:27,985 - fl_main - INFO - Server receive client_dict[f_00003] info ...
2024-11-15 09:32:27,985 - fl_main - INFO - ----- client id [f_00004] -----
2024-11-15 09:32:27,986 - client_base - INFO - recover model cost time : 0m:0s:0ms
2024-11-15 09:32:27,986 - fl_main - INFO - client_dict[f_00004] training ...
2024-11-15 09:32:27,987 - client_base - INFO - client_dict[f_00004] training epoch : 0
2024-11-15 09:32:28,399 - client_base - INFO - local model train cost time : 0m:0s:412ms
2024-11-15 09:32:28,401 - client_base - INFO - model encode time : 0m:0s:1ms
2024-11-15 09:32:28,401 - fl_main - INFO - client_dict[f_00004] local model encrypting ...
2024-11-15 09:32:29,592 - fed_utils - INFO - encrypting key [conv1.weight].length : 150, cost time : 0m:1s:190ms
2024-11-15 09:32:29,640 - fed_utils - INFO - encrypting key [conv1.bias].length : 6, cost time : 0m:0s:47ms
2024-11-15 09:32:29,640 - fed_utils - INFO - load key [conv2.weight].length : 2400, cost time : 0m:0s:0ms
2024-11-15 09:32:29,640 - fed_utils - INFO - load key [conv2.bias].length : 16, cost time : 0m:0s:0ms
2024-11-15 09:32:29,641 - fed_utils - INFO - load key [fc1.weight].length : 48000, cost time : 0m:0s:0ms
2024-11-15 09:32:29,641 - fed_utils - INFO - load key [fc1.bias].length : 120, cost time : 0m:0s:0ms
2024-11-15 09:32:29,641 - fed_utils - INFO - load key [fc2.weight].length : 10080, cost time : 0m:0s:0ms
2024-11-15 09:32:29,642 - fed_utils - INFO - load key [fc2.bias].length : 84, cost time : 0m:0s:0ms
2024-11-15 09:32:36,483 - fed_utils - INFO - encrypting key [fc3.weight].length : 840, cost time : 0m:6s:841ms
2024-11-15 09:32:36,563 - fed_utils - INFO - encrypting key [fc3.bias].length : 10, cost time : 0m:0s:79ms
2024-11-15 09:32:36,563 - fl_main - INFO - Server receive client_dict[f_00004] info ...
2024-11-15 09:32:36,563 - fl_main - INFO - ----- client id [f_00005] -----
2024-11-15 09:32:36,564 - client_base - INFO - recover model cost time : 0m:0s:0ms
2024-11-15 09:32:37,368 - fl_main - INFO - global round [3] client_dict[f_00005].accuracy : 0.170200
2024-11-15 09:32:37,369 - fl_main - INFO - client_dict[f_00005] training ...
2024-11-15 09:32:37,369 - client_base - INFO - client_dict[f_00005] training epoch : 0
2024-11-15 09:32:37,791 - client_base - INFO - local model train cost time : 0m:0s:422ms
2024-11-15 09:32:37,793 - client_base - INFO - model encode time : 0m:0s:1ms
2024-11-15 09:32:37,793 - fl_main - INFO - client_dict[f_00005] local model encrypting ...
2024-11-15 09:32:38,985 - fed_utils - INFO - encrypting key [conv1.weight].length : 150, cost time : 0m:1s:192ms
2024-11-15 09:32:39,034 - fed_utils - INFO - encrypting key [conv1.bias].length : 6, cost time : 0m:0s:48ms
2024-11-15 09:32:39,034 - fed_utils - INFO - load key [conv2.weight].length : 2400, cost time : 0m:0s:0ms
2024-11-15 09:32:39,034 - fed_utils - INFO - load key [conv2.bias].length : 16, cost time : 0m:0s:0ms
2024-11-15 09:32:39,035 - fed_utils - INFO - load key [fc1.weight].length : 48000, cost time : 0m:0s:0ms
2024-11-15 09:32:39,036 - fed_utils - INFO - load key [fc1.bias].length : 120, cost time : 0m:0s:0ms
2024-11-15 09:32:39,036 - fed_utils - INFO - load key [fc2.weight].length : 10080, cost time : 0m:0s:0ms
2024-11-15 09:32:39,036 - fed_utils - INFO - load key [fc2.bias].length : 84, cost time : 0m:0s:0ms
2024-11-15 09:32:45,716 - fed_utils - INFO - encrypting key [fc3.weight].length : 840, cost time : 0m:6s:680ms
2024-11-15 09:32:45,796 - fed_utils - INFO - encrypting key [fc3.bias].length : 10, cost time : 0m:0s:79ms
2024-11-15 09:32:45,796 - fl_main - INFO - Server receive client_dict[f_00005] info ...
2024-11-15 09:32:45,796 - fl_main - INFO - ----- client id [f_00006] -----
2024-11-15 09:32:45,797 - client_base - INFO - recover model cost time : 0m:0s:0ms
2024-11-15 09:32:45,797 - fl_main - INFO - client_dict[f_00006] training ...
2024-11-15 09:32:45,798 - client_base - INFO - client_dict[f_00006] training epoch : 0
2024-11-15 09:32:46,211 - client_base - INFO - local model train cost time : 0m:0s:412ms
2024-11-15 09:32:46,213 - client_base - INFO - model encode time : 0m:0s:1ms
2024-11-15 09:32:46,213 - fl_main - INFO - client_dict[f_00006] local model encrypting ...
2024-11-15 09:32:47,407 - fed_utils - INFO - encrypting key [conv1.weight].length : 150, cost time : 0m:1s:194ms
2024-11-15 09:32:47,455 - fed_utils - INFO - encrypting key [conv1.bias].length : 6, cost time : 0m:0s:48ms
2024-11-15 09:32:47,455 - fed_utils - INFO - load key [conv2.weight].length : 2400, cost time : 0m:0s:0ms
2024-11-15 09:32:47,456 - fed_utils - INFO - load key [conv2.bias].length : 16, cost time : 0m:0s:0ms
2024-11-15 09:32:47,457 - fed_utils - INFO - load key [fc1.weight].length : 48000, cost time : 0m:0s:0ms
2024-11-15 09:32:47,457 - fed_utils - INFO - load key [fc1.bias].length : 120, cost time : 0m:0s:0ms
2024-11-15 09:32:47,457 - fed_utils - INFO - load key [fc2.weight].length : 10080, cost time : 0m:0s:0ms
2024-11-15 09:32:47,457 - fed_utils - INFO - load key [fc2.bias].length : 84, cost time : 0m:0s:0ms
2024-11-15 09:32:54,297 - fed_utils - INFO - encrypting key [fc3.weight].length : 840, cost time : 0m:6s:839ms
2024-11-15 09:32:54,377 - fed_utils - INFO - encrypting key [fc3.bias].length : 10, cost time : 0m:0s:79ms
2024-11-15 09:32:54,377 - fl_main - INFO - Server receive client_dict[f_00006] info ...
2024-11-15 09:32:54,377 - fl_main - INFO - ----- client id [f_00007] -----
2024-11-15 09:32:54,378 - client_base - INFO - recover model cost time : 0m:0s:0ms
2024-11-15 09:32:54,378 - fl_main - INFO - client_dict[f_00007] training ...
2024-11-15 09:32:54,379 - client_base - INFO - client_dict[f_00007] training epoch : 0
2024-11-15 09:32:54,809 - client_base - INFO - local model train cost time : 0m:0s:429ms
2024-11-15 09:32:54,810 - client_base - INFO - model encode time : 0m:0s:1ms
2024-11-15 09:32:54,810 - fl_main - INFO - client_dict[f_00007] local model encrypting ...
2024-11-15 09:32:56,003 - fed_utils - INFO - encrypting key [conv1.weight].length : 150, cost time : 0m:1s:192ms
2024-11-15 09:32:56,051 - fed_utils - INFO - encrypting key [conv1.bias].length : 6, cost time : 0m:0s:48ms
2024-11-15 09:32:56,051 - fed_utils - INFO - load key [conv2.weight].length : 2400, cost time : 0m:0s:0ms
2024-11-15 09:32:56,051 - fed_utils - INFO - load key [conv2.bias].length : 16, cost time : 0m:0s:0ms
2024-11-15 09:32:56,052 - fed_utils - INFO - load key [fc1.weight].length : 48000, cost time : 0m:0s:0ms
2024-11-15 09:32:56,052 - fed_utils - INFO - load key [fc1.bias].length : 120, cost time : 0m:0s:0ms
2024-11-15 09:32:56,053 - fed_utils - INFO - load key [fc2.weight].length : 10080, cost time : 0m:0s:0ms
2024-11-15 09:32:56,053 - fed_utils - INFO - load key [fc2.bias].length : 84, cost time : 0m:0s:0ms
2024-11-15 09:33:02,853 - fed_utils - INFO - encrypting key [fc3.weight].length : 840, cost time : 0m:6s:800ms
2024-11-15 09:33:02,936 - fed_utils - INFO - encrypting key [fc3.bias].length : 10, cost time : 0m:0s:83ms
2024-11-15 09:33:02,937 - fl_main - INFO - Server receive client_dict[f_00007] info ...
2024-11-15 09:33:02,937 - fl_main - INFO - ----- client id [f_00008] -----
2024-11-15 09:33:02,938 - client_base - INFO - recover model cost time : 0m:0s:0ms
2024-11-15 09:33:02,938 - fl_main - INFO - client_dict[f_00008] training ...
2024-11-15 09:33:02,939 - client_base - INFO - client_dict[f_00008] training epoch : 0
2024-11-15 09:33:03,363 - client_base - INFO - local model train cost time : 0m:0s:424ms
2024-11-15 09:33:03,364 - client_base - INFO - model encode time : 0m:0s:1ms
2024-11-15 09:33:03,365 - fl_main - INFO - client_dict[f_00008] local model encrypting ...
2024-11-15 09:33:04,556 - fed_utils - INFO - encrypting key [conv1.weight].length : 150, cost time : 0m:1s:191ms
2024-11-15 09:33:04,604 - fed_utils - INFO - encrypting key [conv1.bias].length : 6, cost time : 0m:0s:48ms
2024-11-15 09:33:04,604 - fed_utils - INFO - load key [conv2.weight].length : 2400, cost time : 0m:0s:0ms
2024-11-15 09:33:04,604 - fed_utils - INFO - load key [conv2.bias].length : 16, cost time : 0m:0s:0ms
2024-11-15 09:33:04,605 - fed_utils - INFO - load key [fc1.weight].length : 48000, cost time : 0m:0s:0ms
2024-11-15 09:33:04,605 - fed_utils - INFO - load key [fc1.bias].length : 120, cost time : 0m:0s:0ms
2024-11-15 09:33:04,605 - fed_utils - INFO - load key [fc2.weight].length : 10080, cost time : 0m:0s:0ms
2024-11-15 09:33:04,605 - fed_utils - INFO - load key [fc2.bias].length : 84, cost time : 0m:0s:0ms
2024-11-15 09:33:11,275 - fed_utils - INFO - encrypting key [fc3.weight].length : 840, cost time : 0m:6s:669ms
2024-11-15 09:33:11,354 - fed_utils - INFO - encrypting key [fc3.bias].length : 10, cost time : 0m:0s:79ms
2024-11-15 09:33:11,354 - fl_main - INFO - Server receive client_dict[f_00008] info ...
2024-11-15 09:33:11,354 - fl_main - INFO - ----- client id [f_00009] -----
2024-11-15 09:33:11,356 - client_base - INFO - recover model cost time : 0m:0s:0ms
2024-11-15 09:33:11,356 - fl_main - INFO - client_dict[f_00009] training ...
2024-11-15 09:33:11,356 - client_base - INFO - client_dict[f_00009] training epoch : 0
2024-11-15 09:33:11,781 - client_base - INFO - local model train cost time : 0m:0s:425ms
2024-11-15 09:33:11,783 - client_base - INFO - model encode time : 0m:0s:1ms
2024-11-15 09:33:11,783 - fl_main - INFO - client_dict[f_00009] local model encrypting ...
2024-11-15 09:33:12,978 - fed_utils - INFO - encrypting key [conv1.weight].length : 150, cost time : 0m:1s:194ms
2024-11-15 09:33:13,026 - fed_utils - INFO - encrypting key [conv1.bias].length : 6, cost time : 0m:0s:47ms
2024-11-15 09:33:13,026 - fed_utils - INFO - load key [conv2.weight].length : 2400, cost time : 0m:0s:0ms
2024-11-15 09:33:13,026 - fed_utils - INFO - load key [conv2.bias].length : 16, cost time : 0m:0s:0ms
2024-11-15 09:33:13,027 - fed_utils - INFO - load key [fc1.weight].length : 48000, cost time : 0m:0s:1ms
2024-11-15 09:33:13,027 - fed_utils - INFO - load key [fc1.bias].length : 120, cost time : 0m:0s:0ms
2024-11-15 09:33:13,028 - fed_utils - INFO - load key [fc2.weight].length : 10080, cost time : 0m:0s:0ms
2024-11-15 09:33:13,028 - fed_utils - INFO - load key [fc2.bias].length : 84, cost time : 0m:0s:0ms
2024-11-15 09:33:19,916 - fed_utils - INFO - encrypting key [fc3.weight].length : 840, cost time : 0m:6s:887ms
2024-11-15 09:33:19,995 - fed_utils - INFO - encrypting key [fc3.bias].length : 10, cost time : 0m:0s:79ms
2024-11-15 09:33:19,995 - fl_main - INFO - Server receive client_dict[f_00009] info ...
2024-11-15 09:33:19,995 - fl_main - INFO - ----- client id [f_00010] -----
2024-11-15 09:33:19,997 - client_base - INFO - recover model cost time : 0m:0s:0ms
2024-11-15 09:33:19,997 - fl_main - INFO - client_dict[f_00010] training ...
2024-11-15 09:33:19,997 - client_base - INFO - client_dict[f_00010] training epoch : 0
2024-11-15 09:33:20,417 - client_base - INFO - local model train cost time : 0m:0s:419ms
2024-11-15 09:33:20,418 - client_base - INFO - model encode time : 0m:0s:1ms
2024-11-15 09:33:20,418 - fl_main - INFO - client_dict[f_00010] local model encrypting ...
2024-11-15 09:33:21,612 - fed_utils - INFO - encrypting key [conv1.weight].length : 150, cost time : 0m:1s:193ms
2024-11-15 09:33:21,660 - fed_utils - INFO - encrypting key [conv1.bias].length : 6, cost time : 0m:0s:48ms
2024-11-15 09:33:21,660 - fed_utils - INFO - load key [conv2.weight].length : 2400, cost time : 0m:0s:0ms
2024-11-15 09:33:21,660 - fed_utils - INFO - load key [conv2.bias].length : 16, cost time : 0m:0s:0ms
2024-11-15 09:33:21,662 - fed_utils - INFO - load key [fc1.weight].length : 48000, cost time : 0m:0s:1ms
2024-11-15 09:33:21,662 - fed_utils - INFO - load key [fc1.bias].length : 120, cost time : 0m:0s:0ms
2024-11-15 09:33:21,662 - fed_utils - INFO - load key [fc2.weight].length : 10080, cost time : 0m:0s:0ms
2024-11-15 09:33:21,662 - fed_utils - INFO - load key [fc2.bias].length : 84, cost time : 0m:0s:0ms
2024-11-15 09:33:28,343 - fed_utils - INFO - encrypting key [fc3.weight].length : 840, cost time : 0m:6s:680ms
2024-11-15 09:33:28,423 - fed_utils - INFO - encrypting key [fc3.bias].length : 10, cost time : 0m:0s:79ms
2024-11-15 09:33:28,423 - fl_main - INFO - Server receive client_dict[f_00010] info ...
2024-11-15 09:33:28,423 - fl_main - INFO - ----- client id [f_00011] -----
2024-11-15 09:33:28,424 - client_base - INFO - recover model cost time : 0m:0s:0ms
2024-11-15 09:33:28,424 - fl_main - INFO - client_dict[f_00011] training ...
2024-11-15 09:33:28,425 - client_base - INFO - client_dict[f_00011] training epoch : 0
2024-11-15 09:33:28,855 - client_base - INFO - local model train cost time : 0m:0s:430ms
2024-11-15 09:33:28,857 - client_base - INFO - model encode time : 0m:0s:1ms
2024-11-15 09:33:28,857 - fl_main - INFO - client_dict[f_00011] local model encrypting ...
2024-11-15 09:33:30,048 - fed_utils - INFO - encrypting key [conv1.weight].length : 150, cost time : 0m:1s:190ms
2024-11-15 09:33:30,096 - fed_utils - INFO - encrypting key [conv1.bias].length : 6, cost time : 0m:0s:48ms
2024-11-15 09:33:30,096 - fed_utils - INFO - load key [conv2.weight].length : 2400, cost time : 0m:0s:0ms
2024-11-15 09:33:30,096 - fed_utils - INFO - load key [conv2.bias].length : 16, cost time : 0m:0s:0ms
2024-11-15 09:33:30,097 - fed_utils - INFO - load key [fc1.weight].length : 48000, cost time : 0m:0s:1ms
2024-11-15 09:33:30,098 - fed_utils - INFO - load key [fc1.bias].length : 120, cost time : 0m:0s:0ms
2024-11-15 09:33:30,098 - fed_utils - INFO - load key [fc2.weight].length : 10080, cost time : 0m:0s:0ms
2024-11-15 09:33:30,098 - fed_utils - INFO - load key [fc2.bias].length : 84, cost time : 0m:0s:0ms
2024-11-15 09:33:36,905 - fed_utils - INFO - encrypting key [fc3.weight].length : 840, cost time : 0m:6s:807ms
2024-11-15 09:33:36,985 - fed_utils - INFO - encrypting key [fc3.bias].length : 10, cost time : 0m:0s:79ms
2024-11-15 09:33:36,985 - fl_main - INFO - Server receive client_dict[f_00011] info ...
2024-11-15 09:33:36,985 - fl_main - INFO - ----- client id [f_00012] -----
2024-11-15 09:33:36,986 - client_base - INFO - recover model cost time : 0m:0s:0ms
2024-11-15 09:33:36,986 - fl_main - INFO - client_dict[f_00012] training ...
2024-11-15 09:33:36,987 - client_base - INFO - client_dict[f_00012] training epoch : 0
2024-11-15 09:33:37,403 - client_base - INFO - local model train cost time : 0m:0s:415ms
2024-11-15 09:33:37,404 - client_base - INFO - model encode time : 0m:0s:1ms
2024-11-15 09:33:37,404 - fl_main - INFO - client_dict[f_00012] local model encrypting ...
2024-11-15 09:33:38,600 - fed_utils - INFO - encrypting key [conv1.weight].length : 150, cost time : 0m:1s:195ms
2024-11-15 09:33:38,648 - fed_utils - INFO - encrypting key [conv1.bias].length : 6, cost time : 0m:0s:48ms
2024-11-15 09:33:38,648 - fed_utils - INFO - load key [conv2.weight].length : 2400, cost time : 0m:0s:0ms
2024-11-15 09:33:38,648 - fed_utils - INFO - load key [conv2.bias].length : 16, cost time : 0m:0s:0ms
2024-11-15 09:33:38,650 - fed_utils - INFO - load key [fc1.weight].length : 48000, cost time : 0m:0s:1ms
2024-11-15 09:33:38,650 - fed_utils - INFO - load key [fc1.bias].length : 120, cost time : 0m:0s:0ms
2024-11-15 09:33:38,650 - fed_utils - INFO - load key [fc2.weight].length : 10080, cost time : 0m:0s:0ms
2024-11-15 09:33:38,650 - fed_utils - INFO - load key [fc2.bias].length : 84, cost time : 0m:0s:0ms
2024-11-15 09:33:45,318 - fed_utils - INFO - encrypting key [fc3.weight].length : 840, cost time : 0m:6s:668ms
2024-11-15 09:33:45,398 - fed_utils - INFO - encrypting key [fc3.bias].length : 10, cost time : 0m:0s:79ms
2024-11-15 09:33:45,398 - fl_main - INFO - Server receive client_dict[f_00012] info ...
2024-11-15 09:33:45,399 - fl_main - INFO - ----- client id [f_00013] -----
2024-11-15 09:33:45,400 - client_base - INFO - recover model cost time : 0m:0s:0ms
2024-11-15 09:33:45,400 - fl_main - INFO - client_dict[f_00013] training ...
2024-11-15 09:33:45,400 - client_base - INFO - client_dict[f_00013] training epoch : 0
2024-11-15 09:33:45,880 - client_base - INFO - local model train cost time : 0m:0s:479ms
2024-11-15 09:33:45,881 - client_base - INFO - model encode time : 0m:0s:1ms
2024-11-15 09:33:45,882 - fl_main - INFO - client_dict[f_00013] local model encrypting ...
2024-11-15 09:33:47,074 - fed_utils - INFO - encrypting key [conv1.weight].length : 150, cost time : 0m:1s:192ms
2024-11-15 09:33:47,122 - fed_utils - INFO - encrypting key [conv1.bias].length : 6, cost time : 0m:0s:48ms
2024-11-15 09:33:47,123 - fed_utils - INFO - load key [conv2.weight].length : 2400, cost time : 0m:0s:0ms
2024-11-15 09:33:47,123 - fed_utils - INFO - load key [conv2.bias].length : 16, cost time : 0m:0s:0ms
2024-11-15 09:33:47,124 - fed_utils - INFO - load key [fc1.weight].length : 48000, cost time : 0m:0s:1ms
2024-11-15 09:33:47,124 - fed_utils - INFO - load key [fc1.bias].length : 120, cost time : 0m:0s:0ms
2024-11-15 09:33:47,124 - fed_utils - INFO - load key [fc2.weight].length : 10080, cost time : 0m:0s:0ms
2024-11-15 09:33:47,124 - fed_utils - INFO - load key [fc2.bias].length : 84, cost time : 0m:0s:0ms
2024-11-15 09:33:53,973 - fed_utils - INFO - encrypting key [fc3.weight].length : 840, cost time : 0m:6s:848ms
2024-11-15 09:33:54,053 - fed_utils - INFO - encrypting key [fc3.bias].length : 10, cost time : 0m:0s:79ms
2024-11-15 09:33:54,053 - fl_main - INFO - Server receive client_dict[f_00013] info ...
2024-11-15 09:33:54,053 - fl_main - INFO - ----- client id [f_00014] -----
2024-11-15 09:33:54,054 - client_base - INFO - recover model cost time : 0m:0s:0ms
2024-11-15 09:33:54,054 - fl_main - INFO - client_dict[f_00014] training ...
2024-11-15 09:33:54,055 - client_base - INFO - client_dict[f_00014] training epoch : 0
2024-11-15 09:33:54,476 - client_base - INFO - local model train cost time : 0m:0s:421ms
2024-11-15 09:33:54,477 - client_base - INFO - model encode time : 0m:0s:1ms
2024-11-15 09:33:54,478 - fl_main - INFO - client_dict[f_00014] local model encrypting ...
2024-11-15 09:33:55,669 - fed_utils - INFO - encrypting key [conv1.weight].length : 150, cost time : 0m:1s:191ms
2024-11-15 09:33:55,717 - fed_utils - INFO - encrypting key [conv1.bias].length : 6, cost time : 0m:0s:48ms
2024-11-15 09:33:55,717 - fed_utils - INFO - load key [conv2.weight].length : 2400, cost time : 0m:0s:0ms
2024-11-15 09:33:55,717 - fed_utils - INFO - load key [conv2.bias].length : 16, cost time : 0m:0s:0ms
2024-11-15 09:33:55,719 - fed_utils - INFO - load key [fc1.weight].length : 48000, cost time : 0m:0s:1ms
2024-11-15 09:33:55,719 - fed_utils - INFO - load key [fc1.bias].length : 120, cost time : 0m:0s:0ms
2024-11-15 09:33:55,719 - fed_utils - INFO - load key [fc2.weight].length : 10080, cost time : 0m:0s:0ms
2024-11-15 09:33:55,719 - fed_utils - INFO - load key [fc2.bias].length : 84, cost time : 0m:0s:0ms
2024-11-15 09:34:02,390 - fed_utils - INFO - encrypting key [fc3.weight].length : 840, cost time : 0m:6s:670ms
2024-11-15 09:34:02,469 - fed_utils - INFO - encrypting key [fc3.bias].length : 10, cost time : 0m:0s:79ms
2024-11-15 09:34:02,469 - fl_main - INFO - Server receive client_dict[f_00014] info ...
2024-11-15 09:34:02,470 - fl_main - INFO - global aggregation process ...
2024-11-15 09:34:02,470 - fed_utils - INFO - server.n_data : 60000
2024-11-15 09:34:02,470 - fed_utils - INFO - client_dict[f_00000].weight : 0.066667
2024-11-15 09:34:02,470 - fed_utils - INFO - client_dict[f_00001].weight : 0.066667
2024-11-15 09:34:02,470 - fed_utils - INFO - client_dict[f_00002].weight : 0.066667
2024-11-15 09:34:02,470 - fed_utils - INFO - client_dict[f_00003].weight : 0.066667
2024-11-15 09:34:02,470 - fed_utils - INFO - client_dict[f_00004].weight : 0.066667
2024-11-15 09:34:02,470 - fed_utils - INFO - client_dict[f_00005].weight : 0.066667
2024-11-15 09:34:02,470 - fed_utils - INFO - client_dict[f_00006].weight : 0.066667
2024-11-15 09:34:02,470 - fed_utils - INFO - client_dict[f_00007].weight : 0.066667
2024-11-15 09:34:02,470 - fed_utils - INFO - client_dict[f_00008].weight : 0.066667
2024-11-15 09:34:02,470 - fed_utils - INFO - client_dict[f_00009].weight : 0.066667
2024-11-15 09:34:02,470 - fed_utils - INFO - client_dict[f_00010].weight : 0.066667
2024-11-15 09:34:02,470 - fed_utils - INFO - client_dict[f_00011].weight : 0.066667
2024-11-15 09:34:02,470 - fed_utils - INFO - client_dict[f_00012].weight : 0.066667
2024-11-15 09:34:02,470 - fed_utils - INFO - client_dict[f_00013].weight : 0.066667
2024-11-15 09:34:02,470 - fed_utils - INFO - client_dict[f_00014].weight : 0.066667
2024-11-15 09:34:02,470 - fed_utils - INFO - recover secret number by clients: 1052426.333333
2024-11-15 09:34:02,470 - server_base - INFO - Server aggregate model with homomorphic encryption ...
2024-11-15 09:34:07,466 - server_base - INFO - Server aggregate model done, cost time : 0m:4s:995ms
2024-11-15 09:34:07,809 - fed_utils - INFO - decrypting key [conv1.weight].shape [torch.Size([6, 1, 5, 5])]
2024-11-15 09:34:07,823 - fed_utils - INFO - decrypting key [conv1.bias].shape [torch.Size([6])]
2024-11-15 09:34:07,823 - fed_utils - INFO - decrypting key [conv2.weight].shape [torch.Size([16, 6, 5, 5])]
2024-11-15 09:34:07,823 - fed_utils - INFO - decrypting key [conv2.bias].shape [torch.Size([16])]
2024-11-15 09:34:07,823 - fed_utils - INFO - decrypting key [fc1.weight].shape [torch.Size([120, 400])]
2024-11-15 09:34:07,823 - fed_utils - INFO - decrypting key [fc1.bias].shape [torch.Size([120])]
2024-11-15 09:34:07,823 - fed_utils - INFO - decrypting key [fc2.weight].shape [torch.Size([84, 120])]
2024-11-15 09:34:07,823 - fed_utils - INFO - decrypting key [fc2.bias].shape [torch.Size([84])]
2024-11-15 09:34:09,741 - fed_utils - INFO - decrypting key [fc3.weight].shape [torch.Size([10, 84])]
2024-11-15 09:34:09,764 - fed_utils - INFO - decrypting key [fc3.bias].shape [torch.Size([10])]
2024-11-15 09:34:09,764 - fed_utils - INFO - decrypt time : [0m:2s:298ms]
2024-11-15 09:34:09,772 - fl_main - INFO - [global round : 3] aggregated model accuracy : 0.17020000000000002
2024-11-15 09:34:09,772 - fl_main - INFO - [global round : 3] aggregated model loss : 2.224773278346339
2024-11-15 09:34:09,773 - fl_main - INFO - global round : 4
2024-11-15 09:34:09,773 - fl_main - INFO - the random client id to test accuracy : f_00004
2024-11-15 09:34:09,773 - fl_main - INFO - ----- client id [f_00000] -----
2024-11-15 09:34:09,774 - client_base - INFO - recover model cost time : 0m:0s:0ms
2024-11-15 09:34:09,774 - fl_main - INFO - client_dict[f_00000] training ...
2024-11-15 09:34:09,775 - client_base - INFO - client_dict[f_00000] training epoch : 0
2024-11-15 09:34:10,193 - client_base - INFO - local model train cost time : 0m:0s:418ms
2024-11-15 09:34:10,195 - client_base - INFO - model encode time : 0m:0s:1ms
2024-11-15 09:34:10,195 - fl_main - INFO - client_dict[f_00000] local model encrypting ...
2024-11-15 09:34:11,387 - fed_utils - INFO - encrypting key [conv1.weight].length : 150, cost time : 0m:1s:191ms
2024-11-15 09:34:11,435 - fed_utils - INFO - encrypting key [conv1.bias].length : 6, cost time : 0m:0s:48ms
2024-11-15 09:34:11,435 - fed_utils - INFO - load key [conv2.weight].length : 2400, cost time : 0m:0s:0ms
2024-11-15 09:34:11,435 - fed_utils - INFO - load key [conv2.bias].length : 16, cost time : 0m:0s:0ms
2024-11-15 09:34:11,436 - fed_utils - INFO - load key [fc1.weight].length : 48000, cost time : 0m:0s:0ms
2024-11-15 09:34:11,436 - fed_utils - INFO - load key [fc1.bias].length : 120, cost time : 0m:0s:0ms
2024-11-15 09:34:11,436 - fed_utils - INFO - load key [fc2.weight].length : 10080, cost time : 0m:0s:0ms
2024-11-15 09:34:11,437 - fed_utils - INFO - load key [fc2.bias].length : 84, cost time : 0m:0s:0ms
2024-11-15 09:34:18,238 - fed_utils - INFO - encrypting key [fc3.weight].length : 840, cost time : 0m:6s:801ms
2024-11-15 09:34:18,318 - fed_utils - INFO - encrypting key [fc3.bias].length : 10, cost time : 0m:0s:79ms
2024-11-15 09:34:18,319 - fl_main - INFO - Server receive client_dict[f_00000] info ...
2024-11-15 09:34:18,320 - fl_main - INFO - ----- client id [f_00001] -----
2024-11-15 09:34:18,321 - client_base - INFO - recover model cost time : 0m:0s:0ms
2024-11-15 09:34:18,321 - fl_main - INFO - client_dict[f_00001] training ...
2024-11-15 09:34:18,322 - client_base - INFO - client_dict[f_00001] training epoch : 0
2024-11-15 09:34:18,741 - client_base - INFO - local model train cost time : 0m:0s:419ms
2024-11-15 09:34:18,743 - client_base - INFO - model encode time : 0m:0s:1ms
2024-11-15 09:34:18,743 - fl_main - INFO - client_dict[f_00001] local model encrypting ...
2024-11-15 09:34:19,935 - fed_utils - INFO - encrypting key [conv1.weight].length : 150, cost time : 0m:1s:192ms
2024-11-15 09:34:19,983 - fed_utils - INFO - encrypting key [conv1.bias].length : 6, cost time : 0m:0s:48ms
2024-11-15 09:34:19,983 - fed_utils - INFO - load key [conv2.weight].length : 2400, cost time : 0m:0s:0ms
2024-11-15 09:34:19,983 - fed_utils - INFO - load key [conv2.bias].length : 16, cost time : 0m:0s:0ms
2024-11-15 09:34:19,984 - fed_utils - INFO - load key [fc1.weight].length : 48000, cost time : 0m:0s:0ms
2024-11-15 09:34:19,985 - fed_utils - INFO - load key [fc1.bias].length : 120, cost time : 0m:0s:0ms
2024-11-15 09:34:19,985 - fed_utils - INFO - load key [fc2.weight].length : 10080, cost time : 0m:0s:0ms
2024-11-15 09:34:19,985 - fed_utils - INFO - load key [fc2.bias].length : 84, cost time : 0m:0s:0ms
2024-11-15 09:34:26,654 - fed_utils - INFO - encrypting key [fc3.weight].length : 840, cost time : 0m:6s:669ms
2024-11-15 09:34:26,734 - fed_utils - INFO - encrypting key [fc3.bias].length : 10, cost time : 0m:0s:79ms
2024-11-15 09:34:26,734 - fl_main - INFO - Server receive client_dict[f_00001] info ...
2024-11-15 09:34:26,734 - fl_main - INFO - ----- client id [f_00002] -----
2024-11-15 09:34:26,736 - client_base - INFO - recover model cost time : 0m:0s:0ms
2024-11-15 09:34:26,736 - fl_main - INFO - client_dict[f_00002] training ...
2024-11-15 09:34:26,736 - client_base - INFO - client_dict[f_00002] training epoch : 0
2024-11-15 09:34:27,161 - client_base - INFO - local model train cost time : 0m:0s:424ms
2024-11-15 09:34:27,162 - client_base - INFO - model encode time : 0m:0s:1ms
2024-11-15 09:34:27,162 - fl_main - INFO - client_dict[f_00002] local model encrypting ...
2024-11-15 09:34:28,353 - fed_utils - INFO - encrypting key [conv1.weight].length : 150, cost time : 0m:1s:190ms
2024-11-15 09:34:28,402 - fed_utils - INFO - encrypting key [conv1.bias].length : 6, cost time : 0m:0s:48ms
2024-11-15 09:34:28,402 - fed_utils - INFO - load key [conv2.weight].length : 2400, cost time : 0m:0s:0ms
2024-11-15 09:34:28,402 - fed_utils - INFO - load key [conv2.bias].length : 16, cost time : 0m:0s:0ms
2024-11-15 09:34:28,403 - fed_utils - INFO - load key [fc1.weight].length : 48000, cost time : 0m:0s:0ms
2024-11-15 09:34:28,403 - fed_utils - INFO - load key [fc1.bias].length : 120, cost time : 0m:0s:0ms
2024-11-15 09:34:28,403 - fed_utils - INFO - load key [fc2.weight].length : 10080, cost time : 0m:0s:0ms
2024-11-15 09:34:28,403 - fed_utils - INFO - load key [fc2.bias].length : 84, cost time : 0m:0s:0ms
2024-11-15 09:34:35,230 - fed_utils - INFO - encrypting key [fc3.weight].length : 840, cost time : 0m:6s:826ms
2024-11-15 09:34:35,310 - fed_utils - INFO - encrypting key [fc3.bias].length : 10, cost time : 0m:0s:79ms
2024-11-15 09:34:35,310 - fl_main - INFO - Server receive client_dict[f_00002] info ...
2024-11-15 09:34:35,310 - fl_main - INFO - ----- client id [f_00003] -----
2024-11-15 09:34:35,311 - client_base - INFO - recover model cost time : 0m:0s:0ms
2024-11-15 09:34:35,311 - fl_main - INFO - client_dict[f_00003] training ...
2024-11-15 09:34:35,312 - client_base - INFO - client_dict[f_00003] training epoch : 0
2024-11-15 09:34:35,738 - client_base - INFO - local model train cost time : 0m:0s:425ms
2024-11-15 09:34:35,739 - client_base - INFO - model encode time : 0m:0s:1ms
2024-11-15 09:34:35,739 - fl_main - INFO - client_dict[f_00003] local model encrypting ...
2024-11-15 09:34:36,938 - fed_utils - INFO - encrypting key [conv1.weight].length : 150, cost time : 0m:1s:198ms
2024-11-15 09:34:36,991 - fed_utils - INFO - encrypting key [conv1.bias].length : 6, cost time : 0m:0s:53ms
2024-11-15 09:34:36,992 - fed_utils - INFO - load key [conv2.weight].length : 2400, cost time : 0m:0s:0ms
2024-11-15 09:34:36,992 - fed_utils - INFO - load key [conv2.bias].length : 16, cost time : 0m:0s:0ms
2024-11-15 09:34:36,993 - fed_utils - INFO - load key [fc1.weight].length : 48000, cost time : 0m:0s:0ms
2024-11-15 09:34:36,993 - fed_utils - INFO - load key [fc1.bias].length : 120, cost time : 0m:0s:0ms
2024-11-15 09:34:36,993 - fed_utils - INFO - load key [fc2.weight].length : 10080, cost time : 0m:0s:0ms
2024-11-15 09:34:36,993 - fed_utils - INFO - load key [fc2.bias].length : 84, cost time : 0m:0s:0ms
2024-11-15 09:34:43,791 - fed_utils - INFO - encrypting key [fc3.weight].length : 840, cost time : 0m:6s:797ms
2024-11-15 09:34:43,870 - fed_utils - INFO - encrypting key [fc3.bias].length : 10, cost time : 0m:0s:79ms
2024-11-15 09:34:43,870 - fl_main - INFO - Server receive client_dict[f_00003] info ...
2024-11-15 09:34:43,871 - fl_main - INFO - ----- client id [f_00004] -----
2024-11-15 09:34:43,872 - client_base - INFO - recover model cost time : 0m:0s:0ms
2024-11-15 09:34:44,677 - fl_main - INFO - global round [4] client_dict[f_00004].accuracy : 0.343900
2024-11-15 09:34:44,677 - fl_main - INFO - client_dict[f_00004] training ...
2024-11-15 09:34:44,677 - client_base - INFO - client_dict[f_00004] training epoch : 0
2024-11-15 09:34:45,104 - client_base - INFO - local model train cost time : 0m:0s:427ms
2024-11-15 09:34:45,106 - client_base - INFO - model encode time : 0m:0s:1ms
2024-11-15 09:34:45,106 - fl_main - INFO - client_dict[f_00004] local model encrypting ...
2024-11-15 09:34:46,298 - fed_utils - INFO - encrypting key [conv1.weight].length : 150, cost time : 0m:1s:192ms
2024-11-15 09:34:46,347 - fed_utils - INFO - encrypting key [conv1.bias].length : 6, cost time : 0m:0s:48ms
2024-11-15 09:34:46,347 - fed_utils - INFO - load key [conv2.weight].length : 2400, cost time : 0m:0s:0ms
2024-11-15 09:34:46,347 - fed_utils - INFO - load key [conv2.bias].length : 16, cost time : 0m:0s:0ms
2024-11-15 09:34:46,348 - fed_utils - INFO - load key [fc1.weight].length : 48000, cost time : 0m:0s:0ms
2024-11-15 09:34:46,348 - fed_utils - INFO - load key [fc1.bias].length : 120, cost time : 0m:0s:0ms
2024-11-15 09:34:46,348 - fed_utils - INFO - load key [fc2.weight].length : 10080, cost time : 0m:0s:0ms
2024-11-15 09:34:46,348 - fed_utils - INFO - load key [fc2.bias].length : 84, cost time : 0m:0s:0ms
2024-11-15 09:34:53,191 - fed_utils - INFO - encrypting key [fc3.weight].length : 840, cost time : 0m:6s:843ms
2024-11-15 09:34:53,271 - fed_utils - INFO - encrypting key [fc3.bias].length : 10, cost time : 0m:0s:79ms
2024-11-15 09:34:53,271 - fl_main - INFO - Server receive client_dict[f_00004] info ...
2024-11-15 09:34:53,271 - fl_main - INFO - ----- client id [f_00005] -----
2024-11-15 09:34:53,273 - client_base - INFO - recover model cost time : 0m:0s:0ms
2024-11-15 09:34:53,273 - fl_main - INFO - client_dict[f_00005] training ...
2024-11-15 09:34:53,273 - client_base - INFO - client_dict[f_00005] training epoch : 0
2024-11-15 09:34:53,696 - client_base - INFO - local model train cost time : 0m:0s:422ms
2024-11-15 09:34:53,697 - client_base - INFO - model encode time : 0m:0s:1ms
2024-11-15 09:34:53,698 - fl_main - INFO - client_dict[f_00005] local model encrypting ...
2024-11-15 09:34:54,891 - fed_utils - INFO - encrypting key [conv1.weight].length : 150, cost time : 0m:1s:193ms
2024-11-15 09:34:54,939 - fed_utils - INFO - encrypting key [conv1.bias].length : 6, cost time : 0m:0s:48ms
2024-11-15 09:34:54,939 - fed_utils - INFO - load key [conv2.weight].length : 2400, cost time : 0m:0s:0ms
2024-11-15 09:34:54,939 - fed_utils - INFO - load key [conv2.bias].length : 16, cost time : 0m:0s:0ms
2024-11-15 09:34:54,940 - fed_utils - INFO - load key [fc1.weight].length : 48000, cost time : 0m:0s:0ms
2024-11-15 09:34:54,940 - fed_utils - INFO - load key [fc1.bias].length : 120, cost time : 0m:0s:0ms
2024-11-15 09:34:54,941 - fed_utils - INFO - load key [fc2.weight].length : 10080, cost time : 0m:0s:0ms
2024-11-15 09:34:54,941 - fed_utils - INFO - load key [fc2.bias].length : 84, cost time : 0m:0s:0ms
2024-11-15 09:35:01,611 - fed_utils - INFO - encrypting key [fc3.weight].length : 840, cost time : 0m:6s:670ms
2024-11-15 09:35:01,692 - fed_utils - INFO - encrypting key [fc3.bias].length : 10, cost time : 0m:0s:80ms
2024-11-15 09:35:01,692 - fl_main - INFO - Server receive client_dict[f_00005] info ...
2024-11-15 09:35:01,692 - fl_main - INFO - ----- client id [f_00006] -----
2024-11-15 09:35:01,693 - client_base - INFO - recover model cost time : 0m:0s:0ms
2024-11-15 09:35:01,693 - fl_main - INFO - client_dict[f_00006] training ...
2024-11-15 09:35:01,694 - client_base - INFO - client_dict[f_00006] training epoch : 0
2024-11-15 09:35:02,119 - client_base - INFO - local model train cost time : 0m:0s:425ms
2024-11-15 09:35:02,121 - client_base - INFO - model encode time : 0m:0s:1ms
2024-11-15 09:35:02,121 - fl_main - INFO - client_dict[f_00006] local model encrypting ...
2024-11-15 09:35:03,485 - fed_utils - INFO - encrypting key [conv1.weight].length : 150, cost time : 0m:1s:363ms
2024-11-15 09:35:03,533 - fed_utils - INFO - encrypting key [conv1.bias].length : 6, cost time : 0m:0s:48ms
2024-11-15 09:35:03,533 - fed_utils - INFO - load key [conv2.weight].length : 2400, cost time : 0m:0s:0ms
2024-11-15 09:35:03,533 - fed_utils - INFO - load key [conv2.bias].length : 16, cost time : 0m:0s:0ms
2024-11-15 09:35:03,534 - fed_utils - INFO - load key [fc1.weight].length : 48000, cost time : 0m:0s:0ms
2024-11-15 09:35:03,534 - fed_utils - INFO - load key [fc1.bias].length : 120, cost time : 0m:0s:0ms
2024-11-15 09:35:03,535 - fed_utils - INFO - load key [fc2.weight].length : 10080, cost time : 0m:0s:0ms
2024-11-15 09:35:03,535 - fed_utils - INFO - load key [fc2.bias].length : 84, cost time : 0m:0s:0ms
2024-11-15 09:35:10,215 - fed_utils - INFO - encrypting key [fc3.weight].length : 840, cost time : 0m:6s:679ms
2024-11-15 09:35:10,295 - fed_utils - INFO - encrypting key [fc3.bias].length : 10, cost time : 0m:0s:79ms
2024-11-15 09:35:10,295 - fl_main - INFO - Server receive client_dict[f_00006] info ...
2024-11-15 09:35:10,295 - fl_main - INFO - ----- client id [f_00007] -----
2024-11-15 09:35:10,296 - client_base - INFO - recover model cost time : 0m:0s:0ms
2024-11-15 09:35:10,296 - fl_main - INFO - client_dict[f_00007] training ...
2024-11-15 09:35:10,297 - client_base - INFO - client_dict[f_00007] training epoch : 0
2024-11-15 09:35:10,709 - client_base - INFO - local model train cost time : 0m:0s:411ms
2024-11-15 09:35:10,710 - client_base - INFO - model encode time : 0m:0s:1ms
2024-11-15 09:35:10,711 - fl_main - INFO - client_dict[f_00007] local model encrypting ...
2024-11-15 09:35:11,901 - fed_utils - INFO - encrypting key [conv1.weight].length : 150, cost time : 0m:1s:190ms
2024-11-15 09:35:11,949 - fed_utils - INFO - encrypting key [conv1.bias].length : 6, cost time : 0m:0s:48ms
2024-11-15 09:35:11,949 - fed_utils - INFO - load key [conv2.weight].length : 2400, cost time : 0m:0s:0ms
2024-11-15 09:35:11,949 - fed_utils - INFO - load key [conv2.bias].length : 16, cost time : 0m:0s:0ms
2024-11-15 09:35:11,950 - fed_utils - INFO - load key [fc1.weight].length : 48000, cost time : 0m:0s:0ms
2024-11-15 09:35:11,950 - fed_utils - INFO - load key [fc1.bias].length : 120, cost time : 0m:0s:0ms
2024-11-15 09:35:11,951 - fed_utils - INFO - load key [fc2.weight].length : 10080, cost time : 0m:0s:0ms
2024-11-15 09:35:11,951 - fed_utils - INFO - load key [fc2.bias].length : 84, cost time : 0m:0s:0ms
2024-11-15 09:35:18,760 - fed_utils - INFO - encrypting key [fc3.weight].length : 840, cost time : 0m:6s:809ms
2024-11-15 09:35:18,840 - fed_utils - INFO - encrypting key [fc3.bias].length : 10, cost time : 0m:0s:79ms
2024-11-15 09:35:18,840 - fl_main - INFO - Server receive client_dict[f_00007] info ...
2024-11-15 09:35:18,840 - fl_main - INFO - ----- client id [f_00008] -----
2024-11-15 09:35:18,841 - client_base - INFO - recover model cost time : 0m:0s:0ms
2024-11-15 09:35:18,841 - fl_main - INFO - client_dict[f_00008] training ...
2024-11-15 09:35:18,842 - client_base - INFO - client_dict[f_00008] training epoch : 0
2024-11-15 09:35:19,267 - client_base - INFO - local model train cost time : 0m:0s:424ms
2024-11-15 09:35:19,268 - client_base - INFO - model encode time : 0m:0s:1ms
2024-11-15 09:35:19,268 - fl_main - INFO - client_dict[f_00008] local model encrypting ...
2024-11-15 09:35:20,463 - fed_utils - INFO - encrypting key [conv1.weight].length : 150, cost time : 0m:1s:193ms
2024-11-15 09:35:20,511 - fed_utils - INFO - encrypting key [conv1.bias].length : 6, cost time : 0m:0s:48ms
2024-11-15 09:35:20,511 - fed_utils - INFO - load key [conv2.weight].length : 2400, cost time : 0m:0s:0ms
2024-11-15 09:35:20,511 - fed_utils - INFO - load key [conv2.bias].length : 16, cost time : 0m:0s:0ms
2024-11-15 09:35:20,512 - fed_utils - INFO - load key [fc1.weight].length : 48000, cost time : 0m:0s:0ms
2024-11-15 09:35:20,512 - fed_utils - INFO - load key [fc1.bias].length : 120, cost time : 0m:0s:0ms
2024-11-15 09:35:20,512 - fed_utils - INFO - load key [fc2.weight].length : 10080, cost time : 0m:0s:0ms
2024-11-15 09:35:20,512 - fed_utils - INFO - load key [fc2.bias].length : 84, cost time : 0m:0s:0ms
2024-11-15 09:35:27,183 - fed_utils - INFO - encrypting key [fc3.weight].length : 840, cost time : 0m:6s:671ms
2024-11-15 09:35:27,263 - fed_utils - INFO - encrypting key [fc3.bias].length : 10, cost time : 0m:0s:79ms
2024-11-15 09:35:27,263 - fl_main - INFO - Server receive client_dict[f_00008] info ...
2024-11-15 09:35:27,263 - fl_main - INFO - ----- client id [f_00009] -----
2024-11-15 09:35:27,264 - client_base - INFO - recover model cost time : 0m:0s:0ms
2024-11-15 09:35:27,265 - fl_main - INFO - client_dict[f_00009] training ...
2024-11-15 09:35:27,265 - client_base - INFO - client_dict[f_00009] training epoch : 0
2024-11-15 09:35:27,694 - client_base - INFO - local model train cost time : 0m:0s:428ms
2024-11-15 09:35:27,695 - client_base - INFO - model encode time : 0m:0s:1ms
2024-11-15 09:35:27,695 - fl_main - INFO - client_dict[f_00009] local model encrypting ...
2024-11-15 09:35:28,887 - fed_utils - INFO - encrypting key [conv1.weight].length : 150, cost time : 0m:1s:191ms
2024-11-15 09:35:28,935 - fed_utils - INFO - encrypting key [conv1.bias].length : 6, cost time : 0m:0s:48ms
2024-11-15 09:35:28,935 - fed_utils - INFO - load key [conv2.weight].length : 2400, cost time : 0m:0s:0ms
2024-11-15 09:35:28,935 - fed_utils - INFO - load key [conv2.bias].length : 16, cost time : 0m:0s:0ms
2024-11-15 09:35:28,936 - fed_utils - INFO - load key [fc1.weight].length : 48000, cost time : 0m:0s:0ms
2024-11-15 09:35:28,936 - fed_utils - INFO - load key [fc1.bias].length : 120, cost time : 0m:0s:0ms
2024-11-15 09:35:28,937 - fed_utils - INFO - load key [fc2.weight].length : 10080, cost time : 0m:0s:0ms
2024-11-15 09:35:28,937 - fed_utils - INFO - load key [fc2.bias].length : 84, cost time : 0m:0s:0ms
2024-11-15 09:35:35,748 - fed_utils - INFO - encrypting key [fc3.weight].length : 840, cost time : 0m:6s:810ms
2024-11-15 09:35:35,827 - fed_utils - INFO - encrypting key [fc3.bias].length : 10, cost time : 0m:0s:79ms
2024-11-15 09:35:35,827 - fl_main - INFO - Server receive client_dict[f_00009] info ...
2024-11-15 09:35:35,828 - fl_main - INFO - ----- client id [f_00010] -----
2024-11-15 09:35:35,829 - client_base - INFO - recover model cost time : 0m:0s:0ms
2024-11-15 09:35:35,829 - fl_main - INFO - client_dict[f_00010] training ...
2024-11-15 09:35:35,830 - client_base - INFO - client_dict[f_00010] training epoch : 0
2024-11-15 09:35:36,248 - client_base - INFO - local model train cost time : 0m:0s:418ms
2024-11-15 09:35:36,250 - client_base - INFO - model encode time : 0m:0s:1ms
2024-11-15 09:35:36,250 - fl_main - INFO - client_dict[f_00010] local model encrypting ...
2024-11-15 09:35:37,442 - fed_utils - INFO - encrypting key [conv1.weight].length : 150, cost time : 0m:1s:191ms
2024-11-15 09:35:37,490 - fed_utils - INFO - encrypting key [conv1.bias].length : 6, cost time : 0m:0s:48ms
2024-11-15 09:35:37,490 - fed_utils - INFO - load key [conv2.weight].length : 2400, cost time : 0m:0s:0ms
2024-11-15 09:35:37,490 - fed_utils - INFO - load key [conv2.bias].length : 16, cost time : 0m:0s:0ms
2024-11-15 09:35:37,491 - fed_utils - INFO - load key [fc1.weight].length : 48000, cost time : 0m:0s:1ms
2024-11-15 09:35:37,491 - fed_utils - INFO - load key [fc1.bias].length : 120, cost time : 0m:0s:0ms
2024-11-15 09:35:37,492 - fed_utils - INFO - load key [fc2.weight].length : 10080, cost time : 0m:0s:0ms
2024-11-15 09:35:37,492 - fed_utils - INFO - load key [fc2.bias].length : 84, cost time : 0m:0s:0ms
2024-11-15 09:35:44,164 - fed_utils - INFO - encrypting key [fc3.weight].length : 840, cost time : 0m:6s:672ms
2024-11-15 09:35:44,244 - fed_utils - INFO - encrypting key [fc3.bias].length : 10, cost time : 0m:0s:79ms
2024-11-15 09:35:44,244 - fl_main - INFO - Server receive client_dict[f_00010] info ...
2024-11-15 09:35:44,244 - fl_main - INFO - ----- client id [f_00011] -----
2024-11-15 09:35:44,245 - client_base - INFO - recover model cost time : 0m:0s:0ms
2024-11-15 09:35:44,245 - fl_main - INFO - client_dict[f_00011] training ...
2024-11-15 09:35:44,246 - client_base - INFO - client_dict[f_00011] training epoch : 0
2024-11-15 09:35:44,667 - client_base - INFO - local model train cost time : 0m:0s:420ms
2024-11-15 09:35:44,668 - client_base - INFO - model encode time : 0m:0s:1ms
2024-11-15 09:35:44,668 - fl_main - INFO - client_dict[f_00011] local model encrypting ...
2024-11-15 09:35:45,860 - fed_utils - INFO - encrypting key [conv1.weight].length : 150, cost time : 0m:1s:191ms
2024-11-15 09:35:45,908 - fed_utils - INFO - encrypting key [conv1.bias].length : 6, cost time : 0m:0s:48ms
2024-11-15 09:35:45,908 - fed_utils - INFO - load key [conv2.weight].length : 2400, cost time : 0m:0s:0ms
2024-11-15 09:35:45,908 - fed_utils - INFO - load key [conv2.bias].length : 16, cost time : 0m:0s:0ms
2024-11-15 09:35:45,909 - fed_utils - INFO - load key [fc1.weight].length : 48000, cost time : 0m:0s:1ms
2024-11-15 09:35:45,909 - fed_utils - INFO - load key [fc1.bias].length : 120, cost time : 0m:0s:0ms
2024-11-15 09:35:45,910 - fed_utils - INFO - load key [fc2.weight].length : 10080, cost time : 0m:0s:0ms
2024-11-15 09:35:45,910 - fed_utils - INFO - load key [fc2.bias].length : 84, cost time : 0m:0s:0ms
2024-11-15 09:35:52,756 - fed_utils - INFO - encrypting key [fc3.weight].length : 840, cost time : 0m:6s:846ms
2024-11-15 09:35:52,836 - fed_utils - INFO - encrypting key [fc3.bias].length : 10, cost time : 0m:0s:79ms
2024-11-15 09:35:52,836 - fl_main - INFO - Server receive client_dict[f_00011] info ...
2024-11-15 09:35:52,836 - fl_main - INFO - ----- client id [f_00012] -----
2024-11-15 09:35:52,837 - client_base - INFO - recover model cost time : 0m:0s:0ms
2024-11-15 09:35:52,837 - fl_main - INFO - client_dict[f_00012] training ...
2024-11-15 09:35:52,838 - client_base - INFO - client_dict[f_00012] training epoch : 0
2024-11-15 09:35:53,261 - client_base - INFO - local model train cost time : 0m:0s:423ms
2024-11-15 09:35:53,263 - client_base - INFO - model encode time : 0m:0s:1ms
2024-11-15 09:35:53,263 - fl_main - INFO - client_dict[f_00012] local model encrypting ...
2024-11-15 09:35:54,455 - fed_utils - INFO - encrypting key [conv1.weight].length : 150, cost time : 0m:1s:192ms
2024-11-15 09:35:54,504 - fed_utils - INFO - encrypting key [conv1.bias].length : 6, cost time : 0m:0s:48ms
2024-11-15 09:35:54,504 - fed_utils - INFO - load key [conv2.weight].length : 2400, cost time : 0m:0s:0ms
2024-11-15 09:35:54,504 - fed_utils - INFO - load key [conv2.bias].length : 16, cost time : 0m:0s:0ms
2024-11-15 09:35:54,505 - fed_utils - INFO - load key [fc1.weight].length : 48000, cost time : 0m:0s:1ms
2024-11-15 09:35:54,505 - fed_utils - INFO - load key [fc1.bias].length : 120, cost time : 0m:0s:0ms
2024-11-15 09:35:54,505 - fed_utils - INFO - load key [fc2.weight].length : 10080, cost time : 0m:0s:0ms
2024-11-15 09:35:54,506 - fed_utils - INFO - load key [fc2.bias].length : 84, cost time : 0m:0s:0ms
2024-11-15 09:36:01,173 - fed_utils - INFO - encrypting key [fc3.weight].length : 840, cost time : 0m:6s:667ms
2024-11-15 09:36:01,252 - fed_utils - INFO - encrypting key [fc3.bias].length : 10, cost time : 0m:0s:79ms
2024-11-15 09:36:01,252 - fl_main - INFO - Server receive client_dict[f_00012] info ...
2024-11-15 09:36:01,253 - fl_main - INFO - ----- client id [f_00013] -----
2024-11-15 09:36:01,254 - client_base - INFO - recover model cost time : 0m:0s:0ms
2024-11-15 09:36:01,254 - fl_main - INFO - client_dict[f_00013] training ...
2024-11-15 09:36:01,255 - client_base - INFO - client_dict[f_00013] training epoch : 0
2024-11-15 09:36:01,682 - client_base - INFO - local model train cost time : 0m:0s:426ms
2024-11-15 09:36:01,683 - client_base - INFO - model encode time : 0m:0s:1ms
2024-11-15 09:36:01,683 - fl_main - INFO - client_dict[f_00013] local model encrypting ...
2024-11-15 09:36:03,046 - fed_utils - INFO - encrypting key [conv1.weight].length : 150, cost time : 0m:1s:362ms
2024-11-15 09:36:03,094 - fed_utils - INFO - encrypting key [conv1.bias].length : 6, cost time : 0m:0s:48ms
2024-11-15 09:36:03,095 - fed_utils - INFO - load key [conv2.weight].length : 2400, cost time : 0m:0s:0ms
2024-11-15 09:36:03,095 - fed_utils - INFO - load key [conv2.bias].length : 16, cost time : 0m:0s:0ms
2024-11-15 09:36:03,096 - fed_utils - INFO - load key [fc1.weight].length : 48000, cost time : 0m:0s:1ms
2024-11-15 09:36:03,096 - fed_utils - INFO - load key [fc1.bias].length : 120, cost time : 0m:0s:0ms
2024-11-15 09:36:03,096 - fed_utils - INFO - load key [fc2.weight].length : 10080, cost time : 0m:0s:0ms
2024-11-15 09:36:03,096 - fed_utils - INFO - load key [fc2.bias].length : 84, cost time : 0m:0s:0ms
2024-11-15 09:36:09,763 - fed_utils - INFO - encrypting key [fc3.weight].length : 840, cost time : 0m:6s:666ms
2024-11-15 09:36:09,843 - fed_utils - INFO - encrypting key [fc3.bias].length : 10, cost time : 0m:0s:79ms
2024-11-15 09:36:09,843 - fl_main - INFO - Server receive client_dict[f_00013] info ...
2024-11-15 09:36:09,843 - fl_main - INFO - ----- client id [f_00014] -----
2024-11-15 09:36:09,844 - client_base - INFO - recover model cost time : 0m:0s:0ms
2024-11-15 09:36:09,844 - fl_main - INFO - client_dict[f_00014] training ...
2024-11-15 09:36:09,845 - client_base - INFO - client_dict[f_00014] training epoch : 0
2024-11-15 09:36:10,263 - client_base - INFO - local model train cost time : 0m:0s:417ms
2024-11-15 09:36:10,265 - client_base - INFO - model encode time : 0m:0s:1ms
2024-11-15 09:36:10,265 - fl_main - INFO - client_dict[f_00014] local model encrypting ...
2024-11-15 09:36:11,458 - fed_utils - INFO - encrypting key [conv1.weight].length : 150, cost time : 0m:1s:192ms
2024-11-15 09:36:11,506 - fed_utils - INFO - encrypting key [conv1.bias].length : 6, cost time : 0m:0s:48ms
2024-11-15 09:36:11,506 - fed_utils - INFO - load key [conv2.weight].length : 2400, cost time : 0m:0s:0ms
2024-11-15 09:36:11,506 - fed_utils - INFO - load key [conv2.bias].length : 16, cost time : 0m:0s:0ms
2024-11-15 09:36:11,507 - fed_utils - INFO - load key [fc1.weight].length : 48000, cost time : 0m:0s:1ms
2024-11-15 09:36:11,507 - fed_utils - INFO - load key [fc1.bias].length : 120, cost time : 0m:0s:0ms
2024-11-15 09:36:11,508 - fed_utils - INFO - load key [fc2.weight].length : 10080, cost time : 0m:0s:0ms
2024-11-15 09:36:11,508 - fed_utils - INFO - load key [fc2.bias].length : 84, cost time : 0m:0s:0ms
2024-11-15 09:36:18,342 - fed_utils - INFO - encrypting key [fc3.weight].length : 840, cost time : 0m:6s:833ms
2024-11-15 09:36:18,421 - fed_utils - INFO - encrypting key [fc3.bias].length : 10, cost time : 0m:0s:79ms
2024-11-15 09:36:18,422 - fl_main - INFO - Server receive client_dict[f_00014] info ...
2024-11-15 09:36:18,422 - fl_main - INFO - global aggregation process ...
2024-11-15 09:36:18,422 - fed_utils - INFO - server.n_data : 60000
2024-11-15 09:36:18,422 - fed_utils - INFO - client_dict[f_00000].weight : 0.066667
2024-11-15 09:36:18,422 - fed_utils - INFO - client_dict[f_00001].weight : 0.066667
2024-11-15 09:36:18,422 - fed_utils - INFO - client_dict[f_00002].weight : 0.066667
2024-11-15 09:36:18,422 - fed_utils - INFO - client_dict[f_00003].weight : 0.066667
2024-11-15 09:36:18,422 - fed_utils - INFO - client_dict[f_00004].weight : 0.066667
2024-11-15 09:36:18,422 - fed_utils - INFO - client_dict[f_00005].weight : 0.066667
2024-11-15 09:36:18,422 - fed_utils - INFO - client_dict[f_00006].weight : 0.066667
2024-11-15 09:36:18,422 - fed_utils - INFO - client_dict[f_00007].weight : 0.066667
2024-11-15 09:36:18,422 - fed_utils - INFO - client_dict[f_00008].weight : 0.066667
2024-11-15 09:36:18,422 - fed_utils - INFO - client_dict[f_00009].weight : 0.066667
2024-11-15 09:36:18,423 - fed_utils - INFO - client_dict[f_00010].weight : 0.066667
2024-11-15 09:36:18,423 - fed_utils - INFO - client_dict[f_00011].weight : 0.066667
2024-11-15 09:36:18,423 - fed_utils - INFO - client_dict[f_00012].weight : 0.066667
2024-11-15 09:36:18,423 - fed_utils - INFO - client_dict[f_00013].weight : 0.066667
2024-11-15 09:36:18,423 - fed_utils - INFO - client_dict[f_00014].weight : 0.066667
2024-11-15 09:36:18,423 - fed_utils - INFO - recover secret number by clients: 1052426.333333
2024-11-15 09:36:18,423 - server_base - INFO - Server aggregate model with homomorphic encryption ...
2024-11-15 09:36:23,294 - server_base - INFO - Server aggregate model done, cost time : 0m:4s:870ms
2024-11-15 09:36:23,636 - fed_utils - INFO - decrypting key [conv1.weight].shape [torch.Size([6, 1, 5, 5])]
2024-11-15 09:36:23,650 - fed_utils - INFO - decrypting key [conv1.bias].shape [torch.Size([6])]
2024-11-15 09:36:23,650 - fed_utils - INFO - decrypting key [conv2.weight].shape [torch.Size([16, 6, 5, 5])]
2024-11-15 09:36:23,650 - fed_utils - INFO - decrypting key [conv2.bias].shape [torch.Size([16])]
2024-11-15 09:36:23,650 - fed_utils - INFO - decrypting key [fc1.weight].shape [torch.Size([120, 400])]
2024-11-15 09:36:23,651 - fed_utils - INFO - decrypting key [fc1.bias].shape [torch.Size([120])]
2024-11-15 09:36:23,651 - fed_utils - INFO - decrypting key [fc2.weight].shape [torch.Size([84, 120])]
2024-11-15 09:36:23,651 - fed_utils - INFO - decrypting key [fc2.bias].shape [torch.Size([84])]
2024-11-15 09:36:25,568 - fed_utils - INFO - decrypting key [fc3.weight].shape [torch.Size([10, 84])]
2024-11-15 09:36:25,591 - fed_utils - INFO - decrypting key [fc3.bias].shape [torch.Size([10])]
2024-11-15 09:36:25,591 - fed_utils - INFO - decrypt time : [0m:2s:297ms]
2024-11-15 09:36:25,599 - fl_main - INFO - [global round : 4] aggregated model accuracy : 0.34390000000000004
2024-11-15 09:36:25,599 - fl_main - INFO - [global round : 4] aggregated model loss : 2.1422451762239425
2024-11-15 09:36:25,599 - fl_main - INFO - global round : 5
2024-11-15 09:36:25,600 - fl_main - INFO - the random client id to test accuracy : f_00006
2024-11-15 09:36:25,600 - fl_main - INFO - ----- client id [f_00000] -----
2024-11-15 09:36:25,601 - client_base - INFO - recover model cost time : 0m:0s:0ms
2024-11-15 09:36:25,601 - fl_main - INFO - client_dict[f_00000] training ...
2024-11-15 09:36:25,602 - client_base - INFO - client_dict[f_00000] training epoch : 0
2024-11-15 09:36:26,023 - client_base - INFO - local model train cost time : 0m:0s:421ms
2024-11-15 09:36:26,025 - client_base - INFO - model encode time : 0m:0s:1ms
2024-11-15 09:36:26,025 - fl_main - INFO - client_dict[f_00000] local model encrypting ...
2024-11-15 09:36:27,217 - fed_utils - INFO - encrypting key [conv1.weight].length : 150, cost time : 0m:1s:192ms
2024-11-15 09:36:27,266 - fed_utils - INFO - encrypting key [conv1.bias].length : 6, cost time : 0m:0s:48ms
2024-11-15 09:36:27,266 - fed_utils - INFO - load key [conv2.weight].length : 2400, cost time : 0m:0s:0ms
2024-11-15 09:36:27,266 - fed_utils - INFO - load key [conv2.bias].length : 16, cost time : 0m:0s:0ms
2024-11-15 09:36:27,267 - fed_utils - INFO - load key [fc1.weight].length : 48000, cost time : 0m:0s:0ms
2024-11-15 09:36:27,267 - fed_utils - INFO - load key [fc1.bias].length : 120, cost time : 0m:0s:0ms
2024-11-15 09:36:27,267 - fed_utils - INFO - load key [fc2.weight].length : 10080, cost time : 0m:0s:0ms
2024-11-15 09:36:27,267 - fed_utils - INFO - load key [fc2.bias].length : 84, cost time : 0m:0s:0ms
2024-11-15 09:36:34,089 - fed_utils - INFO - encrypting key [fc3.weight].length : 840, cost time : 0m:6s:821ms
2024-11-15 09:36:34,168 - fed_utils - INFO - encrypting key [fc3.bias].length : 10, cost time : 0m:0s:79ms
2024-11-15 09:36:34,169 - fl_main - INFO - Server receive client_dict[f_00000] info ...
2024-11-15 09:36:34,170 - fl_main - INFO - ----- client id [f_00001] -----
2024-11-15 09:36:34,171 - client_base - INFO - recover model cost time : 0m:0s:0ms
2024-11-15 09:36:34,171 - fl_main - INFO - client_dict[f_00001] training ...
2024-11-15 09:36:34,172 - client_base - INFO - client_dict[f_00001] training epoch : 0
2024-11-15 09:36:34,604 - client_base - INFO - local model train cost time : 0m:0s:432ms
2024-11-15 09:36:34,605 - client_base - INFO - model encode time : 0m:0s:1ms
2024-11-15 09:36:34,606 - fl_main - INFO - client_dict[f_00001] local model encrypting ...
2024-11-15 09:36:35,797 - fed_utils - INFO - encrypting key [conv1.weight].length : 150, cost time : 0m:1s:191ms
2024-11-15 09:36:35,845 - fed_utils - INFO - encrypting key [conv1.bias].length : 6, cost time : 0m:0s:48ms
2024-11-15 09:36:35,845 - fed_utils - INFO - load key [conv2.weight].length : 2400, cost time : 0m:0s:0ms
2024-11-15 09:36:35,846 - fed_utils - INFO - load key [conv2.bias].length : 16, cost time : 0m:0s:0ms
2024-11-15 09:36:35,847 - fed_utils - INFO - load key [fc1.weight].length : 48000, cost time : 0m:0s:0ms
2024-11-15 09:36:35,847 - fed_utils - INFO - load key [fc1.bias].length : 120, cost time : 0m:0s:0ms
2024-11-15 09:36:35,847 - fed_utils - INFO - load key [fc2.weight].length : 10080, cost time : 0m:0s:0ms
2024-11-15 09:36:35,847 - fed_utils - INFO - load key [fc2.bias].length : 84, cost time : 0m:0s:0ms
2024-11-15 09:36:42,521 - fed_utils - INFO - encrypting key [fc3.weight].length : 840, cost time : 0m:6s:674ms
2024-11-15 09:36:42,601 - fed_utils - INFO - encrypting key [fc3.bias].length : 10, cost time : 0m:0s:79ms
2024-11-15 09:36:42,601 - fl_main - INFO - Server receive client_dict[f_00001] info ...
2024-11-15 09:36:42,601 - fl_main - INFO - ----- client id [f_00002] -----
2024-11-15 09:36:42,602 - client_base - INFO - recover model cost time : 0m:0s:0ms
2024-11-15 09:36:42,602 - fl_main - INFO - client_dict[f_00002] training ...
2024-11-15 09:36:42,603 - client_base - INFO - client_dict[f_00002] training epoch : 0
2024-11-15 09:36:43,030 - client_base - INFO - local model train cost time : 0m:0s:426ms
2024-11-15 09:36:43,031 - client_base - INFO - model encode time : 0m:0s:1ms
2024-11-15 09:36:43,031 - fl_main - INFO - client_dict[f_00002] local model encrypting ...
2024-11-15 09:36:44,225 - fed_utils - INFO - encrypting key [conv1.weight].length : 150, cost time : 0m:1s:193ms
2024-11-15 09:36:44,273 - fed_utils - INFO - encrypting key [conv1.bias].length : 6, cost time : 0m:0s:48ms
2024-11-15 09:36:44,274 - fed_utils - INFO - load key [conv2.weight].length : 2400, cost time : 0m:0s:0ms
2024-11-15 09:36:44,274 - fed_utils - INFO - load key [conv2.bias].length : 16, cost time : 0m:0s:0ms
2024-11-15 09:36:44,275 - fed_utils - INFO - load key [fc1.weight].length : 48000, cost time : 0m:0s:0ms
2024-11-15 09:36:44,275 - fed_utils - INFO - load key [fc1.bias].length : 120, cost time : 0m:0s:0ms
2024-11-15 09:36:44,275 - fed_utils - INFO - load key [fc2.weight].length : 10080, cost time : 0m:0s:0ms
2024-11-15 09:36:44,275 - fed_utils - INFO - load key [fc2.bias].length : 84, cost time : 0m:0s:0ms
2024-11-15 09:36:51,110 - fed_utils - INFO - encrypting key [fc3.weight].length : 840, cost time : 0m:6s:835ms
2024-11-15 09:36:51,190 - fed_utils - INFO - encrypting key [fc3.bias].length : 10, cost time : 0m:0s:79ms
2024-11-15 09:36:51,190 - fl_main - INFO - Server receive client_dict[f_00002] info ...
2024-11-15 09:36:51,190 - fl_main - INFO - ----- client id [f_00003] -----
2024-11-15 09:36:51,191 - client_base - INFO - recover model cost time : 0m:0s:0ms
2024-11-15 09:36:51,191 - fl_main - INFO - client_dict[f_00003] training ...
2024-11-15 09:36:51,192 - client_base - INFO - client_dict[f_00003] training epoch : 0
2024-11-15 09:36:51,617 - client_base - INFO - local model train cost time : 0m:0s:424ms
2024-11-15 09:36:51,618 - client_base - INFO - model encode time : 0m:0s:1ms
2024-11-15 09:36:51,618 - fl_main - INFO - client_dict[f_00003] local model encrypting ...
2024-11-15 09:36:52,810 - fed_utils - INFO - encrypting key [conv1.weight].length : 150, cost time : 0m:1s:191ms
2024-11-15 09:36:52,859 - fed_utils - INFO - encrypting key [conv1.bias].length : 6, cost time : 0m:0s:48ms
2024-11-15 09:36:52,859 - fed_utils - INFO - load key [conv2.weight].length : 2400, cost time : 0m:0s:0ms
2024-11-15 09:36:52,859 - fed_utils - INFO - load key [conv2.bias].length : 16, cost time : 0m:0s:0ms
2024-11-15 09:36:52,860 - fed_utils - INFO - load key [fc1.weight].length : 48000, cost time : 0m:0s:0ms
2024-11-15 09:36:52,860 - fed_utils - INFO - load key [fc1.bias].length : 120, cost time : 0m:0s:0ms
2024-11-15 09:36:52,860 - fed_utils - INFO - load key [fc2.weight].length : 10080, cost time : 0m:0s:0ms
2024-11-15 09:36:52,860 - fed_utils - INFO - load key [fc2.bias].length : 84, cost time : 0m:0s:0ms
2024-11-15 09:36:59,527 - fed_utils - INFO - encrypting key [fc3.weight].length : 840, cost time : 0m:6s:666ms
2024-11-15 09:36:59,607 - fed_utils - INFO - encrypting key [fc3.bias].length : 10, cost time : 0m:0s:79ms
2024-11-15 09:36:59,607 - fl_main - INFO - Server receive client_dict[f_00003] info ...
2024-11-15 09:36:59,607 - fl_main - INFO - ----- client id [f_00004] -----
2024-11-15 09:36:59,608 - client_base - INFO - recover model cost time : 0m:0s:0ms
2024-11-15 09:36:59,608 - fl_main - INFO - client_dict[f_00004] training ...
2024-11-15 09:36:59,609 - client_base - INFO - client_dict[f_00004] training epoch : 0
2024-11-15 09:37:00,024 - client_base - INFO - local model train cost time : 0m:0s:415ms
2024-11-15 09:37:00,026 - client_base - INFO - model encode time : 0m:0s:1ms
2024-11-15 09:37:00,026 - fl_main - INFO - client_dict[f_00004] local model encrypting ...
2024-11-15 09:37:01,217 - fed_utils - INFO - encrypting key [conv1.weight].length : 150, cost time : 0m:1s:191ms
2024-11-15 09:37:01,265 - fed_utils - INFO - encrypting key [conv1.bias].length : 6, cost time : 0m:0s:47ms
2024-11-15 09:37:01,265 - fed_utils - INFO - load key [conv2.weight].length : 2400, cost time : 0m:0s:0ms
2024-11-15 09:37:01,265 - fed_utils - INFO - load key [conv2.bias].length : 16, cost time : 0m:0s:0ms
2024-11-15 09:37:01,266 - fed_utils - INFO - load key [fc1.weight].length : 48000, cost time : 0m:0s:0ms
2024-11-15 09:37:01,266 - fed_utils - INFO - load key [fc1.bias].length : 120, cost time : 0m:0s:0ms
2024-11-15 09:37:01,267 - fed_utils - INFO - load key [fc2.weight].length : 10080, cost time : 0m:0s:0ms
2024-11-15 09:37:01,267 - fed_utils - INFO - load key [fc2.bias].length : 84, cost time : 0m:0s:0ms
2024-11-15 09:37:08,092 - fed_utils - INFO - encrypting key [fc3.weight].length : 840, cost time : 0m:6s:824ms
2024-11-15 09:37:08,172 - fed_utils - INFO - encrypting key [fc3.bias].length : 10, cost time : 0m:0s:79ms
2024-11-15 09:37:08,172 - fl_main - INFO - Server receive client_dict[f_00004] info ...
2024-11-15 09:37:08,172 - fl_main - INFO - ----- client id [f_00005] -----
2024-11-15 09:37:08,173 - client_base - INFO - recover model cost time : 0m:0s:0ms
2024-11-15 09:37:08,173 - fl_main - INFO - client_dict[f_00005] training ...
2024-11-15 09:37:08,174 - client_base - INFO - client_dict[f_00005] training epoch : 0
2024-11-15 09:37:08,602 - client_base - INFO - local model train cost time : 0m:0s:428ms
2024-11-15 09:37:08,604 - client_base - INFO - model encode time : 0m:0s:1ms
2024-11-15 09:37:08,604 - fl_main - INFO - client_dict[f_00005] local model encrypting ...
2024-11-15 09:37:09,800 - fed_utils - INFO - encrypting key [conv1.weight].length : 150, cost time : 0m:1s:195ms
2024-11-15 09:37:09,849 - fed_utils - INFO - encrypting key [conv1.bias].length : 6, cost time : 0m:0s:48ms
2024-11-15 09:37:09,849 - fed_utils - INFO - load key [conv2.weight].length : 2400, cost time : 0m:0s:0ms
2024-11-15 09:37:09,849 - fed_utils - INFO - load key [conv2.bias].length : 16, cost time : 0m:0s:0ms
2024-11-15 09:37:09,850 - fed_utils - INFO - load key [fc1.weight].length : 48000, cost time : 0m:0s:0ms
2024-11-15 09:37:09,850 - fed_utils - INFO - load key [fc1.bias].length : 120, cost time : 0m:0s:0ms
2024-11-15 09:37:09,850 - fed_utils - INFO - load key [fc2.weight].length : 10080, cost time : 0m:0s:0ms
2024-11-15 09:37:09,850 - fed_utils - INFO - load key [fc2.bias].length : 84, cost time : 0m:0s:0ms
2024-11-15 09:37:16,531 - fed_utils - INFO - encrypting key [fc3.weight].length : 840, cost time : 0m:6s:680ms
2024-11-15 09:37:16,611 - fed_utils - INFO - encrypting key [fc3.bias].length : 10, cost time : 0m:0s:79ms
2024-11-15 09:37:16,611 - fl_main - INFO - Server receive client_dict[f_00005] info ...
2024-11-15 09:37:16,611 - fl_main - INFO - ----- client id [f_00006] -----
2024-11-15 09:37:16,613 - client_base - INFO - recover model cost time : 0m:0s:0ms
2024-11-15 09:37:17,440 - fl_main - INFO - global round [5] client_dict[f_00006].accuracy : 0.523000
2024-11-15 09:37:17,440 - fl_main - INFO - client_dict[f_00006] training ...
2024-11-15 09:37:17,441 - client_base - INFO - client_dict[f_00006] training epoch : 0
2024-11-15 09:37:18,001 - client_base - INFO - local model train cost time : 0m:0s:560ms
2024-11-15 09:37:18,003 - client_base - INFO - model encode time : 0m:0s:1ms
2024-11-15 09:37:18,003 - fl_main - INFO - client_dict[f_00006] local model encrypting ...
2024-11-15 09:37:19,194 - fed_utils - INFO - encrypting key [conv1.weight].length : 150, cost time : 0m:1s:190ms
2024-11-15 09:37:19,242 - fed_utils - INFO - encrypting key [conv1.bias].length : 6, cost time : 0m:0s:48ms
2024-11-15 09:37:19,242 - fed_utils - INFO - load key [conv2.weight].length : 2400, cost time : 0m:0s:0ms
2024-11-15 09:37:19,242 - fed_utils - INFO - load key [conv2.bias].length : 16, cost time : 0m:0s:0ms
2024-11-15 09:37:19,243 - fed_utils - INFO - load key [fc1.weight].length : 48000, cost time : 0m:0s:0ms
2024-11-15 09:37:19,243 - fed_utils - INFO - load key [fc1.bias].length : 120, cost time : 0m:0s:0ms
2024-11-15 09:37:19,243 - fed_utils - INFO - load key [fc2.weight].length : 10080, cost time : 0m:0s:0ms
2024-11-15 09:37:19,243 - fed_utils - INFO - load key [fc2.bias].length : 84, cost time : 0m:0s:0ms
2024-11-15 09:37:25,909 - fed_utils - INFO - encrypting key [fc3.weight].length : 840, cost time : 0m:6s:665ms
2024-11-15 09:37:25,989 - fed_utils - INFO - encrypting key [fc3.bias].length : 10, cost time : 0m:0s:79ms
2024-11-15 09:37:25,989 - fl_main - INFO - Server receive client_dict[f_00006] info ...
2024-11-15 09:37:25,989 - fl_main - INFO - ----- client id [f_00007] -----
2024-11-15 09:37:25,990 - client_base - INFO - recover model cost time : 0m:0s:0ms
2024-11-15 09:37:25,990 - fl_main - INFO - client_dict[f_00007] training ...
2024-11-15 09:37:25,991 - client_base - INFO - client_dict[f_00007] training epoch : 0
2024-11-15 09:37:26,411 - client_base - INFO - local model train cost time : 0m:0s:419ms
2024-11-15 09:37:26,412 - client_base - INFO - model encode time : 0m:0s:1ms
2024-11-15 09:37:26,413 - fl_main - INFO - client_dict[f_00007] local model encrypting ...
2024-11-15 09:37:27,604 - fed_utils - INFO - encrypting key [conv1.weight].length : 150, cost time : 0m:1s:191ms
2024-11-15 09:37:27,652 - fed_utils - INFO - encrypting key [conv1.bias].length : 6, cost time : 0m:0s:48ms
2024-11-15 09:37:27,652 - fed_utils - INFO - load key [conv2.weight].length : 2400, cost time : 0m:0s:0ms
2024-11-15 09:37:27,652 - fed_utils - INFO - load key [conv2.bias].length : 16, cost time : 0m:0s:0ms
2024-11-15 09:37:27,653 - fed_utils - INFO - load key [fc1.weight].length : 48000, cost time : 0m:0s:0ms
2024-11-15 09:37:27,653 - fed_utils - INFO - load key [fc1.bias].length : 120, cost time : 0m:0s:0ms
2024-11-15 09:37:27,653 - fed_utils - INFO - load key [fc2.weight].length : 10080, cost time : 0m:0s:0ms
2024-11-15 09:37:27,653 - fed_utils - INFO - load key [fc2.bias].length : 84, cost time : 0m:0s:0ms
2024-11-15 09:37:34,528 - fed_utils - INFO - encrypting key [fc3.weight].length : 840, cost time : 0m:6s:874ms
2024-11-15 09:37:34,608 - fed_utils - INFO - encrypting key [fc3.bias].length : 10, cost time : 0m:0s:79ms
2024-11-15 09:37:34,608 - fl_main - INFO - Server receive client_dict[f_00007] info ...
2024-11-15 09:37:34,608 - fl_main - INFO - ----- client id [f_00008] -----
2024-11-15 09:37:34,609 - client_base - INFO - recover model cost time : 0m:0s:0ms
2024-11-15 09:37:34,609 - fl_main - INFO - client_dict[f_00008] training ...
2024-11-15 09:37:34,610 - client_base - INFO - client_dict[f_00008] training epoch : 0
2024-11-15 09:37:35,038 - client_base - INFO - local model train cost time : 0m:0s:428ms
2024-11-15 09:37:35,040 - client_base - INFO - model encode time : 0m:0s:1ms
2024-11-15 09:37:35,040 - fl_main - INFO - client_dict[f_00008] local model encrypting ...
2024-11-15 09:37:36,232 - fed_utils - INFO - encrypting key [conv1.weight].length : 150, cost time : 0m:1s:191ms
2024-11-15 09:37:36,280 - fed_utils - INFO - encrypting key [conv1.bias].length : 6, cost time : 0m:0s:48ms
2024-11-15 09:37:36,280 - fed_utils - INFO - load key [conv2.weight].length : 2400, cost time : 0m:0s:0ms
2024-11-15 09:37:36,280 - fed_utils - INFO - load key [conv2.bias].length : 16, cost time : 0m:0s:0ms
2024-11-15 09:37:36,281 - fed_utils - INFO - load key [fc1.weight].length : 48000, cost time : 0m:0s:0ms
2024-11-15 09:37:36,281 - fed_utils - INFO - load key [fc1.bias].length : 120, cost time : 0m:0s:0ms
2024-11-15 09:37:36,281 - fed_utils - INFO - load key [fc2.weight].length : 10080, cost time : 0m:0s:0ms
2024-11-15 09:37:36,281 - fed_utils - INFO - load key [fc2.bias].length : 84, cost time : 0m:0s:0ms
2024-11-15 09:37:42,950 - fed_utils - INFO - encrypting key [fc3.weight].length : 840, cost time : 0m:6s:669ms
2024-11-15 09:37:43,030 - fed_utils - INFO - encrypting key [fc3.bias].length : 10, cost time : 0m:0s:79ms
2024-11-15 09:37:43,030 - fl_main - INFO - Server receive client_dict[f_00008] info ...
2024-11-15 09:37:43,030 - fl_main - INFO - ----- client id [f_00009] -----
2024-11-15 09:37:43,032 - client_base - INFO - recover model cost time : 0m:0s:0ms
2024-11-15 09:37:43,032 - fl_main - INFO - client_dict[f_00009] training ...
2024-11-15 09:37:43,032 - client_base - INFO - client_dict[f_00009] training epoch : 0
2024-11-15 09:37:43,459 - client_base - INFO - local model train cost time : 0m:0s:426ms
2024-11-15 09:37:43,461 - client_base - INFO - model encode time : 0m:0s:1ms
2024-11-15 09:37:43,461 - fl_main - INFO - client_dict[f_00009] local model encrypting ...
2024-11-15 09:37:44,651 - fed_utils - INFO - encrypting key [conv1.weight].length : 150, cost time : 0m:1s:190ms
2024-11-15 09:37:44,700 - fed_utils - INFO - encrypting key [conv1.bias].length : 6, cost time : 0m:0s:48ms
2024-11-15 09:37:44,700 - fed_utils - INFO - load key [conv2.weight].length : 2400, cost time : 0m:0s:0ms
2024-11-15 09:37:44,700 - fed_utils - INFO - load key [conv2.bias].length : 16, cost time : 0m:0s:0ms
2024-11-15 09:37:44,701 - fed_utils - INFO - load key [fc1.weight].length : 48000, cost time : 0m:0s:0ms
2024-11-15 09:37:44,701 - fed_utils - INFO - load key [fc1.bias].length : 120, cost time : 0m:0s:0ms
2024-11-15 09:37:44,701 - fed_utils - INFO - load key [fc2.weight].length : 10080, cost time : 0m:0s:0ms
2024-11-15 09:37:44,701 - fed_utils - INFO - load key [fc2.bias].length : 84, cost time : 0m:0s:0ms
2024-11-15 09:37:51,507 - fed_utils - INFO - encrypting key [fc3.weight].length : 840, cost time : 0m:6s:805ms
2024-11-15 09:37:51,586 - fed_utils - INFO - encrypting key [fc3.bias].length : 10, cost time : 0m:0s:79ms
2024-11-15 09:37:51,586 - fl_main - INFO - Server receive client_dict[f_00009] info ...
2024-11-15 09:37:51,586 - fl_main - INFO - ----- client id [f_00010] -----
2024-11-15 09:37:51,588 - client_base - INFO - recover model cost time : 0m:0s:0ms
2024-11-15 09:37:51,588 - fl_main - INFO - client_dict[f_00010] training ...
2024-11-15 09:37:51,588 - client_base - INFO - client_dict[f_00010] training epoch : 0
2024-11-15 09:37:52,019 - client_base - INFO - local model train cost time : 0m:0s:430ms
2024-11-15 09:37:52,020 - client_base - INFO - model encode time : 0m:0s:1ms
2024-11-15 09:37:52,020 - fl_main - INFO - client_dict[f_00010] local model encrypting ...
2024-11-15 09:37:53,216 - fed_utils - INFO - encrypting key [conv1.weight].length : 150, cost time : 0m:1s:195ms
2024-11-15 09:37:53,264 - fed_utils - INFO - encrypting key [conv1.bias].length : 6, cost time : 0m:0s:48ms
2024-11-15 09:37:53,264 - fed_utils - INFO - load key [conv2.weight].length : 2400, cost time : 0m:0s:0ms
2024-11-15 09:37:53,264 - fed_utils - INFO - load key [conv2.bias].length : 16, cost time : 0m:0s:0ms
2024-11-15 09:37:53,265 - fed_utils - INFO - load key [fc1.weight].length : 48000, cost time : 0m:0s:1ms
2024-11-15 09:37:53,266 - fed_utils - INFO - load key [fc1.bias].length : 120, cost time : 0m:0s:0ms
2024-11-15 09:37:53,266 - fed_utils - INFO - load key [fc2.weight].length : 10080, cost time : 0m:0s:0ms
2024-11-15 09:37:53,266 - fed_utils - INFO - load key [fc2.bias].length : 84, cost time : 0m:0s:0ms
2024-11-15 09:37:59,933 - fed_utils - INFO - encrypting key [fc3.weight].length : 840, cost time : 0m:6s:666ms
2024-11-15 09:38:00,013 - fed_utils - INFO - encrypting key [fc3.bias].length : 10, cost time : 0m:0s:79ms
2024-11-15 09:38:00,013 - fl_main - INFO - Server receive client_dict[f_00010] info ...
2024-11-15 09:38:00,013 - fl_main - INFO - ----- client id [f_00011] -----
2024-11-15 09:38:00,014 - client_base - INFO - recover model cost time : 0m:0s:0ms
2024-11-15 09:38:00,014 - fl_main - INFO - client_dict[f_00011] training ...
2024-11-15 09:38:00,015 - client_base - INFO - client_dict[f_00011] training epoch : 0
2024-11-15 09:38:00,434 - client_base - INFO - local model train cost time : 0m:0s:419ms
2024-11-15 09:38:00,435 - client_base - INFO - model encode time : 0m:0s:1ms
2024-11-15 09:38:00,436 - fl_main - INFO - client_dict[f_00011] local model encrypting ...
2024-11-15 09:38:01,626 - fed_utils - INFO - encrypting key [conv1.weight].length : 150, cost time : 0m:1s:190ms
2024-11-15 09:38:01,675 - fed_utils - INFO - encrypting key [conv1.bias].length : 6, cost time : 0m:0s:48ms
2024-11-15 09:38:01,675 - fed_utils - INFO - load key [conv2.weight].length : 2400, cost time : 0m:0s:0ms
2024-11-15 09:38:01,675 - fed_utils - INFO - load key [conv2.bias].length : 16, cost time : 0m:0s:0ms
2024-11-15 09:38:01,676 - fed_utils - INFO - load key [fc1.weight].length : 48000, cost time : 0m:0s:1ms
2024-11-15 09:38:01,676 - fed_utils - INFO - load key [fc1.bias].length : 120, cost time : 0m:0s:0ms
2024-11-15 09:38:01,676 - fed_utils - INFO - load key [fc2.weight].length : 10080, cost time : 0m:0s:0ms
2024-11-15 09:38:01,676 - fed_utils - INFO - load key [fc2.bias].length : 84, cost time : 0m:0s:0ms
2024-11-15 09:38:08,512 - fed_utils - INFO - encrypting key [fc3.weight].length : 840, cost time : 0m:6s:835ms
2024-11-15 09:38:08,592 - fed_utils - INFO - encrypting key [fc3.bias].length : 10, cost time : 0m:0s:79ms
2024-11-15 09:38:08,592 - fl_main - INFO - Server receive client_dict[f_00011] info ...
2024-11-15 09:38:08,592 - fl_main - INFO - ----- client id [f_00012] -----
2024-11-15 09:38:08,593 - client_base - INFO - recover model cost time : 0m:0s:0ms
2024-11-15 09:38:08,594 - fl_main - INFO - client_dict[f_00012] training ...
2024-11-15 09:38:08,594 - client_base - INFO - client_dict[f_00012] training epoch : 0
2024-11-15 09:38:09,025 - client_base - INFO - local model train cost time : 0m:0s:430ms
2024-11-15 09:38:09,027 - client_base - INFO - model encode time : 0m:0s:1ms
2024-11-15 09:38:09,027 - fl_main - INFO - client_dict[f_00012] local model encrypting ...
2024-11-15 09:38:10,219 - fed_utils - INFO - encrypting key [conv1.weight].length : 150, cost time : 0m:1s:191ms
2024-11-15 09:38:10,267 - fed_utils - INFO - encrypting key [conv1.bias].length : 6, cost time : 0m:0s:48ms
2024-11-15 09:38:10,267 - fed_utils - INFO - load key [conv2.weight].length : 2400, cost time : 0m:0s:0ms
2024-11-15 09:38:10,267 - fed_utils - INFO - load key [conv2.bias].length : 16, cost time : 0m:0s:0ms
2024-11-15 09:38:10,268 - fed_utils - INFO - load key [fc1.weight].length : 48000, cost time : 0m:0s:1ms
2024-11-15 09:38:10,268 - fed_utils - INFO - load key [fc1.bias].length : 120, cost time : 0m:0s:0ms
2024-11-15 09:38:10,269 - fed_utils - INFO - load key [fc2.weight].length : 10080, cost time : 0m:0s:0ms
2024-11-15 09:38:10,269 - fed_utils - INFO - load key [fc2.bias].length : 84, cost time : 0m:0s:0ms
2024-11-15 09:38:16,939 - fed_utils - INFO - encrypting key [fc3.weight].length : 840, cost time : 0m:6s:670ms
2024-11-15 09:38:17,019 - fed_utils - INFO - encrypting key [fc3.bias].length : 10, cost time : 0m:0s:79ms
2024-11-15 09:38:17,019 - fl_main - INFO - Server receive client_dict[f_00012] info ...
2024-11-15 09:38:17,019 - fl_main - INFO - ----- client id [f_00013] -----
2024-11-15 09:38:17,020 - client_base - INFO - recover model cost time : 0m:0s:0ms
2024-11-15 09:38:17,020 - fl_main - INFO - client_dict[f_00013] training ...
2024-11-15 09:38:17,021 - client_base - INFO - client_dict[f_00013] training epoch : 0
2024-11-15 09:38:17,445 - client_base - INFO - local model train cost time : 0m:0s:424ms
2024-11-15 09:38:17,446 - client_base - INFO - model encode time : 0m:0s:1ms
2024-11-15 09:38:17,447 - fl_main - INFO - client_dict[f_00013] local model encrypting ...
2024-11-15 09:38:18,768 - fed_utils - INFO - encrypting key [conv1.weight].length : 150, cost time : 0m:1s:320ms
2024-11-15 09:38:18,816 - fed_utils - INFO - encrypting key [conv1.bias].length : 6, cost time : 0m:0s:47ms
2024-11-15 09:38:18,816 - fed_utils - INFO - load key [conv2.weight].length : 2400, cost time : 0m:0s:0ms
2024-11-15 09:38:18,816 - fed_utils - INFO - load key [conv2.bias].length : 16, cost time : 0m:0s:0ms
2024-11-15 09:38:18,817 - fed_utils - INFO - load key [fc1.weight].length : 48000, cost time : 0m:0s:1ms
2024-11-15 09:38:18,817 - fed_utils - INFO - load key [fc1.bias].length : 120, cost time : 0m:0s:0ms
2024-11-15 09:38:18,817 - fed_utils - INFO - load key [fc2.weight].length : 10080, cost time : 0m:0s:0ms
2024-11-15 09:38:18,818 - fed_utils - INFO - load key [fc2.bias].length : 84, cost time : 0m:0s:0ms
2024-11-15 09:38:25,484 - fed_utils - INFO - encrypting key [fc3.weight].length : 840, cost time : 0m:6s:665ms
2024-11-15 09:38:25,563 - fed_utils - INFO - encrypting key [fc3.bias].length : 10, cost time : 0m:0s:79ms
2024-11-15 09:38:25,563 - fl_main - INFO - Server receive client_dict[f_00013] info ...
2024-11-15 09:38:25,563 - fl_main - INFO - ----- client id [f_00014] -----
2024-11-15 09:38:25,565 - client_base - INFO - recover model cost time : 0m:0s:0ms
2024-11-15 09:38:25,565 - fl_main - INFO - client_dict[f_00014] training ...
2024-11-15 09:38:25,565 - client_base - INFO - client_dict[f_00014] training epoch : 0
2024-11-15 09:38:25,997 - client_base - INFO - local model train cost time : 0m:0s:431ms
2024-11-15 09:38:25,998 - client_base - INFO - model encode time : 0m:0s:1ms
2024-11-15 09:38:25,998 - fl_main - INFO - client_dict[f_00014] local model encrypting ...
2024-11-15 09:38:27,191 - fed_utils - INFO - encrypting key [conv1.weight].length : 150, cost time : 0m:1s:192ms
2024-11-15 09:38:27,239 - fed_utils - INFO - encrypting key [conv1.bias].length : 6, cost time : 0m:0s:48ms
2024-11-15 09:38:27,239 - fed_utils - INFO - load key [conv2.weight].length : 2400, cost time : 0m:0s:0ms
2024-11-15 09:38:27,239 - fed_utils - INFO - load key [conv2.bias].length : 16, cost time : 0m:0s:0ms
2024-11-15 09:38:27,240 - fed_utils - INFO - load key [fc1.weight].length : 48000, cost time : 0m:0s:1ms
2024-11-15 09:38:27,241 - fed_utils - INFO - load key [fc1.bias].length : 120, cost time : 0m:0s:0ms
2024-11-15 09:38:27,241 - fed_utils - INFO - load key [fc2.weight].length : 10080, cost time : 0m:0s:0ms
2024-11-15 09:38:27,241 - fed_utils - INFO - load key [fc2.bias].length : 84, cost time : 0m:0s:0ms
2024-11-15 09:38:34,093 - fed_utils - INFO - encrypting key [fc3.weight].length : 840, cost time : 0m:6s:851ms
2024-11-15 09:38:34,172 - fed_utils - INFO - encrypting key [fc3.bias].length : 10, cost time : 0m:0s:79ms
2024-11-15 09:38:34,172 - fl_main - INFO - Server receive client_dict[f_00014] info ...
2024-11-15 09:38:34,173 - fl_main - INFO - global aggregation process ...
2024-11-15 09:38:34,173 - fed_utils - INFO - server.n_data : 60000
2024-11-15 09:38:34,173 - fed_utils - INFO - client_dict[f_00000].weight : 0.066667
2024-11-15 09:38:34,173 - fed_utils - INFO - client_dict[f_00001].weight : 0.066667
2024-11-15 09:38:34,173 - fed_utils - INFO - client_dict[f_00002].weight : 0.066667
2024-11-15 09:38:34,173 - fed_utils - INFO - client_dict[f_00003].weight : 0.066667
2024-11-15 09:38:34,173 - fed_utils - INFO - client_dict[f_00004].weight : 0.066667
2024-11-15 09:38:34,173 - fed_utils - INFO - client_dict[f_00005].weight : 0.066667
2024-11-15 09:38:34,173 - fed_utils - INFO - client_dict[f_00006].weight : 0.066667
2024-11-15 09:38:34,173 - fed_utils - INFO - client_dict[f_00007].weight : 0.066667
2024-11-15 09:38:34,173 - fed_utils - INFO - client_dict[f_00008].weight : 0.066667
2024-11-15 09:38:34,173 - fed_utils - INFO - client_dict[f_00009].weight : 0.066667
2024-11-15 09:38:34,173 - fed_utils - INFO - client_dict[f_00010].weight : 0.066667
2024-11-15 09:38:34,173 - fed_utils - INFO - client_dict[f_00011].weight : 0.066667
2024-11-15 09:38:34,173 - fed_utils - INFO - client_dict[f_00012].weight : 0.066667
2024-11-15 09:38:34,173 - fed_utils - INFO - client_dict[f_00013].weight : 0.066667
2024-11-15 09:38:34,173 - fed_utils - INFO - client_dict[f_00014].weight : 0.066667
2024-11-15 09:38:34,173 - fed_utils - INFO - recover secret number by clients: 1052426.333333
2024-11-15 09:38:34,174 - server_base - INFO - Server aggregate model with homomorphic encryption ...
2024-11-15 09:38:39,044 - server_base - INFO - Server aggregate model done, cost time : 0m:4s:870ms
2024-11-15 09:38:39,386 - fed_utils - INFO - decrypting key [conv1.weight].shape [torch.Size([6, 1, 5, 5])]
2024-11-15 09:38:39,400 - fed_utils - INFO - decrypting key [conv1.bias].shape [torch.Size([6])]
2024-11-15 09:38:39,400 - fed_utils - INFO - decrypting key [conv2.weight].shape [torch.Size([16, 6, 5, 5])]
2024-11-15 09:38:39,400 - fed_utils - INFO - decrypting key [conv2.bias].shape [torch.Size([16])]
2024-11-15 09:38:39,400 - fed_utils - INFO - decrypting key [fc1.weight].shape [torch.Size([120, 400])]
2024-11-15 09:38:39,400 - fed_utils - INFO - decrypting key [fc1.bias].shape [torch.Size([120])]
2024-11-15 09:38:39,400 - fed_utils - INFO - decrypting key [fc2.weight].shape [torch.Size([84, 120])]
2024-11-15 09:38:39,400 - fed_utils - INFO - decrypting key [fc2.bias].shape [torch.Size([84])]
2024-11-15 09:38:41,318 - fed_utils - INFO - decrypting key [fc3.weight].shape [torch.Size([10, 84])]
2024-11-15 09:38:41,341 - fed_utils - INFO - decrypting key [fc3.bias].shape [torch.Size([10])]
2024-11-15 09:38:41,341 - fed_utils - INFO - decrypt time : [0m:2s:296ms]
2024-11-15 09:38:41,348 - fl_main - INFO - [global round : 5] aggregated model accuracy : 0.523
2024-11-15 09:38:41,349 - fl_main - INFO - [global round : 5] aggregated model loss : 1.8907255438273594
2024-11-15 09:38:41,349 - fl_main - INFO - global round : 6
2024-11-15 09:38:41,349 - fl_main - INFO - the random client id to test accuracy : f_00011
2024-11-15 09:38:41,349 - fl_main - INFO - ----- client id [f_00000] -----
2024-11-15 09:38:41,350 - client_base - INFO - recover model cost time : 0m:0s:0ms
2024-11-15 09:38:41,351 - fl_main - INFO - client_dict[f_00000] training ...
2024-11-15 09:38:41,351 - client_base - INFO - client_dict[f_00000] training epoch : 0
2024-11-15 09:38:41,782 - client_base - INFO - local model train cost time : 0m:0s:430ms
2024-11-15 09:38:41,783 - client_base - INFO - model encode time : 0m:0s:1ms
2024-11-15 09:38:41,783 - fl_main - INFO - client_dict[f_00000] local model encrypting ...
2024-11-15 09:38:42,976 - fed_utils - INFO - encrypting key [conv1.weight].length : 150, cost time : 0m:1s:192ms
2024-11-15 09:38:43,024 - fed_utils - INFO - encrypting key [conv1.bias].length : 6, cost time : 0m:0s:48ms
2024-11-15 09:38:43,025 - fed_utils - INFO - load key [conv2.weight].length : 2400, cost time : 0m:0s:0ms
2024-11-15 09:38:43,025 - fed_utils - INFO - load key [conv2.bias].length : 16, cost time : 0m:0s:0ms
2024-11-15 09:38:43,026 - fed_utils - INFO - load key [fc1.weight].length : 48000, cost time : 0m:0s:0ms
2024-11-15 09:38:43,026 - fed_utils - INFO - load key [fc1.bias].length : 120, cost time : 0m:0s:0ms
2024-11-15 09:38:43,026 - fed_utils - INFO - load key [fc2.weight].length : 10080, cost time : 0m:0s:0ms
2024-11-15 09:38:43,026 - fed_utils - INFO - load key [fc2.bias].length : 84, cost time : 0m:0s:0ms
2024-11-15 09:38:49,845 - fed_utils - INFO - encrypting key [fc3.weight].length : 840, cost time : 0m:6s:818ms
2024-11-15 09:38:49,925 - fed_utils - INFO - encrypting key [fc3.bias].length : 10, cost time : 0m:0s:79ms
2024-11-15 09:38:49,926 - fl_main - INFO - Server receive client_dict[f_00000] info ...
2024-11-15 09:38:49,926 - fl_main - INFO - ----- client id [f_00001] -----
2024-11-15 09:38:49,927 - client_base - INFO - recover model cost time : 0m:0s:0ms
2024-11-15 09:38:49,927 - fl_main - INFO - client_dict[f_00001] training ...
2024-11-15 09:38:49,928 - client_base - INFO - client_dict[f_00001] training epoch : 0
2024-11-15 09:38:50,364 - client_base - INFO - local model train cost time : 0m:0s:435ms
2024-11-15 09:38:50,365 - client_base - INFO - model encode time : 0m:0s:1ms
2024-11-15 09:38:50,365 - fl_main - INFO - client_dict[f_00001] local model encrypting ...
2024-11-15 09:38:51,562 - fed_utils - INFO - encrypting key [conv1.weight].length : 150, cost time : 0m:1s:196ms
2024-11-15 09:38:51,610 - fed_utils - INFO - encrypting key [conv1.bias].length : 6, cost time : 0m:0s:48ms
2024-11-15 09:38:51,611 - fed_utils - INFO - load key [conv2.weight].length : 2400, cost time : 0m:0s:0ms
2024-11-15 09:38:51,611 - fed_utils - INFO - load key [conv2.bias].length : 16, cost time : 0m:0s:0ms
2024-11-15 09:38:51,612 - fed_utils - INFO - load key [fc1.weight].length : 48000, cost time : 0m:0s:0ms
2024-11-15 09:38:51,612 - fed_utils - INFO - load key [fc1.bias].length : 120, cost time : 0m:0s:0ms
2024-11-15 09:38:51,612 - fed_utils - INFO - load key [fc2.weight].length : 10080, cost time : 0m:0s:0ms
2024-11-15 09:38:51,612 - fed_utils - INFO - load key [fc2.bias].length : 84, cost time : 0m:0s:0ms
2024-11-15 09:38:58,283 - fed_utils - INFO - encrypting key [fc3.weight].length : 840, cost time : 0m:6s:671ms
2024-11-15 09:38:58,363 - fed_utils - INFO - encrypting key [fc3.bias].length : 10, cost time : 0m:0s:79ms
2024-11-15 09:38:58,363 - fl_main - INFO - Server receive client_dict[f_00001] info ...
2024-11-15 09:38:58,363 - fl_main - INFO - ----- client id [f_00002] -----
2024-11-15 09:38:58,365 - client_base - INFO - recover model cost time : 0m:0s:0ms
2024-11-15 09:38:58,365 - fl_main - INFO - client_dict[f_00002] training ...
2024-11-15 09:38:58,365 - client_base - INFO - client_dict[f_00002] training epoch : 0
2024-11-15 09:38:58,800 - client_base - INFO - local model train cost time : 0m:0s:434ms
2024-11-15 09:38:58,801 - client_base - INFO - model encode time : 0m:0s:1ms
2024-11-15 09:38:58,801 - fl_main - INFO - client_dict[f_00002] local model encrypting ...
2024-11-15 09:38:59,992 - fed_utils - INFO - encrypting key [conv1.weight].length : 150, cost time : 0m:1s:191ms
2024-11-15 09:39:00,041 - fed_utils - INFO - encrypting key [conv1.bias].length : 6, cost time : 0m:0s:48ms
2024-11-15 09:39:00,041 - fed_utils - INFO - load key [conv2.weight].length : 2400, cost time : 0m:0s:0ms
2024-11-15 09:39:00,041 - fed_utils - INFO - load key [conv2.bias].length : 16, cost time : 0m:0s:0ms
2024-11-15 09:39:00,042 - fed_utils - INFO - load key [fc1.weight].length : 48000, cost time : 0m:0s:0ms
2024-11-15 09:39:00,042 - fed_utils - INFO - load key [fc1.bias].length : 120, cost time : 0m:0s:0ms
2024-11-15 09:39:00,042 - fed_utils - INFO - load key [fc2.weight].length : 10080, cost time : 0m:0s:0ms
2024-11-15 09:39:00,042 - fed_utils - INFO - load key [fc2.bias].length : 84, cost time : 0m:0s:0ms
2024-11-15 09:39:06,853 - fed_utils - INFO - encrypting key [fc3.weight].length : 840, cost time : 0m:6s:810ms
2024-11-15 09:39:06,932 - fed_utils - INFO - encrypting key [fc3.bias].length : 10, cost time : 0m:0s:79ms
2024-11-15 09:39:06,932 - fl_main - INFO - Server receive client_dict[f_00002] info ...
2024-11-15 09:39:06,933 - fl_main - INFO - ----- client id [f_00003] -----
2024-11-15 09:39:06,934 - client_base - INFO - recover model cost time : 0m:0s:0ms
2024-11-15 09:39:06,934 - fl_main - INFO - client_dict[f_00003] training ...
2024-11-15 09:39:06,934 - client_base - INFO - client_dict[f_00003] training epoch : 0
2024-11-15 09:39:07,361 - client_base - INFO - local model train cost time : 0m:0s:426ms
2024-11-15 09:39:07,363 - client_base - INFO - model encode time : 0m:0s:1ms
2024-11-15 09:39:07,363 - fl_main - INFO - client_dict[f_00003] local model encrypting ...
2024-11-15 09:39:08,554 - fed_utils - INFO - encrypting key [conv1.weight].length : 150, cost time : 0m:1s:191ms
2024-11-15 09:39:08,602 - fed_utils - INFO - encrypting key [conv1.bias].length : 6, cost time : 0m:0s:48ms
2024-11-15 09:39:08,602 - fed_utils - INFO - load key [conv2.weight].length : 2400, cost time : 0m:0s:0ms
2024-11-15 09:39:08,603 - fed_utils - INFO - load key [conv2.bias].length : 16, cost time : 0m:0s:0ms
2024-11-15 09:39:08,604 - fed_utils - INFO - load key [fc1.weight].length : 48000, cost time : 0m:0s:0ms
2024-11-15 09:39:08,604 - fed_utils - INFO - load key [fc1.bias].length : 120, cost time : 0m:0s:0ms
2024-11-15 09:39:08,604 - fed_utils - INFO - load key [fc2.weight].length : 10080, cost time : 0m:0s:0ms
2024-11-15 09:39:08,604 - fed_utils - INFO - load key [fc2.bias].length : 84, cost time : 0m:0s:0ms
2024-11-15 09:39:15,270 - fed_utils - INFO - encrypting key [fc3.weight].length : 840, cost time : 0m:6s:666ms
2024-11-15 09:39:15,350 - fed_utils - INFO - encrypting key [fc3.bias].length : 10, cost time : 0m:0s:79ms
2024-11-15 09:39:15,350 - fl_main - INFO - Server receive client_dict[f_00003] info ...
2024-11-15 09:39:15,350 - fl_main - INFO - ----- client id [f_00004] -----
2024-11-15 09:39:15,351 - client_base - INFO - recover model cost time : 0m:0s:0ms
2024-11-15 09:39:15,352 - fl_main - INFO - client_dict[f_00004] training ...
2024-11-15 09:39:15,352 - client_base - INFO - client_dict[f_00004] training epoch : 0
2024-11-15 09:39:15,804 - client_base - INFO - local model train cost time : 0m:0s:451ms
2024-11-15 09:39:15,805 - client_base - INFO - model encode time : 0m:0s:1ms
2024-11-15 09:39:15,806 - fl_main - INFO - client_dict[f_00004] local model encrypting ...
2024-11-15 09:39:16,998 - fed_utils - INFO - encrypting key [conv1.weight].length : 150, cost time : 0m:1s:192ms
2024-11-15 09:39:17,046 - fed_utils - INFO - encrypting key [conv1.bias].length : 6, cost time : 0m:0s:48ms
2024-11-15 09:39:17,046 - fed_utils - INFO - load key [conv2.weight].length : 2400, cost time : 0m:0s:0ms
2024-11-15 09:39:17,046 - fed_utils - INFO - load key [conv2.bias].length : 16, cost time : 0m:0s:0ms
2024-11-15 09:39:17,047 - fed_utils - INFO - load key [fc1.weight].length : 48000, cost time : 0m:0s:0ms
2024-11-15 09:39:17,047 - fed_utils - INFO - load key [fc1.bias].length : 120, cost time : 0m:0s:0ms
2024-11-15 09:39:17,048 - fed_utils - INFO - load key [fc2.weight].length : 10080, cost time : 0m:0s:0ms
2024-11-15 09:39:17,048 - fed_utils - INFO - load key [fc2.bias].length : 84, cost time : 0m:0s:0ms
2024-11-15 09:39:23,889 - fed_utils - INFO - encrypting key [fc3.weight].length : 840, cost time : 0m:6s:841ms
2024-11-15 09:39:23,969 - fed_utils - INFO - encrypting key [fc3.bias].length : 10, cost time : 0m:0s:79ms
2024-11-15 09:39:23,969 - fl_main - INFO - Server receive client_dict[f_00004] info ...
2024-11-15 09:39:23,969 - fl_main - INFO - ----- client id [f_00005] -----
2024-11-15 09:39:23,970 - client_base - INFO - recover model cost time : 0m:0s:0ms
2024-11-15 09:39:23,970 - fl_main - INFO - client_dict[f_00005] training ...
2024-11-15 09:39:23,971 - client_base - INFO - client_dict[f_00005] training epoch : 0
2024-11-15 09:39:24,417 - client_base - INFO - local model train cost time : 0m:0s:445ms
2024-11-15 09:39:24,418 - client_base - INFO - model encode time : 0m:0s:1ms
2024-11-15 09:39:24,418 - fl_main - INFO - client_dict[f_00005] local model encrypting ...
2024-11-15 09:39:25,616 - fed_utils - INFO - encrypting key [conv1.weight].length : 150, cost time : 0m:1s:197ms
2024-11-15 09:39:25,665 - fed_utils - INFO - encrypting key [conv1.bias].length : 6, cost time : 0m:0s:48ms
2024-11-15 09:39:25,665 - fed_utils - INFO - load key [conv2.weight].length : 2400, cost time : 0m:0s:0ms
2024-11-15 09:39:25,665 - fed_utils - INFO - load key [conv2.bias].length : 16, cost time : 0m:0s:0ms
2024-11-15 09:39:25,666 - fed_utils - INFO - load key [fc1.weight].length : 48000, cost time : 0m:0s:0ms
2024-11-15 09:39:25,666 - fed_utils - INFO - load key [fc1.bias].length : 120, cost time : 0m:0s:0ms
2024-11-15 09:39:25,666 - fed_utils - INFO - load key [fc2.weight].length : 10080, cost time : 0m:0s:0ms
2024-11-15 09:39:25,666 - fed_utils - INFO - load key [fc2.bias].length : 84, cost time : 0m:0s:0ms
2024-11-15 09:39:32,346 - fed_utils - INFO - encrypting key [fc3.weight].length : 840, cost time : 0m:6s:679ms
2024-11-15 09:39:32,425 - fed_utils - INFO - encrypting key [fc3.bias].length : 10, cost time : 0m:0s:79ms
2024-11-15 09:39:32,426 - fl_main - INFO - Server receive client_dict[f_00005] info ...
2024-11-15 09:39:32,426 - fl_main - INFO - ----- client id [f_00006] -----
2024-11-15 09:39:32,427 - client_base - INFO - recover model cost time : 0m:0s:0ms
2024-11-15 09:39:32,427 - fl_main - INFO - client_dict[f_00006] training ...
2024-11-15 09:39:32,428 - client_base - INFO - client_dict[f_00006] training epoch : 0
2024-11-15 09:39:32,991 - client_base - INFO - local model train cost time : 0m:0s:563ms
2024-11-15 09:39:32,994 - client_base - INFO - model encode time : 0m:0s:2ms
2024-11-15 09:39:32,994 - fl_main - INFO - client_dict[f_00006] local model encrypting ...
2024-11-15 09:39:34,195 - fed_utils - INFO - encrypting key [conv1.weight].length : 150, cost time : 0m:1s:200ms
2024-11-15 09:39:34,243 - fed_utils - INFO - encrypting key [conv1.bias].length : 6, cost time : 0m:0s:47ms
2024-11-15 09:39:34,243 - fed_utils - INFO - load key [conv2.weight].length : 2400, cost time : 0m:0s:0ms
2024-11-15 09:39:34,243 - fed_utils - INFO - load key [conv2.bias].length : 16, cost time : 0m:0s:0ms
2024-11-15 09:39:34,244 - fed_utils - INFO - load key [fc1.weight].length : 48000, cost time : 0m:0s:0ms
2024-11-15 09:39:34,244 - fed_utils - INFO - load key [fc1.bias].length : 120, cost time : 0m:0s:0ms
2024-11-15 09:39:34,245 - fed_utils - INFO - load key [fc2.weight].length : 10080, cost time : 0m:0s:0ms
2024-11-15 09:39:34,245 - fed_utils - INFO - load key [fc2.bias].length : 84, cost time : 0m:0s:0ms
2024-11-15 09:39:40,912 - fed_utils - INFO - encrypting key [fc3.weight].length : 840, cost time : 0m:6s:667ms
2024-11-15 09:39:40,991 - fed_utils - INFO - encrypting key [fc3.bias].length : 10, cost time : 0m:0s:79ms
2024-11-15 09:39:40,991 - fl_main - INFO - Server receive client_dict[f_00006] info ...
2024-11-15 09:39:40,992 - fl_main - INFO - ----- client id [f_00007] -----
2024-11-15 09:39:40,993 - client_base - INFO - recover model cost time : 0m:0s:0ms
2024-11-15 09:39:40,993 - fl_main - INFO - client_dict[f_00007] training ...
2024-11-15 09:39:40,994 - client_base - INFO - client_dict[f_00007] training epoch : 0
2024-11-15 09:39:41,422 - client_base - INFO - local model train cost time : 0m:0s:428ms
2024-11-15 09:39:41,424 - client_base - INFO - model encode time : 0m:0s:1ms
2024-11-15 09:39:41,424 - fl_main - INFO - client_dict[f_00007] local model encrypting ...
2024-11-15 09:39:42,618 - fed_utils - INFO - encrypting key [conv1.weight].length : 150, cost time : 0m:1s:193ms
2024-11-15 09:39:42,667 - fed_utils - INFO - encrypting key [conv1.bias].length : 6, cost time : 0m:0s:48ms
2024-11-15 09:39:42,667 - fed_utils - INFO - load key [conv2.weight].length : 2400, cost time : 0m:0s:0ms
2024-11-15 09:39:42,667 - fed_utils - INFO - load key [conv2.bias].length : 16, cost time : 0m:0s:0ms
2024-11-15 09:39:42,668 - fed_utils - INFO - load key [fc1.weight].length : 48000, cost time : 0m:0s:0ms
2024-11-15 09:39:42,668 - fed_utils - INFO - load key [fc1.bias].length : 120, cost time : 0m:0s:0ms
2024-11-15 09:39:42,668 - fed_utils - INFO - load key [fc2.weight].length : 10080, cost time : 0m:0s:0ms
2024-11-15 09:39:42,668 - fed_utils - INFO - load key [fc2.bias].length : 84, cost time : 0m:0s:0ms
2024-11-15 09:39:49,511 - fed_utils - INFO - encrypting key [fc3.weight].length : 840, cost time : 0m:6s:842ms
2024-11-15 09:39:49,591 - fed_utils - INFO - encrypting key [fc3.bias].length : 10, cost time : 0m:0s:79ms
2024-11-15 09:39:49,591 - fl_main - INFO - Server receive client_dict[f_00007] info ...
2024-11-15 09:39:49,591 - fl_main - INFO - ----- client id [f_00008] -----
2024-11-15 09:39:49,592 - client_base - INFO - recover model cost time : 0m:0s:0ms
2024-11-15 09:39:49,592 - fl_main - INFO - client_dict[f_00008] training ...
2024-11-15 09:39:49,593 - client_base - INFO - client_dict[f_00008] training epoch : 0
2024-11-15 09:39:50,022 - client_base - INFO - local model train cost time : 0m:0s:428ms
2024-11-15 09:39:50,023 - client_base - INFO - model encode time : 0m:0s:1ms
2024-11-15 09:39:50,023 - fl_main - INFO - client_dict[f_00008] local model encrypting ...
2024-11-15 09:39:51,214 - fed_utils - INFO - encrypting key [conv1.weight].length : 150, cost time : 0m:1s:190ms
2024-11-15 09:39:51,262 - fed_utils - INFO - encrypting key [conv1.bias].length : 6, cost time : 0m:0s:47ms
2024-11-15 09:39:51,262 - fed_utils - INFO - load key [conv2.weight].length : 2400, cost time : 0m:0s:0ms
2024-11-15 09:39:51,262 - fed_utils - INFO - load key [conv2.bias].length : 16, cost time : 0m:0s:0ms
2024-11-15 09:39:51,263 - fed_utils - INFO - load key [fc1.weight].length : 48000, cost time : 0m:0s:0ms
2024-11-15 09:39:51,263 - fed_utils - INFO - load key [fc1.bias].length : 120, cost time : 0m:0s:0ms
2024-11-15 09:39:51,264 - fed_utils - INFO - load key [fc2.weight].length : 10080, cost time : 0m:0s:0ms
2024-11-15 09:39:51,264 - fed_utils - INFO - load key [fc2.bias].length : 84, cost time : 0m:0s:0ms
2024-11-15 09:39:57,935 - fed_utils - INFO - encrypting key [fc3.weight].length : 840, cost time : 0m:6s:671ms
2024-11-15 09:39:58,015 - fed_utils - INFO - encrypting key [fc3.bias].length : 10, cost time : 0m:0s:79ms
2024-11-15 09:39:58,015 - fl_main - INFO - Server receive client_dict[f_00008] info ...
2024-11-15 09:39:58,015 - fl_main - INFO - ----- client id [f_00009] -----
2024-11-15 09:39:58,017 - client_base - INFO - recover model cost time : 0m:0s:0ms
2024-11-15 09:39:58,017 - fl_main - INFO - client_dict[f_00009] training ...
2024-11-15 09:39:58,017 - client_base - INFO - client_dict[f_00009] training epoch : 0
2024-11-15 09:39:58,452 - client_base - INFO - local model train cost time : 0m:0s:434ms
2024-11-15 09:39:58,453 - client_base - INFO - model encode time : 0m:0s:1ms
2024-11-15 09:39:58,454 - fl_main - INFO - client_dict[f_00009] local model encrypting ...
2024-11-15 09:39:59,647 - fed_utils - INFO - encrypting key [conv1.weight].length : 150, cost time : 0m:1s:193ms
2024-11-15 09:39:59,695 - fed_utils - INFO - encrypting key [conv1.bias].length : 6, cost time : 0m:0s:48ms
2024-11-15 09:39:59,695 - fed_utils - INFO - load key [conv2.weight].length : 2400, cost time : 0m:0s:0ms
2024-11-15 09:39:59,696 - fed_utils - INFO - load key [conv2.bias].length : 16, cost time : 0m:0s:0ms
2024-11-15 09:39:59,697 - fed_utils - INFO - load key [fc1.weight].length : 48000, cost time : 0m:0s:0ms
2024-11-15 09:39:59,697 - fed_utils - INFO - load key [fc1.bias].length : 120, cost time : 0m:0s:0ms
2024-11-15 09:39:59,697 - fed_utils - INFO - load key [fc2.weight].length : 10080, cost time : 0m:0s:0ms
2024-11-15 09:39:59,697 - fed_utils - INFO - load key [fc2.bias].length : 84, cost time : 0m:0s:0ms
2024-11-15 09:40:06,629 - fed_utils - INFO - encrypting key [fc3.weight].length : 840, cost time : 0m:6s:931ms
2024-11-15 09:40:06,709 - fed_utils - INFO - encrypting key [fc3.bias].length : 10, cost time : 0m:0s:80ms
2024-11-15 09:40:06,709 - fl_main - INFO - Server receive client_dict[f_00009] info ...
2024-11-15 09:40:06,709 - fl_main - INFO - ----- client id [f_00010] -----
2024-11-15 09:40:06,710 - client_base - INFO - recover model cost time : 0m:0s:0ms
2024-11-15 09:40:06,711 - fl_main - INFO - client_dict[f_00010] training ...
2024-11-15 09:40:06,711 - client_base - INFO - client_dict[f_00010] training epoch : 0
2024-11-15 09:40:07,147 - client_base - INFO - local model train cost time : 0m:0s:436ms
2024-11-15 09:40:07,149 - client_base - INFO - model encode time : 0m:0s:1ms
2024-11-15 09:40:07,149 - fl_main - INFO - client_dict[f_00010] local model encrypting ...
2024-11-15 09:40:08,344 - fed_utils - INFO - encrypting key [conv1.weight].length : 150, cost time : 0m:1s:194ms
2024-11-15 09:40:08,392 - fed_utils - INFO - encrypting key [conv1.bias].length : 6, cost time : 0m:0s:48ms
2024-11-15 09:40:08,392 - fed_utils - INFO - load key [conv2.weight].length : 2400, cost time : 0m:0s:0ms
2024-11-15 09:40:08,392 - fed_utils - INFO - load key [conv2.bias].length : 16, cost time : 0m:0s:0ms
2024-11-15 09:40:08,393 - fed_utils - INFO - load key [fc1.weight].length : 48000, cost time : 0m:0s:0ms
2024-11-15 09:40:08,393 - fed_utils - INFO - load key [fc1.bias].length : 120, cost time : 0m:0s:0ms
2024-11-15 09:40:08,393 - fed_utils - INFO - load key [fc2.weight].length : 10080, cost time : 0m:0s:0ms
2024-11-15 09:40:08,394 - fed_utils - INFO - load key [fc2.bias].length : 84, cost time : 0m:0s:0ms
2024-11-15 09:40:15,081 - fed_utils - INFO - encrypting key [fc3.weight].length : 840, cost time : 0m:6s:687ms
2024-11-15 09:40:15,163 - fed_utils - INFO - encrypting key [fc3.bias].length : 10, cost time : 0m:0s:81ms
2024-11-15 09:40:15,163 - fl_main - INFO - Server receive client_dict[f_00010] info ...
2024-11-15 09:40:15,163 - fl_main - INFO - ----- client id [f_00011] -----
2024-11-15 09:40:15,165 - client_base - INFO - recover model cost time : 0m:0s:0ms
2024-11-15 09:40:15,971 - fl_main - INFO - global round [6] client_dict[f_00011].accuracy : 0.602400
2024-11-15 09:40:15,971 - fl_main - INFO - client_dict[f_00011] training ...
2024-11-15 09:40:15,971 - client_base - INFO - client_dict[f_00011] training epoch : 0
2024-11-15 09:40:16,390 - client_base - INFO - local model train cost time : 0m:0s:418ms
2024-11-15 09:40:16,391 - client_base - INFO - model encode time : 0m:0s:1ms
2024-11-15 09:40:16,392 - fl_main - INFO - client_dict[f_00011] local model encrypting ...
2024-11-15 09:40:17,620 - fed_utils - INFO - encrypting key [conv1.weight].length : 150, cost time : 0m:1s:228ms
2024-11-15 09:40:17,701 - fed_utils - INFO - encrypting key [conv1.bias].length : 6, cost time : 0m:0s:80ms
2024-11-15 09:40:17,701 - fed_utils - INFO - load key [conv2.weight].length : 2400, cost time : 0m:0s:0ms
2024-11-15 09:40:17,702 - fed_utils - INFO - load key [conv2.bias].length : 16, cost time : 0m:0s:0ms
2024-11-15 09:40:17,704 - fed_utils - INFO - load key [fc1.weight].length : 48000, cost time : 0m:0s:1ms
2024-11-15 09:40:17,704 - fed_utils - INFO - load key [fc1.bias].length : 120, cost time : 0m:0s:0ms
2024-11-15 09:40:17,704 - fed_utils - INFO - load key [fc2.weight].length : 10080, cost time : 0m:0s:0ms
2024-11-15 09:40:17,704 - fed_utils - INFO - load key [fc2.bias].length : 84, cost time : 0m:0s:0ms
2024-11-15 09:40:24,487 - fed_utils - INFO - encrypting key [fc3.weight].length : 840, cost time : 0m:6s:782ms
2024-11-15 09:40:24,567 - fed_utils - INFO - encrypting key [fc3.bias].length : 10, cost time : 0m:0s:80ms
2024-11-15 09:40:24,567 - fl_main - INFO - Server receive client_dict[f_00011] info ...
2024-11-15 09:40:24,568 - fl_main - INFO - ----- client id [f_00012] -----
2024-11-15 09:40:24,569 - client_base - INFO - recover model cost time : 0m:0s:0ms
2024-11-15 09:40:24,569 - fl_main - INFO - client_dict[f_00012] training ...
2024-11-15 09:40:24,570 - client_base - INFO - client_dict[f_00012] training epoch : 0
2024-11-15 09:40:24,997 - client_base - INFO - local model train cost time : 0m:0s:427ms
2024-11-15 09:40:24,999 - client_base - INFO - model encode time : 0m:0s:1ms
2024-11-15 09:40:24,999 - fl_main - INFO - client_dict[f_00012] local model encrypting ...
2024-11-15 09:40:26,196 - fed_utils - INFO - encrypting key [conv1.weight].length : 150, cost time : 0m:1s:197ms
2024-11-15 09:40:26,244 - fed_utils - INFO - encrypting key [conv1.bias].length : 6, cost time : 0m:0s:48ms
2024-11-15 09:40:26,245 - fed_utils - INFO - load key [conv2.weight].length : 2400, cost time : 0m:0s:0ms
2024-11-15 09:40:26,245 - fed_utils - INFO - load key [conv2.bias].length : 16, cost time : 0m:0s:0ms
2024-11-15 09:40:26,246 - fed_utils - INFO - load key [fc1.weight].length : 48000, cost time : 0m:0s:1ms
2024-11-15 09:40:26,246 - fed_utils - INFO - load key [fc1.bias].length : 120, cost time : 0m:0s:0ms
2024-11-15 09:40:26,246 - fed_utils - INFO - load key [fc2.weight].length : 10080, cost time : 0m:0s:0ms
2024-11-15 09:40:26,246 - fed_utils - INFO - load key [fc2.bias].length : 84, cost time : 0m:0s:0ms
2024-11-15 09:40:33,151 - fed_utils - INFO - encrypting key [fc3.weight].length : 840, cost time : 0m:6s:904ms
2024-11-15 09:40:33,231 - fed_utils - INFO - encrypting key [fc3.bias].length : 10, cost time : 0m:0s:80ms
2024-11-15 09:40:33,231 - fl_main - INFO - Server receive client_dict[f_00012] info ...
2024-11-15 09:40:33,231 - fl_main - INFO - ----- client id [f_00013] -----
2024-11-15 09:40:33,232 - client_base - INFO - recover model cost time : 0m:0s:0ms
2024-11-15 09:40:33,233 - fl_main - INFO - client_dict[f_00013] training ...
2024-11-15 09:40:33,233 - client_base - INFO - client_dict[f_00013] training epoch : 0
2024-11-15 09:40:33,676 - client_base - INFO - local model train cost time : 0m:0s:442ms
2024-11-15 09:40:33,677 - client_base - INFO - model encode time : 0m:0s:1ms
2024-11-15 09:40:33,677 - fl_main - INFO - client_dict[f_00013] local model encrypting ...
2024-11-15 09:40:34,874 - fed_utils - INFO - encrypting key [conv1.weight].length : 150, cost time : 0m:1s:196ms
2024-11-15 09:40:34,922 - fed_utils - INFO - encrypting key [conv1.bias].length : 6, cost time : 0m:0s:48ms
2024-11-15 09:40:34,922 - fed_utils - INFO - load key [conv2.weight].length : 2400, cost time : 0m:0s:0ms
2024-11-15 09:40:34,922 - fed_utils - INFO - load key [conv2.bias].length : 16, cost time : 0m:0s:0ms
2024-11-15 09:40:34,924 - fed_utils - INFO - load key [fc1.weight].length : 48000, cost time : 0m:0s:1ms
2024-11-15 09:40:34,924 - fed_utils - INFO - load key [fc1.bias].length : 120, cost time : 0m:0s:0ms
2024-11-15 09:40:34,924 - fed_utils - INFO - load key [fc2.weight].length : 10080, cost time : 0m:0s:0ms
2024-11-15 09:40:34,924 - fed_utils - INFO - load key [fc2.bias].length : 84, cost time : 0m:0s:0ms
2024-11-15 09:40:41,611 - fed_utils - INFO - encrypting key [fc3.weight].length : 840, cost time : 0m:6s:686ms
2024-11-15 09:40:41,691 - fed_utils - INFO - encrypting key [fc3.bias].length : 10, cost time : 0m:0s:79ms
2024-11-15 09:40:41,691 - fl_main - INFO - Server receive client_dict[f_00013] info ...
2024-11-15 09:40:41,691 - fl_main - INFO - ----- client id [f_00014] -----
2024-11-15 09:40:41,692 - client_base - INFO - recover model cost time : 0m:0s:0ms
2024-11-15 09:40:41,692 - fl_main - INFO - client_dict[f_00014] training ...
2024-11-15 09:40:41,693 - client_base - INFO - client_dict[f_00014] training epoch : 0
2024-11-15 09:40:42,114 - client_base - INFO - local model train cost time : 0m:0s:421ms
2024-11-15 09:40:42,116 - client_base - INFO - model encode time : 0m:0s:1ms
2024-11-15 09:40:42,116 - fl_main - INFO - client_dict[f_00014] local model encrypting ...
2024-11-15 09:40:43,308 - fed_utils - INFO - encrypting key [conv1.weight].length : 150, cost time : 0m:1s:191ms
2024-11-15 09:40:43,356 - fed_utils - INFO - encrypting key [conv1.bias].length : 6, cost time : 0m:0s:48ms
2024-11-15 09:40:43,356 - fed_utils - INFO - load key [conv2.weight].length : 2400, cost time : 0m:0s:0ms
2024-11-15 09:40:43,356 - fed_utils - INFO - load key [conv2.bias].length : 16, cost time : 0m:0s:0ms
2024-11-15 09:40:43,357 - fed_utils - INFO - load key [fc1.weight].length : 48000, cost time : 0m:0s:1ms
2024-11-15 09:40:43,357 - fed_utils - INFO - load key [fc1.bias].length : 120, cost time : 0m:0s:0ms
2024-11-15 09:40:43,358 - fed_utils - INFO - load key [fc2.weight].length : 10080, cost time : 0m:0s:0ms
2024-11-15 09:40:43,358 - fed_utils - INFO - load key [fc2.bias].length : 84, cost time : 0m:0s:0ms
2024-11-15 09:40:50,175 - fed_utils - INFO - encrypting key [fc3.weight].length : 840, cost time : 0m:6s:817ms
2024-11-15 09:40:50,255 - fed_utils - INFO - encrypting key [fc3.bias].length : 10, cost time : 0m:0s:79ms
2024-11-15 09:40:50,255 - fl_main - INFO - Server receive client_dict[f_00014] info ...
2024-11-15 09:40:50,255 - fl_main - INFO - global aggregation process ...
2024-11-15 09:40:50,255 - fed_utils - INFO - server.n_data : 60000
2024-11-15 09:40:50,255 - fed_utils - INFO - client_dict[f_00000].weight : 0.066667
2024-11-15 09:40:50,255 - fed_utils - INFO - client_dict[f_00001].weight : 0.066667
2024-11-15 09:40:50,256 - fed_utils - INFO - client_dict[f_00002].weight : 0.066667
2024-11-15 09:40:50,256 - fed_utils - INFO - client_dict[f_00003].weight : 0.066667
2024-11-15 09:40:50,256 - fed_utils - INFO - client_dict[f_00004].weight : 0.066667
2024-11-15 09:40:50,256 - fed_utils - INFO - client_dict[f_00005].weight : 0.066667
2024-11-15 09:40:50,256 - fed_utils - INFO - client_dict[f_00006].weight : 0.066667
2024-11-15 09:40:50,256 - fed_utils - INFO - client_dict[f_00007].weight : 0.066667
2024-11-15 09:40:50,256 - fed_utils - INFO - client_dict[f_00008].weight : 0.066667
2024-11-15 09:40:50,256 - fed_utils - INFO - client_dict[f_00009].weight : 0.066667
2024-11-15 09:40:50,256 - fed_utils - INFO - client_dict[f_00010].weight : 0.066667
2024-11-15 09:40:50,256 - fed_utils - INFO - client_dict[f_00011].weight : 0.066667
2024-11-15 09:40:50,256 - fed_utils - INFO - client_dict[f_00012].weight : 0.066667
2024-11-15 09:40:50,256 - fed_utils - INFO - client_dict[f_00013].weight : 0.066667
2024-11-15 09:40:50,256 - fed_utils - INFO - client_dict[f_00014].weight : 0.066667
2024-11-15 09:40:50,256 - fed_utils - INFO - recover secret number by clients: 1052426.333333
2024-11-15 09:40:50,256 - server_base - INFO - Server aggregate model with homomorphic encryption ...
2024-11-15 09:40:55,113 - server_base - INFO - Server aggregate model done, cost time : 0m:4s:857ms
2024-11-15 09:40:55,456 - fed_utils - INFO - decrypting key [conv1.weight].shape [torch.Size([6, 1, 5, 5])]
2024-11-15 09:40:55,470 - fed_utils - INFO - decrypting key [conv1.bias].shape [torch.Size([6])]
2024-11-15 09:40:55,470 - fed_utils - INFO - decrypting key [conv2.weight].shape [torch.Size([16, 6, 5, 5])]
2024-11-15 09:40:55,470 - fed_utils - INFO - decrypting key [conv2.bias].shape [torch.Size([16])]
2024-11-15 09:40:55,470 - fed_utils - INFO - decrypting key [fc1.weight].shape [torch.Size([120, 400])]
2024-11-15 09:40:55,470 - fed_utils - INFO - decrypting key [fc1.bias].shape [torch.Size([120])]
2024-11-15 09:40:55,470 - fed_utils - INFO - decrypting key [fc2.weight].shape [torch.Size([84, 120])]
2024-11-15 09:40:55,470 - fed_utils - INFO - decrypting key [fc2.bias].shape [torch.Size([84])]
2024-11-15 09:40:57,390 - fed_utils - INFO - decrypting key [fc3.weight].shape [torch.Size([10, 84])]
2024-11-15 09:40:57,413 - fed_utils - INFO - decrypting key [fc3.bias].shape [torch.Size([10])]
2024-11-15 09:40:57,413 - fed_utils - INFO - decrypt time : [0m:2s:299ms]
2024-11-15 09:40:57,421 - fl_main - INFO - [global round : 6] aggregated model accuracy : 0.6024
2024-11-15 09:40:57,421 - fl_main - INFO - [global round : 6] aggregated model loss : 1.2613387956760644
2024-11-15 09:40:57,421 - fl_main - INFO - global round : 7
2024-11-15 09:40:57,422 - fl_main - INFO - the random client id to test accuracy : f_00000
2024-11-15 09:40:57,422 - fl_main - INFO - ----- client id [f_00000] -----
2024-11-15 09:40:57,423 - client_base - INFO - recover model cost time : 0m:0s:0ms
2024-11-15 09:40:58,222 - fl_main - INFO - global round [7] client_dict[f_00000].accuracy : 0.740300
2024-11-15 09:40:58,222 - fl_main - INFO - client_dict[f_00000] training ...
2024-11-15 09:40:58,222 - client_base - INFO - client_dict[f_00000] training epoch : 0
2024-11-15 09:40:58,649 - client_base - INFO - local model train cost time : 0m:0s:426ms
2024-11-15 09:40:58,651 - client_base - INFO - model encode time : 0m:0s:1ms
2024-11-15 09:40:58,651 - fl_main - INFO - client_dict[f_00000] local model encrypting ...
2024-11-15 09:40:59,858 - fed_utils - INFO - encrypting key [conv1.weight].length : 150, cost time : 0m:1s:206ms
2024-11-15 09:40:59,907 - fed_utils - INFO - encrypting key [conv1.bias].length : 6, cost time : 0m:0s:49ms
2024-11-15 09:40:59,907 - fed_utils - INFO - load key [conv2.weight].length : 2400, cost time : 0m:0s:0ms
2024-11-15 09:40:59,907 - fed_utils - INFO - load key [conv2.bias].length : 16, cost time : 0m:0s:0ms
2024-11-15 09:40:59,908 - fed_utils - INFO - load key [fc1.weight].length : 48000, cost time : 0m:0s:1ms
2024-11-15 09:40:59,909 - fed_utils - INFO - load key [fc1.bias].length : 120, cost time : 0m:0s:0ms
2024-11-15 09:40:59,909 - fed_utils - INFO - load key [fc2.weight].length : 10080, cost time : 0m:0s:0ms
2024-11-15 09:40:59,909 - fed_utils - INFO - load key [fc2.bias].length : 84, cost time : 0m:0s:0ms
2024-11-15 09:41:06,773 - fed_utils - INFO - encrypting key [fc3.weight].length : 840, cost time : 0m:6s:864ms
2024-11-15 09:41:06,853 - fed_utils - INFO - encrypting key [fc3.bias].length : 10, cost time : 0m:0s:79ms
2024-11-15 09:41:06,854 - fl_main - INFO - Server receive client_dict[f_00000] info ...
2024-11-15 09:41:06,854 - fl_main - INFO - ----- client id [f_00001] -----
2024-11-15 09:41:06,855 - client_base - INFO - recover model cost time : 0m:0s:0ms
2024-11-15 09:41:06,855 - fl_main - INFO - client_dict[f_00001] training ...
2024-11-15 09:41:06,856 - client_base - INFO - client_dict[f_00001] training epoch : 0
2024-11-15 09:41:07,273 - client_base - INFO - local model train cost time : 0m:0s:416ms
2024-11-15 09:41:07,274 - client_base - INFO - model encode time : 0m:0s:1ms
2024-11-15 09:41:07,274 - fl_main - INFO - client_dict[f_00001] local model encrypting ...
2024-11-15 09:41:08,466 - fed_utils - INFO - encrypting key [conv1.weight].length : 150, cost time : 0m:1s:191ms
2024-11-15 09:41:08,514 - fed_utils - INFO - encrypting key [conv1.bias].length : 6, cost time : 0m:0s:48ms
2024-11-15 09:41:08,514 - fed_utils - INFO - load key [conv2.weight].length : 2400, cost time : 0m:0s:0ms
2024-11-15 09:41:08,514 - fed_utils - INFO - load key [conv2.bias].length : 16, cost time : 0m:0s:0ms
2024-11-15 09:41:08,515 - fed_utils - INFO - load key [fc1.weight].length : 48000, cost time : 0m:0s:0ms
2024-11-15 09:41:08,515 - fed_utils - INFO - load key [fc1.bias].length : 120, cost time : 0m:0s:0ms
2024-11-15 09:41:08,515 - fed_utils - INFO - load key [fc2.weight].length : 10080, cost time : 0m:0s:0ms
2024-11-15 09:41:08,515 - fed_utils - INFO - load key [fc2.bias].length : 84, cost time : 0m:0s:0ms
2024-11-15 09:41:15,183 - fed_utils - INFO - encrypting key [fc3.weight].length : 840, cost time : 0m:6s:667ms
2024-11-15 09:41:15,263 - fed_utils - INFO - encrypting key [fc3.bias].length : 10, cost time : 0m:0s:80ms
2024-11-15 09:41:15,263 - fl_main - INFO - Server receive client_dict[f_00001] info ...
2024-11-15 09:41:15,264 - fl_main - INFO - ----- client id [f_00002] -----
2024-11-15 09:41:15,266 - client_base - INFO - recover model cost time : 0m:0s:0ms
2024-11-15 09:41:15,266 - fl_main - INFO - client_dict[f_00002] training ...
2024-11-15 09:41:15,267 - client_base - INFO - client_dict[f_00002] training epoch : 0
2024-11-15 09:41:15,714 - client_base - INFO - local model train cost time : 0m:0s:447ms
2024-11-15 09:41:15,716 - client_base - INFO - model encode time : 0m:0s:1ms
2024-11-15 09:41:15,716 - fl_main - INFO - client_dict[f_00002] local model encrypting ...
2024-11-15 09:41:16,908 - fed_utils - INFO - encrypting key [conv1.weight].length : 150, cost time : 0m:1s:191ms
2024-11-15 09:41:16,956 - fed_utils - INFO - encrypting key [conv1.bias].length : 6, cost time : 0m:0s:48ms
2024-11-15 09:41:16,956 - fed_utils - INFO - load key [conv2.weight].length : 2400, cost time : 0m:0s:0ms
2024-11-15 09:41:16,956 - fed_utils - INFO - load key [conv2.bias].length : 16, cost time : 0m:0s:0ms
2024-11-15 09:41:16,957 - fed_utils - INFO - load key [fc1.weight].length : 48000, cost time : 0m:0s:0ms
2024-11-15 09:41:16,957 - fed_utils - INFO - load key [fc1.bias].length : 120, cost time : 0m:0s:0ms
2024-11-15 09:41:16,957 - fed_utils - INFO - load key [fc2.weight].length : 10080, cost time : 0m:0s:0ms
2024-11-15 09:41:16,957 - fed_utils - INFO - load key [fc2.bias].length : 84, cost time : 0m:0s:0ms
2024-11-15 09:41:23,766 - fed_utils - INFO - encrypting key [fc3.weight].length : 840, cost time : 0m:6s:808ms
2024-11-15 09:41:23,846 - fed_utils - INFO - encrypting key [fc3.bias].length : 10, cost time : 0m:0s:79ms
2024-11-15 09:41:23,846 - fl_main - INFO - Server receive client_dict[f_00002] info ...
2024-11-15 09:41:23,846 - fl_main - INFO - ----- client id [f_00003] -----
2024-11-15 09:41:23,847 - client_base - INFO - recover model cost time : 0m:0s:0ms
2024-11-15 09:41:23,847 - fl_main - INFO - client_dict[f_00003] training ...
2024-11-15 09:41:23,848 - client_base - INFO - client_dict[f_00003] training epoch : 0
2024-11-15 09:41:24,266 - client_base - INFO - local model train cost time : 0m:0s:417ms
2024-11-15 09:41:24,267 - client_base - INFO - model encode time : 0m:0s:1ms
2024-11-15 09:41:24,267 - fl_main - INFO - client_dict[f_00003] local model encrypting ...
2024-11-15 09:41:25,458 - fed_utils - INFO - encrypting key [conv1.weight].length : 150, cost time : 0m:1s:190ms
2024-11-15 09:41:25,506 - fed_utils - INFO - encrypting key [conv1.bias].length : 6, cost time : 0m:0s:47ms
2024-11-15 09:41:25,506 - fed_utils - INFO - load key [conv2.weight].length : 2400, cost time : 0m:0s:0ms
2024-11-15 09:41:25,506 - fed_utils - INFO - load key [conv2.bias].length : 16, cost time : 0m:0s:0ms
2024-11-15 09:41:25,507 - fed_utils - INFO - load key [fc1.weight].length : 48000, cost time : 0m:0s:0ms
2024-11-15 09:41:25,507 - fed_utils - INFO - load key [fc1.bias].length : 120, cost time : 0m:0s:0ms
2024-11-15 09:41:25,508 - fed_utils - INFO - load key [fc2.weight].length : 10080, cost time : 0m:0s:0ms
2024-11-15 09:41:25,508 - fed_utils - INFO - load key [fc2.bias].length : 84, cost time : 0m:0s:0ms
2024-11-15 09:41:32,178 - fed_utils - INFO - encrypting key [fc3.weight].length : 840, cost time : 0m:6s:670ms
2024-11-15 09:41:32,259 - fed_utils - INFO - encrypting key [fc3.bias].length : 10, cost time : 0m:0s:80ms
2024-11-15 09:41:32,259 - fl_main - INFO - Server receive client_dict[f_00003] info ...
2024-11-15 09:41:32,259 - fl_main - INFO - ----- client id [f_00004] -----
2024-11-15 09:41:32,260 - client_base - INFO - recover model cost time : 0m:0s:0ms
2024-11-15 09:41:32,260 - fl_main - INFO - client_dict[f_00004] training ...
2024-11-15 09:41:32,261 - client_base - INFO - client_dict[f_00004] training epoch : 0
2024-11-15 09:41:32,715 - client_base - INFO - local model train cost time : 0m:0s:453ms
2024-11-15 09:41:32,717 - client_base - INFO - model encode time : 0m:0s:1ms
2024-11-15 09:41:32,717 - fl_main - INFO - client_dict[f_00004] local model encrypting ...
2024-11-15 09:41:34,008 - fed_utils - INFO - encrypting key [conv1.weight].length : 150, cost time : 0m:1s:291ms
2024-11-15 09:41:34,057 - fed_utils - INFO - encrypting key [conv1.bias].length : 6, cost time : 0m:0s:47ms
2024-11-15 09:41:34,057 - fed_utils - INFO - load key [conv2.weight].length : 2400, cost time : 0m:0s:0ms
2024-11-15 09:41:34,057 - fed_utils - INFO - load key [conv2.bias].length : 16, cost time : 0m:0s:0ms
2024-11-15 09:41:34,058 - fed_utils - INFO - load key [fc1.weight].length : 48000, cost time : 0m:0s:0ms
2024-11-15 09:41:34,058 - fed_utils - INFO - load key [fc1.bias].length : 120, cost time : 0m:0s:0ms
2024-11-15 09:41:34,058 - fed_utils - INFO - load key [fc2.weight].length : 10080, cost time : 0m:0s:0ms
2024-11-15 09:41:34,058 - fed_utils - INFO - load key [fc2.bias].length : 84, cost time : 0m:0s:0ms
2024-11-15 09:41:40,743 - fed_utils - INFO - encrypting key [fc3.weight].length : 840, cost time : 0m:6s:684ms
2024-11-15 09:41:40,823 - fed_utils - INFO - encrypting key [fc3.bias].length : 10, cost time : 0m:0s:79ms
2024-11-15 09:41:40,823 - fl_main - INFO - Server receive client_dict[f_00004] info ...
2024-11-15 09:41:40,823 - fl_main - INFO - ----- client id [f_00005] -----
2024-11-15 09:41:40,824 - client_base - INFO - recover model cost time : 0m:0s:0ms
2024-11-15 09:41:40,824 - fl_main - INFO - client_dict[f_00005] training ...
2024-11-15 09:41:40,825 - client_base - INFO - client_dict[f_00005] training epoch : 0
2024-11-15 09:41:41,251 - client_base - INFO - local model train cost time : 0m:0s:425ms
2024-11-15 09:41:41,252 - client_base - INFO - model encode time : 0m:0s:1ms
2024-11-15 09:41:41,253 - fl_main - INFO - client_dict[f_00005] local model encrypting ...
2024-11-15 09:41:42,449 - fed_utils - INFO - encrypting key [conv1.weight].length : 150, cost time : 0m:1s:196ms
2024-11-15 09:41:42,497 - fed_utils - INFO - encrypting key [conv1.bias].length : 6, cost time : 0m:0s:48ms
2024-11-15 09:41:42,497 - fed_utils - INFO - load key [conv2.weight].length : 2400, cost time : 0m:0s:0ms
2024-11-15 09:41:42,497 - fed_utils - INFO - load key [conv2.bias].length : 16, cost time : 0m:0s:0ms
2024-11-15 09:41:42,498 - fed_utils - INFO - load key [fc1.weight].length : 48000, cost time : 0m:0s:0ms
2024-11-15 09:41:42,498 - fed_utils - INFO - load key [fc1.bias].length : 120, cost time : 0m:0s:0ms
2024-11-15 09:41:42,498 - fed_utils - INFO - load key [fc2.weight].length : 10080, cost time : 0m:0s:0ms
2024-11-15 09:41:42,499 - fed_utils - INFO - load key [fc2.bias].length : 84, cost time : 0m:0s:0ms
2024-11-15 09:41:49,388 - fed_utils - INFO - encrypting key [fc3.weight].length : 840, cost time : 0m:6s:889ms
2024-11-15 09:41:49,468 - fed_utils - INFO - encrypting key [fc3.bias].length : 10, cost time : 0m:0s:79ms
2024-11-15 09:41:49,468 - fl_main - INFO - Server receive client_dict[f_00005] info ...
2024-11-15 09:41:49,468 - fl_main - INFO - ----- client id [f_00006] -----
2024-11-15 09:41:49,469 - client_base - INFO - recover model cost time : 0m:0s:0ms
2024-11-15 09:41:49,470 - fl_main - INFO - client_dict[f_00006] training ...
2024-11-15 09:41:49,470 - client_base - INFO - client_dict[f_00006] training epoch : 0
2024-11-15 09:41:49,933 - client_base - INFO - local model train cost time : 0m:0s:462ms
2024-11-15 09:41:49,934 - client_base - INFO - model encode time : 0m:0s:1ms
2024-11-15 09:41:49,934 - fl_main - INFO - client_dict[f_00006] local model encrypting ...
2024-11-15 09:41:51,128 - fed_utils - INFO - encrypting key [conv1.weight].length : 150, cost time : 0m:1s:193ms
2024-11-15 09:41:51,176 - fed_utils - INFO - encrypting key [conv1.bias].length : 6, cost time : 0m:0s:48ms
2024-11-15 09:41:51,176 - fed_utils - INFO - load key [conv2.weight].length : 2400, cost time : 0m:0s:0ms
2024-11-15 09:41:51,176 - fed_utils - INFO - load key [conv2.bias].length : 16, cost time : 0m:0s:0ms
2024-11-15 09:41:51,177 - fed_utils - INFO - load key [fc1.weight].length : 48000, cost time : 0m:0s:0ms
2024-11-15 09:41:51,177 - fed_utils - INFO - load key [fc1.bias].length : 120, cost time : 0m:0s:0ms
2024-11-15 09:41:51,178 - fed_utils - INFO - load key [fc2.weight].length : 10080, cost time : 0m:0s:0ms
2024-11-15 09:41:51,178 - fed_utils - INFO - load key [fc2.bias].length : 84, cost time : 0m:0s:0ms
2024-11-15 09:41:57,876 - fed_utils - INFO - encrypting key [fc3.weight].length : 840, cost time : 0m:6s:698ms
2024-11-15 09:41:57,956 - fed_utils - INFO - encrypting key [fc3.bias].length : 10, cost time : 0m:0s:79ms
2024-11-15 09:41:57,956 - fl_main - INFO - Server receive client_dict[f_00006] info ...
2024-11-15 09:41:57,956 - fl_main - INFO - ----- client id [f_00007] -----
2024-11-15 09:41:57,957 - client_base - INFO - recover model cost time : 0m:0s:0ms
2024-11-15 09:41:57,957 - fl_main - INFO - client_dict[f_00007] training ...
2024-11-15 09:41:57,958 - client_base - INFO - client_dict[f_00007] training epoch : 0
2024-11-15 09:41:58,381 - client_base - INFO - local model train cost time : 0m:0s:422ms
2024-11-15 09:41:58,382 - client_base - INFO - model encode time : 0m:0s:1ms
2024-11-15 09:41:58,382 - fl_main - INFO - client_dict[f_00007] local model encrypting ...
2024-11-15 09:41:59,573 - fed_utils - INFO - encrypting key [conv1.weight].length : 150, cost time : 0m:1s:190ms
2024-11-15 09:41:59,621 - fed_utils - INFO - encrypting key [conv1.bias].length : 6, cost time : 0m:0s:48ms
2024-11-15 09:41:59,621 - fed_utils - INFO - load key [conv2.weight].length : 2400, cost time : 0m:0s:0ms
2024-11-15 09:41:59,621 - fed_utils - INFO - load key [conv2.bias].length : 16, cost time : 0m:0s:0ms
2024-11-15 09:41:59,622 - fed_utils - INFO - load key [fc1.weight].length : 48000, cost time : 0m:0s:0ms
2024-11-15 09:41:59,622 - fed_utils - INFO - load key [fc1.bias].length : 120, cost time : 0m:0s:0ms
2024-11-15 09:41:59,622 - fed_utils - INFO - load key [fc2.weight].length : 10080, cost time : 0m:0s:0ms
2024-11-15 09:41:59,623 - fed_utils - INFO - load key [fc2.bias].length : 84, cost time : 0m:0s:0ms
2024-11-15 09:42:06,432 - fed_utils - INFO - encrypting key [fc3.weight].length : 840, cost time : 0m:6s:809ms
2024-11-15 09:42:06,514 - fed_utils - INFO - encrypting key [fc3.bias].length : 10, cost time : 0m:0s:81ms
2024-11-15 09:42:06,514 - fl_main - INFO - Server receive client_dict[f_00007] info ...
2024-11-15 09:42:06,514 - fl_main - INFO - ----- client id [f_00008] -----
2024-11-15 09:42:06,515 - client_base - INFO - recover model cost time : 0m:0s:0ms
2024-11-15 09:42:06,515 - fl_main - INFO - client_dict[f_00008] training ...
2024-11-15 09:42:06,516 - client_base - INFO - client_dict[f_00008] training epoch : 0
2024-11-15 09:42:06,947 - client_base - INFO - local model train cost time : 0m:0s:430ms
2024-11-15 09:42:06,948 - client_base - INFO - model encode time : 0m:0s:1ms
2024-11-15 09:42:06,949 - fl_main - INFO - client_dict[f_00008] local model encrypting ...
2024-11-15 09:42:08,146 - fed_utils - INFO - encrypting key [conv1.weight].length : 150, cost time : 0m:1s:196ms
2024-11-15 09:42:08,194 - fed_utils - INFO - encrypting key [conv1.bias].length : 6, cost time : 0m:0s:48ms
2024-11-15 09:42:08,194 - fed_utils - INFO - load key [conv2.weight].length : 2400, cost time : 0m:0s:0ms
2024-11-15 09:42:08,194 - fed_utils - INFO - load key [conv2.bias].length : 16, cost time : 0m:0s:0ms
2024-11-15 09:42:08,195 - fed_utils - INFO - load key [fc1.weight].length : 48000, cost time : 0m:0s:0ms
2024-11-15 09:42:08,195 - fed_utils - INFO - load key [fc1.bias].length : 120, cost time : 0m:0s:0ms
2024-11-15 09:42:08,195 - fed_utils - INFO - load key [fc2.weight].length : 10080, cost time : 0m:0s:0ms
2024-11-15 09:42:08,195 - fed_utils - INFO - load key [fc2.bias].length : 84, cost time : 0m:0s:0ms
2024-11-15 09:42:15,012 - fed_utils - INFO - encrypting key [fc3.weight].length : 840, cost time : 0m:6s:816ms
2024-11-15 09:42:15,093 - fed_utils - INFO - encrypting key [fc3.bias].length : 10, cost time : 0m:0s:80ms
2024-11-15 09:42:15,093 - fl_main - INFO - Server receive client_dict[f_00008] info ...
2024-11-15 09:42:15,093 - fl_main - INFO - ----- client id [f_00009] -----
2024-11-15 09:42:15,094 - client_base - INFO - recover model cost time : 0m:0s:0ms
2024-11-15 09:42:15,095 - fl_main - INFO - client_dict[f_00009] training ...
2024-11-15 09:42:15,095 - client_base - INFO - client_dict[f_00009] training epoch : 0
2024-11-15 09:42:15,524 - client_base - INFO - local model train cost time : 0m:0s:428ms
2024-11-15 09:42:15,525 - client_base - INFO - model encode time : 0m:0s:1ms
2024-11-15 09:42:15,526 - fl_main - INFO - client_dict[f_00009] local model encrypting ...
2024-11-15 09:42:16,717 - fed_utils - INFO - encrypting key [conv1.weight].length : 150, cost time : 0m:1s:190ms
2024-11-15 09:42:16,765 - fed_utils - INFO - encrypting key [conv1.bias].length : 6, cost time : 0m:0s:48ms
2024-11-15 09:42:16,765 - fed_utils - INFO - load key [conv2.weight].length : 2400, cost time : 0m:0s:0ms
2024-11-15 09:42:16,765 - fed_utils - INFO - load key [conv2.bias].length : 16, cost time : 0m:0s:0ms
2024-11-15 09:42:16,766 - fed_utils - INFO - load key [fc1.weight].length : 48000, cost time : 0m:0s:0ms
2024-11-15 09:42:16,766 - fed_utils - INFO - load key [fc1.bias].length : 120, cost time : 0m:0s:0ms
2024-11-15 09:42:16,766 - fed_utils - INFO - load key [fc2.weight].length : 10080, cost time : 0m:0s:0ms
2024-11-15 09:42:16,766 - fed_utils - INFO - load key [fc2.bias].length : 84, cost time : 0m:0s:0ms
2024-11-15 09:42:23,579 - fed_utils - INFO - encrypting key [fc3.weight].length : 840, cost time : 0m:6s:812ms
2024-11-15 09:42:23,660 - fed_utils - INFO - encrypting key [fc3.bias].length : 10, cost time : 0m:0s:81ms
2024-11-15 09:42:23,660 - fl_main - INFO - Server receive client_dict[f_00009] info ...
2024-11-15 09:42:23,660 - fl_main - INFO - ----- client id [f_00010] -----
2024-11-15 09:42:23,662 - client_base - INFO - recover model cost time : 0m:0s:0ms
2024-11-15 09:42:23,662 - fl_main - INFO - client_dict[f_00010] training ...
2024-11-15 09:42:23,662 - client_base - INFO - client_dict[f_00010] training epoch : 0
2024-11-15 09:42:24,090 - client_base - INFO - local model train cost time : 0m:0s:427ms
2024-11-15 09:42:24,092 - client_base - INFO - model encode time : 0m:0s:1ms
2024-11-15 09:42:24,092 - fl_main - INFO - client_dict[f_00010] local model encrypting ...
2024-11-15 09:42:25,284 - fed_utils - INFO - encrypting key [conv1.weight].length : 150, cost time : 0m:1s:192ms
2024-11-15 09:42:25,333 - fed_utils - INFO - encrypting key [conv1.bias].length : 6, cost time : 0m:0s:48ms
2024-11-15 09:42:25,333 - fed_utils - INFO - load key [conv2.weight].length : 2400, cost time : 0m:0s:0ms
2024-11-15 09:42:25,333 - fed_utils - INFO - load key [conv2.bias].length : 16, cost time : 0m:0s:0ms
2024-11-15 09:42:25,334 - fed_utils - INFO - load key [fc1.weight].length : 48000, cost time : 0m:0s:0ms
2024-11-15 09:42:25,334 - fed_utils - INFO - load key [fc1.bias].length : 120, cost time : 0m:0s:0ms
2024-11-15 09:42:25,335 - fed_utils - INFO - load key [fc2.weight].length : 10080, cost time : 0m:0s:0ms
2024-11-15 09:42:25,335 - fed_utils - INFO - load key [fc2.bias].length : 84, cost time : 0m:0s:0ms
2024-11-15 09:42:32,001 - fed_utils - INFO - encrypting key [fc3.weight].length : 840, cost time : 0m:6s:665ms
2024-11-15 09:42:32,080 - fed_utils - INFO - encrypting key [fc3.bias].length : 10, cost time : 0m:0s:79ms
2024-11-15 09:42:32,080 - fl_main - INFO - Server receive client_dict[f_00010] info ...
2024-11-15 09:42:32,081 - fl_main - INFO - ----- client id [f_00011] -----
2024-11-15 09:42:32,082 - client_base - INFO - recover model cost time : 0m:0s:0ms
2024-11-15 09:42:32,082 - fl_main - INFO - client_dict[f_00011] training ...
2024-11-15 09:42:32,082 - client_base - INFO - client_dict[f_00011] training epoch : 0
2024-11-15 09:42:32,504 - client_base - INFO - local model train cost time : 0m:0s:421ms
2024-11-15 09:42:32,506 - client_base - INFO - model encode time : 0m:0s:1ms
2024-11-15 09:42:32,506 - fl_main - INFO - client_dict[f_00011] local model encrypting ...
2024-11-15 09:42:33,830 - fed_utils - INFO - encrypting key [conv1.weight].length : 150, cost time : 0m:1s:324ms
2024-11-15 09:42:33,878 - fed_utils - INFO - encrypting key [conv1.bias].length : 6, cost time : 0m:0s:48ms
2024-11-15 09:42:33,879 - fed_utils - INFO - load key [conv2.weight].length : 2400, cost time : 0m:0s:0ms
2024-11-15 09:42:33,879 - fed_utils - INFO - load key [conv2.bias].length : 16, cost time : 0m:0s:0ms
2024-11-15 09:42:33,880 - fed_utils - INFO - load key [fc1.weight].length : 48000, cost time : 0m:0s:0ms
2024-11-15 09:42:33,880 - fed_utils - INFO - load key [fc1.bias].length : 120, cost time : 0m:0s:0ms
2024-11-15 09:42:33,880 - fed_utils - INFO - load key [fc2.weight].length : 10080, cost time : 0m:0s:0ms
2024-11-15 09:42:33,880 - fed_utils - INFO - load key [fc2.bias].length : 84, cost time : 0m:0s:0ms
2024-11-15 09:42:40,560 - fed_utils - INFO - encrypting key [fc3.weight].length : 840, cost time : 0m:6s:680ms
2024-11-15 09:42:40,640 - fed_utils - INFO - encrypting key [fc3.bias].length : 10, cost time : 0m:0s:80ms
2024-11-15 09:42:40,640 - fl_main - INFO - Server receive client_dict[f_00011] info ...
2024-11-15 09:42:40,641 - fl_main - INFO - ----- client id [f_00012] -----
2024-11-15 09:42:40,642 - client_base - INFO - recover model cost time : 0m:0s:0ms
2024-11-15 09:42:40,642 - fl_main - INFO - client_dict[f_00012] training ...
2024-11-15 09:42:40,643 - client_base - INFO - client_dict[f_00012] training epoch : 0
2024-11-15 09:42:41,083 - client_base - INFO - local model train cost time : 0m:0s:440ms
2024-11-15 09:42:41,084 - client_base - INFO - model encode time : 0m:0s:1ms
2024-11-15 09:42:41,085 - fl_main - INFO - client_dict[f_00012] local model encrypting ...
2024-11-15 09:42:42,283 - fed_utils - INFO - encrypting key [conv1.weight].length : 150, cost time : 0m:1s:198ms
2024-11-15 09:42:42,331 - fed_utils - INFO - encrypting key [conv1.bias].length : 6, cost time : 0m:0s:48ms
2024-11-15 09:42:42,331 - fed_utils - INFO - load key [conv2.weight].length : 2400, cost time : 0m:0s:0ms
2024-11-15 09:42:42,332 - fed_utils - INFO - load key [conv2.bias].length : 16, cost time : 0m:0s:0ms
2024-11-15 09:42:42,333 - fed_utils - INFO - load key [fc1.weight].length : 48000, cost time : 0m:0s:1ms
2024-11-15 09:42:42,333 - fed_utils - INFO - load key [fc1.bias].length : 120, cost time : 0m:0s:0ms
2024-11-15 09:42:42,333 - fed_utils - INFO - load key [fc2.weight].length : 10080, cost time : 0m:0s:0ms
2024-11-15 09:42:42,333 - fed_utils - INFO - load key [fc2.bias].length : 84, cost time : 0m:0s:0ms
2024-11-15 09:42:49,215 - fed_utils - INFO - encrypting key [fc3.weight].length : 840, cost time : 0m:6s:881ms
2024-11-15 09:42:49,294 - fed_utils - INFO - encrypting key [fc3.bias].length : 10, cost time : 0m:0s:79ms
2024-11-15 09:42:49,295 - fl_main - INFO - Server receive client_dict[f_00012] info ...
2024-11-15 09:42:49,295 - fl_main - INFO - ----- client id [f_00013] -----
2024-11-15 09:42:49,296 - client_base - INFO - recover model cost time : 0m:0s:0ms
2024-11-15 09:42:49,296 - fl_main - INFO - client_dict[f_00013] training ...
2024-11-15 09:42:49,297 - client_base - INFO - client_dict[f_00013] training epoch : 0
2024-11-15 09:42:49,734 - client_base - INFO - local model train cost time : 0m:0s:437ms
2024-11-15 09:42:49,735 - client_base - INFO - model encode time : 0m:0s:1ms
2024-11-15 09:42:49,736 - fl_main - INFO - client_dict[f_00013] local model encrypting ...
2024-11-15 09:42:50,931 - fed_utils - INFO - encrypting key [conv1.weight].length : 150, cost time : 0m:1s:195ms
2024-11-15 09:42:50,980 - fed_utils - INFO - encrypting key [conv1.bias].length : 6, cost time : 0m:0s:48ms
2024-11-15 09:42:50,980 - fed_utils - INFO - load key [conv2.weight].length : 2400, cost time : 0m:0s:0ms
2024-11-15 09:42:50,980 - fed_utils - INFO - load key [conv2.bias].length : 16, cost time : 0m:0s:0ms
2024-11-15 09:42:50,981 - fed_utils - INFO - load key [fc1.weight].length : 48000, cost time : 0m:0s:1ms
2024-11-15 09:42:50,981 - fed_utils - INFO - load key [fc1.bias].length : 120, cost time : 0m:0s:0ms
2024-11-15 09:42:50,981 - fed_utils - INFO - load key [fc2.weight].length : 10080, cost time : 0m:0s:0ms
2024-11-15 09:42:50,982 - fed_utils - INFO - load key [fc2.bias].length : 84, cost time : 0m:0s:0ms
2024-11-15 09:42:57,711 - fed_utils - INFO - encrypting key [fc3.weight].length : 840, cost time : 0m:6s:729ms
2024-11-15 09:42:57,790 - fed_utils - INFO - encrypting key [fc3.bias].length : 10, cost time : 0m:0s:79ms
2024-11-15 09:42:57,790 - fl_main - INFO - Server receive client_dict[f_00013] info ...
2024-11-15 09:42:57,790 - fl_main - INFO - ----- client id [f_00014] -----
2024-11-15 09:42:57,792 - client_base - INFO - recover model cost time : 0m:0s:0ms
2024-11-15 09:42:57,792 - fl_main - INFO - client_dict[f_00014] training ...
2024-11-15 09:42:57,792 - client_base - INFO - client_dict[f_00014] training epoch : 0
2024-11-15 09:42:58,218 - client_base - INFO - local model train cost time : 0m:0s:425ms
2024-11-15 09:42:58,220 - client_base - INFO - model encode time : 0m:0s:1ms
2024-11-15 09:42:58,220 - fl_main - INFO - client_dict[f_00014] local model encrypting ...
2024-11-15 09:42:59,412 - fed_utils - INFO - encrypting key [conv1.weight].length : 150, cost time : 0m:1s:192ms
2024-11-15 09:42:59,461 - fed_utils - INFO - encrypting key [conv1.bias].length : 6, cost time : 0m:0s:48ms
2024-11-15 09:42:59,461 - fed_utils - INFO - load key [conv2.weight].length : 2400, cost time : 0m:0s:0ms
2024-11-15 09:42:59,461 - fed_utils - INFO - load key [conv2.bias].length : 16, cost time : 0m:0s:0ms
2024-11-15 09:42:59,462 - fed_utils - INFO - load key [fc1.weight].length : 48000, cost time : 0m:0s:1ms
2024-11-15 09:42:59,462 - fed_utils - INFO - load key [fc1.bias].length : 120, cost time : 0m:0s:0ms
2024-11-15 09:42:59,462 - fed_utils - INFO - load key [fc2.weight].length : 10080, cost time : 0m:0s:0ms
2024-11-15 09:42:59,462 - fed_utils - INFO - load key [fc2.bias].length : 84, cost time : 0m:0s:0ms
2024-11-15 09:43:06,274 - fed_utils - INFO - encrypting key [fc3.weight].length : 840, cost time : 0m:6s:811ms
2024-11-15 09:43:06,354 - fed_utils - INFO - encrypting key [fc3.bias].length : 10, cost time : 0m:0s:79ms
2024-11-15 09:43:06,354 - fl_main - INFO - Server receive client_dict[f_00014] info ...
2024-11-15 09:43:06,354 - fl_main - INFO - global aggregation process ...
2024-11-15 09:43:06,354 - fed_utils - INFO - server.n_data : 60000
2024-11-15 09:43:06,355 - fed_utils - INFO - client_dict[f_00000].weight : 0.066667
2024-11-15 09:43:06,355 - fed_utils - INFO - client_dict[f_00001].weight : 0.066667
2024-11-15 09:43:06,355 - fed_utils - INFO - client_dict[f_00002].weight : 0.066667
2024-11-15 09:43:06,355 - fed_utils - INFO - client_dict[f_00003].weight : 0.066667
2024-11-15 09:43:06,355 - fed_utils - INFO - client_dict[f_00004].weight : 0.066667
2024-11-15 09:43:06,355 - fed_utils - INFO - client_dict[f_00005].weight : 0.066667
2024-11-15 09:43:06,355 - fed_utils - INFO - client_dict[f_00006].weight : 0.066667
2024-11-15 09:43:06,355 - fed_utils - INFO - client_dict[f_00007].weight : 0.066667
2024-11-15 09:43:06,355 - fed_utils - INFO - client_dict[f_00008].weight : 0.066667
2024-11-15 09:43:06,355 - fed_utils - INFO - client_dict[f_00009].weight : 0.066667
2024-11-15 09:43:06,355 - fed_utils - INFO - client_dict[f_00010].weight : 0.066667
2024-11-15 09:43:06,355 - fed_utils - INFO - client_dict[f_00011].weight : 0.066667
2024-11-15 09:43:06,355 - fed_utils - INFO - client_dict[f_00012].weight : 0.066667
2024-11-15 09:43:06,355 - fed_utils - INFO - client_dict[f_00013].weight : 0.066667
2024-11-15 09:43:06,355 - fed_utils - INFO - client_dict[f_00014].weight : 0.066667
2024-11-15 09:43:06,355 - fed_utils - INFO - recover secret number by clients: 1052426.333333
2024-11-15 09:43:06,355 - server_base - INFO - Server aggregate model with homomorphic encryption ...
2024-11-15 09:43:11,191 - server_base - INFO - Server aggregate model done, cost time : 0m:4s:835ms
2024-11-15 09:43:11,535 - fed_utils - INFO - decrypting key [conv1.weight].shape [torch.Size([6, 1, 5, 5])]
2024-11-15 09:43:11,549 - fed_utils - INFO - decrypting key [conv1.bias].shape [torch.Size([6])]
2024-11-15 09:43:11,549 - fed_utils - INFO - decrypting key [conv2.weight].shape [torch.Size([16, 6, 5, 5])]
2024-11-15 09:43:11,549 - fed_utils - INFO - decrypting key [conv2.bias].shape [torch.Size([16])]
2024-11-15 09:43:11,549 - fed_utils - INFO - decrypting key [fc1.weight].shape [torch.Size([120, 400])]
2024-11-15 09:43:11,549 - fed_utils - INFO - decrypting key [fc1.bias].shape [torch.Size([120])]
2024-11-15 09:43:11,549 - fed_utils - INFO - decrypting key [fc2.weight].shape [torch.Size([84, 120])]
2024-11-15 09:43:11,549 - fed_utils - INFO - decrypting key [fc2.bias].shape [torch.Size([84])]
2024-11-15 09:43:13,477 - fed_utils - INFO - decrypting key [fc3.weight].shape [torch.Size([10, 84])]
2024-11-15 09:43:13,500 - fed_utils - INFO - decrypting key [fc3.bias].shape [torch.Size([10])]
2024-11-15 09:43:13,500 - fed_utils - INFO - decrypt time : [0m:2s:308ms]
2024-11-15 09:43:13,508 - fl_main - INFO - [global round : 7] aggregated model accuracy : 0.7403000000000001
2024-11-15 09:43:13,508 - fl_main - INFO - [global round : 7] aggregated model loss : 0.7918282785903994
2024-11-15 09:43:13,508 - fl_main - INFO - global round : 8
2024-11-15 09:43:13,509 - fl_main - INFO - the random client id to test accuracy : f_00013
2024-11-15 09:43:13,509 - fl_main - INFO - ----- client id [f_00000] -----
2024-11-15 09:43:13,510 - client_base - INFO - recover model cost time : 0m:0s:0ms
2024-11-15 09:43:13,510 - fl_main - INFO - client_dict[f_00000] training ...
2024-11-15 09:43:13,511 - client_base - INFO - client_dict[f_00000] training epoch : 0
2024-11-15 09:43:13,940 - client_base - INFO - local model train cost time : 0m:0s:429ms
2024-11-15 09:43:13,941 - client_base - INFO - model encode time : 0m:0s:1ms
2024-11-15 09:43:13,941 - fl_main - INFO - client_dict[f_00000] local model encrypting ...
2024-11-15 09:43:15,138 - fed_utils - INFO - encrypting key [conv1.weight].length : 150, cost time : 0m:1s:196ms
2024-11-15 09:43:15,186 - fed_utils - INFO - encrypting key [conv1.bias].length : 6, cost time : 0m:0s:48ms
2024-11-15 09:43:15,186 - fed_utils - INFO - load key [conv2.weight].length : 2400, cost time : 0m:0s:0ms
2024-11-15 09:43:15,187 - fed_utils - INFO - load key [conv2.bias].length : 16, cost time : 0m:0s:0ms
2024-11-15 09:43:15,188 - fed_utils - INFO - load key [fc1.weight].length : 48000, cost time : 0m:0s:0ms
2024-11-15 09:43:15,188 - fed_utils - INFO - load key [fc1.bias].length : 120, cost time : 0m:0s:0ms
2024-11-15 09:43:15,188 - fed_utils - INFO - load key [fc2.weight].length : 10080, cost time : 0m:0s:0ms
2024-11-15 09:43:15,188 - fed_utils - INFO - load key [fc2.bias].length : 84, cost time : 0m:0s:0ms
2024-11-15 09:43:22,002 - fed_utils - INFO - encrypting key [fc3.weight].length : 840, cost time : 0m:6s:814ms
2024-11-15 09:43:22,082 - fed_utils - INFO - encrypting key [fc3.bias].length : 10, cost time : 0m:0s:79ms
2024-11-15 09:43:22,083 - fl_main - INFO - Server receive client_dict[f_00000] info ...
2024-11-15 09:43:22,083 - fl_main - INFO - ----- client id [f_00001] -----
2024-11-15 09:43:22,084 - client_base - INFO - recover model cost time : 0m:0s:0ms
2024-11-15 09:43:22,085 - fl_main - INFO - client_dict[f_00001] training ...
2024-11-15 09:43:22,085 - client_base - INFO - client_dict[f_00001] training epoch : 0
2024-11-15 09:43:22,512 - client_base - INFO - local model train cost time : 0m:0s:426ms
2024-11-15 09:43:22,513 - client_base - INFO - model encode time : 0m:0s:1ms
2024-11-15 09:43:22,514 - fl_main - INFO - client_dict[f_00001] local model encrypting ...
2024-11-15 09:43:23,705 - fed_utils - INFO - encrypting key [conv1.weight].length : 150, cost time : 0m:1s:190ms
2024-11-15 09:43:23,753 - fed_utils - INFO - encrypting key [conv1.bias].length : 6, cost time : 0m:0s:48ms
2024-11-15 09:43:23,753 - fed_utils - INFO - load key [conv2.weight].length : 2400, cost time : 0m:0s:0ms
2024-11-15 09:43:23,753 - fed_utils - INFO - load key [conv2.bias].length : 16, cost time : 0m:0s:0ms
2024-11-15 09:43:23,754 - fed_utils - INFO - load key [fc1.weight].length : 48000, cost time : 0m:0s:0ms
2024-11-15 09:43:23,754 - fed_utils - INFO - load key [fc1.bias].length : 120, cost time : 0m:0s:0ms
2024-11-15 09:43:23,754 - fed_utils - INFO - load key [fc2.weight].length : 10080, cost time : 0m:0s:0ms
2024-11-15 09:43:23,754 - fed_utils - INFO - load key [fc2.bias].length : 84, cost time : 0m:0s:0ms
2024-11-15 09:43:30,421 - fed_utils - INFO - encrypting key [fc3.weight].length : 840, cost time : 0m:6s:666ms
2024-11-15 09:43:30,501 - fed_utils - INFO - encrypting key [fc3.bias].length : 10, cost time : 0m:0s:79ms
2024-11-15 09:43:30,501 - fl_main - INFO - Server receive client_dict[f_00001] info ...
2024-11-15 09:43:30,501 - fl_main - INFO - ----- client id [f_00002] -----
2024-11-15 09:43:30,502 - client_base - INFO - recover model cost time : 0m:0s:0ms
2024-11-15 09:43:30,502 - fl_main - INFO - client_dict[f_00002] training ...
2024-11-15 09:43:30,503 - client_base - INFO - client_dict[f_00002] training epoch : 0
2024-11-15 09:43:30,924 - client_base - INFO - local model train cost time : 0m:0s:420ms
2024-11-15 09:43:30,925 - client_base - INFO - model encode time : 0m:0s:1ms
2024-11-15 09:43:30,925 - fl_main - INFO - client_dict[f_00002] local model encrypting ...
2024-11-15 09:43:32,116 - fed_utils - INFO - encrypting key [conv1.weight].length : 150, cost time : 0m:1s:190ms
2024-11-15 09:43:32,164 - fed_utils - INFO - encrypting key [conv1.bias].length : 6, cost time : 0m:0s:48ms
2024-11-15 09:43:32,164 - fed_utils - INFO - load key [conv2.weight].length : 2400, cost time : 0m:0s:0ms
2024-11-15 09:43:32,165 - fed_utils - INFO - load key [conv2.bias].length : 16, cost time : 0m:0s:0ms
2024-11-15 09:43:32,165 - fed_utils - INFO - load key [fc1.weight].length : 48000, cost time : 0m:0s:0ms
2024-11-15 09:43:32,166 - fed_utils - INFO - load key [fc1.bias].length : 120, cost time : 0m:0s:0ms
2024-11-15 09:43:32,166 - fed_utils - INFO - load key [fc2.weight].length : 10080, cost time : 0m:0s:0ms
2024-11-15 09:43:32,166 - fed_utils - INFO - load key [fc2.bias].length : 84, cost time : 0m:0s:0ms
2024-11-15 09:43:39,063 - fed_utils - INFO - encrypting key [fc3.weight].length : 840, cost time : 0m:6s:896ms
2024-11-15 09:43:39,142 - fed_utils - INFO - encrypting key [fc3.bias].length : 10, cost time : 0m:0s:79ms
2024-11-15 09:43:39,143 - fl_main - INFO - Server receive client_dict[f_00002] info ...
2024-11-15 09:43:39,143 - fl_main - INFO - ----- client id [f_00003] -----
2024-11-15 09:43:39,144 - client_base - INFO - recover model cost time : 0m:0s:0ms
2024-11-15 09:43:39,144 - fl_main - INFO - client_dict[f_00003] training ...
2024-11-15 09:43:39,145 - client_base - INFO - client_dict[f_00003] training epoch : 0
2024-11-15 09:43:39,564 - client_base - INFO - local model train cost time : 0m:0s:419ms
2024-11-15 09:43:39,566 - client_base - INFO - model encode time : 0m:0s:1ms
2024-11-15 09:43:39,566 - fl_main - INFO - client_dict[f_00003] local model encrypting ...
2024-11-15 09:43:40,759 - fed_utils - INFO - encrypting key [conv1.weight].length : 150, cost time : 0m:1s:192ms
2024-11-15 09:43:40,808 - fed_utils - INFO - encrypting key [conv1.bias].length : 6, cost time : 0m:0s:48ms
2024-11-15 09:43:40,808 - fed_utils - INFO - load key [conv2.weight].length : 2400, cost time : 0m:0s:0ms
2024-11-15 09:43:40,808 - fed_utils - INFO - load key [conv2.bias].length : 16, cost time : 0m:0s:0ms
2024-11-15 09:43:40,809 - fed_utils - INFO - load key [fc1.weight].length : 48000, cost time : 0m:0s:0ms
2024-11-15 09:43:40,809 - fed_utils - INFO - load key [fc1.bias].length : 120, cost time : 0m:0s:0ms
2024-11-15 09:43:40,809 - fed_utils - INFO - load key [fc2.weight].length : 10080, cost time : 0m:0s:0ms
2024-11-15 09:43:40,809 - fed_utils - INFO - load key [fc2.bias].length : 84, cost time : 0m:0s:0ms
2024-11-15 09:43:47,494 - fed_utils - INFO - encrypting key [fc3.weight].length : 840, cost time : 0m:6s:684ms
2024-11-15 09:43:47,574 - fed_utils - INFO - encrypting key [fc3.bias].length : 10, cost time : 0m:0s:79ms
2024-11-15 09:43:47,574 - fl_main - INFO - Server receive client_dict[f_00003] info ...
2024-11-15 09:43:47,574 - fl_main - INFO - ----- client id [f_00004] -----
2024-11-15 09:43:47,575 - client_base - INFO - recover model cost time : 0m:0s:0ms
2024-11-15 09:43:47,575 - fl_main - INFO - client_dict[f_00004] training ...
2024-11-15 09:43:47,576 - client_base - INFO - client_dict[f_00004] training epoch : 0
2024-11-15 09:43:48,143 - client_base - INFO - local model train cost time : 0m:0s:567ms
2024-11-15 09:43:48,145 - client_base - INFO - model encode time : 0m:0s:1ms
2024-11-15 09:43:48,145 - fl_main - INFO - client_dict[f_00004] local model encrypting ...
2024-11-15 09:43:49,338 - fed_utils - INFO - encrypting key [conv1.weight].length : 150, cost time : 0m:1s:192ms
2024-11-15 09:43:49,386 - fed_utils - INFO - encrypting key [conv1.bias].length : 6, cost time : 0m:0s:48ms
2024-11-15 09:43:49,386 - fed_utils - INFO - load key [conv2.weight].length : 2400, cost time : 0m:0s:0ms
2024-11-15 09:43:49,386 - fed_utils - INFO - load key [conv2.bias].length : 16, cost time : 0m:0s:0ms
2024-11-15 09:43:49,387 - fed_utils - INFO - load key [fc1.weight].length : 48000, cost time : 0m:0s:0ms
2024-11-15 09:43:49,387 - fed_utils - INFO - load key [fc1.bias].length : 120, cost time : 0m:0s:0ms
2024-11-15 09:43:49,388 - fed_utils - INFO - load key [fc2.weight].length : 10080, cost time : 0m:0s:0ms
2024-11-15 09:43:49,388 - fed_utils - INFO - load key [fc2.bias].length : 84, cost time : 0m:0s:0ms
2024-11-15 09:43:56,060 - fed_utils - INFO - encrypting key [fc3.weight].length : 840, cost time : 0m:6s:672ms
2024-11-15 09:43:56,140 - fed_utils - INFO - encrypting key [fc3.bias].length : 10, cost time : 0m:0s:79ms
2024-11-15 09:43:56,140 - fl_main - INFO - Server receive client_dict[f_00004] info ...
2024-11-15 09:43:56,140 - fl_main - INFO - ----- client id [f_00005] -----
2024-11-15 09:43:56,141 - client_base - INFO - recover model cost time : 0m:0s:0ms
2024-11-15 09:43:56,142 - fl_main - INFO - client_dict[f_00005] training ...
2024-11-15 09:43:56,142 - client_base - INFO - client_dict[f_00005] training epoch : 0
2024-11-15 09:43:56,560 - client_base - INFO - local model train cost time : 0m:0s:417ms
2024-11-15 09:43:56,561 - client_base - INFO - model encode time : 0m:0s:1ms
2024-11-15 09:43:56,561 - fl_main - INFO - client_dict[f_00005] local model encrypting ...
2024-11-15 09:43:57,753 - fed_utils - INFO - encrypting key [conv1.weight].length : 150, cost time : 0m:1s:191ms
2024-11-15 09:43:57,802 - fed_utils - INFO - encrypting key [conv1.bias].length : 6, cost time : 0m:0s:48ms
2024-11-15 09:43:57,802 - fed_utils - INFO - load key [conv2.weight].length : 2400, cost time : 0m:0s:0ms
2024-11-15 09:43:57,802 - fed_utils - INFO - load key [conv2.bias].length : 16, cost time : 0m:0s:0ms
2024-11-15 09:43:57,803 - fed_utils - INFO - load key [fc1.weight].length : 48000, cost time : 0m:0s:0ms
2024-11-15 09:43:57,803 - fed_utils - INFO - load key [fc1.bias].length : 120, cost time : 0m:0s:0ms
2024-11-15 09:43:57,803 - fed_utils - INFO - load key [fc2.weight].length : 10080, cost time : 0m:0s:0ms
2024-11-15 09:43:57,803 - fed_utils - INFO - load key [fc2.bias].length : 84, cost time : 0m:0s:0ms
2024-11-15 09:44:04,612 - fed_utils - INFO - encrypting key [fc3.weight].length : 840, cost time : 0m:6s:808ms
2024-11-15 09:44:04,692 - fed_utils - INFO - encrypting key [fc3.bias].length : 10, cost time : 0m:0s:79ms
2024-11-15 09:44:04,692 - fl_main - INFO - Server receive client_dict[f_00005] info ...
2024-11-15 09:44:04,692 - fl_main - INFO - ----- client id [f_00006] -----
2024-11-15 09:44:04,693 - client_base - INFO - recover model cost time : 0m:0s:0ms
2024-11-15 09:44:04,693 - fl_main - INFO - client_dict[f_00006] training ...
2024-11-15 09:44:04,694 - client_base - INFO - client_dict[f_00006] training epoch : 0
2024-11-15 09:44:05,113 - client_base - INFO - local model train cost time : 0m:0s:419ms
2024-11-15 09:44:05,115 - client_base - INFO - model encode time : 0m:0s:1ms
2024-11-15 09:44:05,115 - fl_main - INFO - client_dict[f_00006] local model encrypting ...
2024-11-15 09:44:06,308 - fed_utils - INFO - encrypting key [conv1.weight].length : 150, cost time : 0m:1s:192ms
2024-11-15 09:44:06,356 - fed_utils - INFO - encrypting key [conv1.bias].length : 6, cost time : 0m:0s:48ms
2024-11-15 09:44:06,356 - fed_utils - INFO - load key [conv2.weight].length : 2400, cost time : 0m:0s:0ms
2024-11-15 09:44:06,356 - fed_utils - INFO - load key [conv2.bias].length : 16, cost time : 0m:0s:0ms
2024-11-15 09:44:06,357 - fed_utils - INFO - load key [fc1.weight].length : 48000, cost time : 0m:0s:0ms
2024-11-15 09:44:06,357 - fed_utils - INFO - load key [fc1.bias].length : 120, cost time : 0m:0s:0ms
2024-11-15 09:44:06,358 - fed_utils - INFO - load key [fc2.weight].length : 10080, cost time : 0m:0s:0ms
2024-11-15 09:44:06,358 - fed_utils - INFO - load key [fc2.bias].length : 84, cost time : 0m:0s:0ms
2024-11-15 09:44:13,024 - fed_utils - INFO - encrypting key [fc3.weight].length : 840, cost time : 0m:6s:666ms
2024-11-15 09:44:13,103 - fed_utils - INFO - encrypting key [fc3.bias].length : 10, cost time : 0m:0s:79ms
2024-11-15 09:44:13,104 - fl_main - INFO - Server receive client_dict[f_00006] info ...
2024-11-15 09:44:13,104 - fl_main - INFO - ----- client id [f_00007] -----
2024-11-15 09:44:13,105 - client_base - INFO - recover model cost time : 0m:0s:0ms
2024-11-15 09:44:13,105 - fl_main - INFO - client_dict[f_00007] training ...
2024-11-15 09:44:13,106 - client_base - INFO - client_dict[f_00007] training epoch : 0
2024-11-15 09:44:13,539 - client_base - INFO - local model train cost time : 0m:0s:433ms
2024-11-15 09:44:13,540 - client_base - INFO - model encode time : 0m:0s:1ms
2024-11-15 09:44:13,540 - fl_main - INFO - client_dict[f_00007] local model encrypting ...
2024-11-15 09:44:14,731 - fed_utils - INFO - encrypting key [conv1.weight].length : 150, cost time : 0m:1s:190ms
2024-11-15 09:44:14,779 - fed_utils - INFO - encrypting key [conv1.bias].length : 6, cost time : 0m:0s:48ms
2024-11-15 09:44:14,779 - fed_utils - INFO - load key [conv2.weight].length : 2400, cost time : 0m:0s:0ms
2024-11-15 09:44:14,779 - fed_utils - INFO - load key [conv2.bias].length : 16, cost time : 0m:0s:0ms
2024-11-15 09:44:14,780 - fed_utils - INFO - load key [fc1.weight].length : 48000, cost time : 0m:0s:0ms
2024-11-15 09:44:14,780 - fed_utils - INFO - load key [fc1.bias].length : 120, cost time : 0m:0s:0ms
2024-11-15 09:44:14,781 - fed_utils - INFO - load key [fc2.weight].length : 10080, cost time : 0m:0s:0ms
2024-11-15 09:44:14,781 - fed_utils - INFO - load key [fc2.bias].length : 84, cost time : 0m:0s:0ms
2024-11-15 09:44:21,599 - fed_utils - INFO - encrypting key [fc3.weight].length : 840, cost time : 0m:6s:817ms
2024-11-15 09:44:21,678 - fed_utils - INFO - encrypting key [fc3.bias].length : 10, cost time : 0m:0s:79ms
2024-11-15 09:44:21,678 - fl_main - INFO - Server receive client_dict[f_00007] info ...
2024-11-15 09:44:21,679 - fl_main - INFO - ----- client id [f_00008] -----
2024-11-15 09:44:21,680 - client_base - INFO - recover model cost time : 0m:0s:0ms
2024-11-15 09:44:21,680 - fl_main - INFO - client_dict[f_00008] training ...
2024-11-15 09:44:21,680 - client_base - INFO - client_dict[f_00008] training epoch : 0
2024-11-15 09:44:22,116 - client_base - INFO - local model train cost time : 0m:0s:435ms
2024-11-15 09:44:22,118 - client_base - INFO - model encode time : 0m:0s:1ms
2024-11-15 09:44:22,118 - fl_main - INFO - client_dict[f_00008] local model encrypting ...
2024-11-15 09:44:23,309 - fed_utils - INFO - encrypting key [conv1.weight].length : 150, cost time : 0m:1s:191ms
2024-11-15 09:44:23,357 - fed_utils - INFO - encrypting key [conv1.bias].length : 6, cost time : 0m:0s:47ms
2024-11-15 09:44:23,357 - fed_utils - INFO - load key [conv2.weight].length : 2400, cost time : 0m:0s:0ms
2024-11-15 09:44:23,357 - fed_utils - INFO - load key [conv2.bias].length : 16, cost time : 0m:0s:0ms
2024-11-15 09:44:23,358 - fed_utils - INFO - load key [fc1.weight].length : 48000, cost time : 0m:0s:0ms
2024-11-15 09:44:23,358 - fed_utils - INFO - load key [fc1.bias].length : 120, cost time : 0m:0s:0ms
2024-11-15 09:44:23,359 - fed_utils - INFO - load key [fc2.weight].length : 10080, cost time : 0m:0s:0ms
2024-11-15 09:44:23,359 - fed_utils - INFO - load key [fc2.bias].length : 84, cost time : 0m:0s:0ms
2024-11-15 09:44:30,039 - fed_utils - INFO - encrypting key [fc3.weight].length : 840, cost time : 0m:6s:680ms
2024-11-15 09:44:30,118 - fed_utils - INFO - encrypting key [fc3.bias].length : 10, cost time : 0m:0s:79ms
2024-11-15 09:44:30,118 - fl_main - INFO - Server receive client_dict[f_00008] info ...
2024-11-15 09:44:30,119 - fl_main - INFO - ----- client id [f_00009] -----
2024-11-15 09:44:30,120 - client_base - INFO - recover model cost time : 0m:0s:0ms
2024-11-15 09:44:30,120 - fl_main - INFO - client_dict[f_00009] training ...
2024-11-15 09:44:30,120 - client_base - INFO - client_dict[f_00009] training epoch : 0
2024-11-15 09:44:30,536 - client_base - INFO - local model train cost time : 0m:0s:415ms
2024-11-15 09:44:30,538 - client_base - INFO - model encode time : 0m:0s:1ms
2024-11-15 09:44:30,538 - fl_main - INFO - client_dict[f_00009] local model encrypting ...
2024-11-15 09:44:31,732 - fed_utils - INFO - encrypting key [conv1.weight].length : 150, cost time : 0m:1s:194ms
2024-11-15 09:44:31,780 - fed_utils - INFO - encrypting key [conv1.bias].length : 6, cost time : 0m:0s:48ms
2024-11-15 09:44:31,781 - fed_utils - INFO - load key [conv2.weight].length : 2400, cost time : 0m:0s:0ms
2024-11-15 09:44:31,781 - fed_utils - INFO - load key [conv2.bias].length : 16, cost time : 0m:0s:0ms
2024-11-15 09:44:31,782 - fed_utils - INFO - load key [fc1.weight].length : 48000, cost time : 0m:0s:0ms
2024-11-15 09:44:31,782 - fed_utils - INFO - load key [fc1.bias].length : 120, cost time : 0m:0s:0ms
2024-11-15 09:44:31,782 - fed_utils - INFO - load key [fc2.weight].length : 10080, cost time : 0m:0s:0ms
2024-11-15 09:44:31,782 - fed_utils - INFO - load key [fc2.bias].length : 84, cost time : 0m:0s:0ms
2024-11-15 09:44:38,628 - fed_utils - INFO - encrypting key [fc3.weight].length : 840, cost time : 0m:6s:846ms
2024-11-15 09:44:38,708 - fed_utils - INFO - encrypting key [fc3.bias].length : 10, cost time : 0m:0s:79ms
2024-11-15 09:44:38,708 - fl_main - INFO - Server receive client_dict[f_00009] info ...
2024-11-15 09:44:38,708 - fl_main - INFO - ----- client id [f_00010] -----
2024-11-15 09:44:38,709 - client_base - INFO - recover model cost time : 0m:0s:0ms
2024-11-15 09:44:38,710 - fl_main - INFO - client_dict[f_00010] training ...
2024-11-15 09:44:38,710 - client_base - INFO - client_dict[f_00010] training epoch : 0
2024-11-15 09:44:39,136 - client_base - INFO - local model train cost time : 0m:0s:425ms
2024-11-15 09:44:39,137 - client_base - INFO - model encode time : 0m:0s:1ms
2024-11-15 09:44:39,137 - fl_main - INFO - client_dict[f_00010] local model encrypting ...
2024-11-15 09:44:40,334 - fed_utils - INFO - encrypting key [conv1.weight].length : 150, cost time : 0m:1s:196ms
2024-11-15 09:44:40,382 - fed_utils - INFO - encrypting key [conv1.bias].length : 6, cost time : 0m:0s:48ms
2024-11-15 09:44:40,382 - fed_utils - INFO - load key [conv2.weight].length : 2400, cost time : 0m:0s:0ms
2024-11-15 09:44:40,382 - fed_utils - INFO - load key [conv2.bias].length : 16, cost time : 0m:0s:0ms
2024-11-15 09:44:40,383 - fed_utils - INFO - load key [fc1.weight].length : 48000, cost time : 0m:0s:0ms
2024-11-15 09:44:40,383 - fed_utils - INFO - load key [fc1.bias].length : 120, cost time : 0m:0s:0ms
2024-11-15 09:44:40,384 - fed_utils - INFO - load key [fc2.weight].length : 10080, cost time : 0m:0s:0ms
2024-11-15 09:44:40,384 - fed_utils - INFO - load key [fc2.bias].length : 84, cost time : 0m:0s:0ms
2024-11-15 09:44:47,064 - fed_utils - INFO - encrypting key [fc3.weight].length : 840, cost time : 0m:6s:680ms
2024-11-15 09:44:47,144 - fed_utils - INFO - encrypting key [fc3.bias].length : 10, cost time : 0m:0s:79ms
2024-11-15 09:44:47,144 - fl_main - INFO - Server receive client_dict[f_00010] info ...
2024-11-15 09:44:47,144 - fl_main - INFO - ----- client id [f_00011] -----
2024-11-15 09:44:47,145 - client_base - INFO - recover model cost time : 0m:0s:0ms
2024-11-15 09:44:47,145 - fl_main - INFO - client_dict[f_00011] training ...
2024-11-15 09:44:47,146 - client_base - INFO - client_dict[f_00011] training epoch : 0
2024-11-15 09:44:47,570 - client_base - INFO - local model train cost time : 0m:0s:424ms
2024-11-15 09:44:47,572 - client_base - INFO - model encode time : 0m:0s:1ms
2024-11-15 09:44:47,572 - fl_main - INFO - client_dict[f_00011] local model encrypting ...
2024-11-15 09:44:48,921 - fed_utils - INFO - encrypting key [conv1.weight].length : 150, cost time : 0m:1s:348ms
2024-11-15 09:44:48,969 - fed_utils - INFO - encrypting key [conv1.bias].length : 6, cost time : 0m:0s:47ms
2024-11-15 09:44:48,969 - fed_utils - INFO - load key [conv2.weight].length : 2400, cost time : 0m:0s:0ms
2024-11-15 09:44:48,969 - fed_utils - INFO - load key [conv2.bias].length : 16, cost time : 0m:0s:0ms
2024-11-15 09:44:48,970 - fed_utils - INFO - load key [fc1.weight].length : 48000, cost time : 0m:0s:0ms
2024-11-15 09:44:48,970 - fed_utils - INFO - load key [fc1.bias].length : 120, cost time : 0m:0s:0ms
2024-11-15 09:44:48,970 - fed_utils - INFO - load key [fc2.weight].length : 10080, cost time : 0m:0s:0ms
2024-11-15 09:44:48,970 - fed_utils - INFO - load key [fc2.bias].length : 84, cost time : 0m:0s:0ms
2024-11-15 09:44:55,663 - fed_utils - INFO - encrypting key [fc3.weight].length : 840, cost time : 0m:6s:692ms
2024-11-15 09:44:55,743 - fed_utils - INFO - encrypting key [fc3.bias].length : 10, cost time : 0m:0s:79ms
2024-11-15 09:44:55,743 - fl_main - INFO - Server receive client_dict[f_00011] info ...
2024-11-15 09:44:55,743 - fl_main - INFO - ----- client id [f_00012] -----
2024-11-15 09:44:55,744 - client_base - INFO - recover model cost time : 0m:0s:0ms
2024-11-15 09:44:55,745 - fl_main - INFO - client_dict[f_00012] training ...
2024-11-15 09:44:55,745 - client_base - INFO - client_dict[f_00012] training epoch : 0
2024-11-15 09:44:56,162 - client_base - INFO - local model train cost time : 0m:0s:417ms
2024-11-15 09:44:56,164 - client_base - INFO - model encode time : 0m:0s:1ms
2024-11-15 09:44:56,164 - fl_main - INFO - client_dict[f_00012] local model encrypting ...
2024-11-15 09:44:57,358 - fed_utils - INFO - encrypting key [conv1.weight].length : 150, cost time : 0m:1s:193ms
2024-11-15 09:44:57,406 - fed_utils - INFO - encrypting key [conv1.bias].length : 6, cost time : 0m:0s:48ms
2024-11-15 09:44:57,406 - fed_utils - INFO - load key [conv2.weight].length : 2400, cost time : 0m:0s:0ms
2024-11-15 09:44:57,406 - fed_utils - INFO - load key [conv2.bias].length : 16, cost time : 0m:0s:0ms
2024-11-15 09:44:57,408 - fed_utils - INFO - load key [fc1.weight].length : 48000, cost time : 0m:0s:1ms
2024-11-15 09:44:57,408 - fed_utils - INFO - load key [fc1.bias].length : 120, cost time : 0m:0s:0ms
2024-11-15 09:44:57,408 - fed_utils - INFO - load key [fc2.weight].length : 10080, cost time : 0m:0s:0ms
2024-11-15 09:44:57,408 - fed_utils - INFO - load key [fc2.bias].length : 84, cost time : 0m:0s:0ms
2024-11-15 09:45:04,232 - fed_utils - INFO - encrypting key [fc3.weight].length : 840, cost time : 0m:6s:823ms
2024-11-15 09:45:04,311 - fed_utils - INFO - encrypting key [fc3.bias].length : 10, cost time : 0m:0s:79ms
2024-11-15 09:45:04,311 - fl_main - INFO - Server receive client_dict[f_00012] info ...
2024-11-15 09:45:04,312 - fl_main - INFO - ----- client id [f_00013] -----
2024-11-15 09:45:04,313 - client_base - INFO - recover model cost time : 0m:0s:0ms
2024-11-15 09:45:05,120 - fl_main - INFO - global round [8] client_dict[f_00013].accuracy : 0.821500
2024-11-15 09:45:05,120 - fl_main - INFO - client_dict[f_00013] training ...
2024-11-15 09:45:05,121 - client_base - INFO - client_dict[f_00013] training epoch : 0
2024-11-15 09:45:05,547 - client_base - INFO - local model train cost time : 0m:0s:426ms
2024-11-15 09:45:05,549 - client_base - INFO - model encode time : 0m:0s:1ms
2024-11-15 09:45:05,549 - fl_main - INFO - client_dict[f_00013] local model encrypting ...
2024-11-15 09:45:06,746 - fed_utils - INFO - encrypting key [conv1.weight].length : 150, cost time : 0m:1s:196ms
2024-11-15 09:45:06,794 - fed_utils - INFO - encrypting key [conv1.bias].length : 6, cost time : 0m:0s:48ms
2024-11-15 09:45:06,795 - fed_utils - INFO - load key [conv2.weight].length : 2400, cost time : 0m:0s:0ms
2024-11-15 09:45:06,795 - fed_utils - INFO - load key [conv2.bias].length : 16, cost time : 0m:0s:0ms
2024-11-15 09:45:06,796 - fed_utils - INFO - load key [fc1.weight].length : 48000, cost time : 0m:0s:1ms
2024-11-15 09:45:06,796 - fed_utils - INFO - load key [fc1.bias].length : 120, cost time : 0m:0s:0ms
2024-11-15 09:45:06,796 - fed_utils - INFO - load key [fc2.weight].length : 10080, cost time : 0m:0s:0ms
2024-11-15 09:45:06,796 - fed_utils - INFO - load key [fc2.bias].length : 84, cost time : 0m:0s:0ms
2024-11-15 09:45:13,470 - fed_utils - INFO - encrypting key [fc3.weight].length : 840, cost time : 0m:6s:673ms
2024-11-15 09:45:13,550 - fed_utils - INFO - encrypting key [fc3.bias].length : 10, cost time : 0m:0s:79ms
2024-11-15 09:45:13,550 - fl_main - INFO - Server receive client_dict[f_00013] info ...
2024-11-15 09:45:13,550 - fl_main - INFO - ----- client id [f_00014] -----
2024-11-15 09:45:13,551 - client_base - INFO - recover model cost time : 0m:0s:0ms
2024-11-15 09:45:13,552 - fl_main - INFO - client_dict[f_00014] training ...
2024-11-15 09:45:13,552 - client_base - INFO - client_dict[f_00014] training epoch : 0
2024-11-15 09:45:13,980 - client_base - INFO - local model train cost time : 0m:0s:427ms
2024-11-15 09:45:13,981 - client_base - INFO - model encode time : 0m:0s:1ms
2024-11-15 09:45:13,981 - fl_main - INFO - client_dict[f_00014] local model encrypting ...
2024-11-15 09:45:15,186 - fed_utils - INFO - encrypting key [conv1.weight].length : 150, cost time : 0m:1s:204ms
2024-11-15 09:45:15,241 - fed_utils - INFO - encrypting key [conv1.bias].length : 6, cost time : 0m:0s:54ms
2024-11-15 09:45:15,241 - fed_utils - INFO - load key [conv2.weight].length : 2400, cost time : 0m:0s:0ms
2024-11-15 09:45:15,241 - fed_utils - INFO - load key [conv2.bias].length : 16, cost time : 0m:0s:0ms
2024-11-15 09:45:15,242 - fed_utils - INFO - load key [fc1.weight].length : 48000, cost time : 0m:0s:1ms
2024-11-15 09:45:15,242 - fed_utils - INFO - load key [fc1.bias].length : 120, cost time : 0m:0s:0ms
2024-11-15 09:45:15,242 - fed_utils - INFO - load key [fc2.weight].length : 10080, cost time : 0m:0s:0ms
2024-11-15 09:45:15,243 - fed_utils - INFO - load key [fc2.bias].length : 84, cost time : 0m:0s:0ms
2024-11-15 09:45:22,082 - fed_utils - INFO - encrypting key [fc3.weight].length : 840, cost time : 0m:6s:839ms
2024-11-15 09:45:22,162 - fed_utils - INFO - encrypting key [fc3.bias].length : 10, cost time : 0m:0s:80ms
2024-11-15 09:45:22,163 - fl_main - INFO - Server receive client_dict[f_00014] info ...
2024-11-15 09:45:22,163 - fl_main - INFO - global aggregation process ...
2024-11-15 09:45:22,163 - fed_utils - INFO - server.n_data : 60000
2024-11-15 09:45:22,163 - fed_utils - INFO - client_dict[f_00000].weight : 0.066667
2024-11-15 09:45:22,163 - fed_utils - INFO - client_dict[f_00001].weight : 0.066667
2024-11-15 09:45:22,163 - fed_utils - INFO - client_dict[f_00002].weight : 0.066667
2024-11-15 09:45:22,163 - fed_utils - INFO - client_dict[f_00003].weight : 0.066667
2024-11-15 09:45:22,163 - fed_utils - INFO - client_dict[f_00004].weight : 0.066667
2024-11-15 09:45:22,163 - fed_utils - INFO - client_dict[f_00005].weight : 0.066667
2024-11-15 09:45:22,163 - fed_utils - INFO - client_dict[f_00006].weight : 0.066667
2024-11-15 09:45:22,163 - fed_utils - INFO - client_dict[f_00007].weight : 0.066667
2024-11-15 09:45:22,163 - fed_utils - INFO - client_dict[f_00008].weight : 0.066667
2024-11-15 09:45:22,163 - fed_utils - INFO - client_dict[f_00009].weight : 0.066667
2024-11-15 09:45:22,164 - fed_utils - INFO - client_dict[f_00010].weight : 0.066667
2024-11-15 09:45:22,164 - fed_utils - INFO - client_dict[f_00011].weight : 0.066667
2024-11-15 09:45:22,164 - fed_utils - INFO - client_dict[f_00012].weight : 0.066667
2024-11-15 09:45:22,164 - fed_utils - INFO - client_dict[f_00013].weight : 0.066667
2024-11-15 09:45:22,164 - fed_utils - INFO - client_dict[f_00014].weight : 0.066667
2024-11-15 09:45:22,164 - fed_utils - INFO - recover secret number by clients: 1052426.333333
2024-11-15 09:45:22,164 - server_base - INFO - Server aggregate model with homomorphic encryption ...
2024-11-15 09:45:27,060 - server_base - INFO - Server aggregate model done, cost time : 0m:4s:896ms
2024-11-15 09:45:27,415 - fed_utils - INFO - decrypting key [conv1.weight].shape [torch.Size([6, 1, 5, 5])]
2024-11-15 09:45:27,429 - fed_utils - INFO - decrypting key [conv1.bias].shape [torch.Size([6])]
2024-11-15 09:45:27,430 - fed_utils - INFO - decrypting key [conv2.weight].shape [torch.Size([16, 6, 5, 5])]
2024-11-15 09:45:27,430 - fed_utils - INFO - decrypting key [conv2.bias].shape [torch.Size([16])]
2024-11-15 09:45:27,430 - fed_utils - INFO - decrypting key [fc1.weight].shape [torch.Size([120, 400])]
2024-11-15 09:45:27,430 - fed_utils - INFO - decrypting key [fc1.bias].shape [torch.Size([120])]
2024-11-15 09:45:27,430 - fed_utils - INFO - decrypting key [fc2.weight].shape [torch.Size([84, 120])]
2024-11-15 09:45:27,430 - fed_utils - INFO - decrypting key [fc2.bias].shape [torch.Size([84])]
2024-11-15 09:45:29,358 - fed_utils - INFO - decrypting key [fc3.weight].shape [torch.Size([10, 84])]
2024-11-15 09:45:29,381 - fed_utils - INFO - decrypting key [fc3.bias].shape [torch.Size([10])]
2024-11-15 09:45:29,381 - fed_utils - INFO - decrypt time : [0m:2s:320ms]
2024-11-15 09:45:29,388 - fl_main - INFO - [global round : 8] aggregated model accuracy : 0.8215
2024-11-15 09:45:29,388 - fl_main - INFO - [global round : 8] aggregated model loss : 0.5448475977360407
2024-11-15 09:45:29,389 - fl_main - INFO - global round : 9
2024-11-15 09:45:29,389 - fl_main - INFO - the random client id to test accuracy : f_00013
2024-11-15 09:45:29,389 - fl_main - INFO - ----- client id [f_00000] -----
2024-11-15 09:45:29,390 - client_base - INFO - recover model cost time : 0m:0s:0ms
2024-11-15 09:45:29,390 - fl_main - INFO - client_dict[f_00000] training ...
2024-11-15 09:45:29,391 - client_base - INFO - client_dict[f_00000] training epoch : 0
2024-11-15 09:45:29,811 - client_base - INFO - local model train cost time : 0m:0s:419ms
2024-11-15 09:45:29,812 - client_base - INFO - model encode time : 0m:0s:1ms
2024-11-15 09:45:29,812 - fl_main - INFO - client_dict[f_00000] local model encrypting ...
2024-11-15 09:45:31,005 - fed_utils - INFO - encrypting key [conv1.weight].length : 150, cost time : 0m:1s:192ms
2024-11-15 09:45:31,054 - fed_utils - INFO - encrypting key [conv1.bias].length : 6, cost time : 0m:0s:48ms
2024-11-15 09:45:31,054 - fed_utils - INFO - load key [conv2.weight].length : 2400, cost time : 0m:0s:0ms
2024-11-15 09:45:31,054 - fed_utils - INFO - load key [conv2.bias].length : 16, cost time : 0m:0s:0ms
2024-11-15 09:45:31,055 - fed_utils - INFO - load key [fc1.weight].length : 48000, cost time : 0m:0s:0ms
2024-11-15 09:45:31,055 - fed_utils - INFO - load key [fc1.bias].length : 120, cost time : 0m:0s:0ms
2024-11-15 09:45:31,056 - fed_utils - INFO - load key [fc2.weight].length : 10080, cost time : 0m:0s:0ms
2024-11-15 09:45:31,056 - fed_utils - INFO - load key [fc2.bias].length : 84, cost time : 0m:0s:0ms
2024-11-15 09:45:37,871 - fed_utils - INFO - encrypting key [fc3.weight].length : 840, cost time : 0m:6s:815ms
2024-11-15 09:45:37,951 - fed_utils - INFO - encrypting key [fc3.bias].length : 10, cost time : 0m:0s:80ms
2024-11-15 09:45:37,952 - fl_main - INFO - Server receive client_dict[f_00000] info ...
2024-11-15 09:45:37,953 - fl_main - INFO - ----- client id [f_00001] -----
2024-11-15 09:45:37,954 - client_base - INFO - recover model cost time : 0m:0s:0ms
2024-11-15 09:45:37,954 - fl_main - INFO - client_dict[f_00001] training ...
2024-11-15 09:45:37,955 - client_base - INFO - client_dict[f_00001] training epoch : 0
2024-11-15 09:45:38,366 - client_base - INFO - local model train cost time : 0m:0s:411ms
2024-11-15 09:45:38,367 - client_base - INFO - model encode time : 0m:0s:1ms
2024-11-15 09:45:38,368 - fl_main - INFO - client_dict[f_00001] local model encrypting ...
2024-11-15 09:45:39,559 - fed_utils - INFO - encrypting key [conv1.weight].length : 150, cost time : 0m:1s:191ms
2024-11-15 09:45:39,607 - fed_utils - INFO - encrypting key [conv1.bias].length : 6, cost time : 0m:0s:48ms
2024-11-15 09:45:39,607 - fed_utils - INFO - load key [conv2.weight].length : 2400, cost time : 0m:0s:0ms
2024-11-15 09:45:39,607 - fed_utils - INFO - load key [conv2.bias].length : 16, cost time : 0m:0s:0ms
2024-11-15 09:45:39,608 - fed_utils - INFO - load key [fc1.weight].length : 48000, cost time : 0m:0s:0ms
2024-11-15 09:45:39,608 - fed_utils - INFO - load key [fc1.bias].length : 120, cost time : 0m:0s:0ms
2024-11-15 09:45:39,609 - fed_utils - INFO - load key [fc2.weight].length : 10080, cost time : 0m:0s:0ms
2024-11-15 09:45:39,609 - fed_utils - INFO - load key [fc2.bias].length : 84, cost time : 0m:0s:0ms
2024-11-15 09:45:46,305 - fed_utils - INFO - encrypting key [fc3.weight].length : 840, cost time : 0m:6s:696ms
2024-11-15 09:45:46,385 - fed_utils - INFO - encrypting key [fc3.bias].length : 10, cost time : 0m:0s:79ms
2024-11-15 09:45:46,385 - fl_main - INFO - Server receive client_dict[f_00001] info ...
2024-11-15 09:45:46,386 - fl_main - INFO - ----- client id [f_00002] -----
2024-11-15 09:45:46,387 - client_base - INFO - recover model cost time : 0m:0s:0ms
2024-11-15 09:45:46,387 - fl_main - INFO - client_dict[f_00002] training ...
2024-11-15 09:45:46,388 - client_base - INFO - client_dict[f_00002] training epoch : 0
2024-11-15 09:45:46,814 - client_base - INFO - local model train cost time : 0m:0s:426ms
2024-11-15 09:45:46,816 - client_base - INFO - model encode time : 0m:0s:1ms
2024-11-15 09:45:46,816 - fl_main - INFO - client_dict[f_00002] local model encrypting ...
2024-11-15 09:45:48,146 - fed_utils - INFO - encrypting key [conv1.weight].length : 150, cost time : 0m:1s:329ms
2024-11-15 09:45:48,194 - fed_utils - INFO - encrypting key [conv1.bias].length : 6, cost time : 0m:0s:48ms
2024-11-15 09:45:48,194 - fed_utils - INFO - load key [conv2.weight].length : 2400, cost time : 0m:0s:0ms
2024-11-15 09:45:48,194 - fed_utils - INFO - load key [conv2.bias].length : 16, cost time : 0m:0s:0ms
2024-11-15 09:45:48,195 - fed_utils - INFO - load key [fc1.weight].length : 48000, cost time : 0m:0s:0ms
2024-11-15 09:45:48,195 - fed_utils - INFO - load key [fc1.bias].length : 120, cost time : 0m:0s:0ms
2024-11-15 09:45:48,195 - fed_utils - INFO - load key [fc2.weight].length : 10080, cost time : 0m:0s:0ms
2024-11-15 09:45:48,195 - fed_utils - INFO - load key [fc2.bias].length : 84, cost time : 0m:0s:0ms
2024-11-15 09:45:54,884 - fed_utils - INFO - encrypting key [fc3.weight].length : 840, cost time : 0m:6s:688ms
2024-11-15 09:45:54,963 - fed_utils - INFO - encrypting key [fc3.bias].length : 10, cost time : 0m:0s:79ms
2024-11-15 09:45:54,963 - fl_main - INFO - Server receive client_dict[f_00002] info ...
2024-11-15 09:45:54,964 - fl_main - INFO - ----- client id [f_00003] -----
2024-11-15 09:45:54,965 - client_base - INFO - recover model cost time : 0m:0s:0ms
2024-11-15 09:45:54,965 - fl_main - INFO - client_dict[f_00003] training ...
2024-11-15 09:45:54,966 - client_base - INFO - client_dict[f_00003] training epoch : 0
2024-11-15 09:45:55,388 - client_base - INFO - local model train cost time : 0m:0s:422ms
2024-11-15 09:45:55,390 - client_base - INFO - model encode time : 0m:0s:1ms
2024-11-15 09:45:55,390 - fl_main - INFO - client_dict[f_00003] local model encrypting ...
2024-11-15 09:45:56,586 - fed_utils - INFO - encrypting key [conv1.weight].length : 150, cost time : 0m:1s:195ms
2024-11-15 09:45:56,634 - fed_utils - INFO - encrypting key [conv1.bias].length : 6, cost time : 0m:0s:48ms
2024-11-15 09:45:56,634 - fed_utils - INFO - load key [conv2.weight].length : 2400, cost time : 0m:0s:0ms
2024-11-15 09:45:56,634 - fed_utils - INFO - load key [conv2.bias].length : 16, cost time : 0m:0s:0ms
2024-11-15 09:45:56,635 - fed_utils - INFO - load key [fc1.weight].length : 48000, cost time : 0m:0s:0ms
2024-11-15 09:45:56,635 - fed_utils - INFO - load key [fc1.bias].length : 120, cost time : 0m:0s:0ms
2024-11-15 09:45:56,636 - fed_utils - INFO - load key [fc2.weight].length : 10080, cost time : 0m:0s:0ms
2024-11-15 09:45:56,636 - fed_utils - INFO - load key [fc2.bias].length : 84, cost time : 0m:0s:0ms
2024-11-15 09:46:03,447 - fed_utils - INFO - encrypting key [fc3.weight].length : 840, cost time : 0m:6s:810ms
2024-11-15 09:46:03,527 - fed_utils - INFO - encrypting key [fc3.bias].length : 10, cost time : 0m:0s:79ms
2024-11-15 09:46:03,527 - fl_main - INFO - Server receive client_dict[f_00003] info ...
2024-11-15 09:46:03,527 - fl_main - INFO - ----- client id [f_00004] -----
2024-11-15 09:46:03,528 - client_base - INFO - recover model cost time : 0m:0s:0ms
2024-11-15 09:46:03,529 - fl_main - INFO - client_dict[f_00004] training ...
2024-11-15 09:46:03,529 - client_base - INFO - client_dict[f_00004] training epoch : 0
2024-11-15 09:46:03,949 - client_base - INFO - local model train cost time : 0m:0s:419ms
2024-11-15 09:46:03,950 - client_base - INFO - model encode time : 0m:0s:1ms
2024-11-15 09:46:03,950 - fl_main - INFO - client_dict[f_00004] local model encrypting ...
2024-11-15 09:46:05,145 - fed_utils - INFO - encrypting key [conv1.weight].length : 150, cost time : 0m:1s:194ms
2024-11-15 09:46:05,193 - fed_utils - INFO - encrypting key [conv1.bias].length : 6, cost time : 0m:0s:48ms
2024-11-15 09:46:05,193 - fed_utils - INFO - load key [conv2.weight].length : 2400, cost time : 0m:0s:0ms
2024-11-15 09:46:05,193 - fed_utils - INFO - load key [conv2.bias].length : 16, cost time : 0m:0s:0ms
2024-11-15 09:46:05,194 - fed_utils - INFO - load key [fc1.weight].length : 48000, cost time : 0m:0s:0ms
2024-11-15 09:46:05,194 - fed_utils - INFO - load key [fc1.bias].length : 120, cost time : 0m:0s:0ms
2024-11-15 09:46:05,195 - fed_utils - INFO - load key [fc2.weight].length : 10080, cost time : 0m:0s:0ms
2024-11-15 09:46:05,195 - fed_utils - INFO - load key [fc2.bias].length : 84, cost time : 0m:0s:0ms
2024-11-15 09:46:11,883 - fed_utils - INFO - encrypting key [fc3.weight].length : 840, cost time : 0m:6s:688ms
2024-11-15 09:46:11,963 - fed_utils - INFO - encrypting key [fc3.bias].length : 10, cost time : 0m:0s:79ms
2024-11-15 09:46:11,963 - fl_main - INFO - Server receive client_dict[f_00004] info ...
2024-11-15 09:46:11,963 - fl_main - INFO - ----- client id [f_00005] -----
2024-11-15 09:46:11,964 - client_base - INFO - recover model cost time : 0m:0s:0ms
2024-11-15 09:46:11,964 - fl_main - INFO - client_dict[f_00005] training ...
2024-11-15 09:46:11,965 - client_base - INFO - client_dict[f_00005] training epoch : 0
2024-11-15 09:46:12,381 - client_base - INFO - local model train cost time : 0m:0s:415ms
2024-11-15 09:46:12,382 - client_base - INFO - model encode time : 0m:0s:1ms
2024-11-15 09:46:12,383 - fl_main - INFO - client_dict[f_00005] local model encrypting ...
2024-11-15 09:46:13,579 - fed_utils - INFO - encrypting key [conv1.weight].length : 150, cost time : 0m:1s:196ms
2024-11-15 09:46:13,627 - fed_utils - INFO - encrypting key [conv1.bias].length : 6, cost time : 0m:0s:48ms
2024-11-15 09:46:13,628 - fed_utils - INFO - load key [conv2.weight].length : 2400, cost time : 0m:0s:0ms
2024-11-15 09:46:13,628 - fed_utils - INFO - load key [conv2.bias].length : 16, cost time : 0m:0s:0ms
2024-11-15 09:46:13,629 - fed_utils - INFO - load key [fc1.weight].length : 48000, cost time : 0m:0s:0ms
2024-11-15 09:46:13,629 - fed_utils - INFO - load key [fc1.bias].length : 120, cost time : 0m:0s:0ms
2024-11-15 09:46:13,629 - fed_utils - INFO - load key [fc2.weight].length : 10080, cost time : 0m:0s:0ms
2024-11-15 09:46:13,629 - fed_utils - INFO - load key [fc2.bias].length : 84, cost time : 0m:0s:0ms
2024-11-15 09:46:20,483 - fed_utils - INFO - encrypting key [fc3.weight].length : 840, cost time : 0m:6s:853ms
2024-11-15 09:46:20,562 - fed_utils - INFO - encrypting key [fc3.bias].length : 10, cost time : 0m:0s:79ms
2024-11-15 09:46:20,563 - fl_main - INFO - Server receive client_dict[f_00005] info ...
2024-11-15 09:46:20,563 - fl_main - INFO - ----- client id [f_00006] -----
2024-11-15 09:46:20,564 - client_base - INFO - recover model cost time : 0m:0s:0ms
2024-11-15 09:46:20,564 - fl_main - INFO - client_dict[f_00006] training ...
2024-11-15 09:46:20,565 - client_base - INFO - client_dict[f_00006] training epoch : 0
2024-11-15 09:46:20,979 - client_base - INFO - local model train cost time : 0m:0s:414ms
2024-11-15 09:46:20,980 - client_base - INFO - model encode time : 0m:0s:1ms
2024-11-15 09:46:20,980 - fl_main - INFO - client_dict[f_00006] local model encrypting ...
2024-11-15 09:46:22,174 - fed_utils - INFO - encrypting key [conv1.weight].length : 150, cost time : 0m:1s:193ms
2024-11-15 09:46:22,222 - fed_utils - INFO - encrypting key [conv1.bias].length : 6, cost time : 0m:0s:47ms
2024-11-15 09:46:22,222 - fed_utils - INFO - load key [conv2.weight].length : 2400, cost time : 0m:0s:0ms
2024-11-15 09:46:22,222 - fed_utils - INFO - load key [conv2.bias].length : 16, cost time : 0m:0s:0ms
2024-11-15 09:46:22,223 - fed_utils - INFO - load key [fc1.weight].length : 48000, cost time : 0m:0s:0ms
2024-11-15 09:46:22,223 - fed_utils - INFO - load key [fc1.bias].length : 120, cost time : 0m:0s:0ms
2024-11-15 09:46:22,223 - fed_utils - INFO - load key [fc2.weight].length : 10080, cost time : 0m:0s:0ms
2024-11-15 09:46:22,223 - fed_utils - INFO - load key [fc2.bias].length : 84, cost time : 0m:0s:0ms
2024-11-15 09:46:28,897 - fed_utils - INFO - encrypting key [fc3.weight].length : 840, cost time : 0m:6s:673ms
2024-11-15 09:46:28,977 - fed_utils - INFO - encrypting key [fc3.bias].length : 10, cost time : 0m:0s:79ms
2024-11-15 09:46:28,977 - fl_main - INFO - Server receive client_dict[f_00006] info ...
2024-11-15 09:46:28,977 - fl_main - INFO - ----- client id [f_00007] -----
2024-11-15 09:46:28,978 - client_base - INFO - recover model cost time : 0m:0s:0ms
2024-11-15 09:46:28,978 - fl_main - INFO - client_dict[f_00007] training ...
2024-11-15 09:46:28,979 - client_base - INFO - client_dict[f_00007] training epoch : 0
2024-11-15 09:46:29,406 - client_base - INFO - local model train cost time : 0m:0s:426ms
2024-11-15 09:46:29,407 - client_base - INFO - model encode time : 0m:0s:1ms
2024-11-15 09:46:29,407 - fl_main - INFO - client_dict[f_00007] local model encrypting ...
2024-11-15 09:46:30,599 - fed_utils - INFO - encrypting key [conv1.weight].length : 150, cost time : 0m:1s:191ms
2024-11-15 09:46:30,647 - fed_utils - INFO - encrypting key [conv1.bias].length : 6, cost time : 0m:0s:48ms
2024-11-15 09:46:30,647 - fed_utils - INFO - load key [conv2.weight].length : 2400, cost time : 0m:0s:0ms
2024-11-15 09:46:30,648 - fed_utils - INFO - load key [conv2.bias].length : 16, cost time : 0m:0s:0ms
2024-11-15 09:46:30,649 - fed_utils - INFO - load key [fc1.weight].length : 48000, cost time : 0m:0s:0ms
2024-11-15 09:46:30,649 - fed_utils - INFO - load key [fc1.bias].length : 120, cost time : 0m:0s:0ms
2024-11-15 09:46:30,649 - fed_utils - INFO - load key [fc2.weight].length : 10080, cost time : 0m:0s:0ms
2024-11-15 09:46:30,649 - fed_utils - INFO - load key [fc2.bias].length : 84, cost time : 0m:0s:0ms
2024-11-15 09:46:37,472 - fed_utils - INFO - encrypting key [fc3.weight].length : 840, cost time : 0m:6s:822ms
2024-11-15 09:46:37,552 - fed_utils - INFO - encrypting key [fc3.bias].length : 10, cost time : 0m:0s:80ms
2024-11-15 09:46:37,552 - fl_main - INFO - Server receive client_dict[f_00007] info ...
2024-11-15 09:46:37,552 - fl_main - INFO - ----- client id [f_00008] -----
2024-11-15 09:46:37,553 - client_base - INFO - recover model cost time : 0m:0s:0ms
2024-11-15 09:46:37,553 - fl_main - INFO - client_dict[f_00008] training ...
2024-11-15 09:46:37,554 - client_base - INFO - client_dict[f_00008] training epoch : 0
2024-11-15 09:46:37,967 - client_base - INFO - local model train cost time : 0m:0s:412ms
2024-11-15 09:46:37,968 - client_base - INFO - model encode time : 0m:0s:1ms
2024-11-15 09:46:37,969 - fl_main - INFO - client_dict[f_00008] local model encrypting ...
2024-11-15 09:46:39,162 - fed_utils - INFO - encrypting key [conv1.weight].length : 150, cost time : 0m:1s:193ms
2024-11-15 09:46:39,210 - fed_utils - INFO - encrypting key [conv1.bias].length : 6, cost time : 0m:0s:48ms
2024-11-15 09:46:39,210 - fed_utils - INFO - load key [conv2.weight].length : 2400, cost time : 0m:0s:0ms
2024-11-15 09:46:39,210 - fed_utils - INFO - load key [conv2.bias].length : 16, cost time : 0m:0s:0ms
2024-11-15 09:46:39,211 - fed_utils - INFO - load key [fc1.weight].length : 48000, cost time : 0m:0s:0ms
2024-11-15 09:46:39,211 - fed_utils - INFO - load key [fc1.bias].length : 120, cost time : 0m:0s:0ms
2024-11-15 09:46:39,212 - fed_utils - INFO - load key [fc2.weight].length : 10080, cost time : 0m:0s:0ms
2024-11-15 09:46:39,212 - fed_utils - INFO - load key [fc2.bias].length : 84, cost time : 0m:0s:0ms
2024-11-15 09:46:45,893 - fed_utils - INFO - encrypting key [fc3.weight].length : 840, cost time : 0m:6s:681ms
2024-11-15 09:46:45,972 - fed_utils - INFO - encrypting key [fc3.bias].length : 10, cost time : 0m:0s:79ms
2024-11-15 09:46:45,973 - fl_main - INFO - Server receive client_dict[f_00008] info ...
2024-11-15 09:46:45,973 - fl_main - INFO - ----- client id [f_00009] -----
2024-11-15 09:46:45,974 - client_base - INFO - recover model cost time : 0m:0s:0ms
2024-11-15 09:46:45,974 - fl_main - INFO - client_dict[f_00009] training ...
2024-11-15 09:46:45,975 - client_base - INFO - client_dict[f_00009] training epoch : 0
2024-11-15 09:46:46,396 - client_base - INFO - local model train cost time : 0m:0s:420ms
2024-11-15 09:46:46,397 - client_base - INFO - model encode time : 0m:0s:1ms
2024-11-15 09:46:46,397 - fl_main - INFO - client_dict[f_00009] local model encrypting ...
2024-11-15 09:46:47,589 - fed_utils - INFO - encrypting key [conv1.weight].length : 150, cost time : 0m:1s:191ms
2024-11-15 09:46:47,637 - fed_utils - INFO - encrypting key [conv1.bias].length : 6, cost time : 0m:0s:48ms
2024-11-15 09:46:47,638 - fed_utils - INFO - load key [conv2.weight].length : 2400, cost time : 0m:0s:0ms
2024-11-15 09:46:47,638 - fed_utils - INFO - load key [conv2.bias].length : 16, cost time : 0m:0s:0ms
2024-11-15 09:46:47,639 - fed_utils - INFO - load key [fc1.weight].length : 48000, cost time : 0m:0s:0ms
2024-11-15 09:46:47,639 - fed_utils - INFO - load key [fc1.bias].length : 120, cost time : 0m:0s:0ms
2024-11-15 09:46:47,639 - fed_utils - INFO - load key [fc2.weight].length : 10080, cost time : 0m:0s:0ms
2024-11-15 09:46:47,639 - fed_utils - INFO - load key [fc2.bias].length : 84, cost time : 0m:0s:0ms
2024-11-15 09:46:54,446 - fed_utils - INFO - encrypting key [fc3.weight].length : 840, cost time : 0m:6s:807ms
2024-11-15 09:46:54,526 - fed_utils - INFO - encrypting key [fc3.bias].length : 10, cost time : 0m:0s:79ms
2024-11-15 09:46:54,526 - fl_main - INFO - Server receive client_dict[f_00009] info ...
2024-11-15 09:46:54,526 - fl_main - INFO - ----- client id [f_00010] -----
2024-11-15 09:46:54,527 - client_base - INFO - recover model cost time : 0m:0s:0ms
2024-11-15 09:46:54,528 - fl_main - INFO - client_dict[f_00010] training ...
2024-11-15 09:46:54,528 - client_base - INFO - client_dict[f_00010] training epoch : 0
2024-11-15 09:46:54,957 - client_base - INFO - local model train cost time : 0m:0s:429ms
2024-11-15 09:46:54,959 - client_base - INFO - model encode time : 0m:0s:1ms
2024-11-15 09:46:54,959 - fl_main - INFO - client_dict[f_00010] local model encrypting ...
2024-11-15 09:46:56,151 - fed_utils - INFO - encrypting key [conv1.weight].length : 150, cost time : 0m:1s:192ms
2024-11-15 09:46:56,200 - fed_utils - INFO - encrypting key [conv1.bias].length : 6, cost time : 0m:0s:48ms
2024-11-15 09:46:56,200 - fed_utils - INFO - load key [conv2.weight].length : 2400, cost time : 0m:0s:0ms
2024-11-15 09:46:56,200 - fed_utils - INFO - load key [conv2.bias].length : 16, cost time : 0m:0s:0ms
2024-11-15 09:46:56,201 - fed_utils - INFO - load key [fc1.weight].length : 48000, cost time : 0m:0s:0ms
2024-11-15 09:46:56,201 - fed_utils - INFO - load key [fc1.bias].length : 120, cost time : 0m:0s:0ms
2024-11-15 09:46:56,201 - fed_utils - INFO - load key [fc2.weight].length : 10080, cost time : 0m:0s:0ms
2024-11-15 09:46:56,201 - fed_utils - INFO - load key [fc2.bias].length : 84, cost time : 0m:0s:0ms
2024-11-15 09:47:03,006 - fed_utils - INFO - encrypting key [fc3.weight].length : 840, cost time : 0m:6s:804ms
2024-11-15 09:47:03,102 - fed_utils - INFO - encrypting key [fc3.bias].length : 10, cost time : 0m:0s:95ms
2024-11-15 09:47:03,102 - fl_main - INFO - Server receive client_dict[f_00010] info ...
2024-11-15 09:47:03,102 - fl_main - INFO - ----- client id [f_00011] -----
2024-11-15 09:47:03,103 - client_base - INFO - recover model cost time : 0m:0s:0ms
2024-11-15 09:47:03,103 - fl_main - INFO - client_dict[f_00011] training ...
2024-11-15 09:47:03,104 - client_base - INFO - client_dict[f_00011] training epoch : 0
2024-11-15 09:47:03,550 - client_base - INFO - local model train cost time : 0m:0s:445ms
2024-11-15 09:47:03,551 - client_base - INFO - model encode time : 0m:0s:1ms
2024-11-15 09:47:03,551 - fl_main - INFO - client_dict[f_00011] local model encrypting ...
2024-11-15 09:47:04,744 - fed_utils - INFO - encrypting key [conv1.weight].length : 150, cost time : 0m:1s:192ms
2024-11-15 09:47:04,792 - fed_utils - INFO - encrypting key [conv1.bias].length : 6, cost time : 0m:0s:47ms
2024-11-15 09:47:04,792 - fed_utils - INFO - load key [conv2.weight].length : 2400, cost time : 0m:0s:0ms
2024-11-15 09:47:04,792 - fed_utils - INFO - load key [conv2.bias].length : 16, cost time : 0m:0s:0ms
2024-11-15 09:47:04,793 - fed_utils - INFO - load key [fc1.weight].length : 48000, cost time : 0m:0s:0ms
2024-11-15 09:47:04,793 - fed_utils - INFO - load key [fc1.bias].length : 120, cost time : 0m:0s:0ms
2024-11-15 09:47:04,793 - fed_utils - INFO - load key [fc2.weight].length : 10080, cost time : 0m:0s:0ms
2024-11-15 09:47:04,793 - fed_utils - INFO - load key [fc2.bias].length : 84, cost time : 0m:0s:0ms
2024-11-15 09:47:11,471 - fed_utils - INFO - encrypting key [fc3.weight].length : 840, cost time : 0m:6s:678ms
2024-11-15 09:47:11,551 - fed_utils - INFO - encrypting key [fc3.bias].length : 10, cost time : 0m:0s:79ms
2024-11-15 09:47:11,551 - fl_main - INFO - Server receive client_dict[f_00011] info ...
2024-11-15 09:47:11,551 - fl_main - INFO - ----- client id [f_00012] -----
2024-11-15 09:47:11,553 - client_base - INFO - recover model cost time : 0m:0s:0ms
2024-11-15 09:47:11,553 - fl_main - INFO - client_dict[f_00012] training ...
2024-11-15 09:47:11,553 - client_base - INFO - client_dict[f_00012] training epoch : 0
2024-11-15 09:47:11,989 - client_base - INFO - local model train cost time : 0m:0s:435ms
2024-11-15 09:47:11,990 - client_base - INFO - model encode time : 0m:0s:1ms
2024-11-15 09:47:11,990 - fl_main - INFO - client_dict[f_00012] local model encrypting ...
2024-11-15 09:47:13,184 - fed_utils - INFO - encrypting key [conv1.weight].length : 150, cost time : 0m:1s:193ms
2024-11-15 09:47:13,232 - fed_utils - INFO - encrypting key [conv1.bias].length : 6, cost time : 0m:0s:48ms
2024-11-15 09:47:13,232 - fed_utils - INFO - load key [conv2.weight].length : 2400, cost time : 0m:0s:0ms
2024-11-15 09:47:13,232 - fed_utils - INFO - load key [conv2.bias].length : 16, cost time : 0m:0s:0ms
2024-11-15 09:47:13,233 - fed_utils - INFO - load key [fc1.weight].length : 48000, cost time : 0m:0s:0ms
2024-11-15 09:47:13,233 - fed_utils - INFO - load key [fc1.bias].length : 120, cost time : 0m:0s:0ms
2024-11-15 09:47:13,234 - fed_utils - INFO - load key [fc2.weight].length : 10080, cost time : 0m:0s:0ms
2024-11-15 09:47:13,234 - fed_utils - INFO - load key [fc2.bias].length : 84, cost time : 0m:0s:0ms
2024-11-15 09:47:20,050 - fed_utils - INFO - encrypting key [fc3.weight].length : 840, cost time : 0m:6s:816ms
2024-11-15 09:47:20,130 - fed_utils - INFO - encrypting key [fc3.bias].length : 10, cost time : 0m:0s:79ms
2024-11-15 09:47:20,130 - fl_main - INFO - Server receive client_dict[f_00012] info ...
2024-11-15 09:47:20,130 - fl_main - INFO - ----- client id [f_00013] -----
2024-11-15 09:47:20,131 - client_base - INFO - recover model cost time : 0m:0s:0ms
2024-11-15 09:47:20,942 - fl_main - INFO - global round [9] client_dict[f_00013].accuracy : 0.862300
2024-11-15 09:47:20,942 - fl_main - INFO - client_dict[f_00013] training ...
2024-11-15 09:47:20,942 - client_base - INFO - client_dict[f_00013] training epoch : 0
2024-11-15 09:47:21,360 - client_base - INFO - local model train cost time : 0m:0s:417ms
2024-11-15 09:47:21,361 - client_base - INFO - model encode time : 0m:0s:1ms
2024-11-15 09:47:21,362 - fl_main - INFO - client_dict[f_00013] local model encrypting ...
2024-11-15 09:47:22,565 - fed_utils - INFO - encrypting key [conv1.weight].length : 150, cost time : 0m:1s:203ms
2024-11-15 09:47:22,614 - fed_utils - INFO - encrypting key [conv1.bias].length : 6, cost time : 0m:0s:49ms
2024-11-15 09:47:22,614 - fed_utils - INFO - load key [conv2.weight].length : 2400, cost time : 0m:0s:0ms
2024-11-15 09:47:22,614 - fed_utils - INFO - load key [conv2.bias].length : 16, cost time : 0m:0s:0ms
2024-11-15 09:47:22,615 - fed_utils - INFO - load key [fc1.weight].length : 48000, cost time : 0m:0s:1ms
2024-11-15 09:47:22,616 - fed_utils - INFO - load key [fc1.bias].length : 120, cost time : 0m:0s:0ms
2024-11-15 09:47:22,616 - fed_utils - INFO - load key [fc2.weight].length : 10080, cost time : 0m:0s:0ms
2024-11-15 09:47:22,616 - fed_utils - INFO - load key [fc2.bias].length : 84, cost time : 0m:0s:0ms
2024-11-15 09:47:29,298 - fed_utils - INFO - encrypting key [fc3.weight].length : 840, cost time : 0m:6s:681ms
2024-11-15 09:47:29,378 - fed_utils - INFO - encrypting key [fc3.bias].length : 10, cost time : 0m:0s:79ms
2024-11-15 09:47:29,378 - fl_main - INFO - Server receive client_dict[f_00013] info ...
2024-11-15 09:47:29,378 - fl_main - INFO - ----- client id [f_00014] -----
2024-11-15 09:47:29,379 - client_base - INFO - recover model cost time : 0m:0s:0ms
2024-11-15 09:47:29,379 - fl_main - INFO - client_dict[f_00014] training ...
2024-11-15 09:47:29,380 - client_base - INFO - client_dict[f_00014] training epoch : 0
2024-11-15 09:47:29,810 - client_base - INFO - local model train cost time : 0m:0s:430ms
2024-11-15 09:47:29,812 - client_base - INFO - model encode time : 0m:0s:1ms
2024-11-15 09:47:29,812 - fl_main - INFO - client_dict[f_00014] local model encrypting ...
2024-11-15 09:47:31,007 - fed_utils - INFO - encrypting key [conv1.weight].length : 150, cost time : 0m:1s:194ms
2024-11-15 09:47:31,055 - fed_utils - INFO - encrypting key [conv1.bias].length : 6, cost time : 0m:0s:48ms
2024-11-15 09:47:31,055 - fed_utils - INFO - load key [conv2.weight].length : 2400, cost time : 0m:0s:0ms
2024-11-15 09:47:31,055 - fed_utils - INFO - load key [conv2.bias].length : 16, cost time : 0m:0s:0ms
2024-11-15 09:47:31,056 - fed_utils - INFO - load key [fc1.weight].length : 48000, cost time : 0m:0s:1ms
2024-11-15 09:47:31,057 - fed_utils - INFO - load key [fc1.bias].length : 120, cost time : 0m:0s:0ms
2024-11-15 09:47:31,057 - fed_utils - INFO - load key [fc2.weight].length : 10080, cost time : 0m:0s:0ms
2024-11-15 09:47:31,057 - fed_utils - INFO - load key [fc2.bias].length : 84, cost time : 0m:0s:0ms
2024-11-15 09:47:37,887 - fed_utils - INFO - encrypting key [fc3.weight].length : 840, cost time : 0m:6s:830ms
2024-11-15 09:47:37,967 - fed_utils - INFO - encrypting key [fc3.bias].length : 10, cost time : 0m:0s:79ms
2024-11-15 09:47:37,967 - fl_main - INFO - Server receive client_dict[f_00014] info ...
2024-11-15 09:47:37,967 - fl_main - INFO - global aggregation process ...
2024-11-15 09:47:37,968 - fed_utils - INFO - server.n_data : 60000
2024-11-15 09:47:37,968 - fed_utils - INFO - client_dict[f_00000].weight : 0.066667
2024-11-15 09:47:37,968 - fed_utils - INFO - client_dict[f_00001].weight : 0.066667
2024-11-15 09:47:37,968 - fed_utils - INFO - client_dict[f_00002].weight : 0.066667
2024-11-15 09:47:37,968 - fed_utils - INFO - client_dict[f_00003].weight : 0.066667
2024-11-15 09:47:37,968 - fed_utils - INFO - client_dict[f_00004].weight : 0.066667
2024-11-15 09:47:37,968 - fed_utils - INFO - client_dict[f_00005].weight : 0.066667
2024-11-15 09:47:37,968 - fed_utils - INFO - client_dict[f_00006].weight : 0.066667
2024-11-15 09:47:37,968 - fed_utils - INFO - client_dict[f_00007].weight : 0.066667
2024-11-15 09:47:37,968 - fed_utils - INFO - client_dict[f_00008].weight : 0.066667
2024-11-15 09:47:37,968 - fed_utils - INFO - client_dict[f_00009].weight : 0.066667
2024-11-15 09:47:37,968 - fed_utils - INFO - client_dict[f_00010].weight : 0.066667
2024-11-15 09:47:37,968 - fed_utils - INFO - client_dict[f_00011].weight : 0.066667
2024-11-15 09:47:37,968 - fed_utils - INFO - client_dict[f_00012].weight : 0.066667
2024-11-15 09:47:37,968 - fed_utils - INFO - client_dict[f_00013].weight : 0.066667
2024-11-15 09:47:37,968 - fed_utils - INFO - client_dict[f_00014].weight : 0.066667
2024-11-15 09:47:37,968 - fed_utils - INFO - recover secret number by clients: 1052426.333333
2024-11-15 09:47:37,968 - server_base - INFO - Server aggregate model with homomorphic encryption ...
2024-11-15 09:47:42,844 - server_base - INFO - Server aggregate model done, cost time : 0m:4s:876ms
2024-11-15 09:47:43,187 - fed_utils - INFO - decrypting key [conv1.weight].shape [torch.Size([6, 1, 5, 5])]
2024-11-15 09:47:43,201 - fed_utils - INFO - decrypting key [conv1.bias].shape [torch.Size([6])]
2024-11-15 09:47:43,201 - fed_utils - INFO - decrypting key [conv2.weight].shape [torch.Size([16, 6, 5, 5])]
2024-11-15 09:47:43,201 - fed_utils - INFO - decrypting key [conv2.bias].shape [torch.Size([16])]
2024-11-15 09:47:43,201 - fed_utils - INFO - decrypting key [fc1.weight].shape [torch.Size([120, 400])]
2024-11-15 09:47:43,201 - fed_utils - INFO - decrypting key [fc1.bias].shape [torch.Size([120])]
2024-11-15 09:47:43,201 - fed_utils - INFO - decrypting key [fc2.weight].shape [torch.Size([84, 120])]
2024-11-15 09:47:43,201 - fed_utils - INFO - decrypting key [fc2.bias].shape [torch.Size([84])]
2024-11-15 09:47:45,121 - fed_utils - INFO - decrypting key [fc3.weight].shape [torch.Size([10, 84])]
2024-11-15 09:47:45,144 - fed_utils - INFO - decrypting key [fc3.bias].shape [torch.Size([10])]
2024-11-15 09:47:45,144 - fed_utils - INFO - decrypt time : [0m:2s:299ms]
2024-11-15 09:47:45,151 - fl_main - INFO - [global round : 9] aggregated model accuracy : 0.8623000000000001
2024-11-15 09:47:45,151 - fl_main - INFO - [global round : 9] aggregated model loss : 0.5066743614039607
2024-11-15 09:47:45,152 - fl_main - INFO - global round : 10
2024-11-15 09:47:45,152 - fl_main - INFO - the random client id to test accuracy : f_00001
2024-11-15 09:47:45,152 - fl_main - INFO - ----- client id [f_00000] -----
2024-11-15 09:47:45,153 - client_base - INFO - recover model cost time : 0m:0s:0ms
2024-11-15 09:47:45,153 - fl_main - INFO - client_dict[f_00000] training ...
2024-11-15 09:47:45,154 - client_base - INFO - client_dict[f_00000] training epoch : 0
2024-11-15 09:47:45,579 - client_base - INFO - local model train cost time : 0m:0s:424ms
2024-11-15 09:47:45,580 - client_base - INFO - model encode time : 0m:0s:1ms
2024-11-15 09:47:45,581 - fl_main - INFO - client_dict[f_00000] local model encrypting ...
2024-11-15 09:47:46,774 - fed_utils - INFO - encrypting key [conv1.weight].length : 150, cost time : 0m:1s:193ms
2024-11-15 09:47:46,822 - fed_utils - INFO - encrypting key [conv1.bias].length : 6, cost time : 0m:0s:48ms
2024-11-15 09:47:46,823 - fed_utils - INFO - load key [conv2.weight].length : 2400, cost time : 0m:0s:0ms
2024-11-15 09:47:46,823 - fed_utils - INFO - load key [conv2.bias].length : 16, cost time : 0m:0s:0ms
2024-11-15 09:47:46,824 - fed_utils - INFO - load key [fc1.weight].length : 48000, cost time : 0m:0s:0ms
2024-11-15 09:47:46,824 - fed_utils - INFO - load key [fc1.bias].length : 120, cost time : 0m:0s:0ms
2024-11-15 09:47:46,824 - fed_utils - INFO - load key [fc2.weight].length : 10080, cost time : 0m:0s:0ms
2024-11-15 09:47:46,824 - fed_utils - INFO - load key [fc2.bias].length : 84, cost time : 0m:0s:0ms
2024-11-15 09:47:53,640 - fed_utils - INFO - encrypting key [fc3.weight].length : 840, cost time : 0m:6s:816ms
2024-11-15 09:47:53,720 - fed_utils - INFO - encrypting key [fc3.bias].length : 10, cost time : 0m:0s:79ms
2024-11-15 09:47:53,721 - fl_main - INFO - Server receive client_dict[f_00000] info ...
2024-11-15 09:47:53,721 - fl_main - INFO - ----- client id [f_00001] -----
2024-11-15 09:47:53,722 - client_base - INFO - recover model cost time : 0m:0s:0ms
2024-11-15 09:47:54,519 - fl_main - INFO - global round [10] client_dict[f_00001].accuracy : 0.890600
2024-11-15 09:47:54,519 - fl_main - INFO - client_dict[f_00001] training ...
2024-11-15 09:47:54,520 - client_base - INFO - client_dict[f_00001] training epoch : 0
2024-11-15 09:47:54,947 - client_base - INFO - local model train cost time : 0m:0s:427ms
2024-11-15 09:47:54,949 - client_base - INFO - model encode time : 0m:0s:1ms
2024-11-15 09:47:54,949 - fl_main - INFO - client_dict[f_00001] local model encrypting ...
2024-11-15 09:47:56,146 - fed_utils - INFO - encrypting key [conv1.weight].length : 150, cost time : 0m:1s:197ms
2024-11-15 09:47:56,194 - fed_utils - INFO - encrypting key [conv1.bias].length : 6, cost time : 0m:0s:47ms
2024-11-15 09:47:56,194 - fed_utils - INFO - load key [conv2.weight].length : 2400, cost time : 0m:0s:0ms
2024-11-15 09:47:56,194 - fed_utils - INFO - load key [conv2.bias].length : 16, cost time : 0m:0s:0ms
2024-11-15 09:47:56,195 - fed_utils - INFO - load key [fc1.weight].length : 48000, cost time : 0m:0s:0ms
2024-11-15 09:47:56,195 - fed_utils - INFO - load key [fc1.bias].length : 120, cost time : 0m:0s:0ms
2024-11-15 09:47:56,196 - fed_utils - INFO - load key [fc2.weight].length : 10080, cost time : 0m:0s:0ms
2024-11-15 09:47:56,196 - fed_utils - INFO - load key [fc2.bias].length : 84, cost time : 0m:0s:0ms
2024-11-15 09:48:03,067 - fed_utils - INFO - encrypting key [fc3.weight].length : 840, cost time : 0m:6s:870ms
2024-11-15 09:48:03,172 - fed_utils - INFO - encrypting key [fc3.bias].length : 10, cost time : 0m:0s:105ms
2024-11-15 09:48:03,172 - fl_main - INFO - Server receive client_dict[f_00001] info ...
2024-11-15 09:48:03,173 - fl_main - INFO - ----- client id [f_00002] -----
2024-11-15 09:48:03,174 - client_base - INFO - recover model cost time : 0m:0s:0ms
2024-11-15 09:48:03,174 - fl_main - INFO - client_dict[f_00002] training ...
2024-11-15 09:48:03,175 - client_base - INFO - client_dict[f_00002] training epoch : 0
2024-11-15 09:48:03,604 - client_base - INFO - local model train cost time : 0m:0s:429ms
2024-11-15 09:48:03,605 - client_base - INFO - model encode time : 0m:0s:1ms
2024-11-15 09:48:03,606 - fl_main - INFO - client_dict[f_00002] local model encrypting ...
2024-11-15 09:48:04,804 - fed_utils - INFO - encrypting key [conv1.weight].length : 150, cost time : 0m:1s:198ms
2024-11-15 09:48:04,852 - fed_utils - INFO - encrypting key [conv1.bias].length : 6, cost time : 0m:0s:47ms
2024-11-15 09:48:04,852 - fed_utils - INFO - load key [conv2.weight].length : 2400, cost time : 0m:0s:0ms
2024-11-15 09:48:04,852 - fed_utils - INFO - load key [conv2.bias].length : 16, cost time : 0m:0s:0ms
2024-11-15 09:48:04,853 - fed_utils - INFO - load key [fc1.weight].length : 48000, cost time : 0m:0s:0ms
2024-11-15 09:48:04,853 - fed_utils - INFO - load key [fc1.bias].length : 120, cost time : 0m:0s:0ms
2024-11-15 09:48:04,853 - fed_utils - INFO - load key [fc2.weight].length : 10080, cost time : 0m:0s:0ms
2024-11-15 09:48:04,853 - fed_utils - INFO - load key [fc2.bias].length : 84, cost time : 0m:0s:0ms
2024-11-15 09:48:11,543 - fed_utils - INFO - encrypting key [fc3.weight].length : 840, cost time : 0m:6s:690ms
2024-11-15 09:48:11,625 - fed_utils - INFO - encrypting key [fc3.bias].length : 10, cost time : 0m:0s:81ms
2024-11-15 09:48:11,625 - fl_main - INFO - Server receive client_dict[f_00002] info ...
2024-11-15 09:48:11,625 - fl_main - INFO - ----- client id [f_00003] -----
2024-11-15 09:48:11,626 - client_base - INFO - recover model cost time : 0m:0s:0ms
2024-11-15 09:48:11,626 - fl_main - INFO - client_dict[f_00003] training ...
2024-11-15 09:48:11,627 - client_base - INFO - client_dict[f_00003] training epoch : 0
2024-11-15 09:48:12,051 - client_base - INFO - local model train cost time : 0m:0s:423ms
2024-11-15 09:48:12,052 - client_base - INFO - model encode time : 0m:0s:1ms
2024-11-15 09:48:12,052 - fl_main - INFO - client_dict[f_00003] local model encrypting ...
2024-11-15 09:48:13,245 - fed_utils - INFO - encrypting key [conv1.weight].length : 150, cost time : 0m:1s:192ms
2024-11-15 09:48:13,293 - fed_utils - INFO - encrypting key [conv1.bias].length : 6, cost time : 0m:0s:48ms
2024-11-15 09:48:13,293 - fed_utils - INFO - load key [conv2.weight].length : 2400, cost time : 0m:0s:0ms
2024-11-15 09:48:13,293 - fed_utils - INFO - load key [conv2.bias].length : 16, cost time : 0m:0s:0ms
2024-11-15 09:48:13,294 - fed_utils - INFO - load key [fc1.weight].length : 48000, cost time : 0m:0s:0ms
2024-11-15 09:48:13,294 - fed_utils - INFO - load key [fc1.bias].length : 120, cost time : 0m:0s:0ms
2024-11-15 09:48:13,295 - fed_utils - INFO - load key [fc2.weight].length : 10080, cost time : 0m:0s:0ms
2024-11-15 09:48:13,295 - fed_utils - INFO - load key [fc2.bias].length : 84, cost time : 0m:0s:0ms
2024-11-15 09:48:20,141 - fed_utils - INFO - encrypting key [fc3.weight].length : 840, cost time : 0m:6s:846ms
2024-11-15 09:48:20,221 - fed_utils - INFO - encrypting key [fc3.bias].length : 10, cost time : 0m:0s:80ms
2024-11-15 09:48:20,221 - fl_main - INFO - Server receive client_dict[f_00003] info ...
2024-11-15 09:48:20,222 - fl_main - INFO - ----- client id [f_00004] -----
2024-11-15 09:48:20,223 - client_base - INFO - recover model cost time : 0m:0s:0ms
2024-11-15 09:48:20,223 - fl_main - INFO - client_dict[f_00004] training ...
2024-11-15 09:48:20,224 - client_base - INFO - client_dict[f_00004] training epoch : 0
2024-11-15 09:48:20,667 - client_base - INFO - local model train cost time : 0m:0s:443ms
2024-11-15 09:48:20,668 - client_base - INFO - model encode time : 0m:0s:1ms
2024-11-15 09:48:20,668 - fl_main - INFO - client_dict[f_00004] local model encrypting ...
2024-11-15 09:48:21,866 - fed_utils - INFO - encrypting key [conv1.weight].length : 150, cost time : 0m:1s:197ms
2024-11-15 09:48:21,915 - fed_utils - INFO - encrypting key [conv1.bias].length : 6, cost time : 0m:0s:48ms
2024-11-15 09:48:21,915 - fed_utils - INFO - load key [conv2.weight].length : 2400, cost time : 0m:0s:0ms
2024-11-15 09:48:21,915 - fed_utils - INFO - load key [conv2.bias].length : 16, cost time : 0m:0s:0ms
2024-11-15 09:48:21,916 - fed_utils - INFO - load key [fc1.weight].length : 48000, cost time : 0m:0s:0ms
2024-11-15 09:48:21,916 - fed_utils - INFO - load key [fc1.bias].length : 120, cost time : 0m:0s:0ms
2024-11-15 09:48:21,916 - fed_utils - INFO - load key [fc2.weight].length : 10080, cost time : 0m:0s:0ms
2024-11-15 09:48:21,916 - fed_utils - INFO - load key [fc2.bias].length : 84, cost time : 0m:0s:0ms
2024-11-15 09:48:28,634 - fed_utils - INFO - encrypting key [fc3.weight].length : 840, cost time : 0m:6s:718ms
2024-11-15 09:48:28,715 - fed_utils - INFO - encrypting key [fc3.bias].length : 10, cost time : 0m:0s:80ms
2024-11-15 09:48:28,715 - fl_main - INFO - Server receive client_dict[f_00004] info ...
2024-11-15 09:48:28,715 - fl_main - INFO - ----- client id [f_00005] -----
2024-11-15 09:48:28,716 - client_base - INFO - recover model cost time : 0m:0s:0ms
2024-11-15 09:48:28,716 - fl_main - INFO - client_dict[f_00005] training ...
2024-11-15 09:48:28,717 - client_base - INFO - client_dict[f_00005] training epoch : 0
2024-11-15 09:48:29,155 - client_base - INFO - local model train cost time : 0m:0s:438ms
2024-11-15 09:48:29,156 - client_base - INFO - model encode time : 0m:0s:1ms
2024-11-15 09:48:29,157 - fl_main - INFO - client_dict[f_00005] local model encrypting ...
2024-11-15 09:48:30,356 - fed_utils - INFO - encrypting key [conv1.weight].length : 150, cost time : 0m:1s:199ms
2024-11-15 09:48:30,405 - fed_utils - INFO - encrypting key [conv1.bias].length : 6, cost time : 0m:0s:48ms
2024-11-15 09:48:30,405 - fed_utils - INFO - load key [conv2.weight].length : 2400, cost time : 0m:0s:0ms
2024-11-15 09:48:30,405 - fed_utils - INFO - load key [conv2.bias].length : 16, cost time : 0m:0s:0ms
2024-11-15 09:48:30,406 - fed_utils - INFO - load key [fc1.weight].length : 48000, cost time : 0m:0s:0ms
2024-11-15 09:48:30,406 - fed_utils - INFO - load key [fc1.bias].length : 120, cost time : 0m:0s:0ms
2024-11-15 09:48:30,407 - fed_utils - INFO - load key [fc2.weight].length : 10080, cost time : 0m:0s:0ms
2024-11-15 09:48:30,407 - fed_utils - INFO - load key [fc2.bias].length : 84, cost time : 0m:0s:0ms
2024-11-15 09:48:37,312 - fed_utils - INFO - encrypting key [fc3.weight].length : 840, cost time : 0m:6s:904ms
2024-11-15 09:48:37,394 - fed_utils - INFO - encrypting key [fc3.bias].length : 10, cost time : 0m:0s:82ms
2024-11-15 09:48:37,394 - fl_main - INFO - Server receive client_dict[f_00005] info ...
2024-11-15 09:48:37,394 - fl_main - INFO - ----- client id [f_00006] -----
2024-11-15 09:48:37,395 - client_base - INFO - recover model cost time : 0m:0s:0ms
2024-11-15 09:48:37,396 - fl_main - INFO - client_dict[f_00006] training ...
2024-11-15 09:48:37,396 - client_base - INFO - client_dict[f_00006] training epoch : 0
2024-11-15 09:48:37,846 - client_base - INFO - local model train cost time : 0m:0s:449ms
2024-11-15 09:48:37,847 - client_base - INFO - model encode time : 0m:0s:1ms
2024-11-15 09:48:37,847 - fl_main - INFO - client_dict[f_00006] local model encrypting ...
2024-11-15 09:48:39,059 - fed_utils - INFO - encrypting key [conv1.weight].length : 150, cost time : 0m:1s:211ms
2024-11-15 09:48:39,107 - fed_utils - INFO - encrypting key [conv1.bias].length : 6, cost time : 0m:0s:48ms
2024-11-15 09:48:39,108 - fed_utils - INFO - load key [conv2.weight].length : 2400, cost time : 0m:0s:0ms
2024-11-15 09:48:39,108 - fed_utils - INFO - load key [conv2.bias].length : 16, cost time : 0m:0s:0ms
2024-11-15 09:48:39,109 - fed_utils - INFO - load key [fc1.weight].length : 48000, cost time : 0m:0s:0ms
2024-11-15 09:48:39,109 - fed_utils - INFO - load key [fc1.bias].length : 120, cost time : 0m:0s:0ms
2024-11-15 09:48:39,109 - fed_utils - INFO - load key [fc2.weight].length : 10080, cost time : 0m:0s:0ms
2024-11-15 09:48:39,109 - fed_utils - INFO - load key [fc2.bias].length : 84, cost time : 0m:0s:0ms
2024-11-15 09:48:45,975 - fed_utils - INFO - encrypting key [fc3.weight].length : 840, cost time : 0m:6s:865ms
2024-11-15 09:48:46,055 - fed_utils - INFO - encrypting key [fc3.bias].length : 10, cost time : 0m:0s:79ms
2024-11-15 09:48:46,055 - fl_main - INFO - Server receive client_dict[f_00006] info ...
2024-11-15 09:48:46,055 - fl_main - INFO - ----- client id [f_00007] -----
2024-11-15 09:48:46,056 - client_base - INFO - recover model cost time : 0m:0s:0ms
2024-11-15 09:48:46,056 - fl_main - INFO - client_dict[f_00007] training ...
2024-11-15 09:48:46,057 - client_base - INFO - client_dict[f_00007] training epoch : 0
2024-11-15 09:48:46,485 - client_base - INFO - local model train cost time : 0m:0s:427ms
2024-11-15 09:48:46,486 - client_base - INFO - model encode time : 0m:0s:1ms
2024-11-15 09:48:46,487 - fl_main - INFO - client_dict[f_00007] local model encrypting ...
2024-11-15 09:48:47,679 - fed_utils - INFO - encrypting key [conv1.weight].length : 150, cost time : 0m:1s:192ms
2024-11-15 09:48:47,746 - fed_utils - INFO - encrypting key [conv1.bias].length : 6, cost time : 0m:0s:67ms
2024-11-15 09:48:47,747 - fed_utils - INFO - load key [conv2.weight].length : 2400, cost time : 0m:0s:0ms
2024-11-15 09:48:47,747 - fed_utils - INFO - load key [conv2.bias].length : 16, cost time : 0m:0s:0ms
2024-11-15 09:48:47,748 - fed_utils - INFO - load key [fc1.weight].length : 48000, cost time : 0m:0s:1ms
2024-11-15 09:48:47,749 - fed_utils - INFO - load key [fc1.bias].length : 120, cost time : 0m:0s:0ms
2024-11-15 09:48:47,749 - fed_utils - INFO - load key [fc2.weight].length : 10080, cost time : 0m:0s:0ms
2024-11-15 09:48:47,749 - fed_utils - INFO - load key [fc2.bias].length : 84, cost time : 0m:0s:0ms
2024-11-15 09:48:54,556 - fed_utils - INFO - encrypting key [fc3.weight].length : 840, cost time : 0m:6s:806ms
2024-11-15 09:48:54,635 - fed_utils - INFO - encrypting key [fc3.bias].length : 10, cost time : 0m:0s:79ms
2024-11-15 09:48:54,635 - fl_main - INFO - Server receive client_dict[f_00007] info ...
2024-11-15 09:48:54,636 - fl_main - INFO - ----- client id [f_00008] -----
2024-11-15 09:48:54,637 - client_base - INFO - recover model cost time : 0m:0s:0ms
2024-11-15 09:48:54,637 - fl_main - INFO - client_dict[f_00008] training ...
2024-11-15 09:48:54,638 - client_base - INFO - client_dict[f_00008] training epoch : 0
2024-11-15 09:48:55,074 - client_base - INFO - local model train cost time : 0m:0s:435ms
2024-11-15 09:48:55,075 - client_base - INFO - model encode time : 0m:0s:1ms
2024-11-15 09:48:55,075 - fl_main - INFO - client_dict[f_00008] local model encrypting ...
2024-11-15 09:48:56,268 - fed_utils - INFO - encrypting key [conv1.weight].length : 150, cost time : 0m:1s:193ms
2024-11-15 09:48:56,316 - fed_utils - INFO - encrypting key [conv1.bias].length : 6, cost time : 0m:0s:47ms
2024-11-15 09:48:56,316 - fed_utils - INFO - load key [conv2.weight].length : 2400, cost time : 0m:0s:0ms
2024-11-15 09:48:56,316 - fed_utils - INFO - load key [conv2.bias].length : 16, cost time : 0m:0s:0ms
2024-11-15 09:48:56,317 - fed_utils - INFO - load key [fc1.weight].length : 48000, cost time : 0m:0s:0ms
2024-11-15 09:48:56,318 - fed_utils - INFO - load key [fc1.bias].length : 120, cost time : 0m:0s:0ms
2024-11-15 09:48:56,318 - fed_utils - INFO - load key [fc2.weight].length : 10080, cost time : 0m:0s:0ms
2024-11-15 09:48:56,318 - fed_utils - INFO - load key [fc2.bias].length : 84, cost time : 0m:0s:0ms
2024-11-15 09:49:03,160 - fed_utils - INFO - encrypting key [fc3.weight].length : 840, cost time : 0m:6s:841ms
2024-11-15 09:49:03,239 - fed_utils - INFO - encrypting key [fc3.bias].length : 10, cost time : 0m:0s:79ms
2024-11-15 09:49:03,239 - fl_main - INFO - Server receive client_dict[f_00008] info ...
2024-11-15 09:49:03,239 - fl_main - INFO - ----- client id [f_00009] -----
2024-11-15 09:49:03,241 - client_base - INFO - recover model cost time : 0m:0s:0ms
2024-11-15 09:49:03,241 - fl_main - INFO - client_dict[f_00009] training ...
2024-11-15 09:49:03,241 - client_base - INFO - client_dict[f_00009] training epoch : 0
2024-11-15 09:49:03,671 - client_base - INFO - local model train cost time : 0m:0s:429ms
2024-11-15 09:49:03,672 - client_base - INFO - model encode time : 0m:0s:1ms
2024-11-15 09:49:03,672 - fl_main - INFO - client_dict[f_00009] local model encrypting ...
2024-11-15 09:49:04,865 - fed_utils - INFO - encrypting key [conv1.weight].length : 150, cost time : 0m:1s:192ms
2024-11-15 09:49:04,913 - fed_utils - INFO - encrypting key [conv1.bias].length : 6, cost time : 0m:0s:48ms
2024-11-15 09:49:04,913 - fed_utils - INFO - load key [conv2.weight].length : 2400, cost time : 0m:0s:0ms
2024-11-15 09:49:04,913 - fed_utils - INFO - load key [conv2.bias].length : 16, cost time : 0m:0s:0ms
2024-11-15 09:49:04,914 - fed_utils - INFO - load key [fc1.weight].length : 48000, cost time : 0m:0s:0ms
2024-11-15 09:49:04,914 - fed_utils - INFO - load key [fc1.bias].length : 120, cost time : 0m:0s:0ms
2024-11-15 09:49:04,914 - fed_utils - INFO - load key [fc2.weight].length : 10080, cost time : 0m:0s:0ms
2024-11-15 09:49:04,914 - fed_utils - INFO - load key [fc2.bias].length : 84, cost time : 0m:0s:0ms
2024-11-15 09:49:11,596 - fed_utils - INFO - encrypting key [fc3.weight].length : 840, cost time : 0m:6s:681ms
2024-11-15 09:49:11,676 - fed_utils - INFO - encrypting key [fc3.bias].length : 10, cost time : 0m:0s:79ms
2024-11-15 09:49:11,676 - fl_main - INFO - Server receive client_dict[f_00009] info ...
2024-11-15 09:49:11,676 - fl_main - INFO - ----- client id [f_00010] -----
2024-11-15 09:49:11,677 - client_base - INFO - recover model cost time : 0m:0s:0ms
2024-11-15 09:49:11,678 - fl_main - INFO - client_dict[f_00010] training ...
2024-11-15 09:49:11,678 - client_base - INFO - client_dict[f_00010] training epoch : 0
2024-11-15 09:49:12,116 - client_base - INFO - local model train cost time : 0m:0s:437ms
2024-11-15 09:49:12,117 - client_base - INFO - model encode time : 0m:0s:1ms
2024-11-15 09:49:12,117 - fl_main - INFO - client_dict[f_00010] local model encrypting ...
2024-11-15 09:49:13,309 - fed_utils - INFO - encrypting key [conv1.weight].length : 150, cost time : 0m:1s:191ms
2024-11-15 09:49:13,357 - fed_utils - INFO - encrypting key [conv1.bias].length : 6, cost time : 0m:0s:48ms
2024-11-15 09:49:13,357 - fed_utils - INFO - load key [conv2.weight].length : 2400, cost time : 0m:0s:0ms
2024-11-15 09:49:13,357 - fed_utils - INFO - load key [conv2.bias].length : 16, cost time : 0m:0s:0ms
2024-11-15 09:49:13,358 - fed_utils - INFO - load key [fc1.weight].length : 48000, cost time : 0m:0s:0ms
2024-11-15 09:49:13,358 - fed_utils - INFO - load key [fc1.bias].length : 120, cost time : 0m:0s:0ms
2024-11-15 09:49:13,358 - fed_utils - INFO - load key [fc2.weight].length : 10080, cost time : 0m:0s:0ms
2024-11-15 09:49:13,358 - fed_utils - INFO - load key [fc2.bias].length : 84, cost time : 0m:0s:0ms
2024-11-15 09:49:20,192 - fed_utils - INFO - encrypting key [fc3.weight].length : 840, cost time : 0m:6s:833ms
2024-11-15 09:49:20,271 - fed_utils - INFO - encrypting key [fc3.bias].length : 10, cost time : 0m:0s:79ms
2024-11-15 09:49:20,272 - fl_main - INFO - Server receive client_dict[f_00010] info ...
2024-11-15 09:49:20,272 - fl_main - INFO - ----- client id [f_00011] -----
2024-11-15 09:49:20,273 - client_base - INFO - recover model cost time : 0m:0s:0ms
2024-11-15 09:49:20,273 - fl_main - INFO - client_dict[f_00011] training ...
2024-11-15 09:49:20,274 - client_base - INFO - client_dict[f_00011] training epoch : 0
2024-11-15 09:49:20,698 - client_base - INFO - local model train cost time : 0m:0s:424ms
2024-11-15 09:49:20,700 - client_base - INFO - model encode time : 0m:0s:1ms
2024-11-15 09:49:20,700 - fl_main - INFO - client_dict[f_00011] local model encrypting ...
2024-11-15 09:49:21,891 - fed_utils - INFO - encrypting key [conv1.weight].length : 150, cost time : 0m:1s:190ms
2024-11-15 09:49:21,939 - fed_utils - INFO - encrypting key [conv1.bias].length : 6, cost time : 0m:0s:48ms
2024-11-15 09:49:21,939 - fed_utils - INFO - load key [conv2.weight].length : 2400, cost time : 0m:0s:0ms
2024-11-15 09:49:21,939 - fed_utils - INFO - load key [conv2.bias].length : 16, cost time : 0m:0s:0ms
2024-11-15 09:49:21,940 - fed_utils - INFO - load key [fc1.weight].length : 48000, cost time : 0m:0s:0ms
2024-11-15 09:49:21,940 - fed_utils - INFO - load key [fc1.bias].length : 120, cost time : 0m:0s:0ms
2024-11-15 09:49:21,940 - fed_utils - INFO - load key [fc2.weight].length : 10080, cost time : 0m:0s:0ms
2024-11-15 09:49:21,940 - fed_utils - INFO - load key [fc2.bias].length : 84, cost time : 0m:0s:0ms
2024-11-15 09:49:28,629 - fed_utils - INFO - encrypting key [fc3.weight].length : 840, cost time : 0m:6s:688ms
2024-11-15 09:49:28,709 - fed_utils - INFO - encrypting key [fc3.bias].length : 10, cost time : 0m:0s:80ms
2024-11-15 09:49:28,709 - fl_main - INFO - Server receive client_dict[f_00011] info ...
2024-11-15 09:49:28,709 - fl_main - INFO - ----- client id [f_00012] -----
2024-11-15 09:49:28,710 - client_base - INFO - recover model cost time : 0m:0s:0ms
2024-11-15 09:49:28,711 - fl_main - INFO - client_dict[f_00012] training ...
2024-11-15 09:49:28,711 - client_base - INFO - client_dict[f_00012] training epoch : 0
2024-11-15 09:49:29,144 - client_base - INFO - local model train cost time : 0m:0s:432ms
2024-11-15 09:49:29,145 - client_base - INFO - model encode time : 0m:0s:1ms
2024-11-15 09:49:29,145 - fl_main - INFO - client_dict[f_00012] local model encrypting ...
2024-11-15 09:49:30,358 - fed_utils - INFO - encrypting key [conv1.weight].length : 150, cost time : 0m:1s:212ms
2024-11-15 09:49:30,408 - fed_utils - INFO - encrypting key [conv1.bias].length : 6, cost time : 0m:0s:50ms
2024-11-15 09:49:30,408 - fed_utils - INFO - load key [conv2.weight].length : 2400, cost time : 0m:0s:0ms
2024-11-15 09:49:30,408 - fed_utils - INFO - load key [conv2.bias].length : 16, cost time : 0m:0s:0ms
2024-11-15 09:49:30,409 - fed_utils - INFO - load key [fc1.weight].length : 48000, cost time : 0m:0s:0ms
2024-11-15 09:49:30,409 - fed_utils - INFO - load key [fc1.bias].length : 120, cost time : 0m:0s:0ms
2024-11-15 09:49:30,409 - fed_utils - INFO - load key [fc2.weight].length : 10080, cost time : 0m:0s:0ms
2024-11-15 09:49:30,410 - fed_utils - INFO - load key [fc2.bias].length : 84, cost time : 0m:0s:0ms
2024-11-15 09:49:37,242 - fed_utils - INFO - encrypting key [fc3.weight].length : 840, cost time : 0m:6s:832ms
2024-11-15 09:49:37,322 - fed_utils - INFO - encrypting key [fc3.bias].length : 10, cost time : 0m:0s:79ms
2024-11-15 09:49:37,322 - fl_main - INFO - Server receive client_dict[f_00012] info ...
2024-11-15 09:49:37,322 - fl_main - INFO - ----- client id [f_00013] -----
2024-11-15 09:49:37,323 - client_base - INFO - recover model cost time : 0m:0s:0ms
2024-11-15 09:49:37,323 - fl_main - INFO - client_dict[f_00013] training ...
2024-11-15 09:49:37,324 - client_base - INFO - client_dict[f_00013] training epoch : 0
2024-11-15 09:49:37,748 - client_base - INFO - local model train cost time : 0m:0s:424ms
2024-11-15 09:49:37,750 - client_base - INFO - model encode time : 0m:0s:1ms
2024-11-15 09:49:37,750 - fl_main - INFO - client_dict[f_00013] local model encrypting ...
2024-11-15 09:49:38,942 - fed_utils - INFO - encrypting key [conv1.weight].length : 150, cost time : 0m:1s:192ms
2024-11-15 09:49:38,991 - fed_utils - INFO - encrypting key [conv1.bias].length : 6, cost time : 0m:0s:48ms
2024-11-15 09:49:38,991 - fed_utils - INFO - load key [conv2.weight].length : 2400, cost time : 0m:0s:0ms
2024-11-15 09:49:38,991 - fed_utils - INFO - load key [conv2.bias].length : 16, cost time : 0m:0s:0ms
2024-11-15 09:49:38,992 - fed_utils - INFO - load key [fc1.weight].length : 48000, cost time : 0m:0s:1ms
2024-11-15 09:49:38,992 - fed_utils - INFO - load key [fc1.bias].length : 120, cost time : 0m:0s:0ms
2024-11-15 09:49:38,992 - fed_utils - INFO - load key [fc2.weight].length : 10080, cost time : 0m:0s:0ms
2024-11-15 09:49:38,993 - fed_utils - INFO - load key [fc2.bias].length : 84, cost time : 0m:0s:0ms
2024-11-15 09:49:45,671 - fed_utils - INFO - encrypting key [fc3.weight].length : 840, cost time : 0m:6s:678ms
2024-11-15 09:49:45,751 - fed_utils - INFO - encrypting key [fc3.bias].length : 10, cost time : 0m:0s:79ms
2024-11-15 09:49:45,751 - fl_main - INFO - Server receive client_dict[f_00013] info ...
2024-11-15 09:49:45,751 - fl_main - INFO - ----- client id [f_00014] -----
2024-11-15 09:49:45,752 - client_base - INFO - recover model cost time : 0m:0s:0ms
2024-11-15 09:49:45,752 - fl_main - INFO - client_dict[f_00014] training ...
2024-11-15 09:49:45,753 - client_base - INFO - client_dict[f_00014] training epoch : 0
2024-11-15 09:49:46,177 - client_base - INFO - local model train cost time : 0m:0s:424ms
2024-11-15 09:49:46,179 - client_base - INFO - model encode time : 0m:0s:1ms
2024-11-15 09:49:46,179 - fl_main - INFO - client_dict[f_00014] local model encrypting ...
2024-11-15 09:49:47,370 - fed_utils - INFO - encrypting key [conv1.weight].length : 150, cost time : 0m:1s:190ms
2024-11-15 09:49:47,418 - fed_utils - INFO - encrypting key [conv1.bias].length : 6, cost time : 0m:0s:48ms
2024-11-15 09:49:47,419 - fed_utils - INFO - load key [conv2.weight].length : 2400, cost time : 0m:0s:0ms
2024-11-15 09:49:47,419 - fed_utils - INFO - load key [conv2.bias].length : 16, cost time : 0m:0s:0ms
2024-11-15 09:49:47,420 - fed_utils - INFO - load key [fc1.weight].length : 48000, cost time : 0m:0s:1ms
2024-11-15 09:49:47,420 - fed_utils - INFO - load key [fc1.bias].length : 120, cost time : 0m:0s:0ms
2024-11-15 09:49:47,420 - fed_utils - INFO - load key [fc2.weight].length : 10080, cost time : 0m:0s:0ms
2024-11-15 09:49:47,420 - fed_utils - INFO - load key [fc2.bias].length : 84, cost time : 0m:0s:0ms
2024-11-15 09:49:54,264 - fed_utils - INFO - encrypting key [fc3.weight].length : 840, cost time : 0m:6s:843ms
2024-11-15 09:49:54,344 - fed_utils - INFO - encrypting key [fc3.bias].length : 10, cost time : 0m:0s:79ms
2024-11-15 09:49:54,344 - fl_main - INFO - Server receive client_dict[f_00014] info ...
2024-11-15 09:49:54,344 - fl_main - INFO - global aggregation process ...
2024-11-15 09:49:54,345 - fed_utils - INFO - server.n_data : 60000
2024-11-15 09:49:54,345 - fed_utils - INFO - client_dict[f_00000].weight : 0.066667
2024-11-15 09:49:54,345 - fed_utils - INFO - client_dict[f_00001].weight : 0.066667
2024-11-15 09:49:54,345 - fed_utils - INFO - client_dict[f_00002].weight : 0.066667
2024-11-15 09:49:54,345 - fed_utils - INFO - client_dict[f_00003].weight : 0.066667
2024-11-15 09:49:54,345 - fed_utils - INFO - client_dict[f_00004].weight : 0.066667
2024-11-15 09:49:54,345 - fed_utils - INFO - client_dict[f_00005].weight : 0.066667
2024-11-15 09:49:54,345 - fed_utils - INFO - client_dict[f_00006].weight : 0.066667
2024-11-15 09:49:54,345 - fed_utils - INFO - client_dict[f_00007].weight : 0.066667
2024-11-15 09:49:54,345 - fed_utils - INFO - client_dict[f_00008].weight : 0.066667
2024-11-15 09:49:54,345 - fed_utils - INFO - client_dict[f_00009].weight : 0.066667
2024-11-15 09:49:54,345 - fed_utils - INFO - client_dict[f_00010].weight : 0.066667
2024-11-15 09:49:54,345 - fed_utils - INFO - client_dict[f_00011].weight : 0.066667
2024-11-15 09:49:54,345 - fed_utils - INFO - client_dict[f_00012].weight : 0.066667
2024-11-15 09:49:54,345 - fed_utils - INFO - client_dict[f_00013].weight : 0.066667
2024-11-15 09:49:54,345 - fed_utils - INFO - client_dict[f_00014].weight : 0.066667
2024-11-15 09:49:54,345 - fed_utils - INFO - recover secret number by clients: 1052426.333333
2024-11-15 09:49:54,345 - server_base - INFO - Server aggregate model with homomorphic encryption ...
2024-11-15 09:49:59,211 - server_base - INFO - Server aggregate model done, cost time : 0m:4s:866ms
2024-11-15 09:49:59,554 - fed_utils - INFO - decrypting key [conv1.weight].shape [torch.Size([6, 1, 5, 5])]
2024-11-15 09:49:59,568 - fed_utils - INFO - decrypting key [conv1.bias].shape [torch.Size([6])]
2024-11-15 09:49:59,568 - fed_utils - INFO - decrypting key [conv2.weight].shape [torch.Size([16, 6, 5, 5])]
2024-11-15 09:49:59,568 - fed_utils - INFO - decrypting key [conv2.bias].shape [torch.Size([16])]
2024-11-15 09:49:59,568 - fed_utils - INFO - decrypting key [fc1.weight].shape [torch.Size([120, 400])]
2024-11-15 09:49:59,568 - fed_utils - INFO - decrypting key [fc1.bias].shape [torch.Size([120])]
2024-11-15 09:49:59,568 - fed_utils - INFO - decrypting key [fc2.weight].shape [torch.Size([84, 120])]
2024-11-15 09:49:59,568 - fed_utils - INFO - decrypting key [fc2.bias].shape [torch.Size([84])]
2024-11-15 09:50:01,486 - fed_utils - INFO - decrypting key [fc3.weight].shape [torch.Size([10, 84])]
2024-11-15 09:50:01,509 - fed_utils - INFO - decrypting key [fc3.bias].shape [torch.Size([10])]
2024-11-15 09:50:01,509 - fed_utils - INFO - decrypt time : [0m:2s:297ms]
2024-11-15 09:50:01,516 - fl_main - INFO - [global round : 10] aggregated model accuracy : 0.8906000000000001
2024-11-15 09:50:01,516 - fl_main - INFO - [global round : 10] aggregated model loss : 0.3729538537642481
2024-11-15 09:50:01,517 - fl_main - INFO - global round : 11
2024-11-15 09:50:01,517 - fl_main - INFO - the random client id to test accuracy : f_00010
2024-11-15 09:50:01,517 - fl_main - INFO - ----- client id [f_00000] -----
2024-11-15 09:50:01,518 - client_base - INFO - recover model cost time : 0m:0s:0ms
2024-11-15 09:50:01,519 - fl_main - INFO - client_dict[f_00000] training ...
2024-11-15 09:50:01,519 - client_base - INFO - client_dict[f_00000] training epoch : 0
2024-11-15 09:50:01,949 - client_base - INFO - local model train cost time : 0m:0s:430ms
2024-11-15 09:50:01,951 - client_base - INFO - model encode time : 0m:0s:1ms
2024-11-15 09:50:01,951 - fl_main - INFO - client_dict[f_00000] local model encrypting ...
2024-11-15 09:50:03,284 - fed_utils - INFO - encrypting key [conv1.weight].length : 150, cost time : 0m:1s:333ms
2024-11-15 09:50:03,332 - fed_utils - INFO - encrypting key [conv1.bias].length : 6, cost time : 0m:0s:48ms
2024-11-15 09:50:03,332 - fed_utils - INFO - load key [conv2.weight].length : 2400, cost time : 0m:0s:0ms
2024-11-15 09:50:03,332 - fed_utils - INFO - load key [conv2.bias].length : 16, cost time : 0m:0s:0ms
2024-11-15 09:50:03,334 - fed_utils - INFO - load key [fc1.weight].length : 48000, cost time : 0m:0s:1ms
2024-11-15 09:50:03,334 - fed_utils - INFO - load key [fc1.bias].length : 120, cost time : 0m:0s:0ms
2024-11-15 09:50:03,334 - fed_utils - INFO - load key [fc2.weight].length : 10080, cost time : 0m:0s:0ms
2024-11-15 09:50:03,334 - fed_utils - INFO - load key [fc2.bias].length : 84, cost time : 0m:0s:0ms
2024-11-15 09:50:10,016 - fed_utils - INFO - encrypting key [fc3.weight].length : 840, cost time : 0m:6s:681ms
2024-11-15 09:50:10,096 - fed_utils - INFO - encrypting key [fc3.bias].length : 10, cost time : 0m:0s:79ms
2024-11-15 09:50:10,097 - fl_main - INFO - Server receive client_dict[f_00000] info ...
2024-11-15 09:50:10,097 - fl_main - INFO - ----- client id [f_00001] -----
2024-11-15 09:50:10,098 - client_base - INFO - recover model cost time : 0m:0s:0ms
2024-11-15 09:50:10,098 - fl_main - INFO - client_dict[f_00001] training ...
2024-11-15 09:50:10,099 - client_base - INFO - client_dict[f_00001] training epoch : 0
2024-11-15 09:50:10,527 - client_base - INFO - local model train cost time : 0m:0s:427ms
2024-11-15 09:50:10,528 - client_base - INFO - model encode time : 0m:0s:1ms
2024-11-15 09:50:10,529 - fl_main - INFO - client_dict[f_00001] local model encrypting ...
2024-11-15 09:50:11,724 - fed_utils - INFO - encrypting key [conv1.weight].length : 150, cost time : 0m:1s:195ms
2024-11-15 09:50:11,772 - fed_utils - INFO - encrypting key [conv1.bias].length : 6, cost time : 0m:0s:48ms
2024-11-15 09:50:11,772 - fed_utils - INFO - load key [conv2.weight].length : 2400, cost time : 0m:0s:0ms
2024-11-15 09:50:11,772 - fed_utils - INFO - load key [conv2.bias].length : 16, cost time : 0m:0s:0ms
2024-11-15 09:50:11,773 - fed_utils - INFO - load key [fc1.weight].length : 48000, cost time : 0m:0s:0ms
2024-11-15 09:50:11,773 - fed_utils - INFO - load key [fc1.bias].length : 120, cost time : 0m:0s:0ms
2024-11-15 09:50:11,774 - fed_utils - INFO - load key [fc2.weight].length : 10080, cost time : 0m:0s:0ms
2024-11-15 09:50:11,774 - fed_utils - INFO - load key [fc2.bias].length : 84, cost time : 0m:0s:0ms
2024-11-15 09:50:18,599 - fed_utils - INFO - encrypting key [fc3.weight].length : 840, cost time : 0m:6s:825ms
2024-11-15 09:50:18,679 - fed_utils - INFO - encrypting key [fc3.bias].length : 10, cost time : 0m:0s:80ms
2024-11-15 09:50:18,680 - fl_main - INFO - Server receive client_dict[f_00001] info ...
2024-11-15 09:50:18,680 - fl_main - INFO - ----- client id [f_00002] -----
2024-11-15 09:50:18,681 - client_base - INFO - recover model cost time : 0m:0s:0ms
2024-11-15 09:50:18,681 - fl_main - INFO - client_dict[f_00002] training ...
2024-11-15 09:50:18,682 - client_base - INFO - client_dict[f_00002] training epoch : 0
2024-11-15 09:50:19,105 - client_base - INFO - local model train cost time : 0m:0s:422ms
2024-11-15 09:50:19,106 - client_base - INFO - model encode time : 0m:0s:1ms
2024-11-15 09:50:19,106 - fl_main - INFO - client_dict[f_00002] local model encrypting ...
2024-11-15 09:50:20,302 - fed_utils - INFO - encrypting key [conv1.weight].length : 150, cost time : 0m:1s:195ms
2024-11-15 09:50:20,351 - fed_utils - INFO - encrypting key [conv1.bias].length : 6, cost time : 0m:0s:48ms
2024-11-15 09:50:20,351 - fed_utils - INFO - load key [conv2.weight].length : 2400, cost time : 0m:0s:0ms
2024-11-15 09:50:20,351 - fed_utils - INFO - load key [conv2.bias].length : 16, cost time : 0m:0s:0ms
2024-11-15 09:50:20,352 - fed_utils - INFO - load key [fc1.weight].length : 48000, cost time : 0m:0s:0ms
2024-11-15 09:50:20,352 - fed_utils - INFO - load key [fc1.bias].length : 120, cost time : 0m:0s:0ms
2024-11-15 09:50:20,352 - fed_utils - INFO - load key [fc2.weight].length : 10080, cost time : 0m:0s:0ms
2024-11-15 09:50:20,352 - fed_utils - INFO - load key [fc2.bias].length : 84, cost time : 0m:0s:0ms
2024-11-15 09:50:27,026 - fed_utils - INFO - encrypting key [fc3.weight].length : 840, cost time : 0m:6s:673ms
2024-11-15 09:50:27,106 - fed_utils - INFO - encrypting key [fc3.bias].length : 10, cost time : 0m:0s:79ms
2024-11-15 09:50:27,106 - fl_main - INFO - Server receive client_dict[f_00002] info ...
2024-11-15 09:50:27,106 - fl_main - INFO - ----- client id [f_00003] -----
2024-11-15 09:50:27,107 - client_base - INFO - recover model cost time : 0m:0s:0ms
2024-11-15 09:50:27,107 - fl_main - INFO - client_dict[f_00003] training ...
2024-11-15 09:50:27,108 - client_base - INFO - client_dict[f_00003] training epoch : 0
2024-11-15 09:50:27,550 - client_base - INFO - local model train cost time : 0m:0s:441ms
2024-11-15 09:50:27,551 - client_base - INFO - model encode time : 0m:0s:1ms
2024-11-15 09:50:27,551 - fl_main - INFO - client_dict[f_00003] local model encrypting ...
2024-11-15 09:50:28,743 - fed_utils - INFO - encrypting key [conv1.weight].length : 150, cost time : 0m:1s:191ms
2024-11-15 09:50:28,791 - fed_utils - INFO - encrypting key [conv1.bias].length : 6, cost time : 0m:0s:47ms
2024-11-15 09:50:28,791 - fed_utils - INFO - load key [conv2.weight].length : 2400, cost time : 0m:0s:0ms
2024-11-15 09:50:28,791 - fed_utils - INFO - load key [conv2.bias].length : 16, cost time : 0m:0s:0ms
2024-11-15 09:50:28,792 - fed_utils - INFO - load key [fc1.weight].length : 48000, cost time : 0m:0s:0ms
2024-11-15 09:50:28,792 - fed_utils - INFO - load key [fc1.bias].length : 120, cost time : 0m:0s:0ms
2024-11-15 09:50:28,792 - fed_utils - INFO - load key [fc2.weight].length : 10080, cost time : 0m:0s:0ms
2024-11-15 09:50:28,792 - fed_utils - INFO - load key [fc2.bias].length : 84, cost time : 0m:0s:0ms
2024-11-15 09:50:35,673 - fed_utils - INFO - encrypting key [fc3.weight].length : 840, cost time : 0m:6s:881ms
2024-11-15 09:50:35,753 - fed_utils - INFO - encrypting key [fc3.bias].length : 10, cost time : 0m:0s:79ms
2024-11-15 09:50:35,753 - fl_main - INFO - Server receive client_dict[f_00003] info ...
2024-11-15 09:50:35,753 - fl_main - INFO - ----- client id [f_00004] -----
2024-11-15 09:50:35,754 - client_base - INFO - recover model cost time : 0m:0s:0ms
2024-11-15 09:50:35,755 - fl_main - INFO - client_dict[f_00004] training ...
2024-11-15 09:50:35,755 - client_base - INFO - client_dict[f_00004] training epoch : 0
2024-11-15 09:50:36,170 - client_base - INFO - local model train cost time : 0m:0s:415ms
2024-11-15 09:50:36,172 - client_base - INFO - model encode time : 0m:0s:1ms
2024-11-15 09:50:36,172 - fl_main - INFO - client_dict[f_00004] local model encrypting ...
2024-11-15 09:50:37,363 - fed_utils - INFO - encrypting key [conv1.weight].length : 150, cost time : 0m:1s:190ms
2024-11-15 09:50:37,411 - fed_utils - INFO - encrypting key [conv1.bias].length : 6, cost time : 0m:0s:48ms
2024-11-15 09:50:37,411 - fed_utils - INFO - load key [conv2.weight].length : 2400, cost time : 0m:0s:0ms
2024-11-15 09:50:37,411 - fed_utils - INFO - load key [conv2.bias].length : 16, cost time : 0m:0s:0ms
2024-11-15 09:50:37,412 - fed_utils - INFO - load key [fc1.weight].length : 48000, cost time : 0m:0s:0ms
2024-11-15 09:50:37,412 - fed_utils - INFO - load key [fc1.bias].length : 120, cost time : 0m:0s:0ms
2024-11-15 09:50:37,413 - fed_utils - INFO - load key [fc2.weight].length : 10080, cost time : 0m:0s:0ms
2024-11-15 09:50:37,413 - fed_utils - INFO - load key [fc2.bias].length : 84, cost time : 0m:0s:0ms
2024-11-15 09:50:44,081 - fed_utils - INFO - encrypting key [fc3.weight].length : 840, cost time : 0m:6s:667ms
2024-11-15 09:50:44,160 - fed_utils - INFO - encrypting key [fc3.bias].length : 10, cost time : 0m:0s:79ms
2024-11-15 09:50:44,160 - fl_main - INFO - Server receive client_dict[f_00004] info ...
2024-11-15 09:50:44,160 - fl_main - INFO - ----- client id [f_00005] -----
2024-11-15 09:50:44,162 - client_base - INFO - recover model cost time : 0m:0s:0ms
2024-11-15 09:50:44,162 - fl_main - INFO - client_dict[f_00005] training ...
2024-11-15 09:50:44,162 - client_base - INFO - client_dict[f_00005] training epoch : 0
2024-11-15 09:50:44,583 - client_base - INFO - local model train cost time : 0m:0s:420ms
2024-11-15 09:50:44,585 - client_base - INFO - model encode time : 0m:0s:1ms
2024-11-15 09:50:44,585 - fl_main - INFO - client_dict[f_00005] local model encrypting ...
2024-11-15 09:50:45,779 - fed_utils - INFO - encrypting key [conv1.weight].length : 150, cost time : 0m:1s:193ms
2024-11-15 09:50:45,827 - fed_utils - INFO - encrypting key [conv1.bias].length : 6, cost time : 0m:0s:48ms
2024-11-15 09:50:45,828 - fed_utils - INFO - load key [conv2.weight].length : 2400, cost time : 0m:0s:0ms
2024-11-15 09:50:45,828 - fed_utils - INFO - load key [conv2.bias].length : 16, cost time : 0m:0s:0ms
2024-11-15 09:50:45,829 - fed_utils - INFO - load key [fc1.weight].length : 48000, cost time : 0m:0s:0ms
2024-11-15 09:50:45,829 - fed_utils - INFO - load key [fc1.bias].length : 120, cost time : 0m:0s:0ms
2024-11-15 09:50:45,829 - fed_utils - INFO - load key [fc2.weight].length : 10080, cost time : 0m:0s:0ms
2024-11-15 09:50:45,829 - fed_utils - INFO - load key [fc2.bias].length : 84, cost time : 0m:0s:0ms
2024-11-15 09:50:52,631 - fed_utils - INFO - encrypting key [fc3.weight].length : 840, cost time : 0m:6s:801ms
2024-11-15 09:50:52,711 - fed_utils - INFO - encrypting key [fc3.bias].length : 10, cost time : 0m:0s:79ms
2024-11-15 09:50:52,711 - fl_main - INFO - Server receive client_dict[f_00005] info ...
2024-11-15 09:50:52,711 - fl_main - INFO - ----- client id [f_00006] -----
2024-11-15 09:50:52,712 - client_base - INFO - recover model cost time : 0m:0s:0ms
2024-11-15 09:50:52,712 - fl_main - INFO - client_dict[f_00006] training ...
2024-11-15 09:50:52,713 - client_base - INFO - client_dict[f_00006] training epoch : 0
2024-11-15 09:50:53,142 - client_base - INFO - local model train cost time : 0m:0s:429ms
2024-11-15 09:50:53,144 - client_base - INFO - model encode time : 0m:0s:1ms
2024-11-15 09:50:53,144 - fl_main - INFO - client_dict[f_00006] local model encrypting ...
2024-11-15 09:50:54,338 - fed_utils - INFO - encrypting key [conv1.weight].length : 150, cost time : 0m:1s:194ms
2024-11-15 09:50:54,386 - fed_utils - INFO - encrypting key [conv1.bias].length : 6, cost time : 0m:0s:48ms
2024-11-15 09:50:54,387 - fed_utils - INFO - load key [conv2.weight].length : 2400, cost time : 0m:0s:0ms
2024-11-15 09:50:54,387 - fed_utils - INFO - load key [conv2.bias].length : 16, cost time : 0m:0s:0ms
2024-11-15 09:50:54,388 - fed_utils - INFO - load key [fc1.weight].length : 48000, cost time : 0m:0s:0ms
2024-11-15 09:50:54,388 - fed_utils - INFO - load key [fc1.bias].length : 120, cost time : 0m:0s:0ms
2024-11-15 09:50:54,388 - fed_utils - INFO - load key [fc2.weight].length : 10080, cost time : 0m:0s:0ms
2024-11-15 09:50:54,388 - fed_utils - INFO - load key [fc2.bias].length : 84, cost time : 0m:0s:0ms
2024-11-15 09:51:01,063 - fed_utils - INFO - encrypting key [fc3.weight].length : 840, cost time : 0m:6s:674ms
2024-11-15 09:51:01,142 - fed_utils - INFO - encrypting key [fc3.bias].length : 10, cost time : 0m:0s:79ms
2024-11-15 09:51:01,142 - fl_main - INFO - Server receive client_dict[f_00006] info ...
2024-11-15 09:51:01,142 - fl_main - INFO - ----- client id [f_00007] -----
2024-11-15 09:51:01,144 - client_base - INFO - recover model cost time : 0m:0s:0ms
2024-11-15 09:51:01,144 - fl_main - INFO - client_dict[f_00007] training ...
2024-11-15 09:51:01,144 - client_base - INFO - client_dict[f_00007] training epoch : 0
2024-11-15 09:51:01,563 - client_base - INFO - local model train cost time : 0m:0s:418ms
2024-11-15 09:51:01,565 - client_base - INFO - model encode time : 0m:0s:1ms
2024-11-15 09:51:01,566 - fl_main - INFO - client_dict[f_00007] local model encrypting ...
2024-11-15 09:51:02,780 - fed_utils - INFO - encrypting key [conv1.weight].length : 150, cost time : 0m:1s:214ms
2024-11-15 09:51:02,861 - fed_utils - INFO - encrypting key [conv1.bias].length : 6, cost time : 0m:0s:80ms
2024-11-15 09:51:02,862 - fed_utils - INFO - load key [conv2.weight].length : 2400, cost time : 0m:0s:0ms
2024-11-15 09:51:02,862 - fed_utils - INFO - load key [conv2.bias].length : 16, cost time : 0m:0s:0ms
2024-11-15 09:51:02,863 - fed_utils - INFO - load key [fc1.weight].length : 48000, cost time : 0m:0s:1ms
2024-11-15 09:51:02,863 - fed_utils - INFO - load key [fc1.bias].length : 120, cost time : 0m:0s:0ms
2024-11-15 09:51:02,864 - fed_utils - INFO - load key [fc2.weight].length : 10080, cost time : 0m:0s:0ms
2024-11-15 09:51:02,864 - fed_utils - INFO - load key [fc2.bias].length : 84, cost time : 0m:0s:0ms
2024-11-15 09:51:09,617 - fed_utils - INFO - encrypting key [fc3.weight].length : 840, cost time : 0m:6s:753ms
2024-11-15 09:51:09,697 - fed_utils - INFO - encrypting key [fc3.bias].length : 10, cost time : 0m:0s:79ms
2024-11-15 09:51:09,697 - fl_main - INFO - Server receive client_dict[f_00007] info ...
2024-11-15 09:51:09,697 - fl_main - INFO - ----- client id [f_00008] -----
2024-11-15 09:51:09,698 - client_base - INFO - recover model cost time : 0m:0s:0ms
2024-11-15 09:51:09,698 - fl_main - INFO - client_dict[f_00008] training ...
2024-11-15 09:51:09,699 - client_base - INFO - client_dict[f_00008] training epoch : 0
2024-11-15 09:51:10,132 - client_base - INFO - local model train cost time : 0m:0s:432ms
2024-11-15 09:51:10,133 - client_base - INFO - model encode time : 0m:0s:1ms
2024-11-15 09:51:10,133 - fl_main - INFO - client_dict[f_00008] local model encrypting ...
2024-11-15 09:51:11,325 - fed_utils - INFO - encrypting key [conv1.weight].length : 150, cost time : 0m:1s:192ms
2024-11-15 09:51:11,374 - fed_utils - INFO - encrypting key [conv1.bias].length : 6, cost time : 0m:0s:48ms
2024-11-15 09:51:11,374 - fed_utils - INFO - load key [conv2.weight].length : 2400, cost time : 0m:0s:0ms
2024-11-15 09:51:11,374 - fed_utils - INFO - load key [conv2.bias].length : 16, cost time : 0m:0s:0ms
2024-11-15 09:51:11,375 - fed_utils - INFO - load key [fc1.weight].length : 48000, cost time : 0m:0s:0ms
2024-11-15 09:51:11,375 - fed_utils - INFO - load key [fc1.bias].length : 120, cost time : 0m:0s:0ms
2024-11-15 09:51:11,375 - fed_utils - INFO - load key [fc2.weight].length : 10080, cost time : 0m:0s:0ms
2024-11-15 09:51:11,375 - fed_utils - INFO - load key [fc2.bias].length : 84, cost time : 0m:0s:0ms
2024-11-15 09:51:18,179 - fed_utils - INFO - encrypting key [fc3.weight].length : 840, cost time : 0m:6s:803ms
2024-11-15 09:51:18,258 - fed_utils - INFO - encrypting key [fc3.bias].length : 10, cost time : 0m:0s:79ms
2024-11-15 09:51:18,258 - fl_main - INFO - Server receive client_dict[f_00008] info ...
2024-11-15 09:51:18,258 - fl_main - INFO - ----- client id [f_00009] -----
2024-11-15 09:51:18,260 - client_base - INFO - recover model cost time : 0m:0s:0ms
2024-11-15 09:51:18,260 - fl_main - INFO - client_dict[f_00009] training ...
2024-11-15 09:51:18,260 - client_base - INFO - client_dict[f_00009] training epoch : 0
2024-11-15 09:51:18,695 - client_base - INFO - local model train cost time : 0m:0s:434ms
2024-11-15 09:51:18,697 - client_base - INFO - model encode time : 0m:0s:1ms
2024-11-15 09:51:18,697 - fl_main - INFO - client_dict[f_00009] local model encrypting ...
2024-11-15 09:51:19,888 - fed_utils - INFO - encrypting key [conv1.weight].length : 150, cost time : 0m:1s:191ms
2024-11-15 09:51:19,936 - fed_utils - INFO - encrypting key [conv1.bias].length : 6, cost time : 0m:0s:48ms
2024-11-15 09:51:19,937 - fed_utils - INFO - load key [conv2.weight].length : 2400, cost time : 0m:0s:0ms
2024-11-15 09:51:19,937 - fed_utils - INFO - load key [conv2.bias].length : 16, cost time : 0m:0s:0ms
2024-11-15 09:51:19,938 - fed_utils - INFO - load key [fc1.weight].length : 48000, cost time : 0m:0s:0ms
2024-11-15 09:51:19,938 - fed_utils - INFO - load key [fc1.bias].length : 120, cost time : 0m:0s:0ms
2024-11-15 09:51:19,938 - fed_utils - INFO - load key [fc2.weight].length : 10080, cost time : 0m:0s:0ms
2024-11-15 09:51:19,938 - fed_utils - INFO - load key [fc2.bias].length : 84, cost time : 0m:0s:0ms
2024-11-15 09:51:26,611 - fed_utils - INFO - encrypting key [fc3.weight].length : 840, cost time : 0m:6s:672ms
2024-11-15 09:51:26,691 - fed_utils - INFO - encrypting key [fc3.bias].length : 10, cost time : 0m:0s:79ms
2024-11-15 09:51:26,691 - fl_main - INFO - Server receive client_dict[f_00009] info ...
2024-11-15 09:51:26,691 - fl_main - INFO - ----- client id [f_00010] -----
2024-11-15 09:51:26,692 - client_base - INFO - recover model cost time : 0m:0s:0ms
2024-11-15 09:51:27,490 - fl_main - INFO - global round [11] client_dict[f_00010].accuracy : 0.905700
2024-11-15 09:51:27,490 - fl_main - INFO - client_dict[f_00010] training ...
2024-11-15 09:51:27,491 - client_base - INFO - client_dict[f_00010] training epoch : 0
2024-11-15 09:51:27,921 - client_base - INFO - local model train cost time : 0m:0s:430ms
2024-11-15 09:51:27,923 - client_base - INFO - model encode time : 0m:0s:1ms
2024-11-15 09:51:27,923 - fl_main - INFO - client_dict[f_00010] local model encrypting ...
2024-11-15 09:51:29,114 - fed_utils - INFO - encrypting key [conv1.weight].length : 150, cost time : 0m:1s:191ms
2024-11-15 09:51:29,162 - fed_utils - INFO - encrypting key [conv1.bias].length : 6, cost time : 0m:0s:47ms
2024-11-15 09:51:29,162 - fed_utils - INFO - load key [conv2.weight].length : 2400, cost time : 0m:0s:0ms
2024-11-15 09:51:29,162 - fed_utils - INFO - load key [conv2.bias].length : 16, cost time : 0m:0s:0ms
2024-11-15 09:51:29,163 - fed_utils - INFO - load key [fc1.weight].length : 48000, cost time : 0m:0s:0ms
2024-11-15 09:51:29,164 - fed_utils - INFO - load key [fc1.bias].length : 120, cost time : 0m:0s:0ms
2024-11-15 09:51:29,164 - fed_utils - INFO - load key [fc2.weight].length : 10080, cost time : 0m:0s:0ms
2024-11-15 09:51:29,164 - fed_utils - INFO - load key [fc2.bias].length : 84, cost time : 0m:0s:0ms
2024-11-15 09:51:36,002 - fed_utils - INFO - encrypting key [fc3.weight].length : 840, cost time : 0m:6s:838ms
2024-11-15 09:51:36,082 - fed_utils - INFO - encrypting key [fc3.bias].length : 10, cost time : 0m:0s:79ms
2024-11-15 09:51:36,082 - fl_main - INFO - Server receive client_dict[f_00010] info ...
2024-11-15 09:51:36,082 - fl_main - INFO - ----- client id [f_00011] -----
2024-11-15 09:51:36,083 - client_base - INFO - recover model cost time : 0m:0s:0ms
2024-11-15 09:51:36,083 - fl_main - INFO - client_dict[f_00011] training ...
2024-11-15 09:51:36,084 - client_base - INFO - client_dict[f_00011] training epoch : 0
2024-11-15 09:51:36,506 - client_base - INFO - local model train cost time : 0m:0s:421ms
2024-11-15 09:51:36,507 - client_base - INFO - model encode time : 0m:0s:1ms
2024-11-15 09:51:36,508 - fl_main - INFO - client_dict[f_00011] local model encrypting ...
2024-11-15 09:51:37,699 - fed_utils - INFO - encrypting key [conv1.weight].length : 150, cost time : 0m:1s:191ms
2024-11-15 09:51:37,748 - fed_utils - INFO - encrypting key [conv1.bias].length : 6, cost time : 0m:0s:48ms
2024-11-15 09:51:37,748 - fed_utils - INFO - load key [conv2.weight].length : 2400, cost time : 0m:0s:0ms
2024-11-15 09:51:37,748 - fed_utils - INFO - load key [conv2.bias].length : 16, cost time : 0m:0s:0ms
2024-11-15 09:51:37,749 - fed_utils - INFO - load key [fc1.weight].length : 48000, cost time : 0m:0s:0ms
2024-11-15 09:51:37,749 - fed_utils - INFO - load key [fc1.bias].length : 120, cost time : 0m:0s:0ms
2024-11-15 09:51:37,749 - fed_utils - INFO - load key [fc2.weight].length : 10080, cost time : 0m:0s:0ms
2024-11-15 09:51:37,749 - fed_utils - INFO - load key [fc2.bias].length : 84, cost time : 0m:0s:0ms
2024-11-15 09:51:44,436 - fed_utils - INFO - encrypting key [fc3.weight].length : 840, cost time : 0m:6s:687ms
2024-11-15 09:51:44,516 - fed_utils - INFO - encrypting key [fc3.bias].length : 10, cost time : 0m:0s:79ms
2024-11-15 09:51:44,516 - fl_main - INFO - Server receive client_dict[f_00011] info ...
2024-11-15 09:51:44,516 - fl_main - INFO - ----- client id [f_00012] -----
2024-11-15 09:51:44,517 - client_base - INFO - recover model cost time : 0m:0s:0ms
2024-11-15 09:51:44,518 - fl_main - INFO - client_dict[f_00012] training ...
2024-11-15 09:51:44,518 - client_base - INFO - client_dict[f_00012] training epoch : 0
2024-11-15 09:51:44,947 - client_base - INFO - local model train cost time : 0m:0s:429ms
2024-11-15 09:51:44,949 - client_base - INFO - model encode time : 0m:0s:1ms
2024-11-15 09:51:44,949 - fl_main - INFO - client_dict[f_00012] local model encrypting ...
2024-11-15 09:51:46,143 - fed_utils - INFO - encrypting key [conv1.weight].length : 150, cost time : 0m:1s:194ms
2024-11-15 09:51:46,192 - fed_utils - INFO - encrypting key [conv1.bias].length : 6, cost time : 0m:0s:48ms
2024-11-15 09:51:46,192 - fed_utils - INFO - load key [conv2.weight].length : 2400, cost time : 0m:0s:0ms
2024-11-15 09:51:46,192 - fed_utils - INFO - load key [conv2.bias].length : 16, cost time : 0m:0s:0ms
2024-11-15 09:51:46,193 - fed_utils - INFO - load key [fc1.weight].length : 48000, cost time : 0m:0s:0ms
2024-11-15 09:51:46,193 - fed_utils - INFO - load key [fc1.bias].length : 120, cost time : 0m:0s:0ms
2024-11-15 09:51:46,193 - fed_utils - INFO - load key [fc2.weight].length : 10080, cost time : 0m:0s:0ms
2024-11-15 09:51:46,193 - fed_utils - INFO - load key [fc2.bias].length : 84, cost time : 0m:0s:0ms
2024-11-15 09:51:53,004 - fed_utils - INFO - encrypting key [fc3.weight].length : 840, cost time : 0m:6s:810ms
2024-11-15 09:51:53,083 - fed_utils - INFO - encrypting key [fc3.bias].length : 10, cost time : 0m:0s:79ms
2024-11-15 09:51:53,084 - fl_main - INFO - Server receive client_dict[f_00012] info ...
2024-11-15 09:51:53,084 - fl_main - INFO - ----- client id [f_00013] -----
2024-11-15 09:51:53,085 - client_base - INFO - recover model cost time : 0m:0s:0ms
2024-11-15 09:51:53,085 - fl_main - INFO - client_dict[f_00013] training ...
2024-11-15 09:51:53,086 - client_base - INFO - client_dict[f_00013] training epoch : 0
2024-11-15 09:51:53,510 - client_base - INFO - local model train cost time : 0m:0s:423ms
2024-11-15 09:51:53,511 - client_base - INFO - model encode time : 0m:0s:1ms
2024-11-15 09:51:53,511 - fl_main - INFO - client_dict[f_00013] local model encrypting ...
2024-11-15 09:51:54,705 - fed_utils - INFO - encrypting key [conv1.weight].length : 150, cost time : 0m:1s:194ms
2024-11-15 09:51:54,754 - fed_utils - INFO - encrypting key [conv1.bias].length : 6, cost time : 0m:0s:48ms
2024-11-15 09:51:54,754 - fed_utils - INFO - load key [conv2.weight].length : 2400, cost time : 0m:0s:0ms
2024-11-15 09:51:54,754 - fed_utils - INFO - load key [conv2.bias].length : 16, cost time : 0m:0s:0ms
2024-11-15 09:51:54,755 - fed_utils - INFO - load key [fc1.weight].length : 48000, cost time : 0m:0s:0ms
2024-11-15 09:51:54,755 - fed_utils - INFO - load key [fc1.bias].length : 120, cost time : 0m:0s:0ms
2024-11-15 09:51:54,755 - fed_utils - INFO - load key [fc2.weight].length : 10080, cost time : 0m:0s:0ms
2024-11-15 09:51:54,755 - fed_utils - INFO - load key [fc2.bias].length : 84, cost time : 0m:0s:0ms
2024-11-15 09:52:01,428 - fed_utils - INFO - encrypting key [fc3.weight].length : 840, cost time : 0m:6s:672ms
2024-11-15 09:52:01,508 - fed_utils - INFO - encrypting key [fc3.bias].length : 10, cost time : 0m:0s:79ms
2024-11-15 09:52:01,508 - fl_main - INFO - Server receive client_dict[f_00013] info ...
2024-11-15 09:52:01,508 - fl_main - INFO - ----- client id [f_00014] -----
2024-11-15 09:52:01,509 - client_base - INFO - recover model cost time : 0m:0s:0ms
2024-11-15 09:52:01,509 - fl_main - INFO - client_dict[f_00014] training ...
2024-11-15 09:52:01,510 - client_base - INFO - client_dict[f_00014] training epoch : 0
2024-11-15 09:52:01,947 - client_base - INFO - local model train cost time : 0m:0s:437ms
2024-11-15 09:52:01,949 - client_base - INFO - model encode time : 0m:0s:1ms
2024-11-15 09:52:01,949 - fl_main - INFO - client_dict[f_00014] local model encrypting ...
2024-11-15 09:52:03,287 - fed_utils - INFO - encrypting key [conv1.weight].length : 150, cost time : 0m:1s:338ms
2024-11-15 09:52:03,335 - fed_utils - INFO - encrypting key [conv1.bias].length : 6, cost time : 0m:0s:47ms
2024-11-15 09:52:03,335 - fed_utils - INFO - load key [conv2.weight].length : 2400, cost time : 0m:0s:0ms
2024-11-15 09:52:03,335 - fed_utils - INFO - load key [conv2.bias].length : 16, cost time : 0m:0s:0ms
2024-11-15 09:52:03,337 - fed_utils - INFO - load key [fc1.weight].length : 48000, cost time : 0m:0s:1ms
2024-11-15 09:52:03,337 - fed_utils - INFO - load key [fc1.bias].length : 120, cost time : 0m:0s:0ms
2024-11-15 09:52:03,337 - fed_utils - INFO - load key [fc2.weight].length : 10080, cost time : 0m:0s:0ms
2024-11-15 09:52:03,337 - fed_utils - INFO - load key [fc2.bias].length : 84, cost time : 0m:0s:0ms
2024-11-15 09:52:10,005 - fed_utils - INFO - encrypting key [fc3.weight].length : 840, cost time : 0m:6s:668ms
2024-11-15 09:52:10,085 - fed_utils - INFO - encrypting key [fc3.bias].length : 10, cost time : 0m:0s:79ms
2024-11-15 09:52:10,085 - fl_main - INFO - Server receive client_dict[f_00014] info ...
2024-11-15 09:52:10,085 - fl_main - INFO - global aggregation process ...
2024-11-15 09:52:10,086 - fed_utils - INFO - server.n_data : 60000
2024-11-15 09:52:10,086 - fed_utils - INFO - client_dict[f_00000].weight : 0.066667
2024-11-15 09:52:10,086 - fed_utils - INFO - client_dict[f_00001].weight : 0.066667
2024-11-15 09:52:10,086 - fed_utils - INFO - client_dict[f_00002].weight : 0.066667
2024-11-15 09:52:10,086 - fed_utils - INFO - client_dict[f_00003].weight : 0.066667
2024-11-15 09:52:10,086 - fed_utils - INFO - client_dict[f_00004].weight : 0.066667
2024-11-15 09:52:10,086 - fed_utils - INFO - client_dict[f_00005].weight : 0.066667
2024-11-15 09:52:10,086 - fed_utils - INFO - client_dict[f_00006].weight : 0.066667
2024-11-15 09:52:10,086 - fed_utils - INFO - client_dict[f_00007].weight : 0.066667
2024-11-15 09:52:10,086 - fed_utils - INFO - client_dict[f_00008].weight : 0.066667
2024-11-15 09:52:10,086 - fed_utils - INFO - client_dict[f_00009].weight : 0.066667
2024-11-15 09:52:10,086 - fed_utils - INFO - client_dict[f_00010].weight : 0.066667
2024-11-15 09:52:10,086 - fed_utils - INFO - client_dict[f_00011].weight : 0.066667
2024-11-15 09:52:10,086 - fed_utils - INFO - client_dict[f_00012].weight : 0.066667
2024-11-15 09:52:10,086 - fed_utils - INFO - client_dict[f_00013].weight : 0.066667
2024-11-15 09:52:10,086 - fed_utils - INFO - client_dict[f_00014].weight : 0.066667
2024-11-15 09:52:10,086 - fed_utils - INFO - recover secret number by clients: 1052426.333333
2024-11-15 09:52:10,086 - server_base - INFO - Server aggregate model with homomorphic encryption ...
2024-11-15 09:52:14,937 - server_base - INFO - Server aggregate model done, cost time : 0m:4s:850ms
2024-11-15 09:52:15,283 - fed_utils - INFO - decrypting key [conv1.weight].shape [torch.Size([6, 1, 5, 5])]
2024-11-15 09:52:15,297 - fed_utils - INFO - decrypting key [conv1.bias].shape [torch.Size([6])]
2024-11-15 09:52:15,297 - fed_utils - INFO - decrypting key [conv2.weight].shape [torch.Size([16, 6, 5, 5])]
2024-11-15 09:52:15,297 - fed_utils - INFO - decrypting key [conv2.bias].shape [torch.Size([16])]
2024-11-15 09:52:15,297 - fed_utils - INFO - decrypting key [fc1.weight].shape [torch.Size([120, 400])]
2024-11-15 09:52:15,298 - fed_utils - INFO - decrypting key [fc1.bias].shape [torch.Size([120])]
2024-11-15 09:52:15,298 - fed_utils - INFO - decrypting key [fc2.weight].shape [torch.Size([84, 120])]
2024-11-15 09:52:15,298 - fed_utils - INFO - decrypting key [fc2.bias].shape [torch.Size([84])]
2024-11-15 09:52:17,226 - fed_utils - INFO - decrypting key [fc3.weight].shape [torch.Size([10, 84])]
2024-11-15 09:52:17,249 - fed_utils - INFO - decrypting key [fc3.bias].shape [torch.Size([10])]
2024-11-15 09:52:17,249 - fed_utils - INFO - decrypt time : [0m:2s:312ms]
2024-11-15 09:52:17,256 - fl_main - INFO - [global round : 11] aggregated model accuracy : 0.9057000000000001
2024-11-15 09:52:17,256 - fl_main - INFO - [global round : 11] aggregated model loss : 0.38103409027302804
2024-11-15 09:52:17,257 - fl_main - INFO - global round : 12
2024-11-15 09:52:17,257 - fl_main - INFO - the random client id to test accuracy : f_00004
2024-11-15 09:52:17,257 - fl_main - INFO - ----- client id [f_00000] -----
2024-11-15 09:52:17,258 - client_base - INFO - recover model cost time : 0m:0s:0ms
2024-11-15 09:52:17,259 - fl_main - INFO - client_dict[f_00000] training ...
2024-11-15 09:52:17,259 - client_base - INFO - client_dict[f_00000] training epoch : 0
2024-11-15 09:52:17,681 - client_base - INFO - local model train cost time : 0m:0s:421ms
2024-11-15 09:52:17,682 - client_base - INFO - model encode time : 0m:0s:1ms
2024-11-15 09:52:17,682 - fl_main - INFO - client_dict[f_00000] local model encrypting ...
2024-11-15 09:52:19,062 - fed_utils - INFO - encrypting key [conv1.weight].length : 150, cost time : 0m:1s:380ms
2024-11-15 09:52:19,111 - fed_utils - INFO - encrypting key [conv1.bias].length : 6, cost time : 0m:0s:48ms
2024-11-15 09:52:19,111 - fed_utils - INFO - load key [conv2.weight].length : 2400, cost time : 0m:0s:0ms
2024-11-15 09:52:19,111 - fed_utils - INFO - load key [conv2.bias].length : 16, cost time : 0m:0s:0ms
2024-11-15 09:52:19,112 - fed_utils - INFO - load key [fc1.weight].length : 48000, cost time : 0m:0s:1ms
2024-11-15 09:52:19,112 - fed_utils - INFO - load key [fc1.bias].length : 120, cost time : 0m:0s:0ms
2024-11-15 09:52:19,112 - fed_utils - INFO - load key [fc2.weight].length : 10080, cost time : 0m:0s:0ms
2024-11-15 09:52:19,112 - fed_utils - INFO - load key [fc2.bias].length : 84, cost time : 0m:0s:0ms
2024-11-15 09:52:25,785 - fed_utils - INFO - encrypting key [fc3.weight].length : 840, cost time : 0m:6s:672ms
2024-11-15 09:52:25,865 - fed_utils - INFO - encrypting key [fc3.bias].length : 10, cost time : 0m:0s:79ms
2024-11-15 09:52:25,866 - fl_main - INFO - Server receive client_dict[f_00000] info ...
2024-11-15 09:52:25,866 - fl_main - INFO - ----- client id [f_00001] -----
2024-11-15 09:52:25,867 - client_base - INFO - recover model cost time : 0m:0s:0ms
2024-11-15 09:52:25,867 - fl_main - INFO - client_dict[f_00001] training ...
2024-11-15 09:52:25,868 - client_base - INFO - client_dict[f_00001] training epoch : 0
2024-11-15 09:52:26,304 - client_base - INFO - local model train cost time : 0m:0s:435ms
2024-11-15 09:52:26,305 - client_base - INFO - model encode time : 0m:0s:1ms
2024-11-15 09:52:26,305 - fl_main - INFO - client_dict[f_00001] local model encrypting ...
2024-11-15 09:52:27,497 - fed_utils - INFO - encrypting key [conv1.weight].length : 150, cost time : 0m:1s:191ms
2024-11-15 09:52:27,545 - fed_utils - INFO - encrypting key [conv1.bias].length : 6, cost time : 0m:0s:48ms
2024-11-15 09:52:27,545 - fed_utils - INFO - load key [conv2.weight].length : 2400, cost time : 0m:0s:0ms
2024-11-15 09:52:27,545 - fed_utils - INFO - load key [conv2.bias].length : 16, cost time : 0m:0s:0ms
2024-11-15 09:52:27,546 - fed_utils - INFO - load key [fc1.weight].length : 48000, cost time : 0m:0s:0ms
2024-11-15 09:52:27,546 - fed_utils - INFO - load key [fc1.bias].length : 120, cost time : 0m:0s:0ms
2024-11-15 09:52:27,547 - fed_utils - INFO - load key [fc2.weight].length : 10080, cost time : 0m:0s:0ms
2024-11-15 09:52:27,547 - fed_utils - INFO - load key [fc2.bias].length : 84, cost time : 0m:0s:0ms
2024-11-15 09:52:34,365 - fed_utils - INFO - encrypting key [fc3.weight].length : 840, cost time : 0m:6s:818ms
2024-11-15 09:52:34,445 - fed_utils - INFO - encrypting key [fc3.bias].length : 10, cost time : 0m:0s:79ms
2024-11-15 09:52:34,445 - fl_main - INFO - Server receive client_dict[f_00001] info ...
2024-11-15 09:52:34,445 - fl_main - INFO - ----- client id [f_00002] -----
2024-11-15 09:52:34,446 - client_base - INFO - recover model cost time : 0m:0s:0ms
2024-11-15 09:52:34,446 - fl_main - INFO - client_dict[f_00002] training ...
2024-11-15 09:52:34,447 - client_base - INFO - client_dict[f_00002] training epoch : 0
2024-11-15 09:52:34,882 - client_base - INFO - local model train cost time : 0m:0s:435ms
2024-11-15 09:52:34,884 - client_base - INFO - model encode time : 0m:0s:1ms
2024-11-15 09:52:34,884 - fl_main - INFO - client_dict[f_00002] local model encrypting ...
2024-11-15 09:52:36,079 - fed_utils - INFO - encrypting key [conv1.weight].length : 150, cost time : 0m:1s:194ms
2024-11-15 09:52:36,127 - fed_utils - INFO - encrypting key [conv1.bias].length : 6, cost time : 0m:0s:48ms
2024-11-15 09:52:36,127 - fed_utils - INFO - load key [conv2.weight].length : 2400, cost time : 0m:0s:0ms
2024-11-15 09:52:36,127 - fed_utils - INFO - load key [conv2.bias].length : 16, cost time : 0m:0s:0ms
2024-11-15 09:52:36,128 - fed_utils - INFO - load key [fc1.weight].length : 48000, cost time : 0m:0s:0ms
2024-11-15 09:52:36,128 - fed_utils - INFO - load key [fc1.bias].length : 120, cost time : 0m:0s:0ms
2024-11-15 09:52:36,128 - fed_utils - INFO - load key [fc2.weight].length : 10080, cost time : 0m:0s:0ms
2024-11-15 09:52:36,128 - fed_utils - INFO - load key [fc2.bias].length : 84, cost time : 0m:0s:0ms
2024-11-15 09:52:42,812 - fed_utils - INFO - encrypting key [fc3.weight].length : 840, cost time : 0m:6s:683ms
2024-11-15 09:52:42,892 - fed_utils - INFO - encrypting key [fc3.bias].length : 10, cost time : 0m:0s:79ms
2024-11-15 09:52:42,892 - fl_main - INFO - Server receive client_dict[f_00002] info ...
2024-11-15 09:52:42,892 - fl_main - INFO - ----- client id [f_00003] -----
2024-11-15 09:52:42,893 - client_base - INFO - recover model cost time : 0m:0s:0ms
2024-11-15 09:52:42,894 - fl_main - INFO - client_dict[f_00003] training ...
2024-11-15 09:52:42,894 - client_base - INFO - client_dict[f_00003] training epoch : 0
2024-11-15 09:52:43,315 - client_base - INFO - local model train cost time : 0m:0s:420ms
2024-11-15 09:52:43,317 - client_base - INFO - model encode time : 0m:0s:1ms
2024-11-15 09:52:43,317 - fl_main - INFO - client_dict[f_00003] local model encrypting ...
2024-11-15 09:52:44,509 - fed_utils - INFO - encrypting key [conv1.weight].length : 150, cost time : 0m:1s:191ms
2024-11-15 09:52:44,557 - fed_utils - INFO - encrypting key [conv1.bias].length : 6, cost time : 0m:0s:48ms
2024-11-15 09:52:44,557 - fed_utils - INFO - load key [conv2.weight].length : 2400, cost time : 0m:0s:0ms
2024-11-15 09:52:44,557 - fed_utils - INFO - load key [conv2.bias].length : 16, cost time : 0m:0s:0ms
2024-11-15 09:52:44,558 - fed_utils - INFO - load key [fc1.weight].length : 48000, cost time : 0m:0s:0ms
2024-11-15 09:52:44,558 - fed_utils - INFO - load key [fc1.bias].length : 120, cost time : 0m:0s:0ms
2024-11-15 09:52:44,558 - fed_utils - INFO - load key [fc2.weight].length : 10080, cost time : 0m:0s:0ms
2024-11-15 09:52:44,558 - fed_utils - INFO - load key [fc2.bias].length : 84, cost time : 0m:0s:0ms
2024-11-15 09:52:51,369 - fed_utils - INFO - encrypting key [fc3.weight].length : 840, cost time : 0m:6s:810ms
2024-11-15 09:52:51,449 - fed_utils - INFO - encrypting key [fc3.bias].length : 10, cost time : 0m:0s:79ms
2024-11-15 09:52:51,449 - fl_main - INFO - Server receive client_dict[f_00003] info ...
2024-11-15 09:52:51,449 - fl_main - INFO - ----- client id [f_00004] -----
2024-11-15 09:52:51,450 - client_base - INFO - recover model cost time : 0m:0s:0ms
2024-11-15 09:52:52,248 - fl_main - INFO - global round [12] client_dict[f_00004].accuracy : 0.918100
2024-11-15 09:52:52,248 - fl_main - INFO - client_dict[f_00004] training ...
2024-11-15 09:52:52,249 - client_base - INFO - client_dict[f_00004] training epoch : 0
2024-11-15 09:52:52,671 - client_base - INFO - local model train cost time : 0m:0s:422ms
2024-11-15 09:52:52,673 - client_base - INFO - model encode time : 0m:0s:1ms
2024-11-15 09:52:52,673 - fl_main - INFO - client_dict[f_00004] local model encrypting ...
2024-11-15 09:52:53,866 - fed_utils - INFO - encrypting key [conv1.weight].length : 150, cost time : 0m:1s:192ms
2024-11-15 09:52:53,914 - fed_utils - INFO - encrypting key [conv1.bias].length : 6, cost time : 0m:0s:48ms
2024-11-15 09:52:53,914 - fed_utils - INFO - load key [conv2.weight].length : 2400, cost time : 0m:0s:0ms
2024-11-15 09:52:53,914 - fed_utils - INFO - load key [conv2.bias].length : 16, cost time : 0m:0s:0ms
2024-11-15 09:52:53,915 - fed_utils - INFO - load key [fc1.weight].length : 48000, cost time : 0m:0s:0ms
2024-11-15 09:52:53,915 - fed_utils - INFO - load key [fc1.bias].length : 120, cost time : 0m:0s:0ms
2024-11-15 09:52:53,916 - fed_utils - INFO - load key [fc2.weight].length : 10080, cost time : 0m:0s:0ms
2024-11-15 09:52:53,916 - fed_utils - INFO - load key [fc2.bias].length : 84, cost time : 0m:0s:0ms
2024-11-15 09:53:00,595 - fed_utils - INFO - encrypting key [fc3.weight].length : 840, cost time : 0m:6s:679ms
2024-11-15 09:53:00,675 - fed_utils - INFO - encrypting key [fc3.bias].length : 10, cost time : 0m:0s:79ms
2024-11-15 09:53:00,675 - fl_main - INFO - Server receive client_dict[f_00004] info ...
2024-11-15 09:53:00,675 - fl_main - INFO - ----- client id [f_00005] -----
2024-11-15 09:53:00,676 - client_base - INFO - recover model cost time : 0m:0s:0ms
2024-11-15 09:53:00,676 - fl_main - INFO - client_dict[f_00005] training ...
2024-11-15 09:53:00,677 - client_base - INFO - client_dict[f_00005] training epoch : 0
2024-11-15 09:53:01,110 - client_base - INFO - local model train cost time : 0m:0s:432ms
2024-11-15 09:53:01,111 - client_base - INFO - model encode time : 0m:0s:1ms
2024-11-15 09:53:01,111 - fl_main - INFO - client_dict[f_00005] local model encrypting ...
2024-11-15 09:53:02,302 - fed_utils - INFO - encrypting key [conv1.weight].length : 150, cost time : 0m:1s:190ms
2024-11-15 09:53:02,350 - fed_utils - INFO - encrypting key [conv1.bias].length : 6, cost time : 0m:0s:48ms
2024-11-15 09:53:02,350 - fed_utils - INFO - load key [conv2.weight].length : 2400, cost time : 0m:0s:0ms
2024-11-15 09:53:02,350 - fed_utils - INFO - load key [conv2.bias].length : 16, cost time : 0m:0s:0ms
2024-11-15 09:53:02,351 - fed_utils - INFO - load key [fc1.weight].length : 48000, cost time : 0m:0s:0ms
2024-11-15 09:53:02,351 - fed_utils - INFO - load key [fc1.bias].length : 120, cost time : 0m:0s:0ms
2024-11-15 09:53:02,352 - fed_utils - INFO - load key [fc2.weight].length : 10080, cost time : 0m:0s:0ms
2024-11-15 09:53:02,352 - fed_utils - INFO - load key [fc2.bias].length : 84, cost time : 0m:0s:0ms
2024-11-15 09:53:09,158 - fed_utils - INFO - encrypting key [fc3.weight].length : 840, cost time : 0m:6s:805ms
2024-11-15 09:53:09,237 - fed_utils - INFO - encrypting key [fc3.bias].length : 10, cost time : 0m:0s:79ms
2024-11-15 09:53:09,237 - fl_main - INFO - Server receive client_dict[f_00005] info ...
2024-11-15 09:53:09,237 - fl_main - INFO - ----- client id [f_00006] -----
2024-11-15 09:53:09,239 - client_base - INFO - recover model cost time : 0m:0s:0ms
2024-11-15 09:53:09,239 - fl_main - INFO - client_dict[f_00006] training ...
2024-11-15 09:53:09,239 - client_base - INFO - client_dict[f_00006] training epoch : 0
2024-11-15 09:53:09,666 - client_base - INFO - local model train cost time : 0m:0s:426ms
2024-11-15 09:53:09,668 - client_base - INFO - model encode time : 0m:0s:1ms
2024-11-15 09:53:09,668 - fl_main - INFO - client_dict[f_00006] local model encrypting ...
2024-11-15 09:53:10,860 - fed_utils - INFO - encrypting key [conv1.weight].length : 150, cost time : 0m:1s:191ms
2024-11-15 09:53:10,908 - fed_utils - INFO - encrypting key [conv1.bias].length : 6, cost time : 0m:0s:48ms
2024-11-15 09:53:10,908 - fed_utils - INFO - load key [conv2.weight].length : 2400, cost time : 0m:0s:0ms
2024-11-15 09:53:10,908 - fed_utils - INFO - load key [conv2.bias].length : 16, cost time : 0m:0s:0ms
2024-11-15 09:53:10,909 - fed_utils - INFO - load key [fc1.weight].length : 48000, cost time : 0m:0s:0ms
2024-11-15 09:53:10,909 - fed_utils - INFO - load key [fc1.bias].length : 120, cost time : 0m:0s:0ms
2024-11-15 09:53:10,910 - fed_utils - INFO - load key [fc2.weight].length : 10080, cost time : 0m:0s:0ms
2024-11-15 09:53:10,910 - fed_utils - INFO - load key [fc2.bias].length : 84, cost time : 0m:0s:0ms
2024-11-15 09:53:17,580 - fed_utils - INFO - encrypting key [fc3.weight].length : 840, cost time : 0m:6s:669ms
2024-11-15 09:53:17,659 - fed_utils - INFO - encrypting key [fc3.bias].length : 10, cost time : 0m:0s:79ms
2024-11-15 09:53:17,659 - fl_main - INFO - Server receive client_dict[f_00006] info ...
2024-11-15 09:53:17,660 - fl_main - INFO - ----- client id [f_00007] -----
2024-11-15 09:53:17,661 - client_base - INFO - recover model cost time : 0m:0s:0ms
2024-11-15 09:53:17,661 - fl_main - INFO - client_dict[f_00007] training ...
2024-11-15 09:53:17,661 - client_base - INFO - client_dict[f_00007] training epoch : 0
2024-11-15 09:53:18,227 - client_base - INFO - local model train cost time : 0m:0s:565ms
2024-11-15 09:53:18,228 - client_base - INFO - model encode time : 0m:0s:1ms
2024-11-15 09:53:18,228 - fl_main - INFO - client_dict[f_00007] local model encrypting ...
2024-11-15 09:53:19,422 - fed_utils - INFO - encrypting key [conv1.weight].length : 150, cost time : 0m:1s:193ms
2024-11-15 09:53:19,470 - fed_utils - INFO - encrypting key [conv1.bias].length : 6, cost time : 0m:0s:48ms
2024-11-15 09:53:19,470 - fed_utils - INFO - load key [conv2.weight].length : 2400, cost time : 0m:0s:0ms
2024-11-15 09:53:19,470 - fed_utils - INFO - load key [conv2.bias].length : 16, cost time : 0m:0s:0ms
2024-11-15 09:53:19,471 - fed_utils - INFO - load key [fc1.weight].length : 48000, cost time : 0m:0s:0ms
2024-11-15 09:53:19,471 - fed_utils - INFO - load key [fc1.bias].length : 120, cost time : 0m:0s:0ms
2024-11-15 09:53:19,471 - fed_utils - INFO - load key [fc2.weight].length : 10080, cost time : 0m:0s:0ms
2024-11-15 09:53:19,471 - fed_utils - INFO - load key [fc2.bias].length : 84, cost time : 0m:0s:0ms
2024-11-15 09:53:26,147 - fed_utils - INFO - encrypting key [fc3.weight].length : 840, cost time : 0m:6s:675ms
2024-11-15 09:53:26,227 - fed_utils - INFO - encrypting key [fc3.bias].length : 10, cost time : 0m:0s:79ms
2024-11-15 09:53:26,227 - fl_main - INFO - Server receive client_dict[f_00007] info ...
2024-11-15 09:53:26,227 - fl_main - INFO - ----- client id [f_00008] -----
2024-11-15 09:53:26,229 - client_base - INFO - recover model cost time : 0m:0s:0ms
2024-11-15 09:53:26,229 - fl_main - INFO - client_dict[f_00008] training ...
2024-11-15 09:53:26,229 - client_base - INFO - client_dict[f_00008] training epoch : 0
2024-11-15 09:53:26,663 - client_base - INFO - local model train cost time : 0m:0s:434ms
2024-11-15 09:53:26,665 - client_base - INFO - model encode time : 0m:0s:1ms
2024-11-15 09:53:26,665 - fl_main - INFO - client_dict[f_00008] local model encrypting ...
2024-11-15 09:53:27,856 - fed_utils - INFO - encrypting key [conv1.weight].length : 150, cost time : 0m:1s:190ms
2024-11-15 09:53:27,904 - fed_utils - INFO - encrypting key [conv1.bias].length : 6, cost time : 0m:0s:47ms
2024-11-15 09:53:27,904 - fed_utils - INFO - load key [conv2.weight].length : 2400, cost time : 0m:0s:0ms
2024-11-15 09:53:27,904 - fed_utils - INFO - load key [conv2.bias].length : 16, cost time : 0m:0s:0ms
2024-11-15 09:53:27,905 - fed_utils - INFO - load key [fc1.weight].length : 48000, cost time : 0m:0s:0ms
2024-11-15 09:53:27,905 - fed_utils - INFO - load key [fc1.bias].length : 120, cost time : 0m:0s:0ms
2024-11-15 09:53:27,905 - fed_utils - INFO - load key [fc2.weight].length : 10080, cost time : 0m:0s:0ms
2024-11-15 09:53:27,905 - fed_utils - INFO - load key [fc2.bias].length : 84, cost time : 0m:0s:0ms
2024-11-15 09:53:34,762 - fed_utils - INFO - encrypting key [fc3.weight].length : 840, cost time : 0m:6s:856ms
2024-11-15 09:53:34,842 - fed_utils - INFO - encrypting key [fc3.bias].length : 10, cost time : 0m:0s:79ms
2024-11-15 09:53:34,842 - fl_main - INFO - Server receive client_dict[f_00008] info ...
2024-11-15 09:53:34,842 - fl_main - INFO - ----- client id [f_00009] -----
2024-11-15 09:53:34,843 - client_base - INFO - recover model cost time : 0m:0s:0ms
2024-11-15 09:53:34,843 - fl_main - INFO - client_dict[f_00009] training ...
2024-11-15 09:53:34,844 - client_base - INFO - client_dict[f_00009] training epoch : 0
2024-11-15 09:53:35,261 - client_base - INFO - local model train cost time : 0m:0s:417ms
2024-11-15 09:53:35,262 - client_base - INFO - model encode time : 0m:0s:1ms
2024-11-15 09:53:35,263 - fl_main - INFO - client_dict[f_00009] local model encrypting ...
2024-11-15 09:53:36,454 - fed_utils - INFO - encrypting key [conv1.weight].length : 150, cost time : 0m:1s:191ms
2024-11-15 09:53:36,503 - fed_utils - INFO - encrypting key [conv1.bias].length : 6, cost time : 0m:0s:48ms
2024-11-15 09:53:36,503 - fed_utils - INFO - load key [conv2.weight].length : 2400, cost time : 0m:0s:0ms
2024-11-15 09:53:36,503 - fed_utils - INFO - load key [conv2.bias].length : 16, cost time : 0m:0s:0ms
2024-11-15 09:53:36,504 - fed_utils - INFO - load key [fc1.weight].length : 48000, cost time : 0m:0s:0ms
2024-11-15 09:53:36,504 - fed_utils - INFO - load key [fc1.bias].length : 120, cost time : 0m:0s:0ms
2024-11-15 09:53:36,504 - fed_utils - INFO - load key [fc2.weight].length : 10080, cost time : 0m:0s:0ms
2024-11-15 09:53:36,504 - fed_utils - INFO - load key [fc2.bias].length : 84, cost time : 0m:0s:0ms
2024-11-15 09:53:43,174 - fed_utils - INFO - encrypting key [fc3.weight].length : 840, cost time : 0m:6s:669ms
2024-11-15 09:53:43,254 - fed_utils - INFO - encrypting key [fc3.bias].length : 10, cost time : 0m:0s:79ms
2024-11-15 09:53:43,254 - fl_main - INFO - Server receive client_dict[f_00009] info ...
2024-11-15 09:53:43,254 - fl_main - INFO - ----- client id [f_00010] -----
2024-11-15 09:53:43,255 - client_base - INFO - recover model cost time : 0m:0s:0ms
2024-11-15 09:53:43,255 - fl_main - INFO - client_dict[f_00010] training ...
2024-11-15 09:53:43,256 - client_base - INFO - client_dict[f_00010] training epoch : 0
2024-11-15 09:53:43,691 - client_base - INFO - local model train cost time : 0m:0s:435ms
2024-11-15 09:53:43,693 - client_base - INFO - model encode time : 0m:0s:1ms
2024-11-15 09:53:43,693 - fl_main - INFO - client_dict[f_00010] local model encrypting ...
2024-11-15 09:53:44,888 - fed_utils - INFO - encrypting key [conv1.weight].length : 150, cost time : 0m:1s:194ms
2024-11-15 09:53:44,936 - fed_utils - INFO - encrypting key [conv1.bias].length : 6, cost time : 0m:0s:48ms
2024-11-15 09:53:44,936 - fed_utils - INFO - load key [conv2.weight].length : 2400, cost time : 0m:0s:0ms
2024-11-15 09:53:44,936 - fed_utils - INFO - load key [conv2.bias].length : 16, cost time : 0m:0s:0ms
2024-11-15 09:53:44,937 - fed_utils - INFO - load key [fc1.weight].length : 48000, cost time : 0m:0s:0ms
2024-11-15 09:53:44,937 - fed_utils - INFO - load key [fc1.bias].length : 120, cost time : 0m:0s:0ms
2024-11-15 09:53:44,937 - fed_utils - INFO - load key [fc2.weight].length : 10080, cost time : 0m:0s:0ms
2024-11-15 09:53:44,937 - fed_utils - INFO - load key [fc2.bias].length : 84, cost time : 0m:0s:0ms
2024-11-15 09:53:51,775 - fed_utils - INFO - encrypting key [fc3.weight].length : 840, cost time : 0m:6s:837ms
2024-11-15 09:53:51,855 - fed_utils - INFO - encrypting key [fc3.bias].length : 10, cost time : 0m:0s:79ms
2024-11-15 09:53:51,855 - fl_main - INFO - Server receive client_dict[f_00010] info ...
2024-11-15 09:53:51,855 - fl_main - INFO - ----- client id [f_00011] -----
2024-11-15 09:53:51,856 - client_base - INFO - recover model cost time : 0m:0s:0ms
2024-11-15 09:53:51,856 - fl_main - INFO - client_dict[f_00011] training ...
2024-11-15 09:53:51,857 - client_base - INFO - client_dict[f_00011] training epoch : 0
2024-11-15 09:53:52,272 - client_base - INFO - local model train cost time : 0m:0s:414ms
2024-11-15 09:53:52,273 - client_base - INFO - model encode time : 0m:0s:1ms
2024-11-15 09:53:52,274 - fl_main - INFO - client_dict[f_00011] local model encrypting ...
2024-11-15 09:53:53,465 - fed_utils - INFO - encrypting key [conv1.weight].length : 150, cost time : 0m:1s:191ms
2024-11-15 09:53:53,513 - fed_utils - INFO - encrypting key [conv1.bias].length : 6, cost time : 0m:0s:48ms
2024-11-15 09:53:53,514 - fed_utils - INFO - load key [conv2.weight].length : 2400, cost time : 0m:0s:0ms
2024-11-15 09:53:53,514 - fed_utils - INFO - load key [conv2.bias].length : 16, cost time : 0m:0s:0ms
2024-11-15 09:53:53,515 - fed_utils - INFO - load key [fc1.weight].length : 48000, cost time : 0m:0s:0ms
2024-11-15 09:53:53,515 - fed_utils - INFO - load key [fc1.bias].length : 120, cost time : 0m:0s:0ms
2024-11-15 09:53:53,515 - fed_utils - INFO - load key [fc2.weight].length : 10080, cost time : 0m:0s:0ms
2024-11-15 09:53:53,515 - fed_utils - INFO - load key [fc2.bias].length : 84, cost time : 0m:0s:0ms
2024-11-15 09:54:00,187 - fed_utils - INFO - encrypting key [fc3.weight].length : 840, cost time : 0m:6s:671ms
2024-11-15 09:54:00,266 - fed_utils - INFO - encrypting key [fc3.bias].length : 10, cost time : 0m:0s:79ms
2024-11-15 09:54:00,266 - fl_main - INFO - Server receive client_dict[f_00011] info ...
2024-11-15 09:54:00,266 - fl_main - INFO - ----- client id [f_00012] -----
2024-11-15 09:54:00,268 - client_base - INFO - recover model cost time : 0m:0s:0ms
2024-11-15 09:54:00,268 - fl_main - INFO - client_dict[f_00012] training ...
2024-11-15 09:54:00,268 - client_base - INFO - client_dict[f_00012] training epoch : 0
2024-11-15 09:54:00,692 - client_base - INFO - local model train cost time : 0m:0s:423ms
2024-11-15 09:54:00,693 - client_base - INFO - model encode time : 0m:0s:1ms
2024-11-15 09:54:00,694 - fl_main - INFO - client_dict[f_00012] local model encrypting ...
2024-11-15 09:54:01,889 - fed_utils - INFO - encrypting key [conv1.weight].length : 150, cost time : 0m:1s:194ms
2024-11-15 09:54:01,937 - fed_utils - INFO - encrypting key [conv1.bias].length : 6, cost time : 0m:0s:48ms
2024-11-15 09:54:01,937 - fed_utils - INFO - load key [conv2.weight].length : 2400, cost time : 0m:0s:0ms
2024-11-15 09:54:01,937 - fed_utils - INFO - load key [conv2.bias].length : 16, cost time : 0m:0s:0ms
2024-11-15 09:54:01,938 - fed_utils - INFO - load key [fc1.weight].length : 48000, cost time : 0m:0s:0ms
2024-11-15 09:54:01,938 - fed_utils - INFO - load key [fc1.bias].length : 120, cost time : 0m:0s:0ms
2024-11-15 09:54:01,938 - fed_utils - INFO - load key [fc2.weight].length : 10080, cost time : 0m:0s:0ms
2024-11-15 09:54:01,938 - fed_utils - INFO - load key [fc2.bias].length : 84, cost time : 0m:0s:0ms
2024-11-15 09:54:08,743 - fed_utils - INFO - encrypting key [fc3.weight].length : 840, cost time : 0m:6s:804ms
2024-11-15 09:54:08,823 - fed_utils - INFO - encrypting key [fc3.bias].length : 10, cost time : 0m:0s:79ms
2024-11-15 09:54:08,823 - fl_main - INFO - Server receive client_dict[f_00012] info ...
2024-11-15 09:54:08,823 - fl_main - INFO - ----- client id [f_00013] -----
2024-11-15 09:54:08,824 - client_base - INFO - recover model cost time : 0m:0s:0ms
2024-11-15 09:54:08,824 - fl_main - INFO - client_dict[f_00013] training ...
2024-11-15 09:54:08,825 - client_base - INFO - client_dict[f_00013] training epoch : 0
2024-11-15 09:54:09,245 - client_base - INFO - local model train cost time : 0m:0s:420ms
2024-11-15 09:54:09,247 - client_base - INFO - model encode time : 0m:0s:1ms
2024-11-15 09:54:09,247 - fl_main - INFO - client_dict[f_00013] local model encrypting ...
2024-11-15 09:54:10,437 - fed_utils - INFO - encrypting key [conv1.weight].length : 150, cost time : 0m:1s:190ms
2024-11-15 09:54:10,485 - fed_utils - INFO - encrypting key [conv1.bias].length : 6, cost time : 0m:0s:48ms
2024-11-15 09:54:10,486 - fed_utils - INFO - load key [conv2.weight].length : 2400, cost time : 0m:0s:0ms
2024-11-15 09:54:10,486 - fed_utils - INFO - load key [conv2.bias].length : 16, cost time : 0m:0s:0ms
2024-11-15 09:54:10,487 - fed_utils - INFO - load key [fc1.weight].length : 48000, cost time : 0m:0s:0ms
2024-11-15 09:54:10,487 - fed_utils - INFO - load key [fc1.bias].length : 120, cost time : 0m:0s:0ms
2024-11-15 09:54:10,487 - fed_utils - INFO - load key [fc2.weight].length : 10080, cost time : 0m:0s:0ms
2024-11-15 09:54:10,487 - fed_utils - INFO - load key [fc2.bias].length : 84, cost time : 0m:0s:0ms
2024-11-15 09:54:17,161 - fed_utils - INFO - encrypting key [fc3.weight].length : 840, cost time : 0m:6s:673ms
2024-11-15 09:54:17,241 - fed_utils - INFO - encrypting key [fc3.bias].length : 10, cost time : 0m:0s:79ms
2024-11-15 09:54:17,241 - fl_main - INFO - Server receive client_dict[f_00013] info ...
2024-11-15 09:54:17,241 - fl_main - INFO - ----- client id [f_00014] -----
2024-11-15 09:54:17,242 - client_base - INFO - recover model cost time : 0m:0s:0ms
2024-11-15 09:54:17,242 - fl_main - INFO - client_dict[f_00014] training ...
2024-11-15 09:54:17,243 - client_base - INFO - client_dict[f_00014] training epoch : 0
2024-11-15 09:54:17,664 - client_base - INFO - local model train cost time : 0m:0s:420ms
2024-11-15 09:54:17,665 - client_base - INFO - model encode time : 0m:0s:1ms
2024-11-15 09:54:17,665 - fl_main - INFO - client_dict[f_00014] local model encrypting ...
2024-11-15 09:54:19,020 - fed_utils - INFO - encrypting key [conv1.weight].length : 150, cost time : 0m:1s:354ms
2024-11-15 09:54:19,068 - fed_utils - INFO - encrypting key [conv1.bias].length : 6, cost time : 0m:0s:48ms
2024-11-15 09:54:19,068 - fed_utils - INFO - load key [conv2.weight].length : 2400, cost time : 0m:0s:0ms
2024-11-15 09:54:19,068 - fed_utils - INFO - load key [conv2.bias].length : 16, cost time : 0m:0s:0ms
2024-11-15 09:54:19,069 - fed_utils - INFO - load key [fc1.weight].length : 48000, cost time : 0m:0s:1ms
2024-11-15 09:54:19,069 - fed_utils - INFO - load key [fc1.bias].length : 120, cost time : 0m:0s:0ms
2024-11-15 09:54:19,070 - fed_utils - INFO - load key [fc2.weight].length : 10080, cost time : 0m:0s:0ms
2024-11-15 09:54:19,070 - fed_utils - INFO - load key [fc2.bias].length : 84, cost time : 0m:0s:0ms
2024-11-15 09:54:25,744 - fed_utils - INFO - encrypting key [fc3.weight].length : 840, cost time : 0m:6s:674ms
2024-11-15 09:54:25,824 - fed_utils - INFO - encrypting key [fc3.bias].length : 10, cost time : 0m:0s:79ms
2024-11-15 09:54:25,824 - fl_main - INFO - Server receive client_dict[f_00014] info ...
2024-11-15 09:54:25,824 - fl_main - INFO - global aggregation process ...
2024-11-15 09:54:25,825 - fed_utils - INFO - server.n_data : 60000
2024-11-15 09:54:25,825 - fed_utils - INFO - client_dict[f_00000].weight : 0.066667
2024-11-15 09:54:25,825 - fed_utils - INFO - client_dict[f_00001].weight : 0.066667
2024-11-15 09:54:25,825 - fed_utils - INFO - client_dict[f_00002].weight : 0.066667
2024-11-15 09:54:25,825 - fed_utils - INFO - client_dict[f_00003].weight : 0.066667
2024-11-15 09:54:25,825 - fed_utils - INFO - client_dict[f_00004].weight : 0.066667
2024-11-15 09:54:25,825 - fed_utils - INFO - client_dict[f_00005].weight : 0.066667
2024-11-15 09:54:25,825 - fed_utils - INFO - client_dict[f_00006].weight : 0.066667
2024-11-15 09:54:25,825 - fed_utils - INFO - client_dict[f_00007].weight : 0.066667
2024-11-15 09:54:25,825 - fed_utils - INFO - client_dict[f_00008].weight : 0.066667
2024-11-15 09:54:25,825 - fed_utils - INFO - client_dict[f_00009].weight : 0.066667
2024-11-15 09:54:25,825 - fed_utils - INFO - client_dict[f_00010].weight : 0.066667
2024-11-15 09:54:25,825 - fed_utils - INFO - client_dict[f_00011].weight : 0.066667
2024-11-15 09:54:25,825 - fed_utils - INFO - client_dict[f_00012].weight : 0.066667
2024-11-15 09:54:25,825 - fed_utils - INFO - client_dict[f_00013].weight : 0.066667
2024-11-15 09:54:25,825 - fed_utils - INFO - client_dict[f_00014].weight : 0.066667
2024-11-15 09:54:25,825 - fed_utils - INFO - recover secret number by clients: 1052426.333333
2024-11-15 09:54:25,825 - server_base - INFO - Server aggregate model with homomorphic encryption ...
2024-11-15 09:54:30,667 - server_base - INFO - Server aggregate model done, cost time : 0m:4s:841ms
2024-11-15 09:54:31,011 - fed_utils - INFO - decrypting key [conv1.weight].shape [torch.Size([6, 1, 5, 5])]
2024-11-15 09:54:31,024 - fed_utils - INFO - decrypting key [conv1.bias].shape [torch.Size([6])]
2024-11-15 09:54:31,024 - fed_utils - INFO - decrypting key [conv2.weight].shape [torch.Size([16, 6, 5, 5])]
2024-11-15 09:54:31,024 - fed_utils - INFO - decrypting key [conv2.bias].shape [torch.Size([16])]
2024-11-15 09:54:31,025 - fed_utils - INFO - decrypting key [fc1.weight].shape [torch.Size([120, 400])]
2024-11-15 09:54:31,025 - fed_utils - INFO - decrypting key [fc1.bias].shape [torch.Size([120])]
2024-11-15 09:54:31,025 - fed_utils - INFO - decrypting key [fc2.weight].shape [torch.Size([84, 120])]
2024-11-15 09:54:31,025 - fed_utils - INFO - decrypting key [fc2.bias].shape [torch.Size([84])]
2024-11-15 09:54:33,070 - fed_utils - INFO - decrypting key [fc3.weight].shape [torch.Size([10, 84])]
2024-11-15 09:54:33,106 - fed_utils - INFO - decrypting key [fc3.bias].shape [torch.Size([10])]
2024-11-15 09:54:33,106 - fed_utils - INFO - decrypt time : [0m:2s:439ms]
2024-11-15 09:54:33,116 - fl_main - INFO - [global round : 12] aggregated model accuracy : 0.9181
2024-11-15 09:54:33,116 - fl_main - INFO - [global round : 12] aggregated model loss : 0.2898715464521798
2024-11-15 09:54:33,117 - fl_main - INFO - global round : 13
2024-11-15 09:54:33,117 - fl_main - INFO - the random client id to test accuracy : f_00009
2024-11-15 09:54:33,117 - fl_main - INFO - ----- client id [f_00000] -----
2024-11-15 09:54:33,119 - client_base - INFO - recover model cost time : 0m:0s:0ms
2024-11-15 09:54:33,119 - fl_main - INFO - client_dict[f_00000] training ...
2024-11-15 09:54:33,120 - client_base - INFO - client_dict[f_00000] training epoch : 0
2024-11-15 09:54:33,546 - client_base - INFO - local model train cost time : 0m:0s:426ms
2024-11-15 09:54:33,548 - client_base - INFO - model encode time : 0m:0s:1ms
2024-11-15 09:54:33,548 - fl_main - INFO - client_dict[f_00000] local model encrypting ...
2024-11-15 09:54:34,740 - fed_utils - INFO - encrypting key [conv1.weight].length : 150, cost time : 0m:1s:191ms
2024-11-15 09:54:34,788 - fed_utils - INFO - encrypting key [conv1.bias].length : 6, cost time : 0m:0s:48ms
2024-11-15 09:54:34,788 - fed_utils - INFO - load key [conv2.weight].length : 2400, cost time : 0m:0s:0ms
2024-11-15 09:54:34,788 - fed_utils - INFO - load key [conv2.bias].length : 16, cost time : 0m:0s:0ms
2024-11-15 09:54:34,789 - fed_utils - INFO - load key [fc1.weight].length : 48000, cost time : 0m:0s:1ms
2024-11-15 09:54:34,789 - fed_utils - INFO - load key [fc1.bias].length : 120, cost time : 0m:0s:0ms
2024-11-15 09:54:34,790 - fed_utils - INFO - load key [fc2.weight].length : 10080, cost time : 0m:0s:0ms
2024-11-15 09:54:34,790 - fed_utils - INFO - load key [fc2.bias].length : 84, cost time : 0m:0s:0ms
2024-11-15 09:54:41,465 - fed_utils - INFO - encrypting key [fc3.weight].length : 840, cost time : 0m:6s:675ms
2024-11-15 09:54:41,545 - fed_utils - INFO - encrypting key [fc3.bias].length : 10, cost time : 0m:0s:79ms
2024-11-15 09:54:41,546 - fl_main - INFO - Server receive client_dict[f_00000] info ...
2024-11-15 09:54:41,546 - fl_main - INFO - ----- client id [f_00001] -----
2024-11-15 09:54:41,548 - client_base - INFO - recover model cost time : 0m:0s:0ms
2024-11-15 09:54:41,548 - fl_main - INFO - client_dict[f_00001] training ...
2024-11-15 09:54:41,548 - client_base - INFO - client_dict[f_00001] training epoch : 0
2024-11-15 09:54:41,975 - client_base - INFO - local model train cost time : 0m:0s:426ms
2024-11-15 09:54:41,977 - client_base - INFO - model encode time : 0m:0s:1ms
2024-11-15 09:54:41,977 - fl_main - INFO - client_dict[f_00001] local model encrypting ...
2024-11-15 09:54:43,174 - fed_utils - INFO - encrypting key [conv1.weight].length : 150, cost time : 0m:1s:196ms
2024-11-15 09:54:43,223 - fed_utils - INFO - encrypting key [conv1.bias].length : 6, cost time : 0m:0s:48ms
2024-11-15 09:54:43,223 - fed_utils - INFO - load key [conv2.weight].length : 2400, cost time : 0m:0s:0ms
2024-11-15 09:54:43,223 - fed_utils - INFO - load key [conv2.bias].length : 16, cost time : 0m:0s:0ms
2024-11-15 09:54:43,224 - fed_utils - INFO - load key [fc1.weight].length : 48000, cost time : 0m:0s:0ms
2024-11-15 09:54:43,224 - fed_utils - INFO - load key [fc1.bias].length : 120, cost time : 0m:0s:0ms
2024-11-15 09:54:43,224 - fed_utils - INFO - load key [fc2.weight].length : 10080, cost time : 0m:0s:0ms
2024-11-15 09:54:43,224 - fed_utils - INFO - load key [fc2.bias].length : 84, cost time : 0m:0s:0ms
2024-11-15 09:54:50,046 - fed_utils - INFO - encrypting key [fc3.weight].length : 840, cost time : 0m:6s:821ms
2024-11-15 09:54:50,126 - fed_utils - INFO - encrypting key [fc3.bias].length : 10, cost time : 0m:0s:79ms
2024-11-15 09:54:50,126 - fl_main - INFO - Server receive client_dict[f_00001] info ...
2024-11-15 09:54:50,126 - fl_main - INFO - ----- client id [f_00002] -----
2024-11-15 09:54:50,127 - client_base - INFO - recover model cost time : 0m:0s:0ms
2024-11-15 09:54:50,127 - fl_main - INFO - client_dict[f_00002] training ...
2024-11-15 09:54:50,128 - client_base - INFO - client_dict[f_00002] training epoch : 0
2024-11-15 09:54:50,557 - client_base - INFO - local model train cost time : 0m:0s:429ms
2024-11-15 09:54:50,559 - client_base - INFO - model encode time : 0m:0s:1ms
2024-11-15 09:54:50,559 - fl_main - INFO - client_dict[f_00002] local model encrypting ...
2024-11-15 09:54:51,751 - fed_utils - INFO - encrypting key [conv1.weight].length : 150, cost time : 0m:1s:191ms
2024-11-15 09:54:51,799 - fed_utils - INFO - encrypting key [conv1.bias].length : 6, cost time : 0m:0s:48ms
2024-11-15 09:54:51,800 - fed_utils - INFO - load key [conv2.weight].length : 2400, cost time : 0m:0s:0ms
2024-11-15 09:54:51,800 - fed_utils - INFO - load key [conv2.bias].length : 16, cost time : 0m:0s:0ms
2024-11-15 09:54:51,801 - fed_utils - INFO - load key [fc1.weight].length : 48000, cost time : 0m:0s:0ms
2024-11-15 09:54:51,801 - fed_utils - INFO - load key [fc1.bias].length : 120, cost time : 0m:0s:0ms
2024-11-15 09:54:51,801 - fed_utils - INFO - load key [fc2.weight].length : 10080, cost time : 0m:0s:0ms
2024-11-15 09:54:51,801 - fed_utils - INFO - load key [fc2.bias].length : 84, cost time : 0m:0s:0ms
2024-11-15 09:54:58,480 - fed_utils - INFO - encrypting key [fc3.weight].length : 840, cost time : 0m:6s:679ms
2024-11-15 09:54:58,560 - fed_utils - INFO - encrypting key [fc3.bias].length : 10, cost time : 0m:0s:79ms
2024-11-15 09:54:58,560 - fl_main - INFO - Server receive client_dict[f_00002] info ...
2024-11-15 09:54:58,560 - fl_main - INFO - ----- client id [f_00003] -----
2024-11-15 09:54:58,562 - client_base - INFO - recover model cost time : 0m:0s:0ms
2024-11-15 09:54:58,562 - fl_main - INFO - client_dict[f_00003] training ...
2024-11-15 09:54:58,562 - client_base - INFO - client_dict[f_00003] training epoch : 0
2024-11-15 09:54:58,976 - client_base - INFO - local model train cost time : 0m:0s:414ms
2024-11-15 09:54:58,978 - client_base - INFO - model encode time : 0m:0s:1ms
2024-11-15 09:54:58,978 - fl_main - INFO - client_dict[f_00003] local model encrypting ...
2024-11-15 09:55:00,172 - fed_utils - INFO - encrypting key [conv1.weight].length : 150, cost time : 0m:1s:193ms
2024-11-15 09:55:00,220 - fed_utils - INFO - encrypting key [conv1.bias].length : 6, cost time : 0m:0s:48ms
2024-11-15 09:55:00,220 - fed_utils - INFO - load key [conv2.weight].length : 2400, cost time : 0m:0s:0ms
2024-11-15 09:55:00,220 - fed_utils - INFO - load key [conv2.bias].length : 16, cost time : 0m:0s:0ms
2024-11-15 09:55:00,221 - fed_utils - INFO - load key [fc1.weight].length : 48000, cost time : 0m:0s:0ms
2024-11-15 09:55:00,221 - fed_utils - INFO - load key [fc1.bias].length : 120, cost time : 0m:0s:0ms
2024-11-15 09:55:00,221 - fed_utils - INFO - load key [fc2.weight].length : 10080, cost time : 0m:0s:0ms
2024-11-15 09:55:00,221 - fed_utils - INFO - load key [fc2.bias].length : 84, cost time : 0m:0s:0ms
2024-11-15 09:55:07,027 - fed_utils - INFO - encrypting key [fc3.weight].length : 840, cost time : 0m:6s:806ms
2024-11-15 09:55:07,107 - fed_utils - INFO - encrypting key [fc3.bias].length : 10, cost time : 0m:0s:79ms
2024-11-15 09:55:07,107 - fl_main - INFO - Server receive client_dict[f_00003] info ...
2024-11-15 09:55:07,108 - fl_main - INFO - ----- client id [f_00004] -----
2024-11-15 09:55:07,109 - client_base - INFO - recover model cost time : 0m:0s:0ms
2024-11-15 09:55:07,109 - fl_main - INFO - client_dict[f_00004] training ...
2024-11-15 09:55:07,109 - client_base - INFO - client_dict[f_00004] training epoch : 0
2024-11-15 09:55:07,543 - client_base - INFO - local model train cost time : 0m:0s:433ms
2024-11-15 09:55:07,544 - client_base - INFO - model encode time : 0m:0s:1ms
2024-11-15 09:55:07,545 - fl_main - INFO - client_dict[f_00004] local model encrypting ...
2024-11-15 09:55:08,737 - fed_utils - INFO - encrypting key [conv1.weight].length : 150, cost time : 0m:1s:192ms
2024-11-15 09:55:08,785 - fed_utils - INFO - encrypting key [conv1.bias].length : 6, cost time : 0m:0s:48ms
2024-11-15 09:55:08,786 - fed_utils - INFO - load key [conv2.weight].length : 2400, cost time : 0m:0s:0ms
2024-11-15 09:55:08,786 - fed_utils - INFO - load key [conv2.bias].length : 16, cost time : 0m:0s:0ms
2024-11-15 09:55:08,787 - fed_utils - INFO - load key [fc1.weight].length : 48000, cost time : 0m:0s:0ms
2024-11-15 09:55:08,787 - fed_utils - INFO - load key [fc1.bias].length : 120, cost time : 0m:0s:0ms
2024-11-15 09:55:08,787 - fed_utils - INFO - load key [fc2.weight].length : 10080, cost time : 0m:0s:0ms
2024-11-15 09:55:08,787 - fed_utils - INFO - load key [fc2.bias].length : 84, cost time : 0m:0s:0ms
2024-11-15 09:55:15,469 - fed_utils - INFO - encrypting key [fc3.weight].length : 840, cost time : 0m:6s:681ms
2024-11-15 09:55:15,549 - fed_utils - INFO - encrypting key [fc3.bias].length : 10, cost time : 0m:0s:79ms
2024-11-15 09:55:15,549 - fl_main - INFO - Server receive client_dict[f_00004] info ...
2024-11-15 09:55:15,549 - fl_main - INFO - ----- client id [f_00005] -----
2024-11-15 09:55:15,550 - client_base - INFO - recover model cost time : 0m:0s:0ms
2024-11-15 09:55:15,550 - fl_main - INFO - client_dict[f_00005] training ...
2024-11-15 09:55:15,551 - client_base - INFO - client_dict[f_00005] training epoch : 0
2024-11-15 09:55:15,988 - client_base - INFO - local model train cost time : 0m:0s:437ms
2024-11-15 09:55:15,989 - client_base - INFO - model encode time : 0m:0s:1ms
2024-11-15 09:55:15,990 - fl_main - INFO - client_dict[f_00005] local model encrypting ...
2024-11-15 09:55:17,181 - fed_utils - INFO - encrypting key [conv1.weight].length : 150, cost time : 0m:1s:191ms
2024-11-15 09:55:17,229 - fed_utils - INFO - encrypting key [conv1.bias].length : 6, cost time : 0m:0s:48ms
2024-11-15 09:55:17,229 - fed_utils - INFO - load key [conv2.weight].length : 2400, cost time : 0m:0s:0ms
2024-11-15 09:55:17,230 - fed_utils - INFO - load key [conv2.bias].length : 16, cost time : 0m:0s:0ms
2024-11-15 09:55:17,231 - fed_utils - INFO - load key [fc1.weight].length : 48000, cost time : 0m:0s:0ms
2024-11-15 09:55:17,231 - fed_utils - INFO - load key [fc1.bias].length : 120, cost time : 0m:0s:0ms
2024-11-15 09:55:17,231 - fed_utils - INFO - load key [fc2.weight].length : 10080, cost time : 0m:0s:0ms
2024-11-15 09:55:17,231 - fed_utils - INFO - load key [fc2.bias].length : 84, cost time : 0m:0s:0ms
2024-11-15 09:55:24,040 - fed_utils - INFO - encrypting key [fc3.weight].length : 840, cost time : 0m:6s:808ms
2024-11-15 09:55:24,119 - fed_utils - INFO - encrypting key [fc3.bias].length : 10, cost time : 0m:0s:79ms
2024-11-15 09:55:24,119 - fl_main - INFO - Server receive client_dict[f_00005] info ...
2024-11-15 09:55:24,119 - fl_main - INFO - ----- client id [f_00006] -----
2024-11-15 09:55:24,121 - client_base - INFO - recover model cost time : 0m:0s:0ms
2024-11-15 09:55:24,121 - fl_main - INFO - client_dict[f_00006] training ...
2024-11-15 09:55:24,121 - client_base - INFO - client_dict[f_00006] training epoch : 0
2024-11-15 09:55:24,540 - client_base - INFO - local model train cost time : 0m:0s:418ms
2024-11-15 09:55:24,541 - client_base - INFO - model encode time : 0m:0s:1ms
2024-11-15 09:55:24,542 - fl_main - INFO - client_dict[f_00006] local model encrypting ...
2024-11-15 09:55:25,753 - fed_utils - INFO - encrypting key [conv1.weight].length : 150, cost time : 0m:1s:211ms
2024-11-15 09:55:25,801 - fed_utils - INFO - encrypting key [conv1.bias].length : 6, cost time : 0m:0s:47ms
2024-11-15 09:55:25,801 - fed_utils - INFO - load key [conv2.weight].length : 2400, cost time : 0m:0s:0ms
2024-11-15 09:55:25,801 - fed_utils - INFO - load key [conv2.bias].length : 16, cost time : 0m:0s:0ms
2024-11-15 09:55:25,802 - fed_utils - INFO - load key [fc1.weight].length : 48000, cost time : 0m:0s:0ms
2024-11-15 09:55:25,802 - fed_utils - INFO - load key [fc1.bias].length : 120, cost time : 0m:0s:0ms
2024-11-15 09:55:25,803 - fed_utils - INFO - load key [fc2.weight].length : 10080, cost time : 0m:0s:0ms
2024-11-15 09:55:25,803 - fed_utils - INFO - load key [fc2.bias].length : 84, cost time : 0m:0s:0ms
2024-11-15 09:55:32,479 - fed_utils - INFO - encrypting key [fc3.weight].length : 840, cost time : 0m:6s:676ms
2024-11-15 09:55:32,559 - fed_utils - INFO - encrypting key [fc3.bias].length : 10, cost time : 0m:0s:79ms
2024-11-15 09:55:32,559 - fl_main - INFO - Server receive client_dict[f_00006] info ...
2024-11-15 09:55:32,559 - fl_main - INFO - ----- client id [f_00007] -----
2024-11-15 09:55:32,560 - client_base - INFO - recover model cost time : 0m:0s:0ms
2024-11-15 09:55:32,560 - fl_main - INFO - client_dict[f_00007] training ...
2024-11-15 09:55:32,561 - client_base - INFO - client_dict[f_00007] training epoch : 0
2024-11-15 09:55:33,081 - client_base - INFO - local model train cost time : 0m:0s:519ms
2024-11-15 09:55:33,083 - client_base - INFO - model encode time : 0m:0s:2ms
2024-11-15 09:55:33,083 - fl_main - INFO - client_dict[f_00007] local model encrypting ...
2024-11-15 09:55:34,314 - fed_utils - INFO - encrypting key [conv1.weight].length : 150, cost time : 0m:1s:230ms
2024-11-15 09:55:34,362 - fed_utils - INFO - encrypting key [conv1.bias].length : 6, cost time : 0m:0s:48ms
2024-11-15 09:55:34,363 - fed_utils - INFO - load key [conv2.weight].length : 2400, cost time : 0m:0s:0ms
2024-11-15 09:55:34,363 - fed_utils - INFO - load key [conv2.bias].length : 16, cost time : 0m:0s:0ms
2024-11-15 09:55:34,364 - fed_utils - INFO - load key [fc1.weight].length : 48000, cost time : 0m:0s:0ms
2024-11-15 09:55:34,364 - fed_utils - INFO - load key [fc1.bias].length : 120, cost time : 0m:0s:0ms
2024-11-15 09:55:34,364 - fed_utils - INFO - load key [fc2.weight].length : 10080, cost time : 0m:0s:0ms
2024-11-15 09:55:34,364 - fed_utils - INFO - load key [fc2.bias].length : 84, cost time : 0m:0s:0ms
2024-11-15 09:55:41,037 - fed_utils - INFO - encrypting key [fc3.weight].length : 840, cost time : 0m:6s:673ms
2024-11-15 09:55:41,117 - fed_utils - INFO - encrypting key [fc3.bias].length : 10, cost time : 0m:0s:79ms
2024-11-15 09:55:41,117 - fl_main - INFO - Server receive client_dict[f_00007] info ...
2024-11-15 09:55:41,118 - fl_main - INFO - ----- client id [f_00008] -----
2024-11-15 09:55:41,119 - client_base - INFO - recover model cost time : 0m:0s:0ms
2024-11-15 09:55:41,119 - fl_main - INFO - client_dict[f_00008] training ...
2024-11-15 09:55:41,120 - client_base - INFO - client_dict[f_00008] training epoch : 0
2024-11-15 09:55:41,549 - client_base - INFO - local model train cost time : 0m:0s:429ms
2024-11-15 09:55:41,551 - client_base - INFO - model encode time : 0m:0s:1ms
2024-11-15 09:55:41,551 - fl_main - INFO - client_dict[f_00008] local model encrypting ...
2024-11-15 09:55:42,743 - fed_utils - INFO - encrypting key [conv1.weight].length : 150, cost time : 0m:1s:191ms
2024-11-15 09:55:42,791 - fed_utils - INFO - encrypting key [conv1.bias].length : 6, cost time : 0m:0s:48ms
2024-11-15 09:55:42,791 - fed_utils - INFO - load key [conv2.weight].length : 2400, cost time : 0m:0s:0ms
2024-11-15 09:55:42,791 - fed_utils - INFO - load key [conv2.bias].length : 16, cost time : 0m:0s:0ms
2024-11-15 09:55:42,792 - fed_utils - INFO - load key [fc1.weight].length : 48000, cost time : 0m:0s:0ms
2024-11-15 09:55:42,792 - fed_utils - INFO - load key [fc1.bias].length : 120, cost time : 0m:0s:0ms
2024-11-15 09:55:42,792 - fed_utils - INFO - load key [fc2.weight].length : 10080, cost time : 0m:0s:0ms
2024-11-15 09:55:42,792 - fed_utils - INFO - load key [fc2.bias].length : 84, cost time : 0m:0s:0ms
2024-11-15 09:55:49,627 - fed_utils - INFO - encrypting key [fc3.weight].length : 840, cost time : 0m:6s:834ms
2024-11-15 09:55:49,706 - fed_utils - INFO - encrypting key [fc3.bias].length : 10, cost time : 0m:0s:79ms
2024-11-15 09:55:49,706 - fl_main - INFO - Server receive client_dict[f_00008] info ...
2024-11-15 09:55:49,707 - fl_main - INFO - ----- client id [f_00009] -----
2024-11-15 09:55:49,708 - client_base - INFO - recover model cost time : 0m:0s:0ms
2024-11-15 09:55:50,511 - fl_main - INFO - global round [13] client_dict[f_00009].accuracy : 0.926300
2024-11-15 09:55:50,511 - fl_main - INFO - client_dict[f_00009] training ...
2024-11-15 09:55:50,512 - client_base - INFO - client_dict[f_00009] training epoch : 0
2024-11-15 09:55:50,946 - client_base - INFO - local model train cost time : 0m:0s:434ms
2024-11-15 09:55:50,948 - client_base - INFO - model encode time : 0m:0s:1ms
2024-11-15 09:55:50,948 - fl_main - INFO - client_dict[f_00009] local model encrypting ...
2024-11-15 09:55:52,140 - fed_utils - INFO - encrypting key [conv1.weight].length : 150, cost time : 0m:1s:192ms
2024-11-15 09:55:52,193 - fed_utils - INFO - encrypting key [conv1.bias].length : 6, cost time : 0m:0s:52ms
2024-11-15 09:55:52,193 - fed_utils - INFO - load key [conv2.weight].length : 2400, cost time : 0m:0s:0ms
2024-11-15 09:55:52,193 - fed_utils - INFO - load key [conv2.bias].length : 16, cost time : 0m:0s:0ms
2024-11-15 09:55:52,194 - fed_utils - INFO - load key [fc1.weight].length : 48000, cost time : 0m:0s:0ms
2024-11-15 09:55:52,194 - fed_utils - INFO - load key [fc1.bias].length : 120, cost time : 0m:0s:0ms
2024-11-15 09:55:52,195 - fed_utils - INFO - load key [fc2.weight].length : 10080, cost time : 0m:0s:0ms
2024-11-15 09:55:52,195 - fed_utils - INFO - load key [fc2.bias].length : 84, cost time : 0m:0s:0ms
2024-11-15 09:55:58,892 - fed_utils - INFO - encrypting key [fc3.weight].length : 840, cost time : 0m:6s:697ms
2024-11-15 09:55:58,973 - fed_utils - INFO - encrypting key [fc3.bias].length : 10, cost time : 0m:0s:79ms
2024-11-15 09:55:58,973 - fl_main - INFO - Server receive client_dict[f_00009] info ...
2024-11-15 09:55:58,973 - fl_main - INFO - ----- client id [f_00010] -----
2024-11-15 09:55:58,974 - client_base - INFO - recover model cost time : 0m:0s:0ms
2024-11-15 09:55:58,974 - fl_main - INFO - client_dict[f_00010] training ...
2024-11-15 09:55:58,975 - client_base - INFO - client_dict[f_00010] training epoch : 0
2024-11-15 09:55:59,399 - client_base - INFO - local model train cost time : 0m:0s:423ms
2024-11-15 09:55:59,400 - client_base - INFO - model encode time : 0m:0s:1ms
2024-11-15 09:55:59,400 - fl_main - INFO - client_dict[f_00010] local model encrypting ...
2024-11-15 09:56:00,595 - fed_utils - INFO - encrypting key [conv1.weight].length : 150, cost time : 0m:1s:195ms
2024-11-15 09:56:00,644 - fed_utils - INFO - encrypting key [conv1.bias].length : 6, cost time : 0m:0s:48ms
2024-11-15 09:56:00,644 - fed_utils - INFO - load key [conv2.weight].length : 2400, cost time : 0m:0s:0ms
2024-11-15 09:56:00,644 - fed_utils - INFO - load key [conv2.bias].length : 16, cost time : 0m:0s:0ms
2024-11-15 09:56:00,645 - fed_utils - INFO - load key [fc1.weight].length : 48000, cost time : 0m:0s:0ms
2024-11-15 09:56:00,645 - fed_utils - INFO - load key [fc1.bias].length : 120, cost time : 0m:0s:0ms
2024-11-15 09:56:00,645 - fed_utils - INFO - load key [fc2.weight].length : 10080, cost time : 0m:0s:0ms
2024-11-15 09:56:00,645 - fed_utils - INFO - load key [fc2.bias].length : 84, cost time : 0m:0s:0ms
2024-11-15 09:56:07,459 - fed_utils - INFO - encrypting key [fc3.weight].length : 840, cost time : 0m:6s:813ms
2024-11-15 09:56:07,539 - fed_utils - INFO - encrypting key [fc3.bias].length : 10, cost time : 0m:0s:79ms
2024-11-15 09:56:07,539 - fl_main - INFO - Server receive client_dict[f_00010] info ...
2024-11-15 09:56:07,539 - fl_main - INFO - ----- client id [f_00011] -----
2024-11-15 09:56:07,540 - client_base - INFO - recover model cost time : 0m:0s:0ms
2024-11-15 09:56:07,541 - fl_main - INFO - client_dict[f_00011] training ...
2024-11-15 09:56:07,541 - client_base - INFO - client_dict[f_00011] training epoch : 0
2024-11-15 09:56:07,959 - client_base - INFO - local model train cost time : 0m:0s:417ms
2024-11-15 09:56:07,960 - client_base - INFO - model encode time : 0m:0s:1ms
2024-11-15 09:56:07,960 - fl_main - INFO - client_dict[f_00011] local model encrypting ...
2024-11-15 09:56:09,153 - fed_utils - INFO - encrypting key [conv1.weight].length : 150, cost time : 0m:1s:192ms
2024-11-15 09:56:09,201 - fed_utils - INFO - encrypting key [conv1.bias].length : 6, cost time : 0m:0s:48ms
2024-11-15 09:56:09,201 - fed_utils - INFO - load key [conv2.weight].length : 2400, cost time : 0m:0s:0ms
2024-11-15 09:56:09,201 - fed_utils - INFO - load key [conv2.bias].length : 16, cost time : 0m:0s:0ms
2024-11-15 09:56:09,202 - fed_utils - INFO - load key [fc1.weight].length : 48000, cost time : 0m:0s:0ms
2024-11-15 09:56:09,202 - fed_utils - INFO - load key [fc1.bias].length : 120, cost time : 0m:0s:0ms
2024-11-15 09:56:09,202 - fed_utils - INFO - load key [fc2.weight].length : 10080, cost time : 0m:0s:0ms
2024-11-15 09:56:09,202 - fed_utils - INFO - load key [fc2.bias].length : 84, cost time : 0m:0s:0ms
2024-11-15 09:56:15,874 - fed_utils - INFO - encrypting key [fc3.weight].length : 840, cost time : 0m:6s:671ms
2024-11-15 09:56:15,954 - fed_utils - INFO - encrypting key [fc3.bias].length : 10, cost time : 0m:0s:79ms
2024-11-15 09:56:15,954 - fl_main - INFO - Server receive client_dict[f_00011] info ...
2024-11-15 09:56:15,954 - fl_main - INFO - ----- client id [f_00012] -----
2024-11-15 09:56:15,955 - client_base - INFO - recover model cost time : 0m:0s:0ms
2024-11-15 09:56:15,955 - fl_main - INFO - client_dict[f_00012] training ...
2024-11-15 09:56:15,956 - client_base - INFO - client_dict[f_00012] training epoch : 0
2024-11-15 09:56:16,385 - client_base - INFO - local model train cost time : 0m:0s:428ms
2024-11-15 09:56:16,386 - client_base - INFO - model encode time : 0m:0s:1ms
2024-11-15 09:56:16,386 - fl_main - INFO - client_dict[f_00012] local model encrypting ...
2024-11-15 09:56:17,578 - fed_utils - INFO - encrypting key [conv1.weight].length : 150, cost time : 0m:1s:191ms
2024-11-15 09:56:17,626 - fed_utils - INFO - encrypting key [conv1.bias].length : 6, cost time : 0m:0s:48ms
2024-11-15 09:56:17,626 - fed_utils - INFO - load key [conv2.weight].length : 2400, cost time : 0m:0s:0ms
2024-11-15 09:56:17,626 - fed_utils - INFO - load key [conv2.bias].length : 16, cost time : 0m:0s:0ms
2024-11-15 09:56:17,627 - fed_utils - INFO - load key [fc1.weight].length : 48000, cost time : 0m:0s:0ms
2024-11-15 09:56:17,627 - fed_utils - INFO - load key [fc1.bias].length : 120, cost time : 0m:0s:0ms
2024-11-15 09:56:17,628 - fed_utils - INFO - load key [fc2.weight].length : 10080, cost time : 0m:0s:0ms
2024-11-15 09:56:17,628 - fed_utils - INFO - load key [fc2.bias].length : 84, cost time : 0m:0s:0ms
2024-11-15 09:56:24,425 - fed_utils - INFO - encrypting key [fc3.weight].length : 840, cost time : 0m:6s:797ms
2024-11-15 09:56:24,506 - fed_utils - INFO - encrypting key [fc3.bias].length : 10, cost time : 0m:0s:80ms
2024-11-15 09:56:24,506 - fl_main - INFO - Server receive client_dict[f_00012] info ...
2024-11-15 09:56:24,506 - fl_main - INFO - ----- client id [f_00013] -----
2024-11-15 09:56:24,507 - client_base - INFO - recover model cost time : 0m:0s:0ms
2024-11-15 09:56:24,507 - fl_main - INFO - client_dict[f_00013] training ...
2024-11-15 09:56:24,508 - client_base - INFO - client_dict[f_00013] training epoch : 0
2024-11-15 09:56:24,945 - client_base - INFO - local model train cost time : 0m:0s:436ms
2024-11-15 09:56:24,946 - client_base - INFO - model encode time : 0m:0s:1ms
2024-11-15 09:56:24,946 - fl_main - INFO - client_dict[f_00013] local model encrypting ...
2024-11-15 09:56:26,138 - fed_utils - INFO - encrypting key [conv1.weight].length : 150, cost time : 0m:1s:191ms
2024-11-15 09:56:26,186 - fed_utils - INFO - encrypting key [conv1.bias].length : 6, cost time : 0m:0s:48ms
2024-11-15 09:56:26,186 - fed_utils - INFO - load key [conv2.weight].length : 2400, cost time : 0m:0s:0ms
2024-11-15 09:56:26,186 - fed_utils - INFO - load key [conv2.bias].length : 16, cost time : 0m:0s:0ms
2024-11-15 09:56:26,187 - fed_utils - INFO - load key [fc1.weight].length : 48000, cost time : 0m:0s:0ms
2024-11-15 09:56:26,188 - fed_utils - INFO - load key [fc1.bias].length : 120, cost time : 0m:0s:0ms
2024-11-15 09:56:26,188 - fed_utils - INFO - load key [fc2.weight].length : 10080, cost time : 0m:0s:0ms
2024-11-15 09:56:26,188 - fed_utils - INFO - load key [fc2.bias].length : 84, cost time : 0m:0s:0ms
2024-11-15 09:56:32,905 - fed_utils - INFO - encrypting key [fc3.weight].length : 840, cost time : 0m:6s:717ms
2024-11-15 09:56:33,036 - fed_utils - INFO - encrypting key [fc3.bias].length : 10, cost time : 0m:0s:130ms
2024-11-15 09:56:33,036 - fl_main - INFO - Server receive client_dict[f_00013] info ...
2024-11-15 09:56:33,037 - fl_main - INFO - ----- client id [f_00014] -----
2024-11-15 09:56:33,040 - client_base - INFO - recover model cost time : 0m:0s:0ms
2024-11-15 09:56:33,040 - fl_main - INFO - client_dict[f_00014] training ...
2024-11-15 09:56:33,041 - client_base - INFO - client_dict[f_00014] training epoch : 0
2024-11-15 09:56:33,494 - client_base - INFO - local model train cost time : 0m:0s:453ms
2024-11-15 09:56:33,495 - client_base - INFO - model encode time : 0m:0s:1ms
2024-11-15 09:56:33,496 - fl_main - INFO - client_dict[f_00014] local model encrypting ...
2024-11-15 09:56:34,687 - fed_utils - INFO - encrypting key [conv1.weight].length : 150, cost time : 0m:1s:191ms
2024-11-15 09:56:34,735 - fed_utils - INFO - encrypting key [conv1.bias].length : 6, cost time : 0m:0s:48ms
2024-11-15 09:56:34,736 - fed_utils - INFO - load key [conv2.weight].length : 2400, cost time : 0m:0s:0ms
2024-11-15 09:56:34,736 - fed_utils - INFO - load key [conv2.bias].length : 16, cost time : 0m:0s:0ms
2024-11-15 09:56:34,737 - fed_utils - INFO - load key [fc1.weight].length : 48000, cost time : 0m:0s:1ms
2024-11-15 09:56:34,737 - fed_utils - INFO - load key [fc1.bias].length : 120, cost time : 0m:0s:0ms
2024-11-15 09:56:34,737 - fed_utils - INFO - load key [fc2.weight].length : 10080, cost time : 0m:0s:0ms
2024-11-15 09:56:34,737 - fed_utils - INFO - load key [fc2.bias].length : 84, cost time : 0m:0s:0ms
2024-11-15 09:56:41,407 - fed_utils - INFO - encrypting key [fc3.weight].length : 840, cost time : 0m:6s:669ms
2024-11-15 09:56:41,486 - fed_utils - INFO - encrypting key [fc3.bias].length : 10, cost time : 0m:0s:79ms
2024-11-15 09:56:41,487 - fl_main - INFO - Server receive client_dict[f_00014] info ...
2024-11-15 09:56:41,487 - fl_main - INFO - global aggregation process ...
2024-11-15 09:56:41,487 - fed_utils - INFO - server.n_data : 60000
2024-11-15 09:56:41,487 - fed_utils - INFO - client_dict[f_00000].weight : 0.066667
2024-11-15 09:56:41,487 - fed_utils - INFO - client_dict[f_00001].weight : 0.066667
2024-11-15 09:56:41,487 - fed_utils - INFO - client_dict[f_00002].weight : 0.066667
2024-11-15 09:56:41,487 - fed_utils - INFO - client_dict[f_00003].weight : 0.066667
2024-11-15 09:56:41,487 - fed_utils - INFO - client_dict[f_00004].weight : 0.066667
2024-11-15 09:56:41,487 - fed_utils - INFO - client_dict[f_00005].weight : 0.066667
2024-11-15 09:56:41,487 - fed_utils - INFO - client_dict[f_00006].weight : 0.066667
2024-11-15 09:56:41,487 - fed_utils - INFO - client_dict[f_00007].weight : 0.066667
2024-11-15 09:56:41,487 - fed_utils - INFO - client_dict[f_00008].weight : 0.066667
2024-11-15 09:56:41,487 - fed_utils - INFO - client_dict[f_00009].weight : 0.066667
2024-11-15 09:56:41,487 - fed_utils - INFO - client_dict[f_00010].weight : 0.066667
2024-11-15 09:56:41,488 - fed_utils - INFO - client_dict[f_00011].weight : 0.066667
2024-11-15 09:56:41,488 - fed_utils - INFO - client_dict[f_00012].weight : 0.066667
2024-11-15 09:56:41,488 - fed_utils - INFO - client_dict[f_00013].weight : 0.066667
2024-11-15 09:56:41,488 - fed_utils - INFO - client_dict[f_00014].weight : 0.066667
2024-11-15 09:56:41,488 - fed_utils - INFO - recover secret number by clients: 1052426.333333
2024-11-15 09:56:41,488 - server_base - INFO - Server aggregate model with homomorphic encryption ...
2024-11-15 09:56:46,360 - server_base - INFO - Server aggregate model done, cost time : 0m:4s:871ms
2024-11-15 09:56:46,702 - fed_utils - INFO - decrypting key [conv1.weight].shape [torch.Size([6, 1, 5, 5])]
2024-11-15 09:56:46,716 - fed_utils - INFO - decrypting key [conv1.bias].shape [torch.Size([6])]
2024-11-15 09:56:46,716 - fed_utils - INFO - decrypting key [conv2.weight].shape [torch.Size([16, 6, 5, 5])]
2024-11-15 09:56:46,716 - fed_utils - INFO - decrypting key [conv2.bias].shape [torch.Size([16])]
2024-11-15 09:56:46,716 - fed_utils - INFO - decrypting key [fc1.weight].shape [torch.Size([120, 400])]
2024-11-15 09:56:46,716 - fed_utils - INFO - decrypting key [fc1.bias].shape [torch.Size([120])]
2024-11-15 09:56:46,717 - fed_utils - INFO - decrypting key [fc2.weight].shape [torch.Size([84, 120])]
2024-11-15 09:56:46,717 - fed_utils - INFO - decrypting key [fc2.bias].shape [torch.Size([84])]
2024-11-15 09:56:48,780 - fed_utils - INFO - decrypting key [fc3.weight].shape [torch.Size([10, 84])]
2024-11-15 09:56:48,803 - fed_utils - INFO - decrypting key [fc3.bias].shape [torch.Size([10])]
2024-11-15 09:56:48,803 - fed_utils - INFO - decrypt time : [0m:2s:443ms]
2024-11-15 09:56:48,811 - fl_main - INFO - [global round : 13] aggregated model accuracy : 0.9263
2024-11-15 09:56:48,811 - fl_main - INFO - [global round : 13] aggregated model loss : 0.2585609342099337
2024-11-15 09:56:48,811 - fl_main - INFO - global round : 14
2024-11-15 09:56:48,812 - fl_main - INFO - the random client id to test accuracy : f_00004
2024-11-15 09:56:48,812 - fl_main - INFO - ----- client id [f_00000] -----
2024-11-15 09:56:48,813 - client_base - INFO - recover model cost time : 0m:0s:0ms
2024-11-15 09:56:48,813 - fl_main - INFO - client_dict[f_00000] training ...
2024-11-15 09:56:48,813 - client_base - INFO - client_dict[f_00000] training epoch : 0
2024-11-15 09:56:49,229 - client_base - INFO - local model train cost time : 0m:0s:415ms
2024-11-15 09:56:49,230 - client_base - INFO - model encode time : 0m:0s:1ms
2024-11-15 09:56:49,230 - fl_main - INFO - client_dict[f_00000] local model encrypting ...
2024-11-15 09:56:50,425 - fed_utils - INFO - encrypting key [conv1.weight].length : 150, cost time : 0m:1s:194ms
2024-11-15 09:56:50,474 - fed_utils - INFO - encrypting key [conv1.bias].length : 6, cost time : 0m:0s:48ms
2024-11-15 09:56:50,474 - fed_utils - INFO - load key [conv2.weight].length : 2400, cost time : 0m:0s:0ms
2024-11-15 09:56:50,474 - fed_utils - INFO - load key [conv2.bias].length : 16, cost time : 0m:0s:0ms
2024-11-15 09:56:50,475 - fed_utils - INFO - load key [fc1.weight].length : 48000, cost time : 0m:0s:1ms
2024-11-15 09:56:50,475 - fed_utils - INFO - load key [fc1.bias].length : 120, cost time : 0m:0s:0ms
2024-11-15 09:56:50,475 - fed_utils - INFO - load key [fc2.weight].length : 10080, cost time : 0m:0s:0ms
2024-11-15 09:56:50,475 - fed_utils - INFO - load key [fc2.bias].length : 84, cost time : 0m:0s:0ms
2024-11-15 09:56:57,156 - fed_utils - INFO - encrypting key [fc3.weight].length : 840, cost time : 0m:6s:680ms
2024-11-15 09:56:57,235 - fed_utils - INFO - encrypting key [fc3.bias].length : 10, cost time : 0m:0s:79ms
2024-11-15 09:56:57,236 - fl_main - INFO - Server receive client_dict[f_00000] info ...
2024-11-15 09:56:57,237 - fl_main - INFO - ----- client id [f_00001] -----
2024-11-15 09:56:57,238 - client_base - INFO - recover model cost time : 0m:0s:0ms
2024-11-15 09:56:57,238 - fl_main - INFO - client_dict[f_00001] training ...
2024-11-15 09:56:57,238 - client_base - INFO - client_dict[f_00001] training epoch : 0
2024-11-15 09:56:57,651 - client_base - INFO - local model train cost time : 0m:0s:413ms
2024-11-15 09:56:57,653 - client_base - INFO - model encode time : 0m:0s:1ms
2024-11-15 09:56:57,653 - fl_main - INFO - client_dict[f_00001] local model encrypting ...
2024-11-15 09:56:58,845 - fed_utils - INFO - encrypting key [conv1.weight].length : 150, cost time : 0m:1s:191ms
2024-11-15 09:56:58,893 - fed_utils - INFO - encrypting key [conv1.bias].length : 6, cost time : 0m:0s:48ms
2024-11-15 09:56:58,893 - fed_utils - INFO - load key [conv2.weight].length : 2400, cost time : 0m:0s:0ms
2024-11-15 09:56:58,893 - fed_utils - INFO - load key [conv2.bias].length : 16, cost time : 0m:0s:0ms
2024-11-15 09:56:58,894 - fed_utils - INFO - load key [fc1.weight].length : 48000, cost time : 0m:0s:0ms
2024-11-15 09:56:58,894 - fed_utils - INFO - load key [fc1.bias].length : 120, cost time : 0m:0s:0ms
2024-11-15 09:56:58,894 - fed_utils - INFO - load key [fc2.weight].length : 10080, cost time : 0m:0s:0ms
2024-11-15 09:56:58,894 - fed_utils - INFO - load key [fc2.bias].length : 84, cost time : 0m:0s:0ms
2024-11-15 09:57:05,700 - fed_utils - INFO - encrypting key [fc3.weight].length : 840, cost time : 0m:6s:805ms
2024-11-15 09:57:05,779 - fed_utils - INFO - encrypting key [fc3.bias].length : 10, cost time : 0m:0s:79ms
2024-11-15 09:57:05,779 - fl_main - INFO - Server receive client_dict[f_00001] info ...
2024-11-15 09:57:05,779 - fl_main - INFO - ----- client id [f_00002] -----
2024-11-15 09:57:05,781 - client_base - INFO - recover model cost time : 0m:0s:0ms
2024-11-15 09:57:05,781 - fl_main - INFO - client_dict[f_00002] training ...
2024-11-15 09:57:05,781 - client_base - INFO - client_dict[f_00002] training epoch : 0
2024-11-15 09:57:06,203 - client_base - INFO - local model train cost time : 0m:0s:421ms
2024-11-15 09:57:06,204 - client_base - INFO - model encode time : 0m:0s:1ms
2024-11-15 09:57:06,204 - fl_main - INFO - client_dict[f_00002] local model encrypting ...
2024-11-15 09:57:07,396 - fed_utils - INFO - encrypting key [conv1.weight].length : 150, cost time : 0m:1s:191ms
2024-11-15 09:57:07,445 - fed_utils - INFO - encrypting key [conv1.bias].length : 6, cost time : 0m:0s:48ms
2024-11-15 09:57:07,445 - fed_utils - INFO - load key [conv2.weight].length : 2400, cost time : 0m:0s:0ms
2024-11-15 09:57:07,445 - fed_utils - INFO - load key [conv2.bias].length : 16, cost time : 0m:0s:0ms
2024-11-15 09:57:07,446 - fed_utils - INFO - load key [fc1.weight].length : 48000, cost time : 0m:0s:0ms
2024-11-15 09:57:07,446 - fed_utils - INFO - load key [fc1.bias].length : 120, cost time : 0m:0s:0ms
2024-11-15 09:57:07,446 - fed_utils - INFO - load key [fc2.weight].length : 10080, cost time : 0m:0s:0ms
2024-11-15 09:57:07,446 - fed_utils - INFO - load key [fc2.bias].length : 84, cost time : 0m:0s:0ms
2024-11-15 09:57:14,118 - fed_utils - INFO - encrypting key [fc3.weight].length : 840, cost time : 0m:6s:671ms
2024-11-15 09:57:14,199 - fed_utils - INFO - encrypting key [fc3.bias].length : 10, cost time : 0m:0s:81ms
2024-11-15 09:57:14,199 - fl_main - INFO - Server receive client_dict[f_00002] info ...
2024-11-15 09:57:14,199 - fl_main - INFO - ----- client id [f_00003] -----
2024-11-15 09:57:14,200 - client_base - INFO - recover model cost time : 0m:0s:0ms
2024-11-15 09:57:14,201 - fl_main - INFO - client_dict[f_00003] training ...
2024-11-15 09:57:14,201 - client_base - INFO - client_dict[f_00003] training epoch : 0
2024-11-15 09:57:14,618 - client_base - INFO - local model train cost time : 0m:0s:417ms
2024-11-15 09:57:14,620 - client_base - INFO - model encode time : 0m:0s:1ms
2024-11-15 09:57:14,620 - fl_main - INFO - client_dict[f_00003] local model encrypting ...
2024-11-15 09:57:15,813 - fed_utils - INFO - encrypting key [conv1.weight].length : 150, cost time : 0m:1s:192ms
2024-11-15 09:57:15,861 - fed_utils - INFO - encrypting key [conv1.bias].length : 6, cost time : 0m:0s:48ms
2024-11-15 09:57:15,862 - fed_utils - INFO - load key [conv2.weight].length : 2400, cost time : 0m:0s:0ms
2024-11-15 09:57:15,862 - fed_utils - INFO - load key [conv2.bias].length : 16, cost time : 0m:0s:0ms
2024-11-15 09:57:15,863 - fed_utils - INFO - load key [fc1.weight].length : 48000, cost time : 0m:0s:0ms
2024-11-15 09:57:15,863 - fed_utils - INFO - load key [fc1.bias].length : 120, cost time : 0m:0s:0ms
2024-11-15 09:57:15,863 - fed_utils - INFO - load key [fc2.weight].length : 10080, cost time : 0m:0s:0ms
2024-11-15 09:57:15,863 - fed_utils - INFO - load key [fc2.bias].length : 84, cost time : 0m:0s:0ms
2024-11-15 09:57:22,691 - fed_utils - INFO - encrypting key [fc3.weight].length : 840, cost time : 0m:6s:828ms
2024-11-15 09:57:22,771 - fed_utils - INFO - encrypting key [fc3.bias].length : 10, cost time : 0m:0s:79ms
2024-11-15 09:57:22,771 - fl_main - INFO - Server receive client_dict[f_00003] info ...
2024-11-15 09:57:22,771 - fl_main - INFO - ----- client id [f_00004] -----
2024-11-15 09:57:22,772 - client_base - INFO - recover model cost time : 0m:0s:0ms
2024-11-15 09:57:23,579 - fl_main - INFO - global round [14] client_dict[f_00004].accuracy : 0.932500
2024-11-15 09:57:23,579 - fl_main - INFO - client_dict[f_00004] training ...
2024-11-15 09:57:23,580 - client_base - INFO - client_dict[f_00004] training epoch : 0
2024-11-15 09:57:24,000 - client_base - INFO - local model train cost time : 0m:0s:420ms
2024-11-15 09:57:24,001 - client_base - INFO - model encode time : 0m:0s:1ms
2024-11-15 09:57:24,002 - fl_main - INFO - client_dict[f_00004] local model encrypting ...
2024-11-15 09:57:25,205 - fed_utils - INFO - encrypting key [conv1.weight].length : 150, cost time : 0m:1s:203ms
2024-11-15 09:57:25,253 - fed_utils - INFO - encrypting key [conv1.bias].length : 6, cost time : 0m:0s:48ms
2024-11-15 09:57:25,253 - fed_utils - INFO - load key [conv2.weight].length : 2400, cost time : 0m:0s:0ms
2024-11-15 09:57:25,253 - fed_utils - INFO - load key [conv2.bias].length : 16, cost time : 0m:0s:0ms
2024-11-15 09:57:25,254 - fed_utils - INFO - load key [fc1.weight].length : 48000, cost time : 0m:0s:0ms
2024-11-15 09:57:25,254 - fed_utils - INFO - load key [fc1.bias].length : 120, cost time : 0m:0s:0ms
2024-11-15 09:57:25,255 - fed_utils - INFO - load key [fc2.weight].length : 10080, cost time : 0m:0s:0ms
2024-11-15 09:57:25,255 - fed_utils - INFO - load key [fc2.bias].length : 84, cost time : 0m:0s:0ms
2024-11-15 09:57:31,925 - fed_utils - INFO - encrypting key [fc3.weight].length : 840, cost time : 0m:6s:670ms
2024-11-15 09:57:32,005 - fed_utils - INFO - encrypting key [fc3.bias].length : 10, cost time : 0m:0s:79ms
2024-11-15 09:57:32,005 - fl_main - INFO - Server receive client_dict[f_00004] info ...
2024-11-15 09:57:32,005 - fl_main - INFO - ----- client id [f_00005] -----
2024-11-15 09:57:32,006 - client_base - INFO - recover model cost time : 0m:0s:0ms
2024-11-15 09:57:32,006 - fl_main - INFO - client_dict[f_00005] training ...
2024-11-15 09:57:32,007 - client_base - INFO - client_dict[f_00005] training epoch : 0
2024-11-15 09:57:32,439 - client_base - INFO - local model train cost time : 0m:0s:431ms
2024-11-15 09:57:32,440 - client_base - INFO - model encode time : 0m:0s:1ms
2024-11-15 09:57:32,440 - fl_main - INFO - client_dict[f_00005] local model encrypting ...
2024-11-15 09:57:33,787 - fed_utils - INFO - encrypting key [conv1.weight].length : 150, cost time : 0m:1s:346ms
2024-11-15 09:57:33,835 - fed_utils - INFO - encrypting key [conv1.bias].length : 6, cost time : 0m:0s:48ms
2024-11-15 09:57:33,835 - fed_utils - INFO - load key [conv2.weight].length : 2400, cost time : 0m:0s:0ms
2024-11-15 09:57:33,835 - fed_utils - INFO - load key [conv2.bias].length : 16, cost time : 0m:0s:0ms
2024-11-15 09:57:33,836 - fed_utils - INFO - load key [fc1.weight].length : 48000, cost time : 0m:0s:0ms
2024-11-15 09:57:33,836 - fed_utils - INFO - load key [fc1.bias].length : 120, cost time : 0m:0s:0ms
2024-11-15 09:57:33,836 - fed_utils - INFO - load key [fc2.weight].length : 10080, cost time : 0m:0s:0ms
2024-11-15 09:57:33,836 - fed_utils - INFO - load key [fc2.bias].length : 84, cost time : 0m:0s:0ms
2024-11-15 09:57:40,515 - fed_utils - INFO - encrypting key [fc3.weight].length : 840, cost time : 0m:6s:678ms
2024-11-15 09:57:40,595 - fed_utils - INFO - encrypting key [fc3.bias].length : 10, cost time : 0m:0s:79ms
2024-11-15 09:57:40,595 - fl_main - INFO - Server receive client_dict[f_00005] info ...
2024-11-15 09:57:40,595 - fl_main - INFO - ----- client id [f_00006] -----
2024-11-15 09:57:40,596 - client_base - INFO - recover model cost time : 0m:0s:0ms
2024-11-15 09:57:40,596 - fl_main - INFO - client_dict[f_00006] training ...
2024-11-15 09:57:40,597 - client_base - INFO - client_dict[f_00006] training epoch : 0
2024-11-15 09:57:41,016 - client_base - INFO - local model train cost time : 0m:0s:419ms
2024-11-15 09:57:41,018 - client_base - INFO - model encode time : 0m:0s:1ms
2024-11-15 09:57:41,018 - fl_main - INFO - client_dict[f_00006] local model encrypting ...
2024-11-15 09:57:42,209 - fed_utils - INFO - encrypting key [conv1.weight].length : 150, cost time : 0m:1s:191ms
2024-11-15 09:57:42,257 - fed_utils - INFO - encrypting key [conv1.bias].length : 6, cost time : 0m:0s:48ms
2024-11-15 09:57:42,258 - fed_utils - INFO - load key [conv2.weight].length : 2400, cost time : 0m:0s:0ms
2024-11-15 09:57:42,258 - fed_utils - INFO - load key [conv2.bias].length : 16, cost time : 0m:0s:0ms
2024-11-15 09:57:42,259 - fed_utils - INFO - load key [fc1.weight].length : 48000, cost time : 0m:0s:0ms
2024-11-15 09:57:42,259 - fed_utils - INFO - load key [fc1.bias].length : 120, cost time : 0m:0s:0ms
2024-11-15 09:57:42,259 - fed_utils - INFO - load key [fc2.weight].length : 10080, cost time : 0m:0s:0ms
2024-11-15 09:57:42,259 - fed_utils - INFO - load key [fc2.bias].length : 84, cost time : 0m:0s:0ms
2024-11-15 09:57:49,057 - fed_utils - INFO - encrypting key [fc3.weight].length : 840, cost time : 0m:6s:798ms
2024-11-15 09:57:49,137 - fed_utils - INFO - encrypting key [fc3.bias].length : 10, cost time : 0m:0s:79ms
2024-11-15 09:57:49,137 - fl_main - INFO - Server receive client_dict[f_00006] info ...
2024-11-15 09:57:49,137 - fl_main - INFO - ----- client id [f_00007] -----
2024-11-15 09:57:49,138 - client_base - INFO - recover model cost time : 0m:0s:0ms
2024-11-15 09:57:49,138 - fl_main - INFO - client_dict[f_00007] training ...
2024-11-15 09:57:49,139 - client_base - INFO - client_dict[f_00007] training epoch : 0
2024-11-15 09:57:49,565 - client_base - INFO - local model train cost time : 0m:0s:425ms
2024-11-15 09:57:49,566 - client_base - INFO - model encode time : 0m:0s:1ms
2024-11-15 09:57:49,566 - fl_main - INFO - client_dict[f_00007] local model encrypting ...
2024-11-15 09:57:50,761 - fed_utils - INFO - encrypting key [conv1.weight].length : 150, cost time : 0m:1s:194ms
2024-11-15 09:57:50,810 - fed_utils - INFO - encrypting key [conv1.bias].length : 6, cost time : 0m:0s:48ms
2024-11-15 09:57:50,810 - fed_utils - INFO - load key [conv2.weight].length : 2400, cost time : 0m:0s:0ms
2024-11-15 09:57:50,810 - fed_utils - INFO - load key [conv2.bias].length : 16, cost time : 0m:0s:0ms
2024-11-15 09:57:50,811 - fed_utils - INFO - load key [fc1.weight].length : 48000, cost time : 0m:0s:0ms
2024-11-15 09:57:50,811 - fed_utils - INFO - load key [fc1.bias].length : 120, cost time : 0m:0s:0ms
2024-11-15 09:57:50,812 - fed_utils - INFO - load key [fc2.weight].length : 10080, cost time : 0m:0s:0ms
2024-11-15 09:57:50,812 - fed_utils - INFO - load key [fc2.bias].length : 84, cost time : 0m:0s:0ms
2024-11-15 09:57:57,486 - fed_utils - INFO - encrypting key [fc3.weight].length : 840, cost time : 0m:6s:673ms
2024-11-15 09:57:57,566 - fed_utils - INFO - encrypting key [fc3.bias].length : 10, cost time : 0m:0s:79ms
2024-11-15 09:57:57,566 - fl_main - INFO - Server receive client_dict[f_00007] info ...
2024-11-15 09:57:57,566 - fl_main - INFO - ----- client id [f_00008] -----
2024-11-15 09:57:57,567 - client_base - INFO - recover model cost time : 0m:0s:0ms
2024-11-15 09:57:57,567 - fl_main - INFO - client_dict[f_00008] training ...
2024-11-15 09:57:57,568 - client_base - INFO - client_dict[f_00008] training epoch : 0
2024-11-15 09:57:57,988 - client_base - INFO - local model train cost time : 0m:0s:420ms
2024-11-15 09:57:57,989 - client_base - INFO - model encode time : 0m:0s:1ms
2024-11-15 09:57:57,990 - fl_main - INFO - client_dict[f_00008] local model encrypting ...
2024-11-15 09:57:59,181 - fed_utils - INFO - encrypting key [conv1.weight].length : 150, cost time : 0m:1s:191ms
2024-11-15 09:57:59,229 - fed_utils - INFO - encrypting key [conv1.bias].length : 6, cost time : 0m:0s:48ms
2024-11-15 09:57:59,229 - fed_utils - INFO - load key [conv2.weight].length : 2400, cost time : 0m:0s:0ms
2024-11-15 09:57:59,229 - fed_utils - INFO - load key [conv2.bias].length : 16, cost time : 0m:0s:0ms
2024-11-15 09:57:59,230 - fed_utils - INFO - load key [fc1.weight].length : 48000, cost time : 0m:0s:0ms
2024-11-15 09:57:59,230 - fed_utils - INFO - load key [fc1.bias].length : 120, cost time : 0m:0s:0ms
2024-11-15 09:57:59,230 - fed_utils - INFO - load key [fc2.weight].length : 10080, cost time : 0m:0s:0ms
2024-11-15 09:57:59,230 - fed_utils - INFO - load key [fc2.bias].length : 84, cost time : 0m:0s:0ms
2024-11-15 09:58:06,049 - fed_utils - INFO - encrypting key [fc3.weight].length : 840, cost time : 0m:6s:819ms
2024-11-15 09:58:06,129 - fed_utils - INFO - encrypting key [fc3.bias].length : 10, cost time : 0m:0s:79ms
2024-11-15 09:58:06,129 - fl_main - INFO - Server receive client_dict[f_00008] info ...
2024-11-15 09:58:06,129 - fl_main - INFO - ----- client id [f_00009] -----
2024-11-15 09:58:06,131 - client_base - INFO - recover model cost time : 0m:0s:0ms
2024-11-15 09:58:06,131 - fl_main - INFO - client_dict[f_00009] training ...
2024-11-15 09:58:06,131 - client_base - INFO - client_dict[f_00009] training epoch : 0
2024-11-15 09:58:06,559 - client_base - INFO - local model train cost time : 0m:0s:427ms
2024-11-15 09:58:06,560 - client_base - INFO - model encode time : 0m:0s:1ms
2024-11-15 09:58:06,561 - fl_main - INFO - client_dict[f_00009] local model encrypting ...
2024-11-15 09:58:07,752 - fed_utils - INFO - encrypting key [conv1.weight].length : 150, cost time : 0m:1s:191ms
2024-11-15 09:58:07,800 - fed_utils - INFO - encrypting key [conv1.bias].length : 6, cost time : 0m:0s:47ms
2024-11-15 09:58:07,800 - fed_utils - INFO - load key [conv2.weight].length : 2400, cost time : 0m:0s:0ms
2024-11-15 09:58:07,800 - fed_utils - INFO - load key [conv2.bias].length : 16, cost time : 0m:0s:0ms
2024-11-15 09:58:07,801 - fed_utils - INFO - load key [fc1.weight].length : 48000, cost time : 0m:0s:0ms
2024-11-15 09:58:07,801 - fed_utils - INFO - load key [fc1.bias].length : 120, cost time : 0m:0s:0ms
2024-11-15 09:58:07,802 - fed_utils - INFO - load key [fc2.weight].length : 10080, cost time : 0m:0s:0ms
2024-11-15 09:58:07,802 - fed_utils - INFO - load key [fc2.bias].length : 84, cost time : 0m:0s:0ms
2024-11-15 09:58:14,469 - fed_utils - INFO - encrypting key [fc3.weight].length : 840, cost time : 0m:6s:667ms
2024-11-15 09:58:14,548 - fed_utils - INFO - encrypting key [fc3.bias].length : 10, cost time : 0m:0s:79ms
2024-11-15 09:58:14,548 - fl_main - INFO - Server receive client_dict[f_00009] info ...
2024-11-15 09:58:14,549 - fl_main - INFO - ----- client id [f_00010] -----
2024-11-15 09:58:14,550 - client_base - INFO - recover model cost time : 0m:0s:0ms
2024-11-15 09:58:14,550 - fl_main - INFO - client_dict[f_00010] training ...
2024-11-15 09:58:14,551 - client_base - INFO - client_dict[f_00010] training epoch : 0
2024-11-15 09:58:14,987 - client_base - INFO - local model train cost time : 0m:0s:436ms
2024-11-15 09:58:14,988 - client_base - INFO - model encode time : 0m:0s:1ms
2024-11-15 09:58:14,989 - fl_main - INFO - client_dict[f_00010] local model encrypting ...
2024-11-15 09:58:16,181 - fed_utils - INFO - encrypting key [conv1.weight].length : 150, cost time : 0m:1s:192ms
2024-11-15 09:58:16,229 - fed_utils - INFO - encrypting key [conv1.bias].length : 6, cost time : 0m:0s:48ms
2024-11-15 09:58:16,229 - fed_utils - INFO - load key [conv2.weight].length : 2400, cost time : 0m:0s:0ms
2024-11-15 09:58:16,229 - fed_utils - INFO - load key [conv2.bias].length : 16, cost time : 0m:0s:0ms
2024-11-15 09:58:16,230 - fed_utils - INFO - load key [fc1.weight].length : 48000, cost time : 0m:0s:0ms
2024-11-15 09:58:16,230 - fed_utils - INFO - load key [fc1.bias].length : 120, cost time : 0m:0s:0ms
2024-11-15 09:58:16,231 - fed_utils - INFO - load key [fc2.weight].length : 10080, cost time : 0m:0s:0ms
2024-11-15 09:58:16,231 - fed_utils - INFO - load key [fc2.bias].length : 84, cost time : 0m:0s:0ms
2024-11-15 09:58:23,036 - fed_utils - INFO - encrypting key [fc3.weight].length : 840, cost time : 0m:6s:805ms
2024-11-15 09:58:23,116 - fed_utils - INFO - encrypting key [fc3.bias].length : 10, cost time : 0m:0s:79ms
2024-11-15 09:58:23,116 - fl_main - INFO - Server receive client_dict[f_00010] info ...
2024-11-15 09:58:23,116 - fl_main - INFO - ----- client id [f_00011] -----
2024-11-15 09:58:23,117 - client_base - INFO - recover model cost time : 0m:0s:0ms
2024-11-15 09:58:23,117 - fl_main - INFO - client_dict[f_00011] training ...
2024-11-15 09:58:23,118 - client_base - INFO - client_dict[f_00011] training epoch : 0
2024-11-15 09:58:23,537 - client_base - INFO - local model train cost time : 0m:0s:419ms
2024-11-15 09:58:23,538 - client_base - INFO - model encode time : 0m:0s:1ms
2024-11-15 09:58:23,539 - fl_main - INFO - client_dict[f_00011] local model encrypting ...
2024-11-15 09:58:24,730 - fed_utils - INFO - encrypting key [conv1.weight].length : 150, cost time : 0m:1s:190ms
2024-11-15 09:58:24,778 - fed_utils - INFO - encrypting key [conv1.bias].length : 6, cost time : 0m:0s:48ms
2024-11-15 09:58:24,778 - fed_utils - INFO - load key [conv2.weight].length : 2400, cost time : 0m:0s:0ms
2024-11-15 09:58:24,778 - fed_utils - INFO - load key [conv2.bias].length : 16, cost time : 0m:0s:0ms
2024-11-15 09:58:24,779 - fed_utils - INFO - load key [fc1.weight].length : 48000, cost time : 0m:0s:0ms
2024-11-15 09:58:24,779 - fed_utils - INFO - load key [fc1.bias].length : 120, cost time : 0m:0s:0ms
2024-11-15 09:58:24,779 - fed_utils - INFO - load key [fc2.weight].length : 10080, cost time : 0m:0s:0ms
2024-11-15 09:58:24,779 - fed_utils - INFO - load key [fc2.bias].length : 84, cost time : 0m:0s:0ms
2024-11-15 09:58:31,449 - fed_utils - INFO - encrypting key [fc3.weight].length : 840, cost time : 0m:6s:669ms
2024-11-15 09:58:31,529 - fed_utils - INFO - encrypting key [fc3.bias].length : 10, cost time : 0m:0s:79ms
2024-11-15 09:58:31,529 - fl_main - INFO - Server receive client_dict[f_00011] info ...
2024-11-15 09:58:31,529 - fl_main - INFO - ----- client id [f_00012] -----
2024-11-15 09:58:31,531 - client_base - INFO - recover model cost time : 0m:0s:0ms
2024-11-15 09:58:31,531 - fl_main - INFO - client_dict[f_00012] training ...
2024-11-15 09:58:31,531 - client_base - INFO - client_dict[f_00012] training epoch : 0
2024-11-15 09:58:31,949 - client_base - INFO - local model train cost time : 0m:0s:417ms
2024-11-15 09:58:31,950 - client_base - INFO - model encode time : 0m:0s:1ms
2024-11-15 09:58:31,951 - fl_main - INFO - client_dict[f_00012] local model encrypting ...
2024-11-15 09:58:33,290 - fed_utils - INFO - encrypting key [conv1.weight].length : 150, cost time : 0m:1s:339ms
2024-11-15 09:58:33,338 - fed_utils - INFO - encrypting key [conv1.bias].length : 6, cost time : 0m:0s:47ms
2024-11-15 09:58:33,338 - fed_utils - INFO - load key [conv2.weight].length : 2400, cost time : 0m:0s:0ms
2024-11-15 09:58:33,338 - fed_utils - INFO - load key [conv2.bias].length : 16, cost time : 0m:0s:0ms
2024-11-15 09:58:33,339 - fed_utils - INFO - load key [fc1.weight].length : 48000, cost time : 0m:0s:0ms
2024-11-15 09:58:33,339 - fed_utils - INFO - load key [fc1.bias].length : 120, cost time : 0m:0s:0ms
2024-11-15 09:58:33,340 - fed_utils - INFO - load key [fc2.weight].length : 10080, cost time : 0m:0s:0ms
2024-11-15 09:58:33,340 - fed_utils - INFO - load key [fc2.bias].length : 84, cost time : 0m:0s:0ms
2024-11-15 09:58:40,008 - fed_utils - INFO - encrypting key [fc3.weight].length : 840, cost time : 0m:6s:668ms
2024-11-15 09:58:40,088 - fed_utils - INFO - encrypting key [fc3.bias].length : 10, cost time : 0m:0s:79ms
2024-11-15 09:58:40,088 - fl_main - INFO - Server receive client_dict[f_00012] info ...
2024-11-15 09:58:40,088 - fl_main - INFO - ----- client id [f_00013] -----
2024-11-15 09:58:40,089 - client_base - INFO - recover model cost time : 0m:0s:0ms
2024-11-15 09:58:40,089 - fl_main - INFO - client_dict[f_00013] training ...
2024-11-15 09:58:40,090 - client_base - INFO - client_dict[f_00013] training epoch : 0
2024-11-15 09:58:40,508 - client_base - INFO - local model train cost time : 0m:0s:417ms
2024-11-15 09:58:40,509 - client_base - INFO - model encode time : 0m:0s:1ms
2024-11-15 09:58:40,509 - fl_main - INFO - client_dict[f_00013] local model encrypting ...
2024-11-15 09:58:41,700 - fed_utils - INFO - encrypting key [conv1.weight].length : 150, cost time : 0m:1s:190ms
2024-11-15 09:58:41,748 - fed_utils - INFO - encrypting key [conv1.bias].length : 6, cost time : 0m:0s:48ms
2024-11-15 09:58:41,748 - fed_utils - INFO - load key [conv2.weight].length : 2400, cost time : 0m:0s:0ms
2024-11-15 09:58:41,749 - fed_utils - INFO - load key [conv2.bias].length : 16, cost time : 0m:0s:0ms
2024-11-15 09:58:41,750 - fed_utils - INFO - load key [fc1.weight].length : 48000, cost time : 0m:0s:0ms
2024-11-15 09:58:41,750 - fed_utils - INFO - load key [fc1.bias].length : 120, cost time : 0m:0s:0ms
2024-11-15 09:58:41,750 - fed_utils - INFO - load key [fc2.weight].length : 10080, cost time : 0m:0s:0ms
2024-11-15 09:58:41,750 - fed_utils - INFO - load key [fc2.bias].length : 84, cost time : 0m:0s:0ms
2024-11-15 09:58:48,552 - fed_utils - INFO - encrypting key [fc3.weight].length : 840, cost time : 0m:6s:802ms
2024-11-15 09:58:48,632 - fed_utils - INFO - encrypting key [fc3.bias].length : 10, cost time : 0m:0s:79ms
2024-11-15 09:58:48,632 - fl_main - INFO - Server receive client_dict[f_00013] info ...
2024-11-15 09:58:48,632 - fl_main - INFO - ----- client id [f_00014] -----
2024-11-15 09:58:48,633 - client_base - INFO - recover model cost time : 0m:0s:0ms
2024-11-15 09:58:48,634 - fl_main - INFO - client_dict[f_00014] training ...
2024-11-15 09:58:48,634 - client_base - INFO - client_dict[f_00014] training epoch : 0
2024-11-15 09:58:49,061 - client_base - INFO - local model train cost time : 0m:0s:426ms
2024-11-15 09:58:49,062 - client_base - INFO - model encode time : 0m:0s:1ms
2024-11-15 09:58:49,063 - fl_main - INFO - client_dict[f_00014] local model encrypting ...
2024-11-15 09:58:50,254 - fed_utils - INFO - encrypting key [conv1.weight].length : 150, cost time : 0m:1s:191ms
2024-11-15 09:58:50,303 - fed_utils - INFO - encrypting key [conv1.bias].length : 6, cost time : 0m:0s:48ms
2024-11-15 09:58:50,303 - fed_utils - INFO - load key [conv2.weight].length : 2400, cost time : 0m:0s:0ms
2024-11-15 09:58:50,303 - fed_utils - INFO - load key [conv2.bias].length : 16, cost time : 0m:0s:0ms
2024-11-15 09:58:50,304 - fed_utils - INFO - load key [fc1.weight].length : 48000, cost time : 0m:0s:1ms
2024-11-15 09:58:50,304 - fed_utils - INFO - load key [fc1.bias].length : 120, cost time : 0m:0s:0ms
2024-11-15 09:58:50,304 - fed_utils - INFO - load key [fc2.weight].length : 10080, cost time : 0m:0s:0ms
2024-11-15 09:58:50,304 - fed_utils - INFO - load key [fc2.bias].length : 84, cost time : 0m:0s:0ms
2024-11-15 09:58:56,979 - fed_utils - INFO - encrypting key [fc3.weight].length : 840, cost time : 0m:6s:674ms
2024-11-15 09:58:57,058 - fed_utils - INFO - encrypting key [fc3.bias].length : 10, cost time : 0m:0s:79ms
2024-11-15 09:58:57,058 - fl_main - INFO - Server receive client_dict[f_00014] info ...
2024-11-15 09:58:57,059 - fl_main - INFO - global aggregation process ...
2024-11-15 09:58:57,059 - fed_utils - INFO - server.n_data : 60000
2024-11-15 09:58:57,059 - fed_utils - INFO - client_dict[f_00000].weight : 0.066667
2024-11-15 09:58:57,059 - fed_utils - INFO - client_dict[f_00001].weight : 0.066667
2024-11-15 09:58:57,059 - fed_utils - INFO - client_dict[f_00002].weight : 0.066667
2024-11-15 09:58:57,059 - fed_utils - INFO - client_dict[f_00003].weight : 0.066667
2024-11-15 09:58:57,059 - fed_utils - INFO - client_dict[f_00004].weight : 0.066667
2024-11-15 09:58:57,059 - fed_utils - INFO - client_dict[f_00005].weight : 0.066667
2024-11-15 09:58:57,059 - fed_utils - INFO - client_dict[f_00006].weight : 0.066667
2024-11-15 09:58:57,059 - fed_utils - INFO - client_dict[f_00007].weight : 0.066667
2024-11-15 09:58:57,059 - fed_utils - INFO - client_dict[f_00008].weight : 0.066667
2024-11-15 09:58:57,059 - fed_utils - INFO - client_dict[f_00009].weight : 0.066667
2024-11-15 09:58:57,059 - fed_utils - INFO - client_dict[f_00010].weight : 0.066667
2024-11-15 09:58:57,059 - fed_utils - INFO - client_dict[f_00011].weight : 0.066667
2024-11-15 09:58:57,059 - fed_utils - INFO - client_dict[f_00012].weight : 0.066667
2024-11-15 09:58:57,059 - fed_utils - INFO - client_dict[f_00013].weight : 0.066667
2024-11-15 09:58:57,059 - fed_utils - INFO - client_dict[f_00014].weight : 0.066667
2024-11-15 09:58:57,059 - fed_utils - INFO - recover secret number by clients: 1052426.333333
2024-11-15 09:58:57,059 - server_base - INFO - Server aggregate model with homomorphic encryption ...
2024-11-15 09:59:01,925 - server_base - INFO - Server aggregate model done, cost time : 0m:4s:865ms
2024-11-15 09:59:02,268 - fed_utils - INFO - decrypting key [conv1.weight].shape [torch.Size([6, 1, 5, 5])]
2024-11-15 09:59:02,282 - fed_utils - INFO - decrypting key [conv1.bias].shape [torch.Size([6])]
2024-11-15 09:59:02,282 - fed_utils - INFO - decrypting key [conv2.weight].shape [torch.Size([16, 6, 5, 5])]
2024-11-15 09:59:02,282 - fed_utils - INFO - decrypting key [conv2.bias].shape [torch.Size([16])]
2024-11-15 09:59:02,282 - fed_utils - INFO - decrypting key [fc1.weight].shape [torch.Size([120, 400])]
2024-11-15 09:59:02,282 - fed_utils - INFO - decrypting key [fc1.bias].shape [torch.Size([120])]
2024-11-15 09:59:02,282 - fed_utils - INFO - decrypting key [fc2.weight].shape [torch.Size([84, 120])]
2024-11-15 09:59:02,282 - fed_utils - INFO - decrypting key [fc2.bias].shape [torch.Size([84])]
2024-11-15 09:59:04,340 - fed_utils - INFO - decrypting key [fc3.weight].shape [torch.Size([10, 84])]
2024-11-15 09:59:04,363 - fed_utils - INFO - decrypting key [fc3.bias].shape [torch.Size([10])]
2024-11-15 09:59:04,363 - fed_utils - INFO - decrypt time : [0m:2s:437ms]
2024-11-15 09:59:04,371 - fl_main - INFO - [global round : 14] aggregated model accuracy : 0.9325
2024-11-15 09:59:04,371 - fl_main - INFO - [global round : 14] aggregated model loss : 0.24058809486620822
2024-11-15 09:59:04,372 - fl_main - INFO - global round : 15
2024-11-15 09:59:04,372 - fl_main - INFO - the random client id to test accuracy : f_00006
2024-11-15 09:59:04,372 - fl_main - INFO - ----- client id [f_00000] -----
2024-11-15 09:59:04,373 - client_base - INFO - recover model cost time : 0m:0s:0ms
2024-11-15 09:59:04,373 - fl_main - INFO - client_dict[f_00000] training ...
2024-11-15 09:59:04,374 - client_base - INFO - client_dict[f_00000] training epoch : 0
2024-11-15 09:59:04,794 - client_base - INFO - local model train cost time : 0m:0s:420ms
2024-11-15 09:59:04,795 - client_base - INFO - model encode time : 0m:0s:1ms
2024-11-15 09:59:04,796 - fl_main - INFO - client_dict[f_00000] local model encrypting ...
2024-11-15 09:59:05,987 - fed_utils - INFO - encrypting key [conv1.weight].length : 150, cost time : 0m:1s:191ms
2024-11-15 09:59:06,035 - fed_utils - INFO - encrypting key [conv1.bias].length : 6, cost time : 0m:0s:47ms
2024-11-15 09:59:06,036 - fed_utils - INFO - load key [conv2.weight].length : 2400, cost time : 0m:0s:0ms
2024-11-15 09:59:06,036 - fed_utils - INFO - load key [conv2.bias].length : 16, cost time : 0m:0s:0ms
2024-11-15 09:59:06,037 - fed_utils - INFO - load key [fc1.weight].length : 48000, cost time : 0m:0s:1ms
2024-11-15 09:59:06,037 - fed_utils - INFO - load key [fc1.bias].length : 120, cost time : 0m:0s:0ms
2024-11-15 09:59:06,037 - fed_utils - INFO - load key [fc2.weight].length : 10080, cost time : 0m:0s:0ms
2024-11-15 09:59:06,037 - fed_utils - INFO - load key [fc2.bias].length : 84, cost time : 0m:0s:0ms
2024-11-15 09:59:12,711 - fed_utils - INFO - encrypting key [fc3.weight].length : 840, cost time : 0m:6s:673ms
2024-11-15 09:59:12,791 - fed_utils - INFO - encrypting key [fc3.bias].length : 10, cost time : 0m:0s:79ms
2024-11-15 09:59:12,792 - fl_main - INFO - Server receive client_dict[f_00000] info ...
2024-11-15 09:59:12,792 - fl_main - INFO - ----- client id [f_00001] -----
2024-11-15 09:59:12,793 - client_base - INFO - recover model cost time : 0m:0s:0ms
2024-11-15 09:59:12,793 - fl_main - INFO - client_dict[f_00001] training ...
2024-11-15 09:59:12,794 - client_base - INFO - client_dict[f_00001] training epoch : 0
2024-11-15 09:59:13,209 - client_base - INFO - local model train cost time : 0m:0s:415ms
2024-11-15 09:59:13,211 - client_base - INFO - model encode time : 0m:0s:1ms
2024-11-15 09:59:13,211 - fl_main - INFO - client_dict[f_00001] local model encrypting ...
2024-11-15 09:59:14,402 - fed_utils - INFO - encrypting key [conv1.weight].length : 150, cost time : 0m:1s:191ms
2024-11-15 09:59:14,451 - fed_utils - INFO - encrypting key [conv1.bias].length : 6, cost time : 0m:0s:48ms
2024-11-15 09:59:14,451 - fed_utils - INFO - load key [conv2.weight].length : 2400, cost time : 0m:0s:0ms
2024-11-15 09:59:14,451 - fed_utils - INFO - load key [conv2.bias].length : 16, cost time : 0m:0s:0ms
2024-11-15 09:59:14,452 - fed_utils - INFO - load key [fc1.weight].length : 48000, cost time : 0m:0s:0ms
2024-11-15 09:59:14,452 - fed_utils - INFO - load key [fc1.bias].length : 120, cost time : 0m:0s:0ms
2024-11-15 09:59:14,452 - fed_utils - INFO - load key [fc2.weight].length : 10080, cost time : 0m:0s:0ms
2024-11-15 09:59:14,452 - fed_utils - INFO - load key [fc2.bias].length : 84, cost time : 0m:0s:0ms
2024-11-15 09:59:21,288 - fed_utils - INFO - encrypting key [fc3.weight].length : 840, cost time : 0m:6s:836ms
2024-11-15 09:59:21,368 - fed_utils - INFO - encrypting key [fc3.bias].length : 10, cost time : 0m:0s:79ms
2024-11-15 09:59:21,368 - fl_main - INFO - Server receive client_dict[f_00001] info ...
2024-11-15 09:59:21,368 - fl_main - INFO - ----- client id [f_00002] -----
2024-11-15 09:59:21,369 - client_base - INFO - recover model cost time : 0m:0s:0ms
2024-11-15 09:59:21,370 - fl_main - INFO - client_dict[f_00002] training ...
2024-11-15 09:59:21,370 - client_base - INFO - client_dict[f_00002] training epoch : 0
2024-11-15 09:59:21,790 - client_base - INFO - local model train cost time : 0m:0s:419ms
2024-11-15 09:59:21,791 - client_base - INFO - model encode time : 0m:0s:1ms
2024-11-15 09:59:21,791 - fl_main - INFO - client_dict[f_00002] local model encrypting ...
2024-11-15 09:59:22,983 - fed_utils - INFO - encrypting key [conv1.weight].length : 150, cost time : 0m:1s:191ms
2024-11-15 09:59:23,031 - fed_utils - INFO - encrypting key [conv1.bias].length : 6, cost time : 0m:0s:48ms
2024-11-15 09:59:23,031 - fed_utils - INFO - load key [conv2.weight].length : 2400, cost time : 0m:0s:0ms
2024-11-15 09:59:23,031 - fed_utils - INFO - load key [conv2.bias].length : 16, cost time : 0m:0s:0ms
2024-11-15 09:59:23,032 - fed_utils - INFO - load key [fc1.weight].length : 48000, cost time : 0m:0s:0ms
2024-11-15 09:59:23,032 - fed_utils - INFO - load key [fc1.bias].length : 120, cost time : 0m:0s:0ms
2024-11-15 09:59:23,033 - fed_utils - INFO - load key [fc2.weight].length : 10080, cost time : 0m:0s:0ms
2024-11-15 09:59:23,033 - fed_utils - INFO - load key [fc2.bias].length : 84, cost time : 0m:0s:0ms
2024-11-15 09:59:29,707 - fed_utils - INFO - encrypting key [fc3.weight].length : 840, cost time : 0m:6s:673ms
2024-11-15 09:59:29,787 - fed_utils - INFO - encrypting key [fc3.bias].length : 10, cost time : 0m:0s:80ms
2024-11-15 09:59:29,787 - fl_main - INFO - Server receive client_dict[f_00002] info ...
2024-11-15 09:59:29,787 - fl_main - INFO - ----- client id [f_00003] -----
2024-11-15 09:59:29,788 - client_base - INFO - recover model cost time : 0m:0s:0ms
2024-11-15 09:59:29,788 - fl_main - INFO - client_dict[f_00003] training ...
2024-11-15 09:59:29,789 - client_base - INFO - client_dict[f_00003] training epoch : 0
2024-11-15 09:59:30,207 - client_base - INFO - local model train cost time : 0m:0s:418ms
2024-11-15 09:59:30,209 - client_base - INFO - model encode time : 0m:0s:1ms
2024-11-15 09:59:30,209 - fl_main - INFO - client_dict[f_00003] local model encrypting ...
2024-11-15 09:59:31,400 - fed_utils - INFO - encrypting key [conv1.weight].length : 150, cost time : 0m:1s:191ms
2024-11-15 09:59:31,448 - fed_utils - INFO - encrypting key [conv1.bias].length : 6, cost time : 0m:0s:48ms
2024-11-15 09:59:31,449 - fed_utils - INFO - load key [conv2.weight].length : 2400, cost time : 0m:0s:0ms
2024-11-15 09:59:31,449 - fed_utils - INFO - load key [conv2.bias].length : 16, cost time : 0m:0s:0ms
2024-11-15 09:59:31,450 - fed_utils - INFO - load key [fc1.weight].length : 48000, cost time : 0m:0s:0ms
2024-11-15 09:59:31,450 - fed_utils - INFO - load key [fc1.bias].length : 120, cost time : 0m:0s:0ms
2024-11-15 09:59:31,450 - fed_utils - INFO - load key [fc2.weight].length : 10080, cost time : 0m:0s:0ms
2024-11-15 09:59:31,450 - fed_utils - INFO - load key [fc2.bias].length : 84, cost time : 0m:0s:0ms
2024-11-15 09:59:38,262 - fed_utils - INFO - encrypting key [fc3.weight].length : 840, cost time : 0m:6s:811ms
2024-11-15 09:59:38,341 - fed_utils - INFO - encrypting key [fc3.bias].length : 10, cost time : 0m:0s:79ms
2024-11-15 09:59:38,342 - fl_main - INFO - Server receive client_dict[f_00003] info ...
2024-11-15 09:59:38,342 - fl_main - INFO - ----- client id [f_00004] -----
2024-11-15 09:59:38,343 - client_base - INFO - recover model cost time : 0m:0s:0ms
2024-11-15 09:59:38,343 - fl_main - INFO - client_dict[f_00004] training ...
2024-11-15 09:59:38,344 - client_base - INFO - client_dict[f_00004] training epoch : 0
2024-11-15 09:59:38,766 - client_base - INFO - local model train cost time : 0m:0s:421ms
2024-11-15 09:59:38,767 - client_base - INFO - model encode time : 0m:0s:1ms
2024-11-15 09:59:38,767 - fl_main - INFO - client_dict[f_00004] local model encrypting ...
2024-11-15 09:59:39,959 - fed_utils - INFO - encrypting key [conv1.weight].length : 150, cost time : 0m:1s:191ms
2024-11-15 09:59:40,007 - fed_utils - INFO - encrypting key [conv1.bias].length : 6, cost time : 0m:0s:48ms
2024-11-15 09:59:40,007 - fed_utils - INFO - load key [conv2.weight].length : 2400, cost time : 0m:0s:0ms
2024-11-15 09:59:40,008 - fed_utils - INFO - load key [conv2.bias].length : 16, cost time : 0m:0s:0ms
2024-11-15 09:59:40,009 - fed_utils - INFO - load key [fc1.weight].length : 48000, cost time : 0m:0s:0ms
2024-11-15 09:59:40,009 - fed_utils - INFO - load key [fc1.bias].length : 120, cost time : 0m:0s:0ms
2024-11-15 09:59:40,009 - fed_utils - INFO - load key [fc2.weight].length : 10080, cost time : 0m:0s:0ms
2024-11-15 09:59:40,009 - fed_utils - INFO - load key [fc2.bias].length : 84, cost time : 0m:0s:0ms
2024-11-15 09:59:46,679 - fed_utils - INFO - encrypting key [fc3.weight].length : 840, cost time : 0m:6s:669ms
2024-11-15 09:59:46,758 - fed_utils - INFO - encrypting key [fc3.bias].length : 10, cost time : 0m:0s:79ms
2024-11-15 09:59:46,758 - fl_main - INFO - Server receive client_dict[f_00004] info ...
2024-11-15 09:59:46,759 - fl_main - INFO - ----- client id [f_00005] -----
2024-11-15 09:59:46,760 - client_base - INFO - recover model cost time : 0m:0s:0ms
2024-11-15 09:59:46,760 - fl_main - INFO - client_dict[f_00005] training ...
2024-11-15 09:59:46,761 - client_base - INFO - client_dict[f_00005] training epoch : 0
2024-11-15 09:59:47,187 - client_base - INFO - local model train cost time : 0m:0s:426ms
2024-11-15 09:59:47,188 - client_base - INFO - model encode time : 0m:0s:1ms
2024-11-15 09:59:47,188 - fl_main - INFO - client_dict[f_00005] local model encrypting ...
2024-11-15 09:59:48,520 - fed_utils - INFO - encrypting key [conv1.weight].length : 150, cost time : 0m:1s:331ms
2024-11-15 09:59:48,568 - fed_utils - INFO - encrypting key [conv1.bias].length : 6, cost time : 0m:0s:48ms
2024-11-15 09:59:48,568 - fed_utils - INFO - load key [conv2.weight].length : 2400, cost time : 0m:0s:0ms
2024-11-15 09:59:48,568 - fed_utils - INFO - load key [conv2.bias].length : 16, cost time : 0m:0s:0ms
2024-11-15 09:59:48,569 - fed_utils - INFO - load key [fc1.weight].length : 48000, cost time : 0m:0s:0ms
2024-11-15 09:59:48,569 - fed_utils - INFO - load key [fc1.bias].length : 120, cost time : 0m:0s:0ms
2024-11-15 09:59:48,569 - fed_utils - INFO - load key [fc2.weight].length : 10080, cost time : 0m:0s:0ms
2024-11-15 09:59:48,570 - fed_utils - INFO - load key [fc2.bias].length : 84, cost time : 0m:0s:0ms
2024-11-15 09:59:55,235 - fed_utils - INFO - encrypting key [fc3.weight].length : 840, cost time : 0m:6s:665ms
2024-11-15 09:59:55,315 - fed_utils - INFO - encrypting key [fc3.bias].length : 10, cost time : 0m:0s:79ms
2024-11-15 09:59:55,315 - fl_main - INFO - Server receive client_dict[f_00005] info ...
2024-11-15 09:59:55,315 - fl_main - INFO - ----- client id [f_00006] -----
2024-11-15 09:59:55,316 - client_base - INFO - recover model cost time : 0m:0s:0ms
2024-11-15 09:59:56,123 - fl_main - INFO - global round [15] client_dict[f_00006].accuracy : 0.936000
2024-11-15 09:59:56,123 - fl_main - INFO - client_dict[f_00006] training ...
2024-11-15 09:59:56,123 - client_base - INFO - client_dict[f_00006] training epoch : 0
2024-11-15 09:59:56,541 - client_base - INFO - local model train cost time : 0m:0s:417ms
2024-11-15 09:59:56,543 - client_base - INFO - model encode time : 0m:0s:1ms
2024-11-15 09:59:56,543 - fl_main - INFO - client_dict[f_00006] local model encrypting ...
2024-11-15 09:59:57,737 - fed_utils - INFO - encrypting key [conv1.weight].length : 150, cost time : 0m:1s:194ms
2024-11-15 09:59:57,785 - fed_utils - INFO - encrypting key [conv1.bias].length : 6, cost time : 0m:0s:48ms
2024-11-15 09:59:57,785 - fed_utils - INFO - load key [conv2.weight].length : 2400, cost time : 0m:0s:0ms
2024-11-15 09:59:57,785 - fed_utils - INFO - load key [conv2.bias].length : 16, cost time : 0m:0s:0ms
2024-11-15 09:59:57,786 - fed_utils - INFO - load key [fc1.weight].length : 48000, cost time : 0m:0s:0ms
2024-11-15 09:59:57,787 - fed_utils - INFO - load key [fc1.bias].length : 120, cost time : 0m:0s:0ms
2024-11-15 09:59:57,787 - fed_utils - INFO - load key [fc2.weight].length : 10080, cost time : 0m:0s:0ms
2024-11-15 09:59:57,787 - fed_utils - INFO - load key [fc2.bias].length : 84, cost time : 0m:0s:0ms
2024-11-15 10:00:04,605 - fed_utils - INFO - encrypting key [fc3.weight].length : 840, cost time : 0m:6s:818ms
2024-11-15 10:00:04,685 - fed_utils - INFO - encrypting key [fc3.bias].length : 10, cost time : 0m:0s:79ms
2024-11-15 10:00:04,685 - fl_main - INFO - Server receive client_dict[f_00006] info ...
2024-11-15 10:00:04,685 - fl_main - INFO - ----- client id [f_00007] -----
2024-11-15 10:00:04,686 - client_base - INFO - recover model cost time : 0m:0s:0ms
2024-11-15 10:00:04,687 - fl_main - INFO - client_dict[f_00007] training ...
2024-11-15 10:00:04,687 - client_base - INFO - client_dict[f_00007] training epoch : 0
2024-11-15 10:00:05,120 - client_base - INFO - local model train cost time : 0m:0s:432ms
2024-11-15 10:00:05,121 - client_base - INFO - model encode time : 0m:0s:1ms
2024-11-15 10:00:05,121 - fl_main - INFO - client_dict[f_00007] local model encrypting ...
2024-11-15 10:00:06,314 - fed_utils - INFO - encrypting key [conv1.weight].length : 150, cost time : 0m:1s:192ms
2024-11-15 10:00:06,362 - fed_utils - INFO - encrypting key [conv1.bias].length : 6, cost time : 0m:0s:48ms
2024-11-15 10:00:06,362 - fed_utils - INFO - load key [conv2.weight].length : 2400, cost time : 0m:0s:0ms
2024-11-15 10:00:06,362 - fed_utils - INFO - load key [conv2.bias].length : 16, cost time : 0m:0s:0ms
2024-11-15 10:00:06,363 - fed_utils - INFO - load key [fc1.weight].length : 48000, cost time : 0m:0s:0ms
2024-11-15 10:00:06,364 - fed_utils - INFO - load key [fc1.bias].length : 120, cost time : 0m:0s:0ms
2024-11-15 10:00:06,364 - fed_utils - INFO - load key [fc2.weight].length : 10080, cost time : 0m:0s:0ms
2024-11-15 10:00:06,364 - fed_utils - INFO - load key [fc2.bias].length : 84, cost time : 0m:0s:0ms
2024-11-15 10:00:13,043 - fed_utils - INFO - encrypting key [fc3.weight].length : 840, cost time : 0m:6s:678ms
2024-11-15 10:00:13,123 - fed_utils - INFO - encrypting key [fc3.bias].length : 10, cost time : 0m:0s:79ms
2024-11-15 10:00:13,123 - fl_main - INFO - Server receive client_dict[f_00007] info ...
2024-11-15 10:00:13,123 - fl_main - INFO - ----- client id [f_00008] -----
2024-11-15 10:00:13,124 - client_base - INFO - recover model cost time : 0m:0s:0ms
2024-11-15 10:00:13,124 - fl_main - INFO - client_dict[f_00008] training ...
2024-11-15 10:00:13,125 - client_base - INFO - client_dict[f_00008] training epoch : 0
2024-11-15 10:00:13,552 - client_base - INFO - local model train cost time : 0m:0s:426ms
2024-11-15 10:00:13,553 - client_base - INFO - model encode time : 0m:0s:1ms
2024-11-15 10:00:13,553 - fl_main - INFO - client_dict[f_00008] local model encrypting ...
2024-11-15 10:00:14,748 - fed_utils - INFO - encrypting key [conv1.weight].length : 150, cost time : 0m:1s:194ms
2024-11-15 10:00:14,796 - fed_utils - INFO - encrypting key [conv1.bias].length : 6, cost time : 0m:0s:48ms
2024-11-15 10:00:14,796 - fed_utils - INFO - load key [conv2.weight].length : 2400, cost time : 0m:0s:0ms
2024-11-15 10:00:14,796 - fed_utils - INFO - load key [conv2.bias].length : 16, cost time : 0m:0s:0ms
2024-11-15 10:00:14,797 - fed_utils - INFO - load key [fc1.weight].length : 48000, cost time : 0m:0s:0ms
2024-11-15 10:00:14,797 - fed_utils - INFO - load key [fc1.bias].length : 120, cost time : 0m:0s:0ms
2024-11-15 10:00:14,798 - fed_utils - INFO - load key [fc2.weight].length : 10080, cost time : 0m:0s:0ms
2024-11-15 10:00:14,798 - fed_utils - INFO - load key [fc2.bias].length : 84, cost time : 0m:0s:0ms
2024-11-15 10:00:21,611 - fed_utils - INFO - encrypting key [fc3.weight].length : 840, cost time : 0m:6s:813ms
2024-11-15 10:00:21,691 - fed_utils - INFO - encrypting key [fc3.bias].length : 10, cost time : 0m:0s:79ms
2024-11-15 10:00:21,691 - fl_main - INFO - Server receive client_dict[f_00008] info ...
2024-11-15 10:00:21,691 - fl_main - INFO - ----- client id [f_00009] -----
2024-11-15 10:00:21,692 - client_base - INFO - recover model cost time : 0m:0s:0ms
2024-11-15 10:00:21,692 - fl_main - INFO - client_dict[f_00009] training ...
2024-11-15 10:00:21,693 - client_base - INFO - client_dict[f_00009] training epoch : 0
2024-11-15 10:00:22,122 - client_base - INFO - local model train cost time : 0m:0s:428ms
2024-11-15 10:00:22,123 - client_base - INFO - model encode time : 0m:0s:1ms
2024-11-15 10:00:22,123 - fl_main - INFO - client_dict[f_00009] local model encrypting ...
2024-11-15 10:00:23,314 - fed_utils - INFO - encrypting key [conv1.weight].length : 150, cost time : 0m:1s:190ms
2024-11-15 10:00:23,363 - fed_utils - INFO - encrypting key [conv1.bias].length : 6, cost time : 0m:0s:48ms
2024-11-15 10:00:23,363 - fed_utils - INFO - load key [conv2.weight].length : 2400, cost time : 0m:0s:0ms
2024-11-15 10:00:23,363 - fed_utils - INFO - load key [conv2.bias].length : 16, cost time : 0m:0s:0ms
2024-11-15 10:00:23,364 - fed_utils - INFO - load key [fc1.weight].length : 48000, cost time : 0m:0s:0ms
2024-11-15 10:00:23,364 - fed_utils - INFO - load key [fc1.bias].length : 120, cost time : 0m:0s:0ms
2024-11-15 10:00:23,364 - fed_utils - INFO - load key [fc2.weight].length : 10080, cost time : 0m:0s:0ms
2024-11-15 10:00:23,364 - fed_utils - INFO - load key [fc2.bias].length : 84, cost time : 0m:0s:0ms
2024-11-15 10:00:30,031 - fed_utils - INFO - encrypting key [fc3.weight].length : 840, cost time : 0m:6s:666ms
2024-11-15 10:00:30,110 - fed_utils - INFO - encrypting key [fc3.bias].length : 10, cost time : 0m:0s:79ms
2024-11-15 10:00:30,110 - fl_main - INFO - Server receive client_dict[f_00009] info ...
2024-11-15 10:00:30,111 - fl_main - INFO - ----- client id [f_00010] -----
2024-11-15 10:00:30,112 - client_base - INFO - recover model cost time : 0m:0s:0ms
2024-11-15 10:00:30,112 - fl_main - INFO - client_dict[f_00010] training ...
2024-11-15 10:00:30,113 - client_base - INFO - client_dict[f_00010] training epoch : 0
2024-11-15 10:00:30,531 - client_base - INFO - local model train cost time : 0m:0s:418ms
2024-11-15 10:00:30,533 - client_base - INFO - model encode time : 0m:0s:1ms
2024-11-15 10:00:30,533 - fl_main - INFO - client_dict[f_00010] local model encrypting ...
2024-11-15 10:00:31,724 - fed_utils - INFO - encrypting key [conv1.weight].length : 150, cost time : 0m:1s:190ms
2024-11-15 10:00:31,772 - fed_utils - INFO - encrypting key [conv1.bias].length : 6, cost time : 0m:0s:48ms
2024-11-15 10:00:31,772 - fed_utils - INFO - load key [conv2.weight].length : 2400, cost time : 0m:0s:0ms
2024-11-15 10:00:31,772 - fed_utils - INFO - load key [conv2.bias].length : 16, cost time : 0m:0s:0ms
2024-11-15 10:00:31,773 - fed_utils - INFO - load key [fc1.weight].length : 48000, cost time : 0m:0s:0ms
2024-11-15 10:00:31,773 - fed_utils - INFO - load key [fc1.bias].length : 120, cost time : 0m:0s:0ms
2024-11-15 10:00:31,773 - fed_utils - INFO - load key [fc2.weight].length : 10080, cost time : 0m:0s:0ms
2024-11-15 10:00:31,773 - fed_utils - INFO - load key [fc2.bias].length : 84, cost time : 0m:0s:0ms
2024-11-15 10:00:38,586 - fed_utils - INFO - encrypting key [fc3.weight].length : 840, cost time : 0m:6s:813ms
2024-11-15 10:00:38,666 - fed_utils - INFO - encrypting key [fc3.bias].length : 10, cost time : 0m:0s:79ms
2024-11-15 10:00:38,666 - fl_main - INFO - Server receive client_dict[f_00010] info ...
2024-11-15 10:00:38,666 - fl_main - INFO - ----- client id [f_00011] -----
2024-11-15 10:00:38,667 - client_base - INFO - recover model cost time : 0m:0s:0ms
2024-11-15 10:00:38,668 - fl_main - INFO - client_dict[f_00011] training ...
2024-11-15 10:00:38,668 - client_base - INFO - client_dict[f_00011] training epoch : 0
2024-11-15 10:00:39,092 - client_base - INFO - local model train cost time : 0m:0s:423ms
2024-11-15 10:00:39,093 - client_base - INFO - model encode time : 0m:0s:1ms
2024-11-15 10:00:39,094 - fl_main - INFO - client_dict[f_00011] local model encrypting ...
2024-11-15 10:00:40,286 - fed_utils - INFO - encrypting key [conv1.weight].length : 150, cost time : 0m:1s:192ms
2024-11-15 10:00:40,334 - fed_utils - INFO - encrypting key [conv1.bias].length : 6, cost time : 0m:0s:48ms
2024-11-15 10:00:40,334 - fed_utils - INFO - load key [conv2.weight].length : 2400, cost time : 0m:0s:0ms
2024-11-15 10:00:40,334 - fed_utils - INFO - load key [conv2.bias].length : 16, cost time : 0m:0s:0ms
2024-11-15 10:00:40,335 - fed_utils - INFO - load key [fc1.weight].length : 48000, cost time : 0m:0s:0ms
2024-11-15 10:00:40,335 - fed_utils - INFO - load key [fc1.bias].length : 120, cost time : 0m:0s:0ms
2024-11-15 10:00:40,335 - fed_utils - INFO - load key [fc2.weight].length : 10080, cost time : 0m:0s:0ms
2024-11-15 10:00:40,335 - fed_utils - INFO - load key [fc2.bias].length : 84, cost time : 0m:0s:0ms
2024-11-15 10:00:47,008 - fed_utils - INFO - encrypting key [fc3.weight].length : 840, cost time : 0m:6s:672ms
2024-11-15 10:00:47,088 - fed_utils - INFO - encrypting key [fc3.bias].length : 10, cost time : 0m:0s:79ms
2024-11-15 10:00:47,088 - fl_main - INFO - Server receive client_dict[f_00011] info ...
2024-11-15 10:00:47,088 - fl_main - INFO - ----- client id [f_00012] -----
2024-11-15 10:00:47,089 - client_base - INFO - recover model cost time : 0m:0s:0ms
2024-11-15 10:00:47,089 - fl_main - INFO - client_dict[f_00012] training ...
2024-11-15 10:00:47,090 - client_base - INFO - client_dict[f_00012] training epoch : 0
2024-11-15 10:00:47,520 - client_base - INFO - local model train cost time : 0m:0s:429ms
2024-11-15 10:00:47,521 - client_base - INFO - model encode time : 0m:0s:1ms
2024-11-15 10:00:47,522 - fl_main - INFO - client_dict[f_00012] local model encrypting ...
2024-11-15 10:00:48,870 - fed_utils - INFO - encrypting key [conv1.weight].length : 150, cost time : 0m:1s:348ms
2024-11-15 10:00:48,918 - fed_utils - INFO - encrypting key [conv1.bias].length : 6, cost time : 0m:0s:47ms
2024-11-15 10:00:48,918 - fed_utils - INFO - load key [conv2.weight].length : 2400, cost time : 0m:0s:0ms
2024-11-15 10:00:48,918 - fed_utils - INFO - load key [conv2.bias].length : 16, cost time : 0m:0s:0ms
2024-11-15 10:00:48,919 - fed_utils - INFO - load key [fc1.weight].length : 48000, cost time : 0m:0s:0ms
2024-11-15 10:00:48,919 - fed_utils - INFO - load key [fc1.bias].length : 120, cost time : 0m:0s:0ms
2024-11-15 10:00:48,920 - fed_utils - INFO - load key [fc2.weight].length : 10080, cost time : 0m:0s:0ms
2024-11-15 10:00:48,920 - fed_utils - INFO - load key [fc2.bias].length : 84, cost time : 0m:0s:0ms
2024-11-15 10:00:55,588 - fed_utils - INFO - encrypting key [fc3.weight].length : 840, cost time : 0m:6s:668ms
2024-11-15 10:00:55,668 - fed_utils - INFO - encrypting key [fc3.bias].length : 10, cost time : 0m:0s:79ms
2024-11-15 10:00:55,668 - fl_main - INFO - Server receive client_dict[f_00012] info ...
2024-11-15 10:00:55,668 - fl_main - INFO - ----- client id [f_00013] -----
2024-11-15 10:00:55,669 - client_base - INFO - recover model cost time : 0m:0s:0ms
2024-11-15 10:00:55,669 - fl_main - INFO - client_dict[f_00013] training ...
2024-11-15 10:00:55,670 - client_base - INFO - client_dict[f_00013] training epoch : 0
2024-11-15 10:00:56,083 - client_base - INFO - local model train cost time : 0m:0s:412ms
2024-11-15 10:00:56,084 - client_base - INFO - model encode time : 0m:0s:1ms
2024-11-15 10:00:56,084 - fl_main - INFO - client_dict[f_00013] local model encrypting ...
2024-11-15 10:00:57,299 - fed_utils - INFO - encrypting key [conv1.weight].length : 150, cost time : 0m:1s:214ms
2024-11-15 10:00:57,348 - fed_utils - INFO - encrypting key [conv1.bias].length : 6, cost time : 0m:0s:48ms
2024-11-15 10:00:57,348 - fed_utils - INFO - load key [conv2.weight].length : 2400, cost time : 0m:0s:0ms
2024-11-15 10:00:57,348 - fed_utils - INFO - load key [conv2.bias].length : 16, cost time : 0m:0s:0ms
2024-11-15 10:00:57,349 - fed_utils - INFO - load key [fc1.weight].length : 48000, cost time : 0m:0s:0ms
2024-11-15 10:00:57,349 - fed_utils - INFO - load key [fc1.bias].length : 120, cost time : 0m:0s:0ms
2024-11-15 10:00:57,349 - fed_utils - INFO - load key [fc2.weight].length : 10080, cost time : 0m:0s:0ms
2024-11-15 10:00:57,349 - fed_utils - INFO - load key [fc2.bias].length : 84, cost time : 0m:0s:0ms
2024-11-15 10:01:04,270 - fed_utils - INFO - encrypting key [fc3.weight].length : 840, cost time : 0m:6s:920ms
2024-11-15 10:01:04,361 - fed_utils - INFO - encrypting key [fc3.bias].length : 10, cost time : 0m:0s:90ms
2024-11-15 10:01:04,361 - fl_main - INFO - Server receive client_dict[f_00013] info ...
2024-11-15 10:01:04,361 - fl_main - INFO - ----- client id [f_00014] -----
2024-11-15 10:01:04,362 - client_base - INFO - recover model cost time : 0m:0s:0ms
2024-11-15 10:01:04,362 - fl_main - INFO - client_dict[f_00014] training ...
2024-11-15 10:01:04,363 - client_base - INFO - client_dict[f_00014] training epoch : 0
2024-11-15 10:01:04,838 - client_base - INFO - local model train cost time : 0m:0s:474ms
2024-11-15 10:01:04,840 - client_base - INFO - model encode time : 0m:0s:2ms
2024-11-15 10:01:04,841 - fl_main - INFO - client_dict[f_00014] local model encrypting ...
2024-11-15 10:01:06,134 - fed_utils - INFO - encrypting key [conv1.weight].length : 150, cost time : 0m:1s:292ms
2024-11-15 10:01:06,182 - fed_utils - INFO - encrypting key [conv1.bias].length : 6, cost time : 0m:0s:48ms
2024-11-15 10:01:06,182 - fed_utils - INFO - load key [conv2.weight].length : 2400, cost time : 0m:0s:0ms
2024-11-15 10:01:06,182 - fed_utils - INFO - load key [conv2.bias].length : 16, cost time : 0m:0s:0ms
2024-11-15 10:01:06,183 - fed_utils - INFO - load key [fc1.weight].length : 48000, cost time : 0m:0s:1ms
2024-11-15 10:01:06,183 - fed_utils - INFO - load key [fc1.bias].length : 120, cost time : 0m:0s:0ms
2024-11-15 10:01:06,184 - fed_utils - INFO - load key [fc2.weight].length : 10080, cost time : 0m:0s:0ms
2024-11-15 10:01:06,184 - fed_utils - INFO - load key [fc2.bias].length : 84, cost time : 0m:0s:0ms
2024-11-15 10:01:12,958 - fed_utils - INFO - encrypting key [fc3.weight].length : 840, cost time : 0m:6s:774ms
2024-11-15 10:01:13,039 - fed_utils - INFO - encrypting key [fc3.bias].length : 10, cost time : 0m:0s:80ms
2024-11-15 10:01:13,039 - fl_main - INFO - Server receive client_dict[f_00014] info ...
2024-11-15 10:01:13,039 - fl_main - INFO - global aggregation process ...
2024-11-15 10:01:13,040 - fed_utils - INFO - server.n_data : 60000
2024-11-15 10:01:13,040 - fed_utils - INFO - client_dict[f_00000].weight : 0.066667
2024-11-15 10:01:13,040 - fed_utils - INFO - client_dict[f_00001].weight : 0.066667
2024-11-15 10:01:13,040 - fed_utils - INFO - client_dict[f_00002].weight : 0.066667
2024-11-15 10:01:13,040 - fed_utils - INFO - client_dict[f_00003].weight : 0.066667
2024-11-15 10:01:13,040 - fed_utils - INFO - client_dict[f_00004].weight : 0.066667
2024-11-15 10:01:13,040 - fed_utils - INFO - client_dict[f_00005].weight : 0.066667
2024-11-15 10:01:13,040 - fed_utils - INFO - client_dict[f_00006].weight : 0.066667
2024-11-15 10:01:13,040 - fed_utils - INFO - client_dict[f_00007].weight : 0.066667
2024-11-15 10:01:13,040 - fed_utils - INFO - client_dict[f_00008].weight : 0.066667
2024-11-15 10:01:13,040 - fed_utils - INFO - client_dict[f_00009].weight : 0.066667
2024-11-15 10:01:13,040 - fed_utils - INFO - client_dict[f_00010].weight : 0.066667
2024-11-15 10:01:13,040 - fed_utils - INFO - client_dict[f_00011].weight : 0.066667
2024-11-15 10:01:13,040 - fed_utils - INFO - client_dict[f_00012].weight : 0.066667
2024-11-15 10:01:13,040 - fed_utils - INFO - client_dict[f_00013].weight : 0.066667
2024-11-15 10:01:13,040 - fed_utils - INFO - client_dict[f_00014].weight : 0.066667
2024-11-15 10:01:13,040 - fed_utils - INFO - recover secret number by clients: 1052426.333333
2024-11-15 10:01:13,040 - server_base - INFO - Server aggregate model with homomorphic encryption ...
2024-11-15 10:01:18,092 - server_base - INFO - Server aggregate model done, cost time : 0m:5s:51ms
2024-11-15 10:01:18,448 - fed_utils - INFO - decrypting key [conv1.weight].shape [torch.Size([6, 1, 5, 5])]
2024-11-15 10:01:18,463 - fed_utils - INFO - decrypting key [conv1.bias].shape [torch.Size([6])]
2024-11-15 10:01:18,463 - fed_utils - INFO - decrypting key [conv2.weight].shape [torch.Size([16, 6, 5, 5])]
2024-11-15 10:01:18,463 - fed_utils - INFO - decrypting key [conv2.bias].shape [torch.Size([16])]
2024-11-15 10:01:18,463 - fed_utils - INFO - decrypting key [fc1.weight].shape [torch.Size([120, 400])]
2024-11-15 10:01:18,463 - fed_utils - INFO - decrypting key [fc1.bias].shape [torch.Size([120])]
2024-11-15 10:01:18,463 - fed_utils - INFO - decrypting key [fc2.weight].shape [torch.Size([84, 120])]
2024-11-15 10:01:18,463 - fed_utils - INFO - decrypting key [fc2.bias].shape [torch.Size([84])]
2024-11-15 10:01:20,413 - fed_utils - INFO - decrypting key [fc3.weight].shape [torch.Size([10, 84])]
2024-11-15 10:01:20,436 - fed_utils - INFO - decrypting key [fc3.bias].shape [torch.Size([10])]
2024-11-15 10:01:20,436 - fed_utils - INFO - decrypt time : [0m:2s:343ms]
2024-11-15 10:01:20,443 - fl_main - INFO - [global round : 15] aggregated model accuracy : 0.936
2024-11-15 10:01:20,444 - fl_main - INFO - [global round : 15] aggregated model loss : 0.2347186512300166
2024-11-15 10:01:20,444 - fl_main - INFO - global round : 16
2024-11-15 10:01:20,445 - fl_main - INFO - the random client id to test accuracy : f_00008
2024-11-15 10:01:20,445 - fl_main - INFO - ----- client id [f_00000] -----
2024-11-15 10:01:20,446 - client_base - INFO - recover model cost time : 0m:0s:0ms
2024-11-15 10:01:20,446 - fl_main - INFO - client_dict[f_00000] training ...
2024-11-15 10:01:20,447 - client_base - INFO - client_dict[f_00000] training epoch : 0
2024-11-15 10:01:20,876 - client_base - INFO - local model train cost time : 0m:0s:429ms
2024-11-15 10:01:20,878 - client_base - INFO - model encode time : 0m:0s:1ms
2024-11-15 10:01:20,878 - fl_main - INFO - client_dict[f_00000] local model encrypting ...
2024-11-15 10:01:22,083 - fed_utils - INFO - encrypting key [conv1.weight].length : 150, cost time : 0m:1s:205ms
2024-11-15 10:01:22,131 - fed_utils - INFO - encrypting key [conv1.bias].length : 6, cost time : 0m:0s:47ms
2024-11-15 10:01:22,132 - fed_utils - INFO - load key [conv2.weight].length : 2400, cost time : 0m:0s:0ms
2024-11-15 10:01:22,132 - fed_utils - INFO - load key [conv2.bias].length : 16, cost time : 0m:0s:0ms
2024-11-15 10:01:22,133 - fed_utils - INFO - load key [fc1.weight].length : 48000, cost time : 0m:0s:1ms
2024-11-15 10:01:22,133 - fed_utils - INFO - load key [fc1.bias].length : 120, cost time : 0m:0s:0ms
2024-11-15 10:01:22,133 - fed_utils - INFO - load key [fc2.weight].length : 10080, cost time : 0m:0s:0ms
2024-11-15 10:01:22,133 - fed_utils - INFO - load key [fc2.bias].length : 84, cost time : 0m:0s:0ms
2024-11-15 10:01:28,829 - fed_utils - INFO - encrypting key [fc3.weight].length : 840, cost time : 0m:6s:695ms
2024-11-15 10:01:28,908 - fed_utils - INFO - encrypting key [fc3.bias].length : 10, cost time : 0m:0s:79ms
2024-11-15 10:01:28,909 - fl_main - INFO - Server receive client_dict[f_00000] info ...
2024-11-15 10:01:28,910 - fl_main - INFO - ----- client id [f_00001] -----
2024-11-15 10:01:28,911 - client_base - INFO - recover model cost time : 0m:0s:0ms
2024-11-15 10:01:28,911 - fl_main - INFO - client_dict[f_00001] training ...
2024-11-15 10:01:28,912 - client_base - INFO - client_dict[f_00001] training epoch : 0
2024-11-15 10:01:29,332 - client_base - INFO - local model train cost time : 0m:0s:420ms
2024-11-15 10:01:29,333 - client_base - INFO - model encode time : 0m:0s:1ms
2024-11-15 10:01:29,334 - fl_main - INFO - client_dict[f_00001] local model encrypting ...
2024-11-15 10:01:30,538 - fed_utils - INFO - encrypting key [conv1.weight].length : 150, cost time : 0m:1s:204ms
2024-11-15 10:01:30,588 - fed_utils - INFO - encrypting key [conv1.bias].length : 6, cost time : 0m:0s:49ms
2024-11-15 10:01:30,589 - fed_utils - INFO - load key [conv2.weight].length : 2400, cost time : 0m:0s:0ms
2024-11-15 10:01:30,589 - fed_utils - INFO - load key [conv2.bias].length : 16, cost time : 0m:0s:0ms
2024-11-15 10:01:30,590 - fed_utils - INFO - load key [fc1.weight].length : 48000, cost time : 0m:0s:0ms
2024-11-15 10:01:30,590 - fed_utils - INFO - load key [fc1.bias].length : 120, cost time : 0m:0s:0ms
2024-11-15 10:01:30,590 - fed_utils - INFO - load key [fc2.weight].length : 10080, cost time : 0m:0s:0ms
2024-11-15 10:01:30,590 - fed_utils - INFO - load key [fc2.bias].length : 84, cost time : 0m:0s:0ms
2024-11-15 10:01:37,656 - fed_utils - INFO - encrypting key [fc3.weight].length : 840, cost time : 0m:7s:66ms
2024-11-15 10:01:37,736 - fed_utils - INFO - encrypting key [fc3.bias].length : 10, cost time : 0m:0s:79ms
2024-11-15 10:01:37,736 - fl_main - INFO - Server receive client_dict[f_00001] info ...
2024-11-15 10:01:37,737 - fl_main - INFO - ----- client id [f_00002] -----
2024-11-15 10:01:37,738 - client_base - INFO - recover model cost time : 0m:0s:0ms
2024-11-15 10:01:37,738 - fl_main - INFO - client_dict[f_00002] training ...
2024-11-15 10:01:37,739 - client_base - INFO - client_dict[f_00002] training epoch : 0
2024-11-15 10:01:38,189 - client_base - INFO - local model train cost time : 0m:0s:449ms
2024-11-15 10:01:38,190 - client_base - INFO - model encode time : 0m:0s:1ms
2024-11-15 10:01:38,190 - fl_main - INFO - client_dict[f_00002] local model encrypting ...
2024-11-15 10:01:39,461 - fed_utils - INFO - encrypting key [conv1.weight].length : 150, cost time : 0m:1s:270ms
2024-11-15 10:01:39,514 - fed_utils - INFO - encrypting key [conv1.bias].length : 6, cost time : 0m:0s:52ms
2024-11-15 10:01:39,514 - fed_utils - INFO - load key [conv2.weight].length : 2400, cost time : 0m:0s:0ms
2024-11-15 10:01:39,514 - fed_utils - INFO - load key [conv2.bias].length : 16, cost time : 0m:0s:0ms
2024-11-15 10:01:39,515 - fed_utils - INFO - load key [fc1.weight].length : 48000, cost time : 0m:0s:0ms
2024-11-15 10:01:39,515 - fed_utils - INFO - load key [fc1.bias].length : 120, cost time : 0m:0s:0ms
2024-11-15 10:01:39,515 - fed_utils - INFO - load key [fc2.weight].length : 10080, cost time : 0m:0s:0ms
2024-11-15 10:01:39,515 - fed_utils - INFO - load key [fc2.bias].length : 84, cost time : 0m:0s:0ms
2024-11-15 10:01:46,828 - fed_utils - INFO - encrypting key [fc3.weight].length : 840, cost time : 0m:7s:312ms
2024-11-15 10:01:46,915 - fed_utils - INFO - encrypting key [fc3.bias].length : 10, cost time : 0m:0s:86ms
2024-11-15 10:01:46,915 - fl_main - INFO - Server receive client_dict[f_00002] info ...
2024-11-15 10:01:46,915 - fl_main - INFO - ----- client id [f_00003] -----
2024-11-15 10:01:46,916 - client_base - INFO - recover model cost time : 0m:0s:0ms
2024-11-15 10:01:46,917 - fl_main - INFO - client_dict[f_00003] training ...
2024-11-15 10:01:46,917 - client_base - INFO - client_dict[f_00003] training epoch : 0
2024-11-15 10:01:47,381 - client_base - INFO - local model train cost time : 0m:0s:463ms
2024-11-15 10:01:47,383 - client_base - INFO - model encode time : 0m:0s:1ms
2024-11-15 10:01:47,383 - fl_main - INFO - client_dict[f_00003] local model encrypting ...
2024-11-15 10:01:48,713 - fed_utils - INFO - encrypting key [conv1.weight].length : 150, cost time : 0m:1s:330ms
2024-11-15 10:01:48,770 - fed_utils - INFO - encrypting key [conv1.bias].length : 6, cost time : 0m:0s:56ms
2024-11-15 10:01:48,770 - fed_utils - INFO - load key [conv2.weight].length : 2400, cost time : 0m:0s:0ms
2024-11-15 10:01:48,770 - fed_utils - INFO - load key [conv2.bias].length : 16, cost time : 0m:0s:0ms
2024-11-15 10:01:48,771 - fed_utils - INFO - load key [fc1.weight].length : 48000, cost time : 0m:0s:0ms
2024-11-15 10:01:48,771 - fed_utils - INFO - load key [fc1.bias].length : 120, cost time : 0m:0s:0ms
2024-11-15 10:01:48,771 - fed_utils - INFO - load key [fc2.weight].length : 10080, cost time : 0m:0s:0ms
2024-11-15 10:01:48,771 - fed_utils - INFO - load key [fc2.bias].length : 84, cost time : 0m:0s:0ms
2024-11-15 10:01:56,421 - fed_utils - INFO - encrypting key [fc3.weight].length : 840, cost time : 0m:7s:649ms
2024-11-15 10:01:56,506 - fed_utils - INFO - encrypting key [fc3.bias].length : 10, cost time : 0m:0s:84ms
2024-11-15 10:01:56,506 - fl_main - INFO - Server receive client_dict[f_00003] info ...
2024-11-15 10:01:56,507 - fl_main - INFO - ----- client id [f_00004] -----
2024-11-15 10:01:56,508 - client_base - INFO - recover model cost time : 0m:0s:0ms
2024-11-15 10:01:56,508 - fl_main - INFO - client_dict[f_00004] training ...
2024-11-15 10:01:56,509 - client_base - INFO - client_dict[f_00004] training epoch : 0
2024-11-15 10:01:56,984 - client_base - INFO - local model train cost time : 0m:0s:475ms
2024-11-15 10:01:56,990 - client_base - INFO - model encode time : 0m:0s:5ms
2024-11-15 10:01:56,991 - fl_main - INFO - client_dict[f_00004] local model encrypting ...
2024-11-15 10:01:58,279 - fed_utils - INFO - encrypting key [conv1.weight].length : 150, cost time : 0m:1s:288ms
2024-11-15 10:01:58,329 - fed_utils - INFO - encrypting key [conv1.bias].length : 6, cost time : 0m:0s:49ms
2024-11-15 10:01:58,329 - fed_utils - INFO - load key [conv2.weight].length : 2400, cost time : 0m:0s:0ms
2024-11-15 10:01:58,329 - fed_utils - INFO - load key [conv2.bias].length : 16, cost time : 0m:0s:0ms
2024-11-15 10:01:58,330 - fed_utils - INFO - load key [fc1.weight].length : 48000, cost time : 0m:0s:0ms
2024-11-15 10:01:58,330 - fed_utils - INFO - load key [fc1.bias].length : 120, cost time : 0m:0s:0ms
2024-11-15 10:01:58,330 - fed_utils - INFO - load key [fc2.weight].length : 10080, cost time : 0m:0s:0ms
2024-11-15 10:01:58,331 - fed_utils - INFO - load key [fc2.bias].length : 84, cost time : 0m:0s:0ms
2024-11-15 10:02:05,616 - fed_utils - INFO - encrypting key [fc3.weight].length : 840, cost time : 0m:7s:285ms
2024-11-15 10:02:05,697 - fed_utils - INFO - encrypting key [fc3.bias].length : 10, cost time : 0m:0s:81ms
2024-11-15 10:02:05,697 - fl_main - INFO - Server receive client_dict[f_00004] info ...
2024-11-15 10:02:05,698 - fl_main - INFO - ----- client id [f_00005] -----
2024-11-15 10:02:05,700 - client_base - INFO - recover model cost time : 0m:0s:0ms
2024-11-15 10:02:05,700 - fl_main - INFO - client_dict[f_00005] training ...
2024-11-15 10:02:05,701 - client_base - INFO - client_dict[f_00005] training epoch : 0
2024-11-15 10:02:06,185 - client_base - INFO - local model train cost time : 0m:0s:484ms
2024-11-15 10:02:06,187 - client_base - INFO - model encode time : 0m:0s:1ms
2024-11-15 10:02:06,187 - fl_main - INFO - client_dict[f_00005] local model encrypting ...
2024-11-15 10:02:07,474 - fed_utils - INFO - encrypting key [conv1.weight].length : 150, cost time : 0m:1s:286ms
2024-11-15 10:02:07,522 - fed_utils - INFO - encrypting key [conv1.bias].length : 6, cost time : 0m:0s:48ms
2024-11-15 10:02:07,523 - fed_utils - INFO - load key [conv2.weight].length : 2400, cost time : 0m:0s:0ms
2024-11-15 10:02:07,523 - fed_utils - INFO - load key [conv2.bias].length : 16, cost time : 0m:0s:0ms
2024-11-15 10:02:07,524 - fed_utils - INFO - load key [fc1.weight].length : 48000, cost time : 0m:0s:0ms
2024-11-15 10:02:07,524 - fed_utils - INFO - load key [fc1.bias].length : 120, cost time : 0m:0s:0ms
2024-11-15 10:02:07,524 - fed_utils - INFO - load key [fc2.weight].length : 10080, cost time : 0m:0s:0ms
2024-11-15 10:02:07,524 - fed_utils - INFO - load key [fc2.bias].length : 84, cost time : 0m:0s:0ms
2024-11-15 10:02:14,802 - fed_utils - INFO - encrypting key [fc3.weight].length : 840, cost time : 0m:7s:277ms
2024-11-15 10:02:14,897 - fed_utils - INFO - encrypting key [fc3.bias].length : 10, cost time : 0m:0s:95ms
2024-11-15 10:02:14,898 - fl_main - INFO - Server receive client_dict[f_00005] info ...
2024-11-15 10:02:14,898 - fl_main - INFO - ----- client id [f_00006] -----
2024-11-15 10:02:14,902 - client_base - INFO - recover model cost time : 0m:0s:0ms
2024-11-15 10:02:14,902 - fl_main - INFO - client_dict[f_00006] training ...
2024-11-15 10:02:14,904 - client_base - INFO - client_dict[f_00006] training epoch : 0
2024-11-15 10:02:15,366 - client_base - INFO - local model train cost time : 0m:0s:461ms
2024-11-15 10:02:15,368 - client_base - INFO - model encode time : 0m:0s:1ms
2024-11-15 10:02:15,369 - fl_main - INFO - client_dict[f_00006] local model encrypting ...
2024-11-15 10:02:16,625 - fed_utils - INFO - encrypting key [conv1.weight].length : 150, cost time : 0m:1s:256ms
2024-11-15 10:02:16,675 - fed_utils - INFO - encrypting key [conv1.bias].length : 6, cost time : 0m:0s:49ms
2024-11-15 10:02:16,675 - fed_utils - INFO - load key [conv2.weight].length : 2400, cost time : 0m:0s:0ms
2024-11-15 10:02:16,675 - fed_utils - INFO - load key [conv2.bias].length : 16, cost time : 0m:0s:0ms
2024-11-15 10:02:16,676 - fed_utils - INFO - load key [fc1.weight].length : 48000, cost time : 0m:0s:0ms
2024-11-15 10:02:16,676 - fed_utils - INFO - load key [fc1.bias].length : 120, cost time : 0m:0s:0ms
2024-11-15 10:02:16,676 - fed_utils - INFO - load key [fc2.weight].length : 10080, cost time : 0m:0s:0ms
2024-11-15 10:02:16,676 - fed_utils - INFO - load key [fc2.bias].length : 84, cost time : 0m:0s:0ms
2024-11-15 10:02:23,700 - fed_utils - INFO - encrypting key [fc3.weight].length : 840, cost time : 0m:7s:23ms
2024-11-15 10:02:23,804 - fed_utils - INFO - encrypting key [fc3.bias].length : 10, cost time : 0m:0s:103ms
2024-11-15 10:02:23,804 - fl_main - INFO - Server receive client_dict[f_00006] info ...
2024-11-15 10:02:23,804 - fl_main - INFO - ----- client id [f_00007] -----
2024-11-15 10:02:23,814 - client_base - INFO - recover model cost time : 0m:0s:4ms
2024-11-15 10:02:23,821 - fl_main - INFO - client_dict[f_00007] training ...
2024-11-15 10:02:23,822 - client_base - INFO - client_dict[f_00007] training epoch : 0
2024-11-15 10:02:24,450 - client_base - INFO - local model train cost time : 0m:0s:628ms
2024-11-15 10:02:24,452 - client_base - INFO - model encode time : 0m:0s:1ms
2024-11-15 10:02:24,452 - fl_main - INFO - client_dict[f_00007] local model encrypting ...
2024-11-15 10:02:25,681 - fed_utils - INFO - encrypting key [conv1.weight].length : 150, cost time : 0m:1s:228ms
2024-11-15 10:02:25,729 - fed_utils - INFO - encrypting key [conv1.bias].length : 6, cost time : 0m:0s:48ms
2024-11-15 10:02:25,729 - fed_utils - INFO - load key [conv2.weight].length : 2400, cost time : 0m:0s:0ms
2024-11-15 10:02:25,730 - fed_utils - INFO - load key [conv2.bias].length : 16, cost time : 0m:0s:0ms
2024-11-15 10:02:25,731 - fed_utils - INFO - load key [fc1.weight].length : 48000, cost time : 0m:0s:1ms
2024-11-15 10:02:25,731 - fed_utils - INFO - load key [fc1.bias].length : 120, cost time : 0m:0s:0ms
2024-11-15 10:02:25,731 - fed_utils - INFO - load key [fc2.weight].length : 10080, cost time : 0m:0s:0ms
2024-11-15 10:02:25,731 - fed_utils - INFO - load key [fc2.bias].length : 84, cost time : 0m:0s:0ms
2024-11-15 10:02:32,917 - fed_utils - INFO - encrypting key [fc3.weight].length : 840, cost time : 0m:7s:185ms
2024-11-15 10:02:32,996 - fed_utils - INFO - encrypting key [fc3.bias].length : 10, cost time : 0m:0s:79ms
2024-11-15 10:02:32,997 - fl_main - INFO - Server receive client_dict[f_00007] info ...
2024-11-15 10:02:32,997 - fl_main - INFO - ----- client id [f_00008] -----
2024-11-15 10:02:32,998 - client_base - INFO - recover model cost time : 0m:0s:0ms
2024-11-15 10:02:33,808 - fl_main - INFO - global round [16] client_dict[f_00008].accuracy : 0.941700
2024-11-15 10:02:33,808 - fl_main - INFO - client_dict[f_00008] training ...
2024-11-15 10:02:33,809 - client_base - INFO - client_dict[f_00008] training epoch : 0
2024-11-15 10:02:34,226 - client_base - INFO - local model train cost time : 0m:0s:417ms
2024-11-15 10:02:34,228 - client_base - INFO - model encode time : 0m:0s:1ms
2024-11-15 10:02:34,228 - fl_main - INFO - client_dict[f_00008] local model encrypting ...
2024-11-15 10:02:35,432 - fed_utils - INFO - encrypting key [conv1.weight].length : 150, cost time : 0m:1s:203ms
2024-11-15 10:02:35,480 - fed_utils - INFO - encrypting key [conv1.bias].length : 6, cost time : 0m:0s:47ms
2024-11-15 10:02:35,480 - fed_utils - INFO - load key [conv2.weight].length : 2400, cost time : 0m:0s:0ms
2024-11-15 10:02:35,480 - fed_utils - INFO - load key [conv2.bias].length : 16, cost time : 0m:0s:0ms
2024-11-15 10:02:35,481 - fed_utils - INFO - load key [fc1.weight].length : 48000, cost time : 0m:0s:0ms
2024-11-15 10:02:35,481 - fed_utils - INFO - load key [fc1.bias].length : 120, cost time : 0m:0s:0ms
2024-11-15 10:02:35,481 - fed_utils - INFO - load key [fc2.weight].length : 10080, cost time : 0m:0s:0ms
2024-11-15 10:02:35,482 - fed_utils - INFO - load key [fc2.bias].length : 84, cost time : 0m:0s:0ms
2024-11-15 10:02:42,358 - fed_utils - INFO - encrypting key [fc3.weight].length : 840, cost time : 0m:6s:876ms
2024-11-15 10:02:42,438 - fed_utils - INFO - encrypting key [fc3.bias].length : 10, cost time : 0m:0s:79ms
2024-11-15 10:02:42,438 - fl_main - INFO - Server receive client_dict[f_00008] info ...
2024-11-15 10:02:42,438 - fl_main - INFO - ----- client id [f_00009] -----
2024-11-15 10:02:42,439 - client_base - INFO - recover model cost time : 0m:0s:0ms
2024-11-15 10:02:42,439 - fl_main - INFO - client_dict[f_00009] training ...
2024-11-15 10:02:42,440 - client_base - INFO - client_dict[f_00009] training epoch : 0
2024-11-15 10:02:42,854 - client_base - INFO - local model train cost time : 0m:0s:414ms
2024-11-15 10:02:42,856 - client_base - INFO - model encode time : 0m:0s:1ms
2024-11-15 10:02:42,856 - fl_main - INFO - client_dict[f_00009] local model encrypting ...
2024-11-15 10:02:44,058 - fed_utils - INFO - encrypting key [conv1.weight].length : 150, cost time : 0m:1s:202ms
2024-11-15 10:02:44,110 - fed_utils - INFO - encrypting key [conv1.bias].length : 6, cost time : 0m:0s:51ms
2024-11-15 10:02:44,110 - fed_utils - INFO - load key [conv2.weight].length : 2400, cost time : 0m:0s:0ms
2024-11-15 10:02:44,110 - fed_utils - INFO - load key [conv2.bias].length : 16, cost time : 0m:0s:0ms
2024-11-15 10:02:44,111 - fed_utils - INFO - load key [fc1.weight].length : 48000, cost time : 0m:0s:1ms
2024-11-15 10:02:44,112 - fed_utils - INFO - load key [fc1.bias].length : 120, cost time : 0m:0s:0ms
2024-11-15 10:02:44,112 - fed_utils - INFO - load key [fc2.weight].length : 10080, cost time : 0m:0s:0ms
2024-11-15 10:02:44,112 - fed_utils - INFO - load key [fc2.bias].length : 84, cost time : 0m:0s:0ms
2024-11-15 10:02:51,235 - fed_utils - INFO - encrypting key [fc3.weight].length : 840, cost time : 0m:7s:122ms
2024-11-15 10:02:51,315 - fed_utils - INFO - encrypting key [fc3.bias].length : 10, cost time : 0m:0s:80ms
2024-11-15 10:02:51,316 - fl_main - INFO - Server receive client_dict[f_00009] info ...
2024-11-15 10:02:51,316 - fl_main - INFO - ----- client id [f_00010] -----
2024-11-15 10:02:51,317 - client_base - INFO - recover model cost time : 0m:0s:0ms
2024-11-15 10:02:51,317 - fl_main - INFO - client_dict[f_00010] training ...
2024-11-15 10:02:51,318 - client_base - INFO - client_dict[f_00010] training epoch : 0
2024-11-15 10:02:51,769 - client_base - INFO - local model train cost time : 0m:0s:451ms
2024-11-15 10:02:51,771 - client_base - INFO - model encode time : 0m:0s:1ms
2024-11-15 10:02:51,771 - fl_main - INFO - client_dict[f_00010] local model encrypting ...
2024-11-15 10:02:52,969 - fed_utils - INFO - encrypting key [conv1.weight].length : 150, cost time : 0m:1s:197ms
2024-11-15 10:02:53,017 - fed_utils - INFO - encrypting key [conv1.bias].length : 6, cost time : 0m:0s:47ms
2024-11-15 10:02:53,017 - fed_utils - INFO - load key [conv2.weight].length : 2400, cost time : 0m:0s:0ms
2024-11-15 10:02:53,017 - fed_utils - INFO - load key [conv2.bias].length : 16, cost time : 0m:0s:0ms
2024-11-15 10:02:53,018 - fed_utils - INFO - load key [fc1.weight].length : 48000, cost time : 0m:0s:0ms
2024-11-15 10:02:53,018 - fed_utils - INFO - load key [fc1.bias].length : 120, cost time : 0m:0s:0ms
2024-11-15 10:02:53,018 - fed_utils - INFO - load key [fc2.weight].length : 10080, cost time : 0m:0s:0ms
2024-11-15 10:02:53,019 - fed_utils - INFO - load key [fc2.bias].length : 84, cost time : 0m:0s:0ms
2024-11-15 10:02:59,907 - fed_utils - INFO - encrypting key [fc3.weight].length : 840, cost time : 0m:6s:888ms
2024-11-15 10:02:59,987 - fed_utils - INFO - encrypting key [fc3.bias].length : 10, cost time : 0m:0s:79ms
2024-11-15 10:02:59,987 - fl_main - INFO - Server receive client_dict[f_00010] info ...
2024-11-15 10:02:59,987 - fl_main - INFO - ----- client id [f_00011] -----
2024-11-15 10:02:59,989 - client_base - INFO - recover model cost time : 0m:0s:0ms
2024-11-15 10:02:59,989 - fl_main - INFO - client_dict[f_00011] training ...
2024-11-15 10:02:59,989 - client_base - INFO - client_dict[f_00011] training epoch : 0
2024-11-15 10:03:00,423 - client_base - INFO - local model train cost time : 0m:0s:433ms
2024-11-15 10:03:00,424 - client_base - INFO - model encode time : 0m:0s:1ms
2024-11-15 10:03:00,425 - fl_main - INFO - client_dict[f_00011] local model encrypting ...
2024-11-15 10:03:01,635 - fed_utils - INFO - encrypting key [conv1.weight].length : 150, cost time : 0m:1s:210ms
2024-11-15 10:03:01,683 - fed_utils - INFO - encrypting key [conv1.bias].length : 6, cost time : 0m:0s:48ms
2024-11-15 10:03:01,684 - fed_utils - INFO - load key [conv2.weight].length : 2400, cost time : 0m:0s:0ms
2024-11-15 10:03:01,684 - fed_utils - INFO - load key [conv2.bias].length : 16, cost time : 0m:0s:0ms
2024-11-15 10:03:01,685 - fed_utils - INFO - load key [fc1.weight].length : 48000, cost time : 0m:0s:0ms
2024-11-15 10:03:01,685 - fed_utils - INFO - load key [fc1.bias].length : 120, cost time : 0m:0s:0ms
2024-11-15 10:03:01,685 - fed_utils - INFO - load key [fc2.weight].length : 10080, cost time : 0m:0s:0ms
2024-11-15 10:03:01,685 - fed_utils - INFO - load key [fc2.bias].length : 84, cost time : 0m:0s:0ms
2024-11-15 10:03:08,489 - fed_utils - INFO - encrypting key [fc3.weight].length : 840, cost time : 0m:6s:803ms
2024-11-15 10:03:08,568 - fed_utils - INFO - encrypting key [fc3.bias].length : 10, cost time : 0m:0s:79ms
2024-11-15 10:03:08,568 - fl_main - INFO - Server receive client_dict[f_00011] info ...
2024-11-15 10:03:08,569 - fl_main - INFO - ----- client id [f_00012] -----
2024-11-15 10:03:08,570 - client_base - INFO - recover model cost time : 0m:0s:0ms
2024-11-15 10:03:08,570 - fl_main - INFO - client_dict[f_00012] training ...
2024-11-15 10:03:08,571 - client_base - INFO - client_dict[f_00012] training epoch : 0
2024-11-15 10:03:09,104 - client_base - INFO - local model train cost time : 0m:0s:533ms
2024-11-15 10:03:09,106 - client_base - INFO - model encode time : 0m:0s:1ms
2024-11-15 10:03:09,107 - fl_main - INFO - client_dict[f_00012] local model encrypting ...
2024-11-15 10:03:10,315 - fed_utils - INFO - encrypting key [conv1.weight].length : 150, cost time : 0m:1s:208ms
2024-11-15 10:03:10,363 - fed_utils - INFO - encrypting key [conv1.bias].length : 6, cost time : 0m:0s:47ms
2024-11-15 10:03:10,363 - fed_utils - INFO - load key [conv2.weight].length : 2400, cost time : 0m:0s:0ms
2024-11-15 10:03:10,363 - fed_utils - INFO - load key [conv2.bias].length : 16, cost time : 0m:0s:0ms
2024-11-15 10:03:10,364 - fed_utils - INFO - load key [fc1.weight].length : 48000, cost time : 0m:0s:0ms
2024-11-15 10:03:10,364 - fed_utils - INFO - load key [fc1.bias].length : 120, cost time : 0m:0s:0ms
2024-11-15 10:03:10,365 - fed_utils - INFO - load key [fc2.weight].length : 10080, cost time : 0m:0s:0ms
2024-11-15 10:03:10,365 - fed_utils - INFO - load key [fc2.bias].length : 84, cost time : 0m:0s:0ms
2024-11-15 10:03:17,106 - fed_utils - INFO - encrypting key [fc3.weight].length : 840, cost time : 0m:6s:741ms
2024-11-15 10:03:17,186 - fed_utils - INFO - encrypting key [fc3.bias].length : 10, cost time : 0m:0s:79ms
2024-11-15 10:03:17,186 - fl_main - INFO - Server receive client_dict[f_00012] info ...
2024-11-15 10:03:17,186 - fl_main - INFO - ----- client id [f_00013] -----
2024-11-15 10:03:17,187 - client_base - INFO - recover model cost time : 0m:0s:0ms
2024-11-15 10:03:17,187 - fl_main - INFO - client_dict[f_00013] training ...
2024-11-15 10:03:17,188 - client_base - INFO - client_dict[f_00013] training epoch : 0
2024-11-15 10:03:17,621 - client_base - INFO - local model train cost time : 0m:0s:432ms
2024-11-15 10:03:17,622 - client_base - INFO - model encode time : 0m:0s:1ms
2024-11-15 10:03:17,623 - fl_main - INFO - client_dict[f_00013] local model encrypting ...
2024-11-15 10:03:18,822 - fed_utils - INFO - encrypting key [conv1.weight].length : 150, cost time : 0m:1s:199ms
2024-11-15 10:03:18,870 - fed_utils - INFO - encrypting key [conv1.bias].length : 6, cost time : 0m:0s:47ms
2024-11-15 10:03:18,870 - fed_utils - INFO - load key [conv2.weight].length : 2400, cost time : 0m:0s:0ms
2024-11-15 10:03:18,870 - fed_utils - INFO - load key [conv2.bias].length : 16, cost time : 0m:0s:0ms
2024-11-15 10:03:18,871 - fed_utils - INFO - load key [fc1.weight].length : 48000, cost time : 0m:0s:0ms
2024-11-15 10:03:18,871 - fed_utils - INFO - load key [fc1.bias].length : 120, cost time : 0m:0s:0ms
2024-11-15 10:03:18,872 - fed_utils - INFO - load key [fc2.weight].length : 10080, cost time : 0m:0s:0ms
2024-11-15 10:03:18,872 - fed_utils - INFO - load key [fc2.bias].length : 84, cost time : 0m:0s:0ms
2024-11-15 10:03:25,857 - fed_utils - INFO - encrypting key [fc3.weight].length : 840, cost time : 0m:6s:984ms
2024-11-15 10:03:25,936 - fed_utils - INFO - encrypting key [fc3.bias].length : 10, cost time : 0m:0s:79ms
2024-11-15 10:03:25,936 - fl_main - INFO - Server receive client_dict[f_00013] info ...
2024-11-15 10:03:25,936 - fl_main - INFO - ----- client id [f_00014] -----
2024-11-15 10:03:25,938 - client_base - INFO - recover model cost time : 0m:0s:0ms
2024-11-15 10:03:25,938 - fl_main - INFO - client_dict[f_00014] training ...
2024-11-15 10:03:25,938 - client_base - INFO - client_dict[f_00014] training epoch : 0
2024-11-15 10:03:26,359 - client_base - INFO - local model train cost time : 0m:0s:420ms
2024-11-15 10:03:26,360 - client_base - INFO - model encode time : 0m:0s:1ms
2024-11-15 10:03:26,360 - fl_main - INFO - client_dict[f_00014] local model encrypting ...
2024-11-15 10:03:27,557 - fed_utils - INFO - encrypting key [conv1.weight].length : 150, cost time : 0m:1s:196ms
2024-11-15 10:03:27,605 - fed_utils - INFO - encrypting key [conv1.bias].length : 6, cost time : 0m:0s:47ms
2024-11-15 10:03:27,605 - fed_utils - INFO - load key [conv2.weight].length : 2400, cost time : 0m:0s:0ms
2024-11-15 10:03:27,605 - fed_utils - INFO - load key [conv2.bias].length : 16, cost time : 0m:0s:0ms
2024-11-15 10:03:27,606 - fed_utils - INFO - load key [fc1.weight].length : 48000, cost time : 0m:0s:0ms
2024-11-15 10:03:27,606 - fed_utils - INFO - load key [fc1.bias].length : 120, cost time : 0m:0s:0ms
2024-11-15 10:03:27,606 - fed_utils - INFO - load key [fc2.weight].length : 10080, cost time : 0m:0s:0ms
2024-11-15 10:03:27,606 - fed_utils - INFO - load key [fc2.bias].length : 84, cost time : 0m:0s:0ms
2024-11-15 10:03:34,465 - fed_utils - INFO - encrypting key [fc3.weight].length : 840, cost time : 0m:6s:858ms
2024-11-15 10:03:34,545 - fed_utils - INFO - encrypting key [fc3.bias].length : 10, cost time : 0m:0s:79ms
2024-11-15 10:03:34,545 - fl_main - INFO - Server receive client_dict[f_00014] info ...
2024-11-15 10:03:34,545 - fl_main - INFO - global aggregation process ...
2024-11-15 10:03:34,545 - fed_utils - INFO - server.n_data : 60000
2024-11-15 10:03:34,545 - fed_utils - INFO - client_dict[f_00000].weight : 0.066667
2024-11-15 10:03:34,546 - fed_utils - INFO - client_dict[f_00001].weight : 0.066667
2024-11-15 10:03:34,546 - fed_utils - INFO - client_dict[f_00002].weight : 0.066667
2024-11-15 10:03:34,546 - fed_utils - INFO - client_dict[f_00003].weight : 0.066667
2024-11-15 10:03:34,546 - fed_utils - INFO - client_dict[f_00004].weight : 0.066667
2024-11-15 10:03:34,546 - fed_utils - INFO - client_dict[f_00005].weight : 0.066667
2024-11-15 10:03:34,546 - fed_utils - INFO - client_dict[f_00006].weight : 0.066667
2024-11-15 10:03:34,546 - fed_utils - INFO - client_dict[f_00007].weight : 0.066667
2024-11-15 10:03:34,546 - fed_utils - INFO - client_dict[f_00008].weight : 0.066667
2024-11-15 10:03:34,546 - fed_utils - INFO - client_dict[f_00009].weight : 0.066667
2024-11-15 10:03:34,546 - fed_utils - INFO - client_dict[f_00010].weight : 0.066667
2024-11-15 10:03:34,546 - fed_utils - INFO - client_dict[f_00011].weight : 0.066667
2024-11-15 10:03:34,546 - fed_utils - INFO - client_dict[f_00012].weight : 0.066667
2024-11-15 10:03:34,546 - fed_utils - INFO - client_dict[f_00013].weight : 0.066667
2024-11-15 10:03:34,546 - fed_utils - INFO - client_dict[f_00014].weight : 0.066667
2024-11-15 10:03:34,546 - fed_utils - INFO - recover secret number by clients: 1052426.333333
2024-11-15 10:03:34,546 - server_base - INFO - Server aggregate model with homomorphic encryption ...
2024-11-15 10:03:39,401 - server_base - INFO - Server aggregate model done, cost time : 0m:4s:854ms
2024-11-15 10:03:39,745 - fed_utils - INFO - decrypting key [conv1.weight].shape [torch.Size([6, 1, 5, 5])]
2024-11-15 10:03:39,758 - fed_utils - INFO - decrypting key [conv1.bias].shape [torch.Size([6])]
2024-11-15 10:03:39,759 - fed_utils - INFO - decrypting key [conv2.weight].shape [torch.Size([16, 6, 5, 5])]
2024-11-15 10:03:39,759 - fed_utils - INFO - decrypting key [conv2.bias].shape [torch.Size([16])]
2024-11-15 10:03:39,759 - fed_utils - INFO - decrypting key [fc1.weight].shape [torch.Size([120, 400])]
2024-11-15 10:03:39,759 - fed_utils - INFO - decrypting key [fc1.bias].shape [torch.Size([120])]
2024-11-15 10:03:39,759 - fed_utils - INFO - decrypting key [fc2.weight].shape [torch.Size([84, 120])]
2024-11-15 10:03:39,759 - fed_utils - INFO - decrypting key [fc2.bias].shape [torch.Size([84])]
2024-11-15 10:03:41,691 - fed_utils - INFO - decrypting key [fc3.weight].shape [torch.Size([10, 84])]
2024-11-15 10:03:41,714 - fed_utils - INFO - decrypting key [fc3.bias].shape [torch.Size([10])]
2024-11-15 10:03:41,714 - fed_utils - INFO - decrypt time : [0m:2s:313ms]
2024-11-15 10:03:41,722 - fl_main - INFO - [global round : 16] aggregated model accuracy : 0.9417000000000001
2024-11-15 10:03:41,722 - fl_main - INFO - [global round : 16] aggregated model loss : 0.1863347197805112
2024-11-15 10:03:41,723 - fl_main - INFO - global round : 17
2024-11-15 10:03:41,723 - fl_main - INFO - the random client id to test accuracy : f_00004
2024-11-15 10:03:41,723 - fl_main - INFO - ----- client id [f_00000] -----
2024-11-15 10:03:41,724 - client_base - INFO - recover model cost time : 0m:0s:0ms
2024-11-15 10:03:41,725 - fl_main - INFO - client_dict[f_00000] training ...
2024-11-15 10:03:41,725 - client_base - INFO - client_dict[f_00000] training epoch : 0
2024-11-15 10:03:42,146 - client_base - INFO - local model train cost time : 0m:0s:420ms
2024-11-15 10:03:42,147 - client_base - INFO - model encode time : 0m:0s:1ms
2024-11-15 10:03:42,148 - fl_main - INFO - client_dict[f_00000] local model encrypting ...
2024-11-15 10:03:43,338 - fed_utils - INFO - encrypting key [conv1.weight].length : 150, cost time : 0m:1s:190ms
2024-11-15 10:03:43,386 - fed_utils - INFO - encrypting key [conv1.bias].length : 6, cost time : 0m:0s:47ms
2024-11-15 10:03:43,387 - fed_utils - INFO - load key [conv2.weight].length : 2400, cost time : 0m:0s:0ms
2024-11-15 10:03:43,387 - fed_utils - INFO - load key [conv2.bias].length : 16, cost time : 0m:0s:0ms
2024-11-15 10:03:43,388 - fed_utils - INFO - load key [fc1.weight].length : 48000, cost time : 0m:0s:1ms
2024-11-15 10:03:43,388 - fed_utils - INFO - load key [fc1.bias].length : 120, cost time : 0m:0s:0ms
2024-11-15 10:03:43,388 - fed_utils - INFO - load key [fc2.weight].length : 10080, cost time : 0m:0s:0ms
2024-11-15 10:03:43,388 - fed_utils - INFO - load key [fc2.bias].length : 84, cost time : 0m:0s:0ms
2024-11-15 10:03:50,060 - fed_utils - INFO - encrypting key [fc3.weight].length : 840, cost time : 0m:6s:672ms
2024-11-15 10:03:50,140 - fed_utils - INFO - encrypting key [fc3.bias].length : 10, cost time : 0m:0s:79ms
2024-11-15 10:03:50,141 - fl_main - INFO - Server receive client_dict[f_00000] info ...
2024-11-15 10:03:50,141 - fl_main - INFO - ----- client id [f_00001] -----
2024-11-15 10:03:50,142 - client_base - INFO - recover model cost time : 0m:0s:0ms
2024-11-15 10:03:50,142 - fl_main - INFO - client_dict[f_00001] training ...
2024-11-15 10:03:50,143 - client_base - INFO - client_dict[f_00001] training epoch : 0
2024-11-15 10:03:50,556 - client_base - INFO - local model train cost time : 0m:0s:413ms
2024-11-15 10:03:50,557 - client_base - INFO - model encode time : 0m:0s:1ms
2024-11-15 10:03:50,558 - fl_main - INFO - client_dict[f_00001] local model encrypting ...
2024-11-15 10:03:51,748 - fed_utils - INFO - encrypting key [conv1.weight].length : 150, cost time : 0m:1s:190ms
2024-11-15 10:03:51,796 - fed_utils - INFO - encrypting key [conv1.bias].length : 6, cost time : 0m:0s:47ms
2024-11-15 10:03:51,796 - fed_utils - INFO - load key [conv2.weight].length : 2400, cost time : 0m:0s:0ms
2024-11-15 10:03:51,796 - fed_utils - INFO - load key [conv2.bias].length : 16, cost time : 0m:0s:0ms
2024-11-15 10:03:51,797 - fed_utils - INFO - load key [fc1.weight].length : 48000, cost time : 0m:0s:0ms
2024-11-15 10:03:51,797 - fed_utils - INFO - load key [fc1.bias].length : 120, cost time : 0m:0s:0ms
2024-11-15 10:03:51,798 - fed_utils - INFO - load key [fc2.weight].length : 10080, cost time : 0m:0s:0ms
2024-11-15 10:03:51,798 - fed_utils - INFO - load key [fc2.bias].length : 84, cost time : 0m:0s:0ms
2024-11-15 10:03:58,496 - fed_utils - INFO - encrypting key [fc3.weight].length : 840, cost time : 0m:6s:698ms
2024-11-15 10:03:58,576 - fed_utils - INFO - encrypting key [fc3.bias].length : 10, cost time : 0m:0s:79ms
2024-11-15 10:03:58,576 - fl_main - INFO - Server receive client_dict[f_00001] info ...
2024-11-15 10:03:58,576 - fl_main - INFO - ----- client id [f_00002] -----
2024-11-15 10:03:58,577 - client_base - INFO - recover model cost time : 0m:0s:0ms
2024-11-15 10:03:58,578 - fl_main - INFO - client_dict[f_00002] training ...
2024-11-15 10:03:58,578 - client_base - INFO - client_dict[f_00002] training epoch : 0
2024-11-15 10:03:59,005 - client_base - INFO - local model train cost time : 0m:0s:427ms
2024-11-15 10:03:59,007 - client_base - INFO - model encode time : 0m:0s:1ms
2024-11-15 10:03:59,007 - fl_main - INFO - client_dict[f_00002] local model encrypting ...
2024-11-15 10:04:00,219 - fed_utils - INFO - encrypting key [conv1.weight].length : 150, cost time : 0m:1s:211ms
2024-11-15 10:04:00,269 - fed_utils - INFO - encrypting key [conv1.bias].length : 6, cost time : 0m:0s:50ms
2024-11-15 10:04:00,269 - fed_utils - INFO - load key [conv2.weight].length : 2400, cost time : 0m:0s:0ms
2024-11-15 10:04:00,269 - fed_utils - INFO - load key [conv2.bias].length : 16, cost time : 0m:0s:0ms
2024-11-15 10:04:00,270 - fed_utils - INFO - load key [fc1.weight].length : 48000, cost time : 0m:0s:1ms
2024-11-15 10:04:00,270 - fed_utils - INFO - load key [fc1.bias].length : 120, cost time : 0m:0s:0ms
2024-11-15 10:04:00,271 - fed_utils - INFO - load key [fc2.weight].length : 10080, cost time : 0m:0s:0ms
2024-11-15 10:04:00,271 - fed_utils - INFO - load key [fc2.bias].length : 84, cost time : 0m:0s:0ms
2024-11-15 10:04:07,322 - fed_utils - INFO - encrypting key [fc3.weight].length : 840, cost time : 0m:7s:51ms
2024-11-15 10:04:07,402 - fed_utils - INFO - encrypting key [fc3.bias].length : 10, cost time : 0m:0s:79ms
2024-11-15 10:04:07,402 - fl_main - INFO - Server receive client_dict[f_00002] info ...
2024-11-15 10:04:07,402 - fl_main - INFO - ----- client id [f_00003] -----
2024-11-15 10:04:07,403 - client_base - INFO - recover model cost time : 0m:0s:0ms
2024-11-15 10:04:07,404 - fl_main - INFO - client_dict[f_00003] training ...
2024-11-15 10:04:07,404 - client_base - INFO - client_dict[f_00003] training epoch : 0
2024-11-15 10:04:07,811 - client_base - INFO - local model train cost time : 0m:0s:406ms
2024-11-15 10:04:07,813 - client_base - INFO - model encode time : 0m:0s:1ms
2024-11-15 10:04:07,813 - fl_main - INFO - client_dict[f_00003] local model encrypting ...
2024-11-15 10:04:09,010 - fed_utils - INFO - encrypting key [conv1.weight].length : 150, cost time : 0m:1s:197ms
2024-11-15 10:04:09,061 - fed_utils - INFO - encrypting key [conv1.bias].length : 6, cost time : 0m:0s:49ms
2024-11-15 10:04:09,061 - fed_utils - INFO - load key [conv2.weight].length : 2400, cost time : 0m:0s:0ms
2024-11-15 10:04:09,061 - fed_utils - INFO - load key [conv2.bias].length : 16, cost time : 0m:0s:0ms
2024-11-15 10:04:09,062 - fed_utils - INFO - load key [fc1.weight].length : 48000, cost time : 0m:0s:1ms
2024-11-15 10:04:09,062 - fed_utils - INFO - load key [fc1.bias].length : 120, cost time : 0m:0s:0ms
2024-11-15 10:04:09,063 - fed_utils - INFO - load key [fc2.weight].length : 10080, cost time : 0m:0s:0ms
2024-11-15 10:04:09,063 - fed_utils - INFO - load key [fc2.bias].length : 84, cost time : 0m:0s:0ms
2024-11-15 10:04:16,158 - fed_utils - INFO - encrypting key [fc3.weight].length : 840, cost time : 0m:7s:95ms
2024-11-15 10:04:16,262 - fed_utils - INFO - encrypting key [fc3.bias].length : 10, cost time : 0m:0s:103ms
2024-11-15 10:04:16,262 - fl_main - INFO - Server receive client_dict[f_00003] info ...
2024-11-15 10:04:16,262 - fl_main - INFO - ----- client id [f_00004] -----
2024-11-15 10:04:16,263 - client_base - INFO - recover model cost time : 0m:0s:0ms
2024-11-15 10:04:17,098 - fl_main - INFO - global round [17] client_dict[f_00004].accuracy : 0.944500
2024-11-15 10:04:17,098 - fl_main - INFO - client_dict[f_00004] training ...
2024-11-15 10:04:17,098 - client_base - INFO - client_dict[f_00004] training epoch : 0
2024-11-15 10:04:17,525 - client_base - INFO - local model train cost time : 0m:0s:426ms
2024-11-15 10:04:17,527 - client_base - INFO - model encode time : 0m:0s:1ms
2024-11-15 10:04:17,527 - fl_main - INFO - client_dict[f_00004] local model encrypting ...
2024-11-15 10:04:18,736 - fed_utils - INFO - encrypting key [conv1.weight].length : 150, cost time : 0m:1s:208ms
2024-11-15 10:04:18,784 - fed_utils - INFO - encrypting key [conv1.bias].length : 6, cost time : 0m:0s:47ms
2024-11-15 10:04:18,784 - fed_utils - INFO - load key [conv2.weight].length : 2400, cost time : 0m:0s:0ms
2024-11-15 10:04:18,784 - fed_utils - INFO - load key [conv2.bias].length : 16, cost time : 0m:0s:0ms
2024-11-15 10:04:18,785 - fed_utils - INFO - load key [fc1.weight].length : 48000, cost time : 0m:0s:0ms
2024-11-15 10:04:18,785 - fed_utils - INFO - load key [fc1.bias].length : 120, cost time : 0m:0s:0ms
2024-11-15 10:04:18,785 - fed_utils - INFO - load key [fc2.weight].length : 10080, cost time : 0m:0s:0ms
2024-11-15 10:04:18,785 - fed_utils - INFO - load key [fc2.bias].length : 84, cost time : 0m:0s:0ms
2024-11-15 10:04:25,566 - fed_utils - INFO - encrypting key [fc3.weight].length : 840, cost time : 0m:6s:780ms
2024-11-15 10:04:25,647 - fed_utils - INFO - encrypting key [fc3.bias].length : 10, cost time : 0m:0s:80ms
2024-11-15 10:04:25,647 - fl_main - INFO - Server receive client_dict[f_00004] info ...
2024-11-15 10:04:25,647 - fl_main - INFO - ----- client id [f_00005] -----
2024-11-15 10:04:25,648 - client_base - INFO - recover model cost time : 0m:0s:0ms
2024-11-15 10:04:25,649 - fl_main - INFO - client_dict[f_00005] training ...
2024-11-15 10:04:25,649 - client_base - INFO - client_dict[f_00005] training epoch : 0
2024-11-15 10:04:26,075 - client_base - INFO - local model train cost time : 0m:0s:425ms
2024-11-15 10:04:26,076 - client_base - INFO - model encode time : 0m:0s:1ms
2024-11-15 10:04:26,077 - fl_main - INFO - client_dict[f_00005] local model encrypting ...
2024-11-15 10:04:27,273 - fed_utils - INFO - encrypting key [conv1.weight].length : 150, cost time : 0m:1s:196ms
2024-11-15 10:04:27,322 - fed_utils - INFO - encrypting key [conv1.bias].length : 6, cost time : 0m:0s:48ms
2024-11-15 10:04:27,322 - fed_utils - INFO - load key [conv2.weight].length : 2400, cost time : 0m:0s:0ms
2024-11-15 10:04:27,322 - fed_utils - INFO - load key [conv2.bias].length : 16, cost time : 0m:0s:0ms
2024-11-15 10:04:27,323 - fed_utils - INFO - load key [fc1.weight].length : 48000, cost time : 0m:0s:0ms
2024-11-15 10:04:27,323 - fed_utils - INFO - load key [fc1.bias].length : 120, cost time : 0m:0s:0ms
2024-11-15 10:04:27,323 - fed_utils - INFO - load key [fc2.weight].length : 10080, cost time : 0m:0s:0ms
2024-11-15 10:04:27,323 - fed_utils - INFO - load key [fc2.bias].length : 84, cost time : 0m:0s:0ms
2024-11-15 10:04:34,421 - fed_utils - INFO - encrypting key [fc3.weight].length : 840, cost time : 0m:7s:97ms
2024-11-15 10:04:34,501 - fed_utils - INFO - encrypting key [fc3.bias].length : 10, cost time : 0m:0s:80ms
2024-11-15 10:04:34,501 - fl_main - INFO - Server receive client_dict[f_00005] info ...
2024-11-15 10:04:34,502 - fl_main - INFO - ----- client id [f_00006] -----
2024-11-15 10:04:34,503 - client_base - INFO - recover model cost time : 0m:0s:0ms
2024-11-15 10:04:34,503 - fl_main - INFO - client_dict[f_00006] training ...
2024-11-15 10:04:34,504 - client_base - INFO - client_dict[f_00006] training epoch : 0
2024-11-15 10:04:35,038 - client_base - INFO - local model train cost time : 0m:0s:534ms
2024-11-15 10:04:35,039 - client_base - INFO - model encode time : 0m:0s:1ms
2024-11-15 10:04:35,039 - fl_main - INFO - client_dict[f_00006] local model encrypting ...
2024-11-15 10:04:36,241 - fed_utils - INFO - encrypting key [conv1.weight].length : 150, cost time : 0m:1s:201ms
2024-11-15 10:04:36,289 - fed_utils - INFO - encrypting key [conv1.bias].length : 6, cost time : 0m:0s:47ms
2024-11-15 10:04:36,289 - fed_utils - INFO - load key [conv2.weight].length : 2400, cost time : 0m:0s:0ms
2024-11-15 10:04:36,289 - fed_utils - INFO - load key [conv2.bias].length : 16, cost time : 0m:0s:0ms
2024-11-15 10:04:36,290 - fed_utils - INFO - load key [fc1.weight].length : 48000, cost time : 0m:0s:0ms
2024-11-15 10:04:36,290 - fed_utils - INFO - load key [fc1.bias].length : 120, cost time : 0m:0s:0ms
2024-11-15 10:04:36,291 - fed_utils - INFO - load key [fc2.weight].length : 10080, cost time : 0m:0s:0ms
2024-11-15 10:04:36,291 - fed_utils - INFO - load key [fc2.bias].length : 84, cost time : 0m:0s:0ms
2024-11-15 10:04:43,216 - fed_utils - INFO - encrypting key [fc3.weight].length : 840, cost time : 0m:6s:925ms
2024-11-15 10:04:43,297 - fed_utils - INFO - encrypting key [fc3.bias].length : 10, cost time : 0m:0s:80ms
2024-11-15 10:04:43,297 - fl_main - INFO - Server receive client_dict[f_00006] info ...
2024-11-15 10:04:43,297 - fl_main - INFO - ----- client id [f_00007] -----
2024-11-15 10:04:43,298 - client_base - INFO - recover model cost time : 0m:0s:0ms
2024-11-15 10:04:43,298 - fl_main - INFO - client_dict[f_00007] training ...
2024-11-15 10:04:43,299 - client_base - INFO - client_dict[f_00007] training epoch : 0
2024-11-15 10:04:43,719 - client_base - INFO - local model train cost time : 0m:0s:420ms
2024-11-15 10:04:43,721 - client_base - INFO - model encode time : 0m:0s:1ms
2024-11-15 10:04:43,721 - fl_main - INFO - client_dict[f_00007] local model encrypting ...
2024-11-15 10:04:44,920 - fed_utils - INFO - encrypting key [conv1.weight].length : 150, cost time : 0m:1s:199ms
2024-11-15 10:04:44,968 - fed_utils - INFO - encrypting key [conv1.bias].length : 6, cost time : 0m:0s:48ms
2024-11-15 10:04:44,969 - fed_utils - INFO - load key [conv2.weight].length : 2400, cost time : 0m:0s:0ms
2024-11-15 10:04:44,969 - fed_utils - INFO - load key [conv2.bias].length : 16, cost time : 0m:0s:0ms
2024-11-15 10:04:44,970 - fed_utils - INFO - load key [fc1.weight].length : 48000, cost time : 0m:0s:0ms
2024-11-15 10:04:44,970 - fed_utils - INFO - load key [fc1.bias].length : 120, cost time : 0m:0s:0ms
2024-11-15 10:04:44,970 - fed_utils - INFO - load key [fc2.weight].length : 10080, cost time : 0m:0s:0ms
2024-11-15 10:04:44,970 - fed_utils - INFO - load key [fc2.bias].length : 84, cost time : 0m:0s:0ms
2024-11-15 10:04:51,857 - fed_utils - INFO - encrypting key [fc3.weight].length : 840, cost time : 0m:6s:886ms
2024-11-15 10:04:51,936 - fed_utils - INFO - encrypting key [fc3.bias].length : 10, cost time : 0m:0s:79ms
2024-11-15 10:04:51,937 - fl_main - INFO - Server receive client_dict[f_00007] info ...
2024-11-15 10:04:51,937 - fl_main - INFO - ----- client id [f_00008] -----
2024-11-15 10:04:51,938 - client_base - INFO - recover model cost time : 0m:0s:0ms
2024-11-15 10:04:51,938 - fl_main - INFO - client_dict[f_00008] training ...
2024-11-15 10:04:51,939 - client_base - INFO - client_dict[f_00008] training epoch : 0
2024-11-15 10:04:52,383 - client_base - INFO - local model train cost time : 0m:0s:444ms
2024-11-15 10:04:52,384 - client_base - INFO - model encode time : 0m:0s:1ms
2024-11-15 10:04:52,385 - fl_main - INFO - client_dict[f_00008] local model encrypting ...
2024-11-15 10:04:53,747 - fed_utils - INFO - encrypting key [conv1.weight].length : 150, cost time : 0m:1s:362ms
2024-11-15 10:04:53,795 - fed_utils - INFO - encrypting key [conv1.bias].length : 6, cost time : 0m:0s:47ms
2024-11-15 10:04:53,795 - fed_utils - INFO - load key [conv2.weight].length : 2400, cost time : 0m:0s:0ms
2024-11-15 10:04:53,795 - fed_utils - INFO - load key [conv2.bias].length : 16, cost time : 0m:0s:0ms
2024-11-15 10:04:53,796 - fed_utils - INFO - load key [fc1.weight].length : 48000, cost time : 0m:0s:0ms
2024-11-15 10:04:53,797 - fed_utils - INFO - load key [fc1.bias].length : 120, cost time : 0m:0s:0ms
2024-11-15 10:04:53,797 - fed_utils - INFO - load key [fc2.weight].length : 10080, cost time : 0m:0s:0ms
2024-11-15 10:04:53,797 - fed_utils - INFO - load key [fc2.bias].length : 84, cost time : 0m:0s:0ms
2024-11-15 10:05:00,750 - fed_utils - INFO - encrypting key [fc3.weight].length : 840, cost time : 0m:6s:952ms
2024-11-15 10:05:00,829 - fed_utils - INFO - encrypting key [fc3.bias].length : 10, cost time : 0m:0s:79ms
2024-11-15 10:05:00,829 - fl_main - INFO - Server receive client_dict[f_00008] info ...
2024-11-15 10:05:00,829 - fl_main - INFO - ----- client id [f_00009] -----
2024-11-15 10:05:00,831 - client_base - INFO - recover model cost time : 0m:0s:0ms
2024-11-15 10:05:00,831 - fl_main - INFO - client_dict[f_00009] training ...
2024-11-15 10:05:00,832 - client_base - INFO - client_dict[f_00009] training epoch : 0
2024-11-15 10:05:01,261 - client_base - INFO - local model train cost time : 0m:0s:429ms
2024-11-15 10:05:01,263 - client_base - INFO - model encode time : 0m:0s:1ms
2024-11-15 10:05:01,263 - fl_main - INFO - client_dict[f_00009] local model encrypting ...
2024-11-15 10:05:02,466 - fed_utils - INFO - encrypting key [conv1.weight].length : 150, cost time : 0m:1s:202ms
2024-11-15 10:05:02,514 - fed_utils - INFO - encrypting key [conv1.bias].length : 6, cost time : 0m:0s:47ms
2024-11-15 10:05:02,514 - fed_utils - INFO - load key [conv2.weight].length : 2400, cost time : 0m:0s:0ms
2024-11-15 10:05:02,514 - fed_utils - INFO - load key [conv2.bias].length : 16, cost time : 0m:0s:0ms
2024-11-15 10:05:02,515 - fed_utils - INFO - load key [fc1.weight].length : 48000, cost time : 0m:0s:0ms
2024-11-15 10:05:02,515 - fed_utils - INFO - load key [fc1.bias].length : 120, cost time : 0m:0s:0ms
2024-11-15 10:05:02,515 - fed_utils - INFO - load key [fc2.weight].length : 10080, cost time : 0m:0s:0ms
2024-11-15 10:05:02,515 - fed_utils - INFO - load key [fc2.bias].length : 84, cost time : 0m:0s:0ms
2024-11-15 10:05:09,513 - fed_utils - INFO - encrypting key [fc3.weight].length : 840, cost time : 0m:6s:997ms
2024-11-15 10:05:09,592 - fed_utils - INFO - encrypting key [fc3.bias].length : 10, cost time : 0m:0s:79ms
2024-11-15 10:05:09,592 - fl_main - INFO - Server receive client_dict[f_00009] info ...
2024-11-15 10:05:09,592 - fl_main - INFO - ----- client id [f_00010] -----
2024-11-15 10:05:09,594 - client_base - INFO - recover model cost time : 0m:0s:0ms
2024-11-15 10:05:09,594 - fl_main - INFO - client_dict[f_00010] training ...
2024-11-15 10:05:09,594 - client_base - INFO - client_dict[f_00010] training epoch : 0
2024-11-15 10:05:10,013 - client_base - INFO - local model train cost time : 0m:0s:418ms
2024-11-15 10:05:10,014 - client_base - INFO - model encode time : 0m:0s:1ms
2024-11-15 10:05:10,014 - fl_main - INFO - client_dict[f_00010] local model encrypting ...
2024-11-15 10:05:11,208 - fed_utils - INFO - encrypting key [conv1.weight].length : 150, cost time : 0m:1s:193ms
2024-11-15 10:05:11,256 - fed_utils - INFO - encrypting key [conv1.bias].length : 6, cost time : 0m:0s:47ms
2024-11-15 10:05:11,256 - fed_utils - INFO - load key [conv2.weight].length : 2400, cost time : 0m:0s:0ms
2024-11-15 10:05:11,256 - fed_utils - INFO - load key [conv2.bias].length : 16, cost time : 0m:0s:0ms
2024-11-15 10:05:11,257 - fed_utils - INFO - load key [fc1.weight].length : 48000, cost time : 0m:0s:0ms
2024-11-15 10:05:11,258 - fed_utils - INFO - load key [fc1.bias].length : 120, cost time : 0m:0s:0ms
2024-11-15 10:05:11,258 - fed_utils - INFO - load key [fc2.weight].length : 10080, cost time : 0m:0s:0ms
2024-11-15 10:05:11,258 - fed_utils - INFO - load key [fc2.bias].length : 84, cost time : 0m:0s:0ms
2024-11-15 10:05:17,947 - fed_utils - INFO - encrypting key [fc3.weight].length : 840, cost time : 0m:6s:688ms
2024-11-15 10:05:18,026 - fed_utils - INFO - encrypting key [fc3.bias].length : 10, cost time : 0m:0s:79ms
2024-11-15 10:05:18,026 - fl_main - INFO - Server receive client_dict[f_00010] info ...
2024-11-15 10:05:18,026 - fl_main - INFO - ----- client id [f_00011] -----
2024-11-15 10:05:18,027 - client_base - INFO - recover model cost time : 0m:0s:0ms
2024-11-15 10:05:18,028 - fl_main - INFO - client_dict[f_00011] training ...
2024-11-15 10:05:18,028 - client_base - INFO - client_dict[f_00011] training epoch : 0
2024-11-15 10:05:18,451 - client_base - INFO - local model train cost time : 0m:0s:422ms
2024-11-15 10:05:18,452 - client_base - INFO - model encode time : 0m:0s:1ms
2024-11-15 10:05:18,453 - fl_main - INFO - client_dict[f_00011] local model encrypting ...
2024-11-15 10:05:19,642 - fed_utils - INFO - encrypting key [conv1.weight].length : 150, cost time : 0m:1s:189ms
2024-11-15 10:05:19,690 - fed_utils - INFO - encrypting key [conv1.bias].length : 6, cost time : 0m:0s:47ms
2024-11-15 10:05:19,690 - fed_utils - INFO - load key [conv2.weight].length : 2400, cost time : 0m:0s:0ms
2024-11-15 10:05:19,690 - fed_utils - INFO - load key [conv2.bias].length : 16, cost time : 0m:0s:0ms
2024-11-15 10:05:19,691 - fed_utils - INFO - load key [fc1.weight].length : 48000, cost time : 0m:0s:0ms
2024-11-15 10:05:19,691 - fed_utils - INFO - load key [fc1.bias].length : 120, cost time : 0m:0s:0ms
2024-11-15 10:05:19,691 - fed_utils - INFO - load key [fc2.weight].length : 10080, cost time : 0m:0s:0ms
2024-11-15 10:05:19,691 - fed_utils - INFO - load key [fc2.bias].length : 84, cost time : 0m:0s:0ms
2024-11-15 10:05:26,372 - fed_utils - INFO - encrypting key [fc3.weight].length : 840, cost time : 0m:6s:680ms
2024-11-15 10:05:26,453 - fed_utils - INFO - encrypting key [fc3.bias].length : 10, cost time : 0m:0s:80ms
2024-11-15 10:05:26,453 - fl_main - INFO - Server receive client_dict[f_00011] info ...
2024-11-15 10:05:26,454 - fl_main - INFO - ----- client id [f_00012] -----
2024-11-15 10:05:26,455 - client_base - INFO - recover model cost time : 0m:0s:0ms
2024-11-15 10:05:26,455 - fl_main - INFO - client_dict[f_00012] training ...
2024-11-15 10:05:26,455 - client_base - INFO - client_dict[f_00012] training epoch : 0
2024-11-15 10:05:26,921 - client_base - INFO - local model train cost time : 0m:0s:465ms
2024-11-15 10:05:26,923 - client_base - INFO - model encode time : 0m:0s:2ms
2024-11-15 10:05:26,923 - fl_main - INFO - client_dict[f_00012] local model encrypting ...
2024-11-15 10:05:28,132 - fed_utils - INFO - encrypting key [conv1.weight].length : 150, cost time : 0m:1s:208ms
2024-11-15 10:05:28,180 - fed_utils - INFO - encrypting key [conv1.bias].length : 6, cost time : 0m:0s:48ms
2024-11-15 10:05:28,181 - fed_utils - INFO - load key [conv2.weight].length : 2400, cost time : 0m:0s:0ms
2024-11-15 10:05:28,181 - fed_utils - INFO - load key [conv2.bias].length : 16, cost time : 0m:0s:0ms
2024-11-15 10:05:28,182 - fed_utils - INFO - load key [fc1.weight].length : 48000, cost time : 0m:0s:0ms
2024-11-15 10:05:28,182 - fed_utils - INFO - load key [fc1.bias].length : 120, cost time : 0m:0s:0ms
2024-11-15 10:05:28,182 - fed_utils - INFO - load key [fc2.weight].length : 10080, cost time : 0m:0s:0ms
2024-11-15 10:05:28,182 - fed_utils - INFO - load key [fc2.bias].length : 84, cost time : 0m:0s:0ms
2024-11-15 10:05:34,874 - fed_utils - INFO - encrypting key [fc3.weight].length : 840, cost time : 0m:6s:691ms
2024-11-15 10:05:34,953 - fed_utils - INFO - encrypting key [fc3.bias].length : 10, cost time : 0m:0s:79ms
2024-11-15 10:05:34,953 - fl_main - INFO - Server receive client_dict[f_00012] info ...
2024-11-15 10:05:34,953 - fl_main - INFO - ----- client id [f_00013] -----
2024-11-15 10:05:34,955 - client_base - INFO - recover model cost time : 0m:0s:0ms
2024-11-15 10:05:34,955 - fl_main - INFO - client_dict[f_00013] training ...
2024-11-15 10:05:34,955 - client_base - INFO - client_dict[f_00013] training epoch : 0
2024-11-15 10:05:35,372 - client_base - INFO - local model train cost time : 0m:0s:416ms
2024-11-15 10:05:35,373 - client_base - INFO - model encode time : 0m:0s:1ms
2024-11-15 10:05:35,373 - fl_main - INFO - client_dict[f_00013] local model encrypting ...
2024-11-15 10:05:36,572 - fed_utils - INFO - encrypting key [conv1.weight].length : 150, cost time : 0m:1s:198ms
2024-11-15 10:05:36,619 - fed_utils - INFO - encrypting key [conv1.bias].length : 6, cost time : 0m:0s:47ms
2024-11-15 10:05:36,619 - fed_utils - INFO - load key [conv2.weight].length : 2400, cost time : 0m:0s:0ms
2024-11-15 10:05:36,619 - fed_utils - INFO - load key [conv2.bias].length : 16, cost time : 0m:0s:0ms
2024-11-15 10:05:36,620 - fed_utils - INFO - load key [fc1.weight].length : 48000, cost time : 0m:0s:0ms
2024-11-15 10:05:36,621 - fed_utils - INFO - load key [fc1.bias].length : 120, cost time : 0m:0s:0ms
2024-11-15 10:05:36,621 - fed_utils - INFO - load key [fc2.weight].length : 10080, cost time : 0m:0s:0ms
2024-11-15 10:05:36,621 - fed_utils - INFO - load key [fc2.bias].length : 84, cost time : 0m:0s:0ms
2024-11-15 10:05:43,322 - fed_utils - INFO - encrypting key [fc3.weight].length : 840, cost time : 0m:6s:700ms
2024-11-15 10:05:43,401 - fed_utils - INFO - encrypting key [fc3.bias].length : 10, cost time : 0m:0s:79ms
2024-11-15 10:05:43,401 - fl_main - INFO - Server receive client_dict[f_00013] info ...
2024-11-15 10:05:43,401 - fl_main - INFO - ----- client id [f_00014] -----
2024-11-15 10:05:43,402 - client_base - INFO - recover model cost time : 0m:0s:0ms
2024-11-15 10:05:43,403 - fl_main - INFO - client_dict[f_00014] training ...
2024-11-15 10:05:43,403 - client_base - INFO - client_dict[f_00014] training epoch : 0
2024-11-15 10:05:43,817 - client_base - INFO - local model train cost time : 0m:0s:413ms
2024-11-15 10:05:43,818 - client_base - INFO - model encode time : 0m:0s:1ms
2024-11-15 10:05:43,819 - fl_main - INFO - client_dict[f_00014] local model encrypting ...
2024-11-15 10:05:45,066 - fed_utils - INFO - encrypting key [conv1.weight].length : 150, cost time : 0m:1s:247ms
2024-11-15 10:05:45,117 - fed_utils - INFO - encrypting key [conv1.bias].length : 6, cost time : 0m:0s:51ms
2024-11-15 10:05:45,117 - fed_utils - INFO - load key [conv2.weight].length : 2400, cost time : 0m:0s:0ms
2024-11-15 10:05:45,117 - fed_utils - INFO - load key [conv2.bias].length : 16, cost time : 0m:0s:0ms
2024-11-15 10:05:45,118 - fed_utils - INFO - load key [fc1.weight].length : 48000, cost time : 0m:0s:1ms
2024-11-15 10:05:45,119 - fed_utils - INFO - load key [fc1.bias].length : 120, cost time : 0m:0s:0ms
2024-11-15 10:05:45,119 - fed_utils - INFO - load key [fc2.weight].length : 10080, cost time : 0m:0s:0ms
2024-11-15 10:05:45,119 - fed_utils - INFO - load key [fc2.bias].length : 84, cost time : 0m:0s:0ms
2024-11-15 10:05:52,441 - fed_utils - INFO - encrypting key [fc3.weight].length : 840, cost time : 0m:7s:321ms
2024-11-15 10:05:52,521 - fed_utils - INFO - encrypting key [fc3.bias].length : 10, cost time : 0m:0s:80ms
2024-11-15 10:05:52,521 - fl_main - INFO - Server receive client_dict[f_00014] info ...
2024-11-15 10:05:52,522 - fl_main - INFO - global aggregation process ...
2024-11-15 10:05:52,522 - fed_utils - INFO - server.n_data : 60000
2024-11-15 10:05:52,522 - fed_utils - INFO - client_dict[f_00000].weight : 0.066667
2024-11-15 10:05:52,522 - fed_utils - INFO - client_dict[f_00001].weight : 0.066667
2024-11-15 10:05:52,522 - fed_utils - INFO - client_dict[f_00002].weight : 0.066667
2024-11-15 10:05:52,522 - fed_utils - INFO - client_dict[f_00003].weight : 0.066667
2024-11-15 10:05:52,522 - fed_utils - INFO - client_dict[f_00004].weight : 0.066667
2024-11-15 10:05:52,522 - fed_utils - INFO - client_dict[f_00005].weight : 0.066667
2024-11-15 10:05:52,522 - fed_utils - INFO - client_dict[f_00006].weight : 0.066667
2024-11-15 10:05:52,522 - fed_utils - INFO - client_dict[f_00007].weight : 0.066667
2024-11-15 10:05:52,522 - fed_utils - INFO - client_dict[f_00008].weight : 0.066667
2024-11-15 10:05:52,522 - fed_utils - INFO - client_dict[f_00009].weight : 0.066667
2024-11-15 10:05:52,522 - fed_utils - INFO - client_dict[f_00010].weight : 0.066667
2024-11-15 10:05:52,522 - fed_utils - INFO - client_dict[f_00011].weight : 0.066667
2024-11-15 10:05:52,522 - fed_utils - INFO - client_dict[f_00012].weight : 0.066667
2024-11-15 10:05:52,522 - fed_utils - INFO - client_dict[f_00013].weight : 0.066667
2024-11-15 10:05:52,522 - fed_utils - INFO - client_dict[f_00014].weight : 0.066667
2024-11-15 10:05:52,523 - fed_utils - INFO - recover secret number by clients: 1052426.333333
2024-11-15 10:05:52,523 - server_base - INFO - Server aggregate model with homomorphic encryption ...
2024-11-15 10:05:57,680 - server_base - INFO - Server aggregate model done, cost time : 0m:5s:157ms
2024-11-15 10:05:58,024 - fed_utils - INFO - decrypting key [conv1.weight].shape [torch.Size([6, 1, 5, 5])]
2024-11-15 10:05:58,038 - fed_utils - INFO - decrypting key [conv1.bias].shape [torch.Size([6])]
2024-11-15 10:05:58,039 - fed_utils - INFO - decrypting key [conv2.weight].shape [torch.Size([16, 6, 5, 5])]
2024-11-15 10:05:58,039 - fed_utils - INFO - decrypting key [conv2.bias].shape [torch.Size([16])]
2024-11-15 10:05:58,039 - fed_utils - INFO - decrypting key [fc1.weight].shape [torch.Size([120, 400])]
2024-11-15 10:05:58,039 - fed_utils - INFO - decrypting key [fc1.bias].shape [torch.Size([120])]
2024-11-15 10:05:58,039 - fed_utils - INFO - decrypting key [fc2.weight].shape [torch.Size([84, 120])]
2024-11-15 10:05:58,039 - fed_utils - INFO - decrypting key [fc2.bias].shape [torch.Size([84])]
2024-11-15 10:06:00,259 - fed_utils - INFO - decrypting key [fc3.weight].shape [torch.Size([10, 84])]
2024-11-15 10:06:00,282 - fed_utils - INFO - decrypting key [fc3.bias].shape [torch.Size([10])]
2024-11-15 10:06:00,282 - fed_utils - INFO - decrypt time : [0m:2s:602ms]
2024-11-15 10:06:00,290 - fl_main - INFO - [global round : 17] aggregated model accuracy : 0.9445
2024-11-15 10:06:00,290 - fl_main - INFO - [global round : 17] aggregated model loss : 0.2112729200420111
2024-11-15 10:06:00,291 - fl_main - INFO - global round : 18
2024-11-15 10:06:00,291 - fl_main - INFO - the random client id to test accuracy : f_00008
2024-11-15 10:06:00,291 - fl_main - INFO - ----- client id [f_00000] -----
2024-11-15 10:06:00,292 - client_base - INFO - recover model cost time : 0m:0s:0ms
2024-11-15 10:06:00,293 - fl_main - INFO - client_dict[f_00000] training ...
2024-11-15 10:06:00,293 - client_base - INFO - client_dict[f_00000] training epoch : 0
2024-11-15 10:06:00,747 - client_base - INFO - local model train cost time : 0m:0s:453ms
2024-11-15 10:06:00,748 - client_base - INFO - model encode time : 0m:0s:1ms
2024-11-15 10:06:00,748 - fl_main - INFO - client_dict[f_00000] local model encrypting ...
2024-11-15 10:06:02,044 - fed_utils - INFO - encrypting key [conv1.weight].length : 150, cost time : 0m:1s:295ms
2024-11-15 10:06:02,092 - fed_utils - INFO - encrypting key [conv1.bias].length : 6, cost time : 0m:0s:47ms
2024-11-15 10:06:02,092 - fed_utils - INFO - load key [conv2.weight].length : 2400, cost time : 0m:0s:0ms
2024-11-15 10:06:02,092 - fed_utils - INFO - load key [conv2.bias].length : 16, cost time : 0m:0s:0ms
2024-11-15 10:06:02,093 - fed_utils - INFO - load key [fc1.weight].length : 48000, cost time : 0m:0s:1ms
2024-11-15 10:06:02,094 - fed_utils - INFO - load key [fc1.bias].length : 120, cost time : 0m:0s:0ms
2024-11-15 10:06:02,094 - fed_utils - INFO - load key [fc2.weight].length : 10080, cost time : 0m:0s:0ms
2024-11-15 10:06:02,094 - fed_utils - INFO - load key [fc2.bias].length : 84, cost time : 0m:0s:0ms
2024-11-15 10:06:09,110 - fed_utils - INFO - encrypting key [fc3.weight].length : 840, cost time : 0m:7s:16ms
2024-11-15 10:06:09,190 - fed_utils - INFO - encrypting key [fc3.bias].length : 10, cost time : 0m:0s:79ms
2024-11-15 10:06:09,191 - fl_main - INFO - Server receive client_dict[f_00000] info ...
2024-11-15 10:06:09,191 - fl_main - INFO - ----- client id [f_00001] -----
2024-11-15 10:06:09,192 - client_base - INFO - recover model cost time : 0m:0s:0ms
2024-11-15 10:06:09,192 - fl_main - INFO - client_dict[f_00001] training ...
2024-11-15 10:06:09,193 - client_base - INFO - client_dict[f_00001] training epoch : 0
2024-11-15 10:06:09,611 - client_base - INFO - local model train cost time : 0m:0s:417ms
2024-11-15 10:06:09,612 - client_base - INFO - model encode time : 0m:0s:1ms
2024-11-15 10:06:09,612 - fl_main - INFO - client_dict[f_00001] local model encrypting ...
2024-11-15 10:06:10,934 - fed_utils - INFO - encrypting key [conv1.weight].length : 150, cost time : 0m:1s:321ms
2024-11-15 10:06:10,991 - fed_utils - INFO - encrypting key [conv1.bias].length : 6, cost time : 0m:0s:56ms
2024-11-15 10:06:10,991 - fed_utils - INFO - load key [conv2.weight].length : 2400, cost time : 0m:0s:0ms
2024-11-15 10:06:10,991 - fed_utils - INFO - load key [conv2.bias].length : 16, cost time : 0m:0s:0ms
2024-11-15 10:06:10,992 - fed_utils - INFO - load key [fc1.weight].length : 48000, cost time : 0m:0s:0ms
2024-11-15 10:06:10,992 - fed_utils - INFO - load key [fc1.bias].length : 120, cost time : 0m:0s:0ms
2024-11-15 10:06:10,992 - fed_utils - INFO - load key [fc2.weight].length : 10080, cost time : 0m:0s:0ms
2024-11-15 10:06:10,992 - fed_utils - INFO - load key [fc2.bias].length : 84, cost time : 0m:0s:0ms
2024-11-15 10:06:18,515 - fed_utils - INFO - encrypting key [fc3.weight].length : 840, cost time : 0m:7s:522ms
2024-11-15 10:06:18,595 - fed_utils - INFO - encrypting key [fc3.bias].length : 10, cost time : 0m:0s:79ms
2024-11-15 10:06:18,595 - fl_main - INFO - Server receive client_dict[f_00001] info ...
2024-11-15 10:06:18,595 - fl_main - INFO - ----- client id [f_00002] -----
2024-11-15 10:06:18,596 - client_base - INFO - recover model cost time : 0m:0s:0ms
2024-11-15 10:06:18,596 - fl_main - INFO - client_dict[f_00002] training ...
2024-11-15 10:06:18,597 - client_base - INFO - client_dict[f_00002] training epoch : 0
2024-11-15 10:06:19,010 - client_base - INFO - local model train cost time : 0m:0s:413ms
2024-11-15 10:06:19,012 - client_base - INFO - model encode time : 0m:0s:1ms
2024-11-15 10:06:19,012 - fl_main - INFO - client_dict[f_00002] local model encrypting ...
2024-11-15 10:06:20,248 - fed_utils - INFO - encrypting key [conv1.weight].length : 150, cost time : 0m:1s:235ms
2024-11-15 10:06:20,297 - fed_utils - INFO - encrypting key [conv1.bias].length : 6, cost time : 0m:0s:49ms
2024-11-15 10:06:20,297 - fed_utils - INFO - load key [conv2.weight].length : 2400, cost time : 0m:0s:0ms
2024-11-15 10:06:20,297 - fed_utils - INFO - load key [conv2.bias].length : 16, cost time : 0m:0s:0ms
2024-11-15 10:06:20,298 - fed_utils - INFO - load key [fc1.weight].length : 48000, cost time : 0m:0s:0ms
2024-11-15 10:06:20,298 - fed_utils - INFO - load key [fc1.bias].length : 120, cost time : 0m:0s:0ms
2024-11-15 10:06:20,298 - fed_utils - INFO - load key [fc2.weight].length : 10080, cost time : 0m:0s:0ms
2024-11-15 10:06:20,298 - fed_utils - INFO - load key [fc2.bias].length : 84, cost time : 0m:0s:0ms
2024-11-15 10:06:27,561 - fed_utils - INFO - encrypting key [fc3.weight].length : 840, cost time : 0m:7s:262ms
2024-11-15 10:06:27,641 - fed_utils - INFO - encrypting key [fc3.bias].length : 10, cost time : 0m:0s:79ms
2024-11-15 10:06:27,641 - fl_main - INFO - Server receive client_dict[f_00002] info ...
2024-11-15 10:06:27,641 - fl_main - INFO - ----- client id [f_00003] -----
2024-11-15 10:06:27,642 - client_base - INFO - recover model cost time : 0m:0s:0ms
2024-11-15 10:06:27,642 - fl_main - INFO - client_dict[f_00003] training ...
2024-11-15 10:06:27,643 - client_base - INFO - client_dict[f_00003] training epoch : 0
2024-11-15 10:06:28,082 - client_base - INFO - local model train cost time : 0m:0s:439ms
2024-11-15 10:06:28,084 - client_base - INFO - model encode time : 0m:0s:1ms
2024-11-15 10:06:28,084 - fl_main - INFO - client_dict[f_00003] local model encrypting ...
2024-11-15 10:06:29,418 - fed_utils - INFO - encrypting key [conv1.weight].length : 150, cost time : 0m:1s:333ms
2024-11-15 10:06:29,466 - fed_utils - INFO - encrypting key [conv1.bias].length : 6, cost time : 0m:0s:48ms
2024-11-15 10:06:29,466 - fed_utils - INFO - load key [conv2.weight].length : 2400, cost time : 0m:0s:0ms
2024-11-15 10:06:29,466 - fed_utils - INFO - load key [conv2.bias].length : 16, cost time : 0m:0s:0ms
2024-11-15 10:06:29,467 - fed_utils - INFO - load key [fc1.weight].length : 48000, cost time : 0m:0s:0ms
2024-11-15 10:06:29,467 - fed_utils - INFO - load key [fc1.bias].length : 120, cost time : 0m:0s:0ms
2024-11-15 10:06:29,468 - fed_utils - INFO - load key [fc2.weight].length : 10080, cost time : 0m:0s:0ms
2024-11-15 10:06:29,468 - fed_utils - INFO - load key [fc2.bias].length : 84, cost time : 0m:0s:0ms
2024-11-15 10:06:36,185 - fed_utils - INFO - encrypting key [fc3.weight].length : 840, cost time : 0m:6s:717ms
2024-11-15 10:06:36,264 - fed_utils - INFO - encrypting key [fc3.bias].length : 10, cost time : 0m:0s:79ms
2024-11-15 10:06:36,264 - fl_main - INFO - Server receive client_dict[f_00003] info ...
2024-11-15 10:06:36,264 - fl_main - INFO - ----- client id [f_00004] -----
2024-11-15 10:06:36,266 - client_base - INFO - recover model cost time : 0m:0s:0ms
2024-11-15 10:06:36,266 - fl_main - INFO - client_dict[f_00004] training ...
2024-11-15 10:06:36,266 - client_base - INFO - client_dict[f_00004] training epoch : 0
2024-11-15 10:06:36,713 - client_base - INFO - local model train cost time : 0m:0s:446ms
2024-11-15 10:06:36,715 - client_base - INFO - model encode time : 0m:0s:1ms
2024-11-15 10:06:36,715 - fl_main - INFO - client_dict[f_00004] local model encrypting ...
2024-11-15 10:06:37,931 - fed_utils - INFO - encrypting key [conv1.weight].length : 150, cost time : 0m:1s:216ms
2024-11-15 10:06:37,980 - fed_utils - INFO - encrypting key [conv1.bias].length : 6, cost time : 0m:0s:48ms
2024-11-15 10:06:37,980 - fed_utils - INFO - load key [conv2.weight].length : 2400, cost time : 0m:0s:0ms
2024-11-15 10:06:37,980 - fed_utils - INFO - load key [conv2.bias].length : 16, cost time : 0m:0s:0ms
2024-11-15 10:06:37,981 - fed_utils - INFO - load key [fc1.weight].length : 48000, cost time : 0m:0s:0ms
2024-11-15 10:06:37,981 - fed_utils - INFO - load key [fc1.bias].length : 120, cost time : 0m:0s:0ms
2024-11-15 10:06:37,981 - fed_utils - INFO - load key [fc2.weight].length : 10080, cost time : 0m:0s:0ms
2024-11-15 10:06:37,982 - fed_utils - INFO - load key [fc2.bias].length : 84, cost time : 0m:0s:0ms
2024-11-15 10:06:44,780 - fed_utils - INFO - encrypting key [fc3.weight].length : 840, cost time : 0m:6s:798ms
2024-11-15 10:06:44,864 - fed_utils - INFO - encrypting key [fc3.bias].length : 10, cost time : 0m:0s:83ms
2024-11-15 10:06:44,864 - fl_main - INFO - Server receive client_dict[f_00004] info ...
2024-11-15 10:06:44,864 - fl_main - INFO - ----- client id [f_00005] -----
2024-11-15 10:06:44,865 - client_base - INFO - recover model cost time : 0m:0s:0ms
2024-11-15 10:06:44,865 - fl_main - INFO - client_dict[f_00005] training ...
2024-11-15 10:06:44,866 - client_base - INFO - client_dict[f_00005] training epoch : 0
2024-11-15 10:06:45,286 - client_base - INFO - local model train cost time : 0m:0s:420ms
2024-11-15 10:06:45,288 - client_base - INFO - model encode time : 0m:0s:1ms
2024-11-15 10:06:45,288 - fl_main - INFO - client_dict[f_00005] local model encrypting ...
2024-11-15 10:06:46,488 - fed_utils - INFO - encrypting key [conv1.weight].length : 150, cost time : 0m:1s:199ms
2024-11-15 10:06:46,536 - fed_utils - INFO - encrypting key [conv1.bias].length : 6, cost time : 0m:0s:47ms
2024-11-15 10:06:46,536 - fed_utils - INFO - load key [conv2.weight].length : 2400, cost time : 0m:0s:0ms
2024-11-15 10:06:46,536 - fed_utils - INFO - load key [conv2.bias].length : 16, cost time : 0m:0s:0ms
2024-11-15 10:06:46,537 - fed_utils - INFO - load key [fc1.weight].length : 48000, cost time : 0m:0s:0ms
2024-11-15 10:06:46,537 - fed_utils - INFO - load key [fc1.bias].length : 120, cost time : 0m:0s:0ms
2024-11-15 10:06:46,537 - fed_utils - INFO - load key [fc2.weight].length : 10080, cost time : 0m:0s:0ms
2024-11-15 10:06:46,537 - fed_utils - INFO - load key [fc2.bias].length : 84, cost time : 0m:0s:0ms
2024-11-15 10:06:53,309 - fed_utils - INFO - encrypting key [fc3.weight].length : 840, cost time : 0m:6s:771ms
2024-11-15 10:06:53,409 - fed_utils - INFO - encrypting key [fc3.bias].length : 10, cost time : 0m:0s:99ms
2024-11-15 10:06:53,409 - fl_main - INFO - Server receive client_dict[f_00005] info ...
2024-11-15 10:06:53,409 - fl_main - INFO - ----- client id [f_00006] -----
2024-11-15 10:06:53,412 - client_base - INFO - recover model cost time : 0m:0s:0ms
2024-11-15 10:06:53,412 - fl_main - INFO - client_dict[f_00006] training ...
2024-11-15 10:06:53,413 - client_base - INFO - client_dict[f_00006] training epoch : 0
2024-11-15 10:06:53,911 - client_base - INFO - local model train cost time : 0m:0s:497ms
2024-11-15 10:06:53,912 - client_base - INFO - model encode time : 0m:0s:1ms
2024-11-15 10:06:53,913 - fl_main - INFO - client_dict[f_00006] local model encrypting ...
2024-11-15 10:06:55,209 - fed_utils - INFO - encrypting key [conv1.weight].length : 150, cost time : 0m:1s:296ms
2024-11-15 10:06:55,260 - fed_utils - INFO - encrypting key [conv1.bias].length : 6, cost time : 0m:0s:50ms
2024-11-15 10:06:55,260 - fed_utils - INFO - load key [conv2.weight].length : 2400, cost time : 0m:0s:0ms
2024-11-15 10:06:55,261 - fed_utils - INFO - load key [conv2.bias].length : 16, cost time : 0m:0s:0ms
2024-11-15 10:06:55,262 - fed_utils - INFO - load key [fc1.weight].length : 48000, cost time : 0m:0s:1ms
2024-11-15 10:06:55,262 - fed_utils - INFO - load key [fc1.bias].length : 120, cost time : 0m:0s:0ms
2024-11-15 10:06:55,262 - fed_utils - INFO - load key [fc2.weight].length : 10080, cost time : 0m:0s:0ms
2024-11-15 10:06:55,262 - fed_utils - INFO - load key [fc2.bias].length : 84, cost time : 0m:0s:0ms
2024-11-15 10:07:02,324 - fed_utils - INFO - encrypting key [fc3.weight].length : 840, cost time : 0m:7s:61ms
2024-11-15 10:07:02,407 - fed_utils - INFO - encrypting key [fc3.bias].length : 10, cost time : 0m:0s:82ms
2024-11-15 10:07:02,407 - fl_main - INFO - Server receive client_dict[f_00006] info ...
2024-11-15 10:07:02,407 - fl_main - INFO - ----- client id [f_00007] -----
2024-11-15 10:07:02,409 - client_base - INFO - recover model cost time : 0m:0s:0ms
2024-11-15 10:07:02,409 - fl_main - INFO - client_dict[f_00007] training ...
2024-11-15 10:07:02,410 - client_base - INFO - client_dict[f_00007] training epoch : 0
2024-11-15 10:07:02,897 - client_base - INFO - local model train cost time : 0m:0s:486ms
2024-11-15 10:07:02,898 - client_base - INFO - model encode time : 0m:0s:1ms
2024-11-15 10:07:02,898 - fl_main - INFO - client_dict[f_00007] local model encrypting ...
2024-11-15 10:07:04,283 - fed_utils - INFO - encrypting key [conv1.weight].length : 150, cost time : 0m:1s:384ms
2024-11-15 10:07:04,333 - fed_utils - INFO - encrypting key [conv1.bias].length : 6, cost time : 0m:0s:49ms
2024-11-15 10:07:04,333 - fed_utils - INFO - load key [conv2.weight].length : 2400, cost time : 0m:0s:0ms
2024-11-15 10:07:04,334 - fed_utils - INFO - load key [conv2.bias].length : 16, cost time : 0m:0s:0ms
2024-11-15 10:07:04,335 - fed_utils - INFO - load key [fc1.weight].length : 48000, cost time : 0m:0s:1ms
2024-11-15 10:07:04,335 - fed_utils - INFO - load key [fc1.bias].length : 120, cost time : 0m:0s:0ms
2024-11-15 10:07:04,335 - fed_utils - INFO - load key [fc2.weight].length : 10080, cost time : 0m:0s:0ms
2024-11-15 10:07:04,335 - fed_utils - INFO - load key [fc2.bias].length : 84, cost time : 0m:0s:0ms
2024-11-15 10:07:11,531 - fed_utils - INFO - encrypting key [fc3.weight].length : 840, cost time : 0m:7s:195ms
2024-11-15 10:07:11,613 - fed_utils - INFO - encrypting key [fc3.bias].length : 10, cost time : 0m:0s:81ms
2024-11-15 10:07:11,613 - fl_main - INFO - Server receive client_dict[f_00007] info ...
2024-11-15 10:07:11,613 - fl_main - INFO - ----- client id [f_00008] -----
2024-11-15 10:07:11,616 - client_base - INFO - recover model cost time : 0m:0s:0ms
2024-11-15 10:07:12,506 - fl_main - INFO - global round [18] client_dict[f_00008].accuracy : 0.947500
2024-11-15 10:07:12,506 - fl_main - INFO - client_dict[f_00008] training ...
2024-11-15 10:07:12,507 - client_base - INFO - client_dict[f_00008] training epoch : 0
2024-11-15 10:07:12,948 - client_base - INFO - local model train cost time : 0m:0s:441ms
2024-11-15 10:07:12,949 - client_base - INFO - model encode time : 0m:0s:1ms
2024-11-15 10:07:12,949 - fl_main - INFO - client_dict[f_00008] local model encrypting ...
2024-11-15 10:07:14,176 - fed_utils - INFO - encrypting key [conv1.weight].length : 150, cost time : 0m:1s:226ms
2024-11-15 10:07:14,224 - fed_utils - INFO - encrypting key [conv1.bias].length : 6, cost time : 0m:0s:47ms
2024-11-15 10:07:14,225 - fed_utils - INFO - load key [conv2.weight].length : 2400, cost time : 0m:0s:0ms
2024-11-15 10:07:14,225 - fed_utils - INFO - load key [conv2.bias].length : 16, cost time : 0m:0s:0ms
2024-11-15 10:07:14,226 - fed_utils - INFO - load key [fc1.weight].length : 48000, cost time : 0m:0s:0ms
2024-11-15 10:07:14,226 - fed_utils - INFO - load key [fc1.bias].length : 120, cost time : 0m:0s:0ms
2024-11-15 10:07:14,226 - fed_utils - INFO - load key [fc2.weight].length : 10080, cost time : 0m:0s:0ms
2024-11-15 10:07:14,226 - fed_utils - INFO - load key [fc2.bias].length : 84, cost time : 0m:0s:0ms
2024-11-15 10:07:21,135 - fed_utils - INFO - encrypting key [fc3.weight].length : 840, cost time : 0m:6s:908ms
2024-11-15 10:07:21,218 - fed_utils - INFO - encrypting key [fc3.bias].length : 10, cost time : 0m:0s:82ms
2024-11-15 10:07:21,218 - fl_main - INFO - Server receive client_dict[f_00008] info ...
2024-11-15 10:07:21,218 - fl_main - INFO - ----- client id [f_00009] -----
2024-11-15 10:07:21,219 - client_base - INFO - recover model cost time : 0m:0s:0ms
2024-11-15 10:07:21,219 - fl_main - INFO - client_dict[f_00009] training ...
2024-11-15 10:07:21,220 - client_base - INFO - client_dict[f_00009] training epoch : 0
2024-11-15 10:07:21,687 - client_base - INFO - local model train cost time : 0m:0s:466ms
2024-11-15 10:07:21,688 - client_base - INFO - model encode time : 0m:0s:1ms
2024-11-15 10:07:21,689 - fl_main - INFO - client_dict[f_00009] local model encrypting ...
2024-11-15 10:07:22,923 - fed_utils - INFO - encrypting key [conv1.weight].length : 150, cost time : 0m:1s:234ms
2024-11-15 10:07:22,971 - fed_utils - INFO - encrypting key [conv1.bias].length : 6, cost time : 0m:0s:47ms
2024-11-15 10:07:22,971 - fed_utils - INFO - load key [conv2.weight].length : 2400, cost time : 0m:0s:0ms
2024-11-15 10:07:22,971 - fed_utils - INFO - load key [conv2.bias].length : 16, cost time : 0m:0s:0ms
2024-11-15 10:07:22,972 - fed_utils - INFO - load key [fc1.weight].length : 48000, cost time : 0m:0s:0ms
2024-11-15 10:07:22,972 - fed_utils - INFO - load key [fc1.bias].length : 120, cost time : 0m:0s:0ms
2024-11-15 10:07:22,972 - fed_utils - INFO - load key [fc2.weight].length : 10080, cost time : 0m:0s:0ms
2024-11-15 10:07:22,972 - fed_utils - INFO - load key [fc2.bias].length : 84, cost time : 0m:0s:0ms
2024-11-15 10:07:29,682 - fed_utils - INFO - encrypting key [fc3.weight].length : 840, cost time : 0m:6s:709ms
2024-11-15 10:07:29,766 - fed_utils - INFO - encrypting key [fc3.bias].length : 10, cost time : 0m:0s:83ms
2024-11-15 10:07:29,766 - fl_main - INFO - Server receive client_dict[f_00009] info ...
2024-11-15 10:07:29,766 - fl_main - INFO - ----- client id [f_00010] -----
2024-11-15 10:07:29,767 - client_base - INFO - recover model cost time : 0m:0s:0ms
2024-11-15 10:07:29,768 - fl_main - INFO - client_dict[f_00010] training ...
2024-11-15 10:07:29,768 - client_base - INFO - client_dict[f_00010] training epoch : 0
2024-11-15 10:07:30,215 - client_base - INFO - local model train cost time : 0m:0s:446ms
2024-11-15 10:07:30,216 - client_base - INFO - model encode time : 0m:0s:1ms
2024-11-15 10:07:30,217 - fl_main - INFO - client_dict[f_00010] local model encrypting ...
2024-11-15 10:07:31,497 - fed_utils - INFO - encrypting key [conv1.weight].length : 150, cost time : 0m:1s:280ms
2024-11-15 10:07:31,555 - fed_utils - INFO - encrypting key [conv1.bias].length : 6, cost time : 0m:0s:57ms
2024-11-15 10:07:31,555 - fed_utils - INFO - load key [conv2.weight].length : 2400, cost time : 0m:0s:0ms
2024-11-15 10:07:31,555 - fed_utils - INFO - load key [conv2.bias].length : 16, cost time : 0m:0s:0ms
2024-11-15 10:07:31,556 - fed_utils - INFO - load key [fc1.weight].length : 48000, cost time : 0m:0s:0ms
2024-11-15 10:07:31,556 - fed_utils - INFO - load key [fc1.bias].length : 120, cost time : 0m:0s:0ms
2024-11-15 10:07:31,556 - fed_utils - INFO - load key [fc2.weight].length : 10080, cost time : 0m:0s:0ms
2024-11-15 10:07:31,556 - fed_utils - INFO - load key [fc2.bias].length : 84, cost time : 0m:0s:0ms
2024-11-15 10:07:38,412 - fed_utils - INFO - encrypting key [fc3.weight].length : 840, cost time : 0m:6s:855ms
2024-11-15 10:07:38,492 - fed_utils - INFO - encrypting key [fc3.bias].length : 10, cost time : 0m:0s:80ms
2024-11-15 10:07:38,492 - fl_main - INFO - Server receive client_dict[f_00010] info ...
2024-11-15 10:07:38,493 - fl_main - INFO - ----- client id [f_00011] -----
2024-11-15 10:07:38,494 - client_base - INFO - recover model cost time : 0m:0s:0ms
2024-11-15 10:07:38,494 - fl_main - INFO - client_dict[f_00011] training ...
2024-11-15 10:07:38,495 - client_base - INFO - client_dict[f_00011] training epoch : 0
2024-11-15 10:07:38,911 - client_base - INFO - local model train cost time : 0m:0s:416ms
2024-11-15 10:07:38,912 - client_base - INFO - model encode time : 0m:0s:1ms
2024-11-15 10:07:38,913 - fl_main - INFO - client_dict[f_00011] local model encrypting ...
2024-11-15 10:07:40,120 - fed_utils - INFO - encrypting key [conv1.weight].length : 150, cost time : 0m:1s:207ms
2024-11-15 10:07:40,168 - fed_utils - INFO - encrypting key [conv1.bias].length : 6, cost time : 0m:0s:48ms
2024-11-15 10:07:40,169 - fed_utils - INFO - load key [conv2.weight].length : 2400, cost time : 0m:0s:0ms
2024-11-15 10:07:40,169 - fed_utils - INFO - load key [conv2.bias].length : 16, cost time : 0m:0s:0ms
2024-11-15 10:07:40,170 - fed_utils - INFO - load key [fc1.weight].length : 48000, cost time : 0m:0s:0ms
2024-11-15 10:07:40,170 - fed_utils - INFO - load key [fc1.bias].length : 120, cost time : 0m:0s:0ms
2024-11-15 10:07:40,170 - fed_utils - INFO - load key [fc2.weight].length : 10080, cost time : 0m:0s:0ms
2024-11-15 10:07:40,170 - fed_utils - INFO - load key [fc2.bias].length : 84, cost time : 0m:0s:0ms
2024-11-15 10:07:47,003 - fed_utils - INFO - encrypting key [fc3.weight].length : 840, cost time : 0m:6s:832ms
2024-11-15 10:07:47,083 - fed_utils - INFO - encrypting key [fc3.bias].length : 10, cost time : 0m:0s:79ms
2024-11-15 10:07:47,083 - fl_main - INFO - Server receive client_dict[f_00011] info ...
2024-11-15 10:07:47,083 - fl_main - INFO - ----- client id [f_00012] -----
2024-11-15 10:07:47,084 - client_base - INFO - recover model cost time : 0m:0s:0ms
2024-11-15 10:07:47,084 - fl_main - INFO - client_dict[f_00012] training ...
2024-11-15 10:07:47,085 - client_base - INFO - client_dict[f_00012] training epoch : 0
2024-11-15 10:07:47,501 - client_base - INFO - local model train cost time : 0m:0s:416ms
2024-11-15 10:07:47,503 - client_base - INFO - model encode time : 0m:0s:1ms
2024-11-15 10:07:47,503 - fl_main - INFO - client_dict[f_00012] local model encrypting ...
2024-11-15 10:07:48,730 - fed_utils - INFO - encrypting key [conv1.weight].length : 150, cost time : 0m:1s:226ms
2024-11-15 10:07:48,779 - fed_utils - INFO - encrypting key [conv1.bias].length : 6, cost time : 0m:0s:48ms
2024-11-15 10:07:48,779 - fed_utils - INFO - load key [conv2.weight].length : 2400, cost time : 0m:0s:0ms
2024-11-15 10:07:48,779 - fed_utils - INFO - load key [conv2.bias].length : 16, cost time : 0m:0s:0ms
2024-11-15 10:07:48,780 - fed_utils - INFO - load key [fc1.weight].length : 48000, cost time : 0m:0s:0ms
2024-11-15 10:07:48,780 - fed_utils - INFO - load key [fc1.bias].length : 120, cost time : 0m:0s:0ms
2024-11-15 10:07:48,780 - fed_utils - INFO - load key [fc2.weight].length : 10080, cost time : 0m:0s:0ms
2024-11-15 10:07:48,780 - fed_utils - INFO - load key [fc2.bias].length : 84, cost time : 0m:0s:0ms
2024-11-15 10:07:55,654 - fed_utils - INFO - encrypting key [fc3.weight].length : 840, cost time : 0m:6s:874ms
2024-11-15 10:07:55,734 - fed_utils - INFO - encrypting key [fc3.bias].length : 10, cost time : 0m:0s:79ms
2024-11-15 10:07:55,734 - fl_main - INFO - Server receive client_dict[f_00012] info ...
2024-11-15 10:07:55,734 - fl_main - INFO - ----- client id [f_00013] -----
2024-11-15 10:07:55,736 - client_base - INFO - recover model cost time : 0m:0s:0ms
2024-11-15 10:07:55,736 - fl_main - INFO - client_dict[f_00013] training ...
2024-11-15 10:07:55,737 - client_base - INFO - client_dict[f_00013] training epoch : 0
2024-11-15 10:07:56,152 - client_base - INFO - local model train cost time : 0m:0s:414ms
2024-11-15 10:07:56,153 - client_base - INFO - model encode time : 0m:0s:1ms
2024-11-15 10:07:56,153 - fl_main - INFO - client_dict[f_00013] local model encrypting ...
2024-11-15 10:07:57,360 - fed_utils - INFO - encrypting key [conv1.weight].length : 150, cost time : 0m:1s:206ms
2024-11-15 10:07:57,410 - fed_utils - INFO - encrypting key [conv1.bias].length : 6, cost time : 0m:0s:49ms
2024-11-15 10:07:57,410 - fed_utils - INFO - load key [conv2.weight].length : 2400, cost time : 0m:0s:0ms
2024-11-15 10:07:57,410 - fed_utils - INFO - load key [conv2.bias].length : 16, cost time : 0m:0s:0ms
2024-11-15 10:07:57,411 - fed_utils - INFO - load key [fc1.weight].length : 48000, cost time : 0m:0s:0ms
2024-11-15 10:07:57,411 - fed_utils - INFO - load key [fc1.bias].length : 120, cost time : 0m:0s:0ms
2024-11-15 10:07:57,411 - fed_utils - INFO - load key [fc2.weight].length : 10080, cost time : 0m:0s:0ms
2024-11-15 10:07:57,411 - fed_utils - INFO - load key [fc2.bias].length : 84, cost time : 0m:0s:0ms
2024-11-15 10:08:04,273 - fed_utils - INFO - encrypting key [fc3.weight].length : 840, cost time : 0m:6s:861ms
2024-11-15 10:08:04,353 - fed_utils - INFO - encrypting key [fc3.bias].length : 10, cost time : 0m:0s:79ms
2024-11-15 10:08:04,353 - fl_main - INFO - Server receive client_dict[f_00013] info ...
2024-11-15 10:08:04,353 - fl_main - INFO - ----- client id [f_00014] -----
2024-11-15 10:08:04,354 - client_base - INFO - recover model cost time : 0m:0s:0ms
2024-11-15 10:08:04,355 - fl_main - INFO - client_dict[f_00014] training ...
2024-11-15 10:08:04,355 - client_base - INFO - client_dict[f_00014] training epoch : 0
2024-11-15 10:08:04,785 - client_base - INFO - local model train cost time : 0m:0s:429ms
2024-11-15 10:08:04,787 - client_base - INFO - model encode time : 0m:0s:1ms
2024-11-15 10:08:04,787 - fl_main - INFO - client_dict[f_00014] local model encrypting ...
2024-11-15 10:08:05,985 - fed_utils - INFO - encrypting key [conv1.weight].length : 150, cost time : 0m:1s:198ms
2024-11-15 10:08:06,033 - fed_utils - INFO - encrypting key [conv1.bias].length : 6, cost time : 0m:0s:47ms
2024-11-15 10:08:06,034 - fed_utils - INFO - load key [conv2.weight].length : 2400, cost time : 0m:0s:0ms
2024-11-15 10:08:06,034 - fed_utils - INFO - load key [conv2.bias].length : 16, cost time : 0m:0s:0ms
2024-11-15 10:08:06,035 - fed_utils - INFO - load key [fc1.weight].length : 48000, cost time : 0m:0s:0ms
2024-11-15 10:08:06,035 - fed_utils - INFO - load key [fc1.bias].length : 120, cost time : 0m:0s:0ms
2024-11-15 10:08:06,035 - fed_utils - INFO - load key [fc2.weight].length : 10080, cost time : 0m:0s:0ms
2024-11-15 10:08:06,035 - fed_utils - INFO - load key [fc2.bias].length : 84, cost time : 0m:0s:0ms
2024-11-15 10:08:12,924 - fed_utils - INFO - encrypting key [fc3.weight].length : 840, cost time : 0m:6s:888ms
2024-11-15 10:08:13,003 - fed_utils - INFO - encrypting key [fc3.bias].length : 10, cost time : 0m:0s:79ms
2024-11-15 10:08:13,003 - fl_main - INFO - Server receive client_dict[f_00014] info ...
2024-11-15 10:08:13,004 - fl_main - INFO - global aggregation process ...
2024-11-15 10:08:13,004 - fed_utils - INFO - server.n_data : 60000
2024-11-15 10:08:13,004 - fed_utils - INFO - client_dict[f_00000].weight : 0.066667
2024-11-15 10:08:13,004 - fed_utils - INFO - client_dict[f_00001].weight : 0.066667
2024-11-15 10:08:13,004 - fed_utils - INFO - client_dict[f_00002].weight : 0.066667
2024-11-15 10:08:13,004 - fed_utils - INFO - client_dict[f_00003].weight : 0.066667
2024-11-15 10:08:13,004 - fed_utils - INFO - client_dict[f_00004].weight : 0.066667
2024-11-15 10:08:13,004 - fed_utils - INFO - client_dict[f_00005].weight : 0.066667
2024-11-15 10:08:13,004 - fed_utils - INFO - client_dict[f_00006].weight : 0.066667
2024-11-15 10:08:13,004 - fed_utils - INFO - client_dict[f_00007].weight : 0.066667
2024-11-15 10:08:13,004 - fed_utils - INFO - client_dict[f_00008].weight : 0.066667
2024-11-15 10:08:13,004 - fed_utils - INFO - client_dict[f_00009].weight : 0.066667
2024-11-15 10:08:13,004 - fed_utils - INFO - client_dict[f_00010].weight : 0.066667
2024-11-15 10:08:13,004 - fed_utils - INFO - client_dict[f_00011].weight : 0.066667
2024-11-15 10:08:13,004 - fed_utils - INFO - client_dict[f_00012].weight : 0.066667
2024-11-15 10:08:13,004 - fed_utils - INFO - client_dict[f_00013].weight : 0.066667
2024-11-15 10:08:13,004 - fed_utils - INFO - client_dict[f_00014].weight : 0.066667
2024-11-15 10:08:13,005 - fed_utils - INFO - recover secret number by clients: 1052426.333333
2024-11-15 10:08:13,005 - server_base - INFO - Server aggregate model with homomorphic encryption ...
2024-11-15 10:08:17,912 - server_base - INFO - Server aggregate model done, cost time : 0m:4s:907ms
2024-11-15 10:08:18,265 - fed_utils - INFO - decrypting key [conv1.weight].shape [torch.Size([6, 1, 5, 5])]
2024-11-15 10:08:18,279 - fed_utils - INFO - decrypting key [conv1.bias].shape [torch.Size([6])]
2024-11-15 10:08:18,279 - fed_utils - INFO - decrypting key [conv2.weight].shape [torch.Size([16, 6, 5, 5])]
2024-11-15 10:08:18,279 - fed_utils - INFO - decrypting key [conv2.bias].shape [torch.Size([16])]
2024-11-15 10:08:18,280 - fed_utils - INFO - decrypting key [fc1.weight].shape [torch.Size([120, 400])]
2024-11-15 10:08:18,280 - fed_utils - INFO - decrypting key [fc1.bias].shape [torch.Size([120])]
2024-11-15 10:08:18,280 - fed_utils - INFO - decrypting key [fc2.weight].shape [torch.Size([84, 120])]
2024-11-15 10:08:18,280 - fed_utils - INFO - decrypting key [fc2.bias].shape [torch.Size([84])]
2024-11-15 10:08:20,216 - fed_utils - INFO - decrypting key [fc3.weight].shape [torch.Size([10, 84])]
2024-11-15 10:08:20,239 - fed_utils - INFO - decrypting key [fc3.bias].shape [torch.Size([10])]
2024-11-15 10:08:20,239 - fed_utils - INFO - decrypt time : [0m:2s:327ms]
2024-11-15 10:08:20,247 - fl_main - INFO - [global round : 18] aggregated model accuracy : 0.9475
2024-11-15 10:08:20,247 - fl_main - INFO - [global round : 18] aggregated model loss : 0.25784172410294887
2024-11-15 10:08:20,248 - fl_main - INFO - global round : 19
2024-11-15 10:08:20,248 - fl_main - INFO - the random client id to test accuracy : f_00001
2024-11-15 10:08:20,248 - fl_main - INFO - ----- client id [f_00000] -----
2024-11-15 10:08:20,249 - client_base - INFO - recover model cost time : 0m:0s:0ms
2024-11-15 10:08:20,249 - fl_main - INFO - client_dict[f_00000] training ...
2024-11-15 10:08:20,250 - client_base - INFO - client_dict[f_00000] training epoch : 0
2024-11-15 10:08:20,685 - client_base - INFO - local model train cost time : 0m:0s:434ms
2024-11-15 10:08:20,687 - client_base - INFO - model encode time : 0m:0s:1ms
2024-11-15 10:08:20,687 - fl_main - INFO - client_dict[f_00000] local model encrypting ...
2024-11-15 10:08:21,889 - fed_utils - INFO - encrypting key [conv1.weight].length : 150, cost time : 0m:1s:202ms
2024-11-15 10:08:21,938 - fed_utils - INFO - encrypting key [conv1.bias].length : 6, cost time : 0m:0s:47ms
2024-11-15 10:08:21,938 - fed_utils - INFO - load key [conv2.weight].length : 2400, cost time : 0m:0s:0ms
2024-11-15 10:08:21,938 - fed_utils - INFO - load key [conv2.bias].length : 16, cost time : 0m:0s:0ms
2024-11-15 10:08:21,939 - fed_utils - INFO - load key [fc1.weight].length : 48000, cost time : 0m:0s:1ms
2024-11-15 10:08:21,939 - fed_utils - INFO - load key [fc1.bias].length : 120, cost time : 0m:0s:0ms
2024-11-15 10:08:21,939 - fed_utils - INFO - load key [fc2.weight].length : 10080, cost time : 0m:0s:0ms
2024-11-15 10:08:21,939 - fed_utils - INFO - load key [fc2.bias].length : 84, cost time : 0m:0s:0ms
2024-11-15 10:08:28,616 - fed_utils - INFO - encrypting key [fc3.weight].length : 840, cost time : 0m:6s:676ms
2024-11-15 10:08:28,696 - fed_utils - INFO - encrypting key [fc3.bias].length : 10, cost time : 0m:0s:80ms
2024-11-15 10:08:28,697 - fl_main - INFO - Server receive client_dict[f_00000] info ...
2024-11-15 10:08:28,697 - fl_main - INFO - ----- client id [f_00001] -----
2024-11-15 10:08:28,698 - client_base - INFO - recover model cost time : 0m:0s:0ms
2024-11-15 10:08:29,499 - fl_main - INFO - global round [19] client_dict[f_00001].accuracy : 0.948800
2024-11-15 10:08:29,499 - fl_main - INFO - client_dict[f_00001] training ...
2024-11-15 10:08:29,500 - client_base - INFO - client_dict[f_00001] training epoch : 0
2024-11-15 10:08:29,915 - client_base - INFO - local model train cost time : 0m:0s:415ms
2024-11-15 10:08:29,917 - client_base - INFO - model encode time : 0m:0s:1ms
2024-11-15 10:08:29,917 - fl_main - INFO - client_dict[f_00001] local model encrypting ...
2024-11-15 10:08:31,117 - fed_utils - INFO - encrypting key [conv1.weight].length : 150, cost time : 0m:1s:200ms
2024-11-15 10:08:31,165 - fed_utils - INFO - encrypting key [conv1.bias].length : 6, cost time : 0m:0s:48ms
2024-11-15 10:08:31,165 - fed_utils - INFO - load key [conv2.weight].length : 2400, cost time : 0m:0s:0ms
2024-11-15 10:08:31,165 - fed_utils - INFO - load key [conv2.bias].length : 16, cost time : 0m:0s:0ms
2024-11-15 10:08:31,166 - fed_utils - INFO - load key [fc1.weight].length : 48000, cost time : 0m:0s:0ms
2024-11-15 10:08:31,166 - fed_utils - INFO - load key [fc1.bias].length : 120, cost time : 0m:0s:0ms
2024-11-15 10:08:31,167 - fed_utils - INFO - load key [fc2.weight].length : 10080, cost time : 0m:0s:0ms
2024-11-15 10:08:31,167 - fed_utils - INFO - load key [fc2.bias].length : 84, cost time : 0m:0s:0ms
2024-11-15 10:08:37,976 - fed_utils - INFO - encrypting key [fc3.weight].length : 840, cost time : 0m:6s:808ms
2024-11-15 10:08:38,055 - fed_utils - INFO - encrypting key [fc3.bias].length : 10, cost time : 0m:0s:79ms
2024-11-15 10:08:38,055 - fl_main - INFO - Server receive client_dict[f_00001] info ...
2024-11-15 10:08:38,056 - fl_main - INFO - ----- client id [f_00002] -----
2024-11-15 10:08:38,057 - client_base - INFO - recover model cost time : 0m:0s:0ms
2024-11-15 10:08:38,057 - fl_main - INFO - client_dict[f_00002] training ...
2024-11-15 10:08:38,058 - client_base - INFO - client_dict[f_00002] training epoch : 0
2024-11-15 10:08:38,478 - client_base - INFO - local model train cost time : 0m:0s:420ms
2024-11-15 10:08:38,479 - client_base - INFO - model encode time : 0m:0s:1ms
2024-11-15 10:08:38,479 - fl_main - INFO - client_dict[f_00002] local model encrypting ...
2024-11-15 10:08:39,678 - fed_utils - INFO - encrypting key [conv1.weight].length : 150, cost time : 0m:1s:198ms
2024-11-15 10:08:39,726 - fed_utils - INFO - encrypting key [conv1.bias].length : 6, cost time : 0m:0s:48ms
2024-11-15 10:08:39,726 - fed_utils - INFO - load key [conv2.weight].length : 2400, cost time : 0m:0s:0ms
2024-11-15 10:08:39,726 - fed_utils - INFO - load key [conv2.bias].length : 16, cost time : 0m:0s:0ms
2024-11-15 10:08:39,727 - fed_utils - INFO - load key [fc1.weight].length : 48000, cost time : 0m:0s:0ms
2024-11-15 10:08:39,727 - fed_utils - INFO - load key [fc1.bias].length : 120, cost time : 0m:0s:0ms
2024-11-15 10:08:39,728 - fed_utils - INFO - load key [fc2.weight].length : 10080, cost time : 0m:0s:0ms
2024-11-15 10:08:39,728 - fed_utils - INFO - load key [fc2.bias].length : 84, cost time : 0m:0s:0ms
2024-11-15 10:08:46,388 - fed_utils - INFO - encrypting key [fc3.weight].length : 840, cost time : 0m:6s:660ms
2024-11-15 10:08:46,467 - fed_utils - INFO - encrypting key [fc3.bias].length : 10, cost time : 0m:0s:79ms
2024-11-15 10:08:46,467 - fl_main - INFO - Server receive client_dict[f_00002] info ...
2024-11-15 10:08:46,468 - fl_main - INFO - ----- client id [f_00003] -----
2024-11-15 10:08:46,469 - client_base - INFO - recover model cost time : 0m:0s:0ms
2024-11-15 10:08:46,469 - fl_main - INFO - client_dict[f_00003] training ...
2024-11-15 10:08:46,469 - client_base - INFO - client_dict[f_00003] training epoch : 0
2024-11-15 10:08:46,893 - client_base - INFO - local model train cost time : 0m:0s:423ms
2024-11-15 10:08:46,894 - client_base - INFO - model encode time : 0m:0s:1ms
2024-11-15 10:08:46,894 - fl_main - INFO - client_dict[f_00003] local model encrypting ...
2024-11-15 10:08:48,093 - fed_utils - INFO - encrypting key [conv1.weight].length : 150, cost time : 0m:1s:198ms
2024-11-15 10:08:48,141 - fed_utils - INFO - encrypting key [conv1.bias].length : 6, cost time : 0m:0s:47ms
2024-11-15 10:08:48,141 - fed_utils - INFO - load key [conv2.weight].length : 2400, cost time : 0m:0s:0ms
2024-11-15 10:08:48,141 - fed_utils - INFO - load key [conv2.bias].length : 16, cost time : 0m:0s:0ms
2024-11-15 10:08:48,142 - fed_utils - INFO - load key [fc1.weight].length : 48000, cost time : 0m:0s:0ms
2024-11-15 10:08:48,142 - fed_utils - INFO - load key [fc1.bias].length : 120, cost time : 0m:0s:0ms
2024-11-15 10:08:48,142 - fed_utils - INFO - load key [fc2.weight].length : 10080, cost time : 0m:0s:0ms
2024-11-15 10:08:48,142 - fed_utils - INFO - load key [fc2.bias].length : 84, cost time : 0m:0s:0ms
2024-11-15 10:08:54,855 - fed_utils - INFO - encrypting key [fc3.weight].length : 840, cost time : 0m:6s:712ms
2024-11-15 10:08:54,934 - fed_utils - INFO - encrypting key [fc3.bias].length : 10, cost time : 0m:0s:79ms
2024-11-15 10:08:54,934 - fl_main - INFO - Server receive client_dict[f_00003] info ...
2024-11-15 10:08:54,934 - fl_main - INFO - ----- client id [f_00004] -----
2024-11-15 10:08:54,935 - client_base - INFO - recover model cost time : 0m:0s:0ms
2024-11-15 10:08:54,936 - fl_main - INFO - client_dict[f_00004] training ...
2024-11-15 10:08:54,936 - client_base - INFO - client_dict[f_00004] training epoch : 0
2024-11-15 10:08:55,351 - client_base - INFO - local model train cost time : 0m:0s:414ms
2024-11-15 10:08:55,352 - client_base - INFO - model encode time : 0m:0s:1ms
2024-11-15 10:08:55,353 - fl_main - INFO - client_dict[f_00004] local model encrypting ...
2024-11-15 10:08:56,576 - fed_utils - INFO - encrypting key [conv1.weight].length : 150, cost time : 0m:1s:223ms
2024-11-15 10:08:56,626 - fed_utils - INFO - encrypting key [conv1.bias].length : 6, cost time : 0m:0s:49ms
2024-11-15 10:08:56,626 - fed_utils - INFO - load key [conv2.weight].length : 2400, cost time : 0m:0s:0ms
2024-11-15 10:08:56,626 - fed_utils - INFO - load key [conv2.bias].length : 16, cost time : 0m:0s:0ms
2024-11-15 10:08:56,627 - fed_utils - INFO - load key [fc1.weight].length : 48000, cost time : 0m:0s:0ms
2024-11-15 10:08:56,627 - fed_utils - INFO - load key [fc1.bias].length : 120, cost time : 0m:0s:0ms
2024-11-15 10:08:56,627 - fed_utils - INFO - load key [fc2.weight].length : 10080, cost time : 0m:0s:0ms
2024-11-15 10:08:56,627 - fed_utils - INFO - load key [fc2.bias].length : 84, cost time : 0m:0s:0ms
2024-11-15 10:09:03,530 - fed_utils - INFO - encrypting key [fc3.weight].length : 840, cost time : 0m:6s:902ms
2024-11-15 10:09:03,622 - fed_utils - INFO - encrypting key [fc3.bias].length : 10, cost time : 0m:0s:92ms
2024-11-15 10:09:03,622 - fl_main - INFO - Server receive client_dict[f_00004] info ...
2024-11-15 10:09:03,623 - fl_main - INFO - ----- client id [f_00005] -----
2024-11-15 10:09:03,624 - client_base - INFO - recover model cost time : 0m:0s:0ms
2024-11-15 10:09:03,624 - fl_main - INFO - client_dict[f_00005] training ...
2024-11-15 10:09:03,625 - client_base - INFO - client_dict[f_00005] training epoch : 0
2024-11-15 10:09:04,086 - client_base - INFO - local model train cost time : 0m:0s:461ms
2024-11-15 10:09:04,088 - client_base - INFO - model encode time : 0m:0s:1ms
2024-11-15 10:09:04,088 - fl_main - INFO - client_dict[f_00005] local model encrypting ...
2024-11-15 10:09:05,307 - fed_utils - INFO - encrypting key [conv1.weight].length : 150, cost time : 0m:1s:218ms
2024-11-15 10:09:05,354 - fed_utils - INFO - encrypting key [conv1.bias].length : 6, cost time : 0m:0s:47ms
2024-11-15 10:09:05,355 - fed_utils - INFO - load key [conv2.weight].length : 2400, cost time : 0m:0s:0ms
2024-11-15 10:09:05,355 - fed_utils - INFO - load key [conv2.bias].length : 16, cost time : 0m:0s:0ms
2024-11-15 10:09:05,356 - fed_utils - INFO - load key [fc1.weight].length : 48000, cost time : 0m:0s:0ms
2024-11-15 10:09:05,356 - fed_utils - INFO - load key [fc1.bias].length : 120, cost time : 0m:0s:0ms
2024-11-15 10:09:05,356 - fed_utils - INFO - load key [fc2.weight].length : 10080, cost time : 0m:0s:0ms
2024-11-15 10:09:05,356 - fed_utils - INFO - load key [fc2.bias].length : 84, cost time : 0m:0s:0ms
2024-11-15 10:09:12,086 - fed_utils - INFO - encrypting key [fc3.weight].length : 840, cost time : 0m:6s:729ms
2024-11-15 10:09:12,165 - fed_utils - INFO - encrypting key [fc3.bias].length : 10, cost time : 0m:0s:79ms
2024-11-15 10:09:12,165 - fl_main - INFO - Server receive client_dict[f_00005] info ...
2024-11-15 10:09:12,166 - fl_main - INFO - ----- client id [f_00006] -----
2024-11-15 10:09:12,167 - client_base - INFO - recover model cost time : 0m:0s:0ms
2024-11-15 10:09:12,167 - fl_main - INFO - client_dict[f_00006] training ...
2024-11-15 10:09:12,168 - client_base - INFO - client_dict[f_00006] training epoch : 0
2024-11-15 10:09:12,606 - client_base - INFO - local model train cost time : 0m:0s:437ms
2024-11-15 10:09:12,610 - client_base - INFO - model encode time : 0m:0s:4ms
2024-11-15 10:09:12,610 - fl_main - INFO - client_dict[f_00006] local model encrypting ...
2024-11-15 10:09:13,842 - fed_utils - INFO - encrypting key [conv1.weight].length : 150, cost time : 0m:1s:231ms
2024-11-15 10:09:13,889 - fed_utils - INFO - encrypting key [conv1.bias].length : 6, cost time : 0m:0s:47ms
2024-11-15 10:09:13,890 - fed_utils - INFO - load key [conv2.weight].length : 2400, cost time : 0m:0s:0ms
2024-11-15 10:09:13,890 - fed_utils - INFO - load key [conv2.bias].length : 16, cost time : 0m:0s:0ms
2024-11-15 10:09:13,891 - fed_utils - INFO - load key [fc1.weight].length : 48000, cost time : 0m:0s:0ms
2024-11-15 10:09:13,891 - fed_utils - INFO - load key [fc1.bias].length : 120, cost time : 0m:0s:0ms
2024-11-15 10:09:13,891 - fed_utils - INFO - load key [fc2.weight].length : 10080, cost time : 0m:0s:0ms
2024-11-15 10:09:13,891 - fed_utils - INFO - load key [fc2.bias].length : 84, cost time : 0m:0s:0ms
2024-11-15 10:09:20,599 - fed_utils - INFO - encrypting key [fc3.weight].length : 840, cost time : 0m:6s:708ms
2024-11-15 10:09:20,679 - fed_utils - INFO - encrypting key [fc3.bias].length : 10, cost time : 0m:0s:79ms
2024-11-15 10:09:20,679 - fl_main - INFO - Server receive client_dict[f_00006] info ...
2024-11-15 10:09:20,679 - fl_main - INFO - ----- client id [f_00007] -----
2024-11-15 10:09:20,680 - client_base - INFO - recover model cost time : 0m:0s:0ms
2024-11-15 10:09:20,680 - fl_main - INFO - client_dict[f_00007] training ...
2024-11-15 10:09:20,681 - client_base - INFO - client_dict[f_00007] training epoch : 0
2024-11-15 10:09:21,096 - client_base - INFO - local model train cost time : 0m:0s:414ms
2024-11-15 10:09:21,097 - client_base - INFO - model encode time : 0m:0s:1ms
2024-11-15 10:09:21,097 - fl_main - INFO - client_dict[f_00007] local model encrypting ...
2024-11-15 10:09:22,288 - fed_utils - INFO - encrypting key [conv1.weight].length : 150, cost time : 0m:1s:190ms
2024-11-15 10:09:22,337 - fed_utils - INFO - encrypting key [conv1.bias].length : 6, cost time : 0m:0s:48ms
2024-11-15 10:09:22,337 - fed_utils - INFO - load key [conv2.weight].length : 2400, cost time : 0m:0s:0ms
2024-11-15 10:09:22,337 - fed_utils - INFO - load key [conv2.bias].length : 16, cost time : 0m:0s:0ms
2024-11-15 10:09:22,338 - fed_utils - INFO - load key [fc1.weight].length : 48000, cost time : 0m:0s:0ms
2024-11-15 10:09:22,338 - fed_utils - INFO - load key [fc1.bias].length : 120, cost time : 0m:0s:0ms
2024-11-15 10:09:22,338 - fed_utils - INFO - load key [fc2.weight].length : 10080, cost time : 0m:0s:0ms
2024-11-15 10:09:22,338 - fed_utils - INFO - load key [fc2.bias].length : 84, cost time : 0m:0s:0ms
2024-11-15 10:09:29,057 - fed_utils - INFO - encrypting key [fc3.weight].length : 840, cost time : 0m:6s:719ms
2024-11-15 10:09:29,137 - fed_utils - INFO - encrypting key [fc3.bias].length : 10, cost time : 0m:0s:79ms
2024-11-15 10:09:29,137 - fl_main - INFO - Server receive client_dict[f_00007] info ...
2024-11-15 10:09:29,138 - fl_main - INFO - ----- client id [f_00008] -----
2024-11-15 10:09:29,139 - client_base - INFO - recover model cost time : 0m:0s:0ms
2024-11-15 10:09:29,139 - fl_main - INFO - client_dict[f_00008] training ...
2024-11-15 10:09:29,140 - client_base - INFO - client_dict[f_00008] training epoch : 0
2024-11-15 10:09:29,567 - client_base - INFO - local model train cost time : 0m:0s:426ms
2024-11-15 10:09:29,568 - client_base - INFO - model encode time : 0m:0s:1ms
2024-11-15 10:09:29,568 - fl_main - INFO - client_dict[f_00008] local model encrypting ...
2024-11-15 10:09:30,775 - fed_utils - INFO - encrypting key [conv1.weight].length : 150, cost time : 0m:1s:206ms
2024-11-15 10:09:30,823 - fed_utils - INFO - encrypting key [conv1.bias].length : 6, cost time : 0m:0s:48ms
2024-11-15 10:09:30,824 - fed_utils - INFO - load key [conv2.weight].length : 2400, cost time : 0m:0s:0ms
2024-11-15 10:09:30,824 - fed_utils - INFO - load key [conv2.bias].length : 16, cost time : 0m:0s:0ms
2024-11-15 10:09:30,825 - fed_utils - INFO - load key [fc1.weight].length : 48000, cost time : 0m:0s:0ms
2024-11-15 10:09:30,825 - fed_utils - INFO - load key [fc1.bias].length : 120, cost time : 0m:0s:0ms
2024-11-15 10:09:30,825 - fed_utils - INFO - load key [fc2.weight].length : 10080, cost time : 0m:0s:0ms
2024-11-15 10:09:30,825 - fed_utils - INFO - load key [fc2.bias].length : 84, cost time : 0m:0s:0ms
2024-11-15 10:09:37,520 - fed_utils - INFO - encrypting key [fc3.weight].length : 840, cost time : 0m:6s:695ms
2024-11-15 10:09:37,600 - fed_utils - INFO - encrypting key [fc3.bias].length : 10, cost time : 0m:0s:79ms
2024-11-15 10:09:37,600 - fl_main - INFO - Server receive client_dict[f_00008] info ...
2024-11-15 10:09:37,600 - fl_main - INFO - ----- client id [f_00009] -----
2024-11-15 10:09:37,601 - client_base - INFO - recover model cost time : 0m:0s:0ms
2024-11-15 10:09:37,601 - fl_main - INFO - client_dict[f_00009] training ...
2024-11-15 10:09:37,602 - client_base - INFO - client_dict[f_00009] training epoch : 0
2024-11-15 10:09:38,021 - client_base - INFO - local model train cost time : 0m:0s:419ms
2024-11-15 10:09:38,023 - client_base - INFO - model encode time : 0m:0s:1ms
2024-11-15 10:09:38,023 - fl_main - INFO - client_dict[f_00009] local model encrypting ...
2024-11-15 10:09:39,211 - fed_utils - INFO - encrypting key [conv1.weight].length : 150, cost time : 0m:1s:188ms
2024-11-15 10:09:39,259 - fed_utils - INFO - encrypting key [conv1.bias].length : 6, cost time : 0m:0s:47ms
2024-11-15 10:09:39,259 - fed_utils - INFO - load key [conv2.weight].length : 2400, cost time : 0m:0s:0ms
2024-11-15 10:09:39,259 - fed_utils - INFO - load key [conv2.bias].length : 16, cost time : 0m:0s:0ms
2024-11-15 10:09:39,260 - fed_utils - INFO - load key [fc1.weight].length : 48000, cost time : 0m:0s:0ms
2024-11-15 10:09:39,260 - fed_utils - INFO - load key [fc1.bias].length : 120, cost time : 0m:0s:0ms
2024-11-15 10:09:39,260 - fed_utils - INFO - load key [fc2.weight].length : 10080, cost time : 0m:0s:0ms
2024-11-15 10:09:39,260 - fed_utils - INFO - load key [fc2.bias].length : 84, cost time : 0m:0s:0ms
2024-11-15 10:09:45,913 - fed_utils - INFO - encrypting key [fc3.weight].length : 840, cost time : 0m:6s:652ms
2024-11-15 10:09:45,993 - fed_utils - INFO - encrypting key [fc3.bias].length : 10, cost time : 0m:0s:79ms
2024-11-15 10:09:45,993 - fl_main - INFO - Server receive client_dict[f_00009] info ...
2024-11-15 10:09:45,993 - fl_main - INFO - ----- client id [f_00010] -----
2024-11-15 10:09:45,994 - client_base - INFO - recover model cost time : 0m:0s:0ms
2024-11-15 10:09:45,994 - fl_main - INFO - client_dict[f_00010] training ...
2024-11-15 10:09:45,995 - client_base - INFO - client_dict[f_00010] training epoch : 0
2024-11-15 10:09:46,411 - client_base - INFO - local model train cost time : 0m:0s:416ms
2024-11-15 10:09:46,412 - client_base - INFO - model encode time : 0m:0s:1ms
2024-11-15 10:09:46,412 - fl_main - INFO - client_dict[f_00010] local model encrypting ...
2024-11-15 10:09:47,602 - fed_utils - INFO - encrypting key [conv1.weight].length : 150, cost time : 0m:1s:189ms
2024-11-15 10:09:47,650 - fed_utils - INFO - encrypting key [conv1.bias].length : 6, cost time : 0m:0s:47ms
2024-11-15 10:09:47,650 - fed_utils - INFO - load key [conv2.weight].length : 2400, cost time : 0m:0s:0ms
2024-11-15 10:09:47,650 - fed_utils - INFO - load key [conv2.bias].length : 16, cost time : 0m:0s:0ms
2024-11-15 10:09:47,651 - fed_utils - INFO - load key [fc1.weight].length : 48000, cost time : 0m:0s:0ms
2024-11-15 10:09:47,651 - fed_utils - INFO - load key [fc1.bias].length : 120, cost time : 0m:0s:0ms
2024-11-15 10:09:47,651 - fed_utils - INFO - load key [fc2.weight].length : 10080, cost time : 0m:0s:0ms
2024-11-15 10:09:47,651 - fed_utils - INFO - load key [fc2.bias].length : 84, cost time : 0m:0s:0ms
2024-11-15 10:09:54,314 - fed_utils - INFO - encrypting key [fc3.weight].length : 840, cost time : 0m:6s:662ms
2024-11-15 10:09:54,393 - fed_utils - INFO - encrypting key [fc3.bias].length : 10, cost time : 0m:0s:79ms
2024-11-15 10:09:54,393 - fl_main - INFO - Server receive client_dict[f_00010] info ...
2024-11-15 10:09:54,393 - fl_main - INFO - ----- client id [f_00011] -----
2024-11-15 10:09:54,394 - client_base - INFO - recover model cost time : 0m:0s:0ms
2024-11-15 10:09:54,395 - fl_main - INFO - client_dict[f_00011] training ...
2024-11-15 10:09:54,395 - client_base - INFO - client_dict[f_00011] training epoch : 0
2024-11-15 10:09:54,809 - client_base - INFO - local model train cost time : 0m:0s:413ms
2024-11-15 10:09:54,810 - client_base - INFO - model encode time : 0m:0s:1ms
2024-11-15 10:09:54,810 - fl_main - INFO - client_dict[f_00011] local model encrypting ...
2024-11-15 10:09:55,999 - fed_utils - INFO - encrypting key [conv1.weight].length : 150, cost time : 0m:1s:189ms
2024-11-15 10:09:56,047 - fed_utils - INFO - encrypting key [conv1.bias].length : 6, cost time : 0m:0s:47ms
2024-11-15 10:09:56,047 - fed_utils - INFO - load key [conv2.weight].length : 2400, cost time : 0m:0s:0ms
2024-11-15 10:09:56,047 - fed_utils - INFO - load key [conv2.bias].length : 16, cost time : 0m:0s:0ms
2024-11-15 10:09:56,048 - fed_utils - INFO - load key [fc1.weight].length : 48000, cost time : 0m:0s:0ms
2024-11-15 10:09:56,048 - fed_utils - INFO - load key [fc1.bias].length : 120, cost time : 0m:0s:0ms
2024-11-15 10:09:56,049 - fed_utils - INFO - load key [fc2.weight].length : 10080, cost time : 0m:0s:0ms
2024-11-15 10:09:56,049 - fed_utils - INFO - load key [fc2.bias].length : 84, cost time : 0m:0s:0ms
2024-11-15 10:10:02,709 - fed_utils - INFO - encrypting key [fc3.weight].length : 840, cost time : 0m:6s:660ms
2024-11-15 10:10:02,789 - fed_utils - INFO - encrypting key [fc3.bias].length : 10, cost time : 0m:0s:79ms
2024-11-15 10:10:02,789 - fl_main - INFO - Server receive client_dict[f_00011] info ...
2024-11-15 10:10:02,790 - fl_main - INFO - ----- client id [f_00012] -----
2024-11-15 10:10:02,791 - client_base - INFO - recover model cost time : 0m:0s:0ms
2024-11-15 10:10:02,791 - fl_main - INFO - client_dict[f_00012] training ...
2024-11-15 10:10:02,792 - client_base - INFO - client_dict[f_00012] training epoch : 0
2024-11-15 10:10:03,213 - client_base - INFO - local model train cost time : 0m:0s:421ms
2024-11-15 10:10:03,215 - client_base - INFO - model encode time : 0m:0s:1ms
2024-11-15 10:10:03,215 - fl_main - INFO - client_dict[f_00012] local model encrypting ...
2024-11-15 10:10:04,409 - fed_utils - INFO - encrypting key [conv1.weight].length : 150, cost time : 0m:1s:193ms
2024-11-15 10:10:04,457 - fed_utils - INFO - encrypting key [conv1.bias].length : 6, cost time : 0m:0s:47ms
2024-11-15 10:10:04,457 - fed_utils - INFO - load key [conv2.weight].length : 2400, cost time : 0m:0s:0ms
2024-11-15 10:10:04,457 - fed_utils - INFO - load key [conv2.bias].length : 16, cost time : 0m:0s:0ms
2024-11-15 10:10:04,458 - fed_utils - INFO - load key [fc1.weight].length : 48000, cost time : 0m:0s:0ms
2024-11-15 10:10:04,458 - fed_utils - INFO - load key [fc1.bias].length : 120, cost time : 0m:0s:0ms
2024-11-15 10:10:04,459 - fed_utils - INFO - load key [fc2.weight].length : 10080, cost time : 0m:0s:0ms
2024-11-15 10:10:04,459 - fed_utils - INFO - load key [fc2.bias].length : 84, cost time : 0m:0s:0ms
2024-11-15 10:10:11,177 - fed_utils - INFO - encrypting key [fc3.weight].length : 840, cost time : 0m:6s:718ms
2024-11-15 10:10:11,265 - fed_utils - INFO - encrypting key [fc3.bias].length : 10, cost time : 0m:0s:88ms
2024-11-15 10:10:11,265 - fl_main - INFO - Server receive client_dict[f_00012] info ...
2024-11-15 10:10:11,266 - fl_main - INFO - ----- client id [f_00013] -----
2024-11-15 10:10:11,267 - client_base - INFO - recover model cost time : 0m:0s:0ms
2024-11-15 10:10:11,267 - fl_main - INFO - client_dict[f_00013] training ...
2024-11-15 10:10:11,268 - client_base - INFO - client_dict[f_00013] training epoch : 0
2024-11-15 10:10:11,681 - client_base - INFO - local model train cost time : 0m:0s:413ms
2024-11-15 10:10:11,683 - client_base - INFO - model encode time : 0m:0s:1ms
2024-11-15 10:10:11,683 - fl_main - INFO - client_dict[f_00013] local model encrypting ...
2024-11-15 10:10:12,925 - fed_utils - INFO - encrypting key [conv1.weight].length : 150, cost time : 0m:1s:241ms
2024-11-15 10:10:13,003 - fed_utils - INFO - encrypting key [conv1.bias].length : 6, cost time : 0m:0s:78ms
2024-11-15 10:10:13,003 - fed_utils - INFO - load key [conv2.weight].length : 2400, cost time : 0m:0s:0ms
2024-11-15 10:10:13,004 - fed_utils - INFO - load key [conv2.bias].length : 16, cost time : 0m:0s:0ms
2024-11-15 10:10:13,005 - fed_utils - INFO - load key [fc1.weight].length : 48000, cost time : 0m:0s:1ms
2024-11-15 10:10:13,005 - fed_utils - INFO - load key [fc1.bias].length : 120, cost time : 0m:0s:0ms
2024-11-15 10:10:13,006 - fed_utils - INFO - load key [fc2.weight].length : 10080, cost time : 0m:0s:0ms
2024-11-15 10:10:13,006 - fed_utils - INFO - load key [fc2.bias].length : 84, cost time : 0m:0s:0ms
2024-11-15 10:10:20,082 - fed_utils - INFO - encrypting key [fc3.weight].length : 840, cost time : 0m:7s:76ms
2024-11-15 10:10:20,162 - fed_utils - INFO - encrypting key [fc3.bias].length : 10, cost time : 0m:0s:79ms
2024-11-15 10:10:20,162 - fl_main - INFO - Server receive client_dict[f_00013] info ...
2024-11-15 10:10:20,162 - fl_main - INFO - ----- client id [f_00014] -----
2024-11-15 10:10:20,163 - client_base - INFO - recover model cost time : 0m:0s:0ms
2024-11-15 10:10:20,163 - fl_main - INFO - client_dict[f_00014] training ...
2024-11-15 10:10:20,164 - client_base - INFO - client_dict[f_00014] training epoch : 0
2024-11-15 10:10:20,605 - client_base - INFO - local model train cost time : 0m:0s:440ms
2024-11-15 10:10:20,606 - client_base - INFO - model encode time : 0m:0s:1ms
2024-11-15 10:10:20,607 - fl_main - INFO - client_dict[f_00014] local model encrypting ...
2024-11-15 10:10:21,960 - fed_utils - INFO - encrypting key [conv1.weight].length : 150, cost time : 0m:1s:353ms
2024-11-15 10:10:22,008 - fed_utils - INFO - encrypting key [conv1.bias].length : 6, cost time : 0m:0s:48ms
2024-11-15 10:10:22,009 - fed_utils - INFO - load key [conv2.weight].length : 2400, cost time : 0m:0s:0ms
2024-11-15 10:10:22,009 - fed_utils - INFO - load key [conv2.bias].length : 16, cost time : 0m:0s:0ms
2024-11-15 10:10:22,010 - fed_utils - INFO - load key [fc1.weight].length : 48000, cost time : 0m:0s:0ms
2024-11-15 10:10:22,010 - fed_utils - INFO - load key [fc1.bias].length : 120, cost time : 0m:0s:0ms
2024-11-15 10:10:22,010 - fed_utils - INFO - load key [fc2.weight].length : 10080, cost time : 0m:0s:0ms
2024-11-15 10:10:22,010 - fed_utils - INFO - load key [fc2.bias].length : 84, cost time : 0m:0s:0ms
2024-11-15 10:10:29,073 - fed_utils - INFO - encrypting key [fc3.weight].length : 840, cost time : 0m:7s:62ms
2024-11-15 10:10:29,152 - fed_utils - INFO - encrypting key [fc3.bias].length : 10, cost time : 0m:0s:79ms
2024-11-15 10:10:29,152 - fl_main - INFO - Server receive client_dict[f_00014] info ...
2024-11-15 10:10:29,152 - fl_main - INFO - global aggregation process ...
2024-11-15 10:10:29,153 - fed_utils - INFO - server.n_data : 60000
2024-11-15 10:10:29,153 - fed_utils - INFO - client_dict[f_00000].weight : 0.066667
2024-11-15 10:10:29,153 - fed_utils - INFO - client_dict[f_00001].weight : 0.066667
2024-11-15 10:10:29,153 - fed_utils - INFO - client_dict[f_00002].weight : 0.066667
2024-11-15 10:10:29,153 - fed_utils - INFO - client_dict[f_00003].weight : 0.066667
2024-11-15 10:10:29,153 - fed_utils - INFO - client_dict[f_00004].weight : 0.066667
2024-11-15 10:10:29,153 - fed_utils - INFO - client_dict[f_00005].weight : 0.066667
2024-11-15 10:10:29,153 - fed_utils - INFO - client_dict[f_00006].weight : 0.066667
2024-11-15 10:10:29,153 - fed_utils - INFO - client_dict[f_00007].weight : 0.066667
2024-11-15 10:10:29,153 - fed_utils - INFO - client_dict[f_00008].weight : 0.066667
2024-11-15 10:10:29,153 - fed_utils - INFO - client_dict[f_00009].weight : 0.066667
2024-11-15 10:10:29,153 - fed_utils - INFO - client_dict[f_00010].weight : 0.066667
2024-11-15 10:10:29,153 - fed_utils - INFO - client_dict[f_00011].weight : 0.066667
2024-11-15 10:10:29,153 - fed_utils - INFO - client_dict[f_00012].weight : 0.066667
2024-11-15 10:10:29,153 - fed_utils - INFO - client_dict[f_00013].weight : 0.066667
2024-11-15 10:10:29,153 - fed_utils - INFO - client_dict[f_00014].weight : 0.066667
2024-11-15 10:10:29,154 - fed_utils - INFO - recover secret number by clients: 1052426.333333
2024-11-15 10:10:29,154 - server_base - INFO - Server aggregate model with homomorphic encryption ...
2024-11-15 10:10:34,421 - server_base - INFO - Server aggregate model done, cost time : 0m:5s:267ms
2024-11-15 10:10:34,765 - fed_utils - INFO - decrypting key [conv1.weight].shape [torch.Size([6, 1, 5, 5])]
2024-11-15 10:10:34,779 - fed_utils - INFO - decrypting key [conv1.bias].shape [torch.Size([6])]
2024-11-15 10:10:34,779 - fed_utils - INFO - decrypting key [conv2.weight].shape [torch.Size([16, 6, 5, 5])]
2024-11-15 10:10:34,779 - fed_utils - INFO - decrypting key [conv2.bias].shape [torch.Size([16])]
2024-11-15 10:10:34,779 - fed_utils - INFO - decrypting key [fc1.weight].shape [torch.Size([120, 400])]
2024-11-15 10:10:34,780 - fed_utils - INFO - decrypting key [fc1.bias].shape [torch.Size([120])]
2024-11-15 10:10:34,780 - fed_utils - INFO - decrypting key [fc2.weight].shape [torch.Size([84, 120])]
2024-11-15 10:10:34,780 - fed_utils - INFO - decrypting key [fc2.bias].shape [torch.Size([84])]
2024-11-15 10:10:36,854 - fed_utils - INFO - decrypting key [fc3.weight].shape [torch.Size([10, 84])]
2024-11-15 10:10:36,877 - fed_utils - INFO - decrypting key [fc3.bias].shape [torch.Size([10])]
2024-11-15 10:10:36,877 - fed_utils - INFO - decrypt time : [0m:2s:455ms]
2024-11-15 10:10:36,884 - fl_main - INFO - [global round : 19] aggregated model accuracy : 0.9488000000000001
2024-11-15 10:10:36,885 - fl_main - INFO - [global round : 19] aggregated model loss : 0.2510242513801408
2024-11-15 10:10:36,885 - fl_main - INFO - global round : 20
2024-11-15 10:10:36,885 - fl_main - INFO - the random client id to test accuracy : f_00005
2024-11-15 10:10:36,886 - fl_main - INFO - ----- client id [f_00005] -----
2024-11-15 10:10:36,887 - client_base - INFO - recover model cost time : 0m:0s:0ms
2024-11-15 10:10:37,691 - fl_main - INFO - global round [20] client_dict[f_00005].accuracy : 0.950100
2024-11-15 10:10:38,493 - fl_main - INFO - Final accuracy : 0.950100
